tree
version=v4
num_class=1
num_tree_per_iteration=1
label_index=0
max_feature_idx=24
objective=lambdarank
feature_names=boat_number player_age win_rate_all top2_rate_all win_rate_local top2_rate_local motor_win_rate boat_win_rate exhibition_time wind_speed wave_height race_number distance player_class stadium_code weather wind_direction exhibition_time_rank_in_race exhibition_time_diff_mean motor_win_rate_rank_in_race motor_win_rate_diff_mean win_rate_all_rank_in_race win_rate_all_diff_mean top2_rate_local_rank_in_race top2_rate_local_diff_mean
feature_infos=[1:6] [17:77] [0:9.1600000000000001] [0:79.120000000000005] [0:9.7100000000000009] [0:100] [0:100] [0:90] [6.3700000000000001:7.6600000000000001] [0:12] [0:20] [1:12] [1200:1800] -1:2:1:0:3 -1:11:15:13:10:6:17:18:14:5:23:7:16:19:1:2:9:8:22:4:20:12:3:0:21 -1:0:1:2:3 -1:2:8:0:5:1:4:7:3:6 [1:6] [-0.25:0.27333333333333343] [1:6] [-47.916666666666664:81.481666666666669] [1:6] [-5.4316666666666675:3.6966666666666663] [1:6] [-48.483333333333327:72.5]
tree_sizes=3475 3448 3437 3464 3463 3437 3486 3445 3442 3442 3442 3466 3471 3453 3456 3470 3482 3449 3439 3445 3456 3433 3493 3471 3467 3440 3431 3437 3434 3471 3440 3446 3451 3457 3454 3456 3429 3476

Tree=0
num_leaves=31
num_cat=0
split_feature=0 22 0 21 0 22 0 22 22 22 18 21 22 0 18 0 18 18 22 11 2 3 17 5 18 12 2 0 24 3
split_gain=5007.18 551.067 235.266 165.239 149.529 63.1633 46.3654 40.4642 35.7855 34.5126 30.3353 25.0394 24.1979 22.4716 18.8665 17.7486 17.5891 16.6044 15.1657 15.0241 16.4255 13.3409 12.1227 11.7704 11.4976 10.7263 10.5128 10.4797 11.2312 9.79832
threshold=1.5000000000000002 0.67000000000000048 3.5000000000000004 3.5000000000000004 3.5000000000000004 -0.086666666666666434 4.5000000000000009 -0.79266666666666674 1.1808333333333334 1.2650000000000003 -0.024500000000000185 1.5000000000000002 -0.40833333333333294 2.5000000000000004 -0.068333333333332899 5.5000000000000009 -0.031833333333333151 -0.018166666666666661 -0.35833333333333311 9.5000000000000018 6.2950000000000008 32.935000000000009 2.5000000000000004 44.350000000000001 -0.0066666666666663757 1500.0000000000002 5.9050000000000011 4.5000000000000009 33.352500000000013 44.595000000000006
decision_type=2 2 2 2 2 2 2 2 2 2 2 2 2 2 2 2 2 2 2 2 2 2 2 2 2 2 2 2 2 2
left_child=3 2 5 11 9 10 12 -5 14 16 -2 -1 -4 19 -6 -16 -3 27 -8 20 -7 23 -20 25 -14 -9 -13 -10 -29 -19
right_child=1 4 6 7 8 13 18 21 17 -11 -12 26 24 -15 15 -17 -18 29 22 -21 -22 -23 -24 -25 -26 -27 -28 28 -30 -31
leaf_value=0.083715062043025479 -0.029718966306046587 0.028741521978525281 -0.077153147283873666 0.01523403556109449 0.010535903267989486 -0.0094009066483025094 -0.090540808855259253 -0.0064806082429452938 0.02854714782870417 0.037733827038015678 -0.061883830154499747 0.063506082622045018 -0.036178429491734602 -0.035867446013182029 -0.039409225754489408 -0.075812538025443674 -0.0069297485814523111 -0.049601260926105839 -0.062856166735551416 -0.033556561390755496 0.035915549278229396 0.060976136700218765 -0.082404642426198285 -0.017687215600148406 -0.059980815327273479 0.046266869389730542 0.076073115783108977 -0.01999553557192639 0.052069248790169824 -0.01705261684597191
leaf_weight=539.62614114582539 103.4511535000056 48.935057401657104 138.19755505863577 113.33003301918507 13.534378856420515 95.710497789084911 353.09197646845132 10.081891044974325 27.583604801446199 132.64617907069623 251.54075952246785 364.32097502797842 86.111457752995193 149.36356012709439 104.83140123542398 49.195689896121621 117.62219046056271 32.27242368273437 118.49668946117163 45.800570137798786 25.277168042957783 148.41232289373875 239.8042769683525 8.0181545019149763 123.49654419068247 218.881602011621 306.34879892319441 40.348068105056882 6.2430809503421179 81.548842750489712
leaf_count=1416 1218 395 1807 533 112 1039 4324 54 214 1004 3464 1183 915 1734 1102 555 1211 342 1274 547 198 491 2797 44 1443 823 875 364 42 766
internal_value=0.000394297 -0.0464122 -0.0611963 0.0657173 -0.00734223 -0.0380349 -0.0758721 0.0414977 -0.0292612 0.0187051 -0.0525104 0.0756975 -0.060911 -0.0217811 -0.046063 -0.0510363 0.00355059 -0.0142857 -0.0831867 -0.0091663 6.67665e-05 0.0492209 -0.0759396 0.041859 -0.0502023 0.0439443 0.0692465 0.00412168 -0.0103391 -0.0262813
internal_weight=4094.12 2385.1 1730.34 1709.02 654.761 671.144 1059.2 498.724 355.557 299.203 354.992 1210.3 347.806 316.152 167.561 154.027 166.557 187.996 711.393 166.788 120.988 385.394 358.301 236.982 209.608 228.963 670.67 74.1748 46.5911 113.821
internal_count=32286 26867 20760 5419 6107 8200 12560 1945 3497 2610 4682 3474 4165 3518 1769 1657 1606 1728 8395 1784 1237 1412 4071 921 2358 877 2058 620 406 1108
is_linear=0
shrinkage=0.05


Tree=1
num_leaves=31
num_cat=7
split_feature=0 22 3 0 0 22 22 21 17 18 22 14 22 14 3 14 14 18 14 20 18 14 23 14 6 18 0 18 3 22
split_gain=8146.92 1388.17 621.154 390.196 326.849 233.73 162.618 152.63 139.119 106.531 100.955 82.3479 77.5991 66.8729 66.0659 54.7439 51.5404 46.2124 46.0603 48.3876 43.317 39.2062 37.8048 37.4857 37.3316 37.0744 35.8889 35.536 34.7531 34.5023
threshold=1.5000000000000002 0.10166666666666703 29.355000000000004 4.5000000000000009 4.5000000000000009 0.9316666666666672 0.97666666666666713 1.5000000000000002 1.5000000000000002 -0.039999999999999584 -0.17916666666666667 0 -0.31916666666666677 1 38.485000000000007 2 3 0.013333333333334087 4 2.1899999999999999 -0.029166666666666782 5 2.5000000000000004 6 40.525000000000013 -0.10499999999999908 5.5000000000000009 0.036666666666666632 42.145000000000003 1.5818333333333336
decision_type=2 2 2 2 2 2 2 2 2 2 2 1 2 1 2 1 1 2 1 2 2 1 2 1 2 2 2 2 2 2
left_child=2 4 10 5 8 9 26 -4 16 -3 11 -1 -10 20 21 -14 -2 18 28 -20 -7 27 -12 -11 -17 -6 -5 -9 -8 -15
right_child=1 3 7 6 25 13 17 14 12 23 22 -13 15 29 -16 24 -18 -19 19 -21 -22 -23 -24 -25 -26 -27 -28 -29 -30 -31
leaf_value=-0.0085023427014724699 0.0051243926631661801 0.0082975763661507114 0.080371646007317527 -0.040671648559551389 -0.0099877889892073454 0.01811686700695651 -0.030619804673544183 0.064124927090568593 -0.057133646620719264 -0.010389069172117351 0.065150768199668266 0.025419842287142638 -0.017761882579838593 0.012513698659520676 0.065512231092290235 -0.055357440736353396 -0.0298726063060419 -0.036806998009316021 -0.039480594457629511 0.0081352438063252552 -0.015470260758550146 0.033261738561621318 0.031267719467550859 -0.027836687864840948 -0.017468101747861422 -0.075866318729593971 -0.063190019490157498 0.016120146783159126 0.027093942497401616 0.031634215527003455
leaf_weight=303.17958695441484 163.08858753740788 398.10902825370431 1176.3859836831689 387.09869388490915 21.745852656662464 145.66823238134384 32.642798468470573 416.58952069282532 1105.1938206870109 555.8299876973033 132.90965533256531 419.48574217408895 302.35649696737528 608.65554798208177 1185.3037807941437 360.47276216745377 293.47443812899292 166.59460045583546 133.59715937823057 88.830643627792597 281.5158910267055 420.67771591246128 216.29353225231171 820.82729936391115 79.314533121883869 1192.2851959373802 325.91289205104113 42.482720568776131 129.81902551278472 385.27777591720223
leaf_count=485 417 902 1336 1471 76 231 104 477 4689 1516 151 558 951 1184 1412 1375 966 556 410 214 645 564 287 2502 244 6171 1421 65 274 577
internal_value=-0.00027662 -0.030207 0.0550855 -0.0116848 -0.0536913 -0.00238249 -0.0351953 0.0659965 -0.042628 -0.0144822 0.0220893 0.0114226 -0.0487361 0.0127283 0.0578075 -0.0362307 -0.0179134 -0.0148071 -0.00528474 -0.0195839 -0.00392528 0.0474268 0.0441639 -0.0210698 -0.0474454 -0.0746863 -0.0509646 0.0584102 0.0145991 0.0197269
internal_weight=12291.6 7978.31 4313.31 4460.38 3517.93 3195.88 1264.5 3241.44 2303.9 1774.77 1071.87 722.665 1847.34 1421.12 2065.05 742.144 456.563 551.484 384.89 222.428 427.184 879.75 349.203 1376.66 439.787 1214.03 713.012 459.072 162.462 993.933
internal_count=32231 26896 5335 12007 14889 7557 4450 3854 8642 4920 1481 1043 7259 2637 2518 2570 1383 1558 1002 624 876 1106 438 4018 1619 6247 2892 542 378 1761
cat_boundaries=0 1 2 3 4 5 6 7
cat_threshold=1159835 13519360 2712614 739334 8511638 15141492 1122527
is_linear=0
shrinkage=0.05


Tree=2
num_leaves=31
num_cat=7
split_feature=0 22 3 0 22 22 22 0 17 17 14 14 20 14 22 2 14 14 4 22 17 7 20 20 22 14 24 2 7 14
split_gain=5904.03 1028.65 604.249 375.968 165.669 162.238 142.292 121.282 86.6172 59.5103 57.7025 52.0358 49.2721 52.5902 48.3332 47.765 43.1332 41.645 38.7524 40.2463 37.8371 35.9602 35.6671 35.4611 34.6457 34.2206 32.495 32.169 30.4335 28.9591
threshold=1.5000000000000002 0.57733333333333381 32.300000000000004 4.5000000000000009 -0.086666666666666434 -0.79266666666666674 1.6700000000000006 5.5000000000000009 3.5000000000000004 3.5000000000000004 0 1 7.1216666666666653 2 -0.46000000000000058 6.0850000000000009 3 4 5.0950000000000006 -0.57633333333333281 2.5000000000000004 40.250000000000007 -3.069166666666669 -1.0836666666666692 -0.2191666666666667 5 19.670000000000005 7.4150000000000009 40.82500000000001 6
decision_type=2 2 2 2 2 2 2 2 2 2 1 1 2 1 2 2 1 1 2 2 2 2 2 2 2 1 2 2 2 1
left_child=2 3 5 4 8 11 7 9 18 16 24 -1 13 -6 -5 -4 28 26 19 22 -16 -20 -2 -19 -7 27 -11 -8 -3 -21
right_child=1 6 15 14 12 10 25 -9 -10 17 -12 -13 -14 -15 20 -17 -18 23 21 29 -22 -23 -24 -25 -26 -27 -28 -29 -30 -31
leaf_value=-0.030881301612719819 -0.078883317652582177 -0.014530754227112769 0.058103358524346185 -0.074688080976488935 -0.036121074703868779 0.003220826856593216 0.026537163219116863 -0.040655679162213354 -0.056228974414058969 -0.011569167619993753 0.04501600419579687 0.010046601177746551 0.0045924172727913127 -0.013794797527491199 -0.040720669176676244 0.072278580549698837 0.010796617668077643 -0.046958839577519298 -0.027057480211000663 0.0030269547283815301 -0.06369233801536886 0.015103203906090082 -0.04185891603898103 -0.014064298801286802 0.031348191084631861 0.0097911091071421087 0.024745493690167698 0.074551465726705374 0.028120208353748552 -0.034869510639671662
leaf_weight=133.59154567867517 87.08880303427577 367.16507687047124 1055.9324785545468 577.24671423900872 459.18241847679019 193.05453823506832 152.49337207525969 258.02222135663033 691.06343435309827 258.91568209044635 499.40618279576302 163.55216736346483 188.25053143687546 713.20408826693892 275.97822867147624 1359.2853667959571 686.43958748877048 148.3932675011456 239.46091538667679 74.61312572285533 511.46865636017174 64.118821401149035 257.01620079576969 182.92736811563373 252.89021392911673 399.73236229643226 80.833950888365507 45.232268027961254 47.201715350151062 179.2401216533035
leaf_count=245 470 996 1558 3931 1756 319 281 1096 3531 764 703 260 564 2356 1291 1929 1581 534 919 236 2965 197 1165 570 384 825 173 61 100 717
internal_value=9.23655e-05 -0.0269839 0.051505 -0.0419939 -0.0319645 0.0231713 -0.00231579 -0.00862852 -0.0429106 -0.0039647 0.0333007 -0.00905516 -0.0191523 -0.022965 -0.0636979 0.0660812 0.00318978 -0.0157007 -0.0327015 -0.0400879 -0.0556414 -0.0181528 -0.0512293 -0.0279535 0.0187511 0.0191321 -0.00284536 0.0357148 -0.00944434 -0.0249853
internal_weight=10603 6945.29 3657.71 4317.93 2953.24 1242.49 2627.36 2029.9 1592.6 1771.88 945.351 297.144 1360.64 1172.39 1364.69 2415.22 1100.81 671.07 901.538 597.958 787.447 303.58 344.105 331.321 445.945 597.458 339.75 197.726 414.367 253.853
internal_count=32477 27079 5398 20098 11911 1911 6981 5814 7235 4718 1406 505 4676 4112 8187 3487 2677 2041 3704 2588 4256 1116 1635 1104 703 1167 937 342 1096 953
cat_boundaries=0 1 2 3 4 5 6 7
cat_threshold=1700042 1158054 6445528 984676 1679663 75553 2123796
is_linear=0
shrinkage=0.05


Tree=3
num_leaves=31
num_cat=0
split_feature=0 21 3 0 0 18 21 18 21 2 11 2 21 21 18 18 6 3 20 24 3 24 17 6 4 20 18 7 24 8
split_gain=5129.08 773.024 469.22 222.618 220.999 98.4864 86.3159 79.6728 61.8833 57.109 55.6378 47.2746 43.2591 39.7425 44.0207 38.8496 40.2875 37.3653 35.8767 38.159 35.4763 34.0832 40.1499 33.5104 32.5515 32.2113 32.1779 32.6585 44.3819 27.7606
threshold=1.5000000000000002 2.5000000000000004 32.640000000000008 4.5000000000000009 4.5000000000000009 -0.01666666666666616 3.5000000000000004 -0.015000000000000123 4.5000000000000009 5.9450000000000012 9.5000000000000018 6.1150000000000011 1.5000000000000002 4.5000000000000009 -0.0063333333333335231 0.010000000000000233 18.065000000000001 13.870000000000003 1.5808333333333329 8.1883333333333361 21.965000000000003 17.207500000000003 2.5000000000000004 34.965000000000011 4.0750000000000011 -5.5474999999999985 -0.080833333333333521 40.435000000000009 -1.8541666666666641 6.5850000000000009
decision_type=2 2 2 2 2 2 2 2 2 2 2 2 2 2 2 2 2 2 2 2 2 2 2 2 2 2 2 2 2 2
left_child=2 4 6 5 7 17 -1 24 23 -9 -11 29 -4 14 -5 16 -8 -3 21 -20 25 22 -13 -7 -2 -18 -19 -28 -29 -6
right_child=1 3 12 13 11 8 15 9 -10 10 -12 18 -14 -15 -16 -17 20 26 19 -21 -22 -23 -24 -25 -26 -27 27 28 -30 -31
leaf_value=0.046774327931439166 -0.021473467081833016 -0.058406329431271733 0.072883530347120626 -0.035164537655156571 0.047727708488631372 -0.041427791515584414 -0.04441525201548617 -0.023736489817028528 -0.053718943965223989 0.0084976491054224272 -0.023960696298661391 -0.020107856085000556 0.058406576311482189 -0.070984365506531269 -0.063908147006007485 -0.00063073988614153944 -0.037754140275494258 0.0080395858061059339 -0.03971065089470515 0.0078859439497811455 0.036770695560976806 -0.01262696742354464 -0.06978992062987785 -0.021699068562812493 0.015909363411824515 0.01810778844563769 -0.026378774863813566 -0.035888127826045439 0.026662190696204315 -0.048649483848747004
leaf_weight=318.77256258577108 62.701470170170069 61.247156700119376 865.69782205671072 230.37341189198196 7.6856372058391562 514.38948890008032 21.276782542467117 346.91946052759886 625.73682204633951 562.33523037284613 172.53273169696331 75.568229906260967 1277.4857110977173 532.08171145617962 315.80063798837364 243.33719809725881 29.2360799908638 104.23624597862363 57.383977945894003 158.20567024499178 316.78376314416528 131.09740931168199 88.044870778918266 370.10428644344211 817.07491783052683 219.93777744472027 605.71152948401868 46.505866631865501 72.67523380368948 268.43029570393264
leaf_count=512 186 349 1379 1228 15 2394 42 1217 3586 1394 649 267 2157 4159 2176 439 60 319 258 451 491 443 451 1485 1864 364 2408 203 193 1293
internal_value=-4.08167e-05 -0.0267288 0.0504317 -0.0423863 -0.00690699 -0.0339095 0.0246567 0.0020711 -0.0416856 -0.00701628 0.00087706 -0.0293011 0.0642543 -0.0612588 -0.0517842 0.016168 0.023129 -0.0207199 -0.0202835 -0.00478295 0.0256683 -0.0316226 -0.0468432 -0.0331726 0.0132451 0.0115534 -0.017936 -0.0216711 0.00225432 -0.0459668
internal_weight=9519.37 6226.84 3292.53 3478.86 2747.98 2400.61 1149.34 1961.56 1510.23 1081.79 734.868 786.416 2143.18 1078.26 546.174 830.572 587.234 890.376 510.3 215.59 565.958 294.711 163.613 884.494 879.776 249.174 829.129 724.893 119.181 276.116
internal_count=32432 26988 5444 18500 8488 10937 1908 5310 7465 3260 2043 3178 3536 7563 3404 1396 957 3472 1870 709 915 1161 718 3879 2050 424 3123 2804 396 1308
is_linear=0
shrinkage=0.05


Tree=4
num_leaves=31
num_cat=0
split_feature=0 22 3 0 0 22 22 18 22 22 22 21 18 20 18 21 6 22 11 0 18 22 5 18 24 24 11 6 1 7
split_gain=3797.89 745.584 512.082 181.592 175.025 120.165 114.974 78.6339 61.9577 53.859 36.3052 32.8913 31.1565 30.9688 28.1048 28.0334 30.3625 26.7452 26.5038 26.3247 24.8592 23.0344 22.6371 22.2408 22.1906 21.4902 19.8007 19.6436 19.9071 19.1077
threshold=1.5000000000000002 0.31416666666666654 32.640000000000008 4.5000000000000009 4.5000000000000009 1.1808333333333334 -0.22916666666666649 -0.061666666666666085 0.82816666666666638 -0.079999999999999835 -0.79266666666666674 1.5000000000000002 0.0016666666666664833 -0.8600000000000011 0.049166666666666366 2.5000000000000004 20.855 2.1536666666666675 9.5000000000000018 5.5000000000000009 0.024499999999999748 2.6100000000000003 17.320000000000004 -0.034999999999999691 8.0275000000000016 -11.579166666666666 8.5000000000000018 45.735000000000007 51.500000000000007 32.975000000000001
decision_type=2 2 2 2 2 2 2 2 2 2 2 2 2 2 2 2 2 2 2 2 2 2 2 2 2 2 2 2 2 2
left_child=2 3 6 7 5 12 10 22 -6 20 -1 -4 26 -11 21 -8 -17 -7 -15 -5 25 -10 -2 -12 -25 -9 -3 28 -14 -20
right_child=1 4 11 19 8 17 15 9 14 13 23 -13 27 18 -16 16 -18 -19 29 -21 -22 -23 -24 24 -26 -27 -28 -29 -30 -31
leaf_value=-0.007832507914097963 -0.033331648275225771 0.0051472376904466606 0.069951003169741705 -0.05200465397772 -0.044259182615667914 0.014101883572829875 0.060512629882321783 -0.049352693442916942 -0.013062019669505967 -0.036685033370703363 0.033404246355404975 0.056432180898475515 -0.015564638832306979 -0.0053809101313076124 -0.051033530571791746 -0.037576594569004723 0.034832286661103551 0.041073724376745085 -0.015429532938179422 -0.068998722285838074 -0.053659073080462062 0.047413002681619167 0.0057481240333244936 0.012456777239005708 -0.035865506276734613 -0.032150187861187736 -0.012962771400651866 0.01661153148740184 -0.047084677643589146 -0.062224511216476444
leaf_weight=281.09393570944667 48.70267740637064 492.34470399282873 749.87288755550981 487.27665293123573 282.5987188257277 673.30395799688995 111.41527007520199 271.1828773394227 419.67121217399836 273.24414255283773 122.40450228005648 1124.8413615226746 433.79904202930629 241.78785877302289 48.185418214648962 15.191225469112394 308.15968354046345 106.44008760526776 46.277002654969692 428.07801375864074 355.90248134639114 16.359622679650784 154.95396703109145 236.49604411423206 26.411474101245403 549.27784508187324 217.65735543891788 41.524566499516368 56.632208563387394 41.268591400235891
leaf_count=517 228 1439 1323 3679 1630 1593 186 1633 1589 1284 197 2125 1651 936 244 33 563 195 182 3557 2293 35 540 420 49 2857 804 135 254 215
internal_value=0.000178153 -0.0237721 0.0459435 -0.0415319 -0.00531533 0.0023994 0.0188808 -0.0330274 -0.0256552 -0.0363966 0.0058311 0.0618396 -0.00725941 -0.0242408 -0.0147975 0.0388832 0.0314305 0.0177837 -0.013916 -0.0599522 -0.0426232 -0.010793 -0.00359746 0.015799 0.00760236 -0.037836 -0.000404544 -0.0164086 -0.0192044 -0.0374885
internal_weight=8662.36 5686.47 2975.89 2897.95 2788.52 2021.7 1101.17 1982.6 766.815 1778.94 666.406 1874.71 1241.96 602.578 484.216 434.766 323.351 779.744 329.333 915.355 1176.36 436.031 203.657 385.312 262.908 820.461 710.002 531.956 490.431 87.5456
internal_count=32386 26973 5413 17404 9569 6071 1965 10168 3498 9400 1183 3448 4283 2617 1868 782 596 1788 1333 7236 6783 1624 768 666 469 4490 2243 2040 1905 397
is_linear=0
shrinkage=0.05


Tree=5
num_leaves=31
num_cat=7
split_feature=0 22 3 0 22 22 0 18 14 0 22 14 8 1 18 17 14 14 5 14 0 22 17 17 7 7 14 16 22 2
split_gain=3304.41 568.511 406.466 171.242 142.608 83.1227 82.7241 74.7871 58.1999 56.2087 46.7943 36.4728 34.7626 32.9819 31.4621 30.6378 30.2389 29.5129 29.4552 30.9222 28.3238 26.4951 25.2557 22.6895 23.5397 21.6206 21.1817 21.0933 21.8429 20.8483
threshold=1.5000000000000002 0.31416666666666654 32.640000000000008 4.5000000000000009 1.1808333333333334 -0.74999999999999944 4.5000000000000009 -0.016333333333333307 0 4.5000000000000009 -0.079999999999999835 1 6.5550000000000006 50.500000000000007 0.00083333333333346371 2.5000000000000004 2 3 37.470000000000006 4 5.5000000000000009 2.0033333333333339 2.5000000000000004 5.5000000000000009 32.175000000000004 38.905000000000008 5 6 0.87083333333333324 5.9250000000000007
decision_type=2 2 2 2 2 2 2 2 1 2 2 1 2 2 2 2 1 1 2 1 2 2 2 2 2 2 1 1 2 2
left_child=2 3 5 7 6 11 14 12 15 21 -9 13 -2 -1 18 -7 -8 22 25 -20 -5 -6 -11 24 27 -3 -16 -18 -29 -4
right_child=1 4 29 20 9 8 16 10 -10 17 -12 -13 -14 -15 26 -17 23 -19 19 -21 -22 -23 -24 -25 -26 -27 -28 28 -30 -31
leaf_value=-0.013963798657258098 0.050138325350992954 -0.020185819520292692 0.05201138738486584 -0.049421331554377029 0.010764271359244189 0.023198529193646875 -0.050298270234480358 -0.045718713351492642 0.038307844009660537 0.030927253747626983 -0.024503749193361398 0.011606718063741731 -0.01948508807984527 -0.085600535396321786 -0.007342499472666947 -0.011247710335830031 0.023834773377521261 -0.022344810885261111 0.020425318018221086 -0.0075932663121256521 -0.067957583841413302 0.034593570278954267 -0.012232668791883299 -0.060601399395718583 -0.029613306483231822 0.015026891758615313 -0.028714947924365644 -0.055498541167801368 0.01984873692287005 0.063563753265891351
leaf_weight=95.220866745337844 18.414594441652298 240.71749173663557 599.26314649730921 450.50156667130068 593.04648332856596 151.09804378822446 181.8060713019222 753.27708155941218 495.34309444576502 65.292143106460571 396.86834719032049 162.16512678936124 679.07310108654201 19.328859254717827 257.2776905503124 112.70116040483117 49.304319258779287 179.61927546001971 196.81458705849946 182.70026664435863 379.85275604017079 145.21210919879377 70.487615585327148 31.333527471870184 118.0261961594224 53.232195667922497 244.21755177155137 24.107364987954497 16.00431334413588 1121.2974018231034
leaf_count=204 47 875 1249 3685 1486 276 1132 5031 894 164 1891 287 3203 54 963 240 179 723 583 619 3543 289 262 227 647 158 1087 157 56 2229
internal_value=0.000200492 -0.0227948 0.0446422 -0.0390407 -0.00637233 0.0198968 -0.0157995 -0.0305646 0.0284482 0.0079031 -0.0383983 -0.00356299 -0.0176469 -0.02396 -0.00898794 0.00817249 -0.0348286 -0.00976525 -0.00192755 0.00727515 -0.0579009 0.0154514 0.00793701 -0.0201015 -0.0149531 -0.013809 -0.0184694 0.00439795 -0.0203597 0.0595401
internal_weight=8083.6 5327.19 2756.42 2677.99 2649.2 1035.86 1595.54 1847.63 759.142 1053.66 1150.15 276.715 697.488 114.55 1174.96 263.799 420.582 315.399 673.465 379.515 830.354 738.259 135.78 238.776 207.442 293.95 501.495 89.416 40.1117 1720.56
internal_count=32440 27007 5433 17400 9607 1955 6683 10172 1410 2924 6922 545 3250 258 4285 516 2398 1149 2235 1202 7228 1775 426 1266 1039 1033 2050 392 213 3478
cat_boundaries=0 1 2 3 4 5 6 7
cat_threshold=127114 1160739 14731106 9023626 9487183 1160876 496
is_linear=0
shrinkage=0.05


Tree=6
num_leaves=31
num_cat=1
split_feature=0 3 23 0 0 2 18 2 18 3 18 3 11 3 11 11 3 20 6 11 20 20 8 18 18 4 2 18 16 24
split_gain=2790.33 329.666 319.392 186.963 124.16 108.185 89.4528 49.502 38.0095 37.8988 39.6668 35.5707 32.7632 38.2871 29.46 28.786 28.1417 26.4932 24.4382 22.7985 20.4943 20.1144 19.5727 19.5248 18.8221 18.7334 18.4963 17.7215 17.4931 18.7164
threshold=1.5000000000000002 32.640000000000008 2.5000000000000004 4.5000000000000009 5.5000000000000009 4.8450000000000006 -0.010000000000000229 6.2950000000000008 -0.074499999999999997 21.965000000000003 0.026666666666666842 13.570000000000002 7.5000000000000009 41.365000000000009 11.500000000000002 5.5000000000000009 25.860000000000003 -2.2816666666666676 34.385000000000012 10.500000000000002 1.5808333333333329 3.7300000000000044 6.6350000000000007 -0.086666666666666434 -0.028000000000000021 2.3350000000000004 6.8350000000000009 0.0066666666666663774 0 8.1883333333333361
decision_type=2 2 2 2 2 2 2 2 2 2 2 2 2 2 2 2 2 2 2 2 2 2 2 2 2 2 2 2 1 2
left_child=1 9 4 5 6 11 19 17 -5 28 15 -4 13 -7 -9 -11 -10 -8 24 -2 26 23 -21 -13 -15 -18 -6 -19 -1 -30
right_child=2 -3 3 8 20 12 7 14 16 10 -12 21 -14 18 -16 -17 25 27 -20 22 -22 -23 -24 -25 -26 -27 -28 -29 29 -31
leaf_value=-0.0099004754169669789 0.012066712919513624 0.057005898523675158 -0.064624438651494684 -0.0085600543105299725 -0.059323747768256441 -0.016957062543458436 -0.036915572466058706 0.004488357345362618 -0.066483999644526351 0.043291634566634429 -0.0030931025994556799 0.010406903831895043 -0.023624593434474903 0.019419647224992367 -0.042933022161186329 0.019454617452767026 -0.020704219752161367 0.0039531666139158731 0.023045929946888543 0.048083910843197381 -0.02138054219743514 -0.020178981355991887 -0.02210523472558084 -0.041841195371786731 -0.020569172283365144 -0.050703756060442778 -0.021144604876690773 -0.021160874035186773 0.0097089677198326264 0.053872343006450454
leaf_weight=103.62898391485214 797.56336300447583 1578.2677276395261 113.4589192615822 47.835981123149395 121.38746295589954 409.23937054164708 201.52941234782338 378.98785894177854 302.7243291772902 290.71383394673467 89.867495100945234 18.620724271982908 579.32694114372134 43.754913214594126 35.848899878561497 224.42971213161945 58.914675960317254 97.469877794384956 128.84516347199678 11.263615246862171 108.94281057268381 182.01101577281952 84.03243256919086 449.92748820688576 89.855700094252825 445.89476597867906 42.946295913308859 251.47303168382496 230.00646224431694 26.784044906497002
leaf_count=237 2440 3489 935 289 898 1897 1085 1274 3275 534 202 72 2904 132 206 458 374 418 403 37 592 1059 402 2988 376 3569 174 1210 468 47
internal_value=0.000290928 0.0429278 -0.0213921 -0.0322797 -0.0067298 -0.0239657 -0.00210191 -0.0126526 -0.0518654 0.0199132 0.0275593 -0.0387906 -0.0149119 -0.00739724 0.00039035 0.0329067 -0.0544307 -0.0224819 0.00750909 0.00930495 -0.0381976 -0.0342851 -0.0138092 -0.0397648 -0.0074736 -0.0472026 -0.0493462 -0.0141458 0.00707804 0.0137788
internal_weight=7545.55 2543.7 5001.86 2870.41 2131.45 2015.04 1858.17 965.309 855.37 965.431 605.011 764.018 1251.02 671.695 414.837 515.144 807.534 550.472 262.456 892.859 273.277 650.559 95.296 468.548 133.611 504.809 164.334 348.943 360.419 256.791
internal_count=32444 5435 27009 18273 8736 10766 7072 4193 7507 1946 1194 5054 5712 2808 1480 992 7218 2713 911 2879 1664 4119 439 3060 508 3943 1072 1628 752 515
cat_boundaries=0 1
cat_threshold=4
is_linear=0
shrinkage=0.05


Tree=7
num_leaves=31
num_cat=6
split_feature=0 21 3 0 0 21 21 18 14 21 5 3 18 3 14 18 14 4 9 18 5 6 14 21 18 14 14 5 6 21
split_gain=2239.32 408.287 376.805 131.417 82.2842 72.3608 68.4373 44.9441 41.9882 39.9761 32.0106 30.7117 30.6027 28.7939 28.6512 26.8521 34.2892 25.911 25.1712 24.9757 24.4546 24.2044 26.3389 22.9939 22.7988 21.8854 21.6791 23.895 21.7267 21.1635
threshold=1.5000000000000002 3.5000000000000004 32.640000000000008 4.5000000000000009 4.5000000000000009 1.5000000000000002 2.5000000000000004 0.024499999999999748 0 1.5000000000000002 15.075000000000001 32.640000000000008 -0.07633333333333335 17.260000000000002 1 0.0036666666666667074 2 6.8450000000000006 3.5000000000000004 -0.055000000000000153 22.605 32.185000000000009 3 3.5000000000000004 0.0054999999999996172 4 5 19.780000000000005 43.615000000000009 1.5000000000000002
decision_type=2 2 2 2 2 2 2 2 1 2 2 2 2 2 1 2 1 2 2 2 2 2 1 2 2 1 1 2 2 2
left_child=2 3 6 5 7 14 -1 10 23 -5 -3 -7 -12 20 -2 16 -13 24 -14 -11 -10 -17 -23 -8 25 -16 28 -28 -20 -4
right_child=1 4 29 9 -6 11 8 -9 13 19 12 15 18 -15 17 21 -18 -19 26 -21 -22 22 -24 -25 -26 -27 27 -29 -30 -31
leaf_value=0.053354202797306738 -0.0095904526439682999 -0.042568197881651892 0.062470322361456401 -0.014542421306719587 -0.055577099368000399 -0.023500765826141357 0.022025838302670589 -0.048676758596144405 -0.022940701050744628 -0.0051527544801322836 0.012083989006851805 0.011928655889178769 -0.032551048890927879 0.024270035692196545 -0.0038800252359225771 -0.031410104345030013 -0.011651508796154593 0.028207770506257175 -0.0038659837820271973 -0.041490129605368298 0.032724269531820886 0.011768078996204259 -0.019661799265166383 -0.0120054519767434 -0.0075464319308818795 0.025054723133009434 0.028119354380536206 -0.035790150153285481 0.058380062345765607 0.050088565587131977
leaf_weight=98.057329710572958 166.18241157010198 236.22493750602007 577.74085592105985 372.32494957186282 553.42843908257782 322.4285735739395 61.68940619751811 313.45641048345715 66.481100622564554 54.090201310813427 62.709713499993086 320.45962003059685 378.6885894536972 398.88853613659739 101.33538068458438 152.81966330111027 279.11174094676971 206.17913842946291 93.763153919018805 376.02845684578642 28.057349555194378 110.84997470863163 142.29846540093422 254.03579815849662 171.60503959283233 183.91012144461274 16.960177075117826 106.25597953423858 16.483229298144579 857.10755554959178
leaf_count=205 622 1700 1339 1659 5936 1644 134 2495 149 276 237 1092 2380 839 315 800 1133 544 481 2883 53 427 676 562 561 459 80 667 49 2100
internal_value=-0.000867631 -0.0206392 0.039127 -0.00926248 -0.039577 -0.00283647 0.013905 -0.0323458 0.00912439 -0.0265373 -0.0267272 -0.0100728 -0.0211823 0.0180246 0.00875236 -0.00576707 0.000956268 0.013294 -0.0245902 -0.0369205 -0.00642032 -0.0156967 -0.00621094 -0.00519166 0.00685426 0.0155178 -0.0116773 -0.024967 0.00498813 0.0550741
internal_weight=7079.65 4737.59 2342.06 2959.62 1777.97 2157.18 907.21 1224.54 809.152 802.444 911.086 1327.97 674.861 493.427 829.212 1005.54 599.571 663.03 612.151 430.119 94.5385 405.968 253.148 315.725 456.851 285.246 233.463 123.216 110.246 1434.85
internal_count=32497 27116 5381 13091 14025 8273 1942 8089 1737 4818 5594 5772 3894 1041 2501 4128 2225 1879 3657 3159 202 1903 1103 696 1335 774 1277 747 530 3439
cat_boundaries=0 1 2 3 4 5 6
cat_threshold=1160330 8798736 8442783 8438966 3147236 4866167
is_linear=0
shrinkage=0.05


Tree=8
num_leaves=31
num_cat=6
split_feature=0 22 2 0 22 0 22 20 14 18 14 17 22 14 11 21 14 1 17 24 0 2 20 14 7 8 7 7 8 14
split_gain=1896.13 394.74 280.331 155.582 77.7978 72.0202 69.1283 53.3705 41.901 37.6566 33.791 33.1503 32.9501 30.9942 29.2567 28.3645 27.8914 26.5411 26.3176 23.5057 23.4123 22.4943 21.7086 24.4118 23.1528 21.4899 21.3235 20.7827 20.2363 19.6399
threshold=1.5000000000000002 0.65916666666666679 5.4650000000000007 4.5000000000000009 -0.35833333333333311 3.5000000000000004 -0.086666666666666434 2.0641666666666674 0 -0.063333333333333006 1 3.5000000000000004 1.3116666666666672 2 9.5000000000000018 4.5000000000000009 3 50.500000000000007 2.5000000000000004 -6.1850000000000005 2.5000000000000004 5.6750000000000007 -0.69183333333333497 4 38.905000000000008 6.8950000000000005 34.745000000000012 37.320000000000007 6.8050000000000006 5
decision_type=2 2 2 2 2 2 2 2 1 2 1 2 2 1 2 2 1 2 2 2 2 2 2 1 2 2 2 2 2 1
left_child=2 3 4 6 8 12 11 13 14 -8 21 -2 16 17 26 18 -3 25 -5 28 22 -9 24 -24 -11 -7 -1 -15 -6 -14
right_child=1 5 -4 15 19 7 9 10 -10 20 -12 -13 29 27 -16 -17 -18 -19 -20 -21 -22 -23 23 -25 -26 -27 -28 -29 -30 -31
leaf_value=-0.0094362890658353862 -0.023970488063768742 0.015260236055284452 0.054048877882672264 -0.025302960852685366 0.028000569680313094 0.0072800079265358869 0.015641072745540996 -0.034554518824091406 0.013774064891777092 -0.030392440106919313 -0.010701244612945145 -0.042569331156636747 0.001608377860417324 -0.040864806300613281 0.047766300209951512 -0.059371276894592595 -0.0083449885067147494 -0.058327546408395825 -0.049637099074556046 0.037548330009917551 -0.022445978998091167 0.028857647177498419 -0.015698080442518386 0.019504682389989449 0.014442963298930998 -0.034625769572470898 -0.0494346119512412 -0.0097132937338929564 -0.014275049674464147 0.029252513344580122
leaf_weight=81.910226497799158 578.01576315518469 224.92917243205011 1239.1217577643692 179.99634034745395 76.758070845156908 173.55592338740826 102.26180638559163 15.441138133406637 312.09580156765878 119.79627391695976 145.21183712594211 409.18743056990206 96.955157743766904 190.93823025003076 15.022917240858076 334.45777194667608 258.98844339884818 21.580023363232613 290.3266935525462 395.24999953061342 581.49870823975652 148.31587622687221 74.252694461494684 111.23263878189027 37.904607903212309 37.140076726675034 56.170677602291107 74.404340775683522 44.844514075666666 265.43645330704749
leaf_count=195 3699 706 3159 1330 180 682 382 92 658 654 658 3498 277 1019 32 4160 1032 111 2906 919 3079 459 375 438 160 192 142 330 117 646
internal_value=0.000474405 -0.0182817 0.0382355 -0.029657 0.0182827 0.00111836 -0.0222319 -0.00957251 0.00344896 -0.0131499 0.00674996 -0.0316796 0.0113075 -0.019707 -0.0173639 -0.04824 0.00276983 -0.00528829 -0.0403242 0.031634 -0.0163339 0.0215616 -0.00597765 0.00561769 -0.0196159 -0.000106861 -0.0257074 -0.0309628 0.0124102 0.0227081
internal_weight=6693 4471.83 2221.17 2818.93 982.052 1652.9 2014.15 806.587 465.2 1026.95 308.969 987.203 846.309 497.619 153.104 804.781 483.918 232.276 470.323 516.853 924.685 163.757 343.186 185.485 157.701 210.696 138.081 265.343 121.603 362.392
internal_count=32287 26885 5402 20681 2243 6204 12285 3543 1027 5088 1209 7197 2661 2334 369 8396 1738 985 4236 1216 4706 551 1627 813 814 874 337 1349 297 923
cat_boundaries=0 1 2 3 4 5 6
cat_threshold=1160322 1258142 7709322 42901 3438945 2409094
is_linear=0
shrinkage=0.05


Tree=9
num_leaves=31
num_cat=7
split_feature=0 22 22 0 0 22 22 21 14 18 22 20 18 8 14 8 14 6 14 22 14 14 22 17 23 4 14 24 6 22
split_gain=1653.95 379.554 213.391 153.12 70.0153 58.0423 47.4491 36.7384 33.5128 33.424 32.606 31.5245 26.133 23.7492 22.5008 21.6541 25.3909 21.0299 19.7594 19.4406 20.5736 19.282 20.5532 19.2555 19.8526 20.5919 19.0165 18.8617 18.6993 18.6492
threshold=1.5000000000000002 0.74733333333333418 -0.034999999999999691 4.5000000000000009 3.5000000000000004 -0.053333333333333226 -0.79266666666666674 2.5000000000000004 0 -0.015499999999999845 2.1536666666666675 2.0641666666666674 -0.026666666666665947 6.6350000000000007 1 6.7650000000000006 2 18.810000000000006 3 -0.32833333333333264 4 5 2.0033333333333339 4.5000000000000009 2.5000000000000004 5.3950000000000005 6 21.247333333333341 48.035000000000004 -0.98166666666666613
decision_type=2 2 2 2 2 2 2 2 1 2 2 2 2 2 1 2 1 2 1 2 1 1 2 2 2 2 1 2 2 2
left_child=2 3 6 5 10 9 18 -4 -8 -2 26 13 19 -6 28 16 -7 -9 -1 -5 -21 -15 -23 24 -16 -26 -3 -24 -13 -11
right_child=1 4 7 12 11 15 8 17 -10 29 -12 14 -14 21 23 -17 -18 -19 -20 20 -22 22 27 -25 25 -27 -28 -29 -30 -31
leaf_value=0.013076369100694608 -0.018627160870869117 0.017277271723790646 0.053990651530549487 -0.052467710362386968 0.030166504937570993 0.019773969966025175 0.036326697085825303 -0.018816694077451204 0.010198185527981702 -0.053064447886061072 0.048450725251569945 -0.0057403512912568115 -0.05282401585280655 -0.0079874129395927189 0.034058495135182464 -0.01893450970187106 -0.010224150922488441 0.03825148074244443 -0.015787623175040358 0.01512843060633127 -0.029556395272884242 -0.040243229535269959 -0.051752541681803377 -0.017407155418830852 0.023083480812386793 -0.064163445785366077 0.00048949250453992905 0.024899513784138683 -0.066498776029056142 -0.032472365432956708
leaf_weight=93.100433753803372 386.22928311815485 394.13963047973812 933.16494474932551 71.707685248460621 25.207694860175252 79.862227212637663 253.20964148640633 16.859772238880396 281.1978758610785 145.67149785347283 60.753469582647085 93.62096949107945 581.85168280266225 213.5757749537006 110.2206471376121 621.4260695790872 325.82274807523936 379.83432254567742 131.45567957311869 30.461288028396666 94.134992009028792 158.25646234210581 11.66634684987366 34.14092592895031 16.263951070606712 11.576886706054209 301.59828675165772 25.716408405452967 14.644294122233985 448.39406348951161
leaf_count=204 2350 1179 2523 896 76 310 595 52 670 1453 130 370 6814 986 339 3307 1604 1008 323 177 747 927 51 169 62 57 1045 71 87 3653
internal_value=5.84266e-05 -0.0178225 0.0364992 -0.0286734 0.00271988 -0.0213747 0.0153448 0.0485722 0.0234488 -0.0300774 0.0133227 -0.00849994 -0.0475018 -0.0169364 0.00456746 -0.0130687 -0.00408339 0.035826 -0.00394142 -0.0317267 -0.0197898 -0.0198379 -0.0307927 0.0153251 0.0245294 -0.0131959 0.0102552 0.00097807 -0.0127784 -0.0375218
internal_weight=6345.77 4256.94 2088.82 2785.56 1471.38 2007.41 758.964 1329.86 534.408 980.295 756.491 714.89 778.156 434.423 280.468 1027.11 405.685 396.694 224.556 196.304 124.596 409.215 195.639 172.202 138.061 27.8408 695.738 37.3828 108.265 594.066
internal_count=32235 26860 5375 21311 5549 12677 1792 3583 1265 7456 2354 3195 8634 2111 1084 5221 1914 1060 527 1820 924 2035 1049 627 458 119 2224 122 457 5106
cat_boundaries=0 1 2 3 4 5 6 7
cat_threshold=13044548 7192613 8915459 16666761 4278400 3778703 1700336
is_linear=0
shrinkage=0.05


Tree=10
num_leaves=31
num_cat=5
split_feature=0 22 3 0 22 3 0 18 14 14 6 14 24 18 3 14 20 22 0 17 21 22 14 18 1 0 18 18 22 20
split_gain=1441.18 306.845 246.799 113.678 53.5415 49.1856 44.303 33.928 36.0411 31.9328 31.9218 30.44 27.9059 24.355 23.454 23.1999 22.1002 21.4889 22.5631 21.1892 19.9256 19.5205 19.7348 19.1163 17.8941 17.2751 18.4094 17.0902 16.6858 15.6716
threshold=1.5000000000000002 0.73550000000000015 31.470000000000002 4.5000000000000009 -0.22916666666666649 30.040000000000003 4.5000000000000009 -0.015000000000000123 0 1 20.855 2 -3.083666666666669 -0.080833333333333521 25.860000000000003 3 -7.6324999999999958 1.4650000000000003 3.5000000000000004 5.5000000000000009 1.5000000000000002 2.248333333333334 4 0.039166666666666579 34.500000000000007 5.5000000000000009 0.018333333333333982 0.064999999999999961 -0.74999999999999944 -4.1316666666666686
decision_type=2 2 2 2 2 2 2 2 1 1 2 1 2 2 2 1 2 2 2 2 2 2 1 2 2 2 2 2 2 2
left_child=2 3 4 5 9 12 7 21 16 28 -6 19 -2 -7 -5 23 -9 -10 -19 -8 -4 22 -3 24 -15 26 -16 -11 -1 -14
right_child=1 6 20 14 10 13 11 8 17 27 -12 -13 29 15 25 -17 -18 18 -20 -21 -22 -23 -24 -25 -26 -27 -28 -29 -30 -31
leaf_value=0.0035149889574904213 -0.038218992036928655 0.00020966430699099451 0.05650320625112009 -0.056774272803271776 -0.035966953581205698 0.015987050536000923 0.013484994900699307 -0.034651389362576716 -0.025563728449790147 -0.0039874291318469741 0.034594731477304075 -0.021953706453758524 -0.03985614659703219 0.01557892643456233 -0.019714293354699351 -0.021949983812451172 0.016186242487544605 0.020463878222127693 -0.030995401423577679 -0.053193427348175254 0.043361130653895755 0.054645494970755194 0.021939073128380521 -0.02976391130522742 -0.0093639407951431452 -0.048492075055803836 -0.047864401324213823 -0.05496966361169478 0.036141419253760201 -0.014052433945906832
leaf_weight=71.433638699352741 476.34386077616364 177.00796124152839 457.90976636856794 252.58294527046382 17.122840531170368 63.284815486520529 124.84504623152316 23.484659293666482 171.75692940317094 320.03389039449394 250.76760399714112 269.82030837330967 74.96359202824533 109.13688966818154 171.6123181860894 615.16053050104529 238.30483735352755 65.924890095368028 31.470070011913776 13.171804511919616 779.21134169213474 31.370479229837656 270.88165123946965 69.629628520458937 210.7705739364028 211.59174130484462 87.789600407704711 17.328063771128654 86.811153635382652 273.61006107367575
leaf_count=162 4134 563 1341 3618 41 247 502 88 840 747 617 1560 559 503 1520 3812 797 207 119 93 2296 67 805 483 1135 2417 1029 44 182 1774
internal_value=-0.000268141 -0.0174738 0.0344294 -0.0276251 0.0120751 -0.0211815 0.00125661 0.00687203 -0.00183375 0.00234044 0.0300846 -0.0126526 -0.0303522 -0.014098 -0.0444817 -0.015993 0.0111979 -0.0143904 0.00383646 0.00664033 0.0482256 0.0165166 0.013846 -0.00587144 -0.000854646 -0.0378895 -0.0292412 -0.00641587 0.0201407 -0.0196017
internal_weight=6035.13 4034.52 2000.62 2616.48 763.497 1892.9 1418.04 1010.2 530.941 495.607 267.89 407.837 824.918 1067.98 723.577 1004.7 261.789 269.152 97.395 138.017 1237.12 479.26 447.89 389.537 319.907 470.994 259.402 337.362 158.245 348.574
internal_count=32302 26872 5430 21231 1793 12647 5641 3486 2051 1135 658 2155 6467 6180 8584 5933 885 1166 326 595 3637 1435 1368 2121 1638 4966 2549 791 344 2333
cat_boundaries=0 1 2 3 4 5
cat_threshold=1094814 13502469 8986762 50734 265685
is_linear=0
shrinkage=0.05


Tree=11
num_leaves=31
num_cat=5
split_feature=0 22 3 0 0 22 22 21 18 14 18 18 17 11 18 14 22 20 18 14 7 20 24 14 23 20 14 8 3 20
split_gain=1237.69 275.536 223.226 101.315 49.006 48.9436 44.0994 42.0444 30.4863 30.1682 31.1602 25.5858 22.1228 22.0016 21.4026 21.2676 21.0848 20.0385 20.7096 20.3594 19.3212 18.3677 18.1247 17.251 19.9856 17.1692 16.9929 16.7422 16.1919 16.1516
threshold=1.5000000000000002 0.65916666666666679 32.640000000000008 4.5000000000000009 5.5000000000000009 -0.086666666666666434 1.1100000000000001 3.5000000000000004 -0.01666666666666616 0 0.026666666666666842 -0.048166666666666906 2.5000000000000004 3.5000000000000004 -0.098166666666666721 1 2.1536666666666675 7.1216666666666653 0.038333333333332671 2 41.165000000000006 3.8958333333333344 16.081666666666671 3 4.5000000000000009 0.6100000000000031 4 6.785000000000001 19.495000000000005 7.9133333333333331
decision_type=2 2 2 2 2 2 2 2 2 1 2 2 2 2 2 1 2 2 2 1 2 2 2 1 2 2 1 2 2 2
left_child=2 3 7 5 6 8 14 -1 -2 20 28 26 -5 -12 -3 -8 -6 18 19 22 25 -10 -13 -16 -25 -9 -7 -24 -11 -27
right_child=1 4 -4 12 16 11 15 9 21 10 13 17 -14 -15 23 -17 -18 -19 -20 -21 -22 -23 27 24 -26 29 -28 -29 -30 -31
leaf_value=0.033055807348514751 -0.017342068210732638 0.042458868440130727 0.047728472512396286 -0.031075910739608942 -0.028359648410981077 -0.024670687194472671 0.022617113670671041 0.008101125828032003 -0.042127044878954661 0.0067089929025384472 0.018647514618195353 -0.033307033221718005 -0.050327695648362793 -0.039087930680971252 -0.018312001232861887 0.005158016103521481 0.021750574955852406 0.0042906282193042938 -0.037541497252155241 -0.0055822990996222503 -0.0563035886445995 -0.020406462924203856 -0.037656664387290199 0.0043397547212076911 -0.045275555517087188 -0.030986261172901975 0.014509940254764229 0.037003739172075729 0.033234063584814198 0.013473095243625239
leaf_weight=195.23105439543724 344.2281276807189 21.220918670296669 1104.0312954392284 232.43468406097963 173.72905931435525 25.943744933232665 287.75026366487145 147.77677039988339 381.38911063456908 85.727205047383904 29.432042118161917 184.59796723723412 416.82736335508525 37.557491142302752 234.57794219441712 470.69004209153354 23.877330545336008 105.68003869708627 124.18476043641567 299.80893591791391 18.082210900261998 130.68123409710824 12.352481339126827 244.96400458738208 22.130384720861912 73.309376213699579 121.39337721094489 19.149157322943211 174.94482149928808 28.319645777344704
leaf_count=520 2269 59 3472 2503 1123 148 875 328 3858 208 66 1178 5877 103 1187 1693 82 515 882 1602 55 1145 76 1032 122 204 521 75 401 59
internal_value=8.11352e-05 -0.0161022 0.0332063 -0.0265679 0.00087193 -0.0203077 0.00444621 0.0129211 -0.0288488 0.00631622 0.0161998 -0.0121187 -0.0434356 -0.0137217 -0.00672523 0.0121482 -0.0223047 -0.0158803 -0.0192105 -0.014798 -0.00616591 -0.0365839 -0.0261167 -0.00880573 0.000220568 -0.00277809 0.00692122 0.00772776 0.0245108 -0.0185973
internal_weight=5772.02 3877.61 1894.41 2398.67 1478.94 1749.41 1281.33 790.381 856.298 595.15 327.662 893.11 649.262 66.9895 522.893 758.44 197.606 745.773 640.093 515.909 267.488 512.07 216.1 501.672 267.094 249.406 147.337 31.5016 260.672 101.629
internal_count=32238 26822 5416 20649 6173 12269 4968 1944 7272 1424 778 4997 8380 169 2400 2568 1205 4328 3813 2931 646 5003 1329 2341 1154 591 669 151 609 263
cat_boundaries=0 1 2 3 4 5
cat_threshold=2225290 4288649 15993264 13068370 1075280
is_linear=0
shrinkage=0.05


Tree=12
num_leaves=31
num_cat=7
split_feature=22 18 22 18 22 14 18 24 18 14 18 3 23 14 18 22 2 14 20 3 3 16 20 11 14 6 20 2 14 24
split_gain=325.571 133.641 80.1418 59.3049 49.5347 42.4142 30.2961 29.8774 23.2541 21.1061 20.7885 19.8655 18.5986 17.4721 16.2842 15.6371 17.1913 19.0039 15.188 17.5056 15.0307 13.3618 15.8266 12.9501 14.5855 15.8546 12.1721 11.8985 11.6438 17.8618
threshold=-0.053333333333333226 0.0066666666666672656 -1.1749999999999994 -0.026666666666665947 0.94666666666666688 0 -0.063333333333333894 9.4125000000000014 0.055000000000000167 1 -0.049999999999999371 44.595000000000006 2.5000000000000004 2 0.0099999999999993445 1.1100000000000001 6.9750000000000005 3 -5.6183333333333332 2.7200000000000006 26.455000000000002 4 -7.4658333333333298 4.5000000000000009 5 37.275000000000013 8.0900000000000034 4.4150000000000009 6 1.2175000000000014
decision_type=2 2 2 2 2 1 2 2 2 1 2 2 2 1 2 2 2 1 2 2 2 1 2 2 1 2 2 2 1 2
left_child=2 4 7 21 6 11 -2 14 28 -8 -6 26 -11 -12 18 -7 17 -17 -1 -20 27 23 -23 -4 25 -25 -3 -14 29 -5
right_child=1 5 3 8 10 15 9 -9 -10 12 13 -13 20 -15 -16 16 -18 -19 19 -21 -22 22 -24 24 -26 -27 -28 -29 -30 -31
leaf_value=-0.066535547506108669 0.024905891318363047 -0.0023380389611323995 0.022908941018245355 -0.035220785749092223 0.034239813141951417 -0.014951864314775099 -0.0063532449783149179 0.035450614296172245 -0.039385636296533487 0.017247374489919292 0.0069210444250729104 0.029771336400156997 0.0044579959820182091 0.024540066028234456 -0.056495979812889056 -0.021781847937974844 0.02210229867323335 0.0079559352287843759 -0.065923608442577872 -0.019553829807688869 0.0057898368459571555 -0.051416574707056399 -0.0034173305661652632 -0.037581107872935615 0.012325716652011705 0.015183619891429587 0.03387531485886152 -0.045197211121953622 -0.01221766905371763 -0.007578462277427281
leaf_weight=28.804116552462801 252.02589601185173 178.62577762268484 106.8370104143396 183.53673378750682 319.60398364253342 632.566606243141 271.00249755382538 12.655228538438676 126.52036677487195 416.69169061165303 242.393574828282 97.547307758592069 21.456928433850408 449.33343402203172 129.05096110934392 100.39810473099351 63.956714374944568 99.355160946026444 24.209034498780966 127.81705953273922 422.17355955950916 18.578847547061741 227.03250712435693 41.462381949648261 94.215400473214686 21.681168095208704 26.668771697208285 27.560332134366035 648.09606437617913 85.742564425803721
leaf_count=316 1027 1021 452 1623 999 4260 1437 68 1357 1913 912 400 123 1614 1647 484 251 396 389 1099 2240 146 1282 284 504 118 119 188 4976 639
internal_value=-0.000268109 0.00849009 -0.0171725 -0.0124642 0.0152482 -0.00516147 0.00919463 -0.0398528 -0.0192908 0.00577786 0.0236936 0.0108358 0.00944573 0.0188209 -0.0429281 -0.0105697 -0.000459072 -0.00768274 -0.0332453 -0.0269379 0.00274691 0.00151419 -0.00677241 0.00912869 0.000352861 -0.0168026 0.00236625 -0.023461 -0.0165194 -0.0254731
internal_weight=5497.6 3621.36 1876.24 1553.7 2422.24 1199.12 1410.91 322.536 1043.9 1158.89 1011.33 302.842 887.883 691.727 309.881 896.277 263.71 199.753 180.83 152.026 471.191 509.807 245.611 264.196 157.359 63.1436 205.295 49.0173 917.375 269.279
internal_count=32284 17384 14900 11381 10453 6931 6928 3519 8595 5901 3525 1540 4464 2526 3451 5391 1131 880 1804 1488 2551 2786 1428 1358 906 402 1140 311 7238 2262
cat_boundaries=0 1 2 3 4 5 6 7
cat_threshold=1147936 139324 2295728 13259096 425 2483241 1527810
is_linear=0
shrinkage=0.05


Tree=13
num_leaves=31
num_cat=7
split_feature=22 18 22 22 18 18 14 21 24 5 14 1 20 24 24 14 1 14 14 14 6 10 18 7 11 18 5 13 22 7
split_gain=263.24 100.687 53.4607 47.0435 45.1815 30.8899 25.0346 23.845 21.6345 18.1625 17.0533 16.0013 15.7198 14.6043 16.1411 15.0348 14.6752 14.1526 14.099 13.9773 17.7985 14.9725 18.235 13.8934 12.9003 13.6337 12.8151 12.5857 12.7302 12.3713
threshold=0.56666666666666698 -0.023333333333332981 -0.79266666666666674 -0.98166666666666613 0.028333333333332881 0.046000000000000714 0 1.5000000000000002 2.2490000000000028 1.0000000180025095e-35 1 22.500000000000004 15.815833333333336 -17.394999999999996 -7.5849999999999964 2 24.500000000000004 3 4 5 34.260000000000012 6.5000000000000009 0.12550000000000019 50.465000000000011 10.500000000000002 -0.020000000000000902 60.685000000000009 6 0.50000000000000056 60.555000000000007
decision_type=2 2 2 2 2 2 1 2 2 2 1 2 2 2 2 1 2 1 1 1 2 2 2 2 2 2 2 1 2 2
left_child=1 3 9 8 7 17 -5 -2 13 -3 -6 -11 -8 15 -15 16 -1 23 -9 -7 -21 22 -22 24 25 -4 -12 28 -19 -13
right_child=4 2 5 6 10 19 12 18 -10 11 26 29 -14 14 -16 -17 -18 27 -20 20 21 -23 -24 -25 -26 -27 -28 -29 -30 -31
leaf_value=-0.035579350230485328 0.020547814098367968 -0.049446087903439108 -0.064645204673115936 0.015290790616744557 0.012280559955984753 -0.041681467357491897 -0.0026599522111002455 0.015395567174455822 0.02839058259884604 0.013014788170101842 -0.013881569099472661 -0.030361924615543014 0.030531034257108864 -0.072950040135601663 -0.019872138588989015 -0.036574442528283978 0.033840758376244874 -0.017636367728574014 0.0014517480380071245 -0.030990983634992544 -0.016906590065244833 0.044860515214465449 0.08171195172825528 -0.068187861973041011 -0.02167753979148444 0.0038495036004409923 0.022187992020002045 -0.0061909686202286998 -0.077484239597356425 0.060513854784548786
leaf_weight=11.309521272778509 1114.2468988504261 110.58838576730341 7.4018251784145823 409.22887903545052 118.96667197253555 104.03593130689114 575.86327845975757 385.91651698201895 16.4819172071293 24.396650512702763 238.34758894704282 283.63376001315191 38.029329104349017 33.912381452973932 24.796677780337632 26.881268814206123 23.291682608891279 460.76685946760699 352.8557959580794 97.22607051115483 63.30739807523787 15.473944997414945 5.0621863268315783 7.7614004546776405 63.47091472428292 393.20976269152015 27.462471786886454 441.04572070669383 9.0601410809904319 3.7951784096658221
leaf_count=136 4082 1572 63 1953 540 1083 3108 1686 92 207 1295 2789 157 321 174 325 107 3365 1553 907 539 88 23 69 529 2412 130 3058 71 18
internal_value=-0.00050518 -0.009592 -0.0161475 0.00222265 0.0126919 -0.0121233 0.00590316 0.0159294 -0.0253292 -0.0320365 -0.00289913 -0.0258622 -0.000594163 -0.0326958 -0.0505318 -0.0156644 0.0086505 -0.0090334 0.0089637 -0.0271086 -0.0155736 0.000447238 -0.00960473 -0.00180547 -0.000734187 0.00258397 -0.00978681 -0.0126192 -0.0183989 -0.029162
internal_weight=5487.83 3250.03 2090.24 1159.79 2237.8 1667.82 1023.12 1853.02 136.673 422.414 384.777 311.826 613.893 120.192 58.7091 61.4825 34.6012 1382.72 738.772 285.106 181.07 83.8435 68.3696 471.844 464.083 400.612 265.81 910.873 469.827 287.429
internal_count=32452 23166 16793 6373 9286 12207 5218 7321 1155 4586 1965 3014 3265 1063 495 568 243 9567 3239 2640 1557 650 562 3073 3004 2475 1425 6494 3436 2807
cat_boundaries=0 1 2 3 4 5 6 7
cat_threshold=8800278 623776 1597853 624165 1203059 3328418 4
is_linear=0
shrinkage=0.05


Tree=14
num_leaves=31
num_cat=0
split_feature=0 22 3 0 0 18 22 3 8 22 21 18 20 11 4 8 11 18 18 7 3 0 1 22 0 1 5 2 22 6
split_gain=1011.73 176.007 150.23 95.0508 44.3948 31.4864 30.0637 26.5411 24.0332 21.3111 20.9604 20.0461 19.403 17.7019 17.4114 16.7927 16.7596 26.9926 16.4882 15.9265 16.2284 15.8608 16.2747 17.1266 14.9479 14.8375 14.933 14.0643 16.0466 13.842
threshold=1.5000000000000002 0.56666666666666698 32.640000000000008 4.5000000000000009 3.5000000000000004 -0.086666666666666434 2.0683333333333342 13.870000000000003 6.7550000000000008 1.6700000000000006 2.5000000000000004 0.036666666666665744 -5.1108333333333329 9.5000000000000018 4.4150000000000009 6.8350000000000009 3.5000000000000004 0.028333333333333769 0.038333333333332671 30.025000000000002 54.385000000000012 5.5000000000000009 39.500000000000007 1.3600000000000001 5.5000000000000009 25.500000000000004 11.010000000000002 6.1950000000000012 0.55500000000000027 29.425000000000004
decision_type=2 2 2 2 2 2 2 2 2 2 2 2 2 2 2 2 2 2 2 2 2 2 2 2 2 2 2 2 2 2
left_child=2 3 10 5 9 14 11 -7 -8 19 -1 12 29 15 -2 -12 -17 -18 27 25 -21 -14 -23 -24 -5 -3 -27 28 -9 -6
right_child=1 4 -4 24 6 7 8 18 -10 -11 13 -13 21 -15 -16 16 17 -19 -20 20 -22 22 23 -25 -26 26 -28 -29 -30 -31
leaf_value=0.040603903040589077 -0.020984598145576926 0.037652273165858799 0.044016716689915081 -0.034554512476356186 -0.022394824887460016 -0.046719168867141246 0.045057928590234109 -0.01741459426316315 -0.0095004224759506466 0.022029464854762027 0.015023259995543116 -0.033619371372883754 -0.00088138800386848971 0.040189856943371044 0.033299262111155033 0.015764665018490789 -0.00077648282028794965 -0.056205221655177301 -0.030026730738180921 0.0088547210533626141 -0.028488507152557532 -0.03847318011224457 -0.028435028142991293 0.027759827616217283 -0.051006575274844403 -0.085837143362565524 -0.012278958388033437 -0.003698615167069107 -0.091709411442117597 -0.073703436544647963
leaf_weight=70.192652083933353 21.9519073497504 14.235908724367617 995.23540858179331 303.41274923528545 91.508070891723037 84.282527169212699 40.711102981120348 949.10864885151386 40.034559184685349 162.50387953594327 448.49630260653794 111.80791370244697 355.99116108380258 51.349721159785986 45.161625791341066 76.496498428285122 90.704107943922281 28.9822455085814 231.16613308247179 452.75499482266605 31.091019108891487 66.345399608835578 28.358923466876149 25.979926871135831 253.3430815669708 7.2299907095730296 150.99923958536237 210.17108085565269 7.323957458138465 15.34988824278116
leaf_count=205 119 47 3441 4112 498 1046 106 6990 169 432 1134 788 1625 115 185 188 244 93 2253 1692 175 449 230 106 4002 37 601 1266 43 91
internal_value=1.34231e-05 -0.0148324 0.0312044 -0.0243216 -0.00230269 -0.0179535 -0.0108712 -0.0194704 0.0180073 0.00581872 0.0145627 -0.0142247 -0.0105086 0.0119365 0.0155438 0.00968611 -0.00251521 -0.0141986 -0.0178273 0.00180491 0.00645512 -0.00619179 -0.0218563 -0.00156773 -0.0420408 -0.0112411 -0.0156401 -0.01541 -0.0179835 -0.0297652
internal_weight=5462.28 3700.82 1761.46 2105.92 1594.9 1549.17 776.087 1482.05 80.7457 818.815 766.222 695.341 583.533 696.029 67.1135 644.679 196.183 119.686 1397.77 656.311 483.846 476.675 120.684 54.3389 556.756 172.465 158.229 1166.6 956.433 106.858
internal_count=32482 27062 5420 20016 7046 11902 4062 11598 275 2984 1979 3787 2999 1774 304 1659 525 337 10552 2552 1867 2410 785 336 8114 685 638 8299 7033 589
is_linear=0
shrinkage=0.05


Tree=15
num_leaves=31
num_cat=5
split_feature=0 22 2 0 0 22 22 18 22 14 14 2 18 5 7 22 14 0 6 23 22 14 18 24 14 8 6 5 6 18
split_gain=843.326 194.971 150.049 74.7897 39.028 32.5555 25.8312 25.2274 23.8096 20.8215 19.0774 19.2726 18.7988 20.0586 22.1225 15.2735 14.2705 13.957 15.0573 13.7403 13.5934 14.0705 20.528 13.4166 13.3523 13.299 12.7413 17.7991 11.9383 11.8946
threshold=1.5000000000000002 -0.079999999999999835 5.4650000000000007 5.5000000000000009 4.5000000000000009 1.7116666666666667 2.1536666666666675 0.018000000000000242 -0.79266666666666674 0 1 4.7250000000000005 -0.014999999999999234 40.750000000000007 38.480000000000011 1.4399999999999999 2 3.5000000000000004 22.175000000000001 5.5000000000000009 0.48833333333333379 3 0.026666666666665954 -0.97333333333333172 4 6.8250000000000011 32.315000000000005 28.225000000000005 49.70000000000001 -0.039999999999999584
decision_type=2 2 2 2 2 2 2 2 2 1 1 2 2 2 2 2 1 2 2 2 2 1 2 2 1 2 2 2 2 2
left_child=2 4 8 5 12 7 -5 10 24 15 11 26 13 16 -15 -9 -2 19 -19 29 21 22 -10 -20 -1 -24 -3 -28 -23 -12
right_child=1 3 -4 6 -6 -7 -8 9 20 -11 17 -13 -14 14 -16 -17 -18 18 23 -21 -22 28 25 -25 -26 -27 27 -29 -30 -31
leaf_value=-0.022827499827559036 -0.0063276840003440062 -0.062658717259280503 0.04405677539343477 -0.034457789932299525 -0.046500705793030284 0.013365391585518605 0.01916154331424583 -0.0092558420767055866 0.031670094338864037 -0.025752592080505649 0.0094374120845312302 0.0062774031919736782 -0.03222911325332363 -0.015209376586320581 0.041795031617830117 0.027045896792210606 -0.032625749181425988 0.047236861650009579 -0.038894563108463773 0.034428819302334671 0.036397821738115954 0.0057119800087955391 0.033203151365427536 -0.012290633852190579 0.0062055315264179147 -0.025580753096440274 -0.041770890147880435 0.040173972012482559 0.056922614546941454 -0.010037655385058616
leaf_weight=44.740197019651532 105.79803642816842 16.505632178857923 853.44069762807339 264.08647085353732 310.84537205751985 272.1386388707906 24.549684308469296 279.98680022452027 208.98947196081281 220.27563048619777 112.25447943434119 669.23260283842683 432.41923388000578 43.468629512935877 27.972315428778529 32.319690957665443 141.83770864922553 8.9261964634060842 62.825026262551546 24.585844915360212 92.248330291360617 289.96864594146609 14.387479577213524 192.90038437023759 134.29237677715719 29.044820018112659 15.590403115376832 11.525618921965359 11.845388501882551 259.98838010616601
leaf_count=162 791 133 3133 2546 5565 850 89 1829 550 1741 475 3067 4960 283 106 115 1217 38 488 111 290 788 31 1172 337 79 114 47 26 1384
internal_value=0.000184291 -0.0136903 0.0293559 -0.00598039 -0.0315996 -0.00281238 -0.0298972 -0.00512113 0.0141578 -0.0143595 -0.00154109 0.00412065 -0.025436 -0.0162299 0.00711039 -0.00532846 -0.0229634 -0.00759009 -0.0165983 -0.00177361 0.0186264 0.0156684 0.0242108 -0.0188265 -0.00197825 -0.00610787 -0.0280232 -0.00694037 0.00747422 -0.00416471
internal_weight=5208.99 3530.03 1678.96 2467.69 1062.34 2179.06 288.636 1906.92 825.517 532.582 1374.33 712.854 751.496 319.077 71.4409 312.306 247.636 661.48 264.652 396.829 646.484 554.236 252.422 255.725 179.033 43.4323 43.6217 27.116 301.814 372.243
internal_count=32517 27121 5396 14199 12922 11564 2635 10714 2263 3685 7029 3361 7357 2397 389 1944 2008 3668 1698 1970 1764 1474 660 1660 499 110 294 161 814 1859
cat_boundaries=0 1 2 3 4 5
cat_threshold=1172655 1634703 3686773 15076134 107046
is_linear=0
shrinkage=0.05


Tree=16
num_leaves=31
num_cat=1
split_feature=0 2 21 2 0 0 0 18 1 17 11 4 2 8 6 10 1 16 24 18 24 24 4 2 0 0 18 6 7 4
split_gain=702.647 157.845 136.251 51.3502 39.264 35.4981 26.942 22.9033 31.0779 21.6558 19.7455 19.4971 17.5289 15.9952 17.9984 14.9706 15.4114 14.8072 15.4164 14.4617 14.4413 14.1521 15.7837 14.1521 13.1842 13.1245 12.9215 20.0266 13.9352 12.8118
threshold=1.5000000000000002 5.4250000000000007 3.5000000000000004 6.1950000000000012 4.5000000000000009 4.5000000000000009 5.5000000000000009 -0.020000000000000902 23.500000000000004 5.5000000000000009 8.5000000000000018 4.0050000000000008 4.7950000000000008 6.8350000000000009 18.065000000000001 2.5000000000000004 45.500000000000007 0 -5.6650000000000009 0.023333333333332987 -17.064166666666665 15.568333333333333 6.0050000000000008 5.3250000000000011 3.5000000000000004 2.5000000000000004 -1.0000000180025095e-35 27.115000000000006 36.335000000000008 1.7050000000000003
decision_type=2 2 2 2 2 2 2 2 2 2 2 2 2 2 2 2 2 1 2 2 2 2 2 2 2 2 2 2 2 2
left_child=1 12 3 6 11 10 7 8 -2 -7 -5 19 17 14 -14 16 -13 26 20 -4 29 -10 -23 -9 -25 -17 -1 -28 -29 -19
right_child=2 -3 4 5 -6 9 -8 23 21 -11 -12 15 13 -15 -16 25 -18 18 -20 -21 -22 22 -24 24 -26 -27 27 28 -30 -31
leaf_value=0.025516738848817267 0.054633760696643857 0.042068242361876763 -0.026675099103658229 0.013150204372708097 -0.042270393723483513 -0.008164483930673639 -0.035112464585338669 -0.026772396629717744 -0.010439732295942807 -0.053371010893365878 -0.0042812415704293052 -0.016793576099958376 -0.031732521044456515 0.0029063038724551141 0.031608769872944469 0.0047638241817271184 -0.04144009168320277 -0.023309176232677083 0.0088003304771025193 -0.055222437459188436 -0.027534088126654817 0.036534861689303387 -0.0051147583458127054 -0.0042934306514793357 -0.021370272029118228 -0.016936021409364961 0.043541160177169164 -0.0018583475682552187 -0.060075367809100826 0.025829575558305826
leaf_weight=124.02059056982398 23.566074686124921 823.02845199592412 184.69035927206278 515.61056985426694 318.7035871471744 282.82277563028038 126.71867356542498 217.25612671952695 269.4941452536732 29.22978950291872 237.19230930972844 195.46510433219373 11.900271009653805 92.085721060633659 194.75436364114285 111.31865882594138 93.894200244918466 22.685045097023249 141.36848084442317 58.389272724743932 84.877769359387457 38.789457336068153 55.001648135483265 274.54792057350278 192.11575547512621 186.28710188530385 19.642729766666889 46.9035235773772 13.164031289517878 31.943332033231854
leaf_count=303 79 3196 1870 1833 5911 1749 1419 1739 1415 295 1388 1798 30 285 598 812 1007 63 375 880 259 139 230 1442 1401 1672 42 123 43 91
internal_value=-0.000488476 0.0267774 -0.0133287 -0.00620794 -0.0273523 0.00178032 -0.0133114 -0.0107314 -0.00100839 -0.012399 0.00765792 -0.0216244 0.010712 0.0202381 0.0279612 -0.016693 -0.0247911 0.00483949 -0.00273874 -0.0335324 -0.0146282 -0.00461786 0.0121104 -0.0162311 -0.0113236 -0.00881925 0.0147001 -0.000285156 -0.0146168 0.00542416
internal_weight=5017.47 1606.37 3411.09 2262.35 1148.75 1064.86 1197.49 1070.77 386.851 312.053 752.803 830.045 783.346 298.74 206.655 586.965 289.359 484.606 280.875 243.08 139.506 363.285 93.7911 683.92 466.664 297.606 203.731 79.7103 60.0676 54.6284
internal_count=32487 5408 27079 13129 13950 5265 7864 6445 1863 2044 3221 8039 2212 913 628 5289 2805 1299 788 2750 413 1784 369 4582 2843 2484 511 208 166 154
cat_boundaries=0 1
cat_threshold=281
is_linear=0
shrinkage=0.05


Tree=17
num_leaves=31
num_cat=5
split_feature=0 22 3 0 0 18 22 14 14 18 6 14 1 20 22 18 3 3 14 18 14 18 18 5 5 20 21 4 6 22
split_gain=633.807 142.108 121.409 58.2426 45.5492 36.3777 32.4102 26.7846 25.7186 26.708 22.009 21.2932 19.8518 20.4496 19.5282 17.5991 17.4027 17.3679 16.8366 16.7858 17.2265 16.7765 15.1473 14.8993 14.6948 13.3866 13.2557 13.0055 11.4131 11.2536
threshold=1.5000000000000002 0.10166666666666703 32.640000000000008 3.5000000000000004 4.5000000000000009 -0.048333333333333332 1.5483333333333336 0 1 -0.028333333333333762 31.745000000000001 2 41.500000000000007 0.42333333333333739 1.1263333333333334 -0.11499999999999976 16.265000000000004 59.925000000000004 3 -0.061666666666666085 4 0.04816666666666692 -0.0063333333333335231 39.305000000000007 22.180000000000003 15.016666666666667 1.5000000000000002 6.0750000000000011 30.125000000000004 -0.57633333333333281
decision_type=2 2 2 2 2 2 2 1 1 2 2 1 2 2 2 2 2 2 1 2 1 2 2 2 2 2 2 2 2 2
left_child=2 4 8 6 11 10 19 -7 21 16 28 12 13 -2 18 -6 -10 -9 -12 24 25 29 -13 -8 -3 -21 -4 -25 -5 -1
right_child=1 3 26 5 15 7 23 17 9 -11 14 22 -14 -15 -16 -17 -18 -19 -20 20 -22 -23 -24 27 -26 -27 -28 -29 -30 -31
leaf_value=0.013253258809587299 -0.014320415364108115 -0.03784308503430326 0.047670681251766031 -0.0065066595062209026 0.037447643466190061 -0.029037275912744881 0.042430007442235657 -0.011892197210008316 -0.033565464240092706 -0.010024650424618906 0.027472526073234468 -0.017546340106070375 -0.025629044849845253 0.020060730695250106 0.042722538238848924 -0.043565909963956047 0.024663944907521732 0.035471849012055641 -0.021785439598271689 0.001700007636058129 -0.011212906165048111 -0.012521161361671555 -0.033141755160997897 -0.026332164375798901 0.023627161878110606 0.04327394866339835 0.034593234901445662 0.018728312385755435 -0.065805132084085879 0.032274100800321413
leaf_weight=131.95637522079051 88.301953411195427 10.769908959046004 308.25372399948537 51.133002419024706 6.8464180883020154 312.29688220145181 60.63571934774518 474.77023978577927 14.356780441477893 209.85943628195673 20.738202324137092 304.61660480173305 98.164824619889259 84.769577872008085 54.29278408922255 321.57047896250151 120.75972736813128 20.177452016621828 29.828569633886218 407.80753098474815 349.33955345395952 33.898792140185833 318.48361432366073 18.485863663256168 99.958993939682841 20.327939298003912 521.77301170676947 119.70963695459068 9.645036740228532 189.34710962697864
leaf_count=336 809 66 1344 265 54 2489 169 3413 53 615 102 2511 985 639 160 6283 315 78 195 2043 1945 97 3806 60 372 61 2094 358 78 539
internal_value=-6.1202e-05 -0.0124494 0.0265145 -0.00443426 -0.0259521 -0.0133213 0.00351952 -0.0177009 0.0111802 0.00110642 0.00802294 -0.0201041 -0.00739539 0.0025193 0.0218988 -0.041877 0.0184768 -0.00976404 -0.00045933 -0.000565314 -0.00315932 0.0203597 -0.0251145 0.021767 0.0176483 0.00359009 0.0394499 0.0127008 -0.0159169 0.0244624
internal_weight=4812.88 3282.67 1530.2 2059.92 1222.75 972.882 1087.04 807.245 700.178 344.976 165.638 894.337 271.236 173.072 104.86 328.417 135.117 494.948 50.5668 888.204 777.475 355.202 623.1 198.831 110.729 428.135 830.027 138.196 60.778 321.303
internal_count=32334 26941 5393 11854 15087 6780 5074 5980 1955 983 800 8750 2433 1448 457 6337 368 3491 297 4487 4049 972 6317 587 438 2104 3438 418 343 875
cat_boundaries=0 1 2 3 4 5
cat_threshold=13256488 13504085 2121774 696468 8453275
is_linear=0
shrinkage=0.05


Tree=18
num_leaves=31
num_cat=6
split_feature=0 3 22 0 18 22 0 21 11 6 14 14 6 22 19 14 4 21 0 14 8 6 22 2 3 11 3 20 14 14
split_gain=482.48 153.359 138.633 68.2209 30.4644 29.2896 32.7896 23.0092 20.4292 19.189 25.6473 22.0955 24.8992 18.3313 16.4012 15.8941 15.8834 14.7657 14.6373 25.15 13.7433 15.6032 23.1331 13.457 13.8927 13.1754 12.9874 12.7109 15.6624 15.5711
threshold=1.5000000000000002 32.640000000000008 0.53183333333333327 4.5000000000000009 -0.061666666666666085 1.5818333333333336 5.5000000000000009 2.5000000000000004 9.5000000000000018 31.465000000000003 0 1 30.020000000000003 -1.3633333333333328 2.5000000000000004 2 5.3750000000000009 1.5000000000000002 3.5000000000000004 3 6.9250000000000007 35.910000000000004 -0.90833333333333377 5.1550000000000011 30.450000000000003 4.5000000000000009 27.805000000000003 -3.1891666666666647 4 5
decision_type=2 2 2 2 2 2 2 2 2 2 1 1 2 2 2 1 2 2 2 1 2 2 2 2 2 2 2 2 1 1
left_child=1 7 3 4 -2 6 23 -1 9 11 20 12 25 16 15 -15 -6 -3 -7 -20 21 -11 -23 24 -4 -9 -14 28 -25 -29
right_child=2 17 5 -5 13 18 -8 8 -10 10 -12 -13 26 14 -16 -17 -18 -19 19 -21 -22 22 -24 27 -26 -27 -28 29 -30 -31
leaf_value=0.037974150942732071 0.0059829044606427885 0.047210550714511537 -0.009815934570831646 -0.037911850426187992 -0.052271518545431821 0.022278949170516569 -0.029210623792141573 0.0012633804944600121 0.03638957234692234 0.016578786054080495 0.017334714248940227 0.0055644811668313574 -0.10505914648540707 0.0072746560238807741 -0.021010758786381201 -0.01439229292910316 0.036106999467532944 0.033043391360330264 0.018519174362404238 -0.015287975059068188 -0.064861298944117851 -0.074305948478299563 -0.0050548438509008245 -0.023632988640896749 -0.063198635999337532 -0.037524610366187837 -0.031562759190282598 -0.01506407403226722 0.0009905107376076579 0.007236125193566755
leaf_weight=52.280236544087529 151.35022489260882 293.16496280301362 48.996582487598062 438.46282838634215 56.464633722323924 180.2857518773526 116.70951328286901 53.261331014335155 43.926454795524478 46.844736903905869 240.56237698532641 116.60287001915276 13.255630303174259 115.3438856061548 691.52548646368086 278.56419846136123 5.5868154074996701 493.55676618590951 105.73097895458341 95.263915095478296 10.711897507309912 15.630234885960816 52.783614233136177 96.295159348286688 16.223255017772317 37.17319974116981 10.997626997530459 81.788152469322085 170.68176671583205 556.20967050362378
leaf_count=187 873 1348 280 7999 942 555 1095 152 114 132 659 316 44 824 6462 2456 47 2094 415 449 26 59 141 569 120 107 33 455 850 2604
internal_value=-0.000395678 0.0232093 -0.0112998 -0.0208588 -0.015102 1.12453e-05 -0.00417152 0.00607743 0.00347895 0.00106077 0.00817672 -0.0102161 -0.0246003 -0.017883 -0.016372 -0.00822849 -0.0443143 0.0383227 0.0119349 0.00265663 -0.00990208 -0.00565341 -0.0208764 -0.00115944 -0.0230947 -0.0146805 -0.0717322 0.000421399 -0.00873898 0.00425465
internal_weight=4686.23 1480.75 3205.48 1737.3 1298.84 1468.18 1086.9 694.03 641.75 597.824 366.533 231.291 114.688 1147.49 1085.43 393.908 62.0514 786.722 381.281 200.995 125.97 115.259 68.4138 970.195 65.2198 90.4345 24.2533 904.975 266.977 637.998
internal_count=32407 5412 26995 19603 11604 7392 5973 1970 1783 1669 1017 652 336 10731 9742 3280 989 3442 1419 864 358 332 200 4878 400 259 77 4478 1419 3059
cat_boundaries=0 1 2 3 4 5 6
cat_threshold=3249282 618940 4203542 1124302 13275460 5570560
is_linear=0
shrinkage=0.05


Tree=19
num_leaves=31
num_cat=7
split_feature=22 18 22 18 2 24 20 14 14 8 14 24 24 14 3 6 18 8 7 11 8 6 7 14 13 6 6 2 4 14
split_gain=152.879 43.7253 40.8893 28.7262 22.2809 20.3039 17.6841 19.0411 17.0029 16.0645 16.0642 15.309 14.8923 13.884 13.8821 13.7271 13.4939 13.34 13.2181 12.951 12.7803 12.152 11.8894 11.5307 14.5189 12.709 11.8157 10.9466 10.9585 12.7518
threshold=0.10166666666666703 -0.015000000000000123 -0.79266666666666674 -0.023333333333332981 6.1750000000000007 -9.6618333333333304 2.2600000000000002 0 1 7.0150000000000006 2 13.068166666666668 5.0558333333333341 3 8.490000000000002 45.105000000000011 -0.13499999999999931 6.6950000000000012 25.430000000000003 9.5000000000000018 6.8850000000000007 34.305000000000007 38.795000000000009 4 5 54.600000000000001 22.745000000000005 5.1050000000000013 2.3350000000000004 6
decision_type=2 2 2 2 2 2 2 1 1 2 1 2 2 1 2 2 2 2 2 2 2 2 2 1 1 2 2 2 2 1
left_child=2 4 5 9 12 14 7 18 -7 16 -8 -9 13 21 15 -1 -4 19 20 -16 -3 -2 -14 24 25 -18 -25 28 29 -19
right_child=1 6 3 -5 -6 8 10 11 -10 -11 -12 -13 22 -15 17 -17 23 27 -20 -21 -22 -23 -24 26 -26 -27 -28 -29 -30 -31
leaf_value=-0.059578312427626318 -0.038465812464916031 -0.033688235750708867 0.049896466245763056 -0.012308972268796108 0.020760571610934926 0.0027020298363874995 -0.0013790165612393727 -0.016765561237476349 -0.025383899170850655 -0.079587210744955963 0.016452552960415333 0.0015455801084785182 0.0087937213973135787 0.0064058960641138508 0.01295870768881331 0.023642559996957205 -0.0023743793887448295 0.0047210324373383565 0.0075641760972621798 -0.060464977623901378 0.021964350922813361 -0.00018745157241589579 0.029470598675483375 -0.062008488378789223 -0.032210558203283765 0.068803938663232256 0.011330910281225235 0.021254409629025976 -0.044254996405503962 -0.037496528026523042
leaf_weight=58.894070609472692 42.02177203912288 38.886434903368354 15.515982106328009 833.0336218806915 640.65131432842463 110.2981083067134 222.51270862761885 291.83168449206278 98.380335077643394 5.8135835211724034 291.28732337523252 187.47039086837322 290.34623385965824 167.44834907446057 33.281412764918059 5.4103182470425955 164.82353500276804 36.937486258801073 427.49820141773671 7.3281894251704207 14.040718417614697 40.927955018356442 91.411872565746307 5.6150496006011954 33.446289473213255 6.5193179342895737 250.44588436093181 9.1857003252953273 110.90493121976033 27.182377204764634
leaf_count=1314 269 262 65 8026 2914 1004 1359 2236 1059 46 1584 1077 1414 929 250 69 1064 364 2586 82 79 226 389 48 275 23 1497 93 1467 362
internal_value=-3.80892e-05 0.00740096 -0.0113067 -0.00668706 0.0141892 -0.0235118 0.00153739 -0.00247041 -0.0116259 0.00302559 0.00902356 -0.00940722 0.00752951 -0.00194633 -0.0320906 -0.0525764 0.0040338 -0.0262312 0.00455126 -0.000290934 -0.0189245 -0.0174726 0.0137448 0.00248968 -0.00624905 0.000315431 0.00935725 -0.0319497 -0.034742 -0.0182879
internal_weight=4559.35 2746.33 1813.02 1315.21 1272.81 497.803 1473.53 959.727 208.678 482.18 513.8 479.302 632.156 250.398 289.124 64.3044 476.366 224.82 480.425 40.6096 52.9272 82.9497 381.758 460.85 204.789 171.343 256.061 184.21 175.025 64.1199
internal_count=32432 15324 17108 11044 6141 6064 9183 6240 2063 3018 2943 3313 3227 1424 4001 1383 2972 2618 2927 332 341 495 1803 2907 1362 1087 1545 2286 2193 726
cat_boundaries=0 1 2 3 4 5 6 7
cat_threshold=1935025 7081082 16580906 3679321 9275033 5 3451197
is_linear=0
shrinkage=0.05


Tree=20
num_leaves=31
num_cat=6
split_feature=0 22 2 0 4 9 18 22 14 14 19 1 18 5 14 0 14 18 8 5 20 20 14 18 20 4 1 14 2 11
split_gain=477.448 107.853 95.6279 73.2109 33.6806 27.3683 25.5032 17.4618 17.3229 16.8104 15.818 18.6229 15.5663 15.1881 19.0688 17.2804 25.8163 19.5643 14.9609 14.8756 14.0613 20.7404 13.7295 17.1261 13.0098 12.3389 11.9581 12.4758 16.1101 11.9078
threshold=1.5000000000000002 1.1100000000000001 5.4650000000000007 5.5000000000000009 3.9950000000000006 2.5000000000000004 -0.008333333333333302 -1.4783333333333331 0 1 2.5000000000000004 34.500000000000007 -0.021666666666666053 39.305000000000007 2 3.5000000000000004 3 0.0083333333333341936 6.7550000000000008 66.815000000000012 10.437500000000007 -1.0000000180025095e-35 4 -0.041666666666666512 -1.2458333333333333 1.0000000180025095e-35 56.500000000000007 5 6.205000000000001 8.5000000000000018
decision_type=2 2 2 2 2 2 2 2 1 1 2 2 2 2 1 2 1 2 2 2 2 2 1 2 2 2 2 1 2 2
left_child=2 3 5 4 7 8 26 -2 29 10 11 -9 18 15 20 -3 17 -17 -11 -16 21 -15 23 -7 -8 -24 27 28 -6 -1
right_child=1 13 -4 -5 6 22 24 9 -10 12 -12 -13 -14 14 19 16 -18 -19 -20 -21 -22 -23 25 -25 -26 -27 -28 -29 -30 -31
leaf_value=-0.013347758785053544 -0.053965948281931311 0.027612596348003744 0.037462759654466903 -0.042027467321815289 -0.019316180577113651 0.016155543890275268 -0.02346479769073509 0.042424371336460348 0.026605306381710221 -0.034590363725309922 -0.020611291375812676 -0.023566737251746871 -0.041597385347139991 -0.001943498252276733 -0.013972893685129337 0.054578392210404475 -0.016209802563620476 -0.019267929727826164 0.0078165982556576679 0.032836165006747041 -0.033243539716623131 0.026462753331159956 -0.030497143653699533 -0.022369311971768471 -0.011055685232150286 0.01241433519233328 -0.043546925427751661 0.0016257868463699214 0.0082017479320187735 0.038115946264317052
leaf_weight=54.498441653326154 51.132334333378822 132.21568028070033 676.69945470336825 251.54802268650383 197.45324983727187 41.421468628570437 367.24524280056357 28.435933647677302 284.7539313454181 43.465150628238916 66.64781775418669 17.131967711728066 139.83045272808522 127.98983788024634 220.41867683641613 32.371348208747804 74.303295044228435 12.406457135453818 39.881305702961981 18.388790506869555 18.12867016158998 129.04822202399373 17.996692262589931 95.035340485163033 497.14016297413036 242.24053660221398 18.627783494070172 514.41708558006212 72.795585005544126 14.160642113536595
leaf_count=179 1151 458 3169 4714 1513 137 3976 204 829 405 724 203 1891 571 1019 108 408 72 291 64 87 467 58 354 4739 717 161 3319 431 35
internal_value=-6.52049e-05 -0.011169 0.0238344 -0.0165672 -0.0134495 0.0115398 -0.0103672 -0.0267481 0.0216583 -0.0225985 -0.0046726 0.017614 -0.0300558 0.00509558 0.000170228 0.0151693 0.00135361 0.0278896 -0.0142986 -0.00995175 0.0089897 0.0123181 0.00252517 -0.0099462 -0.0163279 0.00909722 -0.0039532 -0.00301326 -0.0114791 -0.00238607
internal_weight=4497.83 3071.02 1426.81 2305.75 2054.2 750.107 1667.68 386.525 353.413 335.393 112.216 45.5679 223.177 765.271 513.974 251.297 119.081 44.7778 83.3465 238.807 275.167 257.038 396.694 136.457 864.385 260.237 803.294 784.666 270.249 68.6591
internal_count=32454 26976 5478 23722 19008 2309 14139 4869 1043 3718 1131 407 2587 3254 2208 1046 588 180 696 1083 1125 1038 1266 491 8715 775 5424 5263 1944 214
cat_boundaries=0 1 2 3 4 5 6
cat_threshold=8207 3678747 5154153 1123018 1685536 400441
is_linear=0
shrinkage=0.05


Tree=21
num_leaves=31
num_cat=8
split_feature=0 22 3 0 0 18 14 22 18 22 18 14 14 14 18 5 14 22 4 4 18 14 4 24 1 10 0 14 1 14
split_gain=408.747 101.317 96.5694 57.5244 23.5251 20.4975 20.3921 19.6423 19.2124 17.259 16.7151 16.3905 15.0088 14.3134 15.1479 14.1245 17.3126 13.966 14.231 13.7451 12.9067 12.1792 11.7754 11.6913 11.5181 12.1129 11.1474 12.7474 11.0474 13.9663
threshold=1.5000000000000002 -0.079999999999999835 35.860000000000007 4.5000000000000009 5.5000000000000009 -0.049999999999999371 0 -0.79266666666666674 -0.080833333333333521 1.1808333333333334 -0.018166666666666661 1 2 3 -0.043333333333332551 36.855000000000011 4 0.82816666666666638 7.7900000000000009 4.6450000000000005 -0.13499999999999931 5 7.245000000000001 22.954166666666669 46.500000000000007 2.5000000000000004 5.5000000000000009 6 27.500000000000004 7
decision_type=2 2 2 2 2 2 1 2 2 2 2 1 1 1 2 2 1 2 2 2 2 1 2 2 2 2 2 1 2 1
left_child=2 4 7 8 10 6 -5 11 12 28 19 -1 -3 14 -9 -11 24 -7 22 21 -21 -2 26 -24 25 -17 27 -19 29 -10
right_child=1 3 -4 5 -6 17 -8 13 9 15 -12 -13 -14 -15 -16 16 -18 18 -20 20 -22 -23 23 -25 -26 -27 -28 -29 -30 -31
leaf_value=-0.020843508669493371 -0.0014780018242559754 -0.01131959409607715 0.037433401850525919 0.020466111410247605 -0.047030251606672693 -0.032066108822069339 -0.02177282694228715 0.023025920027233221 0.025499150077360158 0.022031145610510717 -0.027752831153753613 0.0091332977279457699 0.030503528738450792 0.019997823652375596 -0.0084040942448258618 -0.036176288361989793 0.010891519503020301 0.0158234986194347 0.028619484789259547 0.079824999726573614 -0.004916075541308353 -0.034033272084396125 -0.0030123665986639047 -0.078802709215712363 0.019485112690132315 -0.0017843218261173754 -0.026989429775155949 -0.015465321275206084 -0.0064232490057972869 -0.0052440539537028435
leaf_weight=71.550471209920943 53.859221013728529 26.992830596864223 618.86988675966859 56.517197851091623 104.13462548516691 210.58630286948755 40.309096740558743 58.025958701968193 56.062913226895034 118.85351289995015 449.49787076609209 95.449284307658672 75.405669698491693 403.77112479135394 112.97343712113798 55.078061498701572 195.48167414963245 43.21552012860775 17.672635074704885 4.6278925947844973 154.52900852262974 85.128080829977989 7.8115088902413872 14.59611356910318 22.247584482654929 47.839425383135676 95.770493394695222 75.786398981697857 929.09725482854992 81.476146345958114
leaf_count=263 543 127 3032 305 2819 3030 294 188 301 446 7213 250 261 1310 375 246 720 212 77 18 1268 1062 55 113 93 170 745 448 6024 544
internal_value=9.3048e-05 -0.0101513 0.0228502 -0.00441706 -0.0247653 -0.0181838 0.00274695 0.0106832 0.000395113 -0.00102971 -0.0216641 -0.00441137 0.0213522 0.0150689 0.00213626 0.00730853 0.00185133 -0.0225381 -0.014665 -0.0124844 -0.00245201 -0.0239727 -0.0178902 -0.0523815 -0.0121657 -0.0201898 -0.0142916 -0.00407269 -0.00446542 0.00876
internal_weight=4383.22 3022.58 1360.64 2170.8 851.777 562.265 96.8263 741.77 1608.54 1506.14 747.642 167 102.399 574.771 170.999 439.5 320.647 465.439 254.853 298.144 159.157 138.987 237.18 22.4076 125.165 102.917 214.772 119.002 1066.64 137.539
internal_count=32552 27134 5418 14211 12923 5279 599 2386 8932 8544 10104 513 388 1873 563 1675 1229 4680 1650 2891 1286 1605 1573 168 509 416 1405 660 6869 845
cat_boundaries=0 1 2 3 4 5 6 7 8
cat_threshold=5123478 3257254 574468 28826 2546248 6327 2965953 1156897
is_linear=0
shrinkage=0.05


Tree=22
num_leaves=31
num_cat=1
split_feature=0 22 22 0 22 22 0 18 22 20 18 4 4 18 7 16 24 18 1 6 22 1 20 6 6 22 4 4 22 7
split_gain=323.983 86.6557 82.5964 42.1727 34.2186 28.4434 22.433 17.2772 17.6427 15.506 14.8127 13.8378 12.8351 13.6618 12.9355 12.2173 20.8916 13.9091 11.6936 11.6791 11.1361 10.9772 18.773 14.0258 13.2981 10.9266 10.3968 14.4041 10.1758 10.4476
threshold=1.5000000000000002 -0.079999999999999835 0.48833333333333379 4.5000000000000009 1.7116666666666667 -0.79266666666666674 4.5000000000000009 0.029166666666666789 0.96183333333333298 3.8958333333333344 0.014999999999999238 4.8650000000000011 4.1050000000000013 -0.0050000000000003366 45.115000000000009 0 15.345833333333337 -0.058333333333333119 44.500000000000007 32.250000000000007 -0.69166666666666587 27.500000000000004 -0.80666666666666653 39.870000000000012 28.995000000000001 -0.83999999999999952 4.285000000000001 4.705000000000001 2.6100000000000003 31.545000000000005
decision_type=2 2 2 2 2 2 2 2 2 2 2 2 2 2 2 1 2 2 2 2 2 2 2 2 2 2 2 2 2 2
left_child=2 6 5 4 12 -1 9 8 -5 -2 11 20 14 15 21 16 17 -14 -11 -19 -7 22 24 -24 -3 -20 -12 -28 29 -10
right_child=1 3 -4 7 -6 10 -8 -9 28 18 26 -13 13 -15 -16 -17 -18 19 25 -21 -22 -23 23 -25 -26 -27 27 -29 -30 -31
leaf_value=-0.0075697142714310876 -0.023560527593329453 -0.00652963325414557 0.037210235432590638 -0.022074780563939925 0.019795961099686458 0.042636936881610021 -0.037242960033677337 -0.033654490995118025 0.0091851593667291939 0.0032932864735660083 0.02158182787665569 0.027111851268883626 0.011372650740787013 -0.006812817021762535 0.045955023458216449 0.0074998657654966952 0.017334776430295542 -0.05495872298330038 -0.062578095881737003 -0.015017054716223275 0.0065769281956353995 -0.030608279937006599 0.037150619044805648 -0.044577167086333191 -0.082932842664801526 -0.011724367448575638 -0.049157930386386592 0.001556621874569866 0.044002184656916153 -0.013281883831445919
leaf_weight=166.56601671595126 431.53701024781913 14.477212345227601 463.58205491490662 212.42239372944459 189.89397431444377 23.995207777246833 217.24516847683117 112.48864989448339 85.10322583746165 115.60376704903319 51.403999160975218 283.73563574254513 22.907639390788972 562.56646491959691 7.9007702805101863 499.23177161626518 49.295224269852042 33.640038503333926 14.120150339789687 40.140217071399093 198.74986753985286 90.100307200103998 27.19316223077476 6.5055323131382456 9.3885168451815826 41.927309579681605 16.190815697424114 103.52360801585019 11.393068540841339 132.00971449632198
leaf_count=521 5564 90 2352 2580 639 58 5522 1483 441 1152 147 1182 120 3840 39 2460 212 229 218 253 647 706 130 41 92 429 54 408 32 773
internal_value=-0.000436795 -0.00968073 0.0202536 -0.00431195 -8.92044e-05 0.0109417 -0.0234663 -0.0161637 -0.0117015 -0.0185045 0.0154922 0.0197892 -0.00285891 -0.00111779 -0.0163766 0.00384773 -0.00856861 -0.0226614 -0.00579353 -0.0332284 0.0104615 -0.0197117 -0.0026562 0.0213731 -0.0365858 -0.0245361 0.00277371 -0.00530228 -0.00205829 -0.00447533
internal_weight=4234.84 2927.09 1307.75 2106.66 1553.24 844.165 820.433 553.417 440.928 603.188 677.599 506.481 1363.35 1207.78 155.566 645.215 145.983 96.6879 171.651 73.7803 222.745 147.665 57.5644 33.6987 23.8657 56.0475 171.118 119.714 228.506 217.113
internal_count=32414 27045 5369 14160 8851 3017 12885 5309 3826 7363 2496 1887 8212 7114 1098 3274 814 602 1799 482 705 1059 353 171 182 647 609 462 1246 1214
cat_boundaries=0 1
cat_threshold=81
is_linear=0
shrinkage=0.05


Tree=23
num_leaves=31
num_cat=7
split_feature=22 18 3 18 5 22 14 14 22 6 14 14 14 18 24 6 6 14 22 1 14 7 20 20 3 18 11 22 1 18
split_gain=93.8329 35.6393 21.259 20.8088 18.4549 18.253 18.0936 16.2044 15.3345 15.0721 14.9961 14.5691 13.1304 12.7635 13.6096 11.804 14.757 12.3826 11.6178 11.3846 11.1241 12.2447 10.8451 12.4683 10.9026 10.8426 9.94945 10.1082 11.138 10.4064
threshold=-0.079999999999999835 0.0049999999999994502 14.525000000000002 -0.026666666666665947 11.830000000000002 1.0583333333333333 0 1 1.7950000000000004 44.470000000000006 2 3 4 0.058333333333333133 -21.949999999999999 30.605000000000004 29.595000000000002 5 1.1616666666666668 45.500000000000007 6 24.420000000000005 -0.63083333333333502 -1.2458333333333333 39.055000000000007 -0.063333333333333894 11.500000000000002 -0.79266666666666674 51.500000000000007 0.039999999999999598
decision_type=2 2 2 2 2 2 1 1 2 2 1 1 1 2 2 2 2 1 2 2 1 2 2 2 2 2 2 2 2 2
left_child=2 5 4 10 9 11 -6 8 -3 -1 -4 -2 18 20 -15 16 -9 -17 -7 -8 21 -5 23 24 -13 -24 27 28 -22 -29
right_child=1 7 3 13 6 12 19 15 -10 -11 -12 22 -14 14 -16 17 -18 -19 -20 -21 26 -23 25 -25 -26 -27 -28 29 -30 -31
leaf_value=-0.04780270352599042 -0.0022103924840549101 0.0024381528743299035 -0.016431824848462898 0.021637877098100194 0.021725828743019926 -0.037682740754486597 -0.069823812879220098 -0.012572002822597276 0.038836361355114632 0.020626432181050505 0.005790947719780842 -0.0057236524490641566 0.019640992757601464 0.023048876235109685 -0.040563418863338023 -0.013925691535836397 -0.054347626822883945 0.0040473035372274044 0.0071032768979594381 -0.011380445478279065 -0.0098913769040456234 -0.021878990084320031 0.031936409077410646 -0.030300785003277299 0.013462700318722052 0.011099747714456857 -0.040959258466539049 -0.0028624292853481888 -0.0546456730814378 0.024677477450521974
leaf_weight=90.284634112613276 418.471893472597 361.2081907633692 90.310789827723056 17.158810836728662 25.717399675399065 16.073634550906718 13.457543964032082 196.16612427355722 31.456776948645711 8.8343688133172673 302.24240507744253 123.99196003656834 492.32097098696977 9.5722632519900781 69.143222422804683 141.34944452438504 23.692481711506844 254.28896386967972 146.08183740079403 21.88122577033937 84.343842828180641 279.08095200592652 77.390267248731107 26.036046397872269 183.80291828606278 323.03861451288685 18.929958650376648 227.02341979788616 16.645729035604745 40.406747133471072
leaf_count=2037 2642 2512 776 165 220 101 214 1620 117 114 2074 888 2173 129 1224 1207 238 1886 677 220 946 3337 391 206 1176 2026 378 2163 200 396
internal_value=-0.000286311 0.00486422 -0.0113131 -0.00894556 -0.0283834 0.00906595 -0.0067591 -0.0026677 0.00522108 -0.0417037 0.000407308 0.00527964 0.0157348 -0.0137619 -0.0328278 -0.00766082 -0.0170738 -0.00262358 0.00250913 -0.0262176 -0.0115664 -0.0187263 0.00944979 0.00292329 0.00573368 0.0151268 -0.0054661 -0.00379077 -0.0172681 0.00129865
internal_weight=4130.4 2815.37 1315.03 1154.86 160.175 1807.21 61.0562 1008.16 392.665 99.119 392.553 1152.73 654.476 762.305 78.7155 615.497 219.859 395.638 162.155 35.3388 683.589 296.24 734.26 333.831 307.795 400.429 387.35 368.42 100.99 267.43
internal_count=32453 17860 14593 11788 2805 10280 654 7580 2629 2151 2850 7329 2951 8938 1353 4951 1858 3093 778 434 7585 3502 4687 2270 2064 2417 4083 3705 1146 2559
cat_boundaries=0 1 2 3 4 5 6 7
cat_threshold=2186304 1156140 12719617 2204792 2294309 13369602 6182931
is_linear=0
shrinkage=0.05


Tree=24
num_leaves=31
num_cat=4
split_feature=0 22 3 0 22 0 14 18 14 23 24 24 24 22 20 14 6 20 22 23 14 1 24 1 2 2 24 5 11 18
split_gain=289.539 83.5429 76.8517 43.4689 19.0622 17.9444 16.7138 27.3675 14.4583 14.2348 18.271 15.2282 13.9705 13.0329 13.85 15.7249 12.671 13.332 15.2228 12.4898 15.9637 19.1095 12.4164 12.3007 12.2543 12.5649 11.6683 11.4929 11.136 11.4453
threshold=1.5000000000000002 -0.086666666666666434 36.015000000000008 4.5000000000000009 0.78833333333333366 5.5000000000000009 0 -0.041666666666665624 1 2.5000000000000004 -0.80916666666666603 0.59999999999999976 -1.7041666666666655 1.2650000000000003 7.1216666666666653 2 34.385000000000012 0.6100000000000031 -0.58916666666666673 1.5000000000000002 3 55.500000000000007 -6.1850000000000005 32.500000000000007 7.5950000000000006 7.4050000000000011 -10.308166666666663 37.470000000000006 2.5000000000000004 0.04816666666666692
decision_type=2 2 2 2 2 2 1 2 1 2 2 2 2 2 2 1 2 2 2 2 1 2 2 2 2 2 2 2 2 2
left_child=2 5 6 13 -5 8 7 22 -2 -9 12 -12 16 14 19 23 -11 -18 -19 20 -3 -22 -1 -16 25 -21 -10 -15 -8 -30
right_child=1 3 -4 4 -6 -7 28 9 26 10 11 -13 -14 27 15 -17 17 18 -20 24 21 -23 -24 -25 -26 -27 -28 -29 29 -31
leaf_value=-0.0012119222805271278 -0.0091410140290317504 -0.01830255915351078 0.034029022160005487 -0.027066205553497643 -0.0079195330854168831 -0.044109710914336506 0.03341219961024796 0.015227038361305085 -0.037318212214986178 -0.022308698695990309 -0.097889824332053413 -0.026390445393220541 0.047852001728584594 0.022507660191805764 0.025597668274716885 0.027444582935044117 0.0525261202733949 0.020404237129060997 -0.035142773891123844 -0.0076779210463890262 0.015674990461139772 -0.07521891350545068 0.036039790900211401 -0.013770795026380912 -0.082134768098313202 0.05426042625415161 -0.020167392417218447 0.0032620109099340371 0.015583606888755125 -0.020478098056749695
leaf_weight=33.655314037576318 244.86980391270481 46.442510835826397 548.22544533200562 222.90336013445631 311.88037900766358 88.733174479799345 81.414954018779099 55.927961718291044 153.40017776889727 77.434338845312595 8.9190014377236349 45.124490855261683 11.819943297654389 107.22195312008262 27.409989066421986 69.22812263853848 13.212660934776066 28.149586286395785 21.953559228219095 721.01206281455234 180.05172456987202 5.9744177777320138 66.702088966965675 71.856731719337404 5.4638052247464648 8.2820651307702047 280.51808932190761 280.52222633361816 236.64281322062016 24.258214727044106
leaf_count=125 3337 330 3014 3311 2005 2765 263 203 2833 268 36 168 29 409 131 366 35 76 80 5123 925 46 220 425 40 46 3879 1101 780 87
internal_value=-1.38855e-05 -0.00888582 0.0199871 -0.00363591 -0.0159001 -0.0229644 0.00907111 0.00130288 -0.0202003 -0.00715048 -0.0132078 -0.0381903 -0.00435852 0.000669195 -0.00203297 0.0111961 -0.00874306 0.00784751 -0.00393465 -0.00433753 0.00576369 0.0121051 0.0235473 -0.00263477 -0.00753344 -0.00697453 -0.0256397 0.00858396 0.0167782 0.0122306
internal_weight=4079.21 2825.77 1253.44 2058.25 534.784 767.521 705.215 362.899 678.788 262.542 206.614 54.0435 152.57 1523.47 1135.72 168.495 140.75 63.3158 50.1031 967.227 232.469 186.026 100.357 99.2667 734.758 729.294 433.918 387.744 342.316 260.901
internal_count=32456 27072 5384 14258 5316 12814 2370 1240 10049 895 692 204 488 8942 7432 922 459 191 156 6510 1301 971 345 556 5209 5169 6712 1510 1130 867
cat_boundaries=0 1 2 3 4
cat_threshold=3274922 3170365 1920403 5636240
is_linear=0
shrinkage=0.05


Tree=25
num_leaves=31
num_cat=7
split_feature=0 3 22 0 14 3 14 20 17 20 22 14 3 5 16 24 14 11 3 20 14 8 14 4 5 3 17 3 2 8
split_gain=247.193 67.8991 62.9514 40.5569 23.7173 18.7457 17.3899 17.0309 16.913 14.9557 18.2947 16.5808 14.7429 14.0113 13.4926 12.9561 14.7848 13.6886 12.6297 14.5591 12.3809 12.2673 11.6859 11.1013 16.3522 11.0272 10.9835 10.9558 13.7501 11.9558
threshold=1.5000000000000002 35.860000000000007 -0.086666666666666434 3.5000000000000004 0 13.870000000000003 1 1.0991666666666655 3.5000000000000004 0.12000000000000278 1.7950000000000004 2 58.920000000000009 39.57500000000001 3 16.642500000000002 4 4.5000000000000009 19.310000000000006 -5.6183333333333332 5 6.6350000000000007 6 7.1550000000000011 53.900000000000013 49.845000000000006 1.5000000000000002 54.690000000000005 6.0950000000000006 6.745000000000001
decision_type=2 2 2 2 1 2 1 2 2 2 2 1 2 2 1 2 1 2 2 2 1 2 1 2 2 2 2 2 2 2
left_child=1 6 5 9 12 13 -1 15 20 10 11 -4 21 -2 26 -6 25 -18 19 -8 -7 -5 -16 24 -11 -17 -9 28 -23 -29
right_child=2 -3 3 4 7 8 18 14 -10 23 -12 -13 -14 -15 22 16 17 -19 -20 -21 -22 27 -24 -25 -26 -27 -28 29 -30 -31
leaf_value=0.0012429247349116316 -0.045055245785483373 0.03305701584705157 -0.015345612906721515 0.037048904966890506 -0.030529010937092062 0.0005900653656330853 -0.053087252329057859 0.026803104380313199 -0.026675674054391224 0.0093976097877245951 0.025382849160433919 0.0027694455481221359 0.045062940019220107 0.043393610109887168 -0.0026068995990997414 0.034540092193614001 -0.053498020132241308 -0.0080619222447886243 0.02297540366303439 0.0087731521707275408 -0.017433062335360055 -0.011787700096588498 -0.036619614706407476 0.030644814748572176 -0.033956716375118781 -0.029187640797733123 -0.0043943740658992847 0.012130204028854299 0.0098120730420677236 -0.06786586439303588
leaf_weight=354.74355018418282 89.488950081286021 529.07813838403672 207.37903671711683 18.813892702572048 232.81649275869131 166.63306381367147 10.991681825369595 37.70657139737159 260.10924461646937 446.76794223859906 55.364377876743674 299.65160007495433 17.362990813329816 4.7133161239325991 61.034316712059081 27.615359971299767 25.562093554995954 47.157763076014817 261.18485938757658 70.630611220374703 228.34979654615745 163.70146769005805 47.400888040661812 57.047898806631565 22.862644230946898 9.0005036499351245 112.04778511915356 7.1897550653666285 133.98365461081266 13.330965010449288
leaf_count=1208 2520 3052 1459 87 2618 1929 36 212 5213 2346 174 1755 70 46 483 139 207 341 910 208 3109 1551 461 282 139 57 999 44 776 115
internal_value=0.000839464 0.0195496 -0.00737736 -0.00283232 -0.010355 -0.0197745 0.00930443 -0.0162747 -0.0167756 0.00376236 -0.00190782 -0.00488777 0.00012885 -0.0406298 -0.00685118 -0.0238614 -0.00966354 -0.021128 0.0171112 0.000442709 -0.010256 -0.0021823 -0.0193116 0.00981706 0.00728703 0.0148261 0.00324419 -0.00450184 -0.00206596 -0.039838
internal_weight=4019.72 1226.63 2793.09 2043.8 954.725 749.294 697.551 600.342 655.092 1089.07 562.395 507.031 354.383 94.2023 258.19 342.152 109.336 72.7199 342.807 81.6223 394.983 337.02 108.435 526.678 469.631 36.6159 149.754 318.206 297.685 20.5207
internal_count=32546 5414 27132 14315 8160 12817 2362 5517 10251 6155 3388 3214 2643 2566 2155 3362 744 548 1154 244 5038 2573 944 2767 2485 196 1211 2486 2327 159
cat_boundaries=0 1 2 3 4 5 6 7
cat_threshold=1159299 130202 15112800 158 6293764 3694766 8800312
is_linear=0
shrinkage=0.05


Tree=26
num_leaves=31
num_cat=7
split_feature=22 18 14 6 3 3 5 6 18 18 14 14 22 14 14 4 1 4 8 14 6 20 3 22 1 3 5 13 22 24
split_gain=65.2822 32.1654 14.0296 13.845 14.68 12.9295 19.8374 14.1213 12.4331 12.3347 13.9602 11.3942 10.2916 10.6564 9.93333 10.9105 9.91345 9.64127 9.37596 9.2952 13.6052 9.05973 9.98818 8.93155 8.33175 8.38818 9.51345 8.38044 8.07094 11.5436
threshold=-0.33791666666666614 1.0000000180025095e-35 0 34.305000000000007 41.005000000000003 8.490000000000002 12.570000000000002 45.105000000000011 -0.13499999999999931 -0.028333333333333762 1 2 0.74733333333333418 3 4 1.7050000000000003 52.500000000000007 7.9050000000000011 6.9750000000000005 5 49.70000000000001 7.4555000000000051 17.515000000000004 1.5483333333333336 51.500000000000007 36.445000000000007 46.695000000000007 6 2.0033333333333339 14.865000000000002
decision_type=2 2 1 2 2 2 2 2 2 2 1 1 2 1 1 2 2 2 2 1 2 2 2 2 2 2 2 1 2 2
left_child=5 8 -3 -4 24 6 7 -1 -2 10 -7 16 13 -10 15 -11 23 -13 -17 20 28 22 -12 -6 25 27 -27 -5 29 -14
right_child=1 2 3 4 11 9 -8 -9 12 14 21 17 19 -15 -16 18 -18 -19 -20 -21 -22 -23 -24 -25 -26 26 -28 -29 -30 -31
leaf_value=-0.058019599864543039 0.042108928556330714 0.0036929915117746462 -0.014069686350968084 0.021372229113180735 0.017973016864798956 0.013199312972491337 0.029338758299961378 0.030595235019563433 0.010201631479072064 -0.055587401830799799 -0.0471768926784304 -0.010765475184450847 0.012201561558781337 -0.00050445096476373823 -0.0075328265088711174 -0.016766746495796431 -0.048174641114579649 0.044496901426773698 -0.061726890329714082 0.015254569850727318 -0.064796186087965016 0.012900407271308291 -0.010148053524226784 0.055846341159568262 -0.04233324460571887 -0.0403439357995811 0.011875372875196254 -0.0081458173766316266 0.027672802291660539 -0.0084954804730401536
leaf_weight=41.799563050735742 26.0763184055686 494.51171997049823 364.48748670890927 25.683471607044339 69.306004641577601 96.821034322492778 9.9221391300670785 5.0375553946942082 377.83010078687221 22.575208332389593 22.481565179303288 73.35023071616888 147.32284383382648 585.6382714714855 319.14663168555126 217.7140432971064 4.6796862911432973 8.844146238639949 12.248149924911557 538.53982024919242 6.9958220757544032 31.741911493241787 95.882880053017288 20.076126588508487 18.954899025149643 30.122501734644175 12.276727992109953 64.270340811926872 36.855859909206629 124.13613228220493
leaf_count=1378 123 3908 3351 177 550 708 99 70 2753 406 239 590 776 4265 3953 2933 33 60 210 2673 33 233 824 79 202 311 92 588 155 605
internal_value=0.000220848 0.00369554 -0.00272556 -0.00726045 9.46739e-05 -0.0118063 -0.0348836 -0.0484887 0.0078287 -0.0102062 -0.000867409 0.00990184 0.00733682 0.00379465 -0.0142399 -0.0215638 0.0205779 -0.0042965 -0.0191614 0.0113337 0.00402561 -0.0101442 -0.0171811 0.0264797 -0.0113295 -0.00688935 -0.0252238 0.00175248 0.00571778 0.00273696
internal_weight=3905.33 3029.96 1186.56 692.052 327.564 875.371 56.7593 46.8371 1843.4 818.611 246.927 176.256 1817.32 963.468 571.684 252.537 94.0618 82.1944 229.962 853.85 315.311 150.106 118.364 89.3821 151.308 132.353 42.3992 89.9538 308.315 271.459
internal_count=32377 21324 9941 6033 2682 11053 1547 1448 11383 9506 2004 1312 11260 7018 7502 3549 662 650 3143 4242 1569 1296 1063 629 1370 1168 403 765 1536 1381
cat_boundaries=0 1 2 3 4 5 6 7
cat_threshold=5309565 7866474 8546432 8851987 3591242 2180205 2
is_linear=0
shrinkage=0.05


Tree=27
num_leaves=31
num_cat=8
split_feature=0 21 0 22 22 22 14 18 11 11 18 14 24 7 14 14 14 4 5 18 16 4 18 18 19 14 0 18 4 14
split_gain=212.917 60.7777 60.5494 48.7873 20.5698 17.9281 16.655 16.5356 14.8387 13.9681 13.7426 13.5349 14.0621 13.4323 15.4368 12.6617 12.1334 16.8588 13.1565 11.7604 13.2444 14.7163 11.6877 11.4878 11.7629 21.7003 15.6299 14.4296 13.6775 12.985
threshold=1.5000000000000002 2.5000000000000004 5.5000000000000009 -0.086666666666666434 1.1100000000000001 0.8566666666666668 0 0.046000000000000714 9.5000000000000018 2.5000000000000004 -0.064999999999999933 1 1.6633333333333289 37.320000000000007 2 3 4 6.8850000000000007 49.850000000000009 0.0099999999999993445 5 3.7250000000000005 0.0049999999999994502 0.020000000000000909 2.5000000000000004 6 3.5000000000000004 0.010833333333333252 5.0550000000000006 7
decision_type=2 2 2 2 2 2 1 2 2 2 2 1 2 2 1 1 1 2 2 2 1 2 2 2 2 1 2 2 2 1
left_child=1 -1 3 23 10 -4 7 -7 9 11 -5 12 -3 16 -15 -11 17 -6 -19 20 22 -22 -17 24 25 -2 28 -27 -26 -30
right_child=2 8 5 4 13 6 -8 -9 -10 15 -12 -13 -14 14 -16 19 -18 18 -20 -21 21 -23 -24 -25 26 27 -28 -29 29 -31
leaf_value=0.033394322679403801 -0.020676073398049815 -0.035779756575307013 -0.03866160678727093 0.011964114730648623 -0.021312497229233299 0.013351228224333404 -0.030644675609934668 -0.070808764736404226 0.027514683030691614 0.011378309862708443 -0.0060660261620812221 0.027229436494731214 0.028155605921614507 -0.0047188053309952724 0.028337024811335196 -0.015036804820634018 0.0079965509544910624 0.078375595975819085 0.003763833686698974 -0.020452454552296176 -0.022508123209399142 0.027391746830282854 0.043284071393721521 -0.027730462156663478 -0.020960940575689684 0.0057326925812909955 -0.03322689834042232 0.059189178038865177 0.02456902628143013 -0.014073067976720421
leaf_weight=419.51406483072788 80.823793040355667 21.273092737421393 176.50342970597558 117.48479764536023 97.47055908292532 60.552269193809479 58.697475465480238 6.4590094015002242 101.85067352466285 234.70393734425306 1052.1515636462718 116.84104387275875 14.43651727773249 52.454120829701424 112.59478542115539 100.53811693564057 303.81569005735219 7.2240106984972945 32.441786164417863 80.042175220325589 18.599059645086527 71.870754491537809 9.3931386955082399 167.74952262500301 102.48570793168619 89.56998164858669 113.80532184499316 14.695032764691858 36.613583150319755 32.99796742759645
leaf_count=2569 1181 74 4458 624 485 368 499 72 462 875 8344 406 44 230 432 393 1289 19 163 295 69 245 27 3606 1361 988 2115 126 320 354
internal_value=0.000438343 0.018084 -0.00728523 -0.00464425 -0.00038134 -0.0283841 -0.0139538 0.00455898 0.00973768 0.00702597 -0.00425498 0.0203154 -0.00775936 0.00709513 0.0192625 0.00309056 0.00254085 -0.00944056 0.0173523 -0.00410484 0.00221973 0.0154279 -0.00921527 -0.0164947 -0.012493 -0.00267231 -0.0188507 0.0121058 -0.0093439 0.0077593
internal_weight=3905.65 1189.06 2716.59 2414.38 1775.64 302.212 125.709 67.0113 769.549 667.698 1169.64 152.551 35.7096 606.001 165.049 515.147 440.952 137.136 39.6658 280.443 200.401 90.4698 109.931 638.741 470.991 185.089 285.903 104.265 172.097 69.6116
internal_count=32493 5459 27034 21637 11586 5397 939 440 2890 2428 8968 524 118 2618 662 1904 1956 667 182 1029 734 314 420 10051 6445 2295 4150 1114 2035 674
cat_boundaries=0 1 2 3 4 5 6 7 8
cat_threshold=8762566 98472 7311616 13009517 9700965 326 7806273 3641796
is_linear=0
shrinkage=0.05


Tree=28
num_leaves=31
num_cat=6
split_feature=0 0 21 2 23 9 14 2 14 6 7 1 14 4 0 6 17 3 6 14 14 9 21 11 10 3 14 3 7 7
split_gain=202.984 55.9444 46.5437 22.8889 21.4817 18.3607 16.139 15.644 14.8644 16.9224 16.3008 14.7707 21.359 14.6764 14.1432 13.9443 13.9342 14.2042 12.0509 12.0259 11.6915 11.1476 11.4307 10.876 10.3739 10.1301 10.0114 9.9817 9.62573 9.45867
threshold=1.5000000000000002 3.5000000000000004 2.5000000000000004 4.9850000000000012 2.5000000000000004 2.5000000000000004 0 7.3550000000000013 1 32.635000000000012 34.445000000000007 42.500000000000007 2 5.1450000000000005 5.5000000000000009 18.810000000000006 4.5000000000000009 24.185000000000006 31.920000000000005 3 4 6.5000000000000009 2.5000000000000004 9.5000000000000018 1.5000000000000002 54.385000000000012 5 29.185000000000006 41.795000000000009 37.915000000000006
decision_type=2 2 2 2 2 2 1 2 1 2 2 2 1 2 2 2 2 2 2 1 1 2 2 2 2 2 1 2 2 2
left_child=2 3 -1 13 7 15 16 8 9 -3 -10 20 -13 18 19 -4 17 -7 28 21 -5 22 -6 -17 25 -12 -15 -28 -2 -22
right_child=1 4 5 11 14 6 -8 -9 10 -11 24 12 -14 26 -16 23 -18 -19 -20 -21 29 -23 -24 -25 -26 -27 27 -29 -30 -31
leaf_value=0.031982436827028678 -0.0359024746973967 -0.016198524991087603 -0.028231958973441371 -0.0056497762424438953 0.011276018000391205 -0.02436997340617874 0.011125696553211984 0.023858625878544308 -0.02678931662876699 0.011867283583943948 -0.036397048596608118 0.0090950952287003183 -0.014937689217834641 -0.015270068649170094 -0.034980836892380844 0.017640266620979776 -0.04213422463337544 0.010350206339833924 -0.0087329485944770986 -0.024460129676457311 0.0071020985404211387 -0.053138372852081575 -0.013069546012572097 0.04340793147449859 0.0026744105858511132 0.035304111119952901 0.034479637486260185 -0.025693352747217138 0.012936869968399618 0.022024657714760188
leaf_weight=395.77960897283629 89.109649115242064 90.782880620565265 14.788483772426842 133.16183908935636 69.318888628855348 46.980821050703526 249.46287065465003 36.214330613613129 186.4821563558653 131.51803320925683 35.615425180643797 153.66821315977722 206.58678847085685 23.689352632965893 143.31462756218389 280.60853962786496 27.080562353134155 78.974898586049676 178.81854270817712 261.80290722707286 429.2051605405286 13.071487911976872 158.35898973490112 47.947735607624054 116.55964152468368 5.7167631834745398 39.52944880258292 8.3472804669290763 11.376704390160738 141.09943546261638
leaf_count=2559 1381 862 55 874 510 178 994 206 1686 973 313 899 1462 254 3774 971 132 329 2086 3971 2548 183 2684 199 927 34 320 93 144 781
internal_value=0.000484165 -0.00707671 0.0181233 -0.000268116 -0.0147895 0.010769 0.00352342 -0.00800186 -0.010038 0.000388346 -0.0163061 0.00338469 -0.00484859 -0.0113422 -0.0211255 0.0192629 -0.0090074 -0.00260024 -0.0165185 -0.0171743 0.00760106 -0.00790685 -0.00565729 0.0214007 -0.00495746 -0.0264799 0.00885968 0.0198438 -0.0303731 0.0106081
internal_weight=3804.97 2663.35 1141.62 1414.59 1248.76 745.844 402.499 602.889 566.675 222.301 344.374 1063.72 360.255 350.871 645.867 343.345 153.036 125.956 279.305 502.552 703.466 240.749 227.678 328.556 157.892 41.3322 71.5661 47.8767 100.486 570.305
internal_count=32382 26965 5417 10842 16123 2858 1633 5001 4795 1835 2960 6564 2361 4278 11122 1225 639 507 3611 7348 4203 3377 3194 1170 1274 347 667 413 1525 3329
cat_boundaries=0 1 2 3 4 5 6
cat_threshold=1677538 801098 4797100 1481109 3412112 15270
is_linear=0
shrinkage=0.05


Tree=29
num_leaves=31
num_cat=1
split_feature=0 3 2 11 0 18 20 4 18 0 4 18 7 3 5 7 18 21 18 1 1 2 0 9 3 23 7 1 3 16
split_gain=161.281 52.2055 39.2307 26.1869 19.205 21.2166 19.1255 19.0479 12.2882 13.1546 11.0485 13.3317 11.4525 11.4694 10.8419 10.8055 10.2713 12.5617 12.9124 10.2555 10.4552 10.254 9.45651 9.3894 9.20187 9.05637 10.4823 11.7232 9.91615 9.88743
threshold=1.5000000000000002 35.860000000000007 4.7250000000000005 9.5000000000000018 3.5000000000000004 -0.10166666666666611 6.3924999999999992 4.705000000000001 -0.071666666666665865 5.5000000000000009 6.6850000000000014 0.043333333333333453 37.215000000000011 49.260000000000012 63.120000000000005 38.905000000000008 -0.026666666666665947 2.5000000000000004 -0.043333333333332551 47.500000000000007 45.500000000000007 6.8750000000000009 4.5000000000000009 2.5000000000000004 10.055000000000001 3.5000000000000004 41.795000000000009 37.500000000000007 21.965000000000003 0
decision_type=2 2 2 2 2 2 2 2 2 2 2 2 2 2 2 2 2 2 2 2 2 2 2 2 2 2 2 2 2 1
left_child=1 25 7 4 10 -6 15 22 -5 19 21 12 -12 -14 -15 -7 17 23 -19 20 -10 -4 -2 -17 -9 28 27 29 -1 -27
right_child=2 -3 3 8 5 6 -8 24 9 -11 11 -13 13 14 -16 16 -18 18 -20 -21 -22 -23 -24 -25 -26 26 -28 -29 -30 -31
leaf_value=-0.0037660781924888538 -0.02126196860584964 0.029028853736826551 -0.00014466779026781946 0.012464523237971783 0.036950608291118257 -0.015421316993990873 0.0085119036700753697 0.056037980712976332 -0.012884065844016204 -0.043894167880879631 0.018147223034301444 0.049675001080356773 0.012000488116692349 -0.069420580748716085 0.011268761929428077 -0.0015192867040782624 -0.0086024780396025003 -0.081960682375931182 0.02676123424913808 -0.03273321181144611 0.02464506797952308 0.025328666690905229 -0.040561529793432138 0.060111185120973 -0.0071769485281230633 -0.013900602969881061 0.028104319153895108 -0.0090744387183956509 0.019150257422925327 0.014572826870189744
leaf_weight=60.771128957159817 249.63377062627114 456.92361525353044 671.09120209468529 37.598370734136552 26.918585937470198 485.07098177121952 138.95613926346414 6.0007541617378584 263.71559347957373 42.007811423856765 109.54101646365598 24.411515599116683 21.081079229712486 12.215219414792957 6.3154290057718745 9.1697910428047198 86.039389149518684 5.035664682276547 5.9669577274471504 61.716482364106923 19.962932031601667 41.976965263485909 85.111166626913473 18.954066775739193 141.57085066079162 31.671888929791749 35.327818792313337 186.35518571455032 211.47057267744094 134.58234318718314
leaf_count=217 3929 3011 4052 313 126 4841 1042 63 3110 1041 548 114 107 58 33 61 879 63 49 826 200 185 3066 76 2003 108 121 638 842 468
internal_value=0.000175057 0.0160364 -0.00671924 -0.00375004 -0.000918941 -0.0066624 -0.00822943 -0.0195716 -0.0148262 -0.0174749 0.00410859 0.0154218 0.00981563 -0.0132243 -0.0419209 -0.0120416 0.00105639 0.0222963 -0.0229985 -0.0142617 -0.0102431 0.0013549 -0.026169 0.0400166 -0.00460642 0.00704408 0.00213824 -0.000463288 0.0140348 0.00918899
internal_weight=3687.16 1117.1 2570.06 2087.75 1662.74 776.112 749.193 482.317 425.001 387.403 886.632 173.564 149.153 39.6117 18.5306 610.237 125.166 39.1265 11.0026 345.395 283.679 713.068 334.745 28.1239 147.572 660.179 387.937 352.609 272.242 166.254
internal_count=32190 5405 26785 17724 12234 7137 7011 9061 5490 5177 5097 860 746 198 91 5969 1128 249 112 4136 3310 4237 6995 137 2066 2394 1335 1214 1059 576
cat_boundaries=0 1
cat_threshold=48
is_linear=0
shrinkage=0.05


Tree=30
num_leaves=31
num_cat=7
split_feature=0 3 0 2 2 19 0 14 2 1 24 14 14 4 14 20 18 14 2 3 20 1 2 14 0 24 24 20 20 14
split_gain=157.929 48.9365 39.3817 31.3314 22.494 15.2564 15.5929 15.2101 14.8525 14.7056 14.3343 21.7569 13.6894 14.6002 12.6508 17.853 12.5317 11.1132 15.0628 20.3195 15.7431 12.9341 12.4232 10.4926 11.8433 10.3733 9.99651 9.96788 17.5162 9.86244
threshold=1.5000000000000002 36.135000000000012 5.5000000000000009 5.5450000000000008 6.3950000000000005 2.5000000000000004 3.5000000000000004 0 5.5850000000000009 35.500000000000007 -3.5475000000000025 1 2 5.4850000000000012 3 7.9133333333333331 -0.12333333333333261 4 6.3450000000000006 55.660000000000004 16.78916666666667 59.500000000000007 7.4150000000000009 5 2.5000000000000004 17.452499999999997 31.745833333333341 -1.6908333333333336 1.0991666666666655 6
decision_type=2 2 2 2 2 2 2 1 2 2 2 1 1 2 1 2 2 1 2 2 2 2 2 1 2 2 2 2 2 1
left_child=1 14 3 5 16 9 12 -6 -5 10 11 -2 13 -7 15 -1 -4 21 20 25 23 22 -10 24 -19 -20 -9 -25 -29 -11
right_child=2 -3 4 8 7 6 -8 26 17 29 -12 -13 -14 -15 -16 -17 -18 18 19 -21 -22 -23 -24 27 -26 -27 -28 28 -30 -31
leaf_value=-0.0061503194508990573 0.020237789612485176 0.028299113552150198 0.047630219399482317 0.031613787231595275 0.0092753085729125901 -0.0055880849922319373 -0.027890398072576868 -0.047471145862352543 0.0017166885888701125 0.0018068751087038874 0.024313682619987551 -0.025616905806445035 -0.016156558219564205 0.040899657757308534 0.012581912468435081 0.032535763692176568 -0.038631650762813233 0.025603332846519708 0.00017333507559917741 -0.026746362464165559 0.047000597575758564 0.070712351680715421 0.041299915105429311 -0.032248122013166187 -0.012705843238993568 0.019506489506539031 0.019847619147276306 0.011653846992480978 -0.024546339678203688 -0.019916422191739891
leaf_weight=249.44467935431749 37.322958551347256 434.1757940268144 4.3188291396945706 35.310754754580557 61.427022077143192 59.345012239878997 221.0826194032561 30.218023817054927 536.26094397809356 84.43461686372757 68.747370620258152 48.579949943348765 258.27303924923763 23.608732206746936 363.94201004505157 33.87182979658246 167.55803517892491 31.799783408641815 214.23891767300665 54.004056677222252 10.64262017700821 7.1814875323325387 20.582987911999226 103.25884248595685 55.186258103698492 102.61575264111161 6.7456728424876919 51.155093789100647 96.36536618322134 143.77969101304188
leaf_count=922 423 2989 34 253 556 706 4049 400 3383 961 526 787 3143 153 1355 120 4418 162 1635 409 63 20 102 909 470 517 36 385 783 1714
internal_value=-0.000683905 0.0153126 -0.00751061 -0.00535689 -0.0255503 -0.0123046 -0.0175464 -0.00648528 -0.000376742 -0.00460615 0.00729761 -0.00632022 -0.0108444 0.00682021 0.00660136 -0.00147322 -0.0364641 -0.00125699 -0.00533628 0.00160276 -0.0128756 0.00396932 0.00317983 -0.0147622 0.00116504 0.00643452 -0.0276937 -0.0195536 -0.0119933 -0.0126728
internal_weight=3615.48 1081.43 2534.04 2263.78 270.268 945.174 562.309 98.3907 1318.6 382.865 154.65 85.9029 341.227 82.9537 647.259 283.317 171.877 1283.29 719.267 370.859 348.408 564.025 556.844 337.765 86.986 316.855 36.9637 250.779 147.52 228.214
internal_count=32383 5386 26997 21553 5444 12462 8051 992 9091 4411 1736 1210 4002 859 2397 1042 4452 8838 5333 2561 2772 3505 3485 2709 632 2152 436 2077 1168 2675
cat_boundaries=0 1 2 3 4 5 6 7
cat_threshold=374502 2303780 2163778 6383758 3224349 16418 5919376
is_linear=0
shrinkage=0.05


Tree=31
num_leaves=31
num_cat=4
split_feature=0 2 0 22 22 14 8 2 14 14 22 14 22 7 7 8 11 21 5 6 6 7 1 7 3 1 6 1 22 2
split_gain=126.741 43.7917 36.7852 28.1416 19.3341 14.9139 14.2477 14.0902 13.0079 12.8446 12.9391 10.5435 10.1502 22.4264 11.4499 10.1087 9.53188 9.21142 9.06521 10.9487 10.8642 10.873 12.7529 12.1238 9.60171 8.60373 8.59358 8.55072 10.991 10.9529
threshold=1.5000000000000002 5.4250000000000007 4.5000000000000009 0.82816666666666638 1.0583333333333333 0 6.6450000000000005 7.4150000000000009 1 2 -1.3633333333333328 3 -0.79266666666666674 29.120000000000005 38.480000000000011 7.1250000000000009 7.5000000000000009 1.5000000000000002 37.470000000000006 40.155000000000008 31.135000000000002 35.245000000000012 34.500000000000007 40.165000000000006 48.495000000000005 26.500000000000004 48.315000000000005 35.500000000000007 1.0249999999999999 4.7250000000000005
decision_type=2 2 2 2 2 1 2 2 1 1 2 1 2 2 2 2 2 2 2 2 2 2 2 2 2 2 2 2 2 2
left_child=1 8 4 6 9 -6 -4 18 12 -2 -11 25 13 -1 -15 27 -17 -3 24 20 21 22 -20 -23 -7 -5 -14 29 -29 -12
right_child=2 17 3 11 5 7 -8 -9 -10 10 15 -13 26 14 -16 16 -18 -19 19 -21 -22 23 -24 -25 -26 -27 -28 28 -30 -31
leaf_value=0.032795056119642486 -0.01155980573019557 0.035689884894898327 0.010550737920725292 0.052527210123446626 -0.0058676515895288509 0.011428705849547825 -0.028879711950706013 0.056430556143579384 0.011814751639690995 -0.037510852157209562 -0.012954339392371587 -0.012048033562785526 -8.0379966837411019e-05 -0.057273682438953699 0.00049194434213569187 0.068763690656110571 -0.020726614574625945 0.020792235264732211 0.033367581767555658 -0.021824994188879881 0.022478069598774363 0.045731461052511066 -0.030369750777744599 -0.014634425441576119 0.045008474983552295 0.0037691964411535901 0.048703795219674863 -0.0042957953068153681 -0.06131750234200422 0.010846074815368595
leaf_weight=13.997041024267672 564.18746316526085 162.49937945045531 24.629252223297954 10.034935705363749 174.93966248072684 64.590681789442897 328.1513107214123 17.239240478724241 344.83515467960387 24.65750592155382 62.082678419072181 162.30606362968683 200.00152894295752 29.362846392206848 12.118907032534478 9.7175775058567506 4.2887813225388518 287.04825424449518 9.7291192486882192 34.445505889132619 79.225086651742458 18.557250056415796 40.590792316943407 15.073891431093214 31.753202606923878 91.959311854094267 9.4539825394749624 520.7273659366183 8.590190611779688 218.36551996786147
leaf_count=44 6263 1323 362 49 885 286 8588 74 1238 581 775 1226 712 128 44 62 40 1856 31 141 343 71 177 58 112 597 30 4785 47 1528
internal_value=-0.000170612 0.0143374 -0.00627935 -0.0168848 -0.00283267 0.00576788 -0.0261269 0.0121081 0.00560857 -0.00579251 -0.00179991 -0.00454872 -0.00280923 -0.0219313 -0.0403974 -0.000752846 0.0413615 0.0261773 0.00992076 0.00379013 0.00919733 -0.00333578 -0.0180464 0.0186747 0.022496 0.00780147 0.00212154 -0.00148129 -0.00522119 0.00557739
internal_weight=3575.16 1059.32 2515.84 617.081 1898.76 486.144 352.781 311.205 609.769 1412.62 848.43 264.3 264.934 55.4788 41.4818 823.772 14.0064 449.548 293.966 197.622 163.176 83.9511 50.3199 33.6311 96.3439 101.994 209.456 809.766 529.318 280.448
internal_count=32456 5375 27081 10822 16259 2178 8950 1293 2196 14081 7818 1872 958 216 172 7237 102 3179 1219 821 680 337 208 129 398 646 742 7135 4832 2303
cat_boundaries=0 1 2 3 4
cat_threshold=11290182 127623 15604753 11468938
is_linear=0
shrinkage=0.05


Tree=32
num_leaves=31
num_cat=7
split_feature=0 22 2 0 14 14 0 18 22 22 14 2 14 17 18 22 8 18 14 1 1 2 14 0 22 0 20 14 6 17
split_gain=91.8525 44.5122 41.3014 17.8828 17.1007 15.4933 14.3603 13.4322 13.4045 13.0257 19.2146 12.8447 12.6412 12.5957 11.9698 12.8332 10.8958 12.8617 10.6346 12.4663 10.3002 10.2989 12.0723 10.1599 9.92241 9.41105 12.0428 13.3393 11.1454 9.26184
threshold=2.5000000000000004 0.32333333333333375 6.205000000000001 5.5000000000000009 0 1 1.5000000000000002 -0.046666666666667293 0.91333333333333366 -0.079999999999999835 2 7.285000000000001 3 3.5000000000000004 -0.041666666666666512 1.3116666666666672 6.705000000000001 -0.041666666666666512 4 41.500000000000007 35.500000000000007 4.5150000000000006 5 5.5000000000000009 1.2873333333333339 1.5000000000000002 -0.059999999999996938 6 31.075000000000003 2.5000000000000004
decision_type=2 2 2 2 1 1 2 2 2 2 1 2 1 2 2 2 2 2 1 2 2 2 1 2 2 2 2 1 2 2
left_child=2 3 9 5 7 13 -4 8 -3 18 29 -6 -8 20 15 -9 17 -14 19 -1 -2 -15 -23 -16 -18 -12 27 -27 -29 -11
right_child=1 4 6 -5 11 -7 12 14 -10 10 25 -13 16 21 23 -17 24 -19 -20 -21 -22 22 -24 -25 -26 26 -28 28 -30 -31
leaf_value=0.018781702483230432 0.013446333111154367 -0.0036473713403996572 0.030291369224519599 -0.037822839704886937 -0.0089698787682424338 -0.022382730174156436 0.025801127671405272 -0.078717748676409321 0.039638167672502576 0.0061091537271773114 0.02118955104218357 0.020463982581042529 0.0075005503465150301 -0.038213387889587447 0.0074770115232295226 0.014982063563354464 -0.0063082393472678987 -0.061243843930395718 -0.0061182002932213993 -0.0079810048705282952 -0.0086569036284608585 -0.027663439542532194 0.0062642699168855972 -0.015971454155935056 0.024586196519894545 -0.022909732947371895 0.018295949034180685 0.025165369611070073 -0.036767356861335254 -0.013886447044356648
leaf_weight=113.29509658832103 93.177761075552553 27.213237544521689 226.0845253765583 91.846679033478722 538.81619636388496 304.01494442939293 86.63976376503706 9.1365737840533239 52.18139067478478 120.97877378854901 247.46294946782291 39.803530358243734 13.66032191924751 44.513076081406325 311.76330325659364 6.0899567790329447 53.162111978046596 13.556095518171785 407.6496295533143 70.645085579715669 121.35221087699756 35.898715826217085 57.868190841283649 54.231477813795209 50.847102271392941 45.81349094491452 104.40850529028103 39.972995901480317 8.8776615075767022 111.09053125139326
leaf_count=704 1110 178 1750 3587 4099 5301 505 80 198 674 1411 249 66 1147 1949 27 399 103 2509 508 1437 665 867 605 190 353 621 247 78 672
internal_value=6.58598e-05 -0.0078629 0.00833581 -0.0171579 -0.00116675 -0.0142682 0.0214638 0.0059625 0.0248017 0.00374742 0.00847498 -0.00682712 0.0123031 -0.00645848 0.0021954 -0.0412419 0.00132419 -0.02674 -0.0016755 0.00806463 0.000943294 -0.0184088 -0.00900714 0.00400252 0.00879516 0.0143576 0.00658608 -0.00632917 0.0115466 -0.00331961
internal_weight=3502.05 1787.91 1714.14 748.672 1039.24 656.825 443.95 460.616 79.3946 1270.19 678.605 578.62 217.865 352.81 381.221 15.2265 131.226 27.2164 591.59 183.94 214.53 138.28 93.7669 365.995 104.009 446.536 199.073 94.6641 48.8507 232.069
internal_count=32289 21499 10790 14114 7385 10527 3013 3037 376 7777 4056 4348 1263 5226 2661 107 758 169 3721 1212 2547 2679 1532 2554 589 2710 1299 678 325 1346
cat_boundaries=0 1 2 3 4 5 6 7
cat_threshold=1323482 10084525 3156170 4621845 10881098 9470084 8689172
is_linear=0
shrinkage=0.05


Tree=33
num_leaves=31
num_cat=0
split_feature=0 2 2 0 20 1 20 8 18 6 18 8 0 5 3 6 5 20 21 20 11 3 20 6 6 2 7 8 1 9
split_gain=85.0599 45.4753 33.5707 26.2704 19.0161 14.5567 14.2946 12.5106 15.362 13.2774 12.3799 16.0604 12.289 13.8178 11.2289 11.1706 11.1743 10.9333 10.7798 14.7821 10.6775 10.1148 9.96922 11.1485 11.0132 12.8999 11.0154 16.6261 11.2374 10.5488
threshold=1.5000000000000002 5.495000000000001 6.1950000000000012 5.5000000000000009 -0.91416666666666646 52.500000000000007 7.9133333333333331 6.9450000000000012 -0.016666666666667048 38.115000000000009 0.023333333333332987 7.0750000000000011 3.5000000000000004 39.57500000000001 24.650000000000002 1.0000000180025095e-35 25.105000000000004 -0.28583333333332911 2.5000000000000004 -15.740833333333333 6.5000000000000009 15.435000000000002 2.1899999999999999 48.035000000000004 29.515000000000004 7.1450000000000005 38.905000000000008 6.8250000000000011 32.500000000000007 2.5000000000000004
decision_type=2 2 2 2 2 2 2 2 2 2 2 2 2 2 2 2 2 2 2 2 2 2 2 2 2 2 2 2 2 2
left_child=1 6 3 4 21 10 7 9 -9 15 -6 -12 13 -4 -11 -1 -17 -7 22 -20 -16 -2 24 -24 29 26 27 -26 -29 -14
right_child=2 -3 12 -5 5 17 -8 8 -10 14 11 -13 18 -15 20 16 -18 -19 19 -21 -22 -23 23 -25 25 -27 -28 28 -30 -31
leaf_value=-0.041589296604577851 -0.042150184619239438 0.024520300989506055 0.022848815759679515 -0.031004022004644527 0.0024609128826270396 0.037926397004825724 0.024159519333740789 0.018670337387012327 -0.040933062247253724 -0.041276740390742701 -0.017212344035360889 0.042238514532236641 -0.015210175419180127 0.0026612384701288194 0.018359226625481808 4.5346585666964696e-05 0.016617917826778468 -0.027450844034266144 0.086647842498258812 -0.030121818361865605 -0.040501291156109384 -0.01345935704056709 0.013698311575098158 -0.028336777977210455 -0.038609992149269447 -0.05097182127187358 0.021294978967228557 -0.070210491887837387 0.016009185863894354 0.018445376814319871
leaf_weight=12.065001226961611 32.526169585995376 402.29486150853336 115.98737380839884 137.83646346791647 577.77105673938058 6.932948160916566 69.995360589586198 15.379303889349101 36.389936201274395 29.40504558198154 157.07826283946633 12.245680246502159 38.435162127017975 314.87509698793292 25.12450631801039 235.03937485814095 179.31155468150973 82.415065227542073 2.8549188096076241 53.502329151611775 11.112690489739178 552.96957838814706 138.69640821311623 17.797791283577681 45.150612444616854 23.0731689510867 22.541669161990285 4.2578981178812674 33.610321338288486 59.056272187735885
leaf_count=38 982 3103 656 4139 5461 66 257 50 137 112 2312 110 321 1954 107 850 722 1044 19 1063 46 6625 813 114 366 234 150 48 258 347
internal_value=-0.00069302 0.0114545 -0.00577339 -0.0101624 -0.00814214 -0.0033045 0.00289131 0.000153904 -0.0232264 0.00261374 -0.00102343 -0.0129128 0.00209694 0.0080957 -0.0183199 0.00583625 0.00721717 -0.0223779 -0.00379093 -0.0242066 0.000308749 -0.0150532 -0.000783842 0.00891774 -0.00749801 -0.0171044 -0.00970169 -0.0181181 0.00631466 0.00517696
internal_weight=3445.73 1016.12 2429.61 1559.78 1421.94 836.443 613.823 543.827 51.7692 492.058 747.095 169.324 869.839 430.862 65.6422 426.416 414.351 89.348 438.977 56.3572 36.2372 585.496 382.619 156.494 226.125 128.634 105.561 83.0188 37.8682 97.4914
internal_count=32504 5422 27082 20739 16600 8993 2319 2062 187 1875 7883 2422 6343 2610 265 1610 1572 1110 3733 1082 153 7607 2651 927 1724 1056 822 672 306 668
is_linear=0
shrinkage=0.05


Tree=34
num_leaves=31
num_cat=0
split_feature=0 22 21 0 22 6 8 24 0 18 5 3 22 8 20 24 10 24 20 17 20 6 6 17 20 7 3 9 8 17
split_gain=70.1553 42.4417 37.6807 24.4192 14.9401 14.8317 12.925 12.5595 12.3985 11.8108 11.8031 11.6793 10.9745 10.2585 9.65685 10.5534 10.3833 9.21149 10.0362 11.5098 9.21136 9.02809 8.9423 8.52413 11.6444 11.3328 8.88562 9.28382 10.1287 9.30936
threshold=1.5000000000000002 0.65916666666666679 2.5000000000000004 5.5000000000000009 -1.3633333333333328 18.810000000000006 6.7750000000000012 -6.1850000000000005 3.5000000000000004 0.038333333333332671 38.870000000000012 32.640000000000008 2.6100000000000003 6.995000000000001 3.3291666666666662 12.874166666666669 17.500000000000004 20.454166666666669 13.672333333333338 1.5000000000000002 -6.3250000000000002 33.865000000000002 19.395000000000007 5.5000000000000009 -3.4266666666666672 31.345000000000002 41.260000000000012 5.5000000000000009 6.6950000000000012 4.5000000000000009
decision_type=2 2 2 2 2 2 2 2 2 2 2 2 2 2 2 2 2 2 2 2 2 2 2 2 2 2 2 2 2 2
left_child=2 3 -1 4 10 6 -4 -8 13 17 -2 -7 23 -3 16 -16 -11 18 -6 -20 22 -15 -19 26 -25 -26 27 28 -10 -30
right_child=1 8 5 -5 9 11 7 -9 12 14 -12 -13 -14 21 15 -17 -18 20 19 -21 -22 -23 -24 24 25 -27 -28 -29 29 -31
leaf_value=0.025086804389787457 -0.041254563916352516 0.0059064699009487038 -0.060375512677665194 -0.033058658984712913 -0.0079650353713463223 0.0016505548201810449 0.048921209014895467 -0.037435087876637123 -0.042420759104018081 -0.029785016042323382 0.045807482732294187 0.01679277070510718 0.040278088794501669 0.060180062558134018 0.0048862574079160228 -0.078583227165963151 0.069795316341917088 0.024171129005667202 0.047640700668625108 -0.0028892244767371282 0.025995299593771518 0.0068344459319870793 -0.08672140266881756 -0.066887507829384907 0.027105845580575272 -0.03159129809827424 0.0019532107792708275 -0.046082992372927054 0.0051526683940764512 -0.045538003384877887
leaf_weight=310.66956805391237 50.48546129767783 507.65832956135273 16.256576338782907 115.47242949018255 899.08248216658831 471.45736375078559 7.7506980225443867 9.2178578525781614 17.687132390215993 118.50340549950488 4.2182215414941302 174.46851646993309 14.102523248642681 16.910722505301241 47.526937342481688 4.1146684456616631 2.6768890172243109 3.3932309150695792 17.601378779858351 31.328154896385968 38.42720001982525 14.936435342766343 3.9160080021247268 12.120433882810174 12.968193810433148 22.474742079153657 329.1883663055487 18.856934159528464 76.018275123089552 10.282543604262171
leaf_count=2545 1651 2463 67 4222 10719 1640 25 42 127 2435 58 1090 53 61 749 66 17 25 103 357 338 73 38 164 99 210 2119 139 536 137
internal_value=-0.000530854 -0.00516682 0.0106628 -0.0110811 -0.00900313 0.00406475 -0.0285145 0.00200973 0.00233972 -0.00780558 -0.0345412 0.00574056 -0.00321985 0.00763336 -0.0198696 -0.00176437 -0.0275853 -0.00570753 -0.00676489 0.0152879 0.016209 0.0351608 -0.0352408 -0.00444771 -0.0245819 -0.0101146 -0.00232917 -0.0138047 -0.00795141 -0.000887008
internal_weight=3379.77 2389.95 989.821 1336.75 1221.27 679.151 33.2251 16.9686 1053.2 1166.57 54.7037 645.926 513.699 539.505 172.822 51.6416 121.18 993.748 948.012 48.9295 45.7364 31.8472 7.30924 499.597 47.5634 35.4429 452.033 122.845 103.988 86.3008
internal_count=32368 26959 5409 20778 16556 2864 134 67 6181 14847 1709 2730 3584 2597 3267 815 2452 11580 11179 460 401 134 63 3531 473 309 3058 939 800 673
is_linear=0
shrinkage=0.05


Tree=35
num_leaves=31
num_cat=6
split_feature=2 22 18 18 14 18 4 4 2 14 7 20 20 18 4 14 1 3 7 14 6 20 7 14 9 20 22 2 5 14
split_gain=37.0414 22.7279 13.8584 13.4404 17.4219 11.1859 12.9979 13.9458 11.012 10.9788 10.3696 10.2342 9.79953 9.23868 8.94943 15.8772 14.2924 10.2905 19.1185 9.64447 11.1686 8.58004 9.6952 8.19976 8.06202 8.01563 7.61319 7.54998 7.45158 7.34134
threshold=6.1950000000000012 -1.1749999999999994 0.0099999999999993445 0.041666666666666526 0 -0.040000000000000473 6.1550000000000011 6.5450000000000008 3.8650000000000007 1 38.480000000000011 -6.5136666666666683 9.1833333333333353 -0.023333333333333869 3.9050000000000007 2 37.500000000000007 31.470000000000002 24.785000000000004 3 41.945000000000007 5.2950000000000044 21.405000000000005 4 7.5000000000000009 7.7741666666666669 0.36333333333333356 6.4050000000000011 45.415000000000013 5
decision_type=2 2 2 2 1 2 2 2 2 1 2 2 2 2 2 1 2 2 2 1 2 2 2 1 2 2 2 2 2 1
left_child=1 2 11 14 8 6 -2 10 -5 28 27 -1 -6 23 15 17 -17 18 -3 -16 21 -21 -23 -13 -10 -18 -11 -8 -9 -7
right_child=5 3 -4 4 12 29 7 9 24 26 -12 13 -14 -15 19 16 25 -19 -20 20 -22 22 -24 -25 -26 -27 -28 -29 -30 -31
leaf_value=-0.056535434572388812 0.033025561791662376 0.027879519309830708 -0.042545745496130577 -0.065786827111544752 -0.031843190849582419 -0.0015353902629123934 -0.068386052514420023 0.053264758436406656 -0.00012561782157601405 -0.011963797594595364 0.022634731988541462 0.0067125539275261249 0.013623913609625263 0.01038798517058985 0.0057020619856913736 0.012407690610831423 -0.022657885842521014 -0.0011116337293139453 -0.03590704270672556 -0.0029797838921838925 0.011620833845299793 0.035229733770902154 -0.027893291627220835 -0.035679235161174494 0.048443992960665053 0.02652157389559022 0.039634771671253011 -0.014314701043967563 -0.0076857691987098622 0.0084734469506793381
leaf_weight=10.950648348312823 83.081946861930192 13.320224255323408 54.462892161915079 6.0517942002043119 114.72275344375521 295.69228417240083 8.1186471227556449 5.5949900839477769 126.95293799089268 8.0826125349849445 15.6896452344954 19.53439676342532 13.21610590489581 45.080968267284334 603.64432080090046 123.46947539364919 60.238668388687074 49.935202318709344 99.477405936922878 732.50874086562544 123.15912293456495 6.7580151781439772 60.905508301686496 21.207976249279454 9.1603572629392129 9.6066559012979251 61.874032896012068 31.520090522244573 48.338029845617712 475.30953113595024
leaf_count=269 532 116 1686 90 1870 2647 66 33 1653 95 90 280 139 858 4994 1221 669 402 1163 6793 1036 52 587 441 72 102 339 200 375 3603
internal_value=-0.00010679 -0.00363399 -0.0223701 -0.00231795 -0.0127484 0.00775921 0.0166783 0.00910005 0.000195106 0.0184209 -0.011771 -0.0110156 -0.0251784 -0.0052075 -0.000821792 -0.00796021 0.00207498 -0.0188504 -0.0283745 0.000842685 -0.0023703 -0.00455338 -0.0215888 -0.0224637 0.00314309 -0.0158937 0.0294618 -0.0253894 -0.00114963 0.00472488
internal_weight=3337.67 2304.36 151.237 2153.13 270.104 1033.3 262.3 179.218 142.165 123.89 55.3284 96.774 127.939 85.8233 1883.02 356.048 193.315 162.733 112.798 1526.98 923.331 800.172 67.6635 40.7424 136.113 69.8453 69.9566 39.6387 53.933 771.002
internal_count=32473 24493 3534 20959 3824 7980 1730 1198 1815 842 356 1848 2009 1579 17135 3673 1992 1681 1279 13462 8468 7432 639 721 1725 771 434 266 408 6250
cat_boundaries=0 1 2 3 4 5 6
cat_threshold=4809757 13453556 8766668 6406370 6045726 6705922
is_linear=0
shrinkage=0.05


Tree=36
num_leaves=31
num_cat=8
split_feature=0 3 0 18 14 3 6 16 7 14 21 9 14 14 18 20 18 16 14 18 7 18 19 2 2 5 11 4 18 14
split_gain=75.321 32.5442 26.3125 15.894 16.5654 15.7074 13.9318 15.2653 12.2316 15.3062 15.1191 12.1746 11.4944 11.4487 16.1492 9.92384 11.8299 9.60617 9.52565 16.0234 17.0897 8.79191 8.56083 9.06956 8.47714 8.31077 8.3022 14.6874 9.13384 8.16939
threshold=1.5000000000000002 38.485000000000007 5.5000000000000009 -0.07633333333333335 0 32.475000000000001 35.115000000000002 1 37.995000000000012 2 1.5000000000000002 6.5000000000000009 3 4 -0.028333333333333762 -2.5833333333333299 -0.054999999999999265 5 6 -0.0416666666666674 23.125000000000004 0.035000000000000593 2.5000000000000004 5.9850000000000012 3.6350000000000002 5.9400000000000004 2.5000000000000004 1.0000000180025095e-35 0.04816666666666692 7
decision_type=2 2 2 2 1 2 2 1 2 1 2 2 1 1 2 2 2 1 1 2 2 2 2 2 2 2 2 2 2 1
left_child=1 18 3 4 -2 6 -5 24 9 -7 11 17 15 14 -4 -12 -17 -10 19 -1 -21 -22 -19 -24 -8 -6 -20 -28 -29 -18
right_child=2 -3 13 5 25 8 7 -9 10 -11 12 -13 -14 -15 -16 16 29 22 26 20 21 -23 23 -25 -26 -27 27 28 -30 -31
leaf_value=0.016953855777830155 -0.0085904104933666858 0.02477488332559628 0.032855278493140246 -0.01830590212146576 -0.029853377333115216 0.0019223853356616705 -0.038758454629235481 -0.012643144698440923 0.025605056046181768 -0.01039656501269846 0.03358792265719087 0.068239447430454472 -0.013570684688170806 -0.027460131161016973 -0.019527089528264624 0.058275683839328012 -0.025269905239828146 -0.029958421744792654 0.022415737104679607 0.038372240058673408 -0.022169162020644839 0.011222589838586625 -0.048936751655359663 0.019582190764841339 0.015054841810918471 0.029381165580451469 -0.027653660266320414 0.011626716471917969 -0.020286014539723868 0.0087506632014100662
leaf_weight=69.314475237391889 62.851854724809527 307.17280020099133 22.749757184181362 331.50110170897096 6.3320582965388885 487.43696013535373 7.8568504885770372 159.76526660169475 68.701063711196184 512.10856941621751 31.475418820977211 11.529080802574752 99.879833585582674 166.28402157872915 41.653464118251577 7.4648701231926671 23.663078727200627 18.818878602236509 97.638458936475217 15.427771959453819 125.27961584180593 23.393608821555972 5.560289626941084 36.747586090117693 106.76532745105214 91.325452769640833 29.80342049151659 283.74743815232068 24.34528492577374 31.687858954071999
leaf_count=289 427 2580 278 6076 64 3457 224 2456 318 4679 272 42 975 4050 1013 41 264 92 415 49 548 103 38 186 1250 485 112 1176 108 263
internal_value=-0.000359465 0.011302 -0.00524037 -0.00348073 0.0116404 -0.00473118 -0.011408 -0.00307431 -0.00170108 -0.0044739 0.00655921 0.0189987 -0.00249675 -0.0212699 -0.000886001 0.0096494 -0.000809446 0.014626 0.00511546 -0.00307154 -0.0117172 -0.016915 -0.00163494 0.0105771 0.0104541 0.0231681 0.00935875 0.00586277 0.00910499 -0.00877793
internal_weight=3308.28 976.123 2332.16 2101.47 160.509 1940.96 605.889 274.387 1335.07 999.546 335.528 141.357 194.171 230.687 64.4032 94.2912 62.8158 129.828 668.95 233.415 164.101 148.673 61.1268 42.3079 114.622 97.6575 435.535 337.896 308.093 55.3509
internal_count=32330 5380 26950 21609 976 20633 10006 3930 10627 8136 2491 676 1815 5341 1291 840 568 634 2800 989 700 651 316 224 1474 549 1811 1396 1284 527
cat_boundaries=0 1 2 3 4 5 6 7 8
cat_threshold=15258756 354 2724541 6081059 273536 369 1106090 4982786
is_linear=0
shrinkage=0.05


Tree=37
num_leaves=31
num_cat=5
split_feature=18 13 14 18 20 22 1 14 18 6 7 3 22 14 18 4 1 24 22 20 11 14 3 1 4 11 18 7 7 18
split_gain=20.0618 16.0465 14.5168 14.6511 12.4007 11.1028 11.4074 11.8012 11.1693 10.616 10.3237 9.88781 9.81837 9.58118 8.84901 8.62037 8.46781 8.95692 8.15421 8.00012 7.90536 7.85852 7.78719 7.62954 8.24651 7.62465 7.59375 7.57836 7.49953 7.34453
threshold=-0.041666666666666512 0 1 -0.13499999999999931 -18.568333333333332 -2.4358333333333335 27.500000000000004 2 0.0054999999999996172 34.790000000000006 20.865000000000002 19.095000000000002 0.78833333333333366 3 -0.11499999999999976 5.8250000000000011 55.500000000000007 12.249166666666666 0.91333333333333366 7.6091666666666695 1.5000000000000002 4 44.32500000000001 56.500000000000007 5.8650000000000011 8.5000000000000018 -0.0039999999999991145 44.475000000000001 1.0000000180025095e-35 -0.036666666666666618
decision_type=2 1 1 2 2 2 2 1 2 2 2 2 2 1 2 2 2 2 2 2 2 1 2 2 2 2 2 2 2 2
left_child=2 13 -1 -4 -3 -6 7 29 -8 12 -10 -5 20 15 -13 22 28 -18 -11 -12 -9 -21 -2 24 -15 -23 -20 -17 -16 -7
right_child=1 4 3 11 5 6 8 9 10 18 19 14 -14 23 16 27 17 -19 26 21 -22 25 -24 -25 -26 -27 -28 -29 -30 -31
leaf_value=0.014969053165634256 -0.059365583973997486 -0.042290768597142564 0.039302362516898809 -0.028001460159497372 -0.04753502027061729 -0.075583646553287226 -0.0019446892281937353 0.027199741782766313 0.018294850830177657 0.028317543276109487 -0.013983999890299678 -0.038554361955480974 0.031586810689539759 0.02171869665044035 0.055289623486696672 -0.002442074004477583 -0.073526092990298234 0.021535187889036911 -0.067881880681495463 -0.013342403995285471 -0.013614494149347926 0.028200306546564496 -0.011060332291343818 0.040995188337222772 0.0037240406216878853 -0.02323750306895821 0.019243917362420294 0.033494739341835854 0.0026019437819000814 -0.0072137276519355356
leaf_weight=300.15095473290421 11.712501933798192 22.228398378938437 23.341770235449076 32.241834031417966 15.008289873832835 4.0913354810327283 748.54336199001409 14.230379801243542 29.38628913462162 88.218407053500414 594.44059467629995 13.754014694131909 20.646048493683338 78.092942578718066 6.8858630489557973 218.73040120955557 7.2263284870423359 3.7710560848936439 4.4571014810353518 35.008842819835991 71.352304234635085 36.683113782666624 29.002870009280741 17.225461157038808 344.69026518473402 8.9650368937291187 5.6983600202947837 15.724858691915868 352.47054979717359 98.403784516267478
leaf_count=2296 140 317 112 426 794 41 6712 164 357 940 7861 99 122 616 34 1947 71 16 30 443 1068 306 292 93 2971 160 34 118 2604 1292
internal_value=-0.000512753 -0.00264367 0.00672396 0.000738291 -0.0051482 -0.0047121 -0.00434696 0.00440874 -0.00619747 0.0110577 -0.0107162 -0.00140599 0.000638057 0.00367126 0.000826421 -0.00358928 0.00228892 -0.0409291 0.0234334 -0.0119791 -0.00682805 0.00279732 -0.0249562 0.00819068 0.00704786 0.014846 -0.0189945 -3.18005e-05 0.00361153 -0.00905903
internal_weight=3252.38 2512.54 739.842 439.691 1797.36 1775.13 1760.12 307.098 1453.03 204.603 704.484 416.35 106.229 715.179 384.108 275.171 370.354 10.9974 98.3739 675.098 85.5827 80.657 40.7154 440.009 422.783 45.6482 10.1555 234.455 359.356 102.495
internal_count=32476 26818 5658 3362 20641 20324 19530 3691 15839 2358 9127 3250 1354 6177 2824 2497 2725 87 1004 8770 1232 909 432 3680 3587 466 64 2065 2638 1333
cat_boundaries=0 1 2 3 4 5
cat_threshold=1 13802050 9376448 6472458 9033856
is_linear=0
shrinkage=0.05


end of trees

feature_importances:
stadium_code=167
exhibition_time_diff_mean=135
win_rate_all_diff_mean=134
boat_number=113
top2_rate_all=70
motor_win_rate_diff_mean=63
motor_win_rate=55
win_rate_all=52
top2_rate_local_diff_mean=42
boat_win_rate=41
player_age=40
win_rate_local=37
win_rate_all_rank_in_race=34
race_number=31
top2_rate_local=30
exhibition_time=29
exhibition_time_rank_in_race=23
wind_direction=10
top2_rate_local_rank_in_race=10
wind_speed=9
wave_height=5
motor_win_rate_rank_in_race=5
player_class=4
distance=1

parameters:
[boosting: gbdt]
[objective: lambdarank]
[metric: ndcg]
[tree_learner: serial]
[device_type: cpu]
[data_sample_strategy: bagging]
[data: ]
[valid: ]
[num_iterations: 1000]
[learning_rate: 0.05]
[num_leaves: 31]
[num_threads: 10]
[seed: 42]
[deterministic: 0]
[force_col_wise: 0]
[force_row_wise: 0]
[histogram_pool_size: -1]
[max_depth: -1]
[min_data_in_leaf: 30]
[min_sum_hessian_in_leaf: 0.001]
[bagging_fraction: 0.8]
[pos_bagging_fraction: 1]
[neg_bagging_fraction: 1]
[bagging_freq: 1]
[bagging_seed: 400]
[bagging_by_query: 0]
[feature_fraction: 0.8]
[feature_fraction_bynode: 1]
[feature_fraction_seed: 30056]
[extra_trees: 0]
[extra_seed: 12879]
[early_stopping_round: 0]
[early_stopping_min_delta: 0]
[first_metric_only: 0]
[max_delta_step: 0]
[lambda_l1: 0]
[lambda_l2: 0]
[linear_lambda: 0]
[min_gain_to_split: 0]
[drop_rate: 0.1]
[max_drop: 50]
[skip_drop: 0.5]
[xgboost_dart_mode: 0]
[uniform_drop: 0]
[drop_seed: 17869]
[top_rate: 0.2]
[other_rate: 0.1]
[min_data_per_group: 100]
[max_cat_threshold: 32]
[cat_l2: 10]
[cat_smooth: 10]
[max_cat_to_onehot: 4]
[top_k: 20]
[monotone_constraints: ]
[monotone_constraints_method: basic]
[monotone_penalty: 0]
[feature_contri: ]
[forcedsplits_filename: ]
[refit_decay_rate: 0.9]
[cegb_tradeoff: 1]
[cegb_penalty_split: 0]
[cegb_penalty_feature_lazy: ]
[cegb_penalty_feature_coupled: ]
[path_smooth: 0]
[interaction_constraints: ]
[verbosity: -1]
[saved_feature_importance_type: 0]
[use_quantized_grad: 0]
[num_grad_quant_bins: 4]
[quant_train_renew_leaf: 0]
[stochastic_rounding: 1]
[linear_tree: 0]
[max_bin: 255]
[max_bin_by_feature: ]
[min_data_in_bin: 3]
[bin_construct_sample_cnt: 200000]
[data_random_seed: 175]
[is_enable_sparse: 1]
[enable_bundle: 1]
[use_missing: 1]
[zero_as_missing: 0]
[feature_pre_filter: 1]
[pre_partition: 0]
[two_round: 0]
[header: 0]
[label_column: ]
[weight_column: ]
[group_column: ]
[ignore_column: ]
[categorical_feature: 13,14,15,16]
[forcedbins_filename: ]
[precise_float_parser: 0]
[parser_config_file: ]
[objective_seed: 16083]
[num_class: 1]
[is_unbalance: 0]
[scale_pos_weight: 1]
[sigmoid: 1]
[boost_from_average: 1]
[reg_sqrt: 0]
[alpha: 0.9]
[fair_c: 1]
[poisson_max_delta_step: 0.7]
[tweedie_variance_power: 1.5]
[lambdarank_truncation_level: 30]
[lambdarank_norm: 1]
[label_gain: ]
[lambdarank_position_bias_regularization: 0]
[eval_at: 1]
[multi_error_top_k: 1]
[auc_mu_weights: ]
[num_machines: 1]
[local_listen_port: 12400]
[time_out: 120]
[machine_list_filename: ]
[machines: ]
[gpu_platform_id: -1]
[gpu_device_id: -1]
[gpu_use_dp: 0]
[num_gpu: 1]

end of parameters

pandas_categorical:[["A1", "A2", "B1", "B2"], ["01", "02", "03", "04", "05", "06", "07", "08", "09", "10", "11", "12", "13", "14", "15", "16", "17", "18", "19", "20", "21", "22", "23", "24"], ["\u6674", "\u66c7\u308a", "\u96e8", "\u96ea"], ["\u5317", "\u5317\u6771", "\u5317\u897f", "\u5357", "\u5357\u6771", "\u5357\u897f", "\u6771", "\u7121\u98a8", "\u897f"]]
