tree
version=v4
num_class=1
num_tree_per_iteration=1
label_index=0
max_feature_idx=31
objective=binary sigmoid:1
feature_names=boat_number boat_win_rate distance exhibition_time exhibition_time_diff_mean exhibition_time_rank_in_race motor_win_rate motor_win_rate_diff_mean motor_win_rate_rank_in_race player_age player_class race_number recent_rank_10 recent_top2_10 recent_top2_10_diff_mean recent_top2_10_rank_in_race recent_top2_5 recent_win_10 recent_win_5 stadium_code top2_rate_all top2_rate_local top2_rate_local_diff_mean top2_rate_local_rank_in_race wave_height weather win_rate_all win_rate_all_diff_mean win_rate_all_rank_in_race win_rate_local wind_direction wind_speed
feature_infos=[1:6] [0:100] [1200:1800] [6.3399999999999999:8.2699999999999996] [-0.55333333333333279:0.92166666666666774] [1:6] [0:100] [-50.276666666666664:81.481666666666669] [1:6] [17:77] -1:2:0:1:3 [1:12] [1:6] [0:1] [-0.625:0.83333333333333337] [1:6] [0:1] [0:1] [0:1] -1:11:7:19:14:23:5:1:8:9:16:4:20:0:6:10:2:17:21:22:13:18:3:12:15 [0:100] [0:100] [-60.064999999999998:73.498333333333335] [1:6] [0:20] -1:0:1:2:3 [0:9.1600000000000001] [-5.3883333333333328:4.2366666666666672] [1:6] [0:10] -1:2:3:4:0:5:1:8:6:7 [0:15]
tree_sizes=3421 3535 3518 3502 3548 3523 3511 3530 3552 3521 3521 3500 3519 3499 3517 3578 3537 3503 3534 3505 3504 3510 3513 3490 3524 3540 3543 3529 3491 3544 3499 3544 3506 3521 3519 3538 3526 3563 3519 3536 3545 3542 3533 3511 3556 3532 3562 3519 3572 3506 3534 3563 3501 3524 3468 3517 3528 3536 3516 3525 3532 3536 3510 3498 3530 3534 3508 3574 3553 3538 3505 3530 3505 3534 3514 3520 3513 3498 3537 3537 3507 3521 3515 3486 3490 3549 3530 3495 3487 3503 3573 3489 3506 3484 3522 3490 3514 3523 3494 3531 3509 3475 3541 3522 3501 3543 3478 3547 3534 3498 3495 3504 3496 3503 3488 3525 3502 3491 3496 3508 3476 3476 3512 3499 3504 3489 3496 3487 3499 3499 3480 3513 3474 3505 3467 3533 3478 3489 3489 3512 3516 3504 3468 3505 3493 3514 3529 3508 3488 3488 3501 3509 3480 3506 3485 3477 3529 3448 3499 3488 3491 3471 3517 3512 3466 3480 3509 3467 3469 3483 3486 3474 3544 3459 3509 3512 3461 3492 3495 3473 3493 3504 3496 3471 3527 3519 3509 3471 3471 3467 3487 3512 3477 3418 3450 3488 3494 3441 3460 3469 3472 3449 3425 3485 3478 3503 3470 3439 3435 3447 3415 3431 3489 3468 3496 3486

Tree=0
num_leaves=31
num_cat=0
split_feature=0 26 27 0 0 27 27 27 27 4 4 4 27 27 26 4 27 4 26 5 15 27 4 27 14 27 0 0 4 27
split_gain=47421.1 4876.22 4000.5 1029.68 1011.69 844.01 574.517 520.74 494.82 262.987 246.764 185.894 167.375 160.439 137.88 130.962 127.361 113.744 99.0593 84.8851 81.1179 78.0509 74.5692 70.2699 68.7247 68.5366 59.2698 58.6628 53.3894 52.8671
threshold=1.5000000000000002 5.455000000000001 0.79333333333333333 4.5000000000000009 4.5000000000000009 -0.34166666666666717 -0.079999999999999391 1.5536666666666668 1.2044999999999997 -0.008333333333333302 -0.0016666666666664829 -0.010000000000000229 1.4966666666666666 0.45833333333333331 6.3250000000000011 -0.019999999999999126 -1.2099999999999995 -0.013333333333333195 5.9250000000000007 2.5000000000000004 1.5000000000000002 1.1850000000000001 -0.010000000000000229 -0.25083333333333341 0.016798941798941844 -0.56999999999999995 5.5000000000000009 3.5000000000000004 -0.064999999999999933 -1.0683333333333338
decision_type=2 2 2 2 2 2 2 2 2 2 2 2 2 2 2 2 2 2 2 2 10 2 2 2 10 2 2 2 2 2
left_child=1 5 3 6 7 16 17 11 10 28 14 21 -6 19 24 -9 -1 25 -12 -7 -10 -4 -18 -5 -3 -2 -25 -17 -8 -19
right_child=2 8 4 23 12 13 9 15 20 -11 18 -13 -14 -15 -16 27 22 29 -20 -21 -22 -23 -24 26 -26 -27 -28 -29 -30 -31
leaf_value=-1.579221349412244 -1.6214694276543646 -1.4783735741248019 -1.5773408343463906 -1.6361509538583019 -1.6150938587696082 -1.5018212179384114 -1.5807954377239735 -1.5300968851420542 -1.4170943232808351 -1.6126448986080961 -1.5006482948920239 -1.5907905442178998 -1.5910819614794118 -1.4809881652595842 -1.4398164968101577 -1.5501578720690705 -1.5351022843317317 -1.6330615557670378 -1.4705187648414233 -1.5267786417545728 -1.4408375426259659 -1.5554932578083702 -1.5586042934140143 -1.6241380639877685 -1.4545548488844804 -1.6076171004726256 -1.6340808310774624 -1.5767013395689993 -1.597566131508493 -1.6235766993927105
leaf_weight=253.30862939357758 1274.1255560517311 333.76641467213631 671.04320392012596 4916.3498009741306 1332.3977740108967 427.56362333893776 362.69190117716789 421.52577906847 496.36696502566338 3277.0048740506172 275.3537817299366 1401.903190612793 713.027283847332 308.4917177259922 660.09083524346352 387.40493819117546 427.84445330500603 1265.4198271036148 477.13011234998703 444.97508123517036 429.3890181183815 428.82735818624496 436.26935228705406 1990.1015545427799 462.24612414836884 1036.2625747919083 1851.9332112371922 203.04006546735764 1867.9405193030834 3659.0740428864956
leaf_count=1804 9074 2377 4779 35013 9489 3045 2583 3002 3535 23338 1961 9984 5078 2197 4701 2759 3047 9012 3398 3169 3058 3054 3107 14173 3292 7380 13189 1446 13303 26059
internal_value=-1.59295 -1.48511 -1.6146 -1.62243 -1.58436 -1.52936 -1.61517 -1.57134 -1.45266 -1.60543 -1.46294 -1.58113 -1.60672 -1.50578 -1.45333 -1.54713 -1.55428 -1.62258 -1.48154 -1.51455 -1.42811 -1.56882 -1.54697 -1.63298 -1.46454 -1.61526 -1.62893 -1.55929 -1.59484 -1.62601
internal_weight=32492.9 5432.8 27060.1 21500.9 5559.17 2298.45 12742.5 3513.74 3134.34 5507.64 2208.59 2501.77 2045.43 1181.03 1456.1 1011.97 1117.42 7234.88 752.484 872.539 925.756 1099.87 864.114 8758.38 796.013 2310.39 3842.03 590.445 2230.63 4924.49
internal_count=231406 38691 192715 153124 39591 16369 90749 25024 22322 39224 15729 17817 14567 8411 10370 7207 7958 51525 5359 6214 6593 7833 6154 62375 5669 16454 27362 4205 15886 35071
is_linear=0
shrinkage=1


Tree=1
num_leaves=31
num_cat=2
split_feature=27 4 27 4 28 28 4 27 4 27 11 11 4 19 4 27 4 27 4 11 27 27 4 11 4 10 27 4 26 27
split_gain=10345.2 2407.52 1817.46 1156.22 687.135 573.915 324.268 236.184 203.702 178.261 163.439 159.997 153.343 146.53 142.466 139.267 138.348 135.283 108.462 97.4713 80.1839 74.2097 73.8658 70.4733 68.1017 64.9287 59.7286 58.9656 46.0193 45.1449
threshold=0.45833333333333331 -0.011666666666667156 -0.34166666666666717 -0.0050000000000003366 1.5000000000000002 1.5000000000000002 -0.015499999999999845 -1.5049999999999994 -0.041666666666665624 1.4966666666666666 1.5000000000000002 10.500000000000002 -0.049999999999999371 0 0.028333333333332881 -1.3583333333333329 0.023333333333332987 2.1091666666666673 0.021666666666666948 1.5000000000000002 0.040000000000000265 0.099999999999999881 -0.046666666666667293 8.5000000000000018 -0.023333333333332981 1 0.94833333333333358 0.040000000000000487 6.245000000000001 1.1650000000000007
decision_type=2 2 2 2 2 2 2 2 2 2 2 2 2 1 2 2 2 2 2 2 2 2 2 2 2 1 2 2 2 2
left_child=2 4 6 8 10 9 7 -1 21 18 13 17 -6 -2 25 -8 -5 22 -3 -11 -10 -4 -12 28 29 -7 -14 -17 -9 -13
right_child=1 5 3 16 12 14 15 23 20 19 11 24 26 -15 -16 27 -18 -19 -20 -21 -22 -23 -24 -25 -26 -27 -28 -29 -30 -31
leaf_value=-0.036905622609063903 0.12659691900111888 0.028367106081277679 0.013774112746810774 -0.0096217469603443427 0.049903584287068953 0.013753661307197955 -0.04139059277073999 -0.0079096420239103613 -0.0029796596934062248 0.081183063568906422 0.063919557386698495 0.080253022193309556 0.02294528646077508 0.044450414326437752 -0.0077211828221218975 -0.026447804264838708 -0.021942718120400242 0.084030281409970681 0.0084143984516782799 0.036744867152776889 0.010446771252438924 0.030428884125592234 0.046850403748542595 -0.02090889292419372 0.050709731554262304 -0.0025200983005607695 0.03967896709398043 -0.035441588407325253 0.033265845312492888 0.10889492796121672
leaf_weight=759.41481110453606 128.095932289958 999.40558291971684 918.53542231023312 2741.7726715952158 835.23396928608418 1479.4769929945469 1983.8944649845362 1670.0210934728384 1347.495857283473 85.771673515439034 673.65198160707951 222.42295944690704 1012.3107105493546 99.363872081041336 1245.6983104497194 3999.6464586853981 3114.5721020251513 272.04414121806622 773.10666163265705 996.46496593952179 1508.286948248744 801.64178256690502 1019.5730518251657 852.90982490777969 79.225794523954391 534.98647302389145 514.86647517979145 1646.5123688578606 44.588834851980209 145.74376194179058
leaf_count=5533 838 7011 6480 19664 5770 10435 14502 11984 9594 577 4619 1503 7091 689 8874 29008 22444 1853 5470 6901 10650 5601 7041 6162 540 3803 3551 11979 313 962
internal_value=-8.42443e-05 0.0312154 -0.0163527 -0.00440325 0.0517952 0.0143792 -0.02773 -0.017309 0.0106615 0.0274748 0.0658186 0.0627627 0.0361234 0.0982318 0.00291215 -0.0322739 -0.0161744 0.057848 0.0196644 0.0402668 0.00411153 0.0215356 0.0536414 -0.0115128 0.0843519 0.00948756 0.0285868 -0.0290705 -0.00683886 0.0915913
internal_weight=32506.7 11117.4 21389.3 10432.3 5002.53 6114.91 10957 3326.93 4575.96 2854.75 2640.12 2412.66 2362.41 227.46 3260.16 7630.05 5856.34 1965.27 1772.51 1082.24 2855.78 1720.18 1693.23 2567.52 447.393 2014.46 1527.18 5646.16 1714.61 368.167
internal_count=231442 77528 153914 74433 34457 43071 79481 23992 32325 19959 18045 16518 16412 1527 23112 55489 42108 13513 12481 7478 20244 12081 11660 18459 3005 14238 10642 40987 12297 2465
cat_boundaries=0 1 2
cat_threshold=7595904 3
is_linear=0
shrinkage=0.04


Tree=2
num_leaves=31
num_cat=4
split_feature=28 4 28 4 28 28 4 20 4 4 4 4 4 4 20 10 11 23 22 14 11 11 19 10 4 10 22 29 14 22
split_gain=9663.57 2159.85 1344.65 983.254 531.245 512.868 328.84 254.81 186.532 181.454 172.043 146.629 137.043 127.2 106.419 86.1022 85.459 84.8867 80.2219 75.7535 72.0768 75.2826 69.1408 63.8357 57.3211 55.0194 52.3624 47.9874 47.6159 44.4523
threshold=2.5000000000000004 -0.015000000000000123 4.5000000000000009 -0.0050000000000003366 1.5000000000000002 1.5000000000000002 -0.0083333333333341902 13.260000000000002 0.021833333333333375 -0.041666666666665624 0.025000000000000803 -0.049999999999999371 0.020000000000000909 -0.05666666666666708 12.805000000000001 0 8.5000000000000018 1.5000000000000002 1.5416666666666654 -0.0074074074074074103 1.5000000000000002 10.500000000000002 1 2 0.038333333333332671 3 13.687333333333335 6.5250000000000012 0.042592592592592585 -0.4849999999999976
decision_type=2 2 2 2 2 2 2 2 2 2 2 2 2 2 2 1 2 2 2 10 2 2 1 1 2 1 2 2 10 2
left_child=1 4 3 9 13 8 7 -4 17 19 25 -6 23 -1 -8 -9 -17 -3 -11 -2 22 -22 -15 -5 27 -7 -10 -16 -23 -14
right_child=2 5 6 12 11 10 14 15 26 18 -12 -13 29 20 24 16 -18 -19 -20 -21 21 28 -24 -25 -26 -27 -28 -29 -30 -31
leaf_value=0.074572156325279276 0.0083309451299617525 0.042941791210252572 -0.035072400764604182 -0.0029341665659884083 0.048159793198552965 -0.0014241172674068034 -0.041972309289934451 0.009237624076996697 0.0061037795636563396 -0.0048424661014696835 -0.0076201900835559467 0.027133746074218194 -0.026906935558423998 0.10369795375169143 -0.027552075145001253 -0.0077842320801282438 -0.023165621865759482 0.025944753056599001 0.0083059678975212804 0.024927437266277015 0.049126061347600593 0.049431404525681427 0.03433794430523477 -0.015443126944284269 -0.035139860133318324 0.014341591128856928 0.022291206798887787 -0.0085604452746398003 0.081883630417406761 -0.017832273874340603
leaf_weight=834.25181940197945 800.88787542283535 904.15655086934566 942.40645831823349 1163.3709246069193 862.58953575789928 459.42389521002769 1361.7644995898008 296.98721389472485 630.63401810824871 1588.1844472438097 1315.2686651796103 1379.092539191246 1643.0916821658611 93.449271976947784 3032.9186806082726 1565.553277105093 916.1565031260252 979.34366182982922 1394.2157156616449 976.6423417776823 1357.8084007799625 110.43729282915592 76.610012799501419 1528.6077943891287 1782.1248160600662 1603.3491922169924 648.53751656413078 228.94328899681568 209.70651517808437 1820.7460084557533
leaf_count=5414 5596 6133 7005 8345 5795 3280 10221 2107 4415 11307 9456 9461 12049 572 22410 11311 6721 6708 9822 6753 9045 718 516 11098 13265 11242 4474 1670 1339 13276
internal_value=3.97612e-05 0.0295864 -0.0160581 -0.0063189 0.0495964 0.0145225 -0.0265561 -0.0170988 0.0260985 0.00733349 0.00368464 0.0352245 -0.0168755 0.0616076 -0.0320498 -0.011003 -0.0134084 0.034104 0.00130418 0.0174497 0.055755 0.0532401 0.0805689 -0.0101055 -0.0293709 0.0108929 0.0143108 -0.0262191 0.0706889 -0.0221369
internal_weight=32507.3 11464.7 21042.6 10915.7 4923.95 6540.71 10126.9 3721.1 3162.67 4759.93 3378.04 2241.68 6155.82 2682.26 6405.75 2778.7 2481.71 1883.5 2982.4 1777.53 1848.01 1677.95 170.059 2691.98 5043.99 2062.77 1279.17 3261.86 320.144 3463.84
internal_count=231524 78568 152956 78246 32860 45708 74710 27144 21730 33478 23978 15256 44768 17604 47566 20139 18032 12841 21129 12349 12190 11102 1088 19443 37345 14522 8889 24080 2057 25325
cat_boundaries=0 1 2 3 4
cat_threshold=1 7579521 3 4
is_linear=0
shrinkage=0.04


Tree=3
num_leaves=31
num_cat=0
split_feature=0 27 26 0 0 27 27 27 4 26 27 27 4 15 4 12 5 4 20 0 24 27 27 27 0 7 4 27 5 22
split_gain=39972.6 3190.48 2798.12 980.281 851.063 550.593 516.548 372.511 228.338 222.804 131.062 124.339 119.276 102.944 96.0869 85.5481 74.8851 67.4418 67.2718 66.7077 59.2281 57.9253 53.463 52.7488 50.0643 49.516 47.1522 45.1245 44.9148 44.6062
threshold=1.5000000000000002 0.79333333333333333 5.4150000000000009 4.5000000000000009 4.5000000000000009 -0.56999999999999995 -0.27166666666666622 1.5536666666666668 -0.016666666666667048 6.3650000000000011 1.7933333333333334 0.45833333333333331 -0.00083333333333346349 1.5000000000000002 -0.020000000000000014 3.4722222222222228 2.5000000000000004 0.0049999999999994502 17.060000000000006 5.5000000000000009 2.5000000000000004 0.32000000000000078 1.2236666666666676 -0.33333333333333254 5.5000000000000009 1.961666666666668 -0.081833333333333411 1.1650000000000007 2.5000000000000004 -6.2683333333333318
decision_type=2 2 2 2 2 2 2 2 2 2 2 2 2 8 2 10 2 2 2 2 2 2 2 2 2 2 2 2 2 2
left_child=2 3 5 6 7 18 16 12 26 13 24 15 22 -4 -9 28 -2 -15 -1 23 -11 -10 -3 -5 -6 -20 -8 -22 -7 -17
right_child=1 4 9 19 10 11 8 14 21 20 -12 -13 -14 17 -16 29 -18 -19 25 -21 27 -23 -24 -25 -26 -27 -28 -29 -30 -31
leaf_value=0.017005306214204655 -0.023462994901741023 0.010705025915479647 0.12024700169629285 -0.039899229177728292 -0.013060306170255978 0.094287719123975142 0.013655073247915331 0.050093046125556547 -0.022554479222795836 0.13257068929904356 0.0053362937604931561 0.096256184773661824 -0.00082982072551550606 0.10603244835535273 0.026114166479276984 0.045609255605949264 -0.03336334870039788 0.08586050132457379 0.032114566826774243 -0.042514711639193549 0.1089153951279707 -0.013302266981680079 0.02700889121845532 -0.030934695684306238 -0.026794528299919809 0.057336601387731417 -0.0053151421973081248 0.12893330185722121 0.068304214404899297 0.066598205228042121
leaf_weight=274.76489062607288 1800.1760982125998 931.00344727933407 588.1164992749691 2078.5774488151073 841.05190233886242 230.04398688673973 234.08139584958553 466.2421118915081 2766.4788524210453 1017.5492206960917 404.64475265145302 317.75465060770512 1187.6461136043072 885.10111638903618 626.87669539451599 239.63595020771027 3808.6491998583078 378.63041815161705 340.4382336139679 4161.9824201762676 412.72785717248917 1778.8218156695366 491.79538348317146 2122.7381497770548 857.74688570201397 196.37807059288025 2007.9094844460487 319.77006673812866 198.10751532018185 500.10652308166027
leaf_count=1993 13301 6248 3679 15833 5853 1537 1595 2957 20345 6284 2714 2050 8338 5631 4187 1656 28820 2521 2426 31172 2598 12817 3239 15487 5953 1395 14008 1925 1382 3424
internal_value=-9.67176e-05 -0.0210117 0.0940928 -0.0283431 0.00519744 0.0595973 -0.0212035 0.0167378 -0.0137809 0.116094 -0.0151219 0.0740711 0.00852871 0.106422 0.0363417 0.068035 -0.0301858 0.0999887 0.0331022 -0.0389255 0.126327 -0.0189336 0.0163405 -0.0353698 -0.0199949 0.0413413 -0.0033345 0.117654 0.082265 0.0597989
internal_weight=32465.5 26566.4 5899.12 20759.4 5807.01 2297.23 12396.1 3703.56 6787.29 3601.9 2103.44 1485.65 2610.44 1851.85 1093.12 1167.89 5608.83 1263.73 811.581 8363.3 1750.05 4545.3 1422.8 4201.32 1698.8 536.816 2241.99 732.498 428.152 739.742
internal_count=231368 192867 38501 153378 39489 15863 90886 24969 48765 22638 14520 10049 17825 11831 7144 7999 42121 8152 5814 62492 10807 33162 9487 31320 11806 3821 15603 4523 2919 5080
is_linear=0
shrinkage=0.04


Tree=4
num_leaves=31
num_cat=1
split_feature=0 27 20 0 0 27 27 27 28 4 27 28 4 12 4 12 14 0 4 0 27 4 27 27 19 27 4 4 28 6
split_gain=35248.6 3104.1 2287.06 890.049 863.995 540.666 426.349 387.315 210.509 201.406 156.541 140.337 105.205 98.189 93.1748 91.4276 74.1199 60.4259 59.5622 58.4924 57.6323 57.5417 48.7634 47.3677 44.2803 41.8589 41.8298 41.4459 39.7 38.8983
threshold=1.5000000000000002 0.67833333333333312 35.815000000000005 4.5000000000000009 4.5000000000000009 -0.45166666666666683 1.3291666666666668 -0.36366666666666653 1.5000000000000002 -0.011666666666667156 1.5233333333333341 2.5000000000000004 -0.015000000000000123 2.9500000000000006 -0.0050000000000003366 3.7888888888888892 -0.090740740740740691 5.5000000000000009 -0.028166666666666892 3.5000000000000004 1.7520833333333339 -0.081833333333333411 -1.3249999999999997 2.1091666666666673 0 -0.25083333333333341 -0.033333333333333652 0.0049999999999994502 3.5000000000000004 36.010000000000012
decision_type=2 2 2 2 2 2 2 2 2 2 2 2 2 8 2 8 8 2 2 2 2 2 2 2 1 2 2 2 2 2
left_child=2 4 5 6 7 15 14 18 -4 21 26 -7 20 -10 24 -1 -13 25 -2 -14 -8 -9 -17 -12 -3 -6 -5 -15 -11 -23
right_child=1 3 8 10 17 11 12 9 13 28 23 16 19 27 -16 22 -18 -19 -20 -21 -22 29 -24 -25 -26 -27 -28 -29 -30 -31
leaf_value=0.049885472618048765 -0.021734965076888761 0.025287133770986625 0.11618802383775818 -0.011349068452703471 -0.03912777852172504 0.091464139651076568 0.030183327999499465 0.01316524717514298 0.10674254341381051 -0.017582199347701694 -0.0071004399908014826 0.048251278781128122 0.027336795174538436 0.094252388115648511 -0.0037127821828980539 0.0046205215728104274 0.07018877792339985 -0.042467152622524977 -0.032583008252746341 0.0059234603470438209 0.051979676019423389 -0.012568188406615662 0.030391034948311298 0.016363256361958376 0.0071768672804045875 -0.030839503937055826 -0.026602730688508033 0.077884230686463274 -0.025468958949206724 -0.0018290872286199204
leaf_weight=340.39256149530411 1025.0896546244621 276.35415497422218 1612.6731671094894 367.23997224867344 2192.7848639041185 392.20512963831425 427.92165443301201 218.42653161287308 907.10962344706059 2501.8033086955547 521.43879862129688 344.89293751120567 601.89645254611969 794.97510680556297 1354.3524155467749 153.80582982301712 863.09492744505405 3889.7138634026051 3856.2356854081154 308.8275723606348 355.2161790728569 1368.8956409990788 497.43499311804771 187.03933365643024 1012.3474229127169 1755.435885027051 1327.167984187603 359.42106562852859 1725.5551561415195 890.84916077554226
leaf_count=2343 7694 1838 9118 2524 17137 2377 2705 1487 5428 18460 3543 2260 4015 4768 9585 1116 5556 30044 29817 2082 2187 9670 3447 1242 6755 13084 9542 2267 12993 6288
internal_value=-0.000148635 -0.0205562 0.0850661 0.00283351 -0.0286717 0.0562934 0.0136533 -0.0217334 0.105363 -0.0154937 -0.0166949 0.0706751 0.0293196 0.0968946 0.00361321 0.0330857 0.0639254 -0.0389287 -0.0303049 0.0200755 0.0400697 -0.00643956 0.0243047 -0.000905988 0.0113124 -0.0354427 -0.0232967 0.0891562 -0.0208015 -0.00833456
internal_weight=32430.6 26164.6 6266.01 6739.8 19424.8 2591.83 4336.92 11586.9 3674.18 6705.53 2402.89 1600.19 1693.86 2061.51 2643.05 991.633 1207.99 7837.93 4881.33 910.724 783.138 2478.17 651.241 708.478 1288.7 3948.22 1694.41 1154.4 4227.36 2259.74
internal_count=231372 192692 38680 46018 146674 17099 29167 86409 21581 48898 16851 10193 10989 12463 18178 6906 7816 60265 37511 6097 4892 17445 4563 4785 8593 30221 12066 7035 31453 15958
cat_boundaries=0 1
cat_threshold=4194350
is_linear=0
shrinkage=0.04


Tree=5
num_leaves=31
num_cat=0
split_feature=0 27 26 0 0 27 27 27 26 4 27 4 4 23 4 0 5 7 0 27 14 22 14 27 4 4 14 27 12 4
split_gain=31057.7 2994.37 1923.09 944.829 765.473 420.48 356.135 301.539 179.517 172.488 122.842 102.158 88.8273 86.4729 72.6917 68.2747 66.8803 63.2487 55.2192 52.7323 51.2112 49.2756 48.9736 47.6073 47.5244 44.6424 44.5568 43.8903 42.9632 42.381
threshold=1.5000000000000002 0.79333333333333333 5.3550000000000013 4.5000000000000009 4.5000000000000009 -0.079999999999999391 -0.56999999999999995 1.373666666666667 5.9750000000000005 -0.020000000000000014 1.8341666666666667 -0.009999999999999341 -0.0016666666666664829 2.5000000000000004 -0.015000000000000123 5.5000000000000009 1.5000000000000002 10.248333333333333 3.5000000000000004 -0.25083333333333341 0.10787037037037038 -2.0999999999999992 0.03333333333333334 -1.2099999999999995 -0.016666666666667048 0.00083333333333346371 0.36679894179894185 -0.58333333333333248 3.5277777777777781 -0.056666666666666192
decision_type=2 2 2 2 2 2 2 2 2 2 2 2 2 2 2 2 2 2 2 2 10 2 8 2 2 2 10 2 10 2
left_child=2 3 6 5 7 11 17 12 22 -7 24 21 29 -8 26 19 -10 23 -16 -5 -18 -2 -4 -1 -6 -25 -9 -13 -15 -3
right_child=1 4 8 15 10 9 13 14 16 -11 -12 27 -14 28 18 -17 20 -19 -20 -21 -22 -23 -24 25 -26 -27 -28 -29 -30 -31
leaf_value=0.0092223717626393042 -0.024476691937191503 0.027660780441213777 0.073256199232356364 -0.038605358926391067 -0.0098367842013232162 -0.0011605983695371835 0.074486508168996171 0.034139890852313455 0.10760086919411771 -0.016653940571643377 0.0061971903385743682 -0.03438128356763101 -0.0023674722351805524 0.063385736680133031 0.028471201469470284 -0.041731379024152415 0.088602398313597397 0.061737276471895169 0.0069687146429877568 -0.029408681658961076 0.10197300859651177 -0.012452537625498566 0.088644337403046086 0.040344480839346213 -0.023824596181575345 0.016902495198699189 0.061363278050713781 -0.026160950295999328 0.047064495025152503 0.0096513021546228463
leaf_weight=228.78061451017857 1600.3225845992565 270.22946491837502 606.42141661047935 2130.9849910289049 601.45324465632439 1664.7735515534878 475.3145339936018 628.91076156497002 1025.163351893425 3716.0805505514145 383.1443060785532 2312.6415515616536 1015.104068800807 446.25755463540554 564.07181683182716 3907.5070087537169 980.39118935167789 80.726240277290344 288.98607864975929 1875.5103245526552 860.72591091692448 827.16455873847008 728.35877993702888 325.47662644088268 1098.3029276132584 216.40191631019115 113.56441248953342 1887.3297927230597 611.88157504796982 923.74167393147945
leaf_count=1632 12167 1732 3572 17119 4152 11560 2889 3835 5473 27593 2553 18427 7152 2755 3686 31022 5514 549 1936 14240 4698 6169 4135 2172 7962 1494 685 14686 3881 6123
internal_value=-4.84463e-05 -0.0198325 0.0774844 -0.0272391 0.00522998 -0.0201674 0.0487963 0.0159018 0.09377 -0.0118605 -0.0142631 -0.0269118 0.00633154 0.060314 0.0291522 -0.0379693 0.0994126 0.0280515 0.0211869 -0.0343002 0.0948532 -0.0203795 0.0816532 0.0245229 -0.0188751 0.0309828 0.0383038 -0.0306873 0.0539478 0.0137274
internal_weight=32395.7 25809.8 6585.9 19922.3 5887.51 12008.3 2384.84 3804.61 4201.06 5380.85 2082.9 6627.46 2209.08 1533.45 1595.53 7914 2866.28 851.385 853.058 4006.5 1841.12 2427.49 1334.78 770.659 1699.76 541.879 742.475 4199.97 1058.14 1193.97
internal_count=231563 192799 38764 152983 39816 90602 15372 25149 23392 39153 14667 51449 15007 9525 10142 62381 15685 5847 5622 31359 10212 18336 7707 5298 12114 3666 4520 33113 6636 7855
is_linear=0
shrinkage=0.04


Tree=6
num_leaves=31
num_cat=2
split_feature=0 27 26 0 0 27 27 27 28 5 27 19 22 5 5 5 0 7 0 27 26 27 27 5 28 15 0 7 19 12
split_gain=28094.1 2757.71 1433.99 819.681 766 363.16 330.57 330.567 181.902 139.042 131.97 88.2887 79.6717 72.3004 69.8535 62.557 62.1359 57.9787 53.6319 50.1061 48.9842 47.9282 46.3139 44.695 44.6501 40.5883 38.3806 38.3497 38.0422 36.3616
threshold=1.5000000000000002 0.67833333333333312 5.4150000000000009 4.5000000000000009 4.5000000000000009 -0.30166666666666647 -0.56999999999999995 1.3066666666666671 1.5000000000000002 3.5000000000000004 1.9300000000000002 0 -3.7850000000000015 2.5000000000000004 3.5000000000000004 3.5000000000000004 5.5000000000000009 10.248333333333333 5.5000000000000009 2.1091666666666673 6.3450000000000006 -1.3249999999999997 -0.33333333333333254 1.5000000000000002 3.5000000000000004 4.5000000000000009 3.5000000000000004 4.2633333333333345 1 2.8944444444444448
decision_type=2 2 2 2 2 2 2 2 2 2 2 1 2 2 2 2 2 2 2 2 2 2 2 2 2 8 2 2 1 8
left_child=2 3 6 5 7 14 17 15 -4 23 18 29 -8 19 25 28 22 21 -6 -9 -13 -1 -5 -7 27 -2 -15 -14 -3 -10
right_child=1 4 8 16 10 9 12 13 11 -11 -12 20 24 26 -16 -17 -18 -19 -20 -21 -22 -23 -24 -25 -26 -27 -28 -29 -30 -31
leaf_value=0.0064116148667215716 -0.019463350040683856 0.01711791415991723 0.095251279338773781 -0.038510294572014256 -0.013271683607211702 -0.0021447593335082206 0.046263298000269543 0.029101653097113111 0.074663689016857188 -0.020727117223048441 0.0085506613196703034 0.080596132897909387 0.065755353739382488 0.023411457880861138 -0.033257992958294777 -0.0043988844432323454 -0.041483111803033976 0.059616519770016252 -0.026271525365827587 0.053806620429610742 0.095016914740299982 0.029960830104341332 -0.029636271462614473 -0.011919610028982498 0.055590857764865213 -0.029682796983342721 0.0063704963853702043 0.088308798374276173 0.0036736680561757673 0.056825294118929046
leaf_weight=179.03022256493568 1439.3084082230926 504.43745449185371 1859.9185369312763 1920.9105091840029 1010.657134026289 1117.2382703274488 576.13526087999344 692.08165153861046 296.50377963483334 2812.795479901135 301.65672990679741 1084.8403715193272 453.51678149402142 639.24214881658554 2547.5539786145091 1062.0819656550884 3657.7616844698787 83.710630625486374 1020.4716389477253 162.12397573888302 577.50170360505581 607.50555251538754 1844.6373257264495 2267.3512742519379 490.55153119564056 1094.8098466321826 316.0054973512888 164.3437537997961 1029.6954227536917 476.89938570559025
leaf_count=1279 11239 3340 9456 15896 7310 7824 3523 4203 1592 21556 1996 5987 2620 4120 20706 7578 29980 547 7429 946 3085 4044 14374 16633 2987 8646 2103 945 6885 2633
internal_value=-0.000182205 -0.0195428 0.0717181 -0.0274478 0.00239718 -0.0206543 0.0479874 0.0122107 0.0858317 -0.0141549 -0.0161365 0.0786389 0.0583292 0.0253351 -0.0285806 0.00306354 -0.03777 0.0279688 -0.019803 0.0337905 0.0850941 0.0246006 -0.0341632 -0.00869297 0.0646008 -0.0238784 0.0177741 0.0717543 0.00822979 0.0628514
internal_weight=32291.3 25440.8 6850.46 18702.4 6738.45 11279.1 2554.79 4405.67 4295.66 6197.39 2332.79 2435.75 1684.55 1809.45 5081.67 2596.21 7423.31 870.246 2031.13 854.206 1662.34 786.536 3765.55 3384.59 1108.41 2534.12 955.248 617.861 1534.13 773.403
internal_count=231462 192764 38698 146854 45910 86604 15945 29175 22753 46013 16735 13297 10075 11372 40591 17803 60250 5870 14739 5149 9072 5323 30270 24457 6552 19885 6223 3565 10225 4225
cat_boundaries=0 1 2
cat_threshold=1057327 6292015
is_linear=0
shrinkage=0.04


Tree=7
num_leaves=31
num_cat=1
split_feature=0 28 26 0 0 28 26 28 11 14 14 4 4 4 28 4 28 22 22 19 0 14 0 11 12 20 0 14 4 4
split_gain=24899.9 2457.34 1316.72 897.097 658.548 301.632 277.67 223.509 170.611 146.411 136.133 121.445 106.816 95.0848 79.5873 73.8463 67.9595 56.8355 55.1429 54.1602 53.445 50.4007 50.0866 49.6601 47.6714 46.5237 44.8932 43.8088 39.0148 39.0072
threshold=1.5000000000000002 2.5000000000000004 4.9250000000000007 4.5000000000000009 4.5000000000000009 1.5000000000000002 5.955000000000001 3.5000000000000004 10.500000000000002 -0.02 0.24074074074074076 -0.009999999999999341 -0.015000000000000123 -0.051666666666666299 2.5000000000000004 -0.011666666666667156 1.5000000000000002 4.4616666666666687 -5.3499999999999988 0 5.5000000000000009 0.083333333333333412 3.5000000000000004 10.500000000000002 4.2361111111111116 14.540000000000001 5.5000000000000009 -0.10000000000000002 0.0016666666666673715 0.044999999999999492
decision_type=2 2 2 2 2 2 2 2 2 8 10 2 2 2 2 2 2 2 2 1 2 10 2 2 10 2 2 8 2 2
left_child=2 3 9 5 7 8 14 15 12 25 26 18 21 -7 -4 -3 -8 -11 -9 -18 -6 -2 -14 -15 -13 -1 -5 -16 -29 -27
right_child=1 4 6 10 20 13 16 11 -10 17 -12 24 22 23 27 -17 19 -19 -20 -21 -22 -23 -24 -25 -26 29 -28 28 -30 -31
leaf_value=0.0084746415675851922 0.01747292100360372 -0.0034529570843108161 0.073984980767117195 -0.018675560711560714 -0.034306612975900111 0.016919590303716796 0.088792250291429037 -0.023948534535039881 -0.0075228743136695336 0.043129295222516434 -0.0047154332948713042 -0.026806746785156089 0.018961824785699879 -0.0019106011464177697 0.044970959760067812 -0.016924372250030333 0.057221427087412076 0.069540726538131828 -0.012438591540343229 0.083216286066371631 -0.041562105008346215 0.036125143809252407 0.0025495613552193033 -0.017666025423438644 -0.036196572957971906 0.03323064263232562 -0.029956877321370368 0.067939558122952534 0.051066469542003549 0.0059022108183641566
leaf_weight=186.71816892921925 335.88433940708637 1042.8214450776577 893.00795930624008 1157.0844517797232 3301.7306642085314 390.12139050662518 1689.7919163703918 1403.4196530804038 389.00935736298561 442.79208053648472 771.35536281764507 3306.0860906839371 883.08063769340515 2076.3738055676222 296.72069476544857 1733.0562025234103 406.39869554340839 184.75879833102226 1267.4366365969181 1086.0479425489902 3197.5422569587827 747.92941883206367 448.67062601447105 378.42306503653526 1171.6840434446931 809.46456794440746 1101.8350379541516 676.5442488193512 324.39176441729069 93.187664031982422
leaf_count=1279 2091 7394 4663 8605 27350 2537 8212 10970 2592 2703 5514 26876 5843 14769 1728 13301 2117 1064 9560 5595 27104 4484 3044 2758 9710 5085 8379 3731 1875 606
internal_value=-0.00018545 -0.0188805 0.0660095 -0.00166542 -0.0279784 0.00775265 0.075754 -0.0214966 0.0170615 0.0355153 -0.019224 -0.0252372 0.0210206 -0.00142417 0.0647943 -0.0118635 0.0832987 0.0509051 -0.0184866 0.0770788 -0.0378762 0.0303446 0.0134325 -0.0043394 -0.0292638 0.0266497 -0.0241783 0.0584696 0.0624712 0.0304093
internal_weight=32193.4 25103.5 7089.82 8679.77 16423.8 5649.49 5372.9 9924.5 2804.57 1716.92 3030.27 7148.63 2415.57 2844.92 2190.66 2775.88 3182.24 627.551 2670.86 1492.45 6499.27 1083.81 1331.75 2454.8 4477.77 1089.37 2258.92 1297.66 1000.94 902.652
internal_count=231539 192881 38658 60616 132265 38118 27921 77811 18054 10737 22498 57116 15462 20064 11997 20695 15924 3767 20530 7712 54454 6575 8887 17527 36586 6970 16984 7334 5606 5691
cat_boundaries=0 1
cat_threshold=8751
is_linear=0
shrinkage=0.04


Tree=8
num_leaves=31
num_cat=1
split_feature=0 27 26 0 0 27 27 27 4 28 27 4 4 11 0 28 4 5 19 4 14 15 8 27 0 0 4 4 14 4
split_gain=22433.6 2575.31 1147.14 779.611 665.703 342.405 291.13 257.368 174.801 152.667 124.167 82.6226 79.9787 73.8183 64.6745 64.2847 61.5441 59.3901 56.055 53.0242 46.0427 44.5943 43.7598 43.7588 38.2768 38.0372 37.5414 37.3923 36.1492 35.6231
threshold=1.5000000000000002 0.67833333333333312 5.4150000000000009 4.5000000000000009 4.5000000000000009 -0.50999999999999945 1.3066666666666671 -0.63666666666666638 -0.024500000000000185 1.5000000000000002 1.5233333333333341 -0.015000000000000123 -0.056666666666666192 10.500000000000002 5.5000000000000009 2.5000000000000004 0.020000000000000909 1.5000000000000002 0 0.0049999999999994502 0.11481481481481486 3.5000000000000004 1.5000000000000002 -0.49666666666666676 5.5000000000000009 3.5000000000000004 0.050833333333333293 0.026666666666665954 0.011111111111111157 -0.028166666666666892
decision_type=2 2 2 2 2 2 2 2 2 2 2 2 2 2 2 2 2 2 1 2 8 8 2 2 2 2 2 2 10 2
left_child=2 3 7 5 6 21 12 17 28 27 24 -8 -3 19 23 -9 -10 -1 26 -11 -14 -2 -20 -5 29 -13 -17 -4 -7 -6
right_child=1 4 9 14 10 8 11 15 16 13 -12 25 20 -15 -16 18 -18 -19 22 -21 -22 -23 -24 -25 -26 -27 -28 -29 -30 -31
leaf_value=0.040398322548767331 -0.022816119192598291 0.021947539619913938 0.083782174848108654 -0.038139822265304123 -0.00045200368446548172 -0.0099627779825351512 0.032752327955953071 0.064621098727787971 -0.01476465325213957 0.067495344120088271 -0.00084204968188380841 0.021329247965285965 -0.0045330454396785274 0.078829917712901557 -0.040746509984707573 0.061276231345925969 -0.023523438402571682 0.015522337650755676 0.055067730607068058 0.053071573710294591 0.0069253050572637689 -0.032421619748695611 0.034471306277876888 -0.029202319767071074 -0.027406155203111064 0.0046039106493148806 0.011168151024054754 0.066621872583998085 0.00088041341947733332 -0.019808917825920151
leaf_weight=205.38558343052864 1095.0660432428122 312.63701237738132 1765.196190059185 1543.0807597115636 202.06474484503269 976.93136718869209 864.40710610151291 335.01838208734989 3026.4976833239198 1383.1236747801304 696.8472244143486 657.97860318422318 1308.6700808107853 646.31180912256241 3441.7759113684297 482.31802901625633 2228.837778121233 608.53664103150368 206.56661762297153 578.28805811703205 982.22663387656212 2632.0123834013939 821.17237430810928 2029.0358394607902 781.2112271040678 325.03045530617237 25.171444714069366 229.59155209362507 990.89069695025682 615.40453881025314
leaf_count=1308 9062 1962 8265 13490 1438 7083 5006 1754 23331 6936 4800 4159 9080 3248 29923 2771 17841 3996 1179 3057 6744 22082 4737 16632 5962 2163 151 1121 7038 4664
internal_value=-0.000320465 -0.0185081 0.0613574 -0.0264216 0.00256355 -0.0197525 0.0115871 0.040575 -0.0146717 0.0734776 -0.0149328 0.0237315 0.00296965 0.067106 -0.0368334 0.048746 -0.0184793 0.0217996 0.0452817 0.0632427 0.000379746 -0.0295994 0.0382389 -0.0330631 -0.0210748 0.015799 0.0576548 0.0818071 -0.00450272 -0.0150242
internal_weight=31997.3 24710.6 7286.68 17964.1 6746.48 10950.2 4450.95 2684.17 7223.16 4602.51 2295.53 1847.42 2603.53 2607.72 7013.89 1870.25 5255.34 813.922 1535.23 1961.41 2290.9 3727.08 1027.74 3572.12 1598.68 983.009 507.489 1994.79 1967.82 817.469
internal_count=230983 192460 38523 146482 45978 86437 29114 15896 55293 22627 16864 11328 17786 13241 60045 10592 41172 5304 8838 9993 15824 31144 5916 30122 12064 6322 2922 9386 14121 6102
cat_boundaries=0 1
cat_threshold=10945408
is_linear=0
shrinkage=0.04


Tree=9
num_leaves=31
num_cat=3
split_feature=0 27 26 0 0 27 27 26 27 27 19 7 0 24 28 8 0 14 27 27 19 14 14 28 27 0 19 12 22 27
split_gain=20507.2 2477.4 973.527 712.146 678.896 319.883 291.632 207.482 144.604 126.35 68.9093 66.8438 63.375 63.0105 61.3057 60.6061 58.9078 51.896 51.5204 48.0018 45.2317 44.262 44.0868 42.9912 39.8996 39.0633 36.5599 35.6773 35.598 33.0852
threshold=1.5000000000000002 0.57083333333333341 4.9250000000000007 4.5000000000000009 4.5000000000000009 1.3066666666666671 -0.50999999999999945 5.955000000000001 1.4966666666666666 -0.12499999999999976 0 0.19916666666666674 3.5000000000000004 2.5000000000000004 2.5000000000000004 1.5000000000000002 5.5000000000000009 0.10000000000000007 -1.5049999999999994 1.7136666666666669 1 1.0000000180025095e-35 -0.053637566137566144 3.5000000000000004 -0.33333333333333254 5.5000000000000009 2 2.4722222222222228 -5.8999999999999995 0.15833333333333346
decision_type=2 2 2 2 2 2 2 2 2 2 1 2 2 2 2 2 2 8 2 2 1 10 10 2 2 2 1 8 2 2
left_child=2 3 9 6 5 15 22 10 25 18 -4 29 19 27 -12 -3 24 -17 -1 -7 -20 -22 -2 -13 -5 -6 -14 -9 -11 -8
right_child=1 4 7 16 8 12 11 13 -10 28 14 23 26 -15 -16 17 -18 -19 20 -21 21 -23 -24 -25 -26 -27 -28 -29 -30 -31
leaf_value=0.0011685491413421312 -0.031918064417534975 0.012974730968460468 0.035977256243470535 -0.037200505450356143 -0.016243564061534554 0.020394049001656821 -0.021595578708580945 0.085240751249305136 -0.00089444898568024527 0.029292696793701702 0.068331212041591816 -0.0058333377645081123 0.021031106924780777 0.065475197537254365 0.053992628353448667 -0.0059695902506434716 -0.040684179943240126 0.005541421409299219 0.017988848012137907 0.035918007420031595 0.029779295244507464 0.053555223422411355 -0.02242988439178812 -0.015415265953121546 -0.028465733126225412 -0.028006042115598595 0.0011384377125413464 0.073258407079992399 0.055746964834291618 -0.01367726026003198
leaf_weight=125.63543689250946 2532.6328241750598 616.86560806632042 355.8024664670229 1785.8323834314942 932.48077626526356 690.3992071300745 2226.5056787133217 547.38041971623898 734.31374596059322 105.1311732083559 820.43038763105869 1538.0655395910144 310.1149969547987 1400.7828587293625 1140.0835178345442 1450.2202626019716 3211.3239874392748 1103.4707635939121 521.28202305734158 591.93378929793835 506.17615447938442 166.48258544504642 1134.5478183627129 1460.7022163793445 1574.3920937404037 876.23874388635159 289.13642716407776 1452.8311730772257 360.34880100190639 1359.9837544709444
leaf_count=871 21758 4238 1842 16012 7113 4225 17708 2528 5075 591 4018 11580 1919 6592 6081 10145 28830 7544 3188 3438 3134 981 9552 11591 13102 6913 1800 6828 1946 10278
internal_value=-0.000199828 -0.0179705 0.0576414 -0.026531 0.000991641 0.00947624 -0.0199423 0.0656927 -0.0158644 0.0318542 0.0564593 -0.014908 0.0225417 0.0719812 0.0596885 0.00172249 -0.0368102 -0.000995588 0.0255336 0.02756 0.0280975 0.0351414 -0.0289826 -0.0105007 -0.0331079 -0.0219419 0.0118029 0.0765375 0.0497721 -0.018593
internal_weight=31921.5 24419.2 7502.37 16824 7595.17 5052.14 10252.4 5717.31 2543.03 1785.06 2316.32 6585.26 1881.58 3400.99 1960.51 3170.56 6571.55 2553.69 1319.58 1282.33 1193.94 672.659 3667.18 2998.77 3360.22 1808.72 599.251 2000.21 465.48 3586.49
internal_count=231421 192821 38600 140411 52410 33309 82467 27889 19101 10711 11941 51157 11382 15948 10099 21927 57944 17689 8174 7663 7303 4115 31310 23171 29114 14026 3719 9356 2537 27986
cat_boundaries=0 1 2 3
cat_threshold=8203 1061999 5248975
is_linear=0
shrinkage=0.04


Tree=10
num_leaves=31
num_cat=0
split_feature=0 27 20 0 0 27 27 27 4 27 28 4 4 28 0 5 4 5 27 4 4 14 4 8 0 9 20 15 27 11
split_gain=18869.6 2343.71 862.696 676.112 591.572 304.377 265.712 193.991 132.115 120.654 99.1883 75.7905 66.5208 63.4256 54.3363 54.0988 51.2224 48.7093 40.7611 40.216 39.8054 38.7752 38.3191 37.5378 36.9724 36.9319 36.496 34.8376 34.1123 33.7645
threshold=1.5000000000000002 0.57083333333333341 35.815000000000005 4.5000000000000009 4.5000000000000009 1.2433333333333336 -0.4066666666666669 -0.56999999999999995 -0.023333333333333869 1.4966666666666666 1.5000000000000002 -0.008333333333333302 -0.00083333333333346349 2.5000000000000004 5.5000000000000009 1.5000000000000002 -0.028166666666666892 1.5000000000000002 -0.50999999999999945 0.020000000000000021 -0.015499999999999845 0.31679894179894191 0.021833333333333375 1.5000000000000002 3.5000000000000004 51.500000000000007 17.060000000000006 1.5000000000000002 2.1900000000000004 6.5000000000000009
decision_type=2 2 2 2 2 2 2 2 2 2 2 2 2 2 2 2 2 2 2 2 2 10 2 2 2 2 2 8 2 2
left_child=2 3 7 6 5 11 16 17 29 20 22 23 21 -9 18 -12 -2 -1 -5 -10 -6 -7 -4 -3 -14 -15 -19 -17 -11 -8
right_child=1 4 10 14 9 12 8 13 19 28 15 -13 24 25 -16 27 -18 26 -20 -21 -22 -23 -24 -25 -26 -27 -28 -29 -30 -31
leaf_value=0.038352774874733299 -0.018954900002131403 0.019556444507904471 0.073674332247980465 -0.037716068930233715 -0.012609118155415083 0.022288198768005793 0.0012971843602327243 0.057010321411675835 -0.01459280699161343 -0.0058420372334387072 0.068249212432866177 -0.0055962780584141673 0.017289780286237875 0.043595883223035696 -0.040069333880935594 0.065267066056850759 -0.02984716598470671 0.004188595495077517 -0.028726785576801164 -0.022364052240627996 -0.025133396569259489 0.039283115374619398 0.057340585748528586 0.0036680754761360757 -0.0006145891629746028 0.028405055848985006 0.023629567811087659 0.052506374148590586 0.015596565876058456 -0.010151509009145543
leaf_weight=235.37116222083569 878.82473113387823 306.40181909501553 1801.7662813216448 1445.4286696016788 624.65184695273638 1000.2312663346529 789.44756503403187 491.68559454381466 2448.8190207853913 589.66478608548641 832.02273617684841 1600.2234155535698 563.49823035299778 1302.5455043762922 3128.1909723877907 465.02355419099331 3228.4839815273881 228.37606450915337 1827.4783138260245 1886.0794800817966 1160.1099619567394 273.54474687576294 263.40301428735256 1064.4947803616524 274.39455188810825 318.72948533296585 477.61461210250854 1297.1912243068218 148.6967765390873 862.42487215250731
leaf_count=1436 7288 2001 7988 13367 4713 5829 5724 2397 19240 4130 3892 11566 3525 7053 28954 2209 28357 1524 15689 15491 9346 1544 1216 7015 1832 1746 2971 6340 977 6255
internal_value=-0.000232422 -0.0176601 0.0542194 -0.0261303 0.000709336 0.00856904 -0.0196814 0.0376973 -0.0143059 -0.0151239 0.0650499 0.000316878 0.0201799 0.044426 -0.0362997 0.0598428 -0.0275166 0.0225944 -0.0326968 -0.017974 -0.02075 0.0259379 0.071591 0.0072192 0.0114264 0.0406095 0.0173407 0.0558737 -0.00152457 -0.00468006
internal_weight=31814.8 24101.1 7713.73 16495.2 7605.91 5082.79 10094.1 3054.32 5986.77 2523.12 4659.41 2971.12 2111.67 2112.96 6401.1 2594.24 4107.31 941.362 3272.91 4334.9 1784.76 1273.78 2065.17 1370.9 837.893 1621.27 705.991 1762.21 738.362 1651.87
internal_count=231615 192843 38772 140365 52478 33312 82355 17127 46710 19166 21645 20582 12730 11196 58010 12441 35645 5931 29056 34731 14059 7373 9204 9016 5357 8799 4495 8549 5107 11979
is_linear=0
shrinkage=0.04


Tree=11
num_leaves=31
num_cat=0
split_feature=0 27 26 0 0 27 27 27 5 27 28 5 11 0 23 27 7 5 11 5 28 14 5 28 5 21 0 5 6 14
split_gain=17308 2259.86 825.053 690.944 596.453 276.684 254.667 170.142 152.447 133.417 103.468 90.579 60.7369 58.2175 56.7018 55.5394 53.8478 48.3411 46.006 44.8937 41.1499 38.9182 37.7427 37.2875 36.0842 35.908 35.7564 34.082 29.493 28.7053
threshold=1.5000000000000002 0.57083333333333341 5.4150000000000009 4.5000000000000009 4.5000000000000009 -0.52166666666666595 1.373666666666667 -0.63666666666666638 3.5000000000000004 1.5233333333333341 1.5000000000000002 3.5000000000000004 10.500000000000002 5.5000000000000009 2.5000000000000004 2.1091666666666673 9.5483333333333373 1.5000000000000002 10.500000000000002 2.5000000000000004 1.5000000000000002 -0.038888888888888869 1.5000000000000002 3.5000000000000004 2.5000000000000004 27.600000000000005 5.5000000000000009 1.5000000000000002 31.675000000000004 0.16114417989417995
decision_type=2 2 2 2 2 2 2 2 2 2 2 2 2 2 2 2 2 2 2 2 2 10 2 2 2 2 2 2 2 8
left_child=2 3 7 5 6 19 11 16 17 26 -4 18 22 21 -9 27 -1 -7 20 -2 -3 -5 -12 -19 25 -16 29 -8 -10 -6
right_child=1 4 10 13 9 8 15 14 28 -11 12 -13 -14 -15 24 -17 -18 23 -20 -21 -22 -23 -24 -25 -26 -27 -28 -29 -30 -31
leaf_value=0.01571173403319958 -0.021448736814714955 0.018587448212434035 0.067676770639062606 -0.035853937977714419 -0.020625110786678932 -0.0017674821003959076 0.028305690598316145 0.050531409159816958 -0.02512905871260538 -0.00012242887553954817 0.060654819378990234 -0.0054330263327718661 0.06628994216753939 -0.039791873590691543 0.035953701417443633 0.03564394673837222 0.047666785441838277 -0.0068742636822539142 -0.0069444223346299665 -0.031168221554417723 0.0057273318395902138 -0.026898766962570646 0.049217836494788662 -0.016894215427181322 0.029599005979423901 0.055144401252056635 -0.026512878837018406 0.014043043959792214 -0.01710797337414292 -0.0060448130681342175
leaf_weight=757.35563184320927 1130.0946617424488 625.70166264474392 2184.8318069726229 1824.804572828114 582.91902499645948 1176.0045541450381 364.16465412080288 630.67868623137474 1322.1181137263775 701.58078992366791 670.26012144982815 1360.452088855207 706.8908320069313 3032.83460457623 456.60990428924561 350.16421347856522 94.952324345707893 1238.9834143072367 285.071437895298 2324.0388941094279 1094.4667792767286 1351.5804980397224 1483.4561400264502 1141.8840378895402 691.7869054377079 236.95995351672173 870.34728325903416 1015.8630813062191 1647.3085290417075 343.2764358446002
leaf_count=4767 9669 3962 9537 16870 4597 8585 2018 3202 11032 4841 3072 9849 3265 28937 2410 1978 567 9385 1892 21080 7390 12016 7077 9150 3795 1232 7091 6151 13673 2643
internal_value=0.000143064 -0.0169069 0.0513842 -0.0253515 0.00109605 -0.0188336 0.00894497 0.0342548 -0.0139884 -0.0149148 0.0611224 0.00253367 0.0561163 -0.0358281 0.0405891 0.0214167 0.0192717 -0.00840258 0.00793866 -0.0279883 0.0104051 -0.0320434 0.0527772 -0.0116799 0.0360629 0.0425103 -0.0206915 0.0178067 -0.0206793 -0.0152212
internal_weight=31697.4 23783.7 7913.78 16189.7 7594.01 9980.43 5095.88 2868.34 6526.3 2498.12 5045.44 3365.69 2860.61 6209.22 2016.04 1730.19 852.308 3556.87 2005.24 3454.13 1720.17 3176.39 2153.72 2380.87 1385.36 693.57 1796.54 1380.03 2969.43 926.195
internal_count=231733 192809 38924 140397 52412 82574 33240 15973 51825 19172 22951 23093 13414 57823 10639 10147 5334 27120 13244 30749 11352 28886 10149 18535 7437 3642 14331 8169 24705 7240
is_linear=0
shrinkage=0.04


Tree=12
num_leaves=31
num_cat=3
split_feature=27 5 27 5 27 28 27 5 5 5 5 5 27 10 5 6 5 5 29 29 19 7 27 11 23 20 27 19 16 28
split_gain=4612.81 964.13 744.64 467.128 351.758 283.737 194.808 150.138 108.412 103.06 84.8996 75.3128 71.6276 47.6414 46.331 45.5345 40.8432 40.0061 37.3927 33.4682 33.0271 32.0268 31.2031 31.1172 30.3593 30.1561 27.0775 25.1606 24.7522 24.6938
threshold=0.23083333333333303 2.5000000000000004 -0.56999999999999995 2.5000000000000004 1.0116666666666672 1.5000000000000002 -1.5049999999999994 2.5000000000000004 4.5000000000000009 4.5000000000000009 1.5000000000000002 4.5000000000000009 2.4208333333333338 0 1.5000000000000002 37.095000000000006 5.5000000000000009 1.5000000000000002 6.0950000000000006 2.0050000000000003 1 1.8208333333333313 1.7520833333333339 8.5000000000000018 2.5000000000000004 17.355000000000004 1.0000000180025095e-35 2 0.77500000000000013 1.5000000000000002
decision_type=2 2 2 2 2 2 2 2 2 2 2 2 2 1 2 2 2 2 2 2 1 2 2 2 2 2 2 1 10 2
left_child=2 5 6 14 9 12 19 23 -5 13 18 15 17 -3 20 24 -9 -2 21 -1 -4 -7 -13 25 29 -8 -16 -24 -11 -6
right_child=1 4 3 8 11 10 7 16 -10 28 -12 22 -14 -15 26 -17 -18 -19 -20 -21 -22 -23 27 -25 -26 -27 -28 -29 -30 -31
leaf_value=-0.040819956853785623 0.037336014332924952 0.0076884273716742594 -5.51830947887933e-05 -0.0097834992779500547 0.024192363148393778 0.014607568250616473 -0.017354008905699384 -0.023604500315617286 -0.020769626174283067 -0.0085250070259680483 0.012221917279318213 0.0050026900359733733 0.060284650176040795 -0.0037104723299817761 -0.0045686512568864626 0.030399059180396031 -0.034014413476997511 0.028237432748192525 0.031459571191250028 -0.029668470870035636 0.011599706692014296 0.027504450308406855 -0.0012158201924581311 -0.019506515081167141 0.0074101317788314901 -0.003446438957659313 0.0060806680289752814 0.024567889940866849 0.0073019222370126619 0.010059868383071003
leaf_weight=1102.984148979187 1822.2735772058368 2035.3816294893622 571.83365654945374 3118.0824026465416 797.97243945300579 717.5795781686902 362.66282542049885 2508.3544474616647 2665.9400131851435 1934.2904136553407 1715.1416833177209 948.82618709653616 167.91049614548683 818.49669577926397 1175.7832371667027 595.73551668971777 793.90417414903641 1343.1086671873927 743.68515043705702 706.39369628578424 1253.377222917974 539.8606579080224 85.275132849812508 526.99291594326496 372.09911065548658 799.13183905929327 565.87427271157503 265.48365134000778 172.17615451663733 263.02416590601206
leaf_count=10761 9741 13908 4034 24725 4697 4404 3003 22430 22586 14637 11100 6287 856 5997 8838 3597 7384 7566 4371 6537 8627 3290 521 4570 2294 6301 3963 1579 1267 1680
internal_value=-0.00023171 0.0154782 -0.0151508 -0.00782647 0.00622962 0.0263525 -0.0252222 -0.0211459 -0.0148472 -0.00052032 0.0187524 0.0162891 0.0348259 0.00443314 0.00355826 0.0211047 -0.0261072 0.0334754 0.0243496 -0.0364663 0.00801151 0.0201446 0.00877118 -0.0114447 0.0172411 -0.00778779 -0.00110863 0.0189652 -0.00723136 0.0206889
internal_weight=31489.6 15338.3 16151.3 9350.89 8288.76 7049.56 6800.42 4991.05 5784.02 4960.34 3716.27 3328.42 3333.29 2853.88 3566.87 2028.83 3302.26 3165.38 2001.13 1809.38 1825.21 1257.44 1299.58 1688.79 1433.1 1161.79 1741.66 350.759 2106.47 1061
internal_count=231551 97792 133759 72773 56464 41328 60986 43688 47311 35809 23165 20655 18163 19905 25462 12268 29814 17307 12065 17298 12661 7694 8387 13874 8671 9304 12801 2100 15904 6377
cat_boundaries=0 1 2 3
cat_threshold=3 1095041 426072
is_linear=0
shrinkage=0.04


Tree=13
num_leaves=31
num_cat=6
split_feature=0 27 0 20 0 27 27 5 19 27 27 14 12 0 14 15 19 19 27 22 19 27 27 5 19 27 19 27 7 0
split_gain=15164.1 2030.18 747.863 648.864 495.545 271.726 188.596 130.566 127.158 123.778 100.644 68.8132 68.5533 66.8949 52.683 50.6166 46.7079 46.0275 45.0863 40.6013 41.2368 39.8415 39.7834 38.9944 37.5574 34.3469 34.3068 32.1982 32.1428 31.6068
threshold=1.5000000000000002 0.67833333333333312 4.5000000000000009 32.720000000000006 4.5000000000000009 -0.52166666666666595 1.5536666666666668 3.5000000000000004 0 -0.28166666666666579 1.5233333333333341 0.11481481481481486 3.0500000000000003 5.5000000000000009 -0.19444444444444434 3.5000000000000004 1 2 0.17833333333333304 13.052666666666665 3 1.1850000000000001 -0.25083333333333341 1.5000000000000002 4 0.94833333333333358 5 2.6326666666666676 0.13083333333333161 5.5000000000000009
decision_type=2 2 2 2 2 2 2 2 1 2 2 8 10 2 8 8 1 1 2 2 1 2 2 2 1 2 1 2 2 2
left_child=3 2 5 9 6 15 11 18 21 14 29 23 -10 22 -1 -2 -11 -16 -7 20 -13 -5 -4 26 -8 -21 -3 -26 -9 -6
right_child=1 4 13 8 10 7 24 28 12 16 -12 19 -14 -15 17 -17 -18 -19 -20 25 -22 -23 -24 -25 27 -27 -28 -29 -30 -31
leaf_value=0.0090681383018904032 -0.019103364519310349 0.025767634905605647 -0.034939712179592179 0.035900843388629887 -0.013674493325086239 -0.011619364115191839 0.011154709656357016 -0.022387334544081226 0.063109026635034746 0.028033923488060046 -0.0010347600581850156 0.017605399594296356 0.053108593164597748 -0.039105425254315228 0.01671992326394978 -0.029919167334217379 0.047131126700566316 0.035351744315428771 -0.0028583489193076054 0.002798655486450312 -0.0012312917195256637 0.053500527976937766 -0.02601693544365247 -0.0041206556436227818 0.025440833407275362 0.022830342137129266 0.00069480403158285117 0.058198074316129056 -0.014182427704440765 -0.025195153556691101
leaf_weight=346.72235867381096 982.31541768461466 133.96432709693909 1736.5997659638524 717.01534479856491 781.79026644676924 2212.7429684996605 393.07000151276588 1799.2465696409345 2415.5458557754755 475.51759338378906 707.40070497989655 260.06342022120953 2008.8659806102514 3041.1154859140515 467.15896390378475 2344.9241861701012 722.52391509711742 532.27741926908493 1633.7764447703958 185.48529377579689 599.52665984630585 288.64946885406971 1481.6247519105673 1381.0783753544092 842.61786015331745 523.42431373894215 234.82479421794415 50.911461219191551 1327.6256581172347 743.25447864830494
leaf_count=2166 8889 817 17109 3311 6057 17378 2214 15304 10619 2417 4802 1694 9195 30166 2773 21887 3647 3129 11830 1252 3919 1235 13060 9468 4741 3269 1446 275 11177 6030
internal_value=-0.00014054 -0.0163759 -0.023947 0.0474956 0.00196111 -0.0173206 0.00945889 -0.012833 0.0553059 0.0308263 -0.0135049 0.00441841 0.0584363 -0.0348516 0.022503 -0.026726 0.0401786 0.0271638 -0.0078982 0.0105025 0.00465811 0.0405492 -0.0308318 -0.00103506 0.0224592 0.0175891 0.0105202 0.027005 -0.0189036 -0.0192893
internal_weight=31371.7 23397.4 16560 7974.28 6837.41 10300.6 4604.97 6973.39 5430.08 2544.2 2232.45 3318.37 4424.41 6259.34 1346.16 3327.24 1198.04 999.436 3846.52 1568.5 859.59 1005.66 3218.22 1749.87 1286.6 708.91 368.789 893.529 3126.87 1525.04
internal_count=231276 192784 146800 38492 45984 86465 29095 55689 24360 14132 16889 21865 19814 60335 8068 30776 6064 5902 29208 10134 5613 4546 30169 11731 7230 4521 2263 5016 26481 12087
cat_boundaries=0 1 2 3 4 5 6
cat_threshold=8207 5271723 1125487 2106088 9420816 8593710
is_linear=0
shrinkage=0.04


Tree=14
num_leaves=31
num_cat=3
split_feature=27 5 27 5 27 28 27 5 5 5 5 28 27 10 5 21 19 5 5 6 29 5 23 29 7 19 27 11 21 6
split_gain=3875.15 807.944 700.297 447.018 277.737 225.179 183.137 131.871 105.84 99.1552 72.0856 51.4798 50.669 47.548 46.3695 42.3977 40.4791 36.8749 35.8244 34.0475 32.9981 31.0389 29.8958 28.6037 26.6926 26.2618 26.18 25.89 30.6213 25.2134
threshold=0.24000000000000069 2.5000000000000004 -0.59666666666666635 2.5000000000000004 1.0616666666666672 1.5000000000000002 -1.5049999999999994 2.5000000000000004 4.5000000000000009 4.5000000000000009 1.5000000000000002 1.5000000000000002 2.0400000000000009 0 1.5000000000000002 32.365000000000009 1 1.5000000000000002 4.5000000000000009 45.045000000000009 2.0050000000000003 4.5000000000000009 2.5000000000000004 6.0050000000000008 3.5500000000000029 2 0.58166666666666755 8.5000000000000018 30.795000000000005 36.495000000000012
decision_type=2 2 2 2 2 2 2 2 2 2 2 2 2 1 2 2 1 2 2 2 2 2 2 2 2 1 2 2 2 2
left_child=2 5 6 14 8 12 20 27 13 22 15 21 17 26 16 29 -4 -2 -9 -17 -1 -6 -5 -16 -10 -23 -3 28 -8 -7
right_child=1 4 3 9 11 10 7 18 24 -11 -12 -13 -14 -15 23 19 -18 -19 -20 -21 -22 25 -24 -25 -26 -27 -28 -29 -30 -31
leaf_value=-0.040038450150466816 0.033346759113985963 0.0027357917555665824 -0.0014693472350266038 -0.0026703408185563401 0.021744413561970623 0.008400543347111945 -0.010892694164810503 -0.020821300166618314 -0.0093587998280881459 -0.019731248535788753 0.011103825734275508 0.0063221370006994104 0.04336253418616115 -0.0034307020564598449 -0.0038790127084446248 0.024289781514200911 0.011625303573249575 0.024212518544364729 -0.029518905725352745 0.045002711390049466 -0.02869278620388948 0.021139547689540416 -0.011560532785792053 0.0076853431485699574 0.0010494071948473319 0.0067056501860387734 0.011672048468697469 -0.018497039793471656 0.0054882852627331181 0.024220226007712578
leaf_weight=1034.0086966305971 1671.9080855250359 902.9011410176754 524.16097918897867 811.0485977679491 1416.8156566396356 433.27320481091738 855.10701019316912 1540.9260286092758 1634.0743297860026 2685.4093478173018 1679.718436293304 807.7447661459446 492.38087919354439 814.57391509413719 1334.3576515465975 1181.7811596915126 1371.3962948769331 1225.4529657438397 1490.7201778739691 142.26153264194727 679.81725590676069 331.18906012177467 2384.696344807744 460.25462275743484 519.5966298058629 577.45993067324162 1251.7323979139328 486.44667746126652 232.15474916249514 256.70030979812145
leaf_count=10687 8785 6476 3719 6371 8206 2662 7069 14151 12427 23420 10742 5232 2464 5995 9991 6919 9425 6820 14326 817 6571 2029 19405 3281 3923 3615 8155 4367 1815 1545
internal_value=-0.000197144 0.0141439 -0.0140409 -0.00721793 0.00564072 0.0240547 -0.0243754 -0.0202214 -9.68484e-05 -0.0140654 0.0172226 0.0150218 0.0314994 0.00479979 0.00369509 0.0223258 0.00805794 0.0294834 -0.0250981 0.0265153 -0.035538 0.0180436 -0.00930429 -0.000913164 -0.00684771 0.012273 0.00789068 -0.0108267 -0.00739499 0.0142862
internal_weight=31230.1 15339.6 15890.5 9571.32 8256.09 7083.48 6319.18 4605.35 5122.88 5881.15 3693.73 3133.21 3389.74 2969.21 3690.17 2014.02 1895.56 2897.36 3031.65 1324.04 1713.83 2325.46 3195.74 1794.61 2153.67 908.649 2154.63 1573.71 1087.26 689.974
internal_count=231410 96812 134598 75612 56058 40754 58986 41728 36976 49196 22685 19082 18069 20626 26416 11943 13144 15605 28477 7736 17258 13850 25776 13272 16350 5644 14631 13251 8884 4207
cat_boundaries=0 1 2 3
cat_threshold=3 1082817 7377443
is_linear=0
shrinkage=0.04


Tree=15
num_leaves=31
num_cat=1
split_feature=27 4 27 4 27 27 4 4 20 4 27 4 4 27 27 23 4 29 23 22 23 11 29 29 27 11 23 12 10 11
split_gain=3564.9 869.733 529.527 465.401 300.107 249.325 111.577 108.877 80.5474 76.4699 69.1643 61.6228 54.9745 51.3552 46.4438 45.5773 43.6607 38.16 34.4971 34.4549 32.4742 30.9401 32.2284 30.5241 29.3025 28.9957 27.2515 27.1024 26.433 23.7006
threshold=0.090000000000000094 1.0000000180025095e-35 -1.0683333333333338 -0.015499999999999845 0.94833333333333358 0.87499999999999944 -0.043333333333333439 0.023333333333332987 5.8050000000000006 -0.028166666666666892 1.5536666666666668 0.033666666666666518 -0.028166666666666892 -0.33333333333333254 2.0400000000000009 2.5000000000000004 -0.044999999999999478 5.8450000000000006 2.5000000000000004 -1.0000000180025095e-35 1.5000000000000002 9.5000000000000018 6.2650000000000006 4.9050000000000011 -0.56999999999999995 11.500000000000002 1.5000000000000002 3.5634920634920637 0 4.5000000000000009
decision_type=2 2 2 2 2 2 2 2 2 2 2 2 2 2 2 2 2 2 2 2 2 2 2 2 2 2 2 10 1 2
left_child=2 4 8 16 6 11 17 13 23 14 20 18 -10 -5 25 -8 24 -2 -3 -9 -7 27 -23 -1 -4 -6 -11 -18 -17 -14
right_child=1 5 3 7 9 10 15 19 12 26 -12 -13 29 -15 -16 28 21 -19 -20 -21 -22 22 -24 -25 -26 -27 -28 -29 -30 -31
leaf_value=-0.040362818932638753 0.015473271647051597 0.003867547009968253 -0.0033217596914265008 -0.017028175446783297 0.02784514105267491 0.012022876636079011 0.013857315639853356 -0.025802373180896763 -0.013821611164310856 0.025751963094618278 0.018418948870923008 -0.01156288924953424 -0.021720654148849869 -0.0076893852179714351 0.043975227904969334 -0.0011697636986714877 0.0057512185184794883 0.02669552252833365 -0.0056953231629612343 -0.017255729895640642 0.0015031880828897204 -0.017285816625982806 0.0047459781230771844 0.033145175287658528 0.0088407330753460384 0.046006393741895656 0.016311583582978597 -0.0049326715290115564 0.0083730515836764035 -0.031930472882960623
leaf_weight=914.90757973492146 1005.9901032596827 1083.5338562130928 439.37140271812677 1962.4538239762187 2136.6732829138637 756.79105997085571 1713.9112069681287 1993.7887075170875 494.03123801201582 936.34860756993294 992.61801706254482 1596.0716017484665 515.26641874760389 1812.1580199971795 389.97424548864365 723.86490378528833 651.96127247810364 935.77254961431026 1362.5674589574337 1214.3925877064466 1236.8970523402095 405.30654810369015 143.96746276319027 9.1286124736070615 1137.4264669194818 150.56926108896732 1024.6290183365345 910.38139868527651 1295.8864325806499 1237.4005305469036
leaf_count=9781 6107 7884 3590 17550 11368 4900 10998 18558 4391 5200 5749 12841 4877 14442 1901 5096 4853 5346 10338 10927 8234 3356 1049 87 7909 686 5912 7041 8522 12226
internal_value=-0.000204843 0.0118779 -0.0153429 -0.0110783 0.0192727 0.00102671 0.0131044 -0.0171495 -0.0296955 0.0268204 0.00979172 -0.00544876 -0.0256069 -0.0125447 0.0312161 0.00905974 0.000415455 0.0208815 -0.00145932 -0.0225672 0.00549639 -0.00334522 -0.0115112 -0.0396366 0.00545168 0.0290407 0.0208193 -0.000474314 0.00498864 -0.0289289
internal_weight=31184 17342.1 13841.9 10671.2 10313.6 7028.48 5675.43 6982.79 3170.73 4638.19 2986.31 4042.17 2246.7 3774.61 2677.22 3733.66 3688.41 1941.76 2446.1 3208.18 1993.69 2111.62 549.274 924.036 1576.8 2287.24 1960.98 1562.34 2019.75 1752.67
internal_count=231719 111082 120637 89275 61136 49946 36069 61477 31362 25067 18883 31063 21494 31992 13955 24616 27798 11453 18222 29485 13134 16299 4405 9868 11499 12054 11112 11894 13618 17103
cat_boundaries=0 1
cat_threshold=4
is_linear=0
shrinkage=0.04


Tree=16
num_leaves=31
num_cat=2
split_feature=0 27 0 0 26 27 27 27 10 5 11 15 12 0 15 5 0 0 27 27 20 11 17 5 24 27 10 18 5 6
split_gain=13567.5 1663.43 625.571 490.004 489.543 197.891 184.582 115.176 111.538 83.5825 81.2504 71.9544 64.4351 63.1982 53.4147 44.2092 43.6515 41.4695 38.6041 37.5069 34.4195 33.1677 33.5601 33.0417 32.8192 32.3716 32.0624 32.0374 30.8395 30.6196
threshold=1.5000000000000002 0.52400000000000058 4.5000000000000009 4.5000000000000009 5.0250000000000012 1.3291666666666668 -0.4066666666666669 1.4966666666666666 0 3.5000000000000004 10.500000000000002 3.5000000000000004 3.183333333333334 5.5000000000000009 1.5000000000000002 3.5000000000000004 3.5000000000000004 5.5000000000000009 1.7520833333333339 2.1091666666666673 17.355000000000004 10.500000000000002 0.21111111111111114 2.5000000000000004 2.5000000000000004 -0.80449999999999966 1 1.0000000180025095e-35 3.5000000000000004 34.595000000000006
decision_type=2 2 2 2 2 2 2 2 1 2 2 10 10 2 8 2 2 2 2 2 2 2 10 2 2 2 1 10 2 2
left_child=4 2 6 5 11 10 15 17 24 21 12 -1 -3 25 -10 27 18 -5 26 -9 -13 22 -8 -14 -6 -4 -7 -2 -16 -11
right_child=1 3 13 7 8 16 9 19 14 29 -12 20 23 -15 28 -17 -18 -19 -20 -21 -22 -23 -24 -25 -26 -27 -28 -29 -30 -31
leaf_value=0.035471955340668292 -0.024466743882699253 0.0079609960276846078 -0.036563863685988587 -0.015233315900247795 0.05975822086853512 0.0026610478787328952 -0.0090733708761669748 -0.0076559696719176642 0.052093956832426354 -0.022110501142705276 -0.014634046737982066 0.0086592384442923803 0.0038734352875050147 -0.038779674655185545 0.043692842224211312 -0.028810392500317028 0.0067904829059570971 -0.027178847637133251 0.027165065307300635 0.012755638696245892 0.024609932946210025 -0.016472281554642147 0.0017033328415236911 -0.0084592653231153545 0.051190997134813426 -0.027429158051359398 0.020017511620976897 -0.013861991452685525 0.033463622544449484 -0.012978997743875858
leaf_weight=931.80752032995224 1098.4872442483902 1564.1953504234552 902.27796816825867 972.23463940620422 1723.2860546857119 290.41819612681866 1835.9490089938045 567.20035361498594 912.85477063059807 1443.1986257731915 532.11888597160578 293.57688468694687 565.44570613652468 2712.4862601831555 1567.9200428128242 1823.8695894554257 617.05299048125744 891.22237458080053 602.35099919140339 193.06620220839977 823.9529777020216 658.0626819729805 617.97678146511316 902.16154213994741 1223.2823226004839 1989.1366308405995 452.63900949060917 779.06481532752514 674.39517919719219 990.96456602215767
leaf_count=4987 10280 10397 9717 7653 7353 1669 14065 3842 4010 12718 3652 1916 3592 28612 7156 18324 3550 7436 3169 1195 4716 5009 4616 6573 5258 18878 2534 7086 3276 8599
internal_value=-0.000165373 -0.0158796 -0.0238481 -0.0013589 0.0441786 0.00539908 -0.0174575 -0.0155933 0.0498596 -0.0128408 -0.000217711 0.0272637 0.00231253 -0.034394 0.0437982 -0.024375 0.0155994 -0.0209464 0.0196396 -0.00247254 0.0204197 -0.00849792 -0.00635945 -0.00370767 0.0560114 -0.0302797 0.0135391 -0.0200664 0.0406163 -0.018393
internal_weight=31152.7 23001.6 14851.5 8150.11 8151.08 5526.38 9247.57 2623.72 6101.74 5546.15 3563.92 2049.34 3031.8 5603.9 3155.17 3701.42 1962.46 1863.46 1345.41 760.267 1117.53 3111.99 2453.93 1467.61 2946.57 2891.41 743.057 1877.55 2242.32 2434.16
internal_count=231838 193166 137904 55262 38672 35136 80697 20126 27053 45007 24214 11619 20562 57207 14442 35690 10922 15089 7372 5037 6632 23690 18681 10165 12611 28595 4203 17366 10432 21317
cat_boundaries=0 1 2
cat_threshold=1 6
is_linear=0
shrinkage=0.04


Tree=17
num_leaves=31
num_cat=4
split_feature=0 27 0 10 0 27 27 14 4 19 27 0 4 14 15 8 8 27 4 27 19 11 7 5 0 4 27 27 19 4
split_gain=12417.2 1587.63 642.971 492.505 464.992 202.633 178.601 108.291 99.2348 96.312 95.5686 62.2259 52.9988 48.2715 47.7024 47.5502 47.2916 42.6951 37.9986 37.7906 33.1692 33.5661 32.7061 32.5353 29.7799 29.6744 28.6632 28.5099 27.5345 34.9802
threshold=1.5000000000000002 0.57083333333333341 4.5000000000000009 0 4.5000000000000009 -0.52166666666666595 1.1650000000000007 -0.02 -0.03666666666666573 1 1.4966666666666666 5.5000000000000009 -0.043333333333332551 0.13802910052910058 3.5000000000000004 3.5000000000000004 4.5000000000000009 -0.7599999999999999 -0.015499999999999845 1.7136666666666669 2 10.500000000000002 5.140833333333334 3.5000000000000004 3.5000000000000004 -0.023333333333333869 -0.56999999999999995 0.080000000000000307 3 0.010000000000000233
decision_type=2 2 2 1 2 2 2 8 2 1 2 2 2 10 8 2 2 2 2 2 1 2 2 2 2 2 2 2 1 2
left_child=3 2 5 9 6 14 12 17 -7 13 18 26 -3 -1 -2 24 19 -5 -6 23 21 -14 -19 -8 27 -11 -4 -10 -9 -30
right_child=1 4 11 7 10 8 16 28 15 25 -12 -13 20 -15 -16 -17 -18 22 -20 -21 -22 -23 -24 -25 -26 -27 -28 -29 29 -31
leaf_value=0.03585790145953778 -0.017447557397899435 0.010345720887033807 -0.034724337095502732 0.0121681487470153 -0.012411936074174373 -0.0024898924357065369 0.017592972656679251 0.027246255388505884 -0.01305860572844471 0.057766314932773233 -0.0033450246018316217 -0.038263198662485322 0.0042042994008878003 0.04938242201075272 -0.028239529344353226 -0.019090211188982797 0.0052663163151221741 0.02236591139919708 -0.024817214270873703 0.024593978956724657 -0.0084969327579428565 -0.015041566235261268 0.039911169288099221 0.0030797736932379172 -0.017447538671039188 0.050367613098320316 -0.026549333992908663 -0.0028259638826265664 0.047255166844680875 0.027504523874283576
leaf_weight=1164.1454488635063 934.713991522789 523.74467544257641 1134.5505107492208 543.30521991848946 618.13765475153923 1254.7377696633339 713.12122809886932 519.71215510368347 942.21440943330526 1555.0091519653797 766.16305417567492 2669.7194138392806 931.31495147943497 662.56844392418861 2192.4709270223975 2427.9929366856813 765.34783715009689 814.31210316717625 1094.7761076465249 676.82832826673985 1148.8735978975892 171.72833600640297 214.84161998331547 378.22226141393185 851.00373382866383 1961.3143080323935 1736.6042861789465 810.32045460492373 612.7421932220459 187.34375576674938
leaf_count=5153 8977 3166 12452 3473 4689 9070 4007 2599 8236 6549 5084 28966 6498 2801 22097 20855 4397 4292 9290 3590 8054 1216 1110 2418 7191 8633 16528 6505 2975 975
internal_value=-0.000190167 -0.0154295 -0.0230565 0.0418948 -0.000784909 -0.0166931 0.00589382 0.0282329 -0.0125539 0.0491454 -0.015088 -0.0338673 -0.00111537 0.0405415 -0.0250138 -0.0150636 0.0135729 0.0212396 -0.0203405 0.0171684 -0.00378096 0.00119714 0.0260286 0.0125632 -0.0113084 0.0534874 -0.0297797 -0.00832733 0.0367789 0.0421042
internal_weight=30977.9 22742.6 14954.3 8235.29 7788.26 9413.45 5309.18 2892.26 6286.27 5343.04 2479.08 5540.87 2775.66 1826.71 3127.18 5031.53 2533.52 1572.46 1712.91 1768.17 2251.92 1103.04 1029.15 1091.34 2603.54 3516.32 2871.15 1752.53 1319.8 800.086
internal_count=231846 193286 140877 38560 52409 82931 33346 15424 51857 23136 19063 57946 18934 7954 31074 42787 14412 8875 13979 10015 15768 7714 5402 6425 21932 15182 28980 14741 6549 3950
cat_boundaries=0 1 2 3 4
cat_threshold=3 9791 2108159 42095
is_linear=0
shrinkage=0.04


Tree=18
num_leaves=31
num_cat=0
split_feature=27 4 27 4 28 28 5 4 27 4 4 5 27 4 5 22 23 22 22 27 22 6 22 27 6 15 11 29 29 7
split_gain=2958.6 697.044 473.331 404.639 240.214 223.286 89.551 87.5071 84.2147 83.4542 59.6314 56.4549 50.8788 45.2299 42.6148 41.7678 38.8018 32.8958 31.9645 31.3468 30.3129 28.6286 27.1765 27.1237 26.3776 26.3174 24.5372 22.6459 21.9144 20.9781
threshold=0.11999999999999945 -0.011666666666667156 -1.0483333333333333 0.0049999999999994502 1.5000000000000002 1.5000000000000002 1.5000000000000002 0.025000000000000803 -2.0481666666666656 -0.049999999999999371 0.026666666666666842 1.5000000000000002 -0.4066666666666669 0.044999999999999492 1.5000000000000002 6.830000000000001 1.5000000000000002 14.315833333333336 -0.81166666666666554 1.7520833333333339 15.238166666666668 39.505000000000003 13.052666666666665 -0.56999999999999995 32.150000000000006 1.5000000000000002 1.5000000000000002 6.035000000000001 4.7950000000000008 6.8216666666666645
decision_type=2 2 2 2 2 2 2 2 2 2 2 2 2 2 2 2 2 2 2 2 2 2 2 2 2 8 2 2 2 2
left_child=2 5 8 6 10 14 23 16 28 17 20 -10 -8 18 19 -11 -6 -7 -5 -2 -3 26 -12 -4 -9 -18 -22 -14 -1 -15
right_child=1 4 3 13 7 9 12 24 11 15 22 -13 27 29 -16 -17 25 -19 -20 -21 21 -23 -24 -25 -26 -27 -28 -29 -30 -31
leaf_value=-0.039335214173648721 0.02736396224430716 0.010903575012755804 -0.003980615545544062 -0.019181696093480499 0.010363918796180377 0.017056524200639668 -0.012204333500887269 -0.012681769048251267 -0.009540577326657966 0.0044606520618828563 -0.0023005775282884744 -0.026657892572154687 -0.0050938405519742281 -0.025847671853350632 0.021794956940463867 0.014094432550321022 0.0068336234177985254 0.029699342878226568 -0.011161089679797459 0.038359658593664962 0.038327789374745888 0.033619290484777048 0.009862118428765115 0.0064878371475360561 -0.0039191204871621785 -0.0024431662889517797 0.014871458645067077 0.0042665790111511472 0.0086436054647879308 -0.012130384437310919
leaf_weight=853.47521208226681 1450.2486703842878 1141.9206802845001 535.25349058955908 1937.0376364886761 710.49718540906906 1209.1505699828267 1538.8385858237743 1075.0141039863229 370.86066418141127 1450.5875277966261 542.90543243288994 1827.0371118187904 1614.1958784610033 1394.3266872242093 1609.2337594479322 1429.7978576868773 648.46935321390629 452.51856255531311 1348.4508284404874 581.02247488498688 78.650223448872566 207.62550929188728 640.96134016662836 1522.2306854128838 1124.6996727585793 1993.3168128058314 769.29918782413006 555.97776823490858 15.508578099310396 204.55012806504965
leaf_count=9905 7465 6994 4489 18076 4866 7040 13614 8540 3409 9438 3684 18792 12581 13637 8585 8751 4554 2507 11947 2771 402 1193 3992 10660 8886 14437 4447 4134 155 1975
internal_value=-0.000250349 0.0108422 -0.0140908 -0.0101037 0.0031167 0.0192766 -0.00292821 -0.00200216 -0.0279374 0.013361 0.0115216 -0.0237696 -0.00664081 -0.018575 0.0266572 0.00924278 0.00206573 0.0204995 -0.0158898 0.0305092 0.0154204 0.0203068 0.00428447 0.00376447 -0.00820148 -0.000166027 0.0170471 -0.00269579 -0.0384789 -0.0240928
internal_weight=30833.7 17115.9 13717.7 10650.9 8933.36 8182.56 5766.5 5552 3066.88 4542.05 3381.36 2197.9 3709.01 4884.37 3640.5 2880.39 3352.28 1661.67 3285.49 2031.27 2197.5 1055.57 1183.87 2057.48 2199.71 2641.79 847.949 2170.17 868.984 1598.88
internal_count=231926 108552 123374 91113 61995 46557 45478 41283 32261 27736 20712 22201 30329 45635 18821 18189 23857 9547 30023 10236 13036 6042 7676 15149 17426 18991 4849 16715 10060 15612
is_linear=0
shrinkage=0.04


Tree=19
num_leaves=31
num_cat=6
split_feature=0 27 0 10 0 27 27 4 14 19 27 0 14 4 28 0 4 19 4 27 0 19 22 4 14 19 12 7 7 19
split_gain=11414.3 1453.46 677.514 374.274 352.194 212.736 115.853 108.391 91.9218 90.3718 74.8471 60.8672 53.9343 47.1676 46.028 45.6816 42.5569 39.5092 39.0632 38.0691 37.6894 36.4612 36.1617 35.2821 34.1766 30.4245 30.163 29.581 28.0522 27.2706
threshold=1.5000000000000002 0.67833333333333312 4.5000000000000009 0 4.5000000000000009 -0.36366666666666653 1.6481666666666663 -0.018333333333333087 -0.067658730158730182 1 1.7933333333333334 5.5000000000000009 0.17235449735449743 -0.022916666666666249 1.5000000000000002 5.5000000000000009 -0.081833333333333411 2 -0.028166666666666892 -0.49666666666666676 3.5000000000000004 3 12.855833333333337 0.039999999999999598 0.45023148148148157 4 4.2111111111111121 11.646666666666668 4.0766666666666707 5
decision_type=2 2 2 1 2 2 2 2 8 1 2 2 8 2 2 2 2 1 2 2 2 1 2 2 10 1 8 2 2 1
left_child=3 2 5 9 6 13 12 16 28 14 15 19 20 -2 -1 18 -7 -9 29 -4 27 -10 25 -19 -8 -14 -15 -3 -5 -6
right_child=1 4 11 8 10 7 24 17 21 -11 -12 -13 22 26 -16 -17 -18 23 -20 -21 -22 -23 -24 -25 -26 -27 -28 -29 -30 -31
leaf_value=0.045902546045215223 -0.015418945162350246 0.0012429266971432831 -0.034519662327804575 0.016103762473735777 -0.0099430611160105202 0.012909024642188951 0.01541778898957368 -0.0086072067574089733 0.022407554052915894 0.050917853084996023 0.001951437140808413 -0.037323725100585355 0.014662360425964508 -0.022704908374305957 0.034257432844890703 -0.023045236023101691 -0.0054664234764888525 -0.015172598553821207 -0.015318087080705381 -0.025207263617425212 -0.0082250510197490918 0.037782150348711664 0.016693046661079729 -0.026356956908646048 0.042434622477372806 -0.003710417921515434 -0.031577672764371359 0.023177359782254162 0.030181992895079949 0.015584069975360958
leaf_weight=940.89013156294823 969.04497069120407 1581.214327134192 1177.561814904213 911.00417102873325 122.89735470712185 226.12934022396803 1070.1788212954998 1242.6864295676351 461.70417433977127 3206.5356025248766 434.21654818952084 2668.6724960803986 213.28869752585888 1827.1954011395574 1284.4159595817327 883.77522120624781 1863.3863714113832 2117.422017082572 675.87685270607471 1740.5648090913892 739.17924463003874 1253.0953772962093 593.49807947874069 573.5207492262125 80.556161224842072 400.9246481359005 922.53374599665403 104.90037153661251 301.37666039168835 126.15265747904778
leaf_count=3853 8932 10207 13474 5236 854 1519 5634 10783 2343 13652 2745 29974 1326 18677 5716 7131 13538 17921 5363 16728 4852 6199 3557 5246 409 2507 9896 655 1690 877
internal_value=-3.68832e-05 -0.0149477 -0.0218531 0.0398406 0.000116606 -0.0154848 0.00624857 -0.0108402 0.027938 0.0461184 -0.0129618 -0.0329578 0.00274522 -0.0230074 0.0390059 -0.016542 -0.00347782 -0.0147511 -0.0103281 -0.0289651 -0.000693994 0.0339936 0.00965175 -0.0174913 0.0173091 0.00284793 -0.0256817 0.00260756 0.0196034 0.00321384
internal_weight=30714.4 22355.4 15328.7 8359.02 7026.66 9741.92 4783.74 6023.14 2927.18 5431.84 2242.92 5586.8 3633.01 3718.77 2225.31 1808.7 2089.52 3933.63 924.927 2918.13 2425.29 1714.8 1207.71 2690.94 1150.73 614.213 2749.73 1686.11 1212.38 249.05
internal_count=231494 192805 146688 38689 46117 86512 29147 49007 15468 23221 16970 60176 23104 37505 9569 14225 15057 33950 7094 30202 15714 8542 7390 23167 6043 3833 28573 10862 6926 1731
cat_boundaries=0 1 2 3 4 5 6
cat_threshold=3 1582639 9775 8239 6300136 11696186
is_linear=0
shrinkage=0.04


Tree=20
num_leaves=31
num_cat=8
split_feature=0 28 0 0 10 11 4 28 28 19 22 28 15 16 0 0 19 4 4 17 15 19 7 13 19 19 0 4 19 19
split_gain=10296.6 1250.57 569.462 420.612 339.614 139.613 128.332 103.311 83.0263 77.9597 64.1775 63.5195 60.3817 57.5118 52.6507 48.3545 48.1888 46.0574 39.412 38.8869 38.8099 36.4244 35.0215 34.7299 33.2249 28.9084 28.4656 26.8902 26.7159 25.4564
threshold=1.5000000000000002 2.5000000000000004 4.5000000000000009 4.5000000000000009 0 10.500000000000002 -0.009999999999999341 1.5000000000000002 2.5000000000000004 1 23.53166666666667 3.5000000000000004 4.5000000000000009 0.77500000000000013 5.5000000000000009 3.5000000000000004 2 0.010000000000000233 -0.019999999999999126 0.18333333333333338 1.5000000000000002 3 -3.8583333333333321 0.11805555555555557 4 5 5.5000000000000009 -0.10499999999999997 6 7
decision_type=2 2 2 2 1 2 2 2 2 1 2 2 8 10 2 2 1 2 2 10 8 1 2 10 1 1 2 2 1 1
left_child=4 3 6 5 9 7 12 13 -6 -1 20 21 24 15 -4 29 22 -18 -9 -11 26 -8 -10 -13 -3 -20 -5 -12 -17 -2
right_child=1 2 14 10 8 -7 11 18 16 19 27 23 -14 -15 -16 28 17 -19 25 -21 -22 -23 -24 -25 -26 -27 -28 -29 -30 -31
leaf_value=0.032928996710843074 0.018909762484286968 -0.0014303877994604761 -0.029443390873234439 -0.0059135036578570879 0.041636754248690892 -0.012274078285276595 -0.00016158820544109079 0.0061013003913677581 0.0034647742805852867 0.040558514722258653 0.063792421982730302 -0.029454898614863469 -0.018852199382910877 0.024474893058012835 -0.037769976099652054 0.0077081951786890993 0.032232554594511846 0.016911904270003834 -0.010176378335172803 0.048707315131487933 -0.023334493668182073 -0.016337235934039369 0.020401431845447439 -0.020715286215819893 -0.010858965105838088 0.00085326419391752218 -0.019352933953546047 -0.004145870109900922 -0.007604396491117547 0.0080395732101882431
leaf_weight=1226.6956974416971 584.3265053704381 1023.7620713934302 2549.1291409283876 489.57880748808384 457.5051600933075 824.58770940452814 284.76008058339357 899.00330346822739 269.73167072236538 1394.9154802113771 9.5026802793145162 1015.6411677226424 958.49210104346275 419.27666795998812 2321.6551306992769 339.12662500888109 1090.274225756526 440.91970705986023 723.43279751390219 2854.2444340735674 1274.5644921436906 1175.4952866733074 708.31486521661282 2564.4199406355619 1472.4615744426847 793.55546014010906 519.98242944478989 488.79135831445456 371.55071526020765 970.12545746564865
leaf_count=5246 3335 8167 27396 3727 1999 5764 2465 5615 1486 6001 61 10840 8635 2274 27192 2009 5680 2505 5336 11938 10977 10090 3824 25649 11754 5877 4192 3543 2248 5582
internal_value=-0.000453968 -0.0148238 -0.0225085 -0.00302778 0.0371159 0.00299676 -0.0162566 0.00546562 0.0258784 0.0430783 -0.0158567 -0.0203268 -0.0103182 0.0108664 -0.0334123 0.00834744 0.0231083 0.0276403 -0.000535165 0.0459241 -0.0186941 -0.0132959 0.0155713 -0.0231947 -0.00704131 -0.00446809 -0.0128356 -0.00285026 -0.000295953 0.0122991
internal_weight=30515.8 22073.2 13365.8 8707.41 8442.6 5924.99 8495.03 5100.4 2966.75 5475.86 2782.42 5040.32 3454.72 2684.41 4870.78 2265.13 2509.24 1531.19 2415.99 4249.16 2284.13 1460.26 978.047 3580.06 2496.22 1516.99 1009.56 498.294 710.677 1554.45
internal_count=231407 192728 132188 60540 38679 38040 77600 32276 15494 23185 22500 49044 28556 15448 54588 13174 13495 8185 16828 17939 18896 12555 5310 36489 19921 11213 7919 3604 4257 8917
cat_boundaries=0 1 2 3 4 5 6 7 8
cat_threshold=3 8719 1059887 9229 2826782 10424752 5280891 4208428
is_linear=0
shrinkage=0.04


Tree=21
num_leaves=31
num_cat=5
split_feature=0 27 0 0 20 27 27 27 14 19 5 19 0 14 19 5 19 14 5 14 27 22 27 24 0 6 3 9 19 23
split_gain=9615.03 1265.18 470.17 439.862 288.751 166.439 141.903 123.217 81.5053 66.6385 63.927 59.0206 58.2822 53.8455 50.1108 47.5538 42.9546 39.5179 39.2147 38.2509 38.2004 34.8367 34.4895 33.1569 31.4126 30.113 27.9687 27.2097 26.9624 26.9328
threshold=1.5000000000000002 0.33000000000000057 4.5000000000000009 4.5000000000000009 35.815000000000005 1.0616666666666672 -0.62333333333333318 1.0966666666666665 -0.14999999999999991 0 1.5000000000000002 1 5.5000000000000009 0.17592592592592599 2 2.5000000000000004 3 -0.083333333333333273 2.5000000000000004 -0.05000000000000001 1.0966666666666665 -3.7850000000000015 -0.44000000000000011 2.5000000000000004 3.5000000000000004 28.485000000000003 6.5550000000000006 46.500000000000007 4 3.5000000000000004
decision_type=2 2 2 2 2 2 2 2 10 1 2 1 2 8 1 2 1 8 2 10 2 2 2 2 2 2 2 2 1 2
left_child=4 2 6 5 8 14 17 -5 25 20 26 22 19 24 -3 28 29 -2 -16 -4 -6 27 -10 -11 -7 -1 -8 -13 -9 -12
right_child=1 3 12 7 9 13 10 15 11 23 16 21 -14 -15 18 -17 -18 -19 -20 -21 -22 -23 -24 -25 -26 -27 -28 -29 -30 -31
leaf_value=0.0035088290733624817 -0.0282893482884281 0.0034030420690924408 -0.032997305830939183 -0.023229266713190488 0.030472965440750194 0.0079942246219568396 0.056567274458664531 0.011632035794997475 0.009849512299567896 0.048848441247745671 -0.0021266082371407071 0.033431961441707986 -0.037659105751798233 0.015124758879544136 -0.00049394050517650838 -0.013493524240863133 -0.017547913407488253 -0.017906655601840838 -0.010693026974100118 -0.022701005677451019 0.042675796861499297 0.040257578343438287 0.026636290971723611 0.040743809488467918 -0.0046646122091616206 0.020678735369981226 -0.0043155465230676204 0.015071240706355767 -0.0055603825844095459 -0.014078637068634207
leaf_weight=231.47601076960564 1563.0261716023088 1242.9763851985335 1333.226485915482 1661.2964742779732 1154.1402916163206 1082.7764543890953 12.226123653352259 241.18480106443167 275.02554485201836 2088.8542687892914 573.36461835354567 450.79516181349754 2142.7378034219146 1434.339491263032 1034.3414901867509 765.69001892209053 2952.0073282048106 938.84058896452188 1447.006181627512 1018.175495646894 636.99601265788078 963.76128262281418 680.02705009281635 1316.799502581358 441.54436552524567 555.97634121775627 961.79860503226519 180.9895353615284 339.43101932108402 636.5787315890193
leaf_count=1335 17113 8861 15359 15163 4936 6243 88 1647 1589 8658 5088 2319 26085 7855 6801 5803 26958 9700 11199 10788 2590 4528 3209 5487 2677 3139 7240 962 2310 5839
internal_value=6.43154e-05 -0.0140139 -0.0226217 -0.00323749 0.0360606 0.00247951 -0.0165814 -0.0159408 0.0268806 0.0419573 -0.0127761 0.0303535 -0.0328873 0.00956188 -0.00314684 -0.00694719 -0.014935 -0.0243932 -0.00641572 -0.0285389 0.0346195 0.0352512 0.0215763 0.0455809 0.00432739 0.0156315 -0.00355134 0.0281721 0.00168583 -0.00834587
internal_weight=30357.4 21822.6 12132 9690.59 8534.84 6682.98 7637.84 3007.6 3338.05 5196.79 5135.98 2550.6 4494.14 2958.66 3724.32 1346.31 4161.95 2501.87 2481.35 2351.4 1791.14 1595.55 955.053 3405.65 1524.32 787.452 974.025 631.785 580.616 1209.94
internal_count=231569 192817 124258 68559 38752 43636 72026 24923 17081 21671 45213 12607 52232 16775 26861 9760 37885 26813 18000 26147 7526 7809 4798 14145 8920 4474 7328 3281 3957 10927
cat_boundaries=0 1 2 3 4 5
cat_threshold=4203071 1061935 4203055 9743 6038930
is_linear=0
shrinkage=0.04


Tree=22
num_leaves=31
num_cat=6
split_feature=0 27 0 0 26 27 27 10 27 4 19 4 19 4 6 0 14 14 14 7 19 0 4 0 19 19 6 29 14 4
split_gain=8704.24 1213.88 457.693 448.568 315.421 210.284 130.519 106.507 98.6188 65.3316 62.858 61.845 55.3062 49.4707 48.612 46.5669 43.3113 40.4241 40.1805 37.1892 36.4976 40.8205 36.1108 34.2185 32.5133 30.373 30.1483 28.7787 28.156 27.7572
threshold=1.5000000000000002 0.24000000000000069 4.5000000000000009 4.5000000000000009 4.9250000000000007 1.0966666666666665 1.1118333333333339 0 -0.62333333333333318 -0.038333333333332657 1 0.01166666666666716 2 -0.10499999999999997 36.305000000000007 5.5000000000000009 0.35023148148148159 -0.05000000000000001 -0.084444444444444391 -0.83333333333333381 3 3.5000000000000004 -0.069999999999999826 2.5000000000000004 4 5 34.395000000000003 7.0550000000000006 -0.2425925925925925 -0.071666666666665865
decision_type=2 2 2 2 2 2 2 1 2 2 1 2 1 2 2 2 8 10 8 2 1 2 2 2 1 1 2 2 8 2
left_child=4 3 5 8 12 9 22 24 17 -3 -9 26 -1 -5 16 -15 25 -2 -14 -8 -11 -22 -4 -16 -6 -7 -10 -21 -12 -25
right_child=1 2 6 13 7 14 19 10 11 20 28 -13 18 15 23 -17 -18 -19 -20 27 21 -23 -24 29 -26 -27 -28 -29 -30 -31
leaf_value=0.011528044145427845 -0.026357550016153138 0.0054242437896221641 -0.0010383537381773358 0.0054999001961477554 0.037073881977671065 -0.0023056821304081087 -0.014206007251117883 0.023150772575784597 -0.013440302745577993 0.00026891773669901145 0.010683724940493038 -0.019156916346929787 0.017125374645966196 -0.029685709006182694 0.028025766292900191 -0.03822220999026453 0.021988273853681645 -0.014977802166343398 0.0322467631528374 -0.0051075924090518143 -0.0054253721570527184 -0.016468835200691145 -0.024435857833322111 0.038049133879786486 0.048044464578165018 0.0086839642449735473 -0.0051692344827581962 0.013526304471788356 0.037218079062768326 0.0093495512733781268
leaf_weight=823.62256622314453 1764.9365382790565 960.47875578701496 112.10578462481499 51.998491480946541 1235.7319937944412 689.48578864336014 578.28028959780931 952.38466116786003 1503.4999861419201 959.12483230233192 65.694082126021385 1732.1475036144257 487.80096843838692 2140.9273948892951 327.26392830908298 1957.0779159218073 249.74777674674988 696.57508530467749 663.70752468705177 547.73613328486681 1655.6429971605539 791.57810938358307 1802.0449156835675 59.571852937340736 1884.1918436139822 952.80834302306175 1327.8530993685126 174.97577799111605 2458.6312349438667 568.25711292028427
leaf_count=4543 19672 6039 931 581 5099 3967 4237 4201 12772 7219 308 17146 2793 24572 1781 24741 1318 7222 3337 4022 12565 6079 17095 296 7699 5401 11087 1203 10612 3210
internal_value=-0.00015212 -0.0136841 -0.00386937 -0.0228438 0.0339537 0.00172482 -0.0164213 0.0381523 -0.0166842 -0.00378956 0.0328353 -0.0132035 0.0199309 -0.0332705 0.0101826 -0.0337625 0.00646906 -0.0231372 0.0256186 -0.00664561 -0.00638756 -0.00896087 -0.0230655 0.0175391 0.0438316 0.00410901 -0.00956132 -0.00059614 0.0363834 0.0120727
internal_weight=30175.9 21604.1 10429.1 11175 8571.76 7213.96 3215.14 6596.63 7025.01 4366.82 3476.71 4563.5 1975.13 4150 2847.13 4098.01 1892.04 2461.51 1151.51 1300.99 3406.35 2447.22 1914.15 955.093 3119.92 1642.29 2831.35 722.712 2524.33 627.829
internal_count=231748 193156 75363 117793 38592 47875 27488 27919 67899 31902 15121 41005 10673 49894 15973 49313 10686 26894 6130 9462 25863 18644 18026 5287 12798 9368 23859 5225 10920 3506
cat_boundaries=0 1 2 3 4 5 6
cat_threshold=9 4202543 4208235 10287 598591 9355728
is_linear=0
shrinkage=0.04


Tree=23
num_leaves=31
num_cat=5
split_feature=0 27 0 10 0 27 0 27 27 12 19 0 5 5 15 27 22 26 19 19 19 11 15 0 27 7 7 7 9 29
split_gain=8043.84 1156.09 565.96 308.166 304.249 157.486 99.7062 84.071 83.8019 78.8551 72.08 68.7735 60.2361 51.0271 45.1126 39.131 37.6053 37.4047 36.43 35.5435 35.0226 34.7741 34.2892 33.6571 32.6312 30.9246 29.7063 29.6559 29.6167 28.1036
threshold=1.5000000000000002 0.57083333333333341 4.5000000000000009 0 3.5000000000000004 -0.32333333333333297 5.5000000000000009 1.5536666666666668 1.7136666666666669 3.5277777777777781 1 5.5000000000000009 4.5000000000000009 3.5000000000000004 2.5000000000000004 2.1091666666666673 -7.3833333333333302 6.9750000000000005 2 3 4 9.5000000000000018 4.5000000000000009 3.5000000000000004 -0.25083333333333341 2.2570833333333344 -2.7208333333333345 7.2400000000000047 49.500000000000007 5.7250000000000005
decision_type=2 2 2 1 2 2 2 2 2 10 1 2 2 2 10 2 2 2 1 1 1 2 8 2 2 2 2 2 2 2
left_child=3 2 5 10 8 13 7 18 14 -5 17 24 23 22 26 -8 27 28 -6 -16 -18 -20 -2 -7 -4 -14 -3 -11 -1 -12
right_child=1 4 11 9 6 12 15 -9 -10 16 29 -13 25 -15 19 -17 20 -19 21 -21 -22 -23 -24 -25 -26 -27 -28 -29 -30 -31
leaf_value=0.032025565096160571 -0.011709308910317762 0.00077584527741903539 -0.031208922868355606 0.029640176591952866 -0.0022011394594038283 -0.0048142333471697697 -0.021033209311523061 0.0065238409631021921 0.019564604582123987 0.0061931421300461869 0.036713131310428658 -0.036632329180315025 -0.021201276924748009 -0.025664825582424344 0.0045910999553290871 0.0044883707527882512 0.011580704413910705 0.043312408715190619 -0.0098553087445777 -0.010018011056537957 0.027201303722163148 -0.026098969907935924 -0.022512530661756604 -0.013046144134305371 -0.022104328788706922 -0.0080208961237537065 0.01115124863141038 0.028804750935920293 0.018778193005375098 0.044883729279319072
leaf_weight=1702.7777021825314 1112.2881238088012 662.03953845053911 1380.7576819136739 1226.3173571228981 817.93020901829004 2593.0752756372094 1056.3513293787837 765.93016891181469 693.4756170809269 627.0826378017664 973.9233166873455 2274.9564542472363 938.51167606562376 1783.0476292148232 539.46973416209221 105.74478684365749 437.29079139232635 399.90785114467144 1034.4674810022116 509.61066672950983 646.38373693823814 264.8546075746417 814.162971585989 1145.8458869755268 1158.131348490715 408.91607664525509 1325.593940384686 108.92458528280258 320.90948225557804 2183.9776422083378
leaf_count=7137 10796 4182 17067 5768 5959 20835 8947 4529 3465 3593 4096 28980 9041 20251 3565 651 2241 1623 7616 3418 3222 1957 8598 9297 11922 3824 8195 597 1365 8942
internal_value=-0.000372693 -0.0135257 -0.0205554 0.03223 -0.00122133 -0.014521 -0.00881938 -0.00483251 0.00701853 0.021729 0.037854 -0.0315815 -0.00995017 -0.0207884 0.00415346 -0.0187109 0.016517 0.0320018 -0.00894075 -0.00255728 0.0212559 -0.0130659 -0.016275 -0.00733702 -0.0270558 -0.0172013 0.00769542 0.00953952 0.0299248 0.0422301
internal_weight=30012.7 21385.2 13609.7 8627.5 7775.47 8795.85 4045.28 2883.18 3730.19 3046 5581.5 4813.85 5086.35 3709.5 3036.71 1162.1 1819.68 2423.6 2117.25 1049.08 1083.67 1299.32 1926.45 3738.92 2538.89 1347.43 1987.63 736.007 2023.69 3157.9
internal_count=231679 193095 140611 38584 52484 82642 29659 20061 22825 15421 23163 57969 42997 39645 19360 9598 9653 10125 15532 6983 5463 9573 19394 30132 28989 12865 12377 4190 8502 13038
cat_boundaries=0 1 2 3 4 5
cat_threshold=3 4728383 1058095 12641583 7349419
is_linear=0
shrinkage=0.04


Tree=24
num_leaves=31
num_cat=5
split_feature=0 27 0 0 26 27 14 27 19 14 4 11 4 0 0 19 4 0 14 19 18 15 27 26 15 19 27 4 13 19
split_gain=7282.95 1084.42 420.992 385.889 298.297 149.618 109.613 99.6377 71.4322 63.759 58.9491 57.9801 54.3163 53.6578 47.4422 46.6594 45.7668 47.2107 39.0017 36.1352 36.1228 34.5891 33.5535 32.7311 32.3419 30.5832 29.5543 28.6836 28.0024 26.0525
threshold=1.5000000000000002 0.23083333333333303 4.5000000000000009 4.5000000000000009 5.4750000000000005 0.96400000000000008 0.15902777777777785 -0.62333333333333318 0 -0.12 0.0049999999999994502 10.500000000000002 0.026666666666665954 3.5000000000000004 5.5000000000000009 1 -0.073333333333332792 5.5000000000000009 0.31679894179894191 2 0.36666666666666675 4.5000000000000009 1.0450000000000004 6.3850000000000007 1.5000000000000002 3 1.2433333333333336 -0.046666666666666405 0.2678571428571429 4
decision_type=2 2 2 2 2 2 10 2 1 8 2 2 2 2 2 1 2 2 10 1 10 10 2 2 10 1 2 2 10 1
left_child=4 2 7 5 9 11 22 21 26 -1 25 12 19 18 -4 -11 -8 -18 -7 -3 23 -2 -5 -10 -17 -9 -6 -15 -21 -12
right_child=1 3 14 6 8 13 16 10 20 15 29 -13 -14 27 -16 24 17 -19 -20 28 -22 -23 -24 -25 -26 -27 -28 -29 -30 -31
leaf_value=0.012286547835606046 -0.01772275397800117 -0.0040629453198470613 -0.02817417340045612 -0.025248579089451221 0.021557621912802544 0.0085808686256705451 0.019989376795808946 -0.0030719339667721495 0.032742331279751229 0.035019968898078478 -0.010958759384187505 -0.01435979853503782 -0.01136122886749787 0.013714916743515125 -0.037019902155492244 0.032115421886077342 -0.00061919011520650507 -0.016399118498516111 0.022861605113385683 -0.004310062436743407 0.044151689902908908 -0.027395574363277355 -0.013533416673740147 0.041200843452050932 0.018486233263062608 -0.012191882826282885 0.03675805930933445 -0.0031889821473216114 0.0091658771710157599 -0.021010692645162185
leaf_weight=932.80056373775005 1204.3953946605325 1139.9705033525825 2047.7050454691052 1288.7041538879275 715.00190152227879 1995.7580354362726 96.17706011235714 1101.0824129581451 1717.2162836790085 573.71069617569447 747.2371274381876 715.04807110130787 724.38832738995552 197.18057373166084 1843.4265218451619 345.09420381486416 594.15523668378592 619.80496867746115 361.39531277120113 331.80374689400196 1389.6699922978878 1162.3439150825143 561.64395655691624 1275.7717394977808 1445.2686632573605 1313.2306059598923 286.72967791557312 866.05048224329948 962.07904087752104 1241.9455656483769
leaf_count=5165 13163 8284 24629 12862 3001 11381 685 9188 7118 2707 7505 5444 6118 1015 24780 1582 4630 5184 1865 2428 5644 13633 4363 5164 7050 11141 1156 5274 6718 12568
internal_value=-0.000223922 -0.0129039 -0.0218802 -0.00374976 0.0306178 0.00130907 -0.0154244 -0.0158542 0.0364198 0.0211421 -0.0122967 -0.00407456 -0.00174591 0.00740557 -0.0323648 0.0246363 -0.00657155 -0.00867586 0.0107704 0.0011159 0.0387339 -0.0224732 -0.0216926 0.0363478 0.020996 -0.00809582 0.0256524 -5.40846e-05 0.00566631 -0.0173954
internal_weight=29796.8 21115.5 10661.4 10454.2 8681.26 7293.67 3160.49 6770.24 5384.39 3296.87 4403.5 3873.29 3158.24 3420.38 3891.13 2364.07 1310.14 1213.96 2357.15 2433.85 4382.66 2366.74 1850.35 2992.99 1790.36 2414.31 1001.73 1063.23 1293.88 1989.18
internal_count=231445 192858 116607 76251 38587 48527 27724 67198 22083 16504 40402 28992 23548 19535 49409 11339 10499 9814 13246 17430 17926 26796 17225 12282 8632 20329 4157 6289 9146 20073
cat_boundaries=0 1 2 3 4 5
cat_threshold=8207 8815120 10441152 2647646 123407
is_linear=0
shrinkage=0.04


Tree=25
num_leaves=31
num_cat=0
split_feature=0 28 0 0 20 28 14 11 4 4 14 0 11 22 28 20 0 0 0 18 4 12 26 14 0 12 14 4 7 5
split_gain=6919.54 1040.69 480.215 301.092 222.731 171.056 118.427 91.1604 83.5144 81.3322 64.4038 44.1278 43.6722 41.7445 41.4498 41.078 39.3347 38.5078 37.6772 37.0525 35.7056 33.749 32.1728 31.2452 28.7952 28.778 26.0229 26.5421 25.6331 25.5261
threshold=1.5000000000000002 3.5000000000000004 4.5000000000000009 4.5000000000000009 37.055000000000007 1.5000000000000002 0.15902777777777785 10.500000000000002 -0.009999999999999341 0.0083333333333333055 -0.018485449735449713 5.5000000000000009 9.5000000000000018 -5.3499999999999988 1.5000000000000002 16.740000000000006 3.5000000000000004 5.5000000000000009 5.5000000000000009 0.36666666666666675 -0.073333333333332792 3.5277777777777781 4.1550000000000011 0.47519841269841273 3.5000000000000004 2.7888888888888892 -0.05000000000000001 -0.10499999999999997 -3.9350000000000009 2.5000000000000004
decision_type=2 2 2 2 2 2 10 2 2 2 10 2 2 2 2 2 2 2 2 10 2 8 2 10 2 8 8 2 2 2
left_child=4 2 5 8 10 7 18 16 13 12 15 29 19 -3 -6 -1 21 26 -4 -7 -13 -2 -10 -22 -11 -16 -5 -28 -17 -8
right_child=1 3 6 17 14 9 11 -9 22 24 -12 20 -14 -15 25 28 -18 -19 -20 -21 23 -23 -24 -25 -26 -27 27 -29 -30 -31
leaf_value=0.0044291620407259794 0.015836527737414684 -0.016791590735263595 -0.017915254953739742 -0.032555216009180557 0.039525493108883127 -0.00026013901134466305 0.0082710817993830732 -0.010207541754349281 -0.027530620692618916 -0.0069749578474581622 0.028166989989858761 0.015307564152856872 -0.0085936501884084256 -0.0058356598990986566 0.037851399833616059 0.012204314414083354 0.0032311143330494706 -0.037280207390526211 -0.028193005863978399 0.011400625495736847 -0.019862788000213551 0.0010968741824440432 -0.018856505345701068 0.015322883272774488 -0.017040446533706354 0.029201649560436103 0.044061680622622224 -0.023398200345527927 0.023209000306958695 -0.0073727314323174488
leaf_weight=316.8535448461771 1583.4775341823697 1123.3734274506569 1258.5581915378571 1030.774036206305 2225.3365160524845 1984.1669670566916 298.89040085673332 398.37345825135708 965.06939435005188 1338.8001622483134 1739.6987858712673 57.879415400326252 765.83615916222334 1102.5922184959054 937.05662256479263 470.19586846232414 869.09088765084743 1541.1358715221286 1044.1720243468881 558.78190173208714 599.61379288882017 294.82173696160316 2350.469331510365 43.296192787587643 688.66409236937761 1792.9799562096596 9.464451886713503 665.6744128242135 1210.6199848204851 377.87000770866871
leaf_count=1929 8681 10990 11944 13336 8941 14084 2177 2611 11532 11314 7891 431 5682 9576 3825 2377 5123 21593 11066 3733 5261 1737 24996 314 5953 7460 102 7929 6006 3151
internal_value=-8.94147e-05 -0.0125377 -0.00495947 -0.0230251 0.029913 0.000276072 -0.0170259 0.00767441 -0.0173578 -0.00408531 0.0225402 -0.00774881 -0.000219725 -0.0113648 0.0354735 0.0176401 0.0102673 -0.0326972 -0.0225757 0.00230217 -0.0147842 0.013523 -0.0213813 -0.0174932 -0.0103939 0.0321706 -0.0285569 -0.0224525 0.0201305 -0.000463661
internal_weight=29643.6 20950.8 12162.3 8788.55 8692.74 8482.01 3680.28 3145.76 5541.5 5336.25 3737.37 1377.55 3308.79 2225.97 4955.37 1997.67 2747.39 3247.05 2302.73 2542.95 700.789 1878.3 3315.54 642.91 2027.46 2730.04 1705.91 675.139 1680.82 676.76
internal_count=231745 193316 93262 100054 38429 58918 34344 18152 57094 40766 18203 11334 23499 20566 20226 10312 15541 42960 23010 17817 6006 10418 36528 5575 17267 11285 21367 8031 8383 5328
is_linear=0
shrinkage=0.04


Tree=26
num_leaves=31
num_cat=4
split_feature=0 27 0 0 28 28 14 27 11 4 19 11 0 20 4 31 22 19 14 27 0 14 4 11 19 19 7 18 3 4
split_gain=6309.29 965.596 454.481 332.514 258.594 114.965 108.659 91.9846 86.3493 74.0689 68.7332 60.8783 59.5677 53.8948 47.0447 41.1823 40.5715 40.2766 38.8098 37.0008 37.3632 35.2848 34.1525 33.657 33.5365 33.5 33.0387 31.5346 31.5011 30.5031
threshold=1.5000000000000002 0.33000000000000057 4.5000000000000009 4.5000000000000009 2.5000000000000004 1.5000000000000002 -0.083333333333333273 1.0283333333333338 10.500000000000002 -0.0063333333333335231 0 9.5000000000000018 5.5000000000000009 18.675000000000004 0.0033333333333325226 4.5000000000000009 -3.7850000000000015 1 0.044444444444444488 2.0400000000000009 5.5000000000000009 -0.05000000000000001 -0.020000000000000014 11.500000000000002 2 3 -6.0983333333333336 0.22500000000000003 6.7950000000000008 0.0099999999999993445
decision_type=2 2 2 2 2 2 10 2 2 2 1 2 2 2 2 2 2 1 8 2 2 8 2 2 1 1 2 10 2 2
left_child=4 2 6 5 15 11 13 -5 10 24 26 17 21 -2 23 18 29 -3 25 20 28 -4 -19 27 -8 -1 -6 -7 -9 -12
right_child=1 3 12 7 8 14 9 19 -10 -11 16 -13 -14 -15 -16 -17 -18 22 -20 -21 -22 -23 -24 -25 -26 -27 -28 -29 -30 -31
leaf_value=0.020091157051397121 -0.028233868402381703 0.0028726589971776518 -0.031249611422935746 -0.021568460143489818 -0.00040898196395578959 -0.0010806937677574591 0.00094881266405042895 0.0076164094478964797 0.037477192879386903 -0.015033276762553591 0.021867199544005424 -0.0031713040395334453 -0.036397810572476499 -0.016575321619282039 -0.008236109845009925 0.026372672444367064 0.028025590134010049 0.020779810324677638 0.039673836734779151 0.0075449742623742789 -0.017186402074984172 -0.020847925901328789 0.0091642086787132055 -0.019276128728967161 -0.0095967068774632444 0.03607660034488331 0.015131183899250739 0.0099412254217190309 -0.011004796321469022 0.0066481989087042786
leaf_weight=427.41289876401424 890.13969949632883 777.8084522485733 1155.199122518301 1422.8070901185274 268.37277647852898 1356.6366483345628 978.2021082341671 256.75895280390978 472.23591269552708 2192.76750985533 756.57409805059433 658.64603661000729 1842.8587192445993 2208.3900288790464 1523.8279650807381 730.80985456705093 1405.2585926949978 706.40139529109001 2451.0274402946234 229.64486657083035 584.04761917889118 951.65042541921139 949.22835551947355 123.02886629849672 945.40756171196699 795.90322022140026 1187.2541638314724 598.58278398215771 335.00866163522005 292.05261747539043
leaf_count=1758 10664 4427 15048 14184 1341 9075 8226 1883 1996 22690 3716 4139 26111 22555 12115 2975 6330 3558 9914 1438 4760 11168 5575 885 8087 3245 5803 3849 2588 1569
internal_value=-0.000195352 -0.0122568 -0.0202379 -0.00289938 0.028201 0.00195913 -0.0142666 -0.0143989 0.0213207 -0.0100077 0.0193691 0.00761692 -0.0311455 -0.0199246 -0.00289761 0.0350447 0.0234869 0.0105369 0.0367696 -0.00714082 -0.0100091 -0.0265512 0.0140354 0.00101673 -0.00427901 0.0309506 0.0121824 0.00229362 -0.00292534 0.0176286
internal_weight=29473.9 20687 11164.6 9522.43 8786.9 6694.16 7214.91 2828.27 4381.75 4116.38 3909.51 3092.08 3949.71 3098.53 3602.08 4405.15 2453.89 2433.44 3674.34 1405.46 1175.82 2106.85 1655.63 2078.25 1923.61 1223.32 1455.63 1955.22 591.768 1048.63
internal_count=231672 193025 124549 68476 38647 43623 72222 24853 20755 39003 18759 17699 52327 33219 25924 17892 11615 13560 14917 10669 9231 26216 9133 13809 16313 5003 7144 12924 4471 5285
cat_boundaries=0 1 2 3 4
cat_threshold=1058351 9388304 2827807 1059359
is_linear=0
shrinkage=0.04


Tree=27
num_leaves=31
num_cat=6
split_feature=27 5 27 5 27 27 5 5 22 6 23 27 27 23 29 7 19 10 11 20 10 27 7 19 22 19 19 5 5 7
split_gain=1627.15 403.928 339.35 253.779 148.309 126.456 73.4798 51.5486 50.3654 46.666 41.9691 36.3411 34.776 34.2392 33.2157 31.7132 27.2195 26.2218 27.5344 26.0684 23.9324 23.7797 23.5906 22.8927 22.4711 24.0126 22.2188 22.1131 21.5513 20.9282
threshold=0.070000000000000742 2.5000000000000004 -1.5049999999999994 3.5000000000000004 1.0966666666666665 1.1650000000000007 1.5000000000000002 4.5000000000000009 -0.81166666666666554 33.835000000000008 2.5000000000000004 -0.90083333333333282 2.4208333333333338 1.5000000000000002 1.7850000000000004 1.7483333333333333 0 1 10.500000000000002 30.620000000000001 2 2.1900000000000004 -1.2770833333333351 3 5.7175000000000002 4 5 5.5000000000000009 5.5000000000000009 -2.3166666666666678
decision_type=2 2 2 2 2 2 2 2 2 2 2 2 2 2 2 2 1 1 2 2 1 2 2 1 2 1 1 2 2 2
left_child=2 5 14 6 7 10 26 13 28 21 -2 -8 22 23 -1 24 -12 -13 29 -18 -15 -6 -7 -3 -9 -26 -4 -10 -5 -19
right_child=1 4 3 8 9 12 11 15 27 -11 16 17 -14 20 -16 -17 19 18 -20 -21 -22 -23 -24 -25 25 -27 -28 -29 -30 -31
leaf_value=-0.037461683202164225 0.013810626598071364 0.0010337763936839519 0.0084090975473871937 -0.01743030054216865 0.0029766620851771242 0.014730318896617951 -0.015494187594261116 -0.013980627789565232 -0.0081272419596345267 0.014442487880505782 0.012369744771383247 0.0030812647685844324 0.036947260085069843 0.0016542334777563197 -0.024535870705592995 0.00012586740894982677 -0.0065781768144640663 -0.010632725388771117 -0.017357919953154399 0.0060638833910333549 -0.0061614105913404618 0.018711750496688467 0.022437043878614563 0.014480453539785682 0.0053746754667267438 -0.0090024856132936548 -0.00059829079947928076 -0.017952416222951455 -0.024959226087134311 -0.0025456962864589074
leaf_weight=668.75468492507935 2651.6881778016686 386.46261181682348 620.06240107864141 2019.3802738040686 1566.8669262230396 1042.3740528225899 695.61944102495909 845.04445765912533 1216.8504282981157 1345.8340887352824 913.55546253174543 492.68948838859797 194.51195092499256 1906.9674474596977 606.6247161924839 848.16884614527225 315.15894336253405 785.25976941734552 354.04963300377131 1517.9333694800735 922.06198839098215 170.37948912382126 1628.1362259984016 437.05073478072882 257.17242674529552 625.5785880535841 1440.9325125366449 524.48606024309993 870.55673292279243 1471.3569828718901
leaf_count=9777 15603 2685 4741 22052 9348 5236 7379 7383 12202 7877 5661 3912 900 13684 7583 6996 2130 6848 3555 9405 7293 897 8163 2956 2075 5088 11602 5773 10259 12812
internal_value=-0.000318735 0.00738872 -0.0118308 -0.00946235 0.00167615 0.0138259 -0.00393169 -0.00187552 -0.0164603 0.00885132 0.0102211 -0.00723084 0.0206183 0.00118045 -0.0313136 -0.00620867 0.00675571 -0.0053786 -0.00696031 0.00386926 -0.000909041 0.00451987 0.0194289 0.00835852 -0.00931828 -0.00485507 0.00214953 -0.0110866 -0.0196983 -0.00535983
internal_weight=29341.6 17574.9 11766.6 10491.2 9311.59 8263.36 5859.97 6228.51 4631.27 3083.08 5398.34 3798.98 2865.02 3652.54 1275.38 2575.96 2746.65 3103.36 2610.67 1833.09 2829.03 1737.25 2670.51 823.513 1727.8 882.751 2060.99 1741.34 2889.94 2256.62
internal_count=231875 113380 118495 101135 66282 47098 50849 48160 50286 18122 32799 34506 14299 26618 17360 21542 17196 27127 23215 11535 20977 10245 13399 5641 14546 7163 16343 17975 32311 19660
cat_boundaries=0 1 2 3 4 5 6
cat_threshold=12984376 1 3 10379826 8495118 6424598
is_linear=0
shrinkage=0.04


Tree=28
num_leaves=31
num_cat=7
split_feature=0 27 0 0 10 27 27 27 0 19 5 27 11 10 0 19 15 4 20 4 19 17 6 19 4 4 11 27 19 0
split_gain=5675.47 878.064 504.728 231.179 211.974 133.056 86.0763 81.662 69.1655 63.9711 63.1974 52.3914 51.3364 42.9157 41.8326 40.6033 39.5512 37.533 35.7964 33.3622 33.2124 32.9084 31.8384 30.7051 28.7645 28.0944 29.3095 27.4453 27.2807 26.8703
threshold=1.5000000000000002 0.52400000000000058 4.5000000000000009 4.5000000000000009 0 -0.52166666666666595 1.6481666666666663 1.8341666666666667 5.5000000000000009 1 4.5000000000000009 -0.28166666666666579 7.5000000000000009 2 5.5000000000000009 3 3.5000000000000004 -0.054999999999999265 24.650000000000002 -0.0416666666666674 4 0.18333333333333338 32.010000000000012 5 -0.026666666666665947 -0.10999999999999986 11.500000000000002 1.0966666666666665 6 2.5000000000000004
decision_type=2 2 2 2 1 2 2 2 2 1 2 2 2 1 2 1 8 2 2 2 1 10 2 1 2 2 2 2 1 2
left_child=4 2 5 6 9 16 12 14 18 27 17 -6 13 -3 19 25 -2 -7 -4 -5 -15 -11 -19 -9 -20 -14 -27 -1 -13 -22
right_child=1 3 8 7 11 10 -8 23 -10 21 -12 28 15 20 -16 -17 -18 22 24 -21 29 -23 -24 -25 -26 26 -28 -29 -30 -31
leaf_value=0.019943747344810785 -0.012752463879734393 -0.0049134693373447677 -0.031191750594386152 0.0058895526652703199 0.012702683305146177 0.002527632344786881 0.012457793204421749 -0.0098464991547373461 -0.035181290326035154 0.029143609598881494 -0.01626257009639857 0.012257580294768341 0.046453388610134885 0.011849008464660233 -0.021369893792315752 -0.011282951645046736 -0.023435731441085378 -0.012727742962039228 -0.0097901316262297405 -0.013008329977611414 0.010702874554670248 0.036696685387539521 -0.0049602405835365258 0.012757947443424249 -0.023893474285369854 0.0029295323084576057 -0.018564230226680193 0.031339082472475056 0.025863810024439552 -0.0026611304223087295
leaf_weight=1003.2623746544123 804.02192457765341 686.63548152893782 883.62074544280767 180.7690032273531 1477.7651767134666 614.3648541495204 1194.8338912725449 143.64372716844082 1958.8546962589025 1386.4509557783604 1467.5461997911334 367.90825395286083 21.278047859668732 992.78062450140715 939.62590398639441 839.79877603054047 1786.3374607414007 1447.7919557988644 294.44404540210962 863.20702419430017 358.24518443644047 2760.8093012422323 2025.6219063773751 252.74662070721388 1080.3847640380263 723.37099208682775 118.07833863049746 510.11151446402073 1285.6463577896357 733.81338532269001
leaf_count=4197 8891 4786 12232 1314 8057 4463 5987 919 28478 5719 15211 1656 116 6182 8682 5603 21915 12792 3175 7469 2226 11210 17425 1610 13050 4691 831 2057 5682 4693
internal_value=-0.000181568 -0.0117545 -0.0184485 -0.00147249 0.0266867 -0.0126331 0.00291997 -0.0119348 -0.0296809 0.0313393 -0.0091422 0.0181179 0.000372786 0.00373106 -0.015247 -0.00509402 -0.0201198 -0.00658593 -0.0249102 -0.00973608 0.00657016 0.0340895 -0.0081979 0.00464001 -0.020873 0.00104906 -8.663e-05 0.0236286 0.023067 0.00170724
internal_weight=29203.8 20411.8 12363 8048.83 8791.95 8145.68 5668.83 2379.99 4217.3 5660.63 5555.32 3131.32 4474 2771.47 1983.6 1702.53 2590.36 4087.78 2258.45 1043.98 2084.84 4147.26 3473.41 396.39 1374.83 862.727 841.449 1513.37 1653.55 1092.06
internal_count=231319 192741 137632 55109 38578 80697 35115 19994 56935 23183 49891 15395 29128 17887 17465 11241 30806 34680 28457 8783 13101 16929 30217 2529 16225 5638 5522 6254 7338 6919
cat_boundaries=0 1 2 3 4 5 6 7
cat_threshold=3 8751 4 5416622 2108735 3364888 1060995
is_linear=0
shrinkage=0.04


Tree=29
num_leaves=31
num_cat=5
split_feature=28 4 4 28 20 20 28 4 4 5 22 4 7 14 20 23 15 7 7 14 19 22 12 19 4 22 14 19 19 19
split_gain=1441.64 412.425 275.052 151.156 141.555 125.576 108.901 69.6334 64.7982 62.4542 46.5618 39.9545 32.3718 30.9694 29.1257 28.8764 28.5507 28.1432 28.0876 27.7476 25.3522 24.6172 24.3718 23.178 23.1519 22.748 21.1201 21.0478 20.9314 20.33
threshold=3.5000000000000004 -0.020000000000000014 -0.008333333333333302 1.5000000000000002 9.6950000000000021 15.570000000000002 1.5000000000000002 0.040000000000000487 0.020000000000000021 1.5000000000000002 14.093666666666673 -0.049999999999999371 2.6491666666666664 -0.033333333333333277 3.4000000000000008 2.5000000000000004 1.5000000000000002 1.7483333333333333 0.39499999999999785 1.0000000180025095e-35 0 6.9974999999999996 3.1055555555555561 1 0.014999999999999238 16.200833333333339 -0.06666666666666661 2 3 4
decision_type=2 2 2 2 2 2 2 2 2 2 2 2 2 8 2 2 8 2 2 10 1 2 8 1 2 2 8 1 1 1
left_child=1 6 4 10 22 14 18 21 15 19 24 12 25 -11 -4 16 -5 -10 27 -6 -12 -7 -2 -13 -3 29 -27 -1 -15 -8
right_child=2 3 5 8 9 7 11 -9 17 13 20 23 -14 28 -16 -17 -18 -19 -20 -21 -22 -23 -24 -25 -26 26 -28 -29 -30 -31
leaf_value=0.0091982732698391821 0.076739391676354213 0.0074889774195482121 -0.039554482601840059 0.012927798660780929 -0.00065121459184766463 -0.012980630145600858 0.013306197616552775 -0.021662830923553526 -0.0094084661939542371 -0.010599710406437824 0.0049237143737970264 0.00054513243534393455 0.021089315521529706 -0.0075527607974891376 -0.025165080574924188 -0.0017722211516344104 0.0019342229531822308 -0.00076451951755637868 0.023709766953212346 0.0090830091155208632 0.015056046684457321 -0.0043710795319771272 -0.027985406582676085 0.009126488505687402 -0.0014912963985033573 -0.0079479073184372112 0.026028606497793288 0.019427590745732942 0.0037129322163565424 0.0013461031505762075
leaf_weight=553.36975986510515 3.5877369232475749 1029.6761083826423 320.83372589200735 528.00180120021105 1235.3101004324853 3049.2187380976975 449.27449521422386 1515.5588106177747 1840.8047629743814 1334.5672110803425 587.22612753510475 740.82072305679321 702.65547574311495 472.31048393622041 754.00740164145827 2120.519525911659 1330.1873746216297 895.98986491933465 1503.919535599649 754.83206724748015 1451.71587600559 643.51140493527055 396.51474084332585 1628.9199975505471 829.2619207277894 34.136689104139805 205.42516543716192 1076.1417394205928 574.15262660011649 470.35150157660246
leaf_count=2793 39 6124 5131 3548 10351 32189 2627 17916 16027 12460 3433 4849 4008 4005 9638 16131 9429 7578 7558 5649 8272 6098 5453 10222 5602 193 1119 5415 4763 2775
internal_value=-0.00014675 0.0068426 -0.0115139 0.00179579 -0.00427338 -0.0170122 0.0141153 -0.0144433 -0.00184102 -0.00218893 0.0080615 0.00992981 0.0143148 -0.00656014 -0.0294602 0.00141773 0.00505803 -0.00657855 0.0197677 0.00304084 0.0122359 -0.0114803 -0.0270463 0.00648463 0.00348293 0.0102084 0.0211871 0.0161295 -0.00140842 0.00734842
internal_weight=29032.8 17978.4 11054.4 10613.4 4771.27 6283.13 7365.02 5208.29 6715.5 4371.17 3897.88 4231.58 1861.84 2381.03 1074.84 3978.71 1858.19 2736.79 3133.43 1990.14 2038.94 3692.73 400.102 2369.74 1858.94 1159.19 239.562 1629.51 1046.46 919.626
internal_count=231395 117703 113692 76144 42720 70972 41559 56203 52713 37228 23431 25793 10722 21228 14769 29108 12977 23605 15766 16000 11705 38287 5492 15071 11726 6714 1312 8208 8768 5402
cat_boundaries=0 1 2 3 4 5
cat_threshold=674834 1057579 565341 13665772 9849754
is_linear=0
shrinkage=0.04


Tree=30
num_leaves=31
num_cat=8
split_feature=0 27 0 0 26 27 14 10 0 0 14 5 19 14 19 14 19 20 7 14 19 19 27 27 22 19 31 0 7 19
split_gain=5343.23 769.056 496.133 215.713 180.311 109.511 91.1437 69.8864 64.3277 64.3234 63.1846 53.5463 49.244 39.0753 36.6953 34.6207 33.8696 32.2241 31.1343 29.192 26.9567 26.879 26.051 25.293 24.8806 25.7356 23.505 22.8483 22.5224 22.4877
threshold=1.5000000000000002 0.52400000000000058 4.5000000000000009 3.5000000000000004 4.9250000000000007 -0.62333333333333318 0.22791005291005295 0 5.5000000000000009 5.5000000000000009 0.14080687830687835 4.5000000000000009 1 -0.049999999999999954 2 0.044444444444444488 3 24.650000000000002 11.055833333333338 -0.12962962962962954 4 5 1.7520833333333339 -1.2099999999999995 15.958333333333336 6 3.5000000000000004 3.5000000000000004 0.059166666666666153 7
decision_type=2 2 2 2 2 2 8 1 2 2 10 2 1 10 1 10 1 2 2 10 1 1 2 2 2 1 2 2 2 1
left_child=4 2 5 10 14 13 8 26 21 17 18 16 -9 -2 19 -14 -7 -4 22 -1 -12 -5 -3 -16 25 -8 -6 -18 -23 -17
right_child=1 3 9 6 7 11 24 12 -10 -11 20 -13 15 -15 23 29 27 -19 -20 -21 -22 28 -24 -25 -26 -27 -28 -29 -30 -31
leaf_value=0.011423289002130948 -0.023216018226878465 -0.0023871189428533758 -0.030705598578933652 -0.014368384003573393 0.035979391589723325 -0.0031074659907833857 -0.01563573696817494 0.031811816472879777 -0.022728162481469413 -0.034675616373431563 0.01582864593940455 -0.015681021669956836 0.016453375087597279 -0.011283858109394189 -0.0049848770168821454 0.014056035788550199 -0.0076821107057449926 -0.020749736908810802 0.017777122750529017 0.025843420643438076 0.005605261560004236 -0.0099375180439896307 0.01334114969664206 0.012541047880699048 0.0058267088378985178 0.0008802722605848538 0.028447482112049997 -0.016283333610709411 0.0007963117329442904 0.028984020614040908
leaf_weight=334.75833804905415 1543.4468418434262 1902.8574328422546 847.84718495234847 845.31042993813753 2168.058844640851 1989.5614374577999 228.7346647977829 1214.2819936275482 718.68431530147791 1883.068656835705 798.15995080769062 1541.5243939906359 1190.1600194424391 613.73227088153362 154.59866073727608 276.22905202209949 1621.9564684182405 1345.8985529243946 151.63913121074438 682.70033043622971 924.54983261972666 690.23731742054224 184.8627320677042 891.56482429802418 662.22596224397421 415.17614000290632 954.92439541220665 710.6485453620553 571.92972154915333 963.38101600110531
leaf_count=1872 19751 12548 12235 6313 8781 17014 1694 5063 6718 28487 4476 16534 5144 6974 982 1148 14111 16231 931 3306 5237 5118 903 4522 4309 2994 3868 6287 4102 3971
internal_value=-0.00015497 -0.0115051 -0.0178905 -0.00196154 0.025798 -0.0121154 -0.00835553 0.0289544 -0.0123941 -0.0292526 0.00470717 -0.00928051 0.0248394 -0.0198212 0.0154475 0.0212388 -0.00699773 -0.0245975 0.000276705 0.0208936 0.0104663 -0.00886996 -0.000994418 0.0098569 0.000382867 -0.00521582 0.0335688 -0.0102586 -0.00503378 0.0260047
internal_weight=29022.7 20192.1 12097.7 8094.37 8830.66 8020.87 4132.3 6767.04 2826.16 4076.81 3962.07 5863.69 3644.05 2157.18 2063.62 2429.77 4322.17 2193.75 2239.36 1017.46 1722.71 2107.48 2087.72 1046.16 1306.14 643.911 3122.98 2332.61 1262.17 1239.61
internal_count=231624 192967 137624 55343 38657 80671 31248 27975 22251 56953 24095 53946 15326 26725 10682 10263 37412 28466 14382 5178 9713 15533 13451 5504 8997 4688 12649 20398 9220 5119
cat_boundaries=0 1 2 3 4 5 6 7 8
cat_threshold=1 10981504 12550356 2696735 6368888 11524096 11487488 75
is_linear=0
shrinkage=0.04


Tree=31
num_leaves=31
num_cat=1
split_feature=0 27 0 0 26 27 27 0 14 7 0 22 8 10 7 12 14 11 3 9 14 14 14 27 14 14 12 27 3 24
split_gain=4859.94 754.168 404.175 256.705 180.075 100.089 85.1407 73.0121 71.2163 58.9461 56.483 53.6317 49.7129 36.6872 35.2761 32.6666 30.7276 30.3271 30.155 28.3251 27.9456 27.213 27.1515 26.5879 25.9482 24.4443 24.1486 23.4454 22.7643 22.0382
threshold=1.5000000000000002 0.3000000000000001 4.5000000000000009 3.5000000000000004 5.6250000000000009 1.1466666666666669 -1.0683333333333338 5.5000000000000009 0.17235449735449743 2.2570833333333344 5.5000000000000009 -6.2683333333333318 1.5000000000000002 0 -1.2770833333333351 3.7638888888888893 0.10000000000000001 9.5000000000000018 6.785000000000001 46.500000000000007 0.066732804232804269 -0.05000000000000001 0.044444444444444488 0.96400000000000008 0.31679894179894191 -0.16219576719576717 3.9500000000000006 1.1850000000000001 6.7950000000000008 3.5000000000000004
decision_type=2 2 2 2 2 2 2 2 10 2 2 2 2 1 2 10 8 2 2 2 10 10 8 2 10 10 10 2 2 2
left_child=4 2 6 8 11 7 -2 16 12 20 21 15 -3 22 -7 -1 -5 26 -16 25 -8 -4 -6 -14 -10 -13 -11 -15 -18 -27
right_child=1 3 10 5 13 14 9 -9 24 17 -12 19 23 27 18 -17 28 -19 -20 -21 -22 -23 -24 -25 -26 29 -28 -29 -30 -31
leaf_value=0.018109340136722239 -0.023788274825270336 0.010254353444506271 -0.029342127369164622 -0.014756153064086848 0.018578734223992265 -0.0091022205729791982 -0.015930868451336809 -0.025261013883916578 0.0071479463337868155 0.0011131851300474113 -0.035250286712367795 0.012428540794077785 -0.0057799642482551754 0.029848762481880269 0.0088850386770897988 0.005604863059582842 0.00224347017899443 -0.013523594948979461 -0.0038996482584260739 0.015271298203934589 -0.007502768045796691 -0.019681725248638562 0.02830461674388034 0.0023755220356649546 0.01862798206841124 0.029058653544752136 -0.010022940782593448 0.037128245010263197 -0.0105310399639672 0.017430536181825038
leaf_weight=625.34660431742668 1002.1770005077124 612.9892091229558 1058.4852108620107 1258.7363474816084 758.55695696175098 853.87373367697001 2916.9053992182016 738.47493751347065 1099.9897858053446 965.14597246795893 1625.2007803879678 237.20446039736271 1540.1022352874279 1998.7106549441814 512.27434229105711 718.12791556119919 387.1636668369174 552.17107676714659 696.57831855118275 825.54886789619923 802.6880142018199 834.30328627675772 1163.9569456577301 1093.8707340732217 441.44568957388401 1094.6771163344383 460.08232370764017 1096.1418769061565 527.0133510902524 342.3346825838089
leaf_count=2979 13222 4001 15231 10843 3116 5807 30327 8168 6502 9161 25896 1180 11609 8088 3227 3963 2962 5391 4733 3824 7616 10493 4714 6277 2333 4839 4823 4446 4343 1520
internal_value=-0.000270617 -0.0112055 -0.018802 -0.00325517 0.0243863 -0.00961922 -0.0130368 -0.0143952 0.00335571 -0.0111454 -0.0297805 0.0178708 -5.36311e-06 0.029377 -0.00287822 0.0114253 -0.0107025 -0.00556505 0.00151811 0.0213349 -0.0141121 -0.025084 0.0243405 -0.00239305 0.0104357 0.0243248 -0.0024817 0.0323226 -0.0051209 0.0262885
internal_weight=28840.3 19979.7 10217.2 9762.51 8860.61 4974.11 6699.17 2911.39 4788.4 5696.99 3517.99 3843.24 3246.96 5017.37 2062.73 1343.47 2172.91 1977.4 1208.85 2499.77 3719.59 1892.79 1922.51 2633.97 1541.44 1674.22 1425.23 3094.85 914.177 1437.01
internal_count=231634 192965 122160 70805 38669 40083 70540 26316 30722 57318 51620 18305 21887 20364 13767 6942 18148 19375 7960 11363 37943 25724 7830 17886 8835 7539 13984 12534 7305 6359
cat_boundaries=0 1
cat_threshold=6
is_linear=0
shrinkage=0.04


Tree=32
num_leaves=31
num_cat=8
split_feature=0 27 0 0 10 27 27 0 19 4 4 14 11 27 16 0 4 19 9 27 19 15 8 19 4 19 19 4 9 19
split_gain=4470.92 753.587 319.273 299.832 159.104 130.764 94.035 90.9554 75.69 70.9396 69.176 61.4139 50.1699 47.4591 46.7299 40.8815 39.4153 38.1392 35.7675 35.2817 34.5906 34.054 31.8453 30.1727 29.6371 28.5019 26.4192 25.2434 24.3893 23.4715
threshold=1.5000000000000002 0.080000000000000307 3.5000000000000004 4.5000000000000009 0 1.0783333333333336 1.0616666666666672 5.5000000000000009 1 -0.009999999999999341 -0.07499999999999972 -0.13873015873015865 10.500000000000002 -1.0683333333333338 0.36666666666666675 5.5000000000000009 -0.009999999999999341 2 58.500000000000007 1.8800000000000006 3 2.5000000000000004 2.5000000000000004 4 -0.026666666666665947 5 6 0.058333333333334021 62.500000000000007 7
decision_type=2 2 2 2 1 2 2 2 1 2 2 10 2 2 10 2 2 1 2 2 1 8 2 1 2 1 1 2 2 1
left_child=4 3 6 9 29 7 12 10 21 22 -4 -10 14 -11 -3 24 23 -16 27 -8 -12 -6 -2 -7 -5 -15 -24 -13 -18 -1
right_child=1 2 5 15 8 16 19 -9 11 13 20 18 -14 25 17 -17 28 -19 -20 -21 -22 -23 26 -25 -26 -27 -28 -29 -30 -31
leaf_value=0.025158216802871895 -0.0029459925829295997 -0.0047770574388078784 0.01571615130724606 -0.014931018087645366 0.019689105739112051 -0.0057103027276737255 0.0064670276564684631 -0.026575823951577853 0.011740273358945459 -0.028205940960921563 -0.0074326588745276612 0.027685643382561551 -0.011478711764567743 -0.010337808118329303 -0.0043888151830804405 -0.035226706155901337 -0.0088637054025753441 0.0092616495653373172 -0.0067259257567626428 0.018627035090649616 -0.017156371544496733 0.010388585511314437 -0.0057816808092501426 0.0076189989911612348 -0.028563813209495012 -0.019286018250312155 -0.01760288606584216 0.0031713349942916321 0.055058806072989269 0.033984784942649011
leaf_weight=1136.5533900558949 892.85377288609743 1284.8906255885959 138.94665242731571 321.19390048459172 1070.8482009023428 447.96596350520849 1635.915949255228 881.21757917478681 561.09393104910851 603.33324562013149 1045.989723302424 2456.757672354579 638.55329145491123 1057.1838048547506 451.6060473844409 1370.3294847272336 1134.8782931566238 1155.4425015971065 51.289077296853065 497.98254904150963 1505.1387808471918 1529.7409853190184 558.21734629571438 661.54170018434525 1240.7444321289659 1533.9372094199061 751.37639766931534 69.099612459540367 9.6312501728534681 1971.7382721751928
leaf_count=4613 8550 10107 975 4258 4548 2802 9041 10677 2841 8566 9297 10605 5017 12100 3361 22942 8350 8414 235 2349 13606 7393 5412 4068 18052 17736 7372 320 68 7991
internal_value=-0.000172835 -0.0107273 -0.0040863 -0.0198883 0.0234707 -0.0106614 0.00267561 -0.0154226 0.0193873 -0.0142942 -0.011769 0.0236572 -0.00133119 -0.0181021 0.000909431 -0.0301843 -0.00311781 0.00545597 0.0263435 0.00930478 -0.0132659 0.0141638 -0.00877116 0.00225447 -0.0257604 -0.0157495 -0.0127426 0.027015 -0.00832579 0.0308484
internal_weight=28666 19818.9 11489.7 8329.17 8847.12 5825.31 5664.39 3571.29 5738.83 5396.9 2690.08 3138.24 3530.49 3194.45 2891.94 2932.27 2254.02 1607.05 2577.15 2133.9 2551.13 2600.59 2202.45 1109.51 1561.94 2591.12 1309.59 2525.86 1144.51 3108.29
internal_count=231666 193120 88132 104988 38546 49843 38289 34555 25942 59736 23878 14001 26899 38402 21882 45252 15288 11775 11160 11390 22903 11941 21334 6870 22310 29836 12784 10925 8418 12604
cat_boundaries=0 1 2 3 4 5 6 7 8
cat_threshold=1 5252719 10096960 1057919 2869332 2122303 2701846 1647150
is_linear=0
shrinkage=0.04


Tree=33
num_leaves=31
num_cat=6
split_feature=27 5 27 5 28 28 13 5 5 7 23 22 5 19 27 23 7 7 19 19 7 5 5 21 19 19 5 12 9 19
split_gain=1106.42 303.992 246.066 171.648 146.311 93.2708 47.2315 44.7271 41.8988 39.6196 36.3872 35.6574 33.1761 29.6851 29.6361 28.4025 26.2732 24.4138 23.8254 23.7539 22.1309 20.4448 20.0314 18.6482 18.6482 17.743 17.4011 17.2976 17.2852 21.1306
threshold=-0.070000000000000048 2.5000000000000004 -1.3249999999999997 3.5000000000000004 1.5000000000000002 1.5000000000000002 1.0000000180025095e-35 1.5000000000000002 4.5000000000000009 1.058333333333332 2.5000000000000004 -3.2699999999999974 5.5000000000000009 0 2.4208333333333338 2.5000000000000004 -2.8583333333333321 0.13083333333333161 1 2 1.6783333333333295 1.5000000000000002 1.5000000000000002 26.105000000000004 3 4 3.5000000000000004 1.6125000000000003 34.500000000000007 5
decision_type=2 2 2 2 2 2 10 2 2 2 2 2 2 1 2 2 2 2 1 1 2 2 2 2 1 1 2 8 2 1
left_child=2 5 6 7 9 14 -1 13 15 18 16 -9 23 -4 20 -6 -7 -10 -3 -13 -2 25 -8 -5 -25 -12 27 -11 29 -17
right_child=1 4 3 12 8 10 22 11 17 26 21 19 -14 -15 -16 28 -18 -19 -20 -21 -22 -23 -24 24 -26 -27 -28 -29 -30 -31
leaf_value=-0.034463404834360549 0.0122117272002753 -0.002808987932822271 0.008067891404856805 -0.016276017130814439 0.0034840173281766368 0.0045298621243154971 -0.007140331199256598 -0.010398554748824833 -0.0099348537542424207 0.065429872878356263 0.012362290958746474 0.0039373539230725162 -0.021278532936760568 -0.0028409575235745542 0.03127047001910975 0.010262023414797237 0.013629118613378705 -0.0022763120453294624 0.0064806664000947633 -0.0068167642052143719 0.018807161006207117 0.0006664650846378914 -0.023022642486648894 -0.0040428563814396846 -0.013996981424851283 0.0036375661704203845 0.0091559424851738458 0.017432597839551131 -0.00587613725085432 -0.0040806511001280337
leaf_weight=645.51156042143703 2020.9431183487177 614.68245056271553 693.55560144782066 1213.1687254495919 1768.4481243230402 718.7106516584754 155.87978351488709 1608.3530207462609 1586.1006768122315 12.325851522386072 660.99947371333838 645.51292007043958 1032.7021631151438 915.54052159190178 185.93806906044483 272.62808762863278 1729.4358613193035 1148.0257446989417 1538.6646079421043 650.51828709244728 1363.0250012427568 1322.1421176306903 687.19776996225119 607.57037553563714 647.21801024675369 905.64427761733532 846.63815486431122 474.2069331780076 1428.8808835670352 384.80045567825437
leaf_count=10611 10402 3827 5580 14272 12737 4372 1854 16132 14236 69 4059 5854 13201 7762 853 2179 10393 10084 9327 5971 6934 9079 9569 6663 7285 5703 5256 2664 11348 3073
internal_value=-0.00024379 0.00533401 -0.0113858 -0.00861167 0.000574658 0.0107178 -0.0263207 -0.00345617 -0.0029317 0.00720104 0.00737002 -0.00642 -0.0152588 0.00189348 0.0157226 -0.000245334 0.0109578 -0.00671913 0.00384594 -0.00148269 0.0148683 0.00432949 -0.0200861 -0.0127398 -0.00932095 0.00742084 0.0126202 0.0186486 -0.0034065 0.00196112
internal_weight=28485 18982.2 9502.73 8014.14 10075.4 8906.84 1488.59 4513.48 6588.88 3486.52 5336.93 2904.38 3500.66 1609.1 3569.91 3854.76 2448.15 2734.13 2153.35 1296.03 3383.97 2888.79 843.078 2467.96 1254.79 1566.64 1333.17 486.533 2086.31 657.429
internal_count=231349 126595 104754 82720 74800 51795 22034 41299 53657 21143 33606 27957 41421 13342 18189 29337 14765 24320 13154 11825 17336 18841 11423 28220 13948 9762 7989 2733 16600 5252
cat_boundaries=0 1 2 3 4 5 6
cat_threshold=7235602 938064 2913493 2212837 8782399 123734
is_linear=0
shrinkage=0.04


Tree=34
num_leaves=31
num_cat=7
split_feature=28 5 27 5 28 5 28 5 27 12 7 15 8 27 19 29 7 19 19 27 7 19 17 19 9 19 13 19 27 14
split_gain=984.431 257.398 248.259 197.492 96.945 90.5809 84.013 43.2753 38.386 35.3723 34.4588 33.9039 32.1335 31.1534 26.2754 24.5771 25.296 22.5455 21.9909 21.6813 21.6597 21.4865 19.9775 19.3881 19.1556 20.1637 18.7048 17.5063 17.0371 16.8754
threshold=3.5000000000000004 2.5000000000000004 -1.5049999999999994 4.5000000000000009 1.5000000000000002 1.5000000000000002 1.5000000000000002 5.5000000000000009 2.4208333333333338 4.7071428571428582 -1.605000000000002 1.5000000000000002 2.5000000000000004 -0.77500000000000002 0 5.0050000000000008 2.5633333333333348 1 2 -0.52166666666666595 -2.8583333333333321 3 0.18333333333333338 4 41.500000000000007 5 0.76388888888888895 6 1.373666666666667 0.18888888888888899
decision_type=2 2 2 2 2 2 2 2 2 8 2 8 2 2 1 2 2 1 1 2 2 1 8 1 2 1 10 1 2 8
left_child=1 6 9 5 10 15 8 11 17 -2 18 -6 27 -7 -12 16 -4 -1 -3 -5 -15 -14 -23 -9 25 -13 -25 -8 29 -20
right_child=2 4 3 19 7 13 12 23 -10 -11 14 24 21 20 -16 -17 -18 -19 28 -21 -22 22 -24 26 -26 -27 -28 -29 -30 -31
leaf_value=0.017476756777186176 -0.020072853240078011 -0.0040051891430570889 -0.0055060268348834955 -0.021155150189642109 0.0053359151180978779 -0.012527117004905447 0.005936726328152675 -0.0023786133386534576 0.032758919921217898 -0.03454094339276876 0.014879010020660742 0.0056115948730738278 0.0081433920779242826 -0.0096109750767530318 0.0054489035935040625 0.008449260184842362 0.0068257347915025189 0.010628916469535883 -0.0039402832675352311 -0.013801099206126105 -0.0030715934247104856 -0.0042993899787319911 0.0050110170423047964 -0.014928091135029973 -0.0057652184607603855 -0.002663784225472956 0.029676177315069156 0.013996988368124842 0.011339232370394803 0.014177841038692319
leaf_weight=1780.5771026089787 498.24964750930667 618.96164458990097 682.73113154247403 1187.9694250151515 1200.6013223528862 1253.5312136113644 734.99460405483842 413.42506900057197 190.03259669244289 591.16024885699153 887.51296240091324 694.86183709651232 1362.6257461979985 1207.8592524006963 1089.1555330380797 810.08368413150311 436.18241303786635 1629.3280443623662 347.74789484590292 1394.2450537607074 2462.7713972553611 621.25008692964911 907.2270785830915 632.28016988188028 1561.6756288744509 1410.5425903387368 15.40908447653055 1254.6855390556157 446.7078479975462 107.73412059992552
leaf_count=9062 7089 3837 5789 16004 8973 14657 4580 3742 864 10219 5250 5558 8562 11367 6627 6166 3623 8317 2321 15695 22888 4001 5632 5804 12441 11226 131 7687 2453 680
internal_value=-0.000135588 0.00557051 -0.0098442 -0.00775672 0.00102183 -0.00420445 0.0106265 -0.0020939 0.0152622 -0.0279239 0.00630299 -0.000498331 0.00720736 -0.00708272 0.00978581 0.00314295 -0.000698776 0.0142871 0.00177722 -0.0171844 -0.00522345 0.00451487 0.00121882 -0.00941333 -0.00240846 8.14001e-05 -0.0136561 0.0111197 0.00572527 0.000345155
internal_weight=28432.1 17907.3 10524.8 9435.37 9426.62 6853.16 8480.72 5928.8 3599.94 1089.41 3497.82 4867.68 4880.78 4924.16 1976.67 1929 1118.91 3409.91 1521.15 2582.21 3670.63 2891.1 1528.48 1061.11 3667.08 2105.4 647.689 1989.68 902.19 455.482
internal_count=231245 117748 113497 96189 69043 64490 48705 47875 18243 17308 21168 38198 30462 48912 11877 15578 9412 17379 9291 31699 34255 18195 9633 9677 29225 16784 5935 12267 5454 3001
cat_boundaries=0 1 2 3 4 5 6 7
cat_threshold=2144101 14047712 5132378 12799762 370734 101202 15796808
is_linear=0
shrinkage=0.04


Tree=35
num_leaves=31
num_cat=0
split_feature=0 0 28 27 28 27 11 0 11 14 7 14 0 14 27 0 4 8 4 15 4 29 4 12 4 0 11 12 4 9
split_gain=4173.38 650.741 365.635 254.133 139.342 92.4698 87.816 72.9041 58.7106 46.5748 43.4518 38.414 38.1952 37.9869 36.8078 36.0817 33.624 30.792 29.4007 25.6608 23.0223 22.4287 22.1372 22.0527 22.0498 20.7077 20.2409 22.1622 20.1107 19.9342
threshold=1.5000000000000002 4.5000000000000009 2.5000000000000004 0.87499999999999944 2.5000000000000004 -0.59666666666666635 10.500000000000002 5.5000000000000009 10.500000000000002 0.33346560846560858 3.6333333333333386 0.34448412698412706 3.5000000000000004 -0.05000000000000001 -0.74633333333333318 5.5000000000000009 -0.028333333333333762 3.5000000000000004 0.011666666666666272 1.5000000000000002 -0.12333333333333261 4.205000000000001 -0.07499999999999972 2.9500000000000006 0.050000000000000273 2.5000000000000004 10.500000000000002 3.2111111111111117 -0.098166666666666721 42.500000000000007
decision_type=2 2 2 2 2 2 2 2 2 10 2 8 2 10 2 2 2 2 2 10 2 2 2 8 2 2 2 8 2 2
left_child=4 2 6 7 19 16 9 13 14 12 18 15 17 -3 21 -5 23 -2 20 -1 -7 -6 -14 -4 -16 -12 27 -22 -8 -21
right_child=1 3 5 11 8 10 28 -9 -10 -11 25 -13 22 -15 24 -17 -18 -19 -20 29 26 -23 -24 -25 -26 -27 -28 -29 -30 -31
leaf_value=0.031182917670409861 0.0084132287310894806 -0.027021818288217717 0.018219682829414278 -0.0047019267936031905 0.0016779392402191163 0.025594702164122931 0.028218385316311184 -0.032005079859512321 0.030895943482958457 0.014928989872810487 0.0034872440859482312 0.0045992921188467567 0.015149644958074341 -0.016977656936109291 0.018782031834854832 -0.017733186466357242 -0.021319891060411333 0.00064243419723355414 -0.015409466780041379 0.02766975587440745 -0.00086222025978559757 0.015450617158494009 -0.0044112278713726227 -0.011956764377887667 0.0052131852635253608 -0.006355814561896247 -0.016644974570449004 -0.0099817892848717976 -0.011688514452726027 0.020222953198872899
leaf_weight=1896.5783270746469 1741.8519347831607 1131.4159530811012 42.481327548623085 709.9268774241209 403.21783819794655 31.857169672846794 20.748550266027451 1992.5436859726906 478.09629486501217 527.05314733088017 525.8608937188983 312.90897160768509 99.469756305217743 1288.6270998679101 3030.7766723483801 652.36426571011543 1627.1197268851101 1534.7664841040969 1456.8082373589277 1614.5288027077913 644.21906428784132 356.40690639615059 1334.3882070332766 440.85721402615309 204.5517001748085 977.93243426829576 415.16546796262264 1260.8327833339572 770.76518879085779 893.40832939743996
leaf_count=7732 10543 16735 442 5446 2411 226 117 31879 1986 2704 4629 2192 526 15421 13408 5507 22381 9619 16011 6561 5254 1966 8927 5069 987 8908 3705 11105 5597 3635
internal_value=-0.000120008 -0.0104523 -0.00554167 -0.0213033 0.0226218 -0.0114848 0.00177574 -0.0263388 0.017649 0.00365241 -0.00867101 -0.00803926 0.00239068 -0.0216735 0.0160637 -0.0109422 -0.0185681 0.00477339 -0.010944 0.027672 -0.00817826 0.00813992 -0.00305425 -0.00930451 0.0179241 -0.0029138 -0.00864197 -0.00689788 -0.0106424 0.025017
internal_weight=28417.5 19540 13452.2 6087.79 8877.56 7423.13 6029.04 4412.59 4473.05 5237.53 5312.68 1675.2 4710.48 2420.04 3994.95 1362.29 2110.46 3276.62 3808.88 4404.52 2352.07 759.625 1433.86 483.339 3235.33 1503.79 2320.22 1905.05 791.514 2507.94
internal_count=231629 192943 115763 77180 38686 77730 38033 64035 20758 32319 49838 13145 29615 32156 18772 10953 27892 20162 36301 17928 20290 4377 9453 5511 14395 13537 20064 16359 5714 10196
is_linear=0
shrinkage=0.04


Tree=36
num_leaves=31
num_cat=6
split_feature=28 4 27 4 28 20 4 22 5 5 29 4 29 8 27 19 19 19 4 14 19 8 4 22 19 11 12 19 3 4
split_gain=890.33 263.094 226.883 187.629 94.5972 70.3253 57.7081 55.9592 48.9255 34.2983 34.1019 33.1375 32.992 28.5801 26.5577 25.7459 25.3634 24.5789 23.4957 22.6646 21.9959 21.2826 20.0948 19.0275 18.1165 17.9459 21.3162 16.8682 15.8525 15.7334
threshold=3.5000000000000004 -0.023333333333333869 -1.1833333333333331 0.023333333333332987 1.5000000000000002 3.4000000000000008 0.043333333333334341 15.238166666666668 1.5000000000000002 1.5000000000000002 4.9050000000000011 0.023333333333332987 5.6950000000000012 2.5000000000000004 0.8883333333333342 0 1 2 -0.058333333333333119 0.11250000000000003 3 1.5000000000000002 0.055000000000000167 21.827500000000004 4 10.500000000000002 3.9500000000000006 5 6.6150000000000011 -0.12333333333333261
decision_type=2 2 2 2 2 2 2 2 2 2 2 2 2 2 2 1 1 1 2 10 1 2 2 2 1 2 8 1 2 2
left_child=1 7 5 8 11 10 19 13 17 -7 -2 21 25 -1 -15 -8 18 29 -9 -6 -13 -3 -5 24 -23 26 -10 -25 -19 -4
right_child=2 4 3 22 6 9 15 16 12 -11 -12 20 -14 14 -16 -17 -18 28 -20 -21 -22 23 -24 27 -26 -27 -28 -29 -30 -31
leaf_value=0.01278785492920448 -0.037861740531494055 0.015726318218865269 0.04999927320241275 -0.013776608682186355 -0.0014069600102425931 -0.0046318865476127546 -0.0030248751985938894 0.028771679885119229 -0.0035769453379266521 -0.021053429989218064 0.06146570751021254 0.0070119258764615366 0.00061219226773863542 0.0031379102732412866 0.011513795221685781 -0.014918633448530646 0.011907148706233321 0.016009680042915905 0.016901710941243139 0.0039348010330413933 -0.0032144518945220603 0.011152428872812726 -0.021614047351950556 0.0055765148376729261 0.0019384049684236368 -0.015567154959569805 -0.010450272942914722 0.018936638696248516 -0.0022023136492540373 0.0080155703111565689
leaf_weight=1808.5352365896106 424.39202978089452 558.28925631195307 14.634883299469946 1528.9281615503132 3883.4565065056086 250.71100165694952 577.4855277761817 407.30308040976524 1807.5221660360694 1080.6804660409689 5.6034726388752452 574.2749145552516 1102.4674292728305 1635.9474330618978 961.7717487886548 616.88523534312844 1120.2092916294932 82.095212992280722 773.54930970072746 1889.0645774900913 784.99047347903252 482.25748736411333 795.90069716796279 320.79183764755726 1161.4954602122307 378.1616986580193 1202.025963164866 335.36562486737967 1116.461002483964 591.80755285546184
leaf_count=10387 8109 3131 119 18509 30484 2954 5282 2032 17239 15500 68 3693 10039 10322 4925 5843 5779 639 4051 13698 5080 2762 10372 1744 6860 4462 12350 1791 8963 4561
internal_value=-0.000103261 0.00530368 -0.00942177 -0.00674872 0.00154739 -0.0225033 -0.00131481 0.0115672 -0.00316241 -0.0179611 -0.0365674 0.0062755 -0.0053982 0.00892694 0.00623897 -0.00931816 0.0166231 0.00239941 0.0208196 0.000341138 0.00113402 0.00872062 -0.0164597 0.00702003 0.00472133 -0.00735417 -0.00632218 0.0127785 -0.000946981 0.00888227
internal_weight=28273.1 17891.7 10381.4 8620 11184.4 1761.39 6966.89 6707.32 6295.18 1331.39 429.996 4217.47 4490.18 4406.25 2597.72 1194.37 2301.06 1805 1180.85 5772.52 1359.27 2858.2 2324.83 2299.91 1643.75 3387.71 3009.55 656.157 1198.56 606.442
internal_count=231748 117864 113884 87253 80368 26631 55307 37496 58372 18454 8177 25061 44090 25634 15247 11125 11862 14282 6083 44182 8773 16288 28881 13157 9622 34051 29589 3535 9602 4680
cat_boundaries=0 1 2 3 4 5 6
cat_threshold=8430623 16387521 6694960 10531367 1050568 663282
is_linear=0
shrinkage=0.04


Tree=37
num_leaves=31
num_cat=1
split_feature=0 0 28 27 10 11 14 0 14 11 14 12 27 4 9 31 0 27 4 12 9 8 4 27 4 22 0 4 4 6
split_gain=3713.6 627.035 305.115 242.838 129.318 91.5771 86.5489 75.1468 50.8047 43.8327 43.0996 41.7415 37.3153 35.6257 33.7177 34.1737 31.5423 35.733 26.1957 25.9258 25.2123 24.1044 24.7226 23.8592 23.0829 22.9783 21.1893 20.976 19.2989 18.6202
threshold=1.5000000000000002 4.5000000000000009 2.5000000000000004 0.84666666666666746 0 9.5000000000000018 -0.025859788359788329 5.5000000000000009 -0.096296296296296227 6.5000000000000009 0.13333333333333341 3.1055555555555561 -0.62333333333333318 -0.10499999999999997 47.500000000000007 4.5000000000000009 5.5000000000000009 2.2908333333333339 -0.091666666666666327 3.2111111111111117 59.500000000000007 2.5000000000000004 -0.051666666666667187 -2.2891666666666661 -0.028166666666666892 12.240833333333336 3.5000000000000004 -0.10166666666666611 0.023333333333333876 32.235000000000007
decision_type=2 2 2 2 1 2 10 2 8 2 10 8 2 2 2 2 2 2 2 10 2 2 2 2 2 2 2 2 2 2
left_child=4 2 5 7 -1 11 12 10 -6 19 23 21 -4 -5 15 -10 24 20 -9 -8 -18 22 -2 -3 -15 -13 -7 -25 -14 -21
right_child=1 3 6 13 8 26 9 18 14 -11 -12 25 28 16 -16 -17 17 -19 -20 29 -22 -23 -24 27 -26 -27 -28 -29 -30 -31
leaf_value=0.028174285802685155 0.024381556945783287 -0.040566620108653507 -0.019564162699725475 0.029744408082344721 0.011458220388808116 -0.0044399247534875601 0.0043950648792193993 -0.0036536509458672504 0.02398473118586875 -0.010291211569930975 -0.0076386499969776003 -0.0037664332958750909 -0.0092420574879061163 0.0066049639426628819 0.013952186234439366 0.012925943304806082 -0.017621199382575996 0.014180763373858832 -0.032465272037471918 -0.011902587487656139 0.054232159405817007 0.0044760117053621665 0.0091437176102684495 0.012821234048479218 -0.0077345517060095964 0.0047193047411321978 -0.015604533755366457 -0.022591820140584293 -0.01720716361936209 -0.00062260918666123875
leaf_weight=3086.290088057518 214.0720986276865 118.76393291726708 1487.5831877589226 39.123349986970425 1479.4161485731602 926.27451486885548 732.57783966511488 51.90988140925765 2657.4438017010689 1757.927050832659 333.22338464483619 1161.7092597708106 1717.6128763929009 253.91963132470846 1081.2108165770769 537.5260536968708 753.73728462308645 64.276847869157791 1847.2488277442753 420.53110738098621 7.8952172175049773 1625.3652533516288 834.3067317828536 27.155217666178942 613.78746093809605 910.9276265129447 385.05302347242832 1847.0695582740009 679.15814800560474 528.29651430249214
leaf_count=12592 1045 2358 20985 255 7499 6291 6503 716 11384 16993 3708 8119 16060 1662 4757 2317 6420 382 30844 4182 65 9462 4829 310 4895 5559 2809 25450 8001 5044
internal_value=9.25709e-06 -0.00980882 -0.00500279 -0.0206027 0.0214839 0.00163849 -0.0104961 -0.025774 0.0178165 -0.00587492 -0.0209541 0.00422357 -0.0145877 -0.00799233 0.0200579 0.0221242 -0.00886407 -0.0144593 -0.0316778 -0.00125764 -0.0168764 0.00752624 0.0122552 -0.0231804 -0.00353834 -3.69362e-05 -0.00771826 -0.0220787 -0.0114991 -0.00562202
internal_weight=28181.4 19339.5 13381.4 5958.11 8841.89 6057.71 7323.69 4225.37 5755.6 3439.33 2326.21 4746.38 3884.35 1732.74 4276.18 3194.97 1693.62 825.909 1899.16 1681.41 761.633 2673.74 1048.38 1992.99 867.707 2072.64 1311.33 1874.22 2396.77 948.828
internal_count=231496 192947 115882 77065 38549 38114 77768 63386 25957 32722 31826 29014 45046 13679 18458 13701 13424 6867 31560 15729 6485 15336 5874 28118 6557 13678 9100 25760 24061 9226
cat_boundaries=0 1
cat_threshold=1
is_linear=0
shrinkage=0.04


Tree=38
num_leaves=31
num_cat=7
split_feature=0 0 28 27 20 27 0 19 9 19 19 26 0 19 4 19 4 17 22 4 19 27 16 24 6 9 19 18 22 29
split_gain=3502.39 587.309 254.583 252.627 128.089 76.5388 71.6107 53.7128 53.3951 44.7401 43.1829 40.1113 36.4266 35.4971 34.0919 33.749 37.8404 33.1525 31.5968 29.9019 29.4798 29.4688 28.9026 27.6487 26.2999 24.0471 23.9109 32.422 23.8715 22.5074
threshold=1.5000000000000002 4.5000000000000009 3.5000000000000004 0.86000000000000065 37.220000000000006 0.96400000000000008 5.5000000000000009 0 51.500000000000007 1 2 6.8050000000000006 5.5000000000000009 3 0.015000000000000126 4 0.018333333333333982 0.29285714285714287 -5.3499999999999988 -0.026666666666665947 5 2.1091666666666673 0.36666666666666675 2.5000000000000004 36.305000000000007 59.500000000000007 6 0.55000000000000016 13.883666666666668 8.3050000000000015
decision_type=2 2 2 2 2 2 2 1 2 1 1 2 2 1 2 1 2 10 2 2 1 2 10 2 2 2 1 10 2 2
left_child=4 2 5 6 8 11 19 14 9 -1 -6 15 26 -10 17 -2 -17 -4 -9 -3 24 25 -11 -12 -7 -14 -5 29 -22 -28
right_child=1 3 7 12 10 20 -8 18 13 22 23 -13 21 -15 -16 16 -18 -19 -20 -21 28 -23 -24 -25 -26 -27 27 -29 -30 -31
leaf_value=0.011509092866860306 0.0027177055727400029 -0.012452945253308199 -0.0061747114203828746 -0.0095752905014123597 0.029632580277494873 -0.0053293477047853055 -0.031368515660415597 -0.020188653018547921 0.018640061913008696 0.017614839817875465 0.025124491280169869 -0.013690945479895928 -0.017023842719932722 -0.00062591992042254239 -0.014291606251393647 -0.0023923169067718107 -0.012517429782451562 0.011484767147296517 -0.011751713651780508 -0.023314477504398558 0.0016868931109472395 0.0057352644939413534 0.027735303307501864 0.017216136520742994 0.0066807792303852009 0.055440173038470222 -0.0013130121626696643 0.028300952668433497 0.0099613955472269908 0.066896086128685611
leaf_weight=1314.3079670518637 1263.5638834908605 525.78151578456163 1098.3033757172525 341.28268259763718 2081.6207852214575 860.82276482880116 1871.7763288095593 1427.8846606723964 212.0084735751152 1147.4569093808532 1539.7519673705101 615.27050805836916 702.54031687229872 498.40494525432587 719.7399390861392 2240.0474163591862 802.02576670050621 201.25875828787684 1413.0753336772323 1773.352882321924 994.76830200105906 112.87125991284847 744.40259243547916 1308.3668609410524 441.2734298184514 7.4044200778007498 441.98844259977341 74.925911299884319 1270.0942512899637 7.8783221095800391
leaf_count=6183 9904 6379 11925 2591 8504 4870 31923 18048 996 5513 6292 4746 6099 2414 9671 16980 7704 1909 15564 25526 5664 679 3260 5337 2387 60 3353 520 6680 52
internal_value=-0.000126715 -0.00971816 -0.00508385 -0.0202747 0.0206991 -0.000903674 -0.0255597 -0.012384 0.0152991 0.0174976 0.0249893 -0.00413758 -0.00722282 0.00537719 -0.00727173 -0.00277242 -0.00504516 -0.00343985 -0.0159361 -0.0208306 0.00355777 -0.0132497 0.0214834 0.0214164 -0.00124958 -0.0162681 -0.00149694 0.00386536 0.00629927 -0.000118496
internal_weight=28054.3 19207.9 13348.1 5859.8 8846.32 8487.87 4170.91 4860.26 3916.58 3206.17 4929.74 4920.91 1688.89 710.413 2019.3 4305.64 3042.07 1299.56 2840.96 2299.13 3566.96 822.816 1891.86 2848.12 1302.1 709.945 866.075 524.793 2264.86 449.867
internal_count=231733 193234 116052 77182 38499 58935 63828 57117 18366 14956 20133 39334 13354 3410 23505 34588 24684 13834 33612 31905 19601 6838 8773 11629 7257 6159 6516 3925 12344 3405
cat_boundaries=0 1 2 3 4 5 6 7
cat_threshold=2630207 7888911 10932672 10960900 9743 9355472 3064362
is_linear=0
shrinkage=0.04


Tree=39
num_leaves=31
num_cat=2
split_feature=0 0 28 27 10 14 11 0 16 11 20 17 8 14 24 27 22 0 4 0 4 4 5 27 7 27 15 3 10 20
split_gain=3190.12 566.402 263.442 243.509 116.6 79.9864 72.1015 65.8146 42.182 40.6633 38.681 37.7295 34.9833 34.6758 34.5166 33.6578 29.1951 28.3938 25.9122 24.3523 23.006 22.0342 21.7131 21.7079 21.591 20.1863 18.8277 18.6835 18.6018 19.4682
threshold=1.5000000000000002 4.5000000000000009 2.5000000000000004 0.87499999999999944 0 -0.07999999999999996 10.500000000000002 5.5000000000000009 0.55000000000000016 10.500000000000002 18.675000000000004 0.2678571428571429 2.5000000000000004 0.11111111111111108 1.5000000000000002 1.9300000000000002 -1.1274999999999993 5.5000000000000009 -0.081666666666665652 3.5000000000000004 -0.10166666666666611 -0.10999999999999986 2.5000000000000004 1.7933333333333334 2.8816666666666664 -2.1608333333333323 1.5000000000000002 6.5650000000000004 1 41.970000000000006
decision_type=2 2 2 2 1 10 2 2 10 2 2 10 2 10 2 2 2 2 2 2 2 2 2 2 2 2 8 2 1 2
left_child=4 2 6 7 14 10 8 13 19 11 -4 12 -7 21 26 17 -6 -5 -9 28 -21 -3 -12 -16 -18 -23 -1 -13 29 -2
right_child=1 3 5 15 16 9 -8 18 -10 -11 22 27 -14 -15 23 -17 24 -19 -20 20 -22 25 -24 -25 -26 -27 -28 -29 -30 -31
leaf_value=0.03255921983934091 0.022110508397306439 0.020563086675722438 -0.023237329226113195 -0.0041300914286986536 0.010092670465432363 -0.0013339036247447145 -0.0098649370246773633 -0.0071944540097155646 0.0077530484402484378 -0.014857066909454602 -0.0069480210247157741 0.080046838229051676 -0.010578853249105949 -0.010212665540115518 0.019931619374722695 0.0048368243742161711 0.014382894316116482 -0.0158323258400558 -0.031752466142066824 0.035219593218667022 -0.0059069834879448939 -0.038913481706157611 -0.01553226149444128 0.030824554827157416 0.024811719722565573 -0.022226549306980658 0.024556114384609504 0.0021921719994279771 -0.00046620120414628301 0.0047182065514918608
leaf_weight=733.57983429729939 117.33207705616951 18.458865705877542 724.71882347762585 700.81923285126686 1764.7152597159147 1056.8105087988079 796.55860663950443 71.571114603430033 1929.5083180516958 788.14044876396656 729.70650319010019 4.9615171179175368 1721.997438121587 421.74134165048599 3253.4295268058777 316.83910267800093 984.15096189081669 629.93936723470688 1740.6235940381885 22.268254846334457 958.87184448540211 124.43369008973241 1332.116433814168 321.65758419036865 468.99637050926685 1709.4976382702589 1310.6190707534552 824.62528794631362 1374.144359447062 841.57005385309458
leaf_count=3026 736 218 10686 5490 8877 10244 5818 1038 10992 8063 7018 35 17541 4855 13316 1952 4414 5647 30657 117 6510 2599 16383 1343 2067 24428 5374 7514 9073 4778
internal_value=-0.00010953 -0.00936191 -0.00480899 -0.0198617 0.0197385 -0.0099863 0.00134787 -0.0250959 0.00305119 -0.0066259 -0.0152882 -0.00482807 -0.0070629 -0.0205643 0.0232409 -0.00687993 0.0135081 -0.00966956 -0.0307826 0.000313779 -0.00497356 -0.0229211 -0.0124942 0.0209117 0.0177487 -0.0233588 0.0274281 0.0026578 0.00253732 0.00677568
internal_weight=27794.4 18957.3 13223.3 5733.92 8837.15 7183.08 6040.25 4086.33 5243.69 4396.54 2786.54 3608.39 2778.81 2274.13 5619.29 1647.6 3217.86 1330.76 1812.19 3314.19 981.14 1852.39 2061.82 3575.09 1453.15 1833.93 2044.2 829.587 2333.05 958.902
internal_count=230809 192392 115508 76884 38417 77484 38024 63795 32206 43397 34087 35334 27785 32100 23059 13089 15358 11137 31695 21214 6627 27245 23401 14659 6481 27027 8400 7549 14587 5514
cat_boundaries=0 1 2
cat_threshold=3 1
is_linear=0
shrinkage=0.04


Tree=40
num_leaves=31
num_cat=0
split_feature=0 0 28 27 20 11 18 0 14 27 24 0 27 14 7 8 20 0 9 7 15 9 4 14 20 21 14 4 22 4
split_gain=2883.21 515.672 237.647 226.953 116.3 90.31 76.6417 76.12 56.5041 42.3295 40.7004 36.6219 36.1329 35.7619 29.7171 29.2104 28.9264 28.6021 24.5726 25.1264 24.0002 23.3599 22.6575 22.5089 22.4757 22.4696 22.158 21.2556 21.2182 20.8233
threshold=1.5000000000000002 4.5000000000000009 3.5000000000000004 0.84666666666666746 37.055000000000007 10.500000000000002 0.22500000000000003 5.5000000000000009 -0.083333333333333273 2.1091666666666673 2.5000000000000004 3.5000000000000004 -0.33333333333333254 -0.21666666666666656 0.92816666666666425 3.5000000000000004 18.675000000000004 3.5000000000000004 51.500000000000007 0.059166666666666153 1.5000000000000002 34.500000000000007 -0.081833333333333411 0.075925925925926022 30.800000000000001 21.755000000000003 0.17976190476190482 -0.073333333333332792 6.1866666666666701 -0.0018333333333333532
decision_type=2 2 2 2 2 2 10 2 8 2 2 2 2 8 2 2 2 2 2 2 8 2 2 10 2 2 10 2 2 2
left_child=4 2 5 7 13 6 11 12 16 14 20 15 -3 -1 -5 -2 -4 26 19 -15 -6 -13 -8 -9 -17 -20 -10 -14 -12 -19
right_child=1 3 8 9 10 -7 22 23 17 -11 28 21 27 18 -16 24 -18 29 25 -21 -22 -23 -24 -25 -26 -27 -28 -29 -30 -31
leaf_value=0.0027507834132500224 0.0040309492308612648 -0.025379688582282126 -0.023380118069464495 -0.013950469614035309 0.030599257594134763 -0.010826949785156543 0.021657348234427234 -0.032934206804916648 -0.0062599281320494535 0.010414063103339193 0.013534703741888414 0.001127594499905417 0.0082102384699788596 0.013049665748937532 -0.0025642958239840449 -0.013096787001316033 -0.013358401050722533 -0.0074404442968623846 -0.003510276847331168 0.020560682560972064 0.023071168948374729 -0.010051171013688329 0.0060078703471920627 -0.022225261374687451 -0.001072800213147854 0.01282205035852305 0.0095087205406849552 -0.016114354844108919 0.021827262829114763 -0.019944203724806701
leaf_weight=429.06651057302952 1828.6175960749388 909.7438793964684 674.63293669745326 852.61071778088808 1099.4202870428562 1172.1171421930194 158.67731922864914 1342.1664799079299 1615.9667995646596 202.96531216800213 807.08153100311756 414.36249855160713 60.272211454808712 1520.0788445472717 643.59248635917902 306.38469585031271 1453.9916058331728 420.00206868350506 192.87527740001678 1341.5117152035236 1765.9869547337294 1075.1256721541286 2204.7304507270455 409.95802087336779 1321.9046783745289 447.44680419564247 156.37893862649798 1239.9179762639105 1271.3843562453985 432.59531414136291
leaf_count=2342 12469 15894 10254 7253 4554 9274 804 25322 17753 1202 3291 3041 585 6938 5207 2676 17829 4089 965 6029 7208 8033 13724 6297 8960 2025 1558 15348 5203 5462
internal_value=-2.11095e-05 -0.00885365 -0.0045321 -0.0189571 0.0187855 -0.000519571 0.0011332 -0.0242019 -0.0116918 -0.0067274 0.0228686 -0.00169796 -0.0192651 0.0136504 -0.0090527 0.000561273 -0.0165346 -0.0077646 0.0149858 0.0165708 0.0259596 -0.00694134 0.00705856 -0.0304286 -0.00333528 0.00790249 -0.00486862 -0.0149868 0.0186072 -0.0137847
internal_weight=27771.6 18896.7 13235.5 5661.23 8874.85 8481.92 7309.8 3962.06 4753.57 1699.17 4943.87 4946.4 2209.93 3930.98 1496.2 3456.91 2128.62 2624.94 3501.91 2861.59 2865.41 1489.49 2363.41 1752.12 1628.29 640.322 1772.35 1300.19 2078.47 852.597
internal_count=231589 193034 115926 77108 38555 58981 49707 63446 56945 13662 20256 35179 31827 18299 12460 24105 28083 28862 15957 12967 11762 11074 14528 31619 11636 2990 19311 15933 8494 9551
is_linear=0
shrinkage=0.04


Tree=41
num_leaves=31
num_cat=1
split_feature=0 0 28 28 10 11 15 0 22 18 0 9 31 20 18 24 9 15 26 8 5 22 24 0 11 12 7 6 5 7
split_gain=2713.99 486.096 231.178 169.788 102.3 68.308 61.1575 60.7286 50.2674 46.6471 42.6548 40.8019 38.2879 36.8744 35.1532 34.1423 33.4203 32.2114 28.8867 28.1436 27.0116 26.0418 23.7882 23.2201 23.1247 23.3544 21.0911 19.2554 18.155 18.1422
threshold=1.5000000000000002 4.5000000000000009 2.5000000000000004 2.5000000000000004 0 10.500000000000002 4.5000000000000009 5.5000000000000009 23.53166666666667 0.22500000000000003 3.5000000000000004 50.500000000000007 4.5000000000000009 18.675000000000004 0.55000000000000016 2.5000000000000004 34.500000000000007 3.5000000000000004 2.4150000000000005 3.5000000000000004 1.5000000000000002 5.0733333333333333 2.5000000000000004 5.5000000000000009 8.5000000000000018 3.2111111111111117 -2.3166666666666678 30.455000000000002 5.5000000000000009 3.811833333333333
decision_type=2 2 2 2 1 2 8 2 2 8 2 2 2 2 10 2 2 8 2 2 2 2 2 2 2 10 2 2 2 2
left_child=4 2 5 8 22 9 10 18 14 16 15 12 17 -8 23 24 -2 -6 -5 -18 -20 26 -1 -3 25 -4 -17 -19 -13 -10
right_child=1 3 6 7 11 -7 13 -9 29 -11 -12 28 -14 -15 -16 21 19 27 20 -21 -22 -23 -24 -25 -26 -27 -28 -29 -30 -31
leaf_value=0.027279051154557196 0.0064305727689441339 -0.011224572707785088 0.003136518054919598 -0.039206903351560948 0.021132203994563267 -0.0098059776001282219 -0.024163649112253976 -0.030972011275469349 -0.0038396379187745668 0.0077614824173196009 -0.012396881045865345 0.0098292142350835752 0.00873849865316427 -0.011979723758497826 0.00054437290701350239 -0.011319355431120606 0.0016318535628285461 0.0076949819628392944 -0.006811051957115415 -0.007106155075052586 -0.020682743218801078 0.0077257443302548821 0.020129204132839393 -0.020623823647616505 -0.01421409409705599 -0.0084639038235207117 0.00069680644331349671 0.01717841859060765 -0.0075710143158112557 0.013533186341076225
leaf_weight=1764.7240208983421 926.45011035352945 925.05006444826722 398.35340060666203 114.5492106564343 2421.2562145590782 775.36893737316132 541.32784974947572 1381.5890677049756 335.48351880535483 1979.7551962137222 1605.4943273924291 1034.140585526824 809.34781083464622 1495.2093733474612 250.89233230426908 362.8101387694478 1237.5095745399594 549.32085728645325 267.99724934995174 1126.7156943231821 1387.0286671333015 479.32521839812398 1287.9154372662306 771.05321890115738 641.33552839234471 916.62686978280544 656.83805472403765 910.13750641047955 105.75227269530296 134.82935840636492
leaf_count=7296 5804 8495 3547 2532 10218 5742 8475 27065 2617 11298 16910 4697 3607 17524 2123 3913 7775 2657 3420 7393 21456 4322 5281 8373 6621 9578 6774 4296 520 995
internal_value=-2.21358e-05 -0.00866524 -0.00446876 -0.0185701 0.018185 0.00127907 -0.00936502 -0.0246876 -0.0105954 0.00290987 -0.00700956 0.014977 0.0166524 -0.0152183 -0.0134303 -0.00450635 -8.98818e-06 0.0183029 -0.019781 -0.00253241 -0.0184365 3.60621e-05 0.0241833 -0.0154975 -0.00798685 -0.00494973 -0.00357877 0.013609 0.00821493 0.00114081
internal_weight=27594.2 18711.6 13143.1 5568.47 8882.59 6045.8 7097.32 3151.16 2417.31 5270.43 5060.78 5829.96 4690.06 2036.54 1947 3455.29 3290.68 3880.71 1769.58 2364.23 1655.03 1498.97 3052.64 1696.1 1956.32 1314.98 1019.65 1459.46 1139.89 470.313
internal_count=231324 192752 115676 77076 38572 38012 77664 54473 22603 32270 51665 25995 20778 25999 18991 34755 20972 17171 27408 15168 24876 15009 12577 16868 19746 13125 10687 6953 5217 3612
cat_boundaries=0 1
cat_threshold=1
is_linear=0
shrinkage=0.04


Tree=42
num_leaves=31
num_cat=7
split_feature=0 0 28 14 26 11 17 4 19 4 19 0 19 14 14 0 4 19 19 19 28 12 7 31 12 29 4 4 19 4
split_gain=2535.59 476.228 228.828 198.188 100.678 79.3409 66.0698 52.8176 50.0085 48.6083 47.1693 45.4182 39.7928 37.9168 34.5947 34.4726 28.6597 34.8912 28.381 25.1337 24.5121 23.0188 22.6736 21.8469 24.6353 21.505 21.2381 21.0825 20.7568 20.2915
threshold=1.5000000000000002 4.5000000000000009 3.5000000000000004 0.074074074074074112 5.7550000000000008 9.5000000000000018 0.2678571428571429 -0.039999999999999584 0 -0.10166666666666611 1 5.5000000000000009 2 0.34448412698412706 -0.10737433862433861 5.5000000000000009 -0.021666666666666053 3 4 5 2.5000000000000004 4.7638888888888902 0.92816666666666425 3.5000000000000004 4.6833333333333345 5.0050000000000008 0.026666666666665954 -0.076666666666665759 6 0.034999999999999705
decision_type=2 2 2 10 2 2 10 2 1 2 1 2 1 10 10 2 2 1 1 1 2 10 2 2 8 2 2 2 1 2
left_child=4 2 5 9 10 6 16 -4 -6 -3 23 21 25 15 -14 19 -2 -18 -8 -5 -13 -11 -12 -1 -25 -9 -10 -15 -7 -19
right_child=1 3 7 13 8 28 18 12 26 11 22 20 14 27 -16 -17 17 29 -20 -21 -22 -23 -24 24 -26 -27 -28 -29 -30 -31
leaf_value=0.020339153269990563 0.00309604613291998 0.012873910296794928 -0.0023470978113053456 -0.015460586091197197 0.012307910629427321 -0.0018196959734237709 0.012171275215385658 -0.011275162039177989 0.024846549705939958 -0.019551105130750188 0.0059281871472971004 -0.021456646131830851 -0.021167985354264705 0.035971857555142546 -0.012294475214231791 -0.017390677453216236 0.0041429455483642866 -0.0041301301800101163 0.0031566600840601594 -0.0019110784479252753 -0.033567629101225113 -0.034564323771155425 0.013849884275986012 0.013527809291712078 -0.017283612613402409 0.0012228641223033434 0.015709375105992039 0.00016270484501817222 -0.010866401330914518 -0.013343985087966191
leaf_weight=1437.9603173434734 1487.7732217535377 54.40671893581748 827.98694860190153 318.64079546183348 850.43074025213718 632.78495658189058 973.47322369366884 518.82732123881578 3205.7846485823393 1636.5252334438264 1409.2742197811604 355.38961342722178 1158.5058326423168 28.732287608087063 1787.7887994460762 829.11033365502954 670.43106842786074 1604.8899332210422 1350.0404231995344 687.46512523293495 1079.8336796164513 181.52554597333074 980.18763917684555 529.65862746536732 45.051258683204651 382.81464655697346 466.20632643997669 311.51104832068086 1206.6743585765362 502.06705936044455
leaf_count=6445 9060 706 8079 3233 3480 4751 5737 6916 13236 23218 6584 4297 16440 190 21158 10004 5140 12157 8195 6824 22494 3746 4485 2364 236 4454 1889 2474 9339 4396
internal_value=-0.000142466 -0.00855693 -0.00441529 -0.018455 0.0173824 -0.000478162 0.00157248 -0.0115118 0.021574 -0.0246223 0.0130762 -0.0252494 -0.0134838 -0.00907783 -0.0157302 -0.0113516 -0.00138395 -0.00378377 0.00699945 -0.00637496 -0.0305687 -0.0210501 0.00913952 0.017617 0.0111125 -0.00590334 0.0236221 0.00318665 -0.00782325 -0.00629582
internal_weight=27511.8 18587.2 13104.1 5483.14 8924.55 8428.13 6588.67 4675.92 4522.42 3307.68 4402.13 3253.27 3847.94 2175.46 2946.29 1835.22 4265.16 2777.39 2323.51 1006.11 1435.22 1818.05 2389.46 2012.67 574.71 901.642 3671.99 340.243 1839.46 2106.96
internal_count=231727 193008 115822 77186 38719 58775 44685 57047 18605 54461 20114 53755 48968 22725 37598 20061 30753 21693 13932 10057 26791 26964 11069 9045 2600 11370 15125 2664 14090 16553
cat_boundaries=0 1 2 3 4 5 6 7
cat_threshold=8207 11508096 2105390 9246 5283951 15106624 4204075
is_linear=0
shrinkage=0.04


Tree=43
num_leaves=31
num_cat=7
split_feature=0 27 0 0 10 4 27 23 23 0 14 0 19 19 19 7 20 11 12 4 8 19 19 14 5 19 12 7 22 6
split_gain=2279.17 451.944 242.079 178.302 115.374 88.7757 78.1345 56.0526 54.0106 53.6782 52.7203 49.198 46.3661 37.9647 35.5163 31.903 31.6116 29.7619 36.4941 29.4446 28.9626 26.7627 24.9494 29.1427 24.3002 24.1837 23.5186 22.6013 22.34 21.9967
threshold=1.5000000000000002 0.10999999999999967 4.5000000000000009 3.5000000000000004 0 -0.073333333333332792 1.1466666666666669 2.5000000000000004 1.5000000000000002 5.5000000000000009 -0.07999999999999996 5.5000000000000009 1 2 3 -1.7333333333333287 18.675000000000004 10.500000000000002 3.3166666666666669 -0.026666666666665947 2.5000000000000004 4 5 0.31679894179894191 1.5000000000000002 6 3.7071428571428577 2.6491666666666664 13.687333333333335 41.190000000000005
decision_type=2 2 2 2 1 2 2 2 2 2 10 2 1 1 1 2 2 2 8 2 2 1 1 8 2 1 8 2 2 2
left_child=4 2 10 8 24 -5 9 13 22 14 16 19 26 -6 29 -8 -2 18 21 -4 -12 -10 -3 -24 -1 -22 -9 -14 -17 -7
right_child=1 3 11 5 7 6 15 12 17 -11 20 -13 27 -15 -16 28 -18 -19 -20 -21 25 -23 23 -25 -26 -27 -28 -29 -30 -31
leaf_value=0.028057644283286977 -0.022554131948074346 0.012511463927599399 -0.0096964402835733893 0.011108073596611716 0.0091419823387105456 -0.0075210427832298589 -0.009515052257558854 0.018577775355185448 0.0097847359166579623 -0.022887311719345139 -0.0018527924818476902 -0.032505501361001575 0.0027443134384718642 0.02178584864211024 -0.014751516989261861 -0.0061545994846396957 -0.012160975034284044 -0.0095313564700881225 -0.0043078197914577093 -0.02409828809574573 -0.0027244382131342299 0.00027906722703849893 -2.5758005092783583e-05 0.020178110468639904 0.020505892670186404 -0.013316462428747533 0.009424062355453032 0.01212440001056272 0.005386882027863432 0.0076359691314097046
leaf_weight=1038.7823506891727 662.14124710857868 900.54308025538921 289.545873709023 361.13784222304821 571.14765176177025 914.30291098356247 731.04660829156637 1112.2747338414192 814.64359261095524 716.37021248042583 1078.8322004005313 1064.9719881638885 1255.9225198328495 1536.3938692361116 1358.2986044622958 423.35431119799614 1598.9978491440415 513.08951660990715 1316.5700039193034 1053.8202595375478 510.96508485078812 1127.0476223304868 758.17330351471901 134.49357566982508 1983.6731427311897 1190.8039397373796 753.20960368216038 610.92175985872746 732.82861968129873 184.03248613327742
leaf_count=4390 10535 5296 4357 2483 2395 8504 5139 4727 5213 10148 11485 23103 5903 6397 12795 2983 19864 4071 9997 18543 5635 7319 4607 662 8136 13546 3690 2793 4765 1644
internal_value=-3.33599e-05 -0.00804683 -0.015652 -0.00288943 0.0166368 -0.00805217 -0.0094196 0.0132683 0.00214047 -0.0132529 -0.0106685 -0.0260845 0.0103462 0.0185061 -0.0104434 -0.00297466 -0.0152045 -0.000576916 0.00083317 -0.0209941 -0.00698002 0.00431904 0.00785548 0.00298482 0.0230252 -0.0102304 0.0148025 0.00578295 0.00116079 -0.00493645
internal_weight=27298.3 18436 7450.08 10985.9 8862.33 5421.37 5060.23 5839.87 5564.56 3173 5041.74 2408.34 3732.33 2107.54 2456.63 1887.23 2261.14 3771.35 3258.26 1343.37 2780.6 1941.69 1793.21 892.667 3022.46 1701.77 1865.48 1866.84 1156.18 1098.34
internal_count=231125 192694 107068 85626 38431 48461 45978 25905 37165 33091 61065 46003 17113 8792 22943 12887 30399 26600 22529 22900 30666 12532 10565 5269 12526 19181 8417 8696 7748 10148
cat_boundaries=0 1 2 3 4 5 6 7
cat_threshold=1 11507920 10779 1090879 14724648 4255023 2630151
is_linear=0
shrinkage=0.04


Tree=44
num_leaves=31
num_cat=2
split_feature=0 0 27 10 0 10 14 14 4 4 8 27 7 4 0 4 14 0 14 23 27 15 24 24 14 18 12 7 15 7
split_gain=2186.62 428.919 274.377 126.031 103.065 97.5967 64.0321 56.1001 49.4872 42.1152 40.228 38.4357 36.3313 35.6372 33.7753 33.7676 28.9293 29.8318 27.9645 23.8849 23.6155 22.6831 23.5642 21.1722 21.8521 20.3736 20.1076 19.982 19.1406 19.0732
threshold=1.5000000000000002 3.5000000000000004 0.24000000000000069 0 5.5000000000000009 1 0.13333333333333341 -0.2425925925925925 -0.028333333333333762 0.038333333333333559 4.5000000000000009 -1.0900000000000003 -2.8583333333333321 -0.13333333333333328 5.5000000000000009 -0.11500000000000064 0.34448412698412706 5.5000000000000009 -0.011011904761904749 2.5000000000000004 1.1850000000000001 2.5000000000000004 2.5000000000000004 4.5000000000000009 0.14999999999999999 0.36666666666666675 3.7638888888888893 3.4700000000000011 4.5000000000000009 3.5500000000000029
decision_type=2 2 2 1 2 1 10 8 2 2 2 2 2 2 2 2 10 2 10 2 2 10 2 2 8 10 10 2 8 2
left_child=5 3 4 10 8 20 13 -7 -3 18 21 -10 25 -4 -15 -6 17 -8 27 -14 -1 -2 -23 24 -12 -9 -21 -5 -11 -13
right_child=1 2 6 9 15 7 16 12 11 28 23 29 19 14 -16 -17 -18 -19 -20 26 -22 22 -24 -25 -26 -27 -28 -29 -30 -31
leaf_value=0.019545355322225823 0.007049569160940676 -0.00851679299088259 0.049183103627355118 -0.01173495136140665 0.033655390166987126 -0.0033060967123137897 -0.0019060004256521222 0.0076298555377193036 -0.030127318100059808 -0.01220699528123557 -0.0086586207926406394 -0.02012677391981366 0.020404435329918515 -0.009633292963922728 -0.020522382272228638 -0.032276486487789392 0.0056705087980861322 -0.013661787122343446 -0.0013165075868522579 0.016463536048412438 0.026996845488718973 -0.0040223657802334048 0.0064958991312780226 0.0085386332016829901 0.0021919149655726957 0.020072904198321258 0.008733107528310342 -0.002213056119424902 -0.027592381492236889 -0.011546613733934237
leaf_weight=1987.0491881370544 2268.8488467335701 746.82959990203381 15.294246457517145 1204.5491144582629 12.56813896819949 316.71110378205776 1304.0649181753397 1552.0650098472834 503.10099485144019 405.07987379282713 880.43776865676045 1544.7486376613379 1386.9211401343346 2051.4833418242633 585.93085513263941 1120.9716585017741 524.89876164868474 469.80614549666643 1399.9522411599755 1564.3647895902395 1034.9426301717758 783.01623821258545 603.40713391825557 214.72310680150986 448.11605335026979 243.58207307755947 820.84345860779285 498.57899436354637 190.08929527550936 566.56010329723358
leaf_count=8144 14342 8794 108 14296 215 1681 9364 6914 9813 4889 7038 21790 5760 17691 7431 24690 3546 4707 12380 6700 4423 6344 4865 1565 2728 1023 3986 5695 2947 7735
internal_value=-0.000128469 -0.00802405 -0.0139601 -0.00172138 -0.0211152 0.0161326 -0.00746495 0.0130473 -0.0175978 -0.0073543 0.00229561 -0.0201918 0.014001 -0.0116994 -0.0120524 -0.0315455 -0.00257855 -0.0050195 -0.00550477 0.0162303 0.0220244 0.00458639 0.000555454 -0.00311526 -0.00499878 0.00931777 0.0138032 -0.00894748 -0.0171209 -0.0178243
internal_weight=27249.5 18343.1 9446.26 8896.8 4494.78 8906.48 4951.48 5884.49 3361.24 3698.25 5198.55 2614.41 5567.78 2652.71 2637.41 1133.54 2298.77 1773.87 3103.08 3772.13 3021.99 3655.27 1386.42 1543.28 1328.55 1795.65 2385.21 1703.13 595.169 2111.31
internal_count=231604 192973 115884 77089 73037 38631 42847 26064 48132 40207 36882 39338 24383 25230 25122 24905 17617 14071 32371 16446 12567 25551 11209 11331 9766 7937 10686 19991 7836 29525
cat_boundaries=0 1 2
cat_threshold=3 1
is_linear=0
shrinkage=0.04


Tree=45
num_leaves=31
num_cat=7
split_feature=28 4 20 4 23 28 4 7 4 19 21 22 19 8 22 7 23 19 19 19 4 14 7 4 19 19 17 9 28 11
split_gain=495.857 163.888 154.7 139.106 66.9919 61.1399 49.5083 34.4349 31.2034 30.1527 27.9527 27.8296 25.6975 24.9701 24.1923 24.1858 22.5795 21.9069 20.3267 19.7205 19.7123 18.8822 18.6114 18.3025 18.0406 17.7338 17.4355 17.4126 15.9364 15.826
threshold=3.5000000000000004 -1.0000000180025095e-35 6.7600000000000007 0.017083333333333343 2.5000000000000004 1.5000000000000002 -0.041666666666666512 -5.6859999999999973 -0.061666666666666085 0 37.975000000000001 1.6933333333333336 1 5.5000000000000009 2.299166666666665 -1.0000000180025095e-35 2.5000000000000004 2 3 4 -0.12333333333333261 -0.12 3.6333333333333386 0.051666666666666312 5 6 0.2678571428571429 47.500000000000007 1.5000000000000002 1.5000000000000002
decision_type=2 2 2 2 2 2 2 2 2 1 2 2 1 2 2 2 2 1 1 1 2 10 2 2 1 1 10 2 2 2
left_child=1 5 10 6 13 12 20 -8 9 -7 21 24 -1 25 23 27 17 -10 -17 -18 -4 -2 -22 -5 -9 -3 -11 -6 -27 -14
right_child=2 4 3 14 15 8 7 11 16 26 -12 -13 29 -15 -16 18 19 -19 -20 -21 22 -23 -24 -25 -26 28 -28 -29 -30 -31
leaf_value=0.013681125828866127 -0.033160570815407291 0.00074400111079310223 0.022354712619741739 -0.013201936449303427 -0.0063879848219568257 0.019127658756483784 -0.012371187398164374 -0.0021909958721796005 -0.0035218323135822399 0.0012248989089081582 0.079172441065995955 0.0017096599375919605 0.018793994553254829 -0.0046353361346105869 -0.0075955467728287245 -0.0097357718692495151 -0.0037501626888571749 0.0074538123321734916 0.0012272925086005526 0.00336509009895632 -0.001154155660408191 -0.010770452190923421 0.0078694074858099271 -0.021181983951530287 -0.0089085912186373881 0.010584606147787255 0.013114861904367836 -0.016227071140550223 0.0030562129207869597 0.0064112154060375339
leaf_weight=2217.7884703949094 424.05321122333407 1511.3862123526633 79.1451445966959 1368.1416227519512 1262.6593546010554 393.8550512753427 852.05443288013339 1238.2236441671848 339.17770590260625 529.46272994205356 3.7826693952083579 1152.7812240682542 180.10591593012214 644.51782647147775 775.41769620776176 350.33900274708867 1064.7205410674214 1959.7948257550597 1082.6097458787262 1473.9146941453218 1075.8539485745132 70.247485913336277 554.05684583634138 692.67353412508965 1364.7772112302482 865.23216088488698 314.56869384646416 372.74690924584866 937.19422930106521 1987.5760513991117
leaf_count=11557 9621 10914 655 19073 10953 2323 9279 13803 2247 3004 42 10805 943 4715 9723 3052 7576 12473 9127 10306 9164 1221 4641 10706 15210 5279 1772 3416 7700 10534
internal_value=-0.000162181 0.0038545 -0.00744027 -0.00625891 -0.00087024 0.00702814 -0.00295471 -0.00511135 0.00443005 0.0100969 -0.0291497 -0.00346434 0.0106274 0.00256845 -0.0136181 -0.00530632 0.00297996 0.00585163 -0.00151242 0.000379389 0.00285986 -0.0299786 0.00191323 -0.0158842 -0.00575573 0.00396954 0.00559003 -0.00863054 0.00663332 0.0074059
internal_weight=27138.9 17487.7 9651.21 9153.13 7026.69 10461 6316.89 4607.84 6075.49 1237.89 498.083 3755.78 4385.47 3958.33 2836.23 3068.36 4837.61 2298.97 1432.95 2538.64 1709.06 494.301 1629.91 2060.82 2603 3313.81 844.031 1635.41 1802.43 2167.68
internal_count=231834 117891 113943 103059 55156 62735 63557 49097 39701 7099 10884 39818 23034 28608 39502 26548 32602 14720 12179 17882 14460 10842 13805 29779 29013 23893 4776 14369 12979 11477
cat_boundaries=0 1 2 3 4 5 6 7
cat_threshold=10355632 14038496 8744 1447938 3711395 11510320 13282000
is_linear=0
shrinkage=0.04


Tree=46
num_leaves=31
num_cat=1
split_feature=27 4 27 4 22 15 4 15 12 10 4 6 8 8 14 5 14 3 14 4 22 15 6 6 22 8 27 4 29 21
split_gain=492.362 200.076 150.662 100.952 73.5816 53.8938 42.1244 36.4096 32.8706 31.9979 27.819 27.7881 26.0763 24.8175 20.6199 20.027 20.7065 19.9274 18.9061 18.4091 17.8149 17.6996 16.8474 16.7759 15.7519 15.6253 16.8478 15.5022 15.1839 15.1463
threshold=-0.28166666666666579 -0.016666666666667048 -1.5049999999999994 0.017083333333333343 14.315833333333336 1.5000000000000002 0.016666666666666167 1.5000000000000002 4.7071428571428582 0 -0.10999999999999986 34.335000000000008 3.5000000000000004 1.5000000000000002 -0.016666666666666653 1.5000000000000002 0.21666666666666673 6.6150000000000011 -0.20363756613756609 0.046666666666667307 -11.314166666666663 1.5000000000000002 72.315000000000012 33.625000000000007 8.3450000000000024 3.5000000000000004 2.4208333333333338 0.055000000000000167 6.9750000000000005 34.635000000000005
decision_type=2 2 2 2 2 8 2 10 8 1 2 2 2 2 8 2 10 2 8 2 2 10 2 2 2 2 2 2 2 2
left_child=2 5 8 12 6 10 13 23 15 24 -2 21 14 -3 -4 -1 -17 20 -11 -9 -16 -8 28 27 -7 -12 -27 -6 -5 -14
right_child=1 4 3 22 7 9 11 19 -10 18 25 -13 29 -15 17 16 -18 -19 -20 -21 -22 -23 -24 -25 -26 26 -28 -29 -30 -31
leaf_value=0.0001791299073927898 0.028036048775678633 0.006492601816469862 -0.0034209344453521259 -0.015790863554910411 0.007079881167638794 0.0050897509761368576 -0.0022583722235181435 0.0025452263670980076 -0.032545114882454783 -0.011465465300050484 0.013118260102576397 -0.0014791319543146645 -0.0094072045795432907 -0.0012641857748218136 -0.014775647286963671 -0.022373231788913549 0.082163382125461898 0.0037348779664588528 0.0034506898062185206 -0.0078526620880316166 0.067878930706998214 -0.0105032781682596 0.082173377404838738 0.013444655494817373 0.012217903088603684 0.0065511000450153836 0.029838544608936233 -0.010255270269526906 0.005735306144266328 -0.00055483647620690416
leaf_weight=86.239994663745165 156.41480042785406 814.78048215061426 1391.0688453614712 1737.3196923471987 710.36481669917703 859.68164712935686 554.92631813511252 1703.1759157627821 450.62392769008875 141.56636252999306 1871.701892029494 1555.0324695035815 1254.8960858359933 3473.0788082145154 5.8733887858688858 333.79125887528062 3.0595077387988558 722.91213665902615 3432.7253620438278 324.31099344044924 14.405214864760636 1671.1544602662325 2.8509351015090934 729.14095904678106 1172.5636342614889 1282.8433534763753 51.710809931159019 93.390003319829702 54.060318104922771 410.38141897693276
leaf_count=1226 816 6188 15416 25939 4361 5318 4692 11798 10247 1015 10387 14451 14079 27008 58 5855 37 7109 22198 2678 124 16589 44 4455 6393 7266 238 650 671 4195
internal_value=4.83767e-05 0.00307138 -0.00957973 -0.0071669 -0.000390703 0.00756028 -0.00250422 0.00439921 -0.0250274 0.00515897 0.0115639 -0.00558194 -0.00347424 0.000209762 -0.00054714 -0.0170204 -0.0214238 0.00483189 0.00285193 0.00088201 0.0439393 -0.00844796 -0.0149866 0.00905124 0.00915749 0.0107604 0.00745343 0.00506567 -0.0151412 -0.00722568
internal_weight=27066 20598.6 6467.48 5593.77 11629.4 8969.21 8068.97 3560.38 873.715 5606.54 3362.67 3781.11 3799.54 4287.86 2134.26 423.091 336.851 743.191 3574.29 2027.49 20.2786 2226.08 1794.23 1532.9 2032.25 3206.26 1334.55 803.755 1791.38 1665.28
internal_count=231501 146501 85000 67635 92870 53631 68928 23942 17365 34924 18707 35732 40981 33196 22707 7118 5892 7291 23213 14476 182 21281 26654 9466 11711 17891 7504 5011 26610 18274
cat_boundaries=0 1
cat_threshold=1
is_linear=0
shrinkage=0.04


Tree=47
num_leaves=31
num_cat=8
split_feature=0 0 14 0 26 19 11 29 0 27 4 16 19 19 4 9 19 11 27 19 19 27 11 19 27 4 4 12 19 23
split_gain=1956.77 408.704 203.581 111.529 98.4992 79.2107 73.8561 68.2239 55.2827 52.2367 43.9213 43.5979 38.8282 38.3862 36.4089 34.8562 33.3267 29.8777 28.509 27.1748 26.9662 23.1584 22.8524 23.7161 22.2464 20.6645 20.4238 20.3329 20.2294 20.1392
threshold=1.5000000000000002 3.5000000000000004 0.031514550264550252 5.5000000000000009 4.745000000000001 0 10.500000000000002 5.7250000000000005 5.5000000000000009 -0.56999999999999995 -0.0081666666666668757 0.29166666666666669 1 2 0.02166666666666606 53.500000000000007 3 8.5000000000000018 0.50166666666666726 4 5 1.583666666666667 4.5000000000000009 6 -2.1608333333333323 -0.11500000000000064 0.070000000000000742 4.3875000000000011 7 1.5000000000000002
decision_type=2 2 10 2 2 1 2 2 2 2 2 10 1 1 2 2 1 2 2 1 1 2 2 1 2 2 2 8 1 2
left_child=5 4 3 9 14 29 11 15 10 24 17 -6 -11 -12 20 26 -13 28 -10 -20 -2 -9 23 -18 -3 -5 -7 -22 -4 -1
right_child=1 2 8 25 6 7 -8 21 18 12 13 16 -14 -15 -16 -17 22 -19 19 -21 27 -23 -24 -25 -26 -27 -28 -29 -30 -31
leaf_value=0.015444423909630465 -0.013272045792593048 -0.036719178346717334 -0.0042260068186041264 0.021176284496875985 -0.0021395060468511226 0.01517551657183234 -0.0082906050941574314 0.01983839256042387 -0.024636090511571701 -0.0065395520410610839 -0.003141705803428976 0.0089509050438762033 -0.017034089948466422 -0.015130471144464646 -0.017985611323380845 0.0025441466269859239 -0.011014005981193689 -0.0092390512999536382 -0.0020297955301122788 -0.017096431221400196 0.0019011672866135259 0.029178686604845589 -0.0020360151765716813 0.010136878162857244 -0.020723423423175059 -0.030848481543727227 -0.0086577747998830175 -0.01221600356222978 0.0064089875106537889 0.0052797240324857142
leaf_weight=402.38506695628166 500.33098797127604 162.49790696799755 432.52684980630875 12.348703157156704 2031.2533138655126 3227.4513691216707 1216.0914869271219 2901.5626003593206 353.22223108634353 1036.3272469304502 830.11983072757721 1838.946743234992 1356.6619150452316 912.96020981296897 574.01938507333398 422.4097982943058 92.1939925737679 456.61669098958373 339.03924311324954 469.31566233932972 651.31929463148117 497.55658654868603 1173.2830222249031 578.95152280852199 966.70052376762033 1135.9325668215752 58.573407411575317 217.83490865305066 810.39138347283006 1386.415121294558
leaf_count=1683 5937 3867 3174 186 16395 14348 11179 12041 6803 11391 8058 12179 15277 9169 8587 1963 677 3793 3193 4423 7229 2165 8194 3852 16854 23869 286 2940 5711 6209
internal_value=-0.000174704 -0.00770767 -0.0135793 -0.0194633 -0.00157113 0.0151928 0.000660462 0.0170882 -0.00761051 -0.015934 -0.00506452 0.00256528 -0.0125878 -0.0095258 -0.00952919 0.0133603 0.0051598 -0.000488927 -0.0151562 -0.0110138 -0.00598469 0.0212056 0.00132426 0.00721835 -0.0230253 -0.030289 0.0147507 -0.00161838 0.00272565 0.00752418
internal_weight=27045.2 18148.9 9274.66 4670.47 8874.22 8896.35 6930.72 7107.55 4604.19 3522.19 3442.61 5714.63 2392.99 1743.08 1943.5 3708.43 3683.38 1699.53 1161.58 808.355 1369.49 3399.12 1844.43 671.146 1129.2 1148.28 3286.02 869.154 1242.92 1788.8
internal_count=231632 192937 115768 71444 77169 38695 52476 30803 44324 47389 29905 41297 26668 17227 24693 16597 24902 12678 14419 7616 16106 14206 12723 4529 20721 24055 14634 10169 8885 7892
cat_boundaries=0 1 2 3 4 5 6 7 8
cat_threshold=8207 1663023 75247 6334015 1876075 1218953 1179648 11493380
is_linear=0
shrinkage=0.04


Tree=48
num_leaves=31
num_cat=1
split_feature=27 27 5 5 23 8 5 5 6 28 12 29 14 9 17 3 14 7 27 27 11 27 14 28 20 30 9 17 20 9
split_gain=415.289 148.067 139.691 96.5122 78.077 37.5248 41.2291 35.0597 31.5974 29.6616 29.1981 29.1749 25.8792 21.9815 21.4394 20.7322 20.5603 19.6352 18.8826 18.4865 16.0884 14.3545 14.0711 13.5102 13.0466 12.8663 12.7778 12.3133 12.0474 12.5704
threshold=-0.10666666666666601 -1.7116666666666664 1.5000000000000002 4.5000000000000009 1.5000000000000002 2.5000000000000004 5.5000000000000009 1.5000000000000002 31.355000000000004 1.5000000000000002 4.7071428571428582 6.995000000000001 0.015555555555555574 48.500000000000007 0.38750000000000007 6.5150000000000006 0.21666666666666673 2.1083333333333365 -0.77500000000000002 0.80666666666666698 5.5000000000000009 -1.1116666666666664 0.10000000000000007 1.5000000000000002 58.010000000000012 0 44.500000000000007 0.10555555555555557 30.620000000000001 23.500000000000004
decision_type=2 2 2 2 2 2 2 2 2 2 10 2 10 2 8 2 10 2 2 2 2 2 8 2 2 1 2 8 2 2
left_child=1 10 9 7 8 23 13 15 19 -2 16 20 18 28 -10 -3 -1 -11 -9 -4 -5 -22 -15 24 -6 -25 -14 -24 -7 -30
right_child=2 3 4 11 5 6 -8 12 14 17 -12 -13 26 22 -16 -17 -18 -19 -20 -21 21 -23 27 25 -26 -27 -28 -29 29 -31
leaf_value=-0.017245879611559982 0.012677289007878447 0.069262057232476262 -0.004628081641962164 -0.01036626035905412 0.0084529931749181206 -0.005024438547365174 -0.010883349762850481 -0.011660196869026062 0.0064841439993815943 0.0036922663507088726 -0.033706626052091279 0.010617772423796737 0.0029947121453097057 -0.010139496451516891 0.015134986159982683 0.0014099196540762536 0.091656150131524061 0.010321072755826723 -0.0048945953028749524 0.0043238521216809565 -0.028044579613132226 -0.015791768740937483 -0.013579141716765351 0.0063658057333916837 -0.0082136207186955228 -0.00043447474223339818 -0.0062570527110136888 0.0040086316643120432 0.01377340454028219 0.00032763934301761395
leaf_weight=251.57799003273249 2031.4977282620966 7.2387704886496058 530.89428037405014 787.78007382899523 782.69159508123994 686.58940710127354 846.15592899546027 1040.7527607232332 1835.4160729534924 1750.1142062246799 364.18365221098065 75.688772089779377 717.3908216021955 660.50845021009445 610.9455915056169 1548.3521585203707 2.804732345044612 1208.7775618284941 1804.3205770254135 1211.09847388044 184.43834734708071 896.94496466591954 83.800056107342243 561.96615998074412 83.130594339221716 2008.1708811223507 358.06606849655509 265.40719904378057 114.82050811871886 3577.2515598274767
leaf_count=4576 10255 63 4327 11263 4697 5963 8130 14337 11875 10809 9032 939 7481 5428 3681 13852 26 7245 19289 7043 3413 13469 608 4505 512 16184 3609 1882 860 26109
internal_value=-2.94166e-05 -0.00764111 0.00321711 -0.00607386 0.00115077 -0.000825086 -0.00267485 -0.00335537 0.00571283 0.00895554 -0.0264434 -0.0137283 -0.00537143 -0.00138584 0.00864457 0.00172566 -0.0160452 0.00640029 -0.00736951 0.00159564 -0.0147142 -0.0178816 -0.00670608 0.00253131 0.00685277 0.0010755 -8.56001e-05 -0.000211946 -0.000159 0.000745792
internal_weight=26888.8 8039.54 18849.2 7420.97 13858.8 9670.49 6234.53 5476.12 4188.35 4990.39 618.566 1944.85 3920.53 5388.38 2446.36 1555.59 254.383 2958.89 2845.07 1741.99 1869.16 1081.38 1009.72 3435.96 865.822 2570.14 1075.46 349.207 4378.66 3692.07
internal_count=231462 101349 130113 87715 101804 74878 48980 58631 26926 28309 13634 29084 44716 40850 15556 13915 4602 18054 33626 11370 28145 16882 7918 25898 5209 20689 11090 2490 32932 26969
cat_boundaries=0 1
cat_threshold=3
is_linear=0
shrinkage=0.04


Tree=49
num_leaves=31
num_cat=8
split_feature=0 0 14 28 10 12 19 0 19 11 11 18 14 7 0 9 28 22 19 23 4 19 5 19 4 26 9 19 9 19
split_gain=1863.53 397.039 150.719 142.137 89.1532 58.1033 56.7901 56.1958 49.3448 48.2047 38.5789 32.2187 29.5322 29.1215 28.9862 28.7031 28.1509 26.6804 23.4135 21.5558 21.2281 19.2522 19.024 18.7464 18.7251 18.6124 18.1818 18.0899 17.7274 17.4686
threshold=1.5000000000000002 4.5000000000000009 0.13333333333333341 2.5000000000000004 0 4.2928571428571436 1 5.5000000000000009 2 9.5000000000000018 10.500000000000002 1.0000000180025095e-35 0.34448412698412706 2.1083333333333365 5.5000000000000009 53.500000000000007 3.5000000000000004 13.687333333333335 3 3.5000000000000004 -0.094999999999999293 4 2.5000000000000004 5 -0.10166666666666611 4.6250000000000009 40.500000000000007 6 46.500000000000007 7
decision_type=2 2 10 2 1 10 1 2 1 2 2 8 10 2 2 2 2 2 1 2 2 1 2 1 2 2 2 1 2 1
left_child=4 3 7 9 18 8 29 17 19 11 13 26 14 -10 21 -8 -9 24 28 -5 -13 -4 -23 -22 -3 -21 -2 -11 -1 -6
right_child=1 2 12 5 6 -7 15 16 10 27 -12 20 -14 -15 -16 -17 -18 -19 -20 25 23 22 -24 -25 -26 -27 -28 -29 -30 -31
leaf_value=0.027875128805929923 0.0014877069833963896 0.01332953836503672 0.0044816872224548868 0.0030750412249352758 0.0019736603777142443 -0.016054904511966374 0.016744133168822815 -0.021298042737417026 -0.010032781045043774 0.00029938764851246142 -0.017429258902703571 0.020131585706873741 0.0038804169406339664 -0.0017128900708435525 -0.01612368919356047 0.0051835401885733821 -0.032185140954248861 -0.0069964858086121341 0.017476714830917152 -0.011891446566969237 0.00071774877859696342 0.00054553869841772993 -0.017211469668372469 0.0067291483843029245 -0.019603108433267648 -0.001215073314760849 -0.0079252325896577176 -0.0096555427102439292 0.014686754522117835 0.0095115021156069544
leaf_weight=978.1230386197567 745.29499585926533 28.090278167277575 270.39473921060562 1009.1256608068943 718.04522432386875 1091.377014439553 3057.6948478445411 712.4750083014369 1763.5166968144476 461.68415033817291 684.86624357104301 136.19856326282024 347.56316152215004 1088.6723602227867 550.9729679711163 387.13532039523125 814.33884253911674 355.02518671751022 1839.6685556471348 400.90523268654943 1526.663630656898 171.23909172788262 221.27632228657603 1837.5926083028316 1665.246013648808 750.05688536539674 586.85697424411774 810.43940373510122 195.69979032874107 1699.7531620189548
leaf_count=4153 4835 320 2522 9717 3272 15833 13369 10311 19833 3189 7918 654 2690 11222 6471 1751 20248 3755 7694 5344 9153 1401 2308 10626 27097 7845 3973 5824 825 7599
internal_value=2.2371e-05 -0.00736379 -0.016768 -0.00361718 0.0150257 -0.00759989 0.0120737 -0.0212961 -0.0059802 0.000811631 -0.00887905 0.0026353 -0.00640013 -0.0068571 -0.00934369 0.0154002 -0.0271048 -0.0169665 0.0206601 -0.00118687 0.00465013 -0.00370854 -0.00922964 0.00402337 -0.0190568 -0.00493389 -0.002659 -0.00611621 0.0254595 0.00729024
internal_weight=26906 18029.9 5136.62 12893.3 8876.12 6788.52 5862.63 3575.18 5697.14 6104.73 3537.06 4832.61 1561.45 2852.19 1213.88 3444.83 1526.81 2048.36 3013.49 2160.09 3500.45 662.91 392.515 3364.26 1693.34 1150.96 1332.15 1272.12 1173.82 2417.8
internal_count=231752 193089 77123 115966 38663 77712 25991 61731 61879 38254 38973 29241 15392 31055 12702 15120 30559 31172 12672 22906 20433 6231 3709 19779 27417 13189 8808 9013 4978 10871
cat_boundaries=0 1 2 3 4 5 6 7 8
cat_threshold=1 5252207 75311 12767680 1398029 11485592 4334378 8195
is_linear=0
shrinkage=0.04


Tree=50
num_leaves=31
num_cat=6
split_feature=0 0 27 27 4 19 0 19 0 17 19 5 8 22 17 12 16 4 4 0 27 20 19 27 31 19 11 4 29 19
split_gain=1666.22 361.175 175.938 133.485 77.0454 73.4776 63.5199 57.5107 49.3004 48.624 32.1543 31.3711 29.6678 28.1694 28.0625 25.9541 24.6473 24.5444 23.6725 21.507 24.3266 20.9297 19.8597 19.2512 19.1708 19.132 22.0333 18.8811 18.4185 18.3251
threshold=1.5000000000000002 4.5000000000000009 0.87499999999999944 0.74000000000000055 -0.021833333333333368 0 5.5000000000000009 1 3.5000000000000004 0.18333333333333338 2 3.5000000000000004 2.5000000000000004 12.855833333333337 1.0000000180025095e-35 3.3875000000000006 0.29166666666666669 -0.081666666666665652 -0.10499999999999997 5.5000000000000009 2.1091666666666673 27.305000000000003 3 0.50166666666666726 3.5000000000000004 4 7.5000000000000009 -0.034999999999999691 7.9150000000000009 5
decision_type=2 2 2 2 2 1 2 1 2 8 1 2 2 2 10 10 10 2 2 2 2 2 1 2 2 1 2 2 2 1
left_child=5 3 6 4 12 23 10 -6 14 24 16 18 -2 15 -9 29 -3 -8 -4 22 -21 -11 -20 -1 -7 -15 -27 -18 -24 -5
right_child=1 2 11 13 7 9 17 8 -10 21 -12 -13 -14 25 -16 -17 27 -19 19 20 -22 -23 28 -25 -26 26 -28 -29 -30 -31
leaf_value=0.0052374130304407374 0.0039555872694394005 -0.017623296624675992 0.031113513959041574 -0.0038033199601968572 -0.0019132662039756249 0.014778925494051517 -0.0039218801433781756 -0.015307669540515054 -0.017846962000966034 0.0089441190140292729 -0.021810355588445761 -0.012208481677532634 -0.0046153407907564663 0.0090281071214612773 -0.0062269872940973782 -0.0087753614998024951 0.0090450764557402936 -0.028679457465385201 -0.0097273687978264908 -0.011971373583664003 0.014329349740246786 0.020620687620321671 0.0067613749427292589 0.01231932314895876 0.0077229363113285 0.005071613283444667 -0.0052747295473236904 -0.0092893563081427721 0.048512375627108008 0.0049644614779173462
leaf_weight=1447.253961250186 1111.0944112502038 500.58307921141386 36.174181066453457 664.13268949836493 1301.6710258051753 2073.1573240756989 67.146602772176266 737.21524048224092 1371.1817402206361 266.5512367784977 983.72033018246293 611.13633920997381 1544.2689092345536 988.6334065720439 2083.1620516553521 576.8710068166256 116.00647527724504 1398.4327167123556 119.0067323744297 385.71854343265295 65.878951206803322 3126.8911510407925 343.98719366639853 1066.8972409367561 876.59097949415445 1073.5208301693201 475.06090698391199 398.87967796623707 17.779773831367493 870.24737573415041
leaf_count=6668 9435 8842 229 3993 15188 9226 1085 9872 17435 1208 15968 5640 13709 5271 23201 3791 1331 30739 865 3363 379 13147 2441 4435 3915 5773 2737 5935 113 5109
internal_value=-7.01791e-05 -0.00711087 -0.0161755 -0.00353769 -0.00662325 0.014112 -0.0212196 -0.00932746 -0.0115977 0.0164125 -0.0165824 -0.0051122 -0.00102897 0.0018712 -0.00860058 -0.00154233 -0.0111929 -0.0275452 -0.000634563 -0.00186633 -0.00813463 0.0197035 0.00402158 0.00821001 0.0126821 0.00471164 0.00188547 -0.00515852 0.00857625 0.00117703
internal_weight=26698.9 17841.5 5044.45 12797.1 8148.59 8857.34 3464.77 5493.23 4191.56 6343.19 1999.19 1579.68 2655.36 4648.47 2820.38 2111.25 1015.47 1465.58 968.545 932.371 451.597 3393.44 480.774 2514.15 2949.75 2537.22 1548.58 514.886 361.767 1534.38
internal_count=231043 192444 76930 115514 88840 38599 63900 65696 50508 27496 32076 13030 23144 26674 33073 12893 16108 31824 7390 7161 3742 14355 3419 11103 13141 13781 8510 7266 2554 9102
cat_boundaries=0 1 2 3 4 5 6
cat_threshold=9263 8239 1664063 2539532 5252654 12501013
is_linear=0
shrinkage=0.04


Tree=51
num_leaves=31
num_cat=1
split_feature=27 4 20 14 23 4 14 4 23 5 4 8 27 9 6 14 21 4 11 4 20 8 4 12 27 24 12 10 4 20
split_gain=343.3 164.622 95.9697 75.3595 67.5288 65.3532 43.9801 33.4275 28.3063 28.0988 27.4605 26.903 21.7727 19.0397 19.0309 18.2101 17.888 16.6057 15.3974 16.398 15.5638 24.4034 15.3794 14.2805 14.2463 13.9948 13.5388 13.4656 13.2863 12.7799
threshold=-0.56999999999999995 1.0000000180025095e-35 3.4000000000000008 0.033333333333333416 2.5000000000000004 -0.014999999999999234 0.03333333333333334 -0.059999999999999158 2.5000000000000004 5.5000000000000009 -0.10999999999999986 2.5000000000000004 2.2908333333333339 23.500000000000004 30.885000000000002 -0.18356481481481471 21.755000000000003 0.040000000000000487 8.5000000000000018 -0.084000000000000061 14.540000000000001 3.5000000000000004 0.046666666666666419 1.9500000000000002 1.1850000000000001 17.500000000000004 2.7321428571428577 0 -0.098166666666666721 35.815000000000005
decision_type=2 2 2 10 2 2 10 2 2 2 2 2 2 2 2 8 2 2 2 2 2 2 2 8 2 2 10 1 2 2
left_child=2 3 6 10 12 18 -1 -5 -9 16 29 -6 14 -13 22 28 -7 -15 20 -20 21 -4 -3 -24 -19 -16 -26 -10 -12 -2
right_child=1 4 5 7 11 9 -8 8 27 -11 15 13 -14 17 25 -17 -18 24 19 -21 -22 -23 23 -25 26 -27 -28 -29 -30 -31
leaf_value=-0.034275796919058306 0.004082270793953467 -0.00052593758165302748 0.0019289872487808133 0.011708344743307056 -0.001587268599541075 -0.014951618992054884 0.10538107604017843 0.0078661359346888227 0.0044350182453673868 -0.021955641461673649 -0.056699539344072333 0.007547965537694881 0.016112212966010037 -0.0066368234772456024 0.0025197796066091806 0.0012791417694773583 -0.006999570348425535 -0.014592342318524066 0.013701971043866088 -0.011982912676512992 0.0029119792235438114 -0.022941865044695677 0.03089163646866469 -0.010648296931058478 0.02389967843368174 0.042035141392596301 -0.010064286459005162 -0.0016549263782465939 -0.0054084554164761959 0.027440699404514921
leaf_weight=300.05272034555674 64.681327249854803 1261.0757032111287 151.95834903791547 1835.6680395975709 1563.5680188536644 937.55001075752079 3.6517845541238776 3548.5792359337211 1679.5905163660645 484.64078035391867 8.1927771717309934 120.66953076794744 148.73623788356781 2035.4946104511619 2497.0398200713098 4934.8377553485334 875.04021570086479 852.02196392789483 44.714812118560076 359.62466520816088 773.07269956171513 107.9764434043318 13.680400300770996 412.53250514343381 30.763615772128105 14.422980256378649 48.201835222542286 882.18848089128733 589.96953928843141 89.103707917034626
leaf_count=8172 415 9644 2005 10008 15484 14885 48 20486 10956 8800 53 1257 771 19817 19581 35599 12671 10337 519 4778 7554 1556 90 3757 203 112 320 6740 4634 525
internal_value=-0.000229672 0.00168739 -0.0109731 0.00445904 -0.00251181 -0.00921468 -0.0325965 0.00697495 0.00555294 -0.0134002 0.000943612 -0.00586212 0.00107219 -0.00802723 0.000539412 0.000480211 -0.0111127 -0.00866079 -0.00252518 -0.00914249 6.49718e-05 -0.00840232 -0.00274607 -0.00931497 -0.013086 0.00274671 0.0031675 0.0023487 -0.00611097 0.0176162
internal_weight=26669.3 22631 4038.28 13632.8 8998.21 3734.58 303.705 7946.03 6110.36 2297.23 5686.79 4650.72 4347.49 3087.15 4198.75 5533 1812.59 2966.48 1437.35 404.339 1033.01 259.935 1687.29 426.213 930.987 2511.46 78.9655 2561.78 598.162 153.785
internal_count=231777 170789 60988 89416 81373 52768 8220 48190 38182 36356 41226 47418 33955 31934 33184 40286 27556 30677 16412 5297 11115 3561 13491 3847 10860 19693 523 17696 4687 940
cat_boundaries=0 1
cat_threshold=3
is_linear=0
shrinkage=0.04


Tree=52
num_leaves=31
num_cat=9
split_feature=0 0 14 0 14 10 11 19 19 20 19 17 19 6 26 19 4 12 22 23 19 19 5 11 5 5 4 11 20 19
split_gain=1588.73 318.579 181.17 96.0142 81.424 71.5986 50.4115 48.6475 45.1113 37.9515 38.216 37.7809 35.76 32.4168 31.7438 28.5961 28.1155 27.8474 23.6628 21.9598 21.5936 20.8898 20.4926 19.0529 17.8554 17.5849 16.8409 16.7103 21.0927 15.889
threshold=1.5000000000000002 3.5000000000000004 0.031514550264550252 5.5000000000000009 0.022288359788359833 0 9.5000000000000018 1 2 3.4000000000000008 3 0.23611111111111113 4 31.040000000000003 5.0050000000000008 5 -0.091666666666666327 3.7071428571428577 15.958333333333336 2.5000000000000004 6 7 1.5000000000000002 6.5000000000000009 4.5000000000000009 5.5000000000000009 0.048333333333334234 9.5000000000000018 26.540000000000003 8
decision_type=2 2 10 2 10 1 2 1 1 2 1 10 1 2 2 1 2 8 2 2 1 1 2 2 2 2 2 2 2 1
left_child=5 4 3 9 12 15 11 22 29 -3 -11 20 -2 26 -14 -1 -12 -10 -15 -5 -6 -13 -4 -24 -8 -19 -9 28 -18 -7
right_child=1 2 7 19 6 8 24 13 17 10 16 21 14 18 -16 -17 27 25 -20 -21 -22 -23 23 -25 -26 -27 -28 -29 -30 -31
leaf_value=0.024163425451338094 0.00022204193666185471 -0.036238750127393284 -0.0042365918158015622 -0.018695997788624647 -0.0053601798561660353 0.00033875734563571056 -0.0030220006111482418 -0.0072961426444749034 0.016888021751039765 -0.0081400980970074959 0.020453273401730161 0.0037945404917630859 -0.012862670866699597 -0.0034515229964782769 -0.0044319945584190452 0.015520244239675518 -0.021266622155565022 0.010870431537312143 0.0061502597264919689 -0.031917181892205569 0.0034748949240144726 0.012893521320373342 -0.010130880834583609 -0.020040601930949361 -0.015997876947419973 -0.0059981086780587839 -0.023258011093871964 -0.023932371103785356 -0.011421741719451079 0.0085609580130427253
leaf_weight=1148.6288680881262 1206.2553690895438 125.87272564694285 397.87979485839605 270.40884819254279 651.18681995943189 476.33725601434708 809.33485205471516 903.44695667549968 2223.5354549735785 1249.5168221890926 30.922431495040655 785.36849648505449 1240.5160715691745 1252.4909007772803 1685.4929020442069 1813.7846116870642 615.45345517992973 1115.2168876752257 610.98585944622755 783.15476439893246 1329.6364292502403 888.4039849974215 679.43373105302453 571.56826585158706 214.68125026673079 108.49931721389294 119.7807890959084 546.06684510409832 801.87771202251315 1969.2142241075635
leaf_count=4921 12541 3427 3179 4513 4986 2186 6176 8667 9344 16391 304 4831 16783 13278 14747 7634 10438 5192 4423 19602 9762 5348 6950 6424 2131 554 1460 7582 9085 8798
internal_value=-1.52379e-05 -0.00691286 -0.0122243 -0.0179843 -0.00151222 0.0138262 0.00210157 -0.00660693 0.0112035 -0.014689 -0.0138528 0.00429943 -0.0056038 -0.00343246 -0.00797901 0.0189415 -0.0173045 0.0141798 -0.000303347 -0.0285238 0.000560886 0.0087238 -0.0120705 -0.0146585 -0.00574235 0.0093748 -0.00916467 -0.0179872 -0.0156967 0.00696736
internal_weight=26625 17769.7 8958.86 4423.27 8810.88 8855.22 4678.61 4535.59 5892.8 3369.71 3243.84 3654.6 4132.26 2886.7 2926.01 2962.41 1994.32 3447.25 1863.48 1053.56 1980.82 1673.77 1648.88 1251 1024.02 1223.72 1023.23 1963.4 1417.33 2445.55
internal_count=231657 193028 115723 71342 77305 38629 33234 44381 26074 47227 43800 24927 44071 27828 31530 12555 27409 15090 17701 24115 14748 10179 16553 13374 8307 5746 10127 27105 19523 10984
cat_boundaries=0 1 2 3 4 5 6 7 8 9
cat_threshold=1 10930692 5252207 1138735 2098718 8835520 1884545 9117584 3
is_linear=0
shrinkage=0.04


Tree=53
num_leaves=31
num_cat=7
split_feature=0 0 27 23 28 0 4 19 15 11 19 19 19 4 20 19 4 7 12 9 4 9 20 11 11 7 19 15 9 19
split_gain=1422.2 343.528 134.403 95.6403 67.5553 54.6353 52.7487 44.1473 42.234 39.0937 36.203 36.1331 34.1498 27.5031 27.1116 26.5508 27.6577 25.486 29.592 25.1198 24.5067 24.0334 22.3725 20.9781 20.9074 20.8057 20.7779 20.5129 19.9339 19.6988
threshold=1.5000000000000002 4.5000000000000009 0.84666666666666746 2.5000000000000004 2.5000000000000004 5.5000000000000009 -0.059999999999999158 0 4.5000000000000009 10.500000000000002 1 2 3 -0.10499999999999997 17.965000000000003 4 0.035000000000000593 -1.543333333333331 3.2111111111111117 62.500000000000007 -0.091666666666666327 52.500000000000007 18.675000000000004 11.500000000000002 10.500000000000002 10.007500000000002 5 3.5000000000000004 34.500000000000007 6
decision_type=2 2 2 2 2 2 2 1 8 2 1 1 1 2 2 1 2 2 10 2 2 2 2 2 2 2 1 8 2 1
left_child=4 3 5 9 7 10 29 -1 12 15 14 21 17 -4 -3 -2 -17 28 23 26 -7 25 -10 -19 -14 -6 -15 -22 -8 -5
right_child=1 2 13 6 11 20 8 -9 22 -11 -12 -13 24 19 -16 16 -18 18 -20 -21 27 -23 -24 -25 -26 -27 -28 -29 -30 -31
leaf_value=0.021935943134665434 0.0060953188187358011 -0.026601725383726325 0.02663012832164879 0.012757840794997866 0.013444497764413942 0.0028134221541562775 0.002211835065116179 0.013201365642130659 -0.021348783703118289 -0.0079756130996374141 -0.021208422303507307 0.005882011661380475 -0.0069210087270523976 -0.014761187705887526 -0.007029274351134508 0.001313548112465019 -0.0096934274207013515 0.011281112317770056 -0.0041699140651824378 0.066888143298002287 -0.022442569824760897 0.0029492613487454677 -0.010379619029045275 -0.011130331472137149 -0.016157067924579032 0.027569393371920894 -0.004457309741685983 -0.0323912820079231 -0.011430032779878405 -0.00094067731399548511
leaf_weight=1594.2299380153418 1649.1637024246156 132.74403931573033 39.604148507118225 248.56437701359391 1849.7368981540203 44.280761335045099 250.48745512217283 2628.1168231368065 398.49789487570524 722.91420691460371 1018.6931096184999 2262.3819782957435 2421.4573994316161 440.77535568922758 770.53453828021884 2729.2568800635636 421.69402945041656 521.92383447661996 597.87241132929921 7.3046094551682463 660.58162903599441 321.50608579814434 1173.8275873176754 76.638676479458809 467.92399510368705 183.39480131864548 1135.5022378601134 665.83251932263374 542.67596073448658 482.28159154951572
leaf_count=6797 11039 3158 245 1886 8189 713 2542 11035 7543 6182 17223 10296 23959 3777 11557 18117 3731 4298 6390 56 13230 1480 14833 775 5063 788 9492 17562 5500 3766
internal_value=-0.000167404 -0.00673547 -0.0157142 -0.00326143 0.0129258 -0.020358 -0.00630478 0.0165825 -0.00745857 0.000696139 -0.0160067 0.00958178 -0.00562129 -0.00629415 -0.00979714 0.00200214 -0.000159019 -0.0015538 0.00212447 -0.00711756 -0.0264594 0.0130562 -0.0131597 0.0084116 -0.00838772 0.0147186 -0.00746051 -0.0274366 -0.00712182 0.00387995
internal_weight=26460.4 17621 4915.85 12705.2 8839.37 3292.67 7182.15 4222.35 6451.31 5523.03 1921.97 4617.02 4878.98 1623.19 903.279 4800.11 3150.95 1989.6 1196.43 1583.58 1370.69 2354.64 1572.33 598.563 2889.38 2033.13 1576.28 1326.41 793.163 730.846
internal_count=231222 192637 77013 115624 38585 63443 76555 17832 70903 39069 31938 20753 48527 13570 14715 32887 21848 19505 11463 13325 31505 10457 22376 5073 29022 8977 13269 30792 8042 5652
cat_boundaries=0 1 2 3 4 5 6 7
cat_threshold=15122816 1664047 8903376 4728429 2108431 10651660 14090898
is_linear=0
shrinkage=0.04


Tree=54
num_leaves=31
num_cat=10
split_feature=0 0 27 27 10 0 0 7 27 19 14 19 4 19 0 19 19 31 19 10 7 4 19 4 31 7 4 26 27 19
split_gain=1393.09 294.762 143.04 95.6642 63.7113 56.9064 48.79 40.3475 38.261 37.5903 35.2281 31.3706 29.0053 28.9229 26.0314 26.0225 25.9539 25.5712 24.3765 24.2272 23.0768 22.0915 19.6447 19.0076 18.6953 18.6948 18.4667 18.1191 22.627 19.236
threshold=1.5000000000000002 4.5000000000000009 0.19833333333333372 0.74000000000000055 0 3.5000000000000004 5.5000000000000009 2.8066666666666706 1.7933333333333334 1 -0.02 2 -0.031833333333333151 3 5.5000000000000009 4 5 4.5000000000000009 6 7 0.25916666666666549 0.020000000000000021 8 -0.11500000000000064 2.5000000000000004 -3.4144999999999999 -0.073333333333332792 6.5950000000000006 1.6481666666666663 9
decision_type=2 2 2 2 1 2 2 2 2 1 8 1 2 1 2 1 1 2 1 1 2 2 1 2 2 2 2 2 2 1
left_child=4 3 6 5 22 7 12 9 13 -2 18 -12 -3 -4 -15 -7 -10 -13 -6 27 -17 -11 -1 24 -8 -20 -16 29 -29 -5
right_child=1 2 8 19 10 15 23 -9 16 21 11 17 -14 14 26 20 -18 -19 25 -21 -22 -23 -24 -25 -26 -27 -28 28 -30 -31
leaf_value=0.0075205893601538515 -5.6148872144019423e-06 -0.0049653218188865211 -0.016065400726527596 0.013883841039310453 0.0021052649127587066 -0.0056778550626591252 0.093305069129277676 0.0011147644529297344 -0.012541709646476353 -0.0065535662370849517 0.0067610725907630747 0.01757784584483164 -0.020473012931414507 -0.0018793945620268785 0.0098895360281999016 -0.018922305534103356 0.0083388651163290445 0.0067432316844648569 0.0035599931071805769 -0.0020703157946875784 -0.0091846989843487464 -0.014803503752141565 0.018893960847361561 -0.030385417127425134 -0.013719762946118808 0.013149400521823548 -0.015853750900856053 -0.0034671524456903486 0.0059716440544026949 0.0024300336315334599
leaf_weight=317.71914809942245 1112.6152879521251 237.56112695857882 985.32249451801181 457.89989206194878 1050.3995763659477 963.56947612389922 3.8198905065655699 1798.9806564971805 127.10351124405861 1858.3655294552445 960.28851962089539 1951.2814903855324 1028.2278110850602 730.2344271056354 49.086702611297369 825.48963362723589 304.00762487202883 424.32534027099609 472.52156348526478 2112.3115774989128 737.09221552684903 720.74681410193443 2618.7082845121622 895.91758126579225 8.2548736743628961 1043.8724527582526 486.07446982711554 833.22679283469915 793.2077147513628 501.3225971609354
leaf_count=1328 11731 3761 11466 2579 4960 11118 64 18317 839 18990 4059 8189 20493 7304 455 10370 1935 1783 2247 12926 8505 9926 11209 24096 140 4824 6460 4862 3716 2837
internal_value=-0.000112685 -0.00662869 -0.0150124 -0.00342706 0.0128399 -0.00608309 -0.022638 -0.00379721 -0.00883142 -0.00619082 0.010378 0.0131062 -0.0175626 -0.0109224 -0.00673756 -0.0110516 0.0020852 0.015577 0.00687274 0.00110532 -0.0142378 -0.00882484 0.0176931 -0.0297135 0.0201379 0.0100947 -0.0134925 0.00369333 0.00113612 0.00806776
internal_weight=26409.6 17570.4 4855.61 12714.8 8839.12 8016.86 2173.78 5490.71 2681.83 3691.73 5902.69 3335.9 1265.79 2250.72 1265.4 2526.15 431.111 2375.61 2566.79 4697.97 1562.58 2579.11 2936.43 907.992 12.0748 1516.39 535.161 2585.66 1626.43 959.222
internal_count=231489 192890 77013 115877 38599 88957 48554 58964 28459 40647 26062 14031 24254 25685 14219 29993 2774 9972 12031 26920 18875 28916 12537 24300 204 7071 6915 13994 8578 5416
cat_boundaries=0 1 2 3 4 5 6 7 8 9 10
cat_threshold=1 2106894 3179 15112800 2187295 2279448 7891459 1 8198 6447802
is_linear=0
shrinkage=0.04


Tree=55
num_leaves=31
num_cat=7
split_feature=0 0 14 22 14 19 11 0 9 18 27 19 20 15 19 24 27 5 4 6 30 0 19 14 4 19 0 27 19 9
split_gain=1213.1 281.69 141.769 106.468 64.1936 59.073 56.4803 56.2915 44.5572 43.979 32.9514 31.4252 29.9313 27.8762 27.3909 27.3317 26.9167 24.8055 23.5202 23.0058 21.9832 19.2428 19.3713 18.5446 18.3492 18.7903 18.0664 17.8836 17.8712 17.8511
threshold=1.5000000000000002 4.5000000000000009 0.15902777777777785 12.855833333333337 -0.19074074074074066 0 10.500000000000002 5.5000000000000009 50.500000000000007 0.22500000000000003 -0.33333333333333254 1 35.815000000000005 1.5000000000000002 2 3.5000000000000004 0.4033333333333336 4.5000000000000009 -0.10499999999999997 35.595000000000006 3 5.5000000000000009 4 -0.02 -0.10166666666666611 5 2.5000000000000004 -0.59666666666666635 6 35.500000000000007
decision_type=2 2 10 2 10 1 2 2 2 10 2 1 2 10 1 2 2 2 2 2 1 2 1 8 2 1 2 2 1 2
left_child=5 3 7 4 -2 20 9 10 12 11 -3 29 15 24 -15 -7 18 -11 -9 27 -1 -4 -23 -22 -5 -26 -21 -13 -12 -6
right_child=1 2 21 13 6 8 -8 16 -10 17 28 19 -14 14 -16 -17 -18 -19 -20 26 23 22 -24 -25 25 -27 -28 -29 -30 -31
leaf_value=0.012144198097728487 -0.015033310326296758 -0.021400362513774158 0.0010824121993013496 0.030792850478640336 0.0046051153336821643 0.014141038387761299 -0.011732526901209248 0.017589291494651924 0.0064052322508283731 0.0054924429850022076 -0.018210171239866908 -0.018113400902165615 0.018006071419642399 0.0054849399090510413 -0.0039018459655211974 0.0025350616499757186 -0.017207273170814656 -0.007078173928051437 -0.029586325350119451 0.0038659477064468127 -0.001161488562357722 -0.0012227141369814266 -0.015188069793548659 0.007457153315385625 -0.0031519334991831904 0.0080772173665347533 -0.0062943302639358349 -0.0079223037995379345 -0.0074840657547215854 -0.003373441738073571
leaf_weight=834.97356513142586 971.18230618909001 694.17383662238717 717.1551696062088 49.203424319624901 707.52274859324098 1629.8851177096367 1312.4844029508531 17.226074382662773 992.50012762844563 1309.135989382863 361.09284358844161 332.87536144256592 3274.9298119395971 799.36079912260175 1280.4923553243279 405.40868689864874 497.61478224769235 310.78905373439193 919.59971388243139 435.94216461852193 645.28558129072189 322.80453477054834 321.23318859562278 1048.4872804582119 292.62787257134914 1250.2265119329095 782.85772232711315 1598.6373170651495 953.05174433067441 1226.4268679842353
leaf_count=3690 14318 15450 6401 228 6929 7299 13749 297 4387 9633 4681 5383 13919 5594 9337 1828 6384 3087 24955 4053 3023 3450 3556 4449 1693 6930 7893 15001 12083 11872
internal_value=3.93767e-06 -0.00610575 -0.0143526 -0.00297633 -0.00532096 0.0120855 -0.00414435 -0.0186734 0.0141622 -0.00265881 -0.0143507 -0.00448751 0.0156386 0.00276269 -0.000286562 0.0118293 -0.0247254 0.00308072 -0.0287189 -0.00694129 0.0068265 -0.00342454 -0.00844317 0.00414917 0.00674622 0.00597935 -0.00266019 -0.00967863 -0.0106268 -0.000452201
internal_weight=26295.2 17463.7 4803.95 12659.8 8987.85 8831.47 8016.67 3442.76 6302.72 6704.19 2008.32 5084.26 5310.22 3671.91 2079.85 2035.29 1434.44 1619.93 936.826 3150.31 2528.75 1361.19 644.038 1693.77 1592.06 1542.85 1218.8 1931.51 1314.14 1933.95
internal_count=231552 192957 77257 115700 91918 38595 77600 63850 27433 63851 32214 51131 23046 23782 14931 9127 31636 12720 25252 32330 11162 13407 7006 7472 8851 8623 11946 20384 16764 18801
cat_boundaries=0 1 2 3 4 5 6 7
cat_threshold=8751 2106911 2108687 387 831979 9306368 10884224
is_linear=0
shrinkage=0.04


Tree=56
num_leaves=31
num_cat=7
split_feature=0 0 27 14 14 10 0 0 19 19 23 9 4 19 20 19 14 11 7 19 24 20 19 12 7 9 6 7 31 9
split_gain=1097.69 258.023 168.903 67.0262 62.8606 58.5687 57.1156 52.093 40.4984 38.8256 37.673 36.9442 28.3208 27.9448 26.4817 25.5807 25.1521 24.0384 23.6217 22.3413 22.1089 21.9484 21.2405 20.1692 19.7913 19.1359 18.8235 18.7866 18.4129 18.0356
threshold=1.5000000000000002 3.5000000000000004 -0.25083333333333341 -0.09259259259259256 0.19629629629629636 0 5.5000000000000009 5.5000000000000009 1 2 2.5000000000000004 35.500000000000007 -0.078333333333332686 3 3.4000000000000008 4 -0.083333333333333329 7.5000000000000009 -3.8583333333333321 5 2.5000000000000004 18.220000000000002 6 3.5857142857142863 -1.92333333333333 58.500000000000007 37.645000000000003 -1.0000000180025095e-35 3.5000000000000004 40.500000000000007
decision_type=2 2 2 10 10 1 2 2 1 1 2 2 2 1 2 1 8 2 2 1 2 2 1 10 2 2 2 2 2 2
left_child=5 3 7 15 6 20 8 14 18 -7 22 19 -10 -6 -3 -2 -11 -14 -4 -12 -1 -17 -5 -21 -13 28 -24 -16 -18 -22
right_child=1 2 4 10 13 9 -8 -9 12 16 11 24 17 -15 27 21 25 -19 -20 23 29 -23 26 -25 -26 -27 -28 -29 -30 -31
leaf_value=0.018981504207431669 0.0013836174001738014 -0.035010865150315186 -0.010718649476646323 0.0079853659775692802 0.0036695466973621061 0.0031880823828392235 -0.018732913924672651 -0.030313500332528477 0.01273686055433719 0.0060246790087184563 -0.0036275720508765208 -0.010393146236782676 -0.0084573532634544986 -0.0063728631661802825 -0.019608342131354994 -0.021186915175255359 0.015232770755946302 -0.017204838087393808 0.00087043280327739868 0.011233387952181732 0.015995206610830252 -0.0081340753862874787 -0.0011114583221045994 -0.0027351202811414367 -0.0025292454659482794 -0.0091960062287803641 0.0069842091187775866 -0.011101638571602518 0.0086314168427391504 0.0061833037141106988
leaf_weight=1689.9990280717611 384.49556116759777 116.88459481671453 389.15277569741011 1174.5228784866631 930.33623166382313 1445.9575425758958 945.56013964489102 591.18019930645823 76.589478716254234 1251.0832621231675 489.54892533645034 806.55107873305678 1230.5410023778677 829.66462228447199 822.66679396294057 247.2976305782795 2145.3397041112185 849.73816874623299 1016.3546246476471 576.25875005125999 725.75830937922001 1237.7606692276895 1530.1051357425749 231.96436625346541 1402.4141495935619 62.524912551045418 656.77781503275037 839.01118130423129 987.10767358541489 510.63242769241333
leaf_count=7331 4506 3460 3950 7518 7209 6530 15649 17868 542 5942 4476 7863 12340 6730 14851 4469 9042 9204 9608 4766 3092 14108 10277 2400 12765 276 4176 14334 4170 2159
internal_value=-0.000193963 -0.00602744 -0.01093 -0.00118101 -0.00749071 0.0113001 -0.00999367 -0.0200269 -0.00767402 0.00894673 0.000646806 -0.00225364 -0.0110995 -0.00107981 -0.0166077 -0.00789583 0.0108082 -0.0120305 -0.0023218 0.00310281 0.0159532 -0.0102387 0.00367265 0.00713606 -0.00540056 0.0127152 0.00131387 -0.0153132 0.0131525 0.0119429
internal_weight=26193.8 17375.4 8637.68 8737.7 6267.94 8818.4 4507.94 2369.74 3562.38 5892.01 6868.14 3506.74 2156.87 1760 1778.56 1869.55 4446.06 2080.28 1405.51 1297.77 2926.39 1485.06 3361.41 808.223 2208.97 3194.97 2186.88 1661.68 3132.45 1236.39
internal_count=231611 193069 115745 77324 65232 38542 51293 50513 35644 25960 54241 32270 22086 13939 32645 23083 19430 21544 13558 11642 12582 18577 21971 7166 20628 13488 14453 29185 13212 5251
cat_boundaries=0 1 2 3 4 5 6 7
cat_threshold=1 1057087 9259 4728303 2105358 3561601 2100782
is_linear=0
shrinkage=0.04


Tree=57
num_leaves=31
num_cat=8
split_feature=28 4 7 26 4 23 4 20 4 19 21 7 23 19 4 19 22 19 14 20 19 8 9 22 19 4 12 4 19 19
split_gain=239.635 110.806 84.9767 78.6325 44.9452 44.0056 39.8407 36.3536 30.1433 24.0674 22.246 22.1355 21.7092 21.2345 20.491 23.2818 20.1276 18.6746 18.5632 17.7387 17.622 17.0245 17.0825 16.6506 17.8872 16.3649 16.2167 16.0797 15.7437 15.6428
threshold=3.5000000000000004 0.023333333333332987 0.25916666666666549 2.8850000000000002 0.0033333333333342989 1.5000000000000002 -0.041666666666666512 15.570000000000002 -0.020000000000000014 0 30.320000000000004 -2.7883333333333318 3.5000000000000004 1 0.030000000000000696 2 14.315833333333336 3 -0.11287037037037036 59.225000000000001 4 1.5000000000000002 49.500000000000007 -6.2683333333333318 5 -0.081833333333333411 1.9500000000000002 -0.081833333333333411 6 7
decision_type=2 2 2 2 2 2 2 2 2 1 2 2 2 1 2 1 2 1 10 2 1 2 2 2 1 2 10 2 1 1
left_child=2 3 4 -2 18 14 10 -3 13 -6 20 28 -9 -7 15 19 -11 -16 -1 26 -5 22 -10 24 -13 -12 -4 -20 -8 -23
right_child=1 7 5 6 9 8 11 12 21 16 25 23 -14 -15 17 -17 -18 -19 27 -21 -22 29 -24 -25 -26 -27 -28 -29 -30 -31
leaf_value=-0.0045829806670882453 -0.022503664329562949 -0.025156831047540226 0.033262906376306453 0.0064101625187801261 5.8986602304744037e-05 0.0024731588414478286 -0.012487123147260644 -0.0053440809384908772 0.0073735640272781927 -0.0097321623902161345 0.020220418958887789 0.0005854764821346314 -0.014088695514291379 0.010228762330530465 0.010888405228644768 0.007810968944241904 -0.0010678580472469222 -0.0072583456043334871 0.010443456760751922 0.038988248348728119 -0.0045649210183118707 0.0034853087212401122 -0.005595756271523201 0.00072925938517301491 -0.0087184068702398747 0.0056096625133893411 0.013489497772768089 0.0023442578278029228 -0.004108874216590612 -0.0040312123297079321
leaf_weight=570.78860993310809 308.67899512499571 334.80371950939298 72.482056677341461 368.26860209554434 1634.7410021275282 994.54842191189528 628.9320621304214 715.67195653542876 879.96253580972552 1196.7854951806366 159.9631468243897 547.56063717603683 1243.4564652573317 1368.4708559550345 155.13665407523513 1318.7689258940518 668.67072972282767 191.65110331401229 428.07064986974001 53.073707271367311 604.24081294983625 686.79259004816413 199.29602101445198 1799.6170771550387 839.0745701007545 525.90987452119589 785.93516598269343 4681.270128685981 900.0011130888015 1210.8138013444841
leaf_count=4016 8058 7683 386 3248 13481 5918 7484 10032 6787 10995 1220 6741 19932 8139 1110 7666 4747 1404 2285 275 5537 5430 1611 18539 10504 4261 4546 29134 10302 9721
internal_value=-9.83107e-05 -0.00539072 0.00268024 -0.00278681 6.14782e-05 0.00571691 -0.0018319 -0.0129759 0.00364519 -0.0035039 0.0035007 -0.00370744 -0.0108943 0.00701833 0.0100097 0.0114162 -0.00659112 0.00096434 0.00225853 0.016367 -0.000389917 0.000967604 0.00497865 -0.00180894 -0.0051031 0.00901726 0.0151591 0.00302282 -0.00766384 -0.00131367
internal_weight=26073.4 8976.18 17097.3 6682.25 9180.33 7916.93 6373.57 2293.93 5339.88 3500.2 1658.38 4715.19 1959.13 2363.02 2577.05 2230.26 1865.46 346.788 5680.13 911.491 972.509 2976.86 1079.26 3186.25 1386.64 685.873 858.417 5109.34 1528.93 1897.61
internal_count=231192 113541 117651 75894 64658 52993 67836 37647 37606 29223 14266 53570 29964 14057 15387 12873 15742 2514 35435 5207 8785 23549 8398 35784 17245 5481 4932 31419 17786 15151
cat_boundaries=0 1 2 3 4 5 6 7 8
cat_threshold=369839 2165598 14197061 2361663 15882264 893494 13403492 1606364
is_linear=0
shrinkage=0.04


Tree=58
num_leaves=31
num_cat=6
split_feature=0 0 27 14 19 9 27 0 19 11 0 14 8 19 27 7 19 4 27 9 9 13 7 11 15 19 19 6 4 3
split_gain=1009.6 267.818 121.453 94.1752 51.7229 44.6882 41.8025 40.5809 34.2362 34.1567 32.9684 32.5018 32.4605 31.4588 28.5688 24.9892 24.9513 24.3166 22.3009 22.2375 21.0378 20.5131 18.7117 18.2761 20.5657 16.9716 16.9378 16.6653 16.6166 19.3282
threshold=1.5000000000000002 4.5000000000000009 0.19833333333333372 0.037037037037037056 0 53.500000000000007 -0.98999999999999988 5.5000000000000009 1 10.500000000000002 3.5000000000000004 0.1834656084656085 3.5000000000000004 2 1.583666666666667 7.7033333333333358 3 -0.11500000000000064 2.0400000000000009 46.500000000000007 44.500000000000007 1.0000000180025095e-35 10.507500000000002 5.5000000000000009 4.5000000000000009 4 5 42.605000000000011 -0.10499999999999997 6.7550000000000008
decision_type=2 2 2 10 1 2 2 2 1 2 2 10 2 1 2 2 1 2 2 2 2 8 2 2 10 1 1 2 2 2
left_child=4 3 7 6 18 11 23 15 -8 12 20 22 -5 -4 -15 -3 -14 -9 -1 -16 -10 -7 -6 24 -2 -11 -12 -21 29 -18
right_child=1 2 13 9 5 21 8 17 10 25 26 -13 16 14 19 -17 28 -19 -20 27 -22 -23 -24 -25 -26 -27 -28 -29 -30 -31
leaf_value=0.0047063480003336758 0.0052502461320190486 -0.018886854417169051 -0.0025550307622876699 0.0045771141777157624 0.011451493224020717 -0.024885838147865626 0.0018089340475263042 0.027282041401190293 -0.0020779232152265703 -0.013228151454624026 -0.0069850053302387902 0.019699417480953316 0.0035144263536646086 -0.014740877201620674 -0.0070897141108812499 -0.0023040536633140828 0.056976887282063154 -0.028834749169784301 0.028871566168195889 0.0086594311512487449 -0.0090451567566607414 0.0041347429879218505 0.020237229047702185 -0.02022432135063745 -0.016096309575853306 -0.0015327852876411119 -0.016226711958130247 0.059039175857205424 -0.005440408723583293 -0.010307840410270866
leaf_weight=2105.8471561074257 121.2789918333292 1040.8538952227682 992.18718364834785 3054.1535995677114 4492.6014449968934 41.97590833902359 971.02767268940806 12.541297845542429 2214.1142407171428 363.47395819053054 705.32623313739896 1142.5314853787422 923.38021376729012 1234.7312155514956 318.36680697649717 169.00617005676031 14.813655413687231 830.94183874875307 62.928738683462143 65.543155878782272 1009.6250812262297 544.33704507350922 424.51227931678295 447.24802973866463 178.48404888436198 446.62176896631718 670.21156768500805 12.510902650654314 1457.1569235958159 12.676121972501276
leaf_count=9304 2031 21028 10649 20623 19596 209 9287 207 21462 3268 7710 4997 6467 15074 2190 3265 79 24331 284 448 10746 2402 1824 8270 3619 3923 7537 83 10732 67
internal_value=-0.000182825 -0.00580595 -0.0139796 -0.00276966 0.0108317 0.0125829 -0.00621688 -0.0212657 -0.00502531 0.000702309 -0.00645809 0.0136221 0.00183907 -0.00827669 -0.0116698 -0.0165704 -0.00163364 -0.0280004 0.0053827 -0.00239879 -0.00425995 0.00205707 0.01221 -0.0151022 -0.00745986 -0.00696248 -0.0116566 0.0167346 -0.00482666 0.0259505
internal_weight=26081 17266.3 4676.68 12589.6 8814.73 6645.96 6317.32 2053.34 5570.3 6272.28 4599.28 6059.65 5462.18 2623.34 1631.15 1209.86 2408.03 843.483 2168.78 396.421 3223.74 586.313 4917.11 747.011 299.763 810.096 1375.54 78.0541 1484.65 27.4898
internal_count=231712 193096 77275 115821 38616 29028 70662 48831 56742 45159 47455 26417 37968 28444 17795 24293 17345 24538 9588 2721 32208 2611 21420 13920 5650 7191 15247 531 10878 146
cat_boundaries=0 1 2 3 4 5 6
cat_threshold=8239 15 1646863 6302251 9804945 1174352
is_linear=0
shrinkage=0.04


Tree=59
num_leaves=31
num_cat=8
split_feature=0 0 14 27 28 27 7 19 19 4 31 19 11 26 26 18 4 9 12 0 0 12 19 4 19 19 11 19 19 1
split_gain=988.733 261.171 121.257 87.6688 57.7799 50.9143 48.7789 45.6897 36.0389 33.7308 29.0063 27.4934 27.1289 25.556 25.9371 24.6913 24.4579 24.4137 24.2278 23.608 22.9066 22.6582 22.3208 21.5534 20.9093 20.6131 20.4187 18.7144 17.6481 18.6104
threshold=1.5000000000000002 4.5000000000000009 -0.05000000000000001 0.74000000000000055 1.5000000000000002 0.84666666666666746 3.811833333333333 0 1 0.039999999999999598 2.5000000000000004 2 8.5000000000000018 5.0650000000000004 6.785000000000001 0.29166666666666669 -0.07499999999999972 45.500000000000007 3.7071428571428577 5.5000000000000009 5.5000000000000009 3.3875000000000006 3 -0.010000000000000229 4 5 11.500000000000002 6 7 37.150000000000006
decision_type=2 2 8 2 2 2 2 1 1 2 2 1 2 2 2 10 2 2 8 2 2 8 1 2 1 1 2 1 1 2
left_child=4 3 20 6 22 16 7 21 -6 12 18 -7 13 -9 -15 28 27 -8 -10 25 -3 -2 -1 -13 -19 -18 -12 -4 -5 -30
right_child=1 2 5 15 8 11 17 9 10 -11 26 23 -14 14 -16 -17 19 24 -20 -21 -22 -23 -24 -25 -26 -27 -28 -29 29 -31
leaf_value=0.020374662009186618 0.0033625330323016124 -0.019123786704283968 -0.016338704699852432 0.0024967572757373965 0.0021710894715674342 -0.011081895985225708 0.0024782799018385157 -0.0094602054914840403 0.016140743625230661 -0.018650546696939472 0.0068312231967384562 0.0064782115139687844 -0.012936982164175171 0.0018510189765706009 -0.017218906233054804 0.0053785373885538871 -0.018534551905819423 0.0017674253243963125 0.0076217064717243981 -0.021493840037338945 -0.029313775742678714 -0.0058957191270748227 0.011812107905303543 -0.0056712661444020393 -0.012543246831774463 -0.0063015112472768631 0.020944651168611515 0.01686244503820989 -0.0064106781921085664 0.0038877414006400781
leaf_weight=1141.1803062111139 762.57074696198106 837.74624064937234 34.243421582505107 1452.6142635047436 1089.647804826498 542.7978150062263 1558.4611179567873 1156.8650207519531 1690.7273612618446 570.14856388792396 2900.5149248465896 451.38446236401796 1201.0521567761898 854.39428374916315 131.70644040778279 1763.3568679690361 389.35925662703812 280.91164257377386 780.81180338561535 618.76897233352065 609.96089403890073 949.66634117439389 1078.4169813543558 484.27666457742453 385.2648685388267 577.02415641210973 173.84509021043777 63.220538649708033 1080.7836249098182 379.28819727152586
leaf_count=5135 7184 16955 431 8506 4860 4704 16178 15282 7080 8721 12671 3300 13540 7803 1125 9519 6067 3076 3610 13846 17592 11551 4711 4474 4268 8770 720 814 6486 2303
internal_value=-8.00269e-05 -0.00568835 -0.0138298 -0.00269306 0.0107728 -0.00943899 -0.00527552 -0.00725808 0.00890406 -0.00963315 0.0102046 -0.00402334 -0.00812451 -0.0054273 -0.000696015 0.00164286 -0.0141975 -0.000261363 0.0134494 -0.0153934 -0.0234171 -0.00176212 0.0163595 0.000187913 -0.00667051 -0.0114872 0.00762929 0.00525114 -0.000618738 -0.00371001
internal_weight=25991 17135.9 4608.78 12527.1 8855.14 3161.08 7851.04 5626.4 6635.55 3914.17 5545.9 1478.46 3344.02 2142.97 986.101 4676.04 1682.62 2224.64 2471.54 1585.15 1447.71 1712.24 2219.6 935.661 666.177 966.383 3074.36 97.464 2912.69 1460.07
internal_count=231282 192495 76953 115542 38787 42406 88728 65206 28941 46471 24081 12478 37750 24210 8928 26814 29928 23522 10690 28683 34547 18735 9846 7774 7344 14837 13391 1245 17295 8789
cat_boundaries=0 1 2 3 4 5 6 7 8
cat_threshold=2105871 8203 10668060 11981280 2653228 16127296 8655941 13738527
is_linear=0
shrinkage=0.04


Tree=60
num_leaves=31
num_cat=6
split_feature=0 0 14 0 23 19 19 5 26 16 7 27 19 8 0 22 27 7 7 17 14 7 31 19 14 3 19 14 14 19
split_gain=858.893 237.908 134.507 64.3499 62.2823 58.1857 53.0639 40.9659 39.2345 38.3695 30.6836 29.9708 29.7889 28.4968 27.7731 24.9077 24.182 23.8591 21.1032 21.1001 20.7033 18.9783 19.7125 18.1922 16.9861 16.5407 15.987 14.6607 14.1742 15.1962
threshold=1.5000000000000002 3.5000000000000004 -0.05000000000000001 5.5000000000000009 3.5000000000000004 0 1 2.5000000000000004 4.8650000000000011 0.36666666666666675 0.059166666666666153 -2.1608333333333323 2 3.5000000000000004 5.5000000000000009 14.093666666666673 0.90333333333333365 0.25916666666666549 4.166666666666667 0.18333333333333338 0.47519841269841273 -0.51000000000000323 2.5000000000000004 3 0.31679894179894191 7.3250000000000011 4 0.022288359788359833 0.11250000000000003 5
decision_type=2 2 8 2 2 1 1 2 2 10 2 2 1 2 2 2 2 2 2 8 10 2 2 1 10 2 1 8 10 1
left_child=6 4 3 11 12 14 18 10 -8 26 20 -3 25 -14 28 -9 -16 -13 -1 -10 -7 -21 -23 -11 -15 -2 -6 -12 29 -4
right_child=1 2 5 -5 9 7 8 15 19 23 27 17 13 24 16 -17 -18 -19 -20 21 -22 22 -24 -25 -26 -27 -28 -29 -30 -31
leaf_value=0.0013318339816237273 0.0066237459695838051 -0.033918332773043736 0.0064516114679567327 -0.029364618482794015 -0.013873593774222736 -0.012417463240711541 0.0061732285347088833 -0.017318755281333333 0.01003023679103833 0.0033163692392880945 -0.011139814358036704 -0.017130163646417517 0.0032033583237557968 -0.0046816699232507123 -0.018133255632580229 -0.0074753238535403381 -0.0016187523750665741 -0.0079699171446077632 0.011376305273008362 0.011944265341740548 0.031316652064127488 0.022332567820198802 0.013981652326971706 -0.0051041377894378102 0.0096832629369427506 0.06999878583065608 -0.0056633137405139814 0.0032211110024881265 0.0033722897592167824 -0.0058084895878578882
leaf_weight=1346.7205875664949 1411.438968706876 117.31733019649982 194.76589751802385 591.80452295765281 722.85868657752872 667.23903471790254 1631.7263350710273 1287.9588377997279 2027.2839967906475 842.93351240083575 140.57640632614493 1025.7502669803798 2205.741072319448 1680.0358483828604 289.39350960217416 604.27078592777252 278.2921676337719 817.54887523315847 445.33541772514582 1547.6654412299395 17.780337914824486 866.78882767260075 945.71380351483822 782.00175659358501 142.90983326733112 6.6201816610991946 898.3344464302063 595.77523230575025 993.39234547317028 795.38255992345512
leaf_count=5962 10220 3690 2137 17493 9372 6501 7779 18752 8502 7904 1658 16503 16200 13607 6305 5645 2471 12478 1954 6619 104 3767 4049 7835 753 51 11310 5126 7864 9003
internal_value=-0.000121279 -0.00534635 -0.0101397 -0.0178044 -0.000705032 -0.00680388 0.010025 -0.0102896 0.0115907 -0.00509081 -0.00518903 -0.014315 0.00190878 0.000144661 -0.00222749 -0.0141753 -0.0100375 -0.0130674 0.0038067 0.013253 -0.0112823 0.0151975 0.0179753 -0.00074701 -0.00355553 0.00687116 -0.00944463 0.000479476 -3.51864e-06 -0.00339039
internal_weight=25921.4 17110.1 8417.25 2552.42 8692.87 5864.83 8811.23 3313.6 7019.18 3246.13 1421.37 1960.62 5446.75 4028.69 2551.23 1892.23 567.686 1843.3 1792.06 5387.45 685.019 3360.17 1812.5 1624.94 1822.95 1418.06 1621.19 736.352 1983.54 990.148
internal_count=231614 192982 115730 50164 77252 65566 38632 37786 30716 36421 13389 32671 40831 30560 27780 24397 8776 28981 7916 22937 6605 14435 7816 15739 14360 10271 20682 6784 19004 11140
cat_boundaries=0 1 2 3 4 5 6
cat_threshold=1122555 8207 4204558 6907438 4643296 8193
is_linear=0
shrinkage=0.04


Tree=61
num_leaves=31
num_cat=6
split_feature=0 0 28 27 11 19 0 19 9 20 20 19 19 26 27 0 28 11 19 23 27 20 27 9 31 8 5 19 27 20
split_gain=829.421 221.498 133.047 70.4027 58.8334 51.9676 43.3095 35.6707 33.1147 31.3235 27.7058 27.4961 27.2802 24.9867 24.9202 23.0401 22.9336 23.1077 28.8342 22.2026 22.009 21.8579 21.4949 21.2639 26.3452 28.523 20.4241 20.4199 18.8333 18.8159
threshold=1.5000000000000002 5.5000000000000009 3.5000000000000004 0.4033333333333336 9.5000000000000018 0 3.5000000000000004 1 50.500000000000007 3.4000000000000008 29.615000000000006 2 3 6.9450000000000012 2.1900000000000004 3.5000000000000004 1.5000000000000002 4.5000000000000009 4 1.5000000000000002 -0.50999999999999945 52.840000000000011 -0.60999999999999999 34.500000000000007 5.5000000000000009 3.5000000000000004 2.5000000000000004 5 -0.70333333333333259 13.660000000000002
decision_type=2 2 2 2 2 1 2 1 2 2 2 1 1 2 2 2 2 2 1 2 2 2 2 2 2 2 2 1 2 2
left_child=5 2 4 -3 7 13 11 10 19 -8 22 -4 20 28 27 -6 -9 18 -18 -7 -11 -20 -2 -12 25 -25 -14 -5 -1 -13
right_child=1 3 6 14 15 8 9 16 -10 12 23 29 26 -15 -16 -17 17 -19 21 -21 -22 -23 -24 24 -26 -27 -28 -29 -30 -31
leaf_value=-0.005015620096072009 0.07702731030557225 -0.026273121399726391 -0.0010450016631336615 -0.0041712458291121076 -0.0036058979915023714 0.017968823566946294 -0.034448637414998713 0.0015115233164070933 0.0050533472554367747 -0.013255172779360405 0.0093026372002231912 -0.024552286588936656 -0.0092812201156994689 0.016207722903351998 0.0098772057734946468 -0.012169324927894165 -0.011764578935875696 -0.008584227560656103 0.0046247722457351554 0.011706131498069308 -0.0017016471783721158 -0.034272393956522568 -0.0064785416700568112 0.005054918421740333 0.013859686503099216 -0.0039715445863557032 -0.02037962610420712 -0.017072984618611915 0.0053026048564368301 -0.0078949480251420366
leaf_weight=323.74484393000603 4.9813435226678839 908.19156560860574 1209.4103354811668 321.83205849677324 1265.2630378305912 1190.9595672935247 104.37486858293414 1530.9666745252907 949.33812692761421 504.61916040629148 1007.0232351943851 116.8943200185895 412.25909393839538 299.74389204382896 84.397781670093536 834.09208043664694 259.01790744811296 1213.0172387585044 757.65317192301154 3781.9379016980529 552.8183177486062 23.842323448508978 497.70313097909093 1243.8178629465401 286.75429846346378 1018.9946530871093 744.25854694657028 605.74345226213336 2250.6446620076895 1511.1113692075014
leaf_count=1789 74 27106 15400 3794 9704 5259 3447 8900 4196 9896 6744 2175 5885 1306 508 8309 2324 10545 6760 16476 7760 204 4780 8319 1960 7355 14171 7258 9588 19762
internal_value=-0.000237345 -0.00539191 -0.00376459 -0.0181881 -0.00106078 0.00973561 -0.00897901 0.000531027 0.0118791 -0.0130348 0.00313128 -0.00566517 -0.0120253 0.00525935 -0.0109322 -0.00700822 -0.00226032 -0.0048328 -0.000459429 0.013206 -0.00714751 0.00339464 -0.00565104 0.00438136 0.00243757 0.000990102 -0.0162826 -0.0128256 0.00400503 -0.00903548
internal_weight=25815.4 17019 15098.9 1920.16 9943.13 8796.37 5155.75 7843.77 5922.24 2318.33 4059.27 2837.42 2213.96 2874.13 1011.97 2099.36 3784.5 2253.53 1040.51 4972.9 1057.44 781.495 502.684 3556.59 2549.57 2262.81 1156.52 927.576 2574.39 1628.01
internal_count=231754 193140 154474 38666 75978 38614 78496 57965 25931 41159 29232 37337 37712 12683 11560 18013 28733 19833 9288 21735 17656 6964 4854 24378 17634 15674 20056 11052 11377 21937
cat_boundaries=0 1 2 3 4 5 6
cat_threshold=1058319 4236991 2631230 1666091 1245184 1908874
is_linear=0
shrinkage=0.04


Tree=62
num_leaves=31
num_cat=8
split_feature=0 0 14 27 0 11 28 11 27 8 19 4 19 26 19 19 19 0 19 3 19 3 1 7 19 22 6 4 4 22
split_gain=761.932 195.651 112.176 73.8046 63.876 50.5261 47.5022 39.5154 32.8042 32.1411 31.1537 30.1301 29.1744 28.0189 26.9938 25.4237 25.0325 24.3946 26.4843 22.3575 20.7157 18.91 18.0956 17.837 17.206 16.8703 16.8465 16.7725 16.6516 16.0132
threshold=1.5000000000000002 5.5000000000000009 0.016666666666666673 0.4033333333333336 3.5000000000000004 10.500000000000002 1.5000000000000002 10.500000000000002 -2.4324999999999988 3.5000000000000004 0 -0.081833333333333411 1 4.745000000000001 2 3 4 2.5000000000000004 5 7.2950000000000008 6 6.6650000000000009 46.645000000000003 7.2400000000000047 7 -33.795833333333327 36.945000000000007 -0.00083333333333346349 -0.05000000000000026 9.418333333333333
decision_type=2 2 8 2 2 2 2 2 2 2 1 2 1 2 1 1 1 2 1 2 1 2 2 2 1 2 2 2 2 2
left_child=6 2 4 -3 14 9 16 12 -6 17 27 -10 -8 -12 19 23 -1 24 -19 22 -5 -20 -2 -13 -4 -25 -24 -11 -7 -17
right_child=1 3 5 20 8 28 7 -9 11 10 13 15 -14 -15 -16 29 -18 18 21 -21 -22 -23 26 25 -26 -27 -28 -29 -30 -31
leaf_value=0.0090160196185404915 -0.0010845372167746544 -0.025632810521074103 0.00037482659750186795 -0.0033386046704139668 -0.03620222709734832 0.0026616406352134333 0.010231477803731405 0.015760639131698242 0.01111104438859121 -0.0028231569322063445 -0.012961913037287529 -0.0096445463106131848 0.0042928874840671635 0.0030602172559963674 -0.0066816489670243479 -0.018080795321595931 0.018110516205195274 -0.003126418533565707 0.020895097453938728 0.078490655577559645 -0.015079206033629835 0.003399373886328274 0.0056573768633087452 0.10249418380207299 0.011017260677020404 0.0024262164552083291 0.046417522072172972 -0.011562332367456025 -0.010734402198849994 -0.0078290712691830924
leaf_weight=893.42953854799271 1379.6371198482811 886.45748484879732 354.68642788380384 467.09532319009304 86.595503469929099 177.57937885448337 2145.0469622164965 854.52569109201431 93.566343486309052 789.22941123321652 196.50361707061529 1082.0723354928195 3587.9003148898482 1569.1755781620741 2351.6869435459375 1098.5500066969544 1300.950881332159 1303.3155386336148 105.82291889563203 5.8207216151058665 533.51332418620586 1498.619707647711 48.09486772492528 2.7371433228254309 826.29803097620606 177.52634237706661 24.482941053807735 633.3678570035845 905.52760880067945 313.31169598922133
leaf_count=3929 14946 27101 2397 5289 2982 1301 9287 3578 940 5634 2495 16051 15848 11503 26519 18426 5927 10471 705 72 6200 11808 519 46 5466 2491 244 6204 9416 3593
internal_value=-0.000124613 -0.00508842 -0.00356362 -0.0172283 -0.00743487 -0.000477748 0.00943422 0.00773628 -0.0119592 0.000721945 -0.0022885 -0.0112007 0.00654021 0.00126991 -0.00404513 -0.0119813 0.0145314 0.0030694 0.00110036 0.000251447 -0.00978263 0.00452512 -6.04177e-05 -0.0076433 0.00791747 0.00394566 0.0194071 -0.00666714 -0.00853807 -0.0156946
internal_weight=25693.1 16911.3 15024.2 1887.07 6664.08 8360.13 8781.85 6587.47 2854.36 7277.02 3188.28 2767.76 5732.95 1765.68 3809.72 2674.2 2194.38 4088.74 2907.76 1458.04 1000.61 1604.44 1452.21 1262.34 1180.98 180.263 72.5778 1422.6 1083.11 1411.86
internal_count=231388 192819 154229 38590 86829 67400 38569 28713 44529 56683 25836 41547 25135 13998 42300 40607 9856 30847 22984 15781 11489 12513 15709 18588 7863 2537 763 11838 10717 22019
cat_boundaries=0 1 2 3 4 5 6 7 8
cat_threshold=9360720 10981520 6817070 1664047 4793886 10993830 893387 545059
is_linear=0
shrinkage=0.04


Tree=63
num_leaves=31
num_cat=9
split_feature=0 0 14 14 0 11 28 12 19 11 29 0 19 31 15 19 4 7 9 19 10 19 12 19 4 19 19 4 26 4
split_gain=687.914 194.561 123.752 68.4155 67.0982 62.0397 52.6647 36.0524 34.9039 34.421 31.6704 30.9163 27.5677 26.8076 26.5526 25.387 23.0728 22.6013 23.3165 23.022 22.1629 26.1652 21.5622 21.3927 20.6879 20.2741 20.099 22.815 20.026 19.7171
threshold=1.5000000000000002 5.5000000000000009 0.022288359788359833 0.18888888888888899 3.5000000000000004 9.5000000000000018 1.5000000000000002 3.3166666666666669 0 10.500000000000002 5.0050000000000008 2.5000000000000004 1 4.5000000000000009 4.5000000000000009 2 -0.13333333333333328 -2.8583333333333321 53.500000000000007 3 4 5 2.6125000000000003 6 -0.15183333333333324 7 8 -0.10999999999999986 7.1850000000000014 -0.091666666666666327
decision_type=2 2 10 10 2 2 2 10 1 2 2 2 1 2 10 1 2 2 2 1 1 1 8 1 2 1 1 2 2 2
left_child=6 2 4 14 10 7 12 11 -6 15 20 23 -1 22 16 -8 -3 19 -19 -17 21 -2 -12 -4 -5 -11 27 -13 -28 -10
right_child=1 3 5 24 8 -7 9 -9 29 25 13 26 -14 -15 -16 17 -18 18 -20 -21 -22 -23 -24 -25 -26 -27 28 -29 -30 -31
leaf_value=0.0089801927242524407 0.022011643687547426 0.051544206623284697 0.0011365356180917689 0.083347359052694414 -0.0056804372144361468 -0.0069129989166448538 -0.002914100989839504 -0.0036321860532303771 0.014916230461268972 0.0045592313227192848 -0.01981398530016348 0.050497876057693895 0.01834275877439686 0.0089944495736204375 -0.030839457214257987 0.0078844933084025407 -0.018856208806606822 0.0098542844439095233 -0.00045237630588467652 -0.0012686409835449375 -0.0095133725261288115 -0.0047402369164561559 -0.0015155767684427591 0.011987657642908338 -0.0054076734657146916 0.01853041132756398 0.0025476739174356612 -0.0031009003036811633 0.01545634267312743 -0.015591245406043426
leaf_weight=981.25088822841644 71.770920090377331 7.5066616162657729 438.84811731800437 4.2367131710052481 1033.5824821554124 1639.0396035164595 466.27717788517475 1494.6121299080551 34.511524057015777 259.94375513494015 109.87333641946316 12.836757205426691 1222.5977209359407 385.02873358502984 375.52141273207963 832.93313560634851 961.82532075792551 3100.299178391695 396.05785420536995 919.11704858392477 1565.1374089457095 198.45592838898301 1655.6233537197113 922.84050381556153 512.00133145414293 604.1149537563324 2073.8167906738818 1253.4080399870872 211.93865124881268 1901.0374247580767
leaf_count=4335 675 101 2844 33 15398 15255 2100 13888 364 1075 983 74 5604 3526 12628 3641 20327 13442 1766 4091 21587 1840 15460 5718 5573 2553 15344 9797 1195 30568
internal_value=-0.000131324 -0.00485908 -0.0033458 -0.0170577 -0.00725361 3.15703e-05 0.00894644 0.00180777 -0.0118057 0.00715366 -0.00386268 0.00346246 0.0142981 -0.000568759 -0.0218093 0.0060286 -0.018311 0.00681565 0.00868677 0.00312056 -0.00772222 0.00289687 -0.00265435 0.00858692 -0.00467927 0.0145945 0.00149796 -0.00253749 0.00372827 -0.0149699
internal_weight=25646 16863.5 15002.4 1861.09 6955.02 8047.34 8782.59 6408.3 2969.13 6578.74 3985.89 4913.69 2203.85 2150.53 1344.85 5714.68 969.332 5248.41 3496.36 1752.05 1835.36 270.227 1765.5 1361.69 516.238 864.059 3552 1266.24 2285.76 1935.55
internal_count=231785 193178 154516 38662 90401 64115 38607 48860 46330 28668 44071 34972 9939 19969 33056 25040 20428 22940 15208 7732 24102 2515 16443 8562 5606 3628 26410 9871 16539 30932
cat_boundaries=0 1 2 3 4 5 6 7 8 9
cat_threshold=1646607 4795423 8194 15192704 3 1054472 709008 2630158 11487488
is_linear=0
shrinkage=0.04


Tree=64
num_leaves=31
num_cat=8
split_feature=0 0 14 10 11 0 11 18 4 19 19 19 4 28 8 9 19 14 19 19 7 19 20 20 26 23 4 24 16 4
split_gain=644.859 192.143 123.485 56.1792 67.4479 52.414 51.9908 48.727 38.8397 35.2734 33.0671 30.6385 26.6366 25.0931 23.7883 21.2007 24.2586 20.1469 21.674 19.7935 19.6925 19.5989 19.4827 18.2861 23.3406 18.8004 17.9145 17.6776 17.6217 17.2427
threshold=1.5000000000000002 3.5000000000000004 -0.05000000000000001 0 9.5000000000000018 5.5000000000000009 9.5000000000000018 0.36666666666666675 -0.07499999999999972 1 2 3 -0.026666666666666835 3.5000000000000004 4.5000000000000009 34.500000000000007 4 0.37981481481481488 5 6 0.65999999999999848 7 13.660000000000002 36.285000000000004 5.495000000000001 2.5000000000000004 0.016666666666666167 4.5000000000000009 0.22500000000000003 -0.0033333333333325217
decision_type=2 2 10 1 2 2 2 10 2 1 1 1 2 2 2 2 1 10 1 1 2 1 2 2 2 2 2 2 8 2
left_child=7 3 5 4 15 12 8 9 17 -1 29 26 -3 -14 23 16 -2 18 -4 -6 -11 27 -13 -12 -25 -26 -5 -22 -17 -10
right_child=1 2 6 11 19 -7 -8 -9 10 20 14 22 13 -15 -16 28 -18 -19 -20 -21 21 -23 -24 24 25 -27 -28 -29 -30 -31
leaf_value=0.011602167380925819 0.016617578107462151 -0.0048616898497230096 -0.0096896059368881578 0.0025089800659813546 -0.00039580871834680884 -0.027226439185705113 -0.013349036136930011 0.014446046198600104 -0.0056427769491681438 0.0030951316161545112 -0.005327815358482535 -0.024041084641704881 -0.0089876948442448087 -0.019847075301224239 -0.0081706130320472713 -0.0019239759553028838 0.0038712558758022069 0.037251402805304888 0.013395768752158524 -0.0094649882716822571 0.0032611757872531887 0.010431930527472275 -0.0069220265672350761 0.030150771269410206 0.0049085300761909888 -0.0055160510174839016 -0.0065967373670980716 -0.027429212195951728 0.0053466445635062011 -0.014708504673868996
leaf_weight=2043.139273673296 471.2201559022069 454.13148300722241 90.148600794374943 1096.6596288010478 801.79100467264652 560.64916634373367 1153.4255835153162 1882.2339581102133 687.11827304027975 2771.8854053318501 695.64675361663103 113.34984013810754 531.93614130094647 945.8123197350651 811.31259725615382 744.27870841696858 516.22447696700692 37.493777759373188 186.45325518585742 742.90484853461385 484.40368119627237 1572.118984401226 1726.8192724809051 47.683564273640513 886.16340077854693 402.53889710456133 504.83536823093891 32.013480365276337 1882.1553769670427 656.29294281080365
leaf_count=8955 2966 6179 689 11254 6795 18104 15654 8231 6760 12303 10098 2114 6376 20797 9128 5618 3251 205 1462 6616 2123 6900 19715 576 6752 4001 7137 138 11564 8817
internal_value=-3.54302e-05 -0.00463974 -0.00904189 -0.00046968 0.00217034 -0.0164591 -0.00577221 0.00874107 -0.00383051 0.00718562 -0.00484827 -0.00442016 -0.0133343 -0.0159381 -0.00237201 0.00516484 0.0101614 0.00973569 0.0060059 -0.00482137 0.00529431 0.00823839 -0.00793341 -6.85258e-05 0.00266916 0.00165231 -0.00035915 0.00133282 0.0032863 -0.00999722
internal_weight=25532.8 16747 8146.81 8600.24 5158.57 2492.53 5654.28 8785.79 4500.85 6903.56 4186.76 3441.66 1931.88 1477.75 2843.35 3613.88 987.445 314.096 276.602 1544.7 4860.42 2088.54 1840.17 2032.03 1336.39 1288.7 1601.49 516.417 2626.43 1343.41
internal_count=231278 192628 115598 77030 36810 51456 64142 38650 48488 30419 46132 40220 33352 27173 30555 23399 6217 2356 2151 13411 21464 9161 21829 21427 11329 10753 18391 2261 17182 15577
cat_boundaries=0 1 2 3 4 5 6 7 8
cat_threshold=3 8802688 10930688 15213150 120622 8553556 6452790 1050658
is_linear=0
shrinkage=0.04


Tree=65
num_leaves=31
num_cat=7
split_feature=0 0 27 23 19 12 7 0 9 19 20 11 19 19 14 27 19 15 4 19 7 15 19 4 27 4 7 31 14 7
split_gain=587.316 171.641 91.612 62.7163 47.3711 45.1397 39.0409 38.1407 31.6468 31.8781 28.6246 27.2027 32.9147 29.0665 25.713 24.3276 23.7716 22.4705 22.0633 20.9469 20.5061 19.8608 19.7943 18.8466 18.5217 19.3746 18.4724 18.3051 18.2026 18.0358
threshold=1.5000000000000002 4.5000000000000009 0.86000000000000065 3.5000000000000004 0 4.2678571428571432 -5.7844999999999969 5.5000000000000009 36.500000000000007 1 38.185000000000009 7.5000000000000009 2 3 0.044444444444444488 -2.1608333333333323 4 4.5000000000000009 -0.020000000000000014 5 1.6074999999999984 3.5000000000000004 6 -0.056666666666666192 2.4208333333333338 -0.05666666666666708 5.6800000000000042 4.5000000000000009 0.27585978835978847 7.2400000000000047
decision_type=2 2 2 2 1 8 2 2 2 1 2 2 1 1 8 2 1 8 2 1 2 10 1 2 2 2 2 2 8 2
left_child=4 3 7 6 10 8 16 15 22 -10 29 13 -13 -8 -6 -3 -2 23 -15 -17 24 -20 -5 -9 -4 -26 -24 -16 -14 -1
right_child=1 2 20 5 14 -7 11 17 9 -11 -12 12 28 18 27 19 -18 -19 21 -21 -22 -23 26 -25 25 -27 -28 -29 -30 -31
leaf_value=0.0063630690879448769 0.0030427517702226571 -0.035683314908484989 -0.0086955404726253259 0.004323698404522229 0.0023676502390453575 -0.014930456203203437 0.0067230307074963745 -0.00034503217797044892 -0.0022549273216784026 -0.011916531242638945 0.014368172885445099 0.0033383277093328228 -0.007848249056105339 0.0054542545381961486 0.010498782584085518 -0.0056059358827492611 -0.0088868443058534672 -0.029882770478641296 -0.0006131827637130934 -0.01492930925321745 0.0021915187493769914 -0.012835513473890317 -0.0073084572026804601 -0.019912090323919482 0.069273304015151999 0.0047451203795579227 0.0074437437268703071 0.0013645577910420387 0.0068780528762460037 0.016418334342068568
leaf_weight=1844.5097528249025 354.72692416608334 66.413657326251268 857.99207972362638 841.94033436104655 2331.9234629049897 734.05281138792634 2052.1493993587792 89.372821731492877 1079.4110829867423 1132.2938002161682 2222.816603243351 1042.6389560457319 1177.1429153028876 698.69978481531143 1607.0999792963266 722.45219481363893 1062.1472615804523 347.77760666981339 892.49027442932129 937.1672845762223 610.59481519833207 279.28687952086329 675.23977601528168 663.19761136546731 8.9764125198125821 43.632396638393402 170.00114801153541 449.13611598312855 151.59185775741935 337.65617018938065
leaf_count=8124 2807 2591 7918 8854 10496 12586 14658 1667 11766 13376 9813 8290 10222 4294 6915 12438 8867 12751 6729 17131 5057 3177 7341 17345 45 263 1672 1911 910 1447
internal_value=-0.000152486 -0.0045599 -0.0113947 -0.00215264 0.00821378 -0.00583095 5.74121e-05 -0.0156545 -0.00411777 -0.00726531 0.011148 0.00140784 -0.0019743 0.00345246 0.00523097 -0.0119444 -0.00594141 -0.0214742 -0.000170788 -0.0109945 -0.00347997 -0.00352631 8.30796e-06 -0.0175884 -0.00728293 0.0157553 -0.00429062 0.00850363 -0.00612209 0.00791896
internal_weight=25484.5 16691.4 4347.58 12343.8 8793.14 4632.94 7710.87 2826.38 3898.89 2211.7 4404.98 6294 2371.37 3922.63 4388.16 1726.03 1416.87 1100.35 1870.48 1659.62 1521.2 1171.78 1687.18 752.57 910.601 52.6088 845.241 2056.24 1328.73 2182.17
internal_count=231461 192755 77206 115549 38706 55595 59954 63923 43009 25142 19384 48280 19422 28858 19322 32160 11674 31763 14200 29569 13283 9906 17867 19012 8226 308 9013 8826 11132 9571
cat_boundaries=0 1 2 3 4 5 6 7
cat_threshold=11000256 11035183 5448334 56447 6292487 615483 1584989
is_linear=0
shrinkage=0.04


Tree=66
num_leaves=31
num_cat=10
split_feature=0 0 27 19 10 18 11 11 4 19 18 8 10 12 19 17 11 4 20 19 30 12 19 19 19 26 12 27 4 0
split_gain=542.542 164.756 116.71 55.7671 52.3788 48.1364 52.0488 39.065 35.4058 34.5282 32.5901 24.9977 21.6194 21.1414 20.1182 21.1331 19.8226 18.9215 18.6799 18.3272 18.0873 23.9037 17.4194 16.9185 16.4766 19.3732 18.2313 16.3648 16.3582 15.7196
threshold=1.5000000000000002 3.5000000000000004 -0.52166666666666595 0 1 1.0000000180025095e-35 10.500000000000002 10.500000000000002 -0.026666666666666835 2 0.36666666666666675 4.5000000000000009 3 3.3166666666666669 4 1.0000000180025095e-35 7.5000000000000009 -0.13333333333333328 3.4000000000000008 5 6 3.7321428571428577 7 8 9 5.1050000000000013 3.1055555555555561 2.6326666666666676 -0.034500000000000412 5.5000000000000009
decision_type=2 2 2 1 1 10 2 2 2 1 10 2 1 10 1 8 2 2 2 1 1 8 1 1 1 2 8 2 2 2
left_child=4 5 8 16 19 12 13 10 14 20 11 29 24 -7 15 -3 27 -13 -10 -1 -6 -22 -14 -19 25 26 -2 -4 -21 -5
right_child=1 2 3 7 9 6 -8 -9 18 -11 -12 17 22 -15 -16 -17 -18 23 -20 28 21 -23 -24 -25 -26 -27 -28 -29 -30 -31
leaf_value=0.0084244976111137928 0.11816753553581653 -0.013452452191059387 -0.0097822366388043164 -0.00078958470806280616 0.012659306293964053 0.0056012579092196762 -0.006437352058255995 -0.012690536715005911 -0.035966296081472532 0.0033407040749034419 0.0026528647982587477 0.061549002598978469 0.0004998650310975405 -0.00033772917977337066 -0.015662082731653801 0.016172998442228533 -0.018593736629459272 -0.00053054957149766739 -0.020090118879930924 0.020807644313834649 0.010129036176659577 -0.0020793056602088247 -0.0089589528804479169 -0.013865410128873214 -0.0044008617404233952 0.0031734775336491067 0.024409722287376978 0.039376703676598269 0.012558235625347214 -0.0094552762474250929
leaf_weight=1128.4925771355629 3.8990512415766743 66.946781469509006 938.22890442609787 1704.9152658060193 1377.6943446993828 3098.7670387290418 974.07486964762211 707.92140699550509 135.00814497470856 3451.1980671659112 1332.1272401679307 5.8010804280638686 400.83443814516068 1388.8528352044523 192.02846333757043 90.749501835554838 581.3545617647469 207.11851954646409 974.32124703004956 587.86760130524635 700.44473600387573 404.96987362205982 1486.433979794383 683.75200366228819 682.28599572554231 563.29973682761192 22.280785169452429 10.961528092622755 1112.3076941072941 416.81247682310641
leaf_count=4889 40 1734 10874 17308 5988 20605 9584 10046 5947 15253 11987 46 4879 13550 4274 1684 7869 2577 25182 2788 2963 1866 18826 8793 5305 4291 242 58 4871 7557
internal_value=6.44592e-05 -0.0041716 -0.00828741 -0.00602071 0.00812222 -0.000329215 0.00194399 -0.00396857 -0.0185237 0.00595239 -0.00255845 -0.00485839 -0.00425939 0.00376323 -0.00742611 0.00338167 -0.0126941 -0.0104579 -0.0220223 0.0126087 0.00955434 0.00560578 -0.00695796 -0.0109268 -0.000198497 0.00465775 0.0383734 -0.00921453 0.0153205 -0.00249196
internal_weight=25431.8 16668.8 8048.05 6588.99 8762.97 8620.73 5461.69 5058.45 1459.05 5934.31 4350.53 3018.4 3159.03 4487.62 349.725 157.696 1530.54 896.672 1109.33 2828.67 2483.11 1105.41 1887.27 890.871 1271.77 589.48 26.1798 949.19 1700.18 2121.73
internal_count=231876 193258 115936 77115 38618 77322 43739 58314 38821 26070 48268 36281 33583 34155 7692 3418 18801 11416 31129 12548 10817 4829 23705 11370 9878 4573 282 10932 7659 24865
cat_boundaries=0 1 2 3 4 5 6 7 8 9 10
cat_threshold=10899456 1 10981524 3 12351512 2695711 181 8389142 65667 1411886
is_linear=0
shrinkage=0.04


Tree=67
num_leaves=31
num_cat=1
split_feature=27 4 20 23 5 27 14 4 27 8 7 5 27 9 14 1 7 20 11 23 1 1 22 15 9 7 14 13 30 20
split_gain=173.531 89.5258 56.9184 47.3509 44.9949 29.1548 27.8054 23.162 22.6609 21.3773 21.0986 20.3213 18.2312 15.6797 14.9818 14.7088 14.6641 14.2062 13.8191 13.3929 12.9484 12.7847 13.376 12.3724 12.1505 14.3015 12.113 13.3483 12.0985 11.8343
threshold=-0.56999999999999995 0.023333333333332987 3.4000000000000008 2.5000000000000004 2.5000000000000004 2.4208333333333338 0.03333333333333334 -0.073333333333332792 -1.2949999999999995 2.5000000000000004 -3.136666666666668 5.5000000000000009 2.2908333333333339 47.500000000000007 -0.083333333333333329 45.840000000000011 1.1933333333333345 27.950000000000006 8.5000000000000018 3.5000000000000004 39.140000000000008 57.465000000000011 11.648333333333337 2.5000000000000004 23.500000000000004 -5.8849999999999989 0.10000000000000007 0.15476190476190479 0 50.82500000000001
decision_type=2 2 2 2 2 2 10 2 2 2 2 2 2 2 10 2 2 2 2 2 2 2 2 8 2 2 8 10 1 2
left_child=2 3 6 5 16 9 -1 -5 -6 14 12 23 19 24 -2 -13 -4 -12 20 -3 -18 -19 -23 -10 26 -26 27 -9 -15 -11
right_child=1 10 4 7 8 -7 -8 13 11 29 17 15 -14 28 -16 -17 18 21 -20 -21 -22 22 -24 -25 25 -27 -28 -29 -30 -31
leaf_value=-0.030000774902777094 -0.00059005770842967501 -0.0053479545319184366 -0.0050894526849233892 0.0068458065708405574 -0.018616034857220593 0.018060569053675968 0.073324026925174438 0.022541974979790304 0.0025711635210434957 0.0037197507138506782 -0.0079106839810481715 -0.019517147659596133 0.022525233579474075 -0.0004381889416652402 0.0078296441654911748 0.018864077213796085 0.0035676542115203624 -0.00068129487299724897 -0.0063752707671262321 -0.013177228520913319 0.020701158902809436 0.0054405383140307389 0.070243810273525581 -0.0079534191794991878 -0.0040450538852412708 0.0012159127912703281 0.017613953901892181 -0.0024839583808557754 -0.0075934119356083343 -0.00095537431049400078
leaf_weight=213.52259636297822 382.76489478908479 1080.0738934203982 752.35177333466709 832.81538564153016 450.17313559725881 254.80347913503647 4.250109886750578 42.069573940709233 216.66812473349273 4031.6717242412269 482.37832031026483 299.51700425334275 32.184480205178261 816.32176715880632 2900.0664113294333 16.875812061131001 364.69954736344516 2487.6629492957145 174.24713515117764 516.87933811917901 87.507753819227219 13.313405077904465 8.256950229406355 1020.3033881336451 1004.4105459768325 4673.8018470611423 130.42923423834145 180.02910919673741 706.30871446989477 1103.4130520131439
leaf_count=8198 2800 10451 9437 5172 9826 1227 54 422 3121 27013 6299 6072 173 6833 17835 319 4080 23716 2555 6688 929 137 61 16260 8501 37916 975 1586 5965 6560
internal_value=-3.02224e-05 0.00132028 -0.00816283 0.00265807 -0.00688662 0.00473037 -0.0279843 0.000514959 -0.0107139 0.00432688 -0.00361859 -0.00842377 -0.00728131 -0.000183064 0.00684794 -0.01747 -0.00132528 -0.00162399 0.00319538 -0.00788202 0.0068832 -0.000415426 0.0302467 -0.00610993 0.000732673 0.000285308 0.00793844 0.00225641 -0.00381006 0.00271517
internal_weight=25279.8 21679.7 3600.12 17058.9 3382.34 8672.72 217.773 8386.19 2003.54 8417.92 4620.75 1553.36 1629.14 7553.37 3282.83 316.393 1378.81 2991.61 626.454 1596.95 452.207 2509.23 21.5704 1236.97 6030.74 5678.21 352.528 222.099 1522.63 5135.08
internal_count=231181 170330 60851 122805 52599 55435 8252 67370 35598 54208 47525 25772 17312 62198 20635 6391 17001 30213 7564 17139 5009 23914 198 19381 49400 46417 2983 2008 12798 33573
cat_boundaries=0 1
cat_threshold=307
is_linear=0
shrinkage=0.04


Tree=68
num_leaves=31
num_cat=1
split_feature=27 4 15 27 22 8 29 7 5 27 4 28 27 4 12 6 24 30 9 14 9 29 7 27 9 3 9 22 27 14
split_gain=141.948 91.3488 53.2003 42.0901 40.198 36.5527 26.7149 26.5733 25.2057 25.0574 23.9385 22.5498 20.9704 19.6353 16.721 14.9013 14.4918 14.5843 14.2083 14.1883 17.8078 12.6562 12.453 12.737 12.141 11.85 16.8065 13.0475 12.0188 11.8364
threshold=-1.0683333333333338 -0.011666666666667156 1.5000000000000002 -2.4324999999999988 15.238166666666668 4.5000000000000009 4.9050000000000011 2.036666666666664 2.5000000000000004 2.1900000000000004 -0.10999999999999986 3.5000000000000004 2.4208333333333338 -0.05666666666666708 3.7638888888888893 41.845000000000006 5.5000000000000009 0 25.500000000000004 8.3266726846886753e-17 37.500000000000007 5.1350000000000007 -3.0700000000000016 -0.88333333333333341 31.500000000000004 6.7950000000000008 29.500000000000004 -24.240833333333327 -0.7899999999999997 0.029629629629629627
decision_type=2 2 8 2 2 2 2 2 2 2 2 2 2 2 10 2 2 1 2 10 2 2 2 2 2 2 2 2 2 10
left_child=3 4 22 6 7 9 -1 19 21 14 -6 -7 -12 16 -4 -11 17 -9 -13 -2 25 24 23 -3 -5 28 27 -27 -21 -15
right_child=1 2 5 8 10 11 -8 13 -10 15 12 18 -14 29 -16 -17 -18 -19 -20 20 -22 -23 -24 -25 -26 26 -28 -29 -30 -31
leaf_value=-0.032855288925311747 -0.0024812615026235498 0.056382770962295103 -0.00032671047403813819 0.0013259013034392331 0.024064903876466884 -0.004169120601380201 0.055062331170452151 0.0014265210425151501 -0.014099181337096575 0.034364535037525908 0.0056762882206051173 0.0031855373245640206 0.021100027174239273 -0.0003503604139902302 -0.0048333012535820234 -0.014359228960834443 -0.0054814823462130203 0.013632314471786613 -0.012747721843703675 0.041377893390416504 -0.0013474710182631226 0.015541040272282423 0.004276228596320408 -0.0012622629847875442 -0.011572006035172142 0.030113248752013315 0.0069309474156086168 -0.0081550676504031343 0.0072922838539347451 0.0053126420415713117
leaf_weight=175.9996578451246 2122.8045531287789 6.1680611111223689 4099.5875313226134 243.38251486234367 129.08685984835029 1801.031407032162 5.7093411032110444 218.48223684355617 778.98929533548653 47.716776005923748 2767.2215570174158 98.022179404273629 148.6167446821928 1130.2758312001824 1940.9948565773666 12.72017480432987 96.095259215682745 687.51616687327623 1035.7543293964118 16.885720474645495 1440.9635731633753 54.287286505103111 2289.597650622949 1074.5562982540578 224.46608953550458 15.018408372998236 329.26563216745853 280.43862331286073 836.20874298736453 1236.6467524580657
leaf_count=7143 17780 99 40535 4188 656 15659 73 1388 16135 251 15770 1473 699 9317 23251 67 619 4376 14700 174 9548 697 17478 8527 2914 132 2232 1938 5452 8249
internal_value=-5.11794e-05 0.00069506 -0.00168315 -0.0120596 0.00327062 -0.00328289 -0.0300929 0.00184492 -0.00954117 -0.00151838 0.00720866 -0.00695104 0.00646242 0.00459535 -0.00177479 0.0241096 0.0092885 0.0108551 -0.0113702 6.95359e-06 0.00181661 -0.00274094 0.00260576 -0.000933263 -0.0048623 0.00490179 0.000716126 -0.00620985 0.00796696 0.00260839
internal_weight=25344.5 23861.7 12406.1 1482.83 11455.5 9035.83 181.709 8410.6 1301.13 6101.02 3044.93 2934.81 2915.84 3369.02 6040.58 60.437 1002.09 905.998 1133.78 5041.59 2918.78 522.136 3370.32 1080.72 467.849 1477.82 624.723 295.457 853.094 2366.92
internal_count=231520 200370 122040 31150 78330 95936 7216 61205 23934 64104 17125 31832 16469 23949 63786 318 6383 5764 16173 37256 19476 7799 26104 8626 7102 9928 4302 2070 5626 17566
cat_boundaries=0 1
cat_threshold=386
is_linear=0
shrinkage=0.04


Tree=69
num_leaves=31
num_cat=2
split_feature=0 0 14 22 10 22 20 0 7 0 3 7 9 9 20 9 12 14 29 26 15 16 5 12 20 8 9 26 17 30
split_gain=499.993 153.829 87.6205 62.3709 49.0236 44.3767 40.9708 37.7247 28.7183 24.4143 24.2949 23.602 22.1804 21.2071 23.4571 19.032 18.6442 18.589 18.4864 18.4823 17.985 17.9795 17.6736 17.5658 17.516 17.2972 16.9813 16.6563 16.4082 16.0211
threshold=1.5000000000000002 5.5000000000000009 -0.07999999999999996 7.8383333333333338 0 12.855833333333337 17.965000000000003 3.5000000000000004 -2.9266666666666636 3.5000000000000004 6.8150000000000004 -9.4749999999999979 41.500000000000007 49.500000000000007 58.565000000000005 42.500000000000007 4.6458333333333348 0.1480059523809524 7.2950000000000008 3.8950000000000005 1.5000000000000002 0.70833333333333337 2.5000000000000004 1.8660714285714288 49.100000000000009 4.5000000000000009 58.500000000000007 3.0250000000000004 0.10555555555555557 1
decision_type=2 2 8 2 1 2 2 2 2 2 2 2 2 2 2 2 10 10 2 2 8 8 2 8 2 2 2 2 10 1
left_child=4 2 6 28 15 7 16 12 29 -8 17 -7 -4 21 -15 -1 27 -9 -17 -13 26 -5 -11 24 -21 -14 -10 -2 -3 -6
right_child=1 3 5 13 8 11 9 10 20 22 -12 19 25 14 -16 18 -18 -19 -20 23 -22 -23 -24 -25 -26 -27 -28 -29 -30 -31
leaf_value=0.014357513752527798 0.011948080087218571 -0.027857993975707172 0.0015539400205039876 -0.013843701722954894 0.0051125202232542412 -0.0077291369499099651 -0.0033671937438625012 -0.0058852609466966081 0.013307094167325721 -0.0041383336277329517 -0.0099600634544911911 0.051715127390405756 -0.0017723682609529106 0.0030477022869361244 0.066781611765922788 0.0046022306904581192 -0.026268857871556955 0.0035677149760443066 0.01830539883157109 0.035082708695124531 0.0060221371513719596 0.00075471579874607231 -0.014543889806788874 0.0023679898716677233 0.0071750271931680584 -0.010860049713743547 -0.032839425378001733 -0.01518804107674585 -0.017433818666711488 -0.0022197216900561416
leaf_weight=1844.9825174808502 40.92435409501195 444.05166004784405 2725.9314562566578 492.4138444121927 935.15235720574856 348.79085370898247 1636.1093586608768 1040.2315665502101 829.49035510420799 398.37916769459844 1555.4389943778515 12.505361262708901 1203.9000344797969 109.58604891039431 10.090345852077006 765.46242846548557 253.05297300964594 489.45307668671012 198.33120326697826 51.163663316518068 3170.951613381505 185.96354364603758 758.24425668641925 3390.0591664128006 121.28370806947351 464.37169482186437 12.958244532346724 312.92720578424633 529.91815065778792 955.24998328089714
leaf_count=8276 1069 15895 23235 7069 4162 2468 19124 12753 3536 5129 19836 167 11034 1721 85 3360 7332 4181 887 284 13965 1770 13475 22674 631 4664 55 6463 11995 4244
internal_value=-0.00017791 -0.00425584 -0.00292257 -0.0153934 0.00757993 -0.00124223 -0.00855878 -0.00304961 0.00547837 -0.00651174 -0.00643996 0.00220288 -0.000669273 -0.00710309 0.00842134 0.0119352 -0.0179784 -0.00286059 0.00742209 0.00317188 0.00740232 -0.00984184 -0.0109599 0.00300148 0.015455 -0.00430197 0.0125973 -0.0120496 -0.0221864 0.00142273
internal_weight=25287.4 16574.8 14802.8 1772.02 8712.58 11403.1 3399.64 7479.33 5903.8 2792.73 3085.12 3923.8 4394.2 798.054 119.676 2808.78 606.905 1529.68 963.794 3575.01 4013.4 678.377 1156.62 3562.51 172.447 1668.27 842.449 353.852 973.97 1890.4
internal_count=231539 193054 154519 38535 38485 101927 52592 75703 25962 37728 36770 26224 38933 10645 1806 12523 14864 16934 4247 23756 17556 8839 18604 23589 915 15698 3591 7532 27890 8406
cat_boundaries=0 1 2
cat_threshold=1 433
is_linear=0
shrinkage=0.04


Tree=70
num_leaves=31
num_cat=9
split_feature=0 0 28 11 18 18 19 0 8 19 19 4 4 0 19 8 28 19 12 24 19 4 19 4 26 15 19 19 12 16
split_gain=428.839 148.047 86.3797 48.1429 64.988 41.3116 40.2046 33.287 31.0999 26.0274 24.3713 22.079 21.3098 20.7989 21.2956 18.9598 18.5209 17.9916 17.7442 16.5483 17.6996 16.158 15.8503 15.5496 15.5082 15.4354 15.2147 15.2108 16.1173 14.8578
threshold=1.5000000000000002 4.5000000000000009 2.5000000000000004 10.500000000000002 1.0000000180025095e-35 0.36666666666666675 0 5.5000000000000009 2.5000000000000004 1 2 -0.028333333333333762 -0.081666666666665652 3.5000000000000004 3 4.5000000000000009 2.5000000000000004 4 2.2678571428571432 1.5000000000000002 5 -0.10999999999999986 6 -0.073333333333332792 7.205000000000001 3.5000000000000004 7 8 2.7071428571428577 0.29166666666666669
decision_type=2 2 2 2 8 10 1 2 2 1 1 2 2 2 1 2 2 1 10 2 1 2 1 2 2 8 1 1 8 10
left_child=5 3 9 4 8 6 24 11 22 18 -10 17 27 29 23 21 -8 -4 -3 -7 -21 -11 -2 -15 -1 -14 -5 28 -9 -6
right_child=1 2 7 26 13 19 16 12 10 15 -12 -13 25 14 -16 -17 -18 -19 -20 20 -22 -23 -24 -25 -26 -27 -28 -29 -30 -31
leaf_value=0.0012925726508351892 0.0050236240263710338 0.0018250540355985378 -0.015225073481190628 -0.002507033508629812 -0.00081710735728606377 0.017499414909935632 0.011362541817008171 0.12397646916511949 -0.0023905013603662236 0.030765791711279317 -0.010631724115192046 -0.015075929106663806 -0.018003367929863311 0.023158195574280435 -0.0047005094520294133 -0.0090173714844803653 0.0058713800745542524 0.0047887075303594054 -0.016845129935538213 0.0038099536088347227 0.013730641893654283 -0.00025644484169320405 -0.0034670707505200082 0.0021499973805739663 0.017250957174807652 -0.029474392989160551 -0.010471502173191555 -0.014663032415007634 0.02333007166162656 0.0044965805778132912
leaf_weight=2715.0168019384146 568.273995321244 102.83683878183365 102.91297668218613 601.58593439869583 1112.1201314739883 637.74512857198715 1662.5437917709351 3.1114293783903149 951.74278326705098 27.516565129160881 1520.5536535140127 1004.403969950974 349.8928591478616 62.107209756970406 1291.8076680824161 473.76975585147738 2403.6073600873351 190.10477267578244 391.59457072243094 533.11826452612877 690.81755548715591 1131.7450447306037 888.18449245207012 610.450494421646 101.05895060300827 404.85733036696911 1171.1082306616008 22.582775833085179 14.002482276409863 3465.6187402717769
leaf_count=12095 5914 874 1753 6277 10457 2871 7288 50 10653 189 18297 22429 9953 365 11486 5297 10593 3081 4600 2314 3054 11691 9653 5178 446 16212 12916 498 310 24474
internal_value=-0.0001703 -0.00397262 -0.0104342 -0.00174585 -0.000713809 0.00698864 0.00555866 -0.0162059 -0.00478027 -0.004759 -0.00751183 -0.0122575 -0.0226541 0.00172824 -0.00171475 -0.00226156 0.00809666 -0.00259665 -0.012705 0.012275 0.00955273 0.000479908 -0.000143525 0.00403007 0.00185866 -0.0241566 -0.00784187 0.00591134 0.0262752 0.00320567
internal_weight=25206.8 16462.9 4219.33 12243.6 10470.9 8743.91 6882.23 2091.87 3928.75 2127.46 2472.3 1297.42 794.447 6542.1 1964.37 1633.03 4066.15 293.018 494.431 1861.68 1223.94 1159.26 1456.46 672.558 2816.08 754.75 1772.69 39.6967 17.1139 4577.74
internal_count=231268 192607 76937 115670 96477 38661 30422 54286 44517 22651 28950 27263 27023 51960 17029 17177 17881 4834 5474 8239 5368 11880 15567 5543 12541 26165 19193 858 360 34931
cat_boundaries=0 1 2 3 4 5 6 7 8 9
cat_threshold=5318187 14844416 80399 1060955 8820805 602479 99511 6824462 6078650
is_linear=0
shrinkage=0.04


Tree=71
num_leaves=31
num_cat=10
split_feature=27 4 28 17 23 4 4 19 7 30 13 4 19 19 19 19 16 19 19 19 7 3 19 14 29 4 9 7 7 9
split_gain=127.556 95.9058 51.7498 37.4493 36.5301 32.5345 29.3559 28.2536 24.9737 24.7281 20.5604 20.5202 22.5755 19.4265 19.3911 19.2916 18.7173 18.4712 16.7316 15.4843 14.95 14.6218 14.536 14.3385 15.7051 13.6737 14.1512 13.531 12.7011 12.4357
threshold=-1.2949999999999995 0.023333333333332987 1.5000000000000002 0.29285714285714287 3.5000000000000004 -0.060000000000000046 -0.046666666666666405 0 -6.8600000000000003 1 1.0000000180025095e-35 -0.013333333333334084 2 3 4 5 0.70833333333333337 6 7 8 5.140833333333334 6.6150000000000011 9 -1.0000000180025095e-35 5.9350000000000014 -0.0416666666666674 38.500000000000007 3.5500000000000029 -17.332666666666665 34.500000000000007
decision_type=2 2 2 10 2 2 2 1 2 1 8 2 1 1 1 1 8 1 1 1 2 2 1 8 2 2 2 2 2 2
left_child=6 2 9 8 7 19 14 -3 22 -2 -8 12 -10 21 -1 -13 -9 -11 -6 -5 25 -7 -4 -20 -25 26 -19 -18 -28 -14
right_child=1 4 3 5 18 13 10 16 11 17 -12 15 29 -15 -16 -17 27 20 23 -21 -22 -23 -24 24 -26 -27 28 -29 -30 -31
leaf_value=0.020910065990812125 0.013259559764574463 0.0034047828593853158 -0.010101907706760007 0.0040149437361130576 -0.013166176504342054 0.043164229106062359 -0.027068641691932294 -0.0058457173911195216 0.0042829629744224537 -0.00087590411614856239 -0.013333706470447926 0.0012643790638439904 0.0028375297091727536 -0.00054710677102477289 -0.0082140719062349082 -0.0046591474675263143 0.010955271015334554 0.012395008021809014 -0.0096851363153872289 0.017074424552338773 0.0097173611586503211 0.0057217023441158482 -0.0019663276457792169 0.0022395589224075275 -0.016957673455212815 0.0021337417232131003 0.041749943891699247 -0.0097299649310356139 0.00077750221520007619 -0.0031384386734511988
leaf_weight=44.910815371200442 502.64460963383317 1062.1439746171236 675.3161379750818 268.79967227205634 828.87167482078075 16.960395578294992 261.44017574004829 1975.2713710088283 2395.7839046940207 1002.9220692776144 523.66920686513186 1414.3438066262752 836.13730880245566 1810.2130507361144 100.08346319012344 2313.333827206865 193.18669093959033 508.99669729918242 623.40832483395934 373.72099737636745 910.87141627818346 1037.1970125064254 756.07488769851625 443.77959424443543 80.561914199963212 2129.4568512253463 12.524551659822462 68.552118308842182 361.70694986730814 1669.8275692481548
leaf_count=818 2810 10115 6396 1695 12368 126 9183 20061 18671 5594 11106 14285 6902 14787 1814 24199 1647 2656 9955 2320 5034 8365 6914 5287 898 12550 65 546 1904 12723
internal_value=-0.000316406 0.000240643 0.00156568 0.000245033 -0.00453049 0.00380449 -0.0148535 -0.00195415 -0.000995685 0.00486604 -0.0179074 -0.000184027 0.00151697 0.00197976 0.00168252 -0.00242077 -0.00449374 0.00397468 -0.00883062 0.0119392 0.00521363 0.00626469 -0.00588893 -0.00553666 -0.00070998 0.00386926 0.00805358 0.00553759 0.00214874 -0.00113996
internal_weight=25202.7 24272.6 18996.8 13567.7 5275.78 3506.89 930.104 3299.15 10060.8 5429.12 785.109 8629.43 4901.75 2864.37 144.994 3727.68 2237.01 4926.48 1976.62 642.521 3923.56 1054.16 1431.39 1147.75 524.342 3012.69 883.228 261.739 374.232 2505.96
internal_count=231794 208873 147996 117383 60877 27293 22921 32369 90090 30613 20289 76780 38296 23278 2632 38484 22254 27803 28508 4015 22209 8491 13310 16140 6185 17175 4625 2193 1969 19625
cat_boundaries=0 1 2 3 4 5 6 7 8 9 10
cat_threshold=360463 64 13524144 2318421 6369904 632350 589846 16764928 8682820 10151328
is_linear=0
shrinkage=0.04


Tree=72
num_leaves=31
num_cat=11
split_feature=0 0 15 11 27 15 20 17 19 19 4 8 26 9 19 9 16 19 12 19 11 19 19 19 19 10 19 22 27 22
split_gain=430.306 144.428 62.0544 62.0158 58.3414 40.8733 35.5335 34.7603 29.3626 28.6482 26.5698 24.0106 24.6947 21.8325 20.1318 19.5511 19.4465 19.9552 19.2755 18.1123 17.6778 17.5833 17.3697 17.0613 15.84 15.8331 15.6921 15.6651 15.4226 15.6989
threshold=1.5000000000000002 5.5000000000000009 4.5000000000000009 10.500000000000002 0.30999999999999989 1.5000000000000002 18.675000000000004 0.2678571428571429 0 1 -0.10166666666666611 2.5000000000000004 5.4150000000000009 42.500000000000007 2 34.500000000000007 0.45000000000000007 3 4.6833333333333345 4 10.500000000000002 5 6 7 8 9 10 18.101833333333335 -0.3850000000000004 11.453666666666669
decision_type=2 2 8 2 2 8 2 10 1 1 2 2 2 2 1 2 8 1 10 1 2 1 1 1 1 1 1 2 2 2
left_child=5 2 3 7 -3 -1 18 11 -9 25 -10 19 21 20 -8 26 -6 27 23 -2 -11 -13 -17 -4 28 -7 -14 -18 29 -5
right_child=1 4 6 24 16 9 14 8 10 13 -12 12 15 -15 -16 22 17 -19 -20 -21 -22 -23 -24 -25 -26 -27 -28 -29 -30 -31
leaf_value=0.011643601845791843 0.0055430868063433706 -0.023746741545949669 0.0069321060989196879 0.015826643454658271 -0.014913228688186451 0.0072310328908110179 -0.0013106549169677271 0.0062709641757865047 0.03742989568869122 0.007826898589971128 -0.0014381380681678885 -0.0030194992549806292 -0.0033292750545238421 0.0036014108346064124 -0.0093137654632138196 0.0011740967722055789 -0.020678466072699308 0.0030890341364473496 -0.027111766771261037 -0.0014493336861100979 0.016644563031018068 -0.010637648725170357 -0.0072172777591997988 -0.015788917498793506 -0.010362342357732366 -0.0017705805911694345 0.010490292603009179 -0.00010117434508987129 -0.0037745845622532107 0.11394242509668119
leaf_weight=2296.5708934366703 901.98783124610782 704.7701110560447 64.424650000408292 40.057573730126023 451.22502488456666 419.50382927060127 891.53719409555197 1896.7025756966323 28.587001219391823 2558.5490575507283 1799.575787326321 941.27895845286548 204.44877807796001 1907.8165691196918 1184.4987010359764 760.6674291882664 147.79532626084983 309.65418119728565 206.8390277530998 1686.3238451462239 424.07905627787113 1052.9269970674068 811.10613596066833 243.72272336855531 1375.3099964819849 1140.5769949406385 351.21807056292892 98.740972012281418 247.50203287601471 2.7910262122750273
leaf_count=10238 8227 25719 1410 665 6605 1780 11535 13215 160 11252 13303 12155 1579 8419 16711 5926 1880 3297 6444 16372 1870 14205 6471 5479 15445 5186 2668 867 2395 39
internal_value=-0.000103854 -0.00392448 -0.00264315 -0.0014402 -0.0149189 0.00706107 -0.00826112 -0.000296114 0.00280247 0.00542956 -0.000825841 -0.00201622 -0.00391237 0.00692895 -0.00592807 -0.000914709 -0.00874314 -0.00373748 -0.0176662 0.00100324 0.00908062 -0.00711031 -0.00319468 -0.011326 -0.00860756 0.000680581 0.00553448 -0.0119522 5.91838e-05 0.0222176
internal_weight=25150.8 16403.7 14691.5 12100.5 1712.19 8747.1 2591.02 10434.8 3724.87 6450.53 1828.16 6709.96 4121.65 4890.44 2076.04 2127.44 1007.42 556.19 514.986 2588.31 2982.63 1994.21 1571.77 308.147 1665.66 1560.08 555.667 246.536 290.351 42.8486
internal_count=231517 192772 154404 112825 38368 38745 41579 94281 26678 28507 13463 67603 43004 21541 28246 16644 12649 6044 13333 24599 13122 26360 12397 6889 18544 6966 4247 2747 3099 704
cat_boundaries=0 1 2 3 4 5 6 7 8 9 10 11
cat_threshold=1091503 1057803 75071 14834964 1082423 9005598 6658605 666 4726786 1 5148948
is_linear=0
shrinkage=0.04


Tree=73
num_leaves=31
num_cat=5
split_feature=0 0 23 27 12 19 8 9 19 19 31 15 5 27 19 19 11 20 0 22 9 20 9 7 0 12 14 18 7 1
split_gain=385.281 139.729 66.9718 54.1337 45.5743 42.2708 38.1054 33.6904 30.1171 27.3476 27.253 25.3008 22.5265 22.3035 21.7129 21.5183 19.2046 18.647 17.7032 16.5312 19.2087 18.7265 16.1897 16.1191 15.6642 15.6216 14.7266 14.6162 17.395 14.3968
threshold=1.5000000000000002 5.5000000000000009 3.5000000000000004 0.43666666666666681 4.7638888888888902 0 3.5000000000000004 34.500000000000007 1 2 2.5000000000000004 1.5000000000000002 4.5000000000000009 1.583666666666667 3 4 7.5000000000000009 15.205000000000002 2.5000000000000004 18.101833333333335 48.500000000000007 42.295000000000009 38.500000000000007 14.695833333333335 3.5000000000000004 1.8166666666666669 0.47519841269841273 0.22500000000000003 -5.5874999999999995 60.265000000000008
decision_type=2 2 2 2 10 1 2 2 1 1 2 10 2 2 1 1 2 2 2 2 2 2 2 2 2 8 10 10 2 2
left_child=5 2 6 -3 7 13 9 15 22 18 26 -7 29 16 27 -4 -1 -13 -2 -5 -21 -22 -8 -17 -16 -14 -10 28 -9 -12
right_child=1 3 4 19 -6 11 8 14 10 -11 12 17 25 -15 24 23 -18 -19 -20 20 21 -23 -24 -25 -26 -27 -28 -29 -30 -31
leaf_value=0.0068274022155682982 0.004136555451460285 -0.022398074950228098 -0.0053467972300467164 -0.012227474987176766 -0.021473487598367726 0.0090758299921944625 0.0048062458984019655 -0.018176730650202352 -0.01153533416650742 0.0046871174680772074 0.00052533353959363855 -0.0091124015836410426 0.043825461406745599 0.022473306402885442 -0.0066690075423311394 0.0020384056447669478 0.013355343443040971 0.0036045650023166058 -0.0035516325142898493 -0.0053326425193624839 -0.020853486780473607 0.032726548475089101 -0.0028543264111068603 0.025709041771263767 -0.013146535163524566 -0.012688788087631707 0.032300156938482608 0.0071909115370134436 -0.0016069043084170006 0.06799405986493548
leaf_weight=1722.553532153368 687.4880332686007 762.87464116327465 881.7989092245698 576.17391166090965 283.45364526845515 1502.755610153079 841.65164096653461 126.60729375109076 1019.2233270723373 2795.7866857796907 935.80591516010463 193.88918922841549 8.0228266268968564 230.66357889771461 1423.3415063507855 988.10201674699783 1240.2243744283915 3803.7696394175291 1581.7476973794401 300.12405348941684 13.713648393750189 43.679634116590023 928.20205669477582 48.278977688401937 1029.2676626536995 318.68944862857461 12.411570042371748 213.35851936228573 508.54133551754057 5.0878795292228451
leaf_count=7546 5071 27421 11548 7681 7815 6636 6880 1822 9562 22185 7783 1117 58 1146 16793 12563 5492 16607 14183 2846 186 401 8325 549 16335 3724 66 2174 6663 43
internal_value=-5.73593e-06 -0.00362657 -0.00236699 -0.0144934 -0.00585298 0.00679685 -0.000266902 -0.00500465 -0.00314935 0.00204878 -0.00615389 0.00464264 -0.00225198 0.01046 -0.00745439 -0.000788721 0.00956001 0.00298778 -0.00121705 -0.00803488 -0.00127811 0.019924 0.000784218 0.00311106 -0.00934926 -0.011301 -0.011008 -0.00184534 -0.00490985 0.00089017
internal_weight=25027.3 16333.4 14636.9 1696.57 5502.75 8693.86 9134.12 5219.3 4069.09 5065.02 2299.24 5500.41 1267.61 3193.44 3301.12 1918.18 2962.78 3997.66 2269.24 933.691 357.517 57.3933 1769.85 1036.38 2452.61 326.712 1031.63 848.507 635.149 940.894
internal_count=231221 192677 154142 38535 76262 38544 77880 68447 36441 41439 21236 24360 11608 14184 43787 24660 13038 17724 19254 11114 3433 587 15205 13112 33128 3782 9628 10659 8485 7826
cat_boundaries=0 1 2 3 4 5
cat_threshold=10932416 4286991 12536448 2630180 6739108
is_linear=0
shrinkage=0.04


Tree=74
num_leaves=31
num_cat=6
split_feature=0 0 27 14 19 12 24 19 28 4 4 3 0 19 9 19 5 19 3 19 8 24 27 9 22 27 7 5 6 4
split_gain=389.411 131.921 80.6099 44.3768 35.9906 33.4651 33.0899 31.9115 32.0845 33.5861 28.0486 24.3663 24.2411 21.7693 20.5961 20.355 19.1446 18.9202 22.7973 18.6995 18.565 18.3964 17.7113 17.4947 16.2717 16.1997 16.5944 15.0081 13.9926 13.8665
threshold=1.5000000000000002 4.5000000000000009 0.86000000000000065 -0.19986772486772483 0 4.7321428571428585 1.5000000000000002 1 1.5000000000000002 0.041666666666667414 -0.10999999999999986 6.6150000000000011 5.5000000000000009 2 54.500000000000007 3 3.5000000000000004 4 6.6950000000000012 5 3.5000000000000004 1.5000000000000002 2.2908333333333339 34.500000000000007 12.650000000000002 0.65333333333333388 -5.8849999999999989 1.5000000000000002 41.465000000000011 -0.015499999999999845
decision_type=2 2 2 8 1 8 2 1 2 2 2 2 2 1 2 1 2 1 2 1 2 2 2 2 2 2 2 2 2 2
left_child=4 3 5 -2 25 10 14 23 -9 11 17 -10 13 -12 -6 -8 19 -3 21 -4 -13 -19 27 -5 -25 26 -1 -17 -21 -14
right_child=1 2 16 7 6 -7 15 8 9 -11 12 20 29 -15 -16 22 -18 18 -20 28 -22 -23 -24 24 -26 -27 -28 -29 -30 -31
leaf_value=-0.00036631448773015635 -0.010877877228987396 -0.01407792359470131 -0.0072447064828886857 0.0045451422993819475 0.01007087853731518 -0.029040732491061733 -0.0039255377646520749 0.0015101458351952336 0.025610235559149427 -0.015262405335988596 -0.0055675054409791485 -0.0016391901012220828 -0.011786445906655894 -0.015462838047980931 -0.0040986832899541975 0.0079013104830444898 -0.0084699380364106625 0.15200926311688387 0.0027659212021231405 0.0019242327518480789 -0.0073122146642418681 0.051387129179624076 0.029135908516635421 -0.0022682706622631646 0.0032414470777244772 0.015019046252310269 0.010275827792649923 0.0020095845163012735 0.017067647769350831 -0.022555110299596226
leaf_weight=287.8265630453825 795.97658667899668 17.907206116244197 299.85792098939419 1647.7067103106529 2038.5443911403418 224.35659347847104 599.31056535989046 1698.1678154394031 44.654192842543125 455.09046251326799 783.05551989749074 2116.8268573321402 290.60815671645105 710.74100580252707 178.50408998131752 972.40450710058212 563.3843810223043 3.8698453083634403 11.842889918014405 518.16082381084561 1636.507057769224 11.686002403497694 44.412216380238533 2511.8717285227031 1302.2416199408472 912.0855098515749 1263.808144569397 2396.9921964034438 120.29179739952087 559.98286388628185
leaf_count=1272 13307 240 2518 14412 9084 10004 2660 9529 353 6686 13948 20970 7286 13716 803 4286 5753 49 152 4140 17998 148 221 24492 8181 4190 5482 10594 885 18257
internal_value=-0.000192198 -0.00383399 -0.0100271 -0.00174625 0.00664611 -0.01427 0.00499997 -0.00110938 -0.00313258 -0.00499369 -0.0128833 -0.00376325 -0.0134857 -0.0104164 0.00893003 0.00284127 -0.00264135 0.0182899 0.032662 0.000858277 -0.00411271 0.076419 0.00402891 0.00109883 -0.000387104 0.0107449 0.00830172 0.00370993 0.00470375 -0.0188759
internal_weight=25018.7 16324.8 4115.75 12209 8693.89 2614.05 6230.17 11413.1 5951.25 4253.08 2389.69 3797.99 2344.39 1493.8 2217.05 4013.12 1501.69 45.3059 27.3987 938.311 3753.33 15.5558 3413.81 5461.82 3814.11 2463.72 1551.63 3369.4 638.453 850.591
internal_count=231616 193024 77096 115928 38592 63800 27648 102621 55536 46007 53796 39321 53207 27664 9887 17761 13296 589 349 7543 38968 197 15101 47085 32673 10944 6754 14880 5025 25543
cat_boundaries=0 1 2 3 4 5 6
cat_threshold=10932224 2108991 617535 10370 296517 10635308
is_linear=0
shrinkage=0.04


Tree=75
num_leaves=31
num_cat=8
split_feature=0 0 27 4 19 18 10 11 19 19 6 20 31 19 19 27 9 7 19 4 0 14 20 26 6 27 19 14 11 16
split_gain=360.883 120.322 91.2255 52.4045 43.6111 34.1676 31.6727 40.1281 32.1033 28.45 27.5245 26.5464 26.002 27.1461 21.8353 21.3083 20.8289 20.7884 19.5417 21.9242 19.156 18.7611 18.3129 17.7769 17.6458 16.7621 17.0776 16.4434 16.3129 21.5592
threshold=1.5000000000000002 3.5000000000000004 -0.56999999999999995 -0.078333333333332686 0 0.36666666666666675 1 8.5000000000000018 2 3 34.865000000000002 3.4000000000000008 4.5000000000000009 4 5 0.5583333333333339 21.500000000000004 -5.8849999999999989 6 -0.13333333333333328 5.5000000000000009 0.077777777777777821 13.660000000000002 6.8050000000000006 40.445000000000007 2.4208333333333338 7 0.28004629629629635 6.5000000000000009 0.36666666666666675
decision_type=2 2 2 2 1 10 1 2 1 1 2 2 2 1 1 2 2 2 1 2 2 8 2 2 2 2 1 10 2 8
left_child=5 6 11 18 15 12 7 -2 -9 22 21 -3 13 17 -14 -5 -13 -1 -4 -20 -18 -6 -8 -15 -24 26 -7 -10 29 -11
right_child=1 2 3 4 10 25 9 8 27 28 -12 16 14 23 -16 -17 20 -19 19 -21 -22 -23 24 -25 -26 -27 -28 -29 -30 -31
leaf_value=0.0022488048360280472 0.0044920017830951172 -0.033294054829404292 -0.0010378871122740608 -0.017630519713642642 -0.01025278293237194 0.0051890459075401999 -0.029381645219951538 -0.009238912513597668 -0.0001149356668415988 -0.0019294447773689773 -0.00068493433197334118 0.0074134421026324452 -0.0080952280096490883 0.0029524260176704083 0.0035685016036941294 -0.0078542954135302542 -0.013571446376920935 0.011405446493556442 0.054808051664340572 0.013269539931604781 -0.027231932078611614 -0.0034949616669064515 -0.0097673471588403237 0.012912200039468363 0.0038933378735887454 0.042338504692946845 0.013661433934159996 0.01670409499861248 -0.0048265050088723473 0.0083435245907768334
leaf_weight=494.46459501981735 3247.448761574924 142.76352893281728 177.53922597877681 647.26173482462764 1320.0120433773845 610.32217265665531 63.812027223408222 743.4891661144793 1088.0073790512979 834.89562294259667 2027.1325136143714 62.803348012268543 364.9510805606842 2852.8359235078096 805.0282740816474 794.68658090010285 816.4583252184093 2006.5372657179832 22.837938331067562 185.14495253004134 205.60667915269732 1309.2356696240604 835.38453688845038 318.77084366977215 184.75201404839754 27.643226101994514 1232.4920317083597 101.69957527145743 904.76248566806316 537.15259977802634
leaf_count=2208 20749 7582 1426 11477 20346 2670 1312 6420 9231 10384 23727 1988 1610 12624 3556 7093 18474 8867 174 1447 8691 13152 10060 1447 2009 148 5549 604 11455 5144
internal_value=6.2367e-05 -0.00345882 -0.00708094 -0.00518787 -0.00609204 0.00663061 -0.000188634 0.0017724 -0.00278692 -0.00320731 -0.00417839 -0.0170794 0.00532099 0.00644082 -0.00010845 -0.0121583 -0.0149456 0.00955691 0.00911451 0.0170128 -0.0163195 -0.00688772 -0.00851511 0.00394103 -0.00729333 0.0114215 0.0109578 0.00131178 -0.000654177 0.00209239
internal_weight=24965.9 16252.9 7711.48 6483.85 6098.33 8713.05 8541.4 5180.64 1933.2 3360.76 4656.38 1227.63 6842.59 5672.61 1169.98 1441.95 1084.87 2501 385.522 207.983 1022.07 2629.25 1083.95 3171.61 1020.14 1870.46 1842.81 1189.71 2276.81 1372.05
internal_count=231624 192945 115577 78842 75795 38679 77368 37004 16255 40364 57225 36735 30312 25146 5166 18570 29153 11075 3047 1621 27165 33498 13381 14071 12069 8367 8219 9835 26983 15528
cat_boundaries=0 1 2 3 4 5 6 7 8
cat_threshold=10884096 3 9801813 1282433 10392740 1615010 8692821 533790
is_linear=0
shrinkage=0.04


Tree=76
num_leaves=31
num_cat=9
split_feature=0 0 15 0 22 9 19 22 31 19 19 11 29 4 7 19 11 7 19 19 9 21 7 19 31 19 26 21 19 9
split_gain=334.141 101.931 67.8839 44.7062 39.8295 39.6162 38.5175 33.4133 28.5623 25.7293 25.2193 24.5927 23.9057 22.1297 21.8687 21.5853 20.5084 19.5394 19.0187 18.8678 17.8677 17.7947 17.3271 16.9902 16.0115 15.7016 21.1425 15.6302 15.2922 15.2275
threshold=3.5000000000000004 1.5000000000000002 3.5000000000000004 5.5000000000000009 15.958333333333336 47.500000000000007 0 12.240833333333336 3.5000000000000004 1 2 4.5000000000000009 6.5750000000000011 -0.036666666666667506 -2.8583333333333321 3 10.500000000000002 -4.3183333333333325 4 5 41.500000000000007 46.370000000000012 10.007500000000002 6 7.5000000000000009 7 6.5750000000000011 21.395000000000003 8 30.500000000000004
decision_type=2 2 10 2 2 2 1 2 2 1 1 2 2 2 2 1 2 2 1 1 2 2 2 1 2 1 2 2 1 2
left_child=1 5 4 13 6 8 17 9 12 20 -7 18 19 -4 -6 -10 -8 -2 21 22 -3 29 -1 -15 -22 26 -14 -12 -29 -11
right_child=2 7 3 -5 14 10 16 -9 15 11 27 -13 25 23 -16 -17 -18 -19 -20 -21 24 -23 -24 -25 -26 -27 -28 28 -30 -31
leaf_value=0.0099429698138824383 -0.010160609765945476 0.0032278864310139989 -0.00047899151851200786 -0.023743572761125188 -0.0062605405635938827 0.0092099593771867803 -0.0090004502012153917 0.003618003708777648 -0.0014768088374994212 0.0044878786402642833 -0.0090678007171113417 -0.007240481060109839 -0.004018022828208275 -0.0067215021009898361 0.0038206823383087245 0.0068395133805727731 -0.020552831059759049 -0.00023517591447173831 0.0037745037545650656 0.0052895978047564551 -0.0039087088823189066 0.03383699885642303 0.024572777894204992 -0.015624666266525856 0.026499867452145179 0.018590667348834147 0.015269792429625425 -0.007335287900554867 0.0031847268754602552 -0.01889021552174942
leaf_weight=1318.0642949566245 411.80348426103592 1861.9686899576336 328.0322032943368 467.77319541759789 496.18135576695204 468.88800103962421 1649.6407169150189 2698.2528018914163 799.07677225768566 62.147341942414641 326.71350591629744 1840.9881250523031 147.89334525167942 656.22314889915287 1124.6192399822176 1322.0870959609747 288.9364506341517 1383.5241851918399 738.18450202606618 2107.1103926673532 1103.2883457634598 14.254200227558611 143.64598709344864 865.95628025755286 28.418789893388748 638.64440731704235 236.08360551297665 277.31185108423233 951.13440056145191 157.69805904477835
leaf_count=5820 5710 17832 4382 18187 4316 2073 22331 17075 3508 685 1575 20197 646 12269 8827 5842 4762 17361 7399 9316 11681 128 632 17459 290 2948 1098 1210 4159 1767
internal_value=-3.30237e-05 0.00305713 -0.00697713 -0.0126956 -0.00450166 0.00609166 -0.00677455 -5.99824e-05 0.00757073 -0.00176899 0.00118644 -0.00450659 0.0093442 -0.00990247 0.000734482 0.0037319 -0.0106673 -0.00249791 0.000623587 0.00779919 0.000815962 -0.00908531 0.0113033 -0.0119332 -0.00314511 0.0147361 0.00764184 -0.00128366 0.000776131 -0.0122815
internal_weight=24914.5 17241.9 7672.69 2317.98 5354.71 8736.65 3733.9 8505.2 6712.61 5806.95 2024.05 2813.27 4591.44 1850.21 1620.8 2121.16 1938.58 1795.33 972.284 3568.82 2993.68 234.1 1461.71 1522.18 1131.71 1022.62 383.977 1555.16 1228.45 219.845
internal_count=231485 115881 115604 52297 63307 38827 50164 77054 29810 59979 9017 30176 20460 34110 13143 9350 27093 23071 9979 15768 29803 2580 6452 29728 11971 4692 1744 6944 5369 2452
cat_boundaries=0 1 2 3 4 5 6 7 8 9
cat_threshold=1585343 6891070 15073284 6826118 1179904 13505200 1597503 6439479 524562
is_linear=0
shrinkage=0.04


Tree=77
num_leaves=31
num_cat=11
split_feature=0 0 23 28 4 9 0 31 19 19 31 19 19 19 19 7 6 12 19 14 18 9 19 15 4 19 6 19 17 30
split_gain=282.056 113.048 60.2901 45.5445 37.5941 33.6341 32.8501 28.7683 28.0746 27.6392 27.355 27.1662 26.977 25.1369 22.1845 21.667 21.0215 19.6686 18.6302 17.2895 16.3535 19.2494 14.6414 14.5893 14.4824 18.4753 14.4614 20.352 14.1967 14.0023
threshold=1.5000000000000002 5.5000000000000009 2.5000000000000004 2.5000000000000004 -0.066666666666665972 50.500000000000007 3.5000000000000004 4.5000000000000009 0 1 2.5000000000000004 2 3 4 5 1.3283333333333369 35.010000000000012 3.7071428571428577 6 -0.15737433862433856 0.45000000000000007 48.500000000000007 7 5.5000000000000009 -0.07499999999999972 8 42.430000000000007 9 0.29285714285714287 10
decision_type=2 2 2 2 2 2 2 2 1 1 2 1 1 1 1 2 2 8 1 10 8 2 1 8 2 1 2 1 8 1
left_child=5 2 10 15 9 7 16 12 19 -4 11 -2 -1 -7 -9 -3 -6 -14 -18 -8 -17 22 -22 24 25 -5 29 -28 -13 -12
right_child=1 3 4 23 6 13 8 14 -10 -11 26 28 17 -15 -16 20 18 -19 -20 -21 21 -23 -24 -25 -26 -27 27 -29 -30 -31
leaf_value=0.012073562732783457 0.003144777709282428 -0.012584025503175927 -0.002898732564390345 0.026700932486123499 -0.0054239048347849471 0.0064692124079229821 -0.013602589084338102 0.0080751695966043129 -0.012109499432951818 0.013377541367485915 0.00797818342028574 -0.007826419817888855 0.0077745084574349166 -0.0042487959021923196 -0.0028566542556689068 -0.0049964495212957835 0.0046558881754293468 0.0015669276432904713 -0.0034667887524917197 -0.0023876129019614017 -0.010820429445846902 0.057114190035820925 0.019558933726103695 -0.033241686912551534 -0.019913248358093411 -0.017805155646769245 -0.0012568881618901678 0.015312472460224078 -0.00093332134295829022 0.00078484311179526935
leaf_weight=1780.6162330210209 1026.3938348330557 530.91601028479636 358.90223871171474 18.642247476615012 2458.5743183530867 576.59445756673813 268.34781573154032 465.03092729300261 1599.5198188200593 300.28369530662894 515.13626282662153 1122.8855145946145 3114.0552318245173 858.44208161532879 784.45417570322752 282.91856962256134 825.40058343298733 1106.9837475568056 973.98487659543753 1219.2684949450195 38.93933174200356 14.126860540360211 46.25201859511435 125.24069990497082 547.41836279444396 21.865880846977234 191.89045590348542 316.23366158641875 832.47219570167363 2509.6379166413099
leaf_count=7954 7839 6911 3139 390 28673 2557 6533 2053 26985 2500 4029 9831 13646 3842 3449 3546 8530 5133 10518 16829 360 127 414 6342 19883 488 1379 2266 5699 19588
internal_value=-0.000143877 -0.00327081 -0.00215059 -0.0132716 -0.004476 0.00566824 -0.00529723 0.00677554 -0.00843884 0.00467468 0.000706551 -0.00211483 0.00792514 7.31487e-05 0.0012537 -0.00735596 -0.00301948 0.00613202 0.000265793 -0.00438121 -9.43374e-05 0.0138699 0.00669886 -0.020846 -0.0182055 0.00487304 0.00308779 0.00933176 -0.00486687 0.00203888
internal_weight=24831.4 16145.3 14518.9 1626.32 8004.28 8686.18 7345.1 7251.14 3087.14 659.186 6514.65 2981.75 6001.66 1435.04 1249.49 913.153 4257.96 4221.04 1799.39 1487.62 382.237 99.3182 85.1914 713.167 587.926 40.5081 3532.9 508.124 1955.36 3024.77
internal_count=231433 192799 154338 38461 103707 38634 98068 32235 50347 5639 50631 23369 26733 6399 5502 11358 47721 18779 19048 23362 4447 901 774 27103 20761 878 27262 3645 15530 23617
cat_boundaries=0 1 2 3 4 5 6 7 8 9 10 11
cat_threshold=1648815 589125 4293903 9343104 15095844 10898265 15230516 10864824 5874338 6520936 66
is_linear=0
shrinkage=0.04


Tree=78
num_leaves=31
num_cat=7
split_feature=4 27 8 27 22 19 9 20 19 4 29 19 8 11 19 4 4 7 4 19 3 12 30 19 1 11 17 4 4 7
split_gain=85.456 53.319 47.4708 40.2009 32.6464 29.342 21.4971 22.3495 20.4009 20.1815 18.7782 16.9244 15.4162 14.8584 14.5857 13.9422 13.8958 13.8129 21.0763 16.2378 15.8141 13.6251 12.5444 12.4011 12.5861 24.5008 12.347 15.1917 12.3422 17.2906
threshold=0.023333333333332987 -1.0683333333333338 1.5000000000000002 -2.2891666666666661 15.238166666666668 0 36.500000000000007 18.220000000000002 1 -0.15183333333333324 7.1350000000000007 2 2.5000000000000004 4.5000000000000009 3 -0.10166666666666611 0.08666666666666735 -3.136666666666668 0.046666666666666419 4 7.0650000000000004 2.0500000000000003 5 6 46.180000000000007 8.5000000000000018 1.0000000180025095e-35 -0.091666666666666327 -0.076666666666665759 12.353333333333335
decision_type=2 2 2 2 2 1 2 2 1 2 2 1 2 2 1 2 2 2 2 1 2 8 1 1 2 2 10 2 2 2
left_child=2 23 8 -4 6 10 28 -8 15 -6 17 13 -7 -9 -11 -1 -14 18 20 -20 -3 -10 -13 24 -2 -26 -24 -28 29 -5
right_child=1 5 3 4 9 12 7 11 21 14 -12 22 16 -15 -16 -17 -18 -19 19 -21 -22 -23 26 -25 25 -27 27 -29 -30 -31
leaf_value=0.024890824347568098 -0.011843016749104891 -0.0010195431613364346 -0.025280820303162175 0.0064125699436364293 0.043861061734285639 -0.0022021571286951762 -0.011422260625015038 9.7989562018092387e-06 0.014696709139328525 0.0055693518556717368 0.0093002382376643922 -0.0035782277498128869 -0.0083139404372609624 -0.0082542267854771086 0.00056413974267946444 0.0075250454907990847 -0.025498376226612877 0.00026253984677920952 -0.023719765197725402 -0.0062911795883468583 0.043045391275603279 0.0018606128251336157 -0.0044048208077482592 -0.025443200728548998 -0.0015009640011044237 0.16296297474408525 0.016810334378289705 0.0013576772657048655 0.00044027368827923073 0.06917372528760421
leaf_weight=77.832662222906947 152.8873877087608 384.50436594337225 100.54988224711269 442.92240143753588 19.552526339888573 746.71738108992577 414.13627907820046 525.20947482436895 139.79654809087515 1893.8355643134564 266.42525242641568 1547.6786559801549 1505.3844420704991 1032.3053448814899 1843.8593159597367 1490.9620119640604 79.252973405644298 1611.1149596292526 129.26870989054441 290.4061153549701 13.488147046416996 2470.772587865591 593.7098330873996 215.56064435001463 5.6040035197511306 1.9548708312213419 106.11875903233886 2497.2654336337 4230.162998881191 7.1365827564150086
leaf_count=468 4242 4371 4385 3089 103 8475 5413 4253 836 11552 2280 12919 17839 9110 11464 12022 1152 18154 1824 3567 138 20372 5643 6158 156 59 666 20660 40246 46
internal_value=-0.000274414 -0.00472448 0.000962697 -7.20911e-05 9.51752e-05 -0.00363764 -0.000970837 -0.00242103 0.00473962 0.00332865 -0.000777739 -0.00182954 -0.00691091 -0.00543264 0.00311662 0.00833349 -0.00917339 -0.00188645 -0.00612076 -0.0123747 0.000473837 0.00253827 -0.000634003 -0.0192536 -0.00880329 0.0410326 0.000797977 0.00198756 0.00111028 0.00740777
internal_weight=24836.4 5402.57 19433.8 15254.4 15153.9 5026.56 11396.6 6716.42 4179.36 3757.25 2695.21 6302.29 2331.35 1557.51 3737.69 1568.79 1584.64 2428.78 817.667 419.675 397.993 2610.57 4744.77 376.007 160.446 7.55887 3197.09 2603.38 4680.22 450.059
internal_count=231662 68415 163247 129549 125164 57800 102045 58664 33698 23119 30334 53251 27466 13363 23016 12490 18991 28054 9900 5391 4509 21208 39888 10615 4457 215 26969 21326 43381 3135
cat_boundaries=0 1 2 3 4 5 6 7
cat_threshold=306031 704826 8439056 15808265 265024 200 2728093
is_linear=0
shrinkage=0.04


Tree=79
num_leaves=31
num_cat=6
split_feature=0 0 18 27 0 11 19 11 18 19 12 9 4 19 20 4 19 9 3 4 19 22 31 20 19 27 7 4 11 14
split_gain=283.337 83.8404 53.8833 50.3592 49.4402 38.7729 35.049 34.4193 30.6475 28.1718 24.58 23.2267 23.619 22.1315 21.7901 19.237 19.2171 23.0751 18.7403 18.5762 18.2908 18.3448 17.9017 15.3274 18.5256 15.8312 14.3143 14.2474 14.0589 13.9712
threshold=2.5000000000000004 5.5000000000000009 1.0000000180025095e-35 1.1291666666666667 1.5000000000000002 10.500000000000002 0 10.500000000000002 0.36666666666666675 1 4.0500000000000007 34.500000000000007 -0.081833333333333411 2 13.660000000000002 -0.081666666666665652 3 52.500000000000007 7.1250000000000009 -0.0016666666666664829 4 4.6174999999999988 2.5000000000000004 29.915000000000003 5 1.0450000000000004 11.336333333333334 -0.098166666666666721 6.5000000000000009 -0.1221891534391534
decision_type=2 2 10 2 2 2 1 2 10 1 8 2 2 1 2 2 1 2 2 2 1 2 2 2 1 2 2 2 2 10
left_child=4 2 6 15 8 11 14 10 9 -1 18 -4 -13 -9 -2 -3 17 -5 -6 -8 28 26 -10 24 25 -14 -22 -7 -11 -17
right_child=1 3 5 16 7 27 19 13 22 20 -12 12 23 -15 -16 29 -18 -19 -20 -21 21 -23 -24 -25 -26 -27 -28 -29 -30 -31
leaf_value=-0.0021711316257332987 -0.018190331066476041 0.0036471601126920267 0.0045099078272454029 0.0022947112333879696 0.0032319366152787138 0.017818629597505412 -0.006422070734197205 0.0024709268676078068 0.014808105270509209 0.0060646722144718623 -0.0053557838109801531 0.013651246420413004 -0.00055625053183041716 -0.013368227898022316 -0.0011008301332325885 -0.027260112486171925 -0.00975097922342902 0.052408331368410312 0.033283876725879062 -0.014033419397512341 0.0011588498678071319 0.0070929759104863934 0.0068900146047935476 -0.00069615123185129261 -0.013715742999294865 0.095395944771442087 0.012947353359787426 -0.0084824429709775169 0.014085505823029917 -0.016449085671783114
leaf_weight=841.99216812103987 129.77574806474149 62.763604843989015 1643.2712344005704 234.10333599895239 3088.9703083988279 33.998409658670425 977.60031930170953 215.65423964709044 838.76283845305443 769.80270840227604 588.68975261971354 163.93110870197415 263.78365166857839 404.68800804205239 1489.7793453279883 255.6538349436596 282.72230362147093 15.686219472438095 33.561804417520761 1079.6361485831439 2255.0353731140494 2147.7477768063545 1003.3433414250612 2973.0627719536424 336.89759361557662 2.780201904475688 177.79975387454033 1072.7342052422464 640.62605652213097 759.31011455599219
leaf_count=3793 3771 1127 15254 2066 24096 261 11971 2125 3830 3422 7935 989 3952 4266 18057 12221 2602 140 285 18445 10170 9339 4463 24117 5352 21 778 13579 2840 20477
internal_value=0.000104 -0.00439049 -0.00304741 -0.0128709 0.00417375 -0.000855703 -0.00691632 0.000683693 0.00591636 0.00468192 0.00214149 0.000546034 -0.00119539 -0.00803761 -0.00245506 -0.0178433 -0.00280753 0.00523227 0.00355494 -0.0103661 0.00563927 0.00438925 0.0104953 -0.00187589 -0.00768809 0.000428437 0.00202039 -0.00767448 0.00963944 -0.0191722
internal_weight=24784.2 11777.5 10167.3 1610.24 13006.7 6490.46 3676.79 4331.56 8675.11 6833 3711.22 5383.73 3740.46 620.342 1619.56 1077.73 532.512 249.79 3122.53 2057.24 5991.01 4580.58 1842.11 3576.52 603.461 266.564 2432.84 1106.73 1410.43 1014.96
internal_count=231744 154402 115769 38633 77342 63525 52244 38707 38635 30342 32316 49685 34431 6391 21828 33825 4808 2206 24381 30416 26549 20287 8293 33442 9325 3973 10948 13840 6262 32698
cat_boundaries=0 1 2 3 4 5 6
cat_threshold=631343 8195 4416264 4006187 8786048 2449998
is_linear=0
shrinkage=0.04


Tree=80
num_leaves=31
num_cat=9
split_feature=0 0 11 20 22 8 19 31 5 19 27 19 19 31 19 19 11 19 9 13 30 19 31 27 9 22 16 17 26 21
split_gain=273.013 97.9792 53.0537 60.9818 41.209 32.8095 32.1118 31.1785 30.8702 26.3556 25.7148 24.8308 22.6024 23.9957 22.2744 21.4887 20.2186 18.4479 16.8479 15.5008 15.3622 15.106 14.7401 14.4662 14.4219 16.3798 14.2827 13.9686 13.9023 13.8295
threshold=1.5000000000000002 5.5000000000000009 9.5000000000000018 27.475000000000005 8.3450000000000024 1.5000000000000002 0 2.5000000000000004 5.5000000000000009 1 -2.4324999999999988 2 3 6.5000000000000009 4 5 7.5000000000000009 6 55.500000000000007 0.23611111111111113 7 8 1.5000000000000002 0.43666666666666681 42.500000000000007 30.089166666666671 1.0000000180025095e-35 0.11805555555555557 4.5250000000000012 30.320000000000004
decision_type=2 2 2 2 2 2 1 2 2 1 2 1 1 2 1 1 2 1 2 10 1 1 2 2 2 2 10 10 2 2
left_child=7 2 3 8 27 11 16 9 10 -1 19 28 -9 20 -12 -4 -7 -6 29 -2 -14 -18 -13 26 25 -17 -22 -3 -5 -11
right_child=1 4 15 5 17 6 -8 12 -10 18 14 22 13 -15 -16 24 21 -19 -20 -21 23 -23 -24 -25 -26 -27 -28 -29 -30 -31
leaf_value=0.012087325431444362 -0.033714229859543657 -0.02392369257299741 -0.0025198183425610803 0.074127414632917762 0.0048843885924420918 -0.0017926983890475287 0.0020785684118070431 0.0001712457266376198 -0.016909201542266258 0.002195787387057634 0.0028223971317911218 -0.0064964933386328361 0.0093496613995477391 -0.0056209990255933866 -0.0059473260043245643 -0.00754789513291808 -0.01762347966012176 -0.0093732746242772905 -0.0082104337451511418 0.067443161785232408 -0.014411630279688611 -0.0046515452490459228 0.0044956293966250853 0.008593969711254314 -0.01403040613628025 0.021444088268076995 0.0018823929431340922 -0.013692744715006451 0.011360847204027838 0.0087503294704273336
leaf_weight=1658.9192519336939 60.138926668092608 408.91223093308508 1261.6312366053462 5.694617982953786 194.00804991088808 2335.1653167102486 3663.1882369760424 1993.5099224075675 358.37099773436785 827.61130408942699 622.59058655425906 254.59723354130983 1594.2529337331653 264.51215176284313 1772.467641627416 1253.2742344606668 237.71357101760805 532.17806749604642 136.4748295545578 2.5254860725253812 113.5318239480257 402.30912986025214 836.50348299369216 360.72678790986538 679.85699828527868 31.975280113518238 355.89751853048801 446.85438496340066 662.77740558236837 1363.7071335464716
leaf_count=7480 2720 17219 14263 66 2631 19705 29635 8836 7860 3741 9160 1953 7070 1164 27738 15094 2266 7563 622 48 539 3527 6271 1631 8720 229 1535 10963 4841 6017
internal_value=-8.99383e-05 -0.00318376 -0.00214847 -0.000847931 -0.0126343 0.000860179 -0.000427021 0.00562821 -0.00594173 0.00822793 -0.00434252 0.00571642 0.00341475 0.00579722 -0.0036807 -0.0066683 -0.00350722 -0.00562601 0.00540237 -0.0296374 0.0070669 -0.00981754 0.0019132 0.00253981 -0.00927169 -0.00682661 -0.00205833 -0.0185814 0.0117202 0.00627483
internal_weight=24691.9 16022.7 14440.8 11214 1581.95 8397.95 6638.38 8669.14 2816.09 3986.71 2457.72 1759.57 4682.43 2688.92 2395.06 3226.74 2975.19 726.186 2327.79 62.6644 2424.41 640.023 1091.1 830.156 1965.11 1285.25 469.429 855.767 668.472 2191.32
internal_count=231107 192472 154096 115790 38376 68264 55133 38635 47526 17860 39666 13131 20775 11939 36898 38306 25498 10194 10380 2768 10775 5793 8224 3705 24043 15323 2074 28182 4907 9758
cat_boundaries=0 1 2 3 4 5 6 7 8 9
cat_threshold=9359698 10356192 164159 1911907 524382 6824494 795010 45 8929344
is_linear=0
shrinkage=0.04


Tree=81
num_leaves=31
num_cat=8
split_feature=0 0 14 4 22 0 28 19 9 20 0 19 19 29 8 19 9 19 14 12 8 19 9 19 19 17 9 4 26 29
split_gain=229.513 76.0857 64.1563 42.8476 36.5612 36.0784 33.2205 29.0313 28.8626 28.5351 21.1134 20.4234 19.8701 24.5253 19.4137 22.4551 21.8461 19.4032 16.5151 16.1526 15.0604 17.9871 15.8422 23.192 19.6633 19.5739 15.8831 15.0568 14.8069 15.5808
threshold=3.5000000000000004 1.5000000000000002 -0.1221891534391534 -0.076666666666665759 14.315833333333336 5.5000000000000009 2.5000000000000004 0 51.500000000000007 3.4000000000000008 5.5000000000000009 1 2 7.1750000000000007 3.5000000000000004 3 23.500000000000004 4 0.031514550264550252 3.3875000000000006 5.5000000000000009 5 49.500000000000007 6 7 0.38750000000000007 31.500000000000004 -0.016666666666667048 5.1950000000000012 5.1850000000000014
decision_type=2 2 8 2 2 2 2 1 2 2 2 1 1 2 2 1 2 1 10 10 2 1 2 1 1 8 2 2 2 2
left_child=1 6 9 11 5 7 12 27 14 -2 -11 -4 13 -1 -3 16 -16 18 -7 -18 22 -22 24 -24 -6 -25 -26 -5 29 -13
right_child=2 8 3 4 20 17 -8 -9 -10 10 -12 28 -14 -15 15 -17 19 -19 -20 -21 21 -23 23 25 26 -27 -28 -29 -30 -31
leaf_value=0.0023679023769381299 -0.033572215712736914 0.0025315638114083113 -0.0038372770987771428 -0.003991304240272088 0.0049178894717785641 -0.018976062924335995 0.0028808823140897381 -0.0020676234000694431 -0.0064813956741047079 -0.0096899015012574981 -0.023959209239568111 0.021526000124753759 0.010212702706329601 0.016338965603325546 0.025227236979026881 -0.0044626420094721602 0.0046933454200863683 -0.020022848247861647 0.00079114404471597845 -0.0040091467228283405 0.001727412893737059 -0.019114912313618639 0.032640092371180492 -0.0037292497356795937 0.0065730245039075479 0.026904233249982475 -0.0076580471583777079 -0.012672398280394718 0.010412264721893435 0.072455087023814771
leaf_weight=1390.0509976446629 111.72655392065644 4111.0142159145325 150.38099116832018 481.76325939409435 570.86203395202756 106.40200551040471 4697.042653106153 1842.8562502786517 1020.756027277559 889.95331586524844 203.92654831334949 38.119605232030153 2341.6486688554287 235.02747459709644 62.770278325304389 1873.6974824685603 828.66318660788238 472.31081090122461 185.56348805502057 580.1735028102994 129.57461535930634 130.54511045664549 47.680130125954747 146.84021562710404 156.70892515592277 43.189824061468244 629.71317814849317 950.10841303505003 217.28338177874684 12.851540666073559
leaf_count=6093 6854 34945 1283 5092 4792 3702 20778 23083 10922 17787 8572 494 10666 1088 755 18234 6094 12309 3662 6319 1236 1266 478 1469 1347 336 5583 14667 1549 145
internal_value=-3.47745e-05 0.00252098 -0.00586155 -0.00424678 -0.00512504 -0.00726009 0.0051571 -0.00543374 -0.000173193 -0.0143168 -0.0123501 0.00811854 0.00785239 0.00436163 0.000690388 -0.00157222 0.00212386 -0.0150855 -0.00620032 0.00110957 -0.000476543 -0.00940107 0.000978915 0.0105047 -0.000689396 0.00307146 -0.0047617 -0.00968395 0.0144261 0.0343669
internal_weight=24659.2 17140.8 7518.36 6312.75 5894.12 4039 8663.77 3274.73 8477.07 1205.61 1093.88 418.636 3966.73 1625.08 7456.32 3345.3 1471.61 764.276 291.965 1408.84 1855.11 260.12 1594.99 237.71 1357.28 190.03 786.422 1431.87 268.255 50.9711
internal_count=231600 115894 115706 82493 79022 62515 38625 42842 77269 33213 26359 3471 17847 7181 66347 31402 13168 19673 7364 12413 16507 2502 14005 2283 11722 1805 6930 19759 2188 639
cat_boundaries=0 1 2 3 4 5 6 7 8
cat_threshold=15113088 12878932 4270683 2109230 1933418 14181007 2359520 5314839
is_linear=0
shrinkage=0.04


Tree=82
num_leaves=31
num_cat=10
split_feature=0 0 11 12 27 18 9 19 31 19 0 19 19 9 31 6 27 19 8 19 24 19 19 13 19 22 8 8 19 6
split_gain=220.367 83.395 49.2433 58.216 46.2599 28.105 24.3598 27.7587 24.178 29.9128 23.1788 23.1205 21.2893 24.9029 20.5144 19.0411 18.5041 18.4856 26.2134 17.6336 17.6033 16.8771 16.8522 16.2982 16.1656 16.0744 19.6606 14.7534 17.0731 14.3651
threshold=1.5000000000000002 5.5000000000000009 10.500000000000002 4.1180555555555562 0.11999999999999945 0.36666666666666675 34.500000000000007 0 2.5000000000000004 1 3.5000000000000004 2 3 48.500000000000007 6.5000000000000009 36.010000000000012 2.1900000000000004 4 4.5000000000000009 5 2.5000000000000004 6 7 0.61250000000000016 8 6.830000000000001 1.5000000000000002 4.5000000000000009 9 35.515000000000008
decision_type=2 2 2 10 2 10 2 1 2 1 2 1 1 2 2 2 2 1 2 1 2 1 1 10 1 2 2 2 1 2
left_child=8 2 3 5 -3 6 7 -2 12 -10 14 -5 -1 -14 27 22 19 18 -17 -6 -4 -7 23 -12 -16 26 -11 28 -8 -21
right_child=1 4 20 11 16 21 10 -9 9 25 15 -13 13 -15 24 17 -18 -19 -20 29 -22 -23 -24 -25 -26 -27 -28 -29 -30 -31
leaf_value=0.011862677232151356 -0.002317795602897126 -0.021268130676502513 -0.010748377122380859 -0.013915061349694034 0.0022363853408652085 -0.00010035170816179628 -0.0054369355824042667 0.0064057538754614621 -0.00040364315649227316 0.012375386124414868 -0.005658518018758411 -0.0038518988807875495 0.0075381089559252261 -0.0017643829810319203 -0.01079960604487446 0.0052551967492901154 0.011191636655912763 -0.0057797283718235802 0.11064305282791988 -0.015679829598358799 -0.0032901764870624513 0.0060096331039047133 -0.013369007940550815 0.021859659404758505 0.019706545023512913 0.0098388814988798704 0.0012736183802688024 -0.0053533565843241248 0.0026905117353055851 -0.0043909145089380732
leaf_weight=1268.5398883745074 1067.408487284556 513.80004814825952 1140.7536417432129 620.51519798673689 207.68177844770253 1212.0399609804153 536.28234939463437 1270.8451491612941 1985.8944857940078 320.11497712135315 690.37044897675514 932.2268698066473 2123.9823082312942 587.88019178062677 31.482628747820854 332.39069648832083 85.798223450779915 486.23590605892241 3.8196543287485829 446.72191479057074 910.47212625574321 1803.8338592611253 621.46887692436576 36.24446139857173 121.19618831947446 1090.0200673937798 1259.2198268547654 895.53667916171253 1694.6288029756397 302.46827663481236
leaf_count=5710 10931 23266 14509 11760 3069 9117 4676 12424 8815 1401 8296 16640 9527 2623 285 3643 525 5722 45 7253 11071 13012 8216 287 994 4855 5613 8348 14313 4369
internal_value=0.000135839 -0.00264862 -0.00169839 -0.000745606 -0.0114446 0.00029526 -0.00097432 0.00244095 0.0052833 0.00332619 -0.00243969 -0.00798782 0.00757222 0.00550122 -0.000317303 -0.00564609 -0.00660381 -0.000849553 0.00626612 -0.00819944 -0.00743793 0.0035737 -0.00857239 -0.00422769 0.0139995 0.00607978 0.00352383 -0.00101646 0.000724467 -0.0109757
internal_weight=24599.9 15964.2 14407.8 12356.5 1556.47 10803.8 7787.91 2338.25 8635.65 4655.25 5449.66 1552.74 3980.4 2711.86 3279.13 2170.53 1042.67 822.446 336.21 956.872 2051.23 3015.87 1348.08 726.615 152.679 2669.35 1579.33 3126.45 2230.91 749.19
internal_count=231315 192771 154289 128709 38482 100309 78180 23355 38544 20684 54825 28400 17860 12150 28616 26209 15216 9410 3688 14691 25580 22129 16799 8583 1279 11869 7014 27337 18989 11622
cat_boundaries=0 1 2 3 4 5 6 7 8 9 10
cat_threshold=15618148 1911907 12758464 2032736 9969959 598026 10191760 1141871 1037312 1344641
is_linear=0
shrinkage=0.04


Tree=83
num_leaves=31
num_cat=10
split_feature=0 28 0 0 19 10 11 7 9 7 18 19 19 4 19 19 9 9 20 7 30 31 19 11 19 14 19 1 6 18
split_gain=230.557 61.8688 55.5661 37.4956 30.79 29.7812 31.3373 27.6407 26.7939 26.4133 26.2246 23.9749 22.9587 21.7826 21.308 20.5276 20.3162 18.7648 18.6999 17.0377 16.1487 16.0582 15.2717 32.6631 15.0819 14.5817 18.2623 15.6551 15.9622 16.0398
threshold=3.5000000000000004 3.5000000000000004 1.5000000000000002 5.5000000000000009 0 1 11.500000000000002 0.25916666666666549 49.500000000000007 -2.9266666666666636 0.36666666666666675 2 3 -0.10499999999999997 4 5 62.500000000000007 34.500000000000007 1.655 -1.0000000180025095e-35 6 3.5000000000000004 7 4.5000000000000009 8 0.075925925925926022 9 45.480000000000011 40.795000000000009 1.0000000180025095e-35
decision_type=2 2 2 2 1 1 2 2 2 2 8 1 1 2 1 1 2 2 2 2 1 2 1 2 1 8 1 2 2 10
left_child=2 4 8 7 -2 6 22 24 9 12 17 -10 -1 -5 -11 18 21 -6 19 -7 -19 -12 23 -4 -3 27 -27 -9 29 -29
right_child=1 3 5 13 10 15 -8 25 11 14 16 -13 -14 -15 -16 -17 -18 20 -20 -21 -22 -23 -24 -25 -26 26 -28 28 -30 -31
leaf_value=0.0078446737656416854 -0.0099067672381267305 -0.0074043436508494653 0.0076599190252311638 0.030051060610119078 0.0012592754064524713 -0.0053136385480966634 -0.007499014501936802 -0.0078066831011980552 0.00590849652146027 0.01024405392398901 -0.00099727953128315181 -0.0038332693406258451 -0.00059706471430187298 -0.023097028169131961 0.004783503269418711 -0.0055017847109920968 0.066549370689063206 -0.0026015472003992272 0.00057603736925922622 0.14380525840799979 -0.010134551242222518 0.0077768685479144362 0.0049962941981653306 -0.0033260301713458878 -0.017612477741879535 -0.0097800448485495795 0.014780823587385085 0.069054624085699956 -0.0094403017841172537 0.0035983396471349345
leaf_weight=768.26043514162302 943.67916079610586 468.12200477253646 650.43672313168645 12.69511562027037 689.15431769937277 2.1876081358641386 497.39062467217445 715.35856143757701 669.72792135179043 2304.514159783721 995.74506561644375 987.20542579889297 1529.0846733301878 438.93427449092269 2400.8321072310209 1913.3302500732243 7.8285555876791468 922.13997849076986 1414.2234059069306 2.7887252345681182 937.64095371216536 501.98594208434224 2710.484166353941 1295.3962235450745 584.1673950497061 69.922943504527211 120.19070627912879 12.915282388217749 20.319974313490093 11.170491473749278
leaf_count=3446 10920 9486 4138 271 7580 58 5096 14725 2961 10338 8897 4424 6833 21107 10691 23598 54 10284 16764 62 10804 4466 18181 9486 13332 1041 1754 291 398 205
internal_value=-0.00011626 -0.00599041 0.00243677 -0.0111921 -0.00343668 0.000136512 0.00204043 -0.00884372 0.00469098 0.00577328 -0.00190165 0.00011685 0.0022575 -0.0216031 0.00748983 -0.00280557 0.00227944 -0.00437873 0.000842468 0.0782522 -0.00646792 0.0019435 0.00306382 0.00034449 -0.013309 -0.003897 0.00601049 -0.00637612 0.0166697 0.0386973
internal_weight=24597.8 7451.97 17145.9 2453.8 4998.17 8486.24 5153.71 2002.17 8659.62 7002.69 4054.49 1656.93 2297.35 451.629 4705.35 3332.53 1505.56 2548.94 1419.2 4.97633 1859.78 1497.73 4656.32 1945.83 1052.29 949.878 190.114 759.764 44.4057 24.0858
internal_count=231691 115615 116076 62610 53005 77383 36901 41232 38693 31308 42085 7385 10279 21378 21029 40482 13417 28668 16884 120 21088 13363 31805 13624 22818 18414 2795 15619 894 496
cat_boundaries=0 1 2 3 4 5 6 7 8 9 10
cat_threshold=10895360 3 15157284 13011584 10409296 11039254 90 11356241 1139247 394710
is_linear=0
shrinkage=0.04


Tree=84
num_leaves=31
num_cat=11
split_feature=0 27 0 4 6 19 14 24 4 10 19 9 9 11 0 8 22 19 9 19 10 19 19 19 21 11 4 19 19 6
split_gain=193.438 66.1865 48.1706 50.2167 43.809 27.0607 26.6511 24.0149 22.7165 21.8339 23.2749 20.6014 19.0645 18.6209 17.4874 17.3025 19.8521 18.4658 16.9378 16.8591 21.4289 16.7694 16.3887 16.111 21.0411 24.7477 15.5852 15.1765 14.8867 13.7581
threshold=1.5000000000000002 -1.0683333333333338 3.5000000000000004 -0.081666666666665652 36.010000000000012 0 0.34448412698412706 2.5000000000000004 -0.0066666666666672638 1 2 34.500000000000007 49.500000000000007 10.500000000000002 5.5000000000000009 1.5000000000000002 15.008333333333336 3 42.500000000000007 4 5 6 7 8 37.845000000000006 4.5000000000000009 -0.13333333333333328 9 10 48.815000000000005
decision_type=2 2 2 2 2 1 10 2 2 1 1 2 2 2 2 2 2 1 2 1 1 1 1 1 2 2 2 1 1 2
left_child=9 8 7 26 5 11 14 12 23 18 -11 -5 15 -6 -7 17 -17 -3 -1 -9 29 -15 -18 -2 -25 -26 -4 -28 -14 -21
right_child=1 2 3 4 13 6 -8 19 -10 10 -12 -13 28 21 -16 16 22 -19 -20 20 -22 -23 -24 24 25 -27 27 -29 -30 -31
leaf_value=0.01007071410542492 -0.014411789261611819 0.011629295114075931 0.029187956499740791 0.0021998922226170131 0.00037711575002130306 -0.010336272741073635 0.0051474482990643503 0.0051147754644899433 -0.018662938727254157 0.0063696149136323842 0.001271931027582306 -0.006960340790912318 -0.013754230287261094 0.00016060194352806372 -0.019753274080992114 -0.0040968593336137742 -0.0034940448185897268 -0.00066192584608612006 0.0034798449586942353 0.0045832782657066759 -0.0036293281010496533 -0.017577231341160768 0.0078537410367743327 -0.0013223230990350116 0.14417491250268183 0.017869281438371073 -0.0045822558480095709 0.012985909127804599 -0.0023440497114331194 0.033607494211029161
leaf_weight=1784.7363923192024 175.27094141207635 328.80456754565239 56.217357035726309 552.59941322449595 2086.6516905445606 1611.4116023685783 152.85784162208438 1889.3632737472653 515.18608086369932 2460.3089691102505 3453.8032454177737 1358.67206878867 337.0841277576983 163.48509562015533 392.33534072805196 2164.642167378217 341.89625506103039 467.8208923637867 959.1371636390686 533.8044704683125 1104.5033751614392 180.89406277611852 482.13144627213478 201.51635287422687 3.400190506130456 9.1918043103069049 125.10915622860193 193.05253874137998 418.23813044652343 27.476134773343801
leaf_count=8312 4898 2490 443 7768 26115 21413 1185 15736 18279 10727 15310 19299 3453 2695 9679 20670 2106 3622 4342 3497 10709 3159 2932 5435 52 166 1086 1579 4140 167
internal_value=-2.17716e-05 -0.00264501 -0.00201008 -0.00447272 -0.00529333 -0.00783215 -0.0109014 8.06945e-05 -0.0131521 0.0047877 0.00339977 -0.00428943 -0.00184702 -0.00104508 -0.0121801 -0.000689227 -0.00208544 0.00454891 0.00773863 0.00254276 -0.000402749 -0.00966239 0.00319835 -0.00586082 0.00173132 0.0519753 0.00977241 0.0063418 -0.0076493 0.00589899
internal_weight=24531.6 15873.6 14969.1 6873.29 6498.91 4067.88 2156.6 8095.76 904.565 8657.99 5914.11 1911.27 4540.62 2431.03 2003.75 3785.3 2988.67 796.625 2743.87 3555.15 1665.78 344.379 824.028 389.379 214.108 12.592 374.379 318.162 755.322 561.281
internal_count=231464 192773 163943 94421 91313 59344 32277 69522 28830 38691 26037 27067 39413 31969 31092 31820 25708 6112 12654 30109 14373 5854 5038 10551 5653 218 3108 2665 7593 3664
cat_boundaries=0 1 2 3 4 5 6 7 8 9 10 11
cat_threshold=5857387 1 11505808 13156658 3024550 1 5776509 4063921 13803815 8749085 1970049
is_linear=0
shrinkage=0.04


Tree=85
num_leaves=31
num_cat=6
split_feature=0 14 19 5 22 0 14 4 0 9 18 19 4 0 19 30 4 9 18 8 31 4 19 8 8 19 8 26 6 23
split_gain=174.751 57.7142 43.1053 37.1217 26.0652 26.3973 25.2454 25.1593 27.1646 21.5896 21.5056 21.4065 20.4914 19.6535 19.4902 18.6708 18.2674 17.4205 15.9355 15.5163 15.4784 15.3653 15.151 14.467 14.2794 21.2294 14.2406 13.6279 12.6931 11.9969
threshold=2.5000000000000004 -0.19986772486772483 0 1.5000000000000002 8.1775000000000002 4.5000000000000009 -0.2000661375661375 -0.10999999999999986 5.5000000000000009 41.500000000000007 0.45000000000000007 1 0.041666666666667414 5.5000000000000009 2 3 -0.098166666666666721 34.500000000000007 0.22500000000000003 5.5000000000000009 3.5000000000000004 -0.035000000000000579 4 4.5000000000000009 3.5000000000000004 5 3.5000000000000004 5.9450000000000012 31.755000000000006 1.5000000000000002
decision_type=2 8 1 2 2 2 10 2 2 2 10 1 2 2 1 1 2 2 8 2 2 2 1 2 2 1 2 2 2 2
left_child=3 13 7 11 5 12 23 -3 15 14 -10 -1 20 -2 26 -9 -6 -17 19 -19 21 -4 -21 -5 -11 -26 -8 -13 -18 -27
right_child=1 2 4 6 16 -7 9 8 10 24 -12 27 -14 -15 -16 17 28 18 -20 22 -22 -23 -24 -25 25 29 -28 -29 -30 -31
leaf_value=0.0099164686707834439 -0.011190837300716103 0.018486667024295508 0.0017035462140912625 -0.0011368135559085238 0.019796755835137667 -0.013432597330857825 0.010250148629990059 -0.0047601856446626116 -0.011232929493270332 0.0025397452524065175 0.0082192295808809143 0.00076220281573663809 -0.016407088911619946 -0.028545381993306283 0.0019699418950110065 0.0058808927675779825 -0.0063462411293408461 -0.00074616587048248874 0.0043223931512954986 0.0068812577888137114 0.0020455527201274615 -0.0087072963193570822 -0.016276117729975871 -0.012675558614977031 -0.0072596472187293681 0.009615107916770501 0.003740422438374746 0.007366320319102844 -0.00026432283854734641 -0.00098350501899598704
leaf_weight=1706.8909262735397 681.05597751494497 112.18049291707575 298.68846498429775 521.75591804459691 58.951777424663305 927.79067110270262 1123.0054750684649 889.71948478464037 570.63749962393194 1923.8500293660909 108.1745810797438 1091.845725633204 233.05188869312406 123.31188791058958 2675.6850255355239 1105.273779194802 930.32547927834094 1573.7248211409897 886.23727181553841 55.806867279112339 515.08370037563145 942.73949527740479 193.95789871737361 260.73042402788997 784.42199882492423 229.76527293771505 1031.5894089322537 922.2099758759141 1339.6500995587558 666.76504839211702
leaf_count=9052 15259 817 2539 4128 350 22328 6733 9354 13926 11711 1327 5852 3729 7144 16007 11900 8838 17446 7455 654 5514 11492 2372 2110 4922 1218 6405 4562 11820 4478
internal_value=6.04444e-05 -0.00351673 -0.00274287 0.00325273 -0.00533147 -0.00786075 0.00189144 -0.000261585 -0.000652742 0.00252902 -0.00813306 0.00662493 -0.00526244 -0.0138513 0.00427723 0.000426542 -0.00218603 0.00164434 -7.76472e-05 -0.00221612 -0.00378378 -0.00620244 -0.011478 -0.00498161 0.000186506 -0.00250678 0.00710043 0.00376744 -0.00275693 0.00171362
internal_weight=24484.9 11546.4 10742 12938.5 5246.28 2917.35 9217.57 5495.71 5383.53 8435.08 678.812 3720.95 1989.56 804.368 4830.28 4704.72 2328.93 3815 2709.73 1823.49 1756.51 1241.43 249.765 782.486 3604.8 1680.95 2154.59 2014.06 2269.98 896.53
internal_count=231442 154264 131861 77178 66610 45602 57712 65251 64434 51474 15253 19466 23274 22403 29145 49181 21008 39827 27927 20472 19545 14031 3026 6238 22329 10618 13138 10414 20658 5696
cat_boundaries=0 1 2 3 4 5 6
cat_threshold=5781051 14096560 10941712 129 4195329 586867
is_linear=0
shrinkage=0.04


Tree=86
num_leaves=31
num_cat=9
split_feature=0 27 0 19 18 9 14 12 31 9 11 19 19 18 5 11 4 8 27 19 27 24 19 7 19 19 19 4 19 9
split_gain=176.921 61.2614 50.0925 36.9343 27.0272 26.955 25.9806 24.1039 20.5224 20.779 20.4828 32.4826 31.375 20.289 19.8317 19.1304 18.1417 21.0835 17.7426 17.6106 17.3374 16.2905 16.197 15.7673 19.0129 15.6194 15.1502 14.0971 13.5679 18.7728
threshold=3.5000000000000004 -0.50999999999999945 1.5000000000000002 0 0.36666666666666675 51.500000000000007 0.35023148148148159 5.1833333333333345 5.5000000000000009 49.500000000000007 6.5000000000000009 1 2 0.55000000000000016 2.5000000000000004 8.5000000000000018 -0.081666666666665652 4.5000000000000009 2.2908333333333339 3 1.0450000000000004 7.5000000000000009 4 -5.7844999999999969 5 6 7 0.041666666666666526 8 21.500000000000004
decision_type=2 2 2 1 10 2 10 8 2 2 2 1 1 10 2 2 2 2 2 1 2 2 1 2 1 1 1 2 1 2
left_child=2 7 4 15 8 10 21 14 9 23 12 18 -4 16 28 27 -5 -18 -12 -11 -8 -7 -19 -1 -25 -6 -10 -3 29 -2
right_child=1 3 5 13 25 6 20 -9 26 19 11 -13 -14 -15 -16 -17 17 22 -20 -21 -22 -23 -24 24 -26 -27 -28 -29 -30 -31
leaf_value=0.00036783386355699314 0.044373602120020242 -0.0039117299180726536 -0.0016646536483492524 0.0092969192417859028 0.0044689281527540018 -0.0080949386698507524 0.082877676375739021 -0.029664584925587739 0.0038110258693056075 0.0040887036655663763 0.0031922751336129363 -0.004116290320935522 0.0056863098477549267 0.0074061797659055167 -0.015654282448000705 -0.013195060251727874 -0.0008641720656904216 -0.00085589041550637149 0.035362292511497952 -0.0051557664213724031 0.011938259655606924 0.024174521564428012 -0.012070115514108129 0.0092999116581349486 0.0036667505386415449 0.012106364044036181 -0.0092020534945227214 -0.014935343555667993 -0.011651458956560817 -0.00048728111238089815
leaf_weight=953.29901073873043 16.235110309906304 1486.0762420538813 1528.8639842215925 206.83529368601739 839.22224356234074 952.87037424184382 7.8266032636165646 131.68975384905934 234.25510892271996 629.30732682347298 1188.3981071729213 2365.1071515437216 2352.6176060512662 394.47989732213318 682.23395812232047 688.01715439744294 2261.7381405644119 333.79693607985973 28.078747510910034 671.29966475069523 18.641234189271927 25.705899186432362 572.81258692406118 1698.5340487733483 2298.9454671666026 964.51215548813343 346.93612678349018 212.10106391273439 191.2054353998974 184.94976697862148
leaf_count=4268 517 17193 13510 1604 3809 10476 55 7640 1036 2793 10715 22497 19558 3336 22177 10514 27688 4459 120 3023 87 254 8130 7592 10172 4423 1531 3595 4573 4251
internal_value=-8.54169e-05 -0.00527001 0.00214616 -0.00365477 0.00428965 -3.99041e-05 -0.00618958 -0.0135126 0.00313993 0.00380836 0.000788268 -0.00139324 0.00280122 -0.00117441 -0.0115333 -0.00753668 -0.00218076 -0.00293004 0.00390274 -0.000690973 0.0329152 -0.00724726 -0.00808382 0.00499037 0.00609272 0.00864479 -0.00404976 -0.00528857 -0.00436822 0.00298453
internal_weight=24466.6 7362.17 17104.4 6155.86 8636.31 8468.11 1005.04 1206.31 6832.58 6251.39 7463.07 3581.58 3881.48 3769.66 1074.62 2386.19 3375.18 3168.35 1216.48 1300.61 26.4678 978.576 906.61 4950.78 3997.48 1803.73 581.191 1698.18 392.39 201.185
internal_count=231596 115677 115919 76519 38647 77272 10872 39158 30415 27848 66400 33332 33068 45217 31518 31302 41881 40277 10835 5816 142 10730 12589 22032 17764 8232 2567 20788 9341 4768
cat_boundaries=0 1 2 3 4 5 6 7 8 9
cat_threshold=10933008 5383692 5976705 16663140 65675 9881472 4863690 9337176 12340038
is_linear=0
shrinkage=0.04


Tree=87
num_leaves=31
num_cat=9
split_feature=0 18 0 11 14 27 7 19 19 26 4 4 9 0 31 19 19 14 3 6 19 19 27 30 5 4 19 29 7 19
split_gain=146.384 60.2699 35.7435 35.1377 32.74 25.9927 24.5025 25.2754 22.9713 22.555 21.3926 20.2614 20.1139 18.7229 18.5159 19.7623 17.1292 17.0565 18.1698 16.3434 15.479 14.8364 18.347 14.6668 13.7153 13.6773 13.1506 13.0832 18.6901 13.0528
threshold=2.5000000000000004 1.0000000180025095e-35 5.5000000000000009 9.5000000000000018 -0.18320105820105811 -1.5049999999999994 2.2570833333333344 0 1 4.6850000000000014 -0.12333333333333261 -0.081666666666665652 58.500000000000007 3.5000000000000004 2.5000000000000004 2 3 -0.05000000000000001 6.7250000000000005 39.955000000000005 4 5 1.9826666666666666 6 4.5000000000000009 0.031833333333333165 7 6.0950000000000006 7.554166666666668 8
decision_type=2 8 2 2 8 2 2 1 1 2 2 2 2 2 2 1 1 10 2 2 1 1 2 1 2 2 1 2 2 1
left_child=4 2 5 8 23 -2 7 -6 24 -9 -5 -10 21 20 -7 -16 -15 -4 19 29 25 -8 -23 26 -3 -12 -1 28 -21 -19
right_child=1 3 17 10 6 14 12 9 11 -11 13 -13 -14 16 15 -17 -18 18 -20 27 -22 22 -24 -25 -26 -27 -28 -29 -30 -31
leaf_value=-0.0052323251305251527 -0.020374970850363196 -0.00099114704417899505 -0.025336615415189102 0.028845595941146617 -0.00027966481254117556 -0.0083263173100064074 0.010655927038103741 -0.0021216679190724738 0.014693967578111894 0.0057134924321976021 0.01001191517097264 0.0017446421864819944 -0.01393420730700516 -0.0036782314127205224 -0.0096683601593759577 0.00014364532542250838 -0.013634823732024721 0.029393251743609773 -0.015307439892835678 0.1860099473805765 -0.0062823080864107704 0.0043773309203870283 0.019762768892504851 -0.0063164250963409574 -0.0083515079526776635 -0.011372141761783021 0.010082063842748176 -0.006474743246548168 0.040941936125240226 -0.013288920346271622
leaf_weight=152.25794730708003 187.1480008456856 1808.1658335458487 233.43970928154886 27.993553571403027 3467.0253338068724 1492.336687175557 1014.0818021800369 710.14953687600791 205.99713626876473 3413.4974803738296 240.68285332620144 3143.6369431037456 79.00906840339303 510.82716101966798 425.77288254536688 1340.9807735644281 666.21665195375681 6.8946991683915257 185.10720662493259 2.2704916112124902 398.41210057213902 2957.3687198609114 129.44011537730694 817.09536113217473 522.00617919210345 59.733404904603958 195.74095350317657 3.0372217185795307 3.7978669386357069 25.693013530224562
leaf_count=1132 7179 17676 12139 228 20228 20121 5761 5370 1375 19007 2195 32240 486 8259 5932 17490 11786 139 4672 50 4020 16753 626 6358 7450 737 1489 37 82 528
internal_value=4.54613e-05 -0.00324013 -0.00727653 -0.00116091 0.0029639 -0.00587828 0.00359702 0.00224274 0.000415461 0.00435361 -0.0058637 0.00253344 0.00605639 -0.00638167 -0.00504583 -0.00227488 -0.00946084 -0.0177465 -0.00993423 0.0139214 -0.00119539 0.00644153 0.00500627 -0.00343232 -0.00262874 0.00557445 0.00342266 0.0612988 0.0952195 0.000683341
internal_weight=24425.8 11490.2 3906.48 7583.67 12935.7 3446.24 11770.6 7590.67 5679.81 4123.65 1903.87 3349.63 4179.9 1875.87 3259.09 1766.75 1177.04 460.24 226.8 41.6933 698.828 4100.89 3086.81 1165.09 2330.17 300.416 347.999 9.10558 6.06836 32.5877
internal_count=231545 154335 68369 85966 77210 50722 68231 44605 58741 24377 27225 33615 23626 26997 43543 23422 20045 17647 5508 836 6952 23140 17379 8979 25126 2932 2621 169 132 667
cat_boundaries=0 1 2 3 4 5 6 7 8 9
cat_threshold=1631323 8899092 14827776 598143 11151114 8568900 161 6694584 851984
is_linear=0
shrinkage=0.04


Tree=88
num_leaves=31
num_cat=11
split_feature=0 27 0 7 20 4 17 31 19 19 6 19 19 28 19 19 9 19 27 30 5 9 19 30 14 20 19 22 26 3
split_gain=143.114 51.9008 46.6672 32.0253 26.9808 26.02 25.388 24.4032 27.0699 25.788 24.3034 24.1202 24.0448 22.5217 20.9018 20.4982 20.1155 21.6627 17.9755 17.7266 17.1829 16.9244 16.7453 16.2508 15.9955 15.9929 21.3392 15.9608 15.8839 15.0964
threshold=3.5000000000000004 -0.32333333333333297 1.5000000000000002 0.25916666666666549 3.4000000000000008 -0.13333333333333328 0.47222222222222227 3.5000000000000004 0 1 34.595000000000006 2 3 1.5000000000000002 4 5 51.500000000000007 6 1.9300000000000002 7 5.5000000000000009 21.500000000000004 8 9 0.29917328042328045 53.305000000000007 10 4.9199999999999973 6.785000000000001 7.0750000000000011
decision_type=2 2 2 2 2 2 8 2 1 1 2 1 1 2 1 1 2 1 2 1 2 2 1 1 10 2 1 2 2 2
left_child=2 4 7 5 -2 -3 15 9 -9 28 12 19 18 -11 -8 29 25 -18 -4 -7 -14 22 -6 -19 -13 -12 -27 -10 -1 -5
right_child=1 3 10 6 21 11 14 8 27 13 16 24 20 -15 -16 -17 17 23 -20 -21 -22 -23 -24 -25 -26 26 -28 -29 -30 -31
leaf_value=0.0012373428624125309 -0.03027115743844077 0.035265208817930847 0.00071896279710154023 0.0017750336785028232 0.029226237089869322 0.0021586180931000404 -0.0023815846496219595 -0.0053390835294652552 1.0232458213202629e-05 0.013713912647617883 0.0041880315252960593 -0.011294528658069878 -0.0032288908453643492 0.0059492303360651824 0.018653712410405525 -0.0050556089130399263 -0.016652873261373394 0.0095111360157181333 0.018648600113278659 -0.0067669398480369449 -0.0130363412486579 -0.010748560840712422 -0.0081774428764257376 -0.0093113400139248174 0.00072949472209521903 -0.015328689406258313 0.004016585927740836 0.0072758883341589777 0.010220107285970037 0.043081188574486368
leaf_weight=2273.852791890502 111.19190470967442 24.359099801629782 1561.4295332022011 1257.1389584261924 25.740285441279411 693.96067320927978 125.41012358106673 790.80010506510735 1032.9621779769659 792.31818626821041 2995.7635645456612 1353.278415247798 2689.755028385669 2433.1043304875493 188.56869935430586 1190.2395344208926 167.51020635664463 157.05236127227545 94.903790086507797 716.20270012505352 319.81283487565815 1371.9116361737251 37.196613116189837 121.19056330434978 203.65849759615958 155.67153941839933 198.90132565796375 909.85238851606846 365.60157397389412 14.31796928681433
leaf_count=10104 7539 164 14277 13945 834 8437 1067 3503 4629 3963 26171 18788 25287 10594 1494 13995 1746 1601 416 8878 4335 37572 1296 1283 1623 921 1132 4015 1717 177
internal_value=-9.93583e-05 -0.00478084 0.00190741 -0.00303612 -0.0112891 -0.00590736 5.83318e-05 0.00398278 0.000861502 0.00543761 -0.000201435 -0.00624538 -0.002135 0.00783232 0.01077 -0.0013079 0.00217517 -0.0058076 0.00173581 -0.00239028 -0.00425694 -0.00981809 0.0104646 0.00127426 -0.00965966 0.00323726 -0.00479579 0.00339538 0.00247222 0.0022227
internal_weight=24373.7 7313.18 17060.5 5767.13 1546.04 2991.46 2775.68 8598.49 2733.61 5864.88 8461.99 2967.1 4665.9 3225.42 313.979 2461.7 3796.09 445.753 1656.33 1410.16 3009.57 1434.85 62.9369 278.243 1556.94 3350.34 354.573 1942.81 2639.45 1271.46
internal_count=231503 115809 115694 68568 47241 37890 30678 38525 12147 26378 77169 37726 44315 14557 2561 28117 32854 4630 14693 17315 29622 39702 2130 2884 20411 28224 2053 8644 11821 14122
cat_boundaries=0 1 2 3 4 5 6 7 8 9 10 11
cat_threshold=1583266 91739 5319371 2173454 9388314 5825843 1443267 362 3679546 269 15140938
is_linear=0
shrinkage=0.04


Tree=89
num_leaves=31
num_cat=8
split_feature=0 20 23 4 0 9 27 19 19 14 17 4 0 24 19 9 19 19 6 19 3 21 24 19 6 14 20 27 6 30
split_gain=152.8 44.9658 38.0009 35.6827 39.4928 32.2248 30.3642 27.2116 26.7622 26.2686 20.2751 17.416 16.8179 17.1283 16.9557 16.4926 19.4135 15.847 15.5764 15.0395 14.6298 14.3719 26.4027 14.2587 17.2172 14.4903 13.9051 13.7854 13.6841 14.481
threshold=3.5000000000000004 3.4000000000000008 1.5000000000000002 -0.073333333333332792 5.5000000000000009 47.500000000000007 0.11999999999999945 0 1 -0.19074074074074066 0.76388888888888895 0.041666666666666526 1.5000000000000002 2.5000000000000004 2 49.500000000000007 3 4 32.235000000000007 5 6.6150000000000011 49.695000000000007 3.5000000000000004 6 41.985000000000007 0.31679894179894191 49.100000000000009 2.2908333333333339 33.775000000000013 7
decision_type=2 2 2 2 2 2 2 1 1 10 10 2 2 2 1 2 1 1 2 1 2 2 2 1 2 10 2 2 2 1
left_child=2 -2 23 20 7 9 -6 11 -7 -4 15 -5 13 17 -15 19 -17 -11 -9 -8 26 -18 -23 24 25 -1 -3 -21 -10 -30
right_child=1 3 5 4 6 8 10 18 28 12 -12 -13 -14 14 -16 16 21 -19 -20 27 -22 22 -24 -25 -26 -27 -28 -29 29 -31
leaf_value=-0.00027784883237956591 -0.030400841829248591 0.031687053587249117 -0.0041801261906430007 -0.0068147497771154112 -0.020863934581617484 0.0067013338361056954 -0.0035101609561056114 -0.0049668431465845217 -0.0071274728919110608 0.003480439690542644 0.058289120816247646 -0.019973782586596045 0.0010343170704244507 0.0071825326878845767 -0.00083358903825207482 -0.012717702189776321 0.006249606686149811 0.0098923300007223713 0.0001601303861362689 -0.017347145192214499 0.0029106158037507947 0.022523370427185978 0.12292003476259274 0.0076423367427563742 0.011480368991103461 0.012146475300366374 -0.011601028773516623 0.010430585546229207 0.0027431036072927233 -0.0058180596492873986
leaf_weight=1365.3449251763523 108.92798205558211 55.735202204436064 974.97687914036214 1259.7590182144195 390.4311883924529 409.76470010355115 333.59411120600998 1643.5697099138051 1288.2219888847321 1305.7077573686838 7.4226095788180819 184.49154367297888 4625.1787334680557 602.46577602624893 1357.8238227143884 55.183770246803761 55.257148453965783 1228.7021430879831 2240.726633483544 412.12729308381677 451.1419596998021 21.723289374262098 5.1930188536643973 2160.5491886846721 305.99503498896956 168.75779414176941 15.086700249463318 30.715913020074368 671.04887655749917 581.44089704565704
leaf_count=7582 7573 558 9307 16999 18407 3126 5110 22426 10267 5745 57 3682 42062 2627 5903 949 1024 5446 27527 6727 4113 276 60 11816 1611 818 101 192 5043 4358
internal_value=-3.93186e-05 -0.00489419 0.00203156 -0.00450626 -0.00529784 0.000985677 -0.0115155 -0.00376735 -0.00269164 0.00206047 -0.00755338 -0.00843729 0.00272763 0.0044701 0.00166243 -0.00808821 0.00468818 0.00664174 -0.0020041 -0.0103484 0.00556392 0.0159801 0.0418931 0.00544198 0.00280168 0.00108888 0.0224657 -0.0150799 -0.00421632 -0.00125578
internal_weight=24317.1 7271.09 17046 7162.16 6640.2 13045.3 1311.65 5328.55 2950.48 10094.9 921.217 1444.25 9119.88 4494.7 1960.29 913.795 137.357 2534.41 3884.3 776.437 521.964 82.1735 26.9163 4000.65 1840.1 1534.1 70.8219 442.843 2540.71 1252.49
internal_count=231492 115781 115711 108208 103436 93884 32802 70634 22794 71090 14395 20681 61783 19721 8530 14338 2309 11191 49953 12029 4772 1360 336 21827 10011 8400 659 6919 19668 9401
cat_boundaries=0 1 2 3 4 5 6 7 8
cat_threshold=10899712 2490372 12747601 10169364 6306131 1649179 1717459 299
is_linear=0
shrinkage=0.04


Tree=90
num_leaves=31
num_cat=2
split_feature=0 14 0 20 4 0 23 7 9 11 6 31 3 14 30 24 31 4 4 2 20 9 28 23 18 29 11 16 30 24
split_gain=143.92 46.198 38.197 33.1456 31.886 30.9935 22.1282 20.8406 24.0197 20.1095 18.9571 17.6583 16.5937 16.5158 15.7145 14.9204 14.7108 13.1167 12.8366 16.2484 14.6478 13.0571 12.1235 11.8689 12.6311 16.7497 11.9726 11.3906 11.328 12.5217
threshold=3.5000000000000004 0.13333333333333341 1.5000000000000002 3.4000000000000008 -0.084000000000000061 5.5000000000000009 1.5000000000000002 3.8983333333333356 36.500000000000007 10.500000000000002 34.280000000000008 4.5000000000000009 6.7750000000000012 -0.12962962962962954 0 1.5000000000000002 1.5000000000000002 0.028333333333333769 -0.0039999999999991145 1500.0000000000002 23.695000000000004 24.500000000000004 3.5000000000000004 3.5000000000000004 1.0000000180025095e-35 6.9350000000000014 9.5000000000000018 0.90000000000000013 1 12.500000000000002
decision_type=2 8 2 2 2 2 2 2 2 2 2 2 2 8 1 2 2 2 2 2 2 2 2 2 10 2 2 10 1 2
left_child=2 3 6 -2 -5 10 -1 8 13 14 22 23 -3 -4 18 -12 -9 -17 19 -8 -21 -20 -6 -10 25 -25 -26 -16 29 -14
right_child=1 12 7 4 5 -7 9 16 11 -11 15 -13 28 -15 27 17 -18 -19 21 20 -22 -23 -24 24 26 -27 -28 -29 -30 -31
leaf_value=0.0076554047038709574 -0.029854085419947888 0.0036788027982210918 -0.006279108572106438 0.0091038771760114188 -0.0056791545433068757 -0.014664911573657964 -0.012950578754578165 -0.002403465532202941 -0.0026969035980315241 0.0081389948880764701 -0.0077975714345332858 0.0028445703004415478 0.00013200104031916402 0.0033340303820287242 -4.4509337647916507e-05 0.0025487216303922036 0.0049822561524642374 -0.0078294804780074841 0.017238970393756783 -0.0003925997931540671 0.0087786600851155732 -0.00038007213324890368 -0.012019889159499213 -0.01377446600482227 0.00038812387127859678 0.053209567888380029 -0.012204516435771385 -0.027084246416888218 -0.0063160365956241643 0.066967905010804629
leaf_weight=1933.8737287521362 100.05149799212813 986.48635276313871 332.51666041277349 198.39872396923602 1114.7217950113118 755.05694394372404 68.879837162792683 563.51046508178115 2038.1673799995333 962.97535127401352 582.69627874903381 643.92626998387277 763.91021019872278 2041.7982461676002 2723.3489053696394 836.40172272361815 1841.7653359118849 254.0299847535789 71.666802950203419 351.91117157042027 1338.1231335103512 1103.9516005367041 850.6326267849654 453.51299509964883 357.31123976968229 6.0525995939970008 182.50471243262291 25.156681746244431 778.92978919111192 4.5115014798939219
leaf_count=8954 7234 8540 5067 2103 12884 25332 299 4798 16292 4338 8622 5978 7983 16882 12107 11138 15452 4612 346 1635 5793 4930 19050 6641 3855 64 2223 115 7892 43
internal_value=3.07228e-06 -0.00472754 0.00200898 -0.00707793 -0.00658167 -0.00728998 0.0038896 0.00010196 -0.00114916 0.00279381 -0.00575954 -0.00317226 -0.000375264 0.00198774 0.00188808 -0.00263027 0.00325192 0.000130987 0.00391662 0.00609281 0.00686895 0.000694001 -0.00842351 -0.00444776 -0.0080185 -0.0128923 -0.00386928 -0.000290942 -0.00295986 0.000517666
internal_weight=24266.8 7225.83 17041 4691.99 4591.94 4393.54 8579.89 8461.07 6055.79 6646.01 3638.48 3681.48 2533.84 2374.31 5683.04 1673.13 2405.28 1090.43 2934.53 1758.91 1690.03 1175.62 1965.35 3037.55 999.382 459.566 539.816 2748.51 1547.35 768.422
internal_count=231202 115433 115769 90975 83741 81638 38517 77252 57002 29563 56306 35053 24458 21949 25225 24372 20250 15750 13003 7727 7428 5276 31934 29075 12783 6705 6078 12222 15918 8026
cat_boundaries=0 1 2
cat_threshold=53 484
is_linear=0
shrinkage=0.04


Tree=91
num_leaves=31
num_cat=6
split_feature=0 20 0 5 19 31 19 20 9 1 9 14 7 11 22 19 9 3 7 30 19 12 6 0 9 7 9 30 21 20
split_gain=113.819 41.9875 33.2479 32.9489 40.4708 23.352 23.0709 22.18 21.9182 27.3881 20.4399 22.6516 21.1122 20.4066 19.1716 18.3919 18.2953 16.8594 15.4657 15.0724 14.8067 14.6517 16.007 14.1809 13.9704 13.8616 17.232 13.5869 14.729 13.5819
threshold=3.5000000000000004 3.4000000000000008 1.5000000000000002 2.5000000000000004 0 3.5000000000000004 1 28.98 21.500000000000004 17.680000000000003 51.500000000000007 0.35023148148148159 -0.12333333333333128 10.500000000000002 0.61083333333333389 2 53.500000000000007 6.6550000000000011 8.5466666666666669 3 4 2.9500000000000006 44.035000000000004 5.5000000000000009 34.500000000000007 -1.7333333333333287 59.500000000000007 5 56.550000000000004 7.8800000000000008
decision_type=2 2 2 2 1 2 1 2 2 2 2 10 2 2 2 1 2 2 2 1 1 10 2 2 2 2 2 1 2 2
left_child=2 -2 6 8 14 7 19 -6 9 -3 12 -12 20 15 -5 -10 18 -11 21 -1 -4 -8 29 -9 -17 -16 27 -27 -29 -23
right_child=1 3 10 4 5 -7 16 23 13 17 11 -13 -14 -15 25 24 -18 -19 -20 -21 -22 22 -24 -25 -26 26 -28 28 -30 -31
leaf_value=0.007115637928675215 -0.029635731583356941 0.12243474078973239 0.002524879642377333 -0.0062797759661555068 -0.017982392012193746 -0.0032340033685198111 0.0079275797040738744 -0.0064855878268908996 -0.0042075437472462373 0.090729576072028154 -0.0062896869808144931 0.031287155813629071 0.0028257256334726813 -0.0094409086707511209 -0.0026936904513882322 0.0079441512440445658 -0.0020075467193427926 0.0086525361758224874 0.011330517637322499 -0.0010824551328095504 -0.0031154496866075791 -0.021737550818311614 -0.014971073057966459 -0.01586566380546545 0.00016208633894689017 0.015352367220358777 0.070508622179352387 -0.003069438316452637 0.024998248208625614 0.003991622812967075
leaf_weight=424.47885625064373 101.8205506419763 4.2828305922448626 1053.8942987117916 432.52324684523046 527.50184582732618 916.90539311151952 1641.5258134454489 1213.259339209646 916.75470286794007 4.4357874654233447 971.35252079740167 26.363827250897884 3910.5679686050862 397.97147436346859 271.53970557823777 564.95086685288697 551.67301794886589 41.156385431066155 669.66144724190235 2051.7147575989366 2486.3269293848425 33.174154348671436 75.028668880462646 327.48212524969131 1064.6593812508509 191.96982206404209 7.1250956561416379 203.40219788625836 35.072543200105429 3134.5110936239362
leaf_count=1895 7549 82 9501 9471 15069 16581 7670 15507 10388 84 10755 137 33063 5934 3687 6609 2452 921 3034 9165 23699 204 331 7477 11320 2261 85 2493 341 13816
internal_value=7.65762e-05 -0.00413109 0.00186111 -0.0037664 -0.00608404 -0.00851892 0.00361472 -0.0109031 -0.000572111 0.0257229 7.9844e-05 -0.00529675 0.00079981 -0.00101753 0.000354214 0.00029896 0.00493181 0.016638 0.00562998 0.000345862 -0.00143804 0.0048484 0.00328965 -0.00847931 0.00284252 0.00440563 0.00881121 0.00778994 0.00101588 0.00372217
internal_weight=24253.1 7222.81 17030.3 7120.99 4126.78 2985.15 8581.77 2068.24 2994.21 49.875 8448.51 997.716 7450.79 2944.34 1141.63 2546.36 6105.57 45.5922 5553.9 2476.19 3540.22 4884.24 3242.71 1540.74 1629.61 709.109 437.57 430.445 238.475 3167.69
internal_count=231581 115859 115722 108310 72972 54634 38567 38053 35338 1087 77155 10892 66263 34251 18338 28317 27507 1005 25055 11060 33200 22021 14351 22984 17929 8867 5180 5095 2834 14020
cat_boundaries=0 1 2 3 4 5 6
cat_threshold=8271 9263 10658380 129 6563850 102
is_linear=0
shrinkage=0.04


Tree=92
num_leaves=31
num_cat=9
split_feature=0 14 0 11 19 19 10 11 27 19 4 11 4 19 27 8 18 19 11 7 8 19 15 26 4 19 27 27 19 27
split_gain=100.934 48.9767 40.4325 33.4865 49.7795 45.2574 27.2115 23.0324 22.6828 23.49 21.9242 19.6667 22.4046 19.4433 18.2998 18.1738 17.4397 16.673 21.1105 16.6323 16.3627 17.4325 16.0993 18.6279 15.5427 15.3693 16.8751 13.9334 13.7694 13.7063
threshold=4.5000000000000009 -0.05000000000000001 1.5000000000000002 6.5000000000000009 0 1 2 5.5000000000000009 1.7520833333333339 3 -0.13333333333333328 11.500000000000002 -0.061666666666666085 4 -1.7116666666666664 4.5000000000000009 0.45000000000000007 5 1.5000000000000002 2.4163333333333292 1.5000000000000002 6 2.5000000000000004 5.495000000000001 0.048333333333333346 7 1.8800000000000006 -1.0483333333333333 8 1.2044999999999997
decision_type=2 8 2 2 1 1 1 2 2 1 2 2 2 1 2 2 10 1 2 2 2 1 10 2 2 1 2 2 1 2
left_child=2 14 6 5 11 7 29 17 9 10 -3 27 -13 -10 -2 16 -6 -4 -19 -7 -8 -22 23 -16 -23 26 -9 -5 -24 -1
right_child=1 8 3 4 15 19 20 25 13 -11 -12 12 -14 -15 22 -17 -18 18 -20 -21 21 24 28 -25 -26 -27 -28 -29 -30 -31
leaf_value=0.0047218035363257296 -0.028405242005219006 0.064108967608252979 -0.010296674084830327 -0.010580248129855294 -0.0053806279478695717 0.002340638880632281 0.0059305130575738191 0.013615055448781109 -0.0046626783284973864 -0.0080014846971419844 -0.0003457279019191612 0.019275370596770248 -0.010482893855756384 0.012254211903035349 -0.001515031787985369 -0.011028029980689698 0.0061839852963077417 -0.01323502790622972 0.00024978133497471406 0.0077119337356781172 -0.0035279532612574032 0.0028115863352649547 -0.017902820850431444 0.13994306022380276 -0.0078081073311595754 -7.7111845674636276e-05 0.067342190695209331 0.0035678419421312237 -0.0071739962124387005 0.01087174761845522
leaf_weight=1857.7826880514622 117.52974124345928 8.5230733864009363 571.75961825810373 117.3714108215645 1908.2979686111212 2563.0454907501116 1203.4904642403126 123.10688425414264 183.63002312928438 1397.3346280548722 907.25567175727338 45.973695576190948 338.76171355880797 247.53599222749472 3.941320100799202 850.20934495981783 234.25064992159605 224.96039609145373 1065.6876012710854 1440.963127464056 1162.9292163997889 3305.7450008541346 368.65653598681092 2.3942680098116398 236.26651409268379 250.96253676712513 10.122754842042921 2179.4532381165773 493.21088086161762 842.90545557439327
leaf_count=8352 8552 70 5857 2636 20038 24408 5265 1143 1295 24512 15010 354 3960 1632 107 9689 1733 2475 9786 12017 5205 14493 11633 47 1099 2395 46 19290 14178 4288
internal_value=0.000108524 -0.00594459 0.00120807 -0.00030006 -0.00252476 0.00171953 0.00329706 -0.00282003 -0.00319755 -0.00476761 0.000251401 0.00143749 -0.00692695 0.00522552 -0.0135923 -0.00605955 -0.00411624 -0.0046721 -0.00208448 0.00426301 0.00176548 0.000703846 -0.0115871 0.0519431 0.00209729 0.00608464 0.0164616 0.00284485 -0.0120541 0.00661675
internal_weight=24264.1 3730.01 20534 11924.9 5674.32 6250.61 8609.12 2246.6 2744.28 2313.11 915.779 2681.56 384.735 431.166 985.733 2992.76 2142.55 1862.41 1290.65 4004.01 5908.43 4704.94 868.203 6.33559 3542.01 384.192 133.23 2296.82 861.867 2700.69
internal_count=231565 77036 154529 115827 57700 58127 38702 21702 42519 39592 15080 26240 4314 2927 34517 31460 21771 18118 12261 36425 26062 20797 25965 154 15592 3584 1189 21926 25811 12640
cat_boundaries=0 1 2 3 4 5 6 7 8 9
cat_threshold=7545486 5449600 1 1681427 3397660 5373952 26635 1057024 15108308
is_linear=0
shrinkage=0.04


Tree=93
num_leaves=31
num_cat=9
split_feature=0 19 23 17 0 23 19 30 31 4 7 19 19 10 0 27 14 26 30 4 6 6 27 7 19 4 19 9 20 14
split_gain=99.7749 43.9389 50.822 28.8948 23.2416 23.0348 23.2097 21.6248 17.9791 16.7127 16.5966 24.4601 18.2584 16.6257 16.0042 19.8572 15.802 13.6914 13.0123 12.9702 12.4973 22.4417 12.3297 12.2228 13.8655 12.8802 12.78 12.1335 11.7741 11.2408
threshold=2.5000000000000004 0 2.5000000000000004 0.11805555555555557 5.5000000000000009 1.5000000000000002 1 2 3.5000000000000004 -0.081833333333333411 -5.6859999999999973 3 4 5 5.5000000000000009 1.1291666666666667 0.31679894179894191 4.5450000000000008 6 0.041666666666667414 36.850000000000009 39.505000000000003 2.6326666666666676 5.5691666666666668 7 0.030000000000000696 8 34.500000000000007 27.950000000000006 0.47519841269841273
decision_type=2 1 2 8 2 2 1 1 2 2 2 1 1 1 2 2 10 2 1 2 2 2 2 2 1 2 1 2 2 10
left_child=5 7 8 4 -4 6 -1 9 -3 -2 12 -12 -7 -13 28 -16 19 20 -15 -8 -10 -22 -19 26 -25 -26 -5 -28 -9 -29
right_child=1 2 3 23 -6 10 16 14 17 -11 11 13 -14 18 15 -17 -18 22 -20 -21 21 -23 -24 24 25 -27 27 29 -30 -31
leaf_value=0.009074107006427223 0.016103273872471797 -0.0034110082900809502 -0.01034758058077663 -0.0018542474203656783 -0.025101256922055001 -0.0070291141078530359 0.0017626239126020177 -0.0021265573621408328 0.0091887446895258795 -0.0074794740610713154 -0.00030565094213004713 0.0084447803428496435 0.0010231625908234743 0.0059311492238287205 -0.011631924259997258 0.0055602536973407245 0.013794190231070362 0.0012922667136494711 0.00066327700181658268 -0.012075252322990242 0.12956662263820462 0.024044044037292073 0.031142327913139454 0.016880800383215839 0.0010015871627874118 -0.020066805049239949 -0.0033374536139701471 -0.013807258388975729 0.0036763859676961848 0.051097170255586105
leaf_weight=1363.4633470289409 51.427367388270795 2156.1948725143448 1548.7931712865829 578.19722379930317 192.01867476664484 731.22546952404082 1325.6688652560115 719.72322241589427 32.457669297233224 739.05653115361929 3798.3716554027051 1059.7258343957365 1148.0710509419441 1199.7870852071792 302.4414137089625 166.76076448336244 162.33454498648643 957.41053163725883 2000.585813768208 118.02276960015297 4.3779027657583383 12.241421950049697 22.664413556456566 64.006749133579433 313.62625707965344 54.495158595964313 302.97805660031736 547.29386894032359 2511.9583781827241 4.3029866255819789
leaf_count=7107 408 20766 28408 8315 10072 4792 6814 13312 563 9983 23361 5770 7383 7661 10453 1493 798 8685 12911 697 73 181 108 887 3807 928 4358 8422 22636 30
internal_value=-0.000235049 -0.00298276 -0.00500905 -0.0082688 -0.011975 0.00216677 0.00525805 9.19825e-05 -0.00133484 -0.00587096 0.00124307 0.00203247 -0.0021419 0.00410824 0.00137801 -0.00552159 0.00194971 0.00301497 0.00265047 0.000631368 0.0236324 0.0518411 0.00198255 -0.00480922 0.00108735 -0.00206129 -0.00658765 -0.00965553 0.00238402 -0.0133009
internal_weight=24189.7 11282.4 6791.06 3605.71 1740.81 12907.3 2969.49 4491.37 3185.35 790.484 9937.77 8058.47 1879.3 4260.1 3700.88 469.202 1606.03 1029.15 3200.37 1443.69 49.077 16.6193 980.075 1864.9 432.128 368.121 1432.77 854.575 3231.68 551.597
internal_count=231182 153888 95603 65227 38480 77294 15416 58285 30376 10391 61878 49703 12175 26342 47894 11946 8309 9610 20572 7511 817 254 8793 26747 5622 4735 21125 12810 35948 8452
cat_boundaries=0 1 2 3 4 5 6 7 8 9
cat_threshold=599595 11913484 129 6368195 1594666 1 177 8388864 2146452
is_linear=0
shrinkage=0.04


Tree=94
num_leaves=31
num_cat=6
split_feature=0 14 9 14 16 4 19 19 6 29 0 22 26 4 19 27 4 19 15 27 22 13 27 9 19 6 22 19 17 0
split_gain=89.3585 48.8132 32.7471 27.3485 23.3831 22.3564 22.0889 19.322 19.6282 17.6654 17.664 16.5075 16.3431 16.0769 19.6372 14.9153 14.8853 17.7851 13.2643 12.7772 19.5685 12.7037 12.4501 14.8406 12.5306 12.2657 12.1456 11.9601 18.1201 11.8316
threshold=3.5000000000000004 -0.12585978835978831 41.500000000000007 0.15535714285714286 0.36666666666666675 -0.13333333333333328 0 1 42.775000000000013 4.8550000000000013 5.5000000000000009 7.1555000000000009 6.6950000000000012 0.026666666666666842 2 1.3508333333333338 -0.01666666666666616 3 5.5000000000000009 0.040000000000000265 -3.0999999999999956 0.31666666666666671 -2.4324999999999988 29.500000000000004 4 35.730000000000011 4.9199999999999973 5 0.5634920634920636 5.5000000000000009
decision_type=2 8 2 10 10 2 1 1 2 2 2 2 2 2 1 2 2 1 10 2 2 10 2 2 1 2 2 1 8 2
left_child=2 10 4 5 13 11 9 21 29 -4 22 -3 -11 -1 -15 -14 17 19 -6 20 -5 -7 -2 24 -24 -22 -8 28 -10 -9
right_child=1 3 6 16 18 7 26 8 27 12 -12 -13 15 14 -16 -17 -18 -19 -20 -21 25 -23 23 -25 -26 -27 -28 -29 -30 -31
leaf_value=0.0017739650901733442 -0.029896227687566914 0.0064300236754350291 -0.0030173049834347253 0.0028700812833489069 0.0047625771968748528 0.0033183986490297034 -0.0050208239949073715 -0.0069597207048959766 0.010252890881485809 0.0054278309965809712 -0.022502094722984901 0.064178200730769464 -0.010124003369852228 0.0077176194814317688 -0.008251445379220769 0.0056035147626793671 -0.0019453027799671643 0.0018132978099876706 -0.013020690630884044 0.01254066490781091 0.12860203021643876 -0.004394793159447092 -0.011095570662570402 -0.011292056149843185 0.0085022509559827802 0.0297477723695279 -0.00048906959639224816 -0.003454250547366873 0.11404842652660879 -0.014807411809218716
leaf_weight=3532.1670723650604 44.399099766276777 21.350125197321177 840.12743674404919 7.5935364887118366 5895.2438217662275 619.22612874768674 1826.6353981215507 1744.0392880151048 115.20754345227033 1795.3352405261248 199.59017578419298 12.590574976056812 230.64331340417266 150.61052613891661 553.74338731728494 165.85656065493822 1183.961772525683 809.80014842189848 67.8818313870579 196.20212441310287 5.2999073360115272 762.16160340420902 73.89024168998003 601.31734914332628 128.68873937427998 3.2335379738360643 1963.3072629924864 232.51635641977191 2.7554167844355097 373.15144795365632
leaf_count=24779 2857 197 7180 108 35842 10335 15047 24944 1735 11724 11927 80 1408 1382 5457 799 12496 6168 620 1345 68 10838 1913 12447 3245 47 11631 3561 43 11219
internal_value=-6.42706e-05 -0.00382122 0.00151098 -0.00244891 0.00294583 -0.0044695 -0.000634311 -0.00475451 -0.00686358 0.00190805 -0.0117955 0.0278522 0.00380463 0.000673613 -0.00484439 -0.00354516 0.00110759 0.00464385 0.00456014 0.0146633 0.0495792 -0.000930512 -0.00927639 -0.00813756 0.00122597 0.0911437 -0.0026662 0.00187671 0.0116867 -0.00834286
internal_weight=24158.5 7136.98 17021.6 6089.09 10199.6 3883 6821.91 3849.06 2467.67 3031.96 1047.89 33.9407 2191.84 4236.52 704.354 396.5 2206.09 1022.13 5963.13 212.329 16.127 1381.39 848.295 803.896 202.579 8.53345 3789.94 350.479 117.963 2117.19
internal_count=231442 115573 115869 83184 68080 62952 47789 62675 41502 21111 32389 277 13931 31618 6839 2207 20232 7736 36462 1568 223 21173 20462 17605 5158 115 26678 5339 1778 36163
cat_boundaries=0 1 2 3 4 5 6
cat_threshold=6705340 1648651 36940 5308545 4386112 2131204
is_linear=0
shrinkage=0.04


Tree=95
num_leaves=31
num_cat=11
split_feature=0 15 0 11 19 19 27 29 12 19 30 7 11 19 19 10 19 7 5 18 7 20 11 19 12 19 7 17 19 16
split_gain=79.9299 46.2639 52.0252 30.0832 42.5043 38.5432 24.7122 20.9402 20.2218 19.4363 18.8725 20.0065 18.2412 18.0968 17.9753 17.741 17.0858 15.7478 15.5253 15.0099 22.96 19.84 15.4644 15.6738 21.1147 14.547 14.0066 19.2303 14.9751 14.5541
threshold=1.5000000000000002 1.5000000000000002 4.5000000000000009 6.5000000000000009 0 1 0.90333333333333365 6.5250000000000012 4.9500000000000011 2 3 4.7424999999999988 9.5000000000000018 4 5 6 7 -5.8849999999999989 1.5000000000000002 0.36666666666666675 9.5483333333333373 40.555000000000007 4.5000000000000009 8 2.5634920634920637 9 5.6800000000000042 0.58571428571428574 10 0.22500000000000003
decision_type=2 8 2 2 1 1 2 2 8 1 1 2 2 1 1 1 1 2 2 10 2 2 2 1 10 1 2 10 1 8
left_child=7 -2 3 5 12 15 8 10 14 18 -1 13 -5 -12 -4 -3 -13 -15 -8 22 25 -22 -7 -24 -25 -21 27 -6 29 -28
right_child=1 2 6 4 26 19 9 -9 -10 -11 11 16 -14 17 -16 -17 -18 -19 -20 20 21 -23 23 24 -26 -27 28 -29 -30 -31
leaf_value=0.0060354604158927242 0.0017227638694349312 0.00020968205289455727 -0.0045592407973369838 0.0061050228368403261 -0.008826411174478686 0.0040936729792630817 0.008811803605024612 0.0069768886123386933 -0.026080310931646023 0.0054025956416844812 -0.004071742753686324 -0.00065041350964220037 -0.0031142552599870634 -0.0038670710312363548 -0.013021363223343225 -0.0094342303799441994 0.0091613932099896059 0.0034011433563523878 -0.016406979616185969 0.015499584357297915 0.062513188011085158 0.014636182086050924 -0.0096903881109164456 0.03697989501157159 -0.00012304486630207212 -0.00014415428302904602 0.020362134083919445 0.038457147440337472 -0.0064463366016032511 -0.001001298215120623
leaf_weight=1565.7082215473056 4774.9081267789006 549.30066548101604 761.61020798515528 718.62024732213467 2073.3013298194855 1821.5607490744442 51.525175016373396 1883.5389672219753 123.80320134665817 324.88844512403011 1359.59841080755 458.05935999006033 657.61605147458613 631.738610483706 939.61677777487785 690.56661176774651 753.65160685777664 1946.79899507761 161.42216679826379 153.31520248949528 22.721283255144954 35.463892973959446 295.52799014747143 25.666433988139033 559.5724270734936 236.84716574661434 81.180116891860962 13.854086920619009 353.61081967316568 137.34646747261286
leaf_count=6961 38860 4199 20017 7480 24956 19476 434 8798 8263 3354 6095 2028 7349 2845 27548 9564 3337 8676 1897 1169 188 193 3430 193 6195 1794 977 125 3735 1331
internal_value=0.000154653 -0.00155539 -0.00300622 -0.00153532 -0.00402829 0.000756084 -0.00825152 0.00324973 -0.0104722 -0.000716118 0.00220436 0.00102588 0.00168745 -0.000355063 -0.00933636 -0.00519418 0.00552251 0.00161418 -0.00984277 0.00310429 0.00989226 0.0333321 0.00198957 -0.00236203 0.00147888 0.00639665 -0.00696645 -0.00851255 -0.00144805 0.00663151
internal_weight=24162.9 15563.8 10788.9 8426.07 4035.53 4390.54 2362.87 8599.09 1825.03 537.836 6715.56 5149.85 1376.24 3938.14 1701.23 1239.87 1211.71 2578.54 212.947 3150.68 448.348 58.1852 2702.33 880.767 585.239 390.162 2659.29 2087.16 572.137 218.527
internal_count=231467 192727 153867 92354 45953 46401 61513 38740 55828 5685 29942 22981 14829 17616 47565 13763 5365 11521 2331 32638 3344 381 29294 9818 6388 2963 31124 25081 6043 2308
cat_boundaries=0 1 2 3 4 5 6 7 8 9 10 11
cat_threshold=5448204 5448320 10916485 33 2646087 5841963 3 3215114 561473 2883685 2622864
is_linear=0
shrinkage=0.04


Tree=96
num_leaves=31
num_cat=8
split_feature=4 26 18 4 8 19 20 19 21 11 19 11 19 19 10 20 8 3 8 19 19 27 26 29 20 27 4 23 1 27
split_gain=47.5324 33.4769 28.0945 21.9057 23.4543 22.1765 18.6281 18.1793 15.759 14.8526 14.451 14.4467 33.3194 27.7478 15.602 16.1186 13.7662 12.863 12.4257 12.0769 11.9887 19.4538 13.6608 11.8128 11.6597 11.5897 11.9934 11.4591 11.4533 11.2587
threshold=0.023333333333332987 4.745000000000001 0.36666666666666675 -0.10999999999999986 5.5000000000000009 0 3.4000000000000008 1 22.045000000000005 2.5000000000000004 2 4.5000000000000009 3 4 5 45.845000000000006 1.5000000000000002 6.9850000000000012 1.5000000000000002 6 7 1.8800000000000006 6.9250000000000007 4.9050000000000011 55.455000000000005 0.90333333333333365 0.044999999999999492 2.5000000000000004 25.845000000000002 2.1900000000000004
decision_type=2 2 10 2 2 1 2 1 2 2 1 2 1 1 1 2 2 2 2 1 1 2 2 2 2 2 2 2 2 2
left_child=2 8 3 19 6 -6 23 17 9 10 -2 12 -8 -13 15 -15 29 -3 -16 -1 21 -17 -23 -5 -14 26 -9 -20 -19 -4
right_child=1 7 16 4 5 -7 11 25 -10 -11 -12 13 24 14 18 20 -18 28 27 -21 -22 22 -24 -25 -26 -27 -28 -29 -30 -31
leaf_value=-5.7088262769807527e-05 0.009876713307760715 -0.00051286409516649169 0.0065173405473932678 -0.020948346618614194 0.0003156461552977021 -0.0085148621345770715 -0.0019362535603626508 -0.0033115968178575954 -0.0042948328970217244 -0.017040709539096713 -0.012406187762417175 0.0033699344158922844 0.0056375871261196862 0.005903787864746564 0.00058532895078023588 -0.00032229079761802646 0.0024359808927697023 -0.0083405239720947093 -0.0012260577081199152 0.016810212335587927 -0.0056150035257890984 0.003127352353414041 0.040588695438394835 0.064452740011715526 -0.011092080864198472 -0.00024472503041850474 -0.011527563125165299 -0.0068731495978710117 0.010372905275299065 0.024456613151252363
leaf_weight=115.01475602388382 71.337270935997367 1732.7681403541937 1076.9618495954201 81.637326189316809 864.49695094674826 960.00688499212265 1705.809408435598 650.13235884066671 575.54216439090669 475.16628887970001 101.15667861700058 2137.6389714321122 2632.2550259148702 672.17106863297522 850.00909617822617 407.61918577924371 3831.3403973784298 61.975897994823754 862.74615086615086 181.56564805470407 612.82280399091542 28.516059339046478 34.320300959050655 2.676429438404738 68.38682134822011 655.31567969173193 505.17426737397909 1723.4596250383183 336.1841282825917 59.044364556670189
leaf_count=768 1396 18141 7562 4782 8406 9103 14600 8159 10229 11710 2286 18906 21596 5631 8065 2834 27883 633 6518 1208 4136 148 180 31 424 4699 7579 19695 3435 280
internal_value=7.064e-05 -0.00333024 0.000999572 7.92173e-05 -0.000154548 -0.00437568 0.000497011 -0.00153624 -0.0091111 -0.0133911 -0.00333743 0.000631605 0.0024416 -0.000456579 -0.0020347 0.00103205 0.0035826 0.000972298 -0.00359984 0.0108339 -0.00198133 0.00281155 0.0235882 -0.0182374 0.00519472 -0.00446923 -0.00690415 -0.00498931 0.00746005 0.00744974
internal_weight=24073.3 5164.75 18908.5 13941.2 13644.6 1824.5 11820.1 3941.55 1223.2 647.66 172.494 11735.8 4406.45 7329.3 5191.66 1755.45 4967.35 2130.93 3436.21 296.58 1083.28 470.456 62.8364 84.3138 2700.64 1810.62 1155.31 2586.21 398.16 1136.01
internal_count=231023 68267 162756 127031 125055 17509 107546 42646 25621 15392 3682 102733 36620 66113 47207 12929 35725 22209 34278 1976 7298 3162 328 4813 22020 20437 15738 26213 4068 7842
cat_boundaries=0 1 2 3 4 5 6 7 8
cat_threshold=16075393 8498989 2689142 5448333 5449216 9 3141 8405414
is_linear=0
shrinkage=0.04


Tree=97
num_leaves=31
num_cat=1
split_feature=23 7 27 9 7 9 18 22 14 14 29 6 6 29 22 21 26 18 30 6 21 6 7 13 1 7 22 3 27 12
split_gain=50.7891 34.3188 37.8906 21.0711 19.208 17.7115 17.3968 16.3285 13.3804 13.0916 12.5307 11.7607 17.0492 12.0886 11.3791 11.3684 12.6119 12.1495 11.4372 11.264 11.0928 10.954 15.8574 10.9142 13.8656 12.1558 10.7763 10.0849 9.98903 10.8738
threshold=1.5000000000000002 3.8983333333333356 -1.2949999999999995 36.500000000000007 -0.25291666666666751 47.500000000000007 1.0000000180025095e-35 4.6174999999999988 0.33346560846560858 -0.064880952380952414 7.2950000000000008 16.935000000000006 30.125000000000004 3.0150000000000001 11.263333333333332 48.660000000000004 7.205000000000001 0.55000000000000016 0 34.945000000000007 57.605000000000011 16.935000000000006 -11.939999999999998 1.0000000180025095e-35 52.790000000000006 -4.5500000000000016 -5.5366666666666662 6.6150000000000011 -0.47449999999999987 3.1055555555555561
decision_type=2 2 2 2 2 2 10 2 10 8 2 2 2 2 2 2 2 10 1 2 2 2 2 10 2 2 2 2 2 10
left_child=4 2 23 -4 9 -3 7 10 -8 21 -5 -10 -13 -14 28 16 -6 -17 -19 -15 -12 22 -1 24 26 -26 -2 -16 29 -9
right_child=1 5 3 6 15 -7 8 14 11 -11 20 12 13 19 27 17 -18 18 -20 -21 -22 -23 -24 -25 25 -27 -28 -29 -30 -31
leaf_value=-0.00082833773117288163 -0.025322126535344359 0.0030277798214291517 0.0003864762505530564 -0.0075295081243345928 0.0077184825628097082 -0.0025323490032373155 -0.0018335165470493874 0.066845025588180618 -0.021777507028087024 0.0019861434917017549 0.034968834138695823 0.025798301577876655 0.047725503788346502 -0.011925690416722572 0.046417762871936441 0.0020966614216561099 0.030623168786918988 0.0019113575921466037 0.018279430520056036 0.01350219482113133 -0.030608149921342309 -0.0079568436141015698 0.058224895933568666 -0.008607776645895366 0.17099743683831672 -0.01073513868299571 0.010230016774851261 -0.0070150882475585544 0.00037349279943788444 0.011418667544605346
leaf_weight=27.542622493579984 153.25007162243128 3972.1632275590673 4915.7594636715949 2136.5977475624532 1168.143967253156 1191.6541940430179 4165.1646330459043 6.214951053261756 19.03637670725584 2384.4946065815166 19.512576440349225 77.722644435241818 8.5718808844685537 68.053192825987935 5.7281520180404177 1565.1024467786774 39.773447968065739 139.443922650069 148.05781217291951 47.210086362436414 5.2343736402690402 362.83627217169851 9.8872924298048002 376.07986654620618 1.1199441282078626 1.2419465575367201 14.974327978678046 423.27008434664458 600.48027131147683 63.801973059773445
leaf_count=230 7547 38462 47807 25567 7756 12166 40263 79 125 16027 170 505 57 451 36 10463 203 812 868 314 54 3273 85 8631 49 53 334 3343 5285 871
internal_value=2.08546e-05 -0.00101733 -0.00210531 -0.00165671 0.00326629 0.00174467 -0.0029702 -0.00518288 -0.00132506 0.000862476 -0.00720173 0.00827539 0.0111138 0.00189733 -0.00121432 0.00545352 0.00847267 0.00348501 0.0110429 -0.00151082 0.0210983 -0.00583152 0.0147709 -0.0124143 -0.0208062 0.0754375 -0.0221575 -0.00630163 0.00204065 0.0163385
internal_weight=24118.1 18272.8 13109 12562.4 5845.28 5163.82 7646.6 3260.84 4385.76 2784.76 2161.34 220.594 201.558 123.835 1099.5 3060.52 1207.92 1852.6 287.502 115.263 24.747 400.266 37.4299 546.666 170.586 2.36189 168.224 428.998 670.497 70.0169
internal_count=231886 192169 141541 124927 39717 50628 77120 35405 41715 19615 25791 1452 1327 822 9614 20102 7959 12143 1680 765 224 3588 315 16614 7983 102 7881 3379 6235 950
cat_boundaries=0 1
cat_threshold=58
is_linear=0
shrinkage=0.04


Tree=98
num_leaves=31
num_cat=12
split_feature=0 0 11 12 28 7 19 31 19 31 19 22 19 19 9 30 17 22 19 30 12 11 19 19 10 8 19 12 5 9
split_gain=83.077 45.3389 38.0272 45.196 26.8489 23.4176 23.2897 21.64 25.8658 21.0782 19.2977 18.9405 18.2367 17.057 16.5092 15.4149 15.2743 14.6896 14.271 13.8522 14.0826 13.4764 19.9879 18.531 13.3747 15.1281 15.2206 25.0488 13.0442 12.7836
threshold=1.5000000000000002 5.5000000000000009 10.500000000000002 4.2361111111111116 4.5000000000000009 1.3283333333333369 0 2.5000000000000004 1 2.5000000000000004 2 14.530833333333334 3 4 34.500000000000007 5 0.18333333333333338 -12.008166666666661 6 7 2.3541666666666674 5.5000000000000009 8 9 10 3.5000000000000004 11 3.0500000000000003 1.5000000000000002 51.500000000000007
decision_type=2 2 2 10 2 2 1 2 1 2 1 2 1 1 2 1 10 2 1 1 10 2 1 1 1 2 1 8 2 2
left_child=9 2 3 7 5 -3 -5 8 -2 10 29 21 19 14 -9 -14 -12 28 -4 20 -11 23 -23 -10 -15 -26 27 -27 -8 -1
right_child=1 4 18 6 -6 -7 17 13 11 12 16 -13 15 24 -16 -17 -18 -19 -20 -21 -22 22 -24 -25 25 26 -28 -29 -30 -31
leaf_value=0.0022298104238563854 -0.0072116264259179334 -0.010815986197324559 -0.011119108400196595 -0.014491122840695134 -0.020350266956568892 0.00059017480886849351 0.0085018145728474864 0.011044209745657417 0.005810088253625543 0.018499366504930195 0.0040252382779455264 0.0043068009758523923 0.0062224495009581141 0.0025827988511989207 0.0029701050661134452 -8.7474704991503174e-05 0.0097110781809272469 0.0010659969274081733 -0.0037254813247457668 -0.0038901454972194633 0.001011810003168367 0.0021287491086914474 -0.0080611693180049279 -0.0030891056273961593 0.0013707046848086366 0.030606763312513184 -0.010774722384449287 -0.0041451376675527354 -0.015896449474332663 -0.011089729023082898
leaf_weight=773.40558178722858 944.32431986555457 671.91920385323465 620.97818894870579 462.2942351391539 250.49163759686053 504.02708616945893 43.266613610088825 578.28552694804966 673.95230343006551 82.719071239233017 1473.4665084406734 1207.6002882001922 1518.3250102549791 2519.8346179425716 1353.6613254100084 1050.7457325011492 1552.3920830488205 478.42608454544097 1352.7945551006123 1299.8925991356373 674.20778696238995 469.6446134801954 882.26191619317979 818.25443876441568 858.10307400673628 40.295283919200301 448.39117624424398 188.08459304645658 184.86044918745756 135.48763747513294
leaf_count=3473 9779 14048 8314 9872 15716 8852 922 5449 6935 388 6574 7847 6795 18738 12723 4736 7193 7519 17217 5831 2997 4976 10109 8647 10464 428 6234 2748 5510 619
internal_value=7.84394e-05 -0.00166354 -0.000977212 -0.00014076 -0.00845994 -0.00592715 -0.00761849 0.000655068 -0.00128856 0.00324302 0.00539513 0.000109442 0.00141246 0.00227708 0.00535917 0.00365137 0.00691944 -0.00287596 -0.00612684 -0.00139502 0.00288479 -0.00167236 -0.00456513 0.000948433 0.000793389 -0.00214203 -0.0066276 0.00190315 -0.0112691 0.000241624
internal_weight=24112.4 15551.8 14125.3 12151.5 1426.44 1175.95 1168.85 10982.7 4996.04 8560.64 3934.75 4051.71 4625.89 5986.66 1931.95 2569.07 3025.86 706.553 1973.77 2056.82 756.927 2844.11 1351.91 1492.21 4054.71 1534.87 676.771 228.38 228.127 908.893
internal_count=231653 193047 154431 128900 38616 22900 23823 105077 48293 38606 17859 38514 20747 56784 18172 11531 13767 13951 25531 9216 3385 30667 15085 15582 38612 19874 9410 3176 6432 4092
cat_boundaries=0 1 2 3 4 5 6 7 8 9 10 11 12
cat_threshold=12758464 1966144 4198923 5614690 1338435 45 1415240 49 6301212 8441995 3 2622112
is_linear=0
shrinkage=0.04


Tree=99
num_leaves=31
num_cat=9
split_feature=0 0 14 31 14 19 11 19 19 6 29 19 29 19 15 4 22 19 19 31 14 16 6 14 19 4 19 4 17 29
split_gain=74.5035 42.5986 33.9937 27.0633 25.0475 21.3396 24.5906 21.566 21.3433 20.4632 20.0288 19.627 18.0984 17.7072 17.6863 17.4617 15.9366 14.7805 13.6092 13.6 14.1928 13.598 13.4262 12.8225 12.517 14.1571 11.9281 11.9005 11.8407 11.4215
threshold=1.5000000000000002 5.5000000000000009 -0.1221891534391534 2.5000000000000004 -0.16643518518518513 0 5.5000000000000009 1 2 35.595000000000006 5.9350000000000014 3 7.4050000000000011 4 1.5000000000000002 -0.079166666666666594 7.9999999999999991 5 6 2.5000000000000004 0.18888888888888899 0.36666666666666675 36.305000000000007 0.31679894179894191 7 -0.10166666666666611 8 -0.073333333333332792 0.5277777777777779 2.4050000000000007
decision_type=2 2 8 2 8 1 2 1 1 2 2 1 2 1 8 2 2 1 1 2 8 10 2 10 1 2 1 2 10 2
left_child=11 3 -3 4 18 -6 8 -8 21 10 17 -1 19 -4 27 -15 -17 28 -2 20 -13 -7 -18 -12 25 -11 -14 -9 -5 -27
right_child=1 2 13 9 5 6 7 14 -10 24 23 12 26 15 -16 16 22 -19 -20 -21 -22 -23 -24 -25 -26 29 -28 -29 -30 -31
leaf_value=-0.00085232455653126758 -0.0029395992410778701 -0.023902936427894646 -0.013634334598486545 -0.0087746688176468263 -0.0063970930400800829 -0.012345018082180689 0.00086620710281057041 0.022045987628758052 0.0049156209719715821 0.031100098376646283 0.00080861339058799068 0.0041247843427328016 0.020042388486727996 0.017297168489292494 -0.0099971898144412194 -0.010571677848836503 -0.0047586134424302436 -0.0015298371298714684 -0.015544832673787083 0.0017004300896685295 0.011618879646969813 0.00078214871826909089 0.0095273871594921417 0.011152614458187755 0.00041707899832792438 0.01674396199236974 0.0054444662643178612 -0.0022152522350856276 0.037913118762490483 0.0039726431954560668
leaf_weight=1783.2972034737468 245.03987275995314 194.95846110209823 332.22977978084236 739.04445095546544 1451.1079027084634 211.41933278366923 1026.1860308181494 35.103331923484802 1473.0296041695401 33.963487397879362 1651.1675860658288 2339.4503926113248 165.95039039850235 63.952394912950695 926.09070388227701 368.10223184805363 277.08372255973518 1997.7318414058536 360.93234330695122 3542.9284700676799 488.83250737190247 313.43497384525836 169.73604365158826 216.93288085982203 1520.0103388987482 121.73411467391998 236.38679538667202 412.25641766749322 8.7948262356221658 1406.874221149832
leaf_count=7981 4808 12194 7498 10679 15547 2435 10156 193 13581 224 14035 10470 821 751 11343 11653 4197 26091 7749 15843 2366 2513 2238 1194 15180 1855 1141 3349 61 13706
internal_value=-0.000112123 -0.00176109 -0.00840134 -0.00110129 -0.00301143 -0.00220937 -0.000811097 -0.00354225 0.0024652 0.000500674 -0.00118526 0.0028858 0.0038655 -0.00590596 -0.00679292 -0.00279753 -0.00440883 -0.0033592 -0.0107526 0.00335163 0.00542004 -0.00442143 0.000668293 0.00200981 0.003024 0.0055219 0.0120991 -0.000311526 -0.00811707 0.00498972
internal_weight=24113.8 15556.9 1406.06 14150.9 6454.6 5848.63 4397.52 2399.64 1997.88 7696.25 4613.67 8556.85 6773.55 1211.1 1373.45 878.874 814.922 2745.57 605.972 6371.21 2828.28 524.854 446.82 1868.1 3082.58 1562.57 402.337 447.36 747.839 1528.61
internal_count=231852 193230 38531 154699 71674 59117 43570 25041 18529 83025 52060 38622 30641 26337 14885 18839 18088 36831 12557 28679 12836 4948 6435 15229 30965 15785 1962 3542 10740 15561
cat_boundaries=0 1 2 3 4 5 6 7 8 9
cat_threshold=4129024 9785 4204064 532491 10617940 13009280 2163135 13431010 15767632
is_linear=0
shrinkage=0.04


Tree=100
num_leaves=31
num_cat=8
split_feature=0 20 5 19 9 7 7 19 23 4 0 22 19 19 4 19 1 19 11 18 29 4 12 19 31 19 31 4 22 20
split_gain=89.7263 34.5019 31.4319 28.2379 25.7806 25.6189 22.2128 20.1563 19.7733 19.3584 17.8713 17.8789 17.5365 16.845 14.7036 13.8484 13.8389 13.5762 13.3919 12.4955 15.4521 12.0561 12.0887 11.8494 11.6118 11.4581 11.2797 11.2292 17.2173 12.1296
threshold=3.5000000000000004 3.4000000000000008 5.5000000000000009 0 51.500000000000007 1.6074999999999984 3.8983333333333356 1 1.5000000000000002 -0.15183333333333324 5.5000000000000009 17.814166666666676 2 3 0.044999999999999492 4 42.885000000000005 5 9.5000000000000018 0.55000000000000016 7.535000000000001 -0.10166666666666611 1.7638888888888891 6 2.5000000000000004 7 3.5000000000000004 -0.046666666666667293 27.621666666666666 20.735000000000003
decision_type=2 2 2 1 2 2 2 1 2 2 2 2 1 1 2 1 2 1 2 8 2 2 8 1 2 1 2 2 2 2
left_child=4 -2 3 9 6 10 8 -6 23 -3 -5 -12 27 -10 -15 -4 18 -16 -14 -17 -21 26 -23 -1 -11 -8 -20 29 -29 -7
right_child=1 2 15 5 7 12 25 -9 13 24 11 -13 16 14 17 19 -18 -19 21 20 -22 22 -24 -25 -26 -27 -28 28 -30 -31
leaf_value=0.0075611502578107241 -0.028645816992110926 0.059636624781173556 -0.0024538501776083139 -0.0049115781568049906 0.0018181408650661595 0.070037976970886123 0.0020605045553251074 -0.0059188852048164325 -0.0019282782923351765 -0.0014787049953591635 -0.017817380433770697 -0.0012043345127615503 0.0023307502101097984 0.0024552550123614516 0.0022220770819677809 -0.016025242425162865 0.013530298480801593 -0.012167391906203747 -0.0063049431494174718 -0.0016908253409026706 0.077098823118496432 0.044979828670483737 -0.010617867394758722 0.002045078574693493 0.0052323970356114944 0.0064470402155445364 0.080790277670016356 -0.013655391234348103 0.024967606698838921 0.0024452727216860907
leaf_weight=1089.3151311762631 87.206416907720268 9.309187036007641 251.97843825165182 2112.8144112797454 994.93334105983377 4.5991047713905564 1562.236178252846 1159.9749084711075 3098.1886395476758 846.29800855740905 373.59836276993155 143.44473820365965 1071.5200059311464 4653.6748047694564 199.06842573359609 522.52632489334792 140.2295642318204 211.83964815735817 4.8317830637097341 36.911051342263818 4.4643048215657464 6.4151887018233529 254.22771703451872 1497.6748294290155 804.7737583136186 2568.4743812605739 4.687208691611886 295.6404316816479 19.697176048532128 55.617233885452151
leaf_count=5981 7520 69 5148 28805 7389 100 9953 8775 22153 11314 11511 1785 13523 33038 1970 12029 1967 2237 51 575 40 66 4563 8275 10890 16405 48 4887 156 561
internal_value=0.000152738 -0.0036421 -0.00332897 -0.00234996 0.00172339 -0.00399383 0.00231554 -0.00236569 0.00135754 0.00210409 -0.00654277 -0.0132084 -0.000406454 0.000391762 0.00181125 -0.0107058 0.00156323 -0.00543831 0.000324116 -0.0140997 0.00681039 -0.00763463 -0.00924944 0.00440489 0.00179245 0.00480865 0.0365813 -0.00800714 -0.0112429 0.00760776
internal_weight=24086.2 7050.79 6963.58 6147.7 17035.4 4487.32 14880.5 2154.91 10749.8 1660.38 2629.86 517.043 1857.47 8162.77 5064.58 815.88 1481.91 410.908 1341.68 563.902 41.3754 270.162 260.643 2586.99 1651.07 4130.71 9.51899 375.554 315.338 60.2163
internal_count=231784 115608 108088 90296 116176 68023 100012 16164 73654 22273 42101 13296 25922 59398 37245 17792 20218 4207 18251 12644 615 4728 4629 14256 22204 26358 99 5704 5043 661
cat_boundaries=0 1 2 3 4 5 6 7 8
cat_threshold=1122315 6639740 10617344 4776007 565356 8390040 7684396 15800326
is_linear=0
shrinkage=0.04


Tree=101
num_leaves=31
num_cat=9
split_feature=15 4 7 20 19 19 20 19 11 22 4 18 19 20 19 14 30 4 20 1 23 9 19 22 19 9 19 3 11 17
split_gain=42.0957 40.835 26.7354 26.6127 23.8097 16.6777 16.0754 16.2172 15.9668 15.275 14.6763 12.891 13.653 13.5035 14.0707 13.4074 13.1161 12.3964 15.2427 12.2758 24.8811 11.237 18.0258 10.4991 15.1321 13.5079 12.4651 10.9941 11.8968 16.5221
threshold=1.5000000000000002 0.021666666666666948 7.3941666666666679 22.115000000000006 0 1 18.220000000000002 2 3.5000000000000004 16.200833333333339 -0.15183333333333324 0.55000000000000016 3 51.195000000000007 4 0.500462962962963 5 -0.11500000000000064 41.695000000000007 51.740000000000002 4.5000000000000009 51.500000000000007 6 15.465 7 34.500000000000007 8 6.9850000000000012 4.5000000000000009 0.29285714285714287
decision_type=8 2 2 2 1 1 2 1 2 2 2 10 1 2 1 10 1 2 2 2 2 2 1 2 1 2 1 2 2 10
left_child=10 2 6 8 -5 17 7 -2 -3 19 -1 13 -13 23 15 -15 -14 18 -4 -10 -21 -8 -23 25 -25 -12 27 -27 29 -29
right_child=1 3 5 4 -6 -7 21 -9 9 -11 11 12 16 14 -16 -17 -18 -19 -20 20 -22 22 -24 24 -26 26 -28 28 -30 -31
leaf_value=0.029104392980384801 -0.011599831456273366 -0.0037899095598450121 0.073923134491224882 -0.0069256352126225145 -5.5086765871180996e-05 0.0015203332252170646 0.00018950517570700897 -0.00086402860305186547 -0.018490533950294714 0.035411500553594481 0.0053045844813933559 0.00090384673797048217 0.015219834116096542 0.0020018027749476967 -0.0055166093727014413 0.039414691380450381 0.004186639316490587 0.0083063127944135815 -0.0031037098812431241 -0.032112614002968158 0.10097643532015745 -0.009433867787177001 0.00056922153560253288 0.010290740464729149 0.0019385425605411219 0.0022502844897130097 -0.0026358129899057359 0.061148204557206251 0.0063099796983874723 -0.0073484333171688334
leaf_weight=33.408056568354368 410.95019130315632 254.8837521141395 10.172160197049381 1435.2448354810476 1838.2756509641185 1383.365698906593 8922.2135186959058 501.47534253215417 416.27655400149524 8.9167917473241669 976.14624847099185 480.30522069521248 353.97542604897171 493.82389909587801 723.21588818915188 15.816602967679499 377.65841538645327 716.54717060830444 6.897940404713153 4.9289994304999691 4.1313433926552534 519.75070104841143 637.54875631351024 610.13211951591074 825.03017040528357 638.07781607098877 1361.8312869537622 18.317231250926856 45.235719620250165 8.137485306710003
leaf_count=176 8105 5527 68 18765 22651 12425 76493 9707 11073 137 7770 3177 2255 3031 4499 81 2388 6399 39 93 112 4848 5879 3846 5037 5082 11127 174 424 68
internal_value=3.44289e-05 -0.00103458 4.10194e-05 -0.00459277 -0.00308874 0.00415723 -0.000751739 -0.00583596 -0.0117372 -0.0164018 0.00265608 0.00252854 0.00627572 0.001734 -0.0019734 0.00310204 0.00965791 0.00898636 0.042797 -0.017488 0.0285735 -0.000291502 -0.00399983 0.00275359 0.00557453 0.00142522 -0.000402747 0.00386452 0.018771 0.0400786
internal_weight=24032.7 17071.6 13108.9 3962.66 3273.52 2116.98 10991.9 912.426 689.137 434.254 6961.11 6927.7 1211.94 5715.76 1232.86 509.641 731.634 733.617 17.0701 425.337 9.06034 10079.5 1157.3 4482.91 1435.16 3047.75 2071.6 709.768 71.6904 26.4547
internal_count=231456 182321 123963 58358 41416 18931 105032 17812 16942 11415 49135 48959 7820 41139 7611 3112 4643 6506 107 11278 205 87220 10727 33528 8883 24645 16875 5748 666 242
cat_boundaries=0 1 2 3 4 5 6 7 8 9
cat_threshold=14308498 942232 4361645 2834844 11596321 204 8604610 15401424 11024393
is_linear=0
shrinkage=0.04


Tree=102
num_leaves=31
num_cat=8
split_feature=0 14 0 11 18 11 19 27 19 22 17 27 31 30 31 27 19 11 11 29 19 19 24 19 26 9 17 11 6 19
split_gain=59.3189 40.1997 28.8559 31.5712 26.0399 21.2881 21.2838 16.7021 16.6788 16.7482 14.6244 14.202 14.1574 16.9505 14.1391 14.9639 13.5337 12.6538 14.6903 19.2356 16.5905 13.5165 12.4224 19.8144 14.6282 19.2345 13.8998 13.0888 12.9479 17.9485
threshold=4.5000000000000009 -0.05000000000000001 1.5000000000000002 10.500000000000002 1.0000000180025095e-35 9.5000000000000018 0 1.7933333333333334 1 1.0000000180025095e-35 0.5277777777777779 -0.83499999999999963 5.5000000000000009 2 3.5000000000000004 -0.98999999999999988 3 1.5000000000000002 6.5000000000000009 7.2350000000000012 4 5 1.5000000000000002 6 3.8650000000000007 21.500000000000004 0.2678571428571429 4.5000000000000009 42.775000000000013 7
decision_type=2 8 2 2 8 2 1 2 1 2 8 2 2 1 2 2 1 2 2 2 1 1 2 1 2 2 10 2 2 1
left_child=2 11 7 4 8 6 10 12 9 -4 -3 -2 13 -1 15 -10 -7 -15 19 21 -20 -19 26 24 25 -24 27 -6 29 -28
right_child=1 5 3 -5 22 16 -8 -9 14 -11 -12 -13 -14 17 -16 -17 -18 18 20 -21 -22 -23 23 -25 -26 -27 28 -29 -30 -31
leaf_value=0.0050478368250266451 -0.019699408571174026 -0.011125862937984151 -0.0038754822928624001 -0.0056685304176687891 0.0011436720302228664 -0.0017351330057938849 0.0012620381671070234 0.010281723744896061 -0.019357111854257134 0.0039992536196930828 0.018640467693423094 -0.0088112132073529144 -0.0032978850660748118 0.0082999688503770791 0.00023304399967038312 -0.005704675330919993 -0.015313052228360095 0.0019862336391257866 0.0069263321224456911 0.017337073834019064 -7.0621418868136059e-05 -0.0051987471589160792 0.10232009057467355 0.00051314937997969275 0.0054596681935164884 0.019163187013167066 -0.0084852302281706211 -0.0073487889132369802 0.013378148276926018 0.004255911561437337
leaf_weight=2851.0271053686738 271.56559777120128 374.85470022913069 778.98340453021228 1645.6212082765996 522.2728337533772 215.34335475508124 1779.8368866639212 421.71338769048452 143.38831822667271 970.50944641232491 28.410187994129956 651.50607879366726 705.42881545424461 361.68354496359825 599.54793374612927 1233.2030121684074 283.41418822295964 622.0461617782712 887.03303135931492 78.753414571285248 1379.7049114331603 1259.9633473977447 4.940632499754428 2266.7982060797513 1955.7580928932875 44.85702178068459 230.95034036040306 653.95044203475118 156.32617132738233 656.86680308356881
leaf_count=12779 16203 6190 11539 19128 4667 4244 25600 2213 3753 8580 342 18334 3123 1630 7290 13550 6053 2806 4061 357 6128 5625 84 18017 15066 781 1582 6440 966 4356
internal_value=-8.39747e-05 -0.00481465 0.000750711 -0.000526719 0.000301348 -0.00233652 -0.000633118 0.00251968 -0.0023643 0.000490128 -0.00881034 -0.0120145 0.00211783 0.00263131 -0.00486919 -0.00712674 -0.00979247 0.00111661 0.000504679 -0.00203057 0.00269771 -0.00284102 0.00183094 0.00309227 0.00597499 0.0274135 -0.000596061 -0.00357792 0.00276299 0.000893886
internal_weight=24036.3 3604.93 20431.3 11864 10218.4 2681.86 2183.1 8567.35 3725.63 1749.49 403.265 923.072 8145.64 7440.21 1976.14 1376.59 498.758 4589.18 4227.5 1960.76 2266.74 1882.01 6492.72 4272.35 2005.56 49.7977 2220.37 1176.22 1044.14 887.817
internal_count=231487 76966 154521 115799 96671 42429 32132 38722 44712 20119 6532 34537 36509 33386 24593 17303 10297 20607 18977 8788 10189 8431 51959 33948 15931 865 18011 11107 6904 5938
cat_boundaries=0 1 2 3 4 5 6 7 8
cat_threshold=10620932 4234015 37 4948030 8843920 4919845 3812594 10133552
is_linear=0
shrinkage=0.04


Tree=103
num_leaves=31
num_cat=7
split_feature=0 4 27 19 27 11 19 7 19 18 7 19 4 19 6 12 27 8 12 14 19 19 0 22 2 29 1 14 0 1
split_gain=65.4667 31.2545 36.4711 26.1692 21.6073 20.3395 19.7243 18.3264 15.4989 14.4702 14.4483 12.7116 16.6152 12.354 12.1588 13.8083 11.853 12.2973 11.8188 11.7784 13.2736 11.6756 11.7589 13.4931 12.8127 11.2411 11.0746 16.7149 10.9772 20.1357
threshold=3.5000000000000004 -0.010000000000000229 -1.1116666666666664 0 2.0400000000000009 10.500000000000002 1 -2.8583333333333321 2 0.36666666666666675 -3.8583333333333321 3 -0.12333333333333261 4 11.190000000000001 2.5857142857142863 -1.1349999999999993 1.5000000000000002 4.9500000000000011 -0.21666666666666656 5 6 5.5000000000000009 12.240833333333336 1500.0000000000002 7.2550000000000008 46.645000000000003 8.3266726846886753e-17 1.5000000000000002 52.790000000000006
decision_type=2 2 2 1 2 2 1 2 1 8 2 1 2 1 2 10 2 2 10 8 1 1 2 2 2 2 2 8 2 2
left_child=4 5 -3 10 7 6 9 13 -6 -2 -4 12 -7 26 15 -11 17 -13 -8 20 -9 -5 -23 -24 -25 -12 -1 -28 29 -21
right_child=1 2 3 21 8 11 18 19 -10 14 25 16 -14 -15 -16 -17 -18 -19 -20 28 -22 22 23 24 -26 -27 27 -29 -30 -31
leaf_value=0.00022058426893426867 -0.0072038826203267847 -0.020953747177363254 -0.0075670661003141206 -0.012923922910979387 0.00015147470497363233 0.064012356438148774 0.0036494369348661995 0.005420057285708115 0.013760146838452203 0.068203665881136716 0.004153039327183276 0.082853680171016283 -0.00063513374909871044 -0.0030372019133288659 0.0010635018511978042 -0.000753884028439214 -0.015096129222851543 0.00023477757838886404 -0.019786091694429016 0.003007301855999922 -0.0071583593092141374 -0.0041887670629377448 -0.016754151310235714 0.051283024426083873 -0.0051265516712808946 0.026716007853909773 0.027317819229087839 -0.0012523519215879653 0.00074507047322260869 0.022236382319754125
leaf_weight=2469.7686088606715 680.34478168096393 243.34022533753887 171.44482228346169 399.7692716345191 224.15674135088921 6.7956653758883467 1728.8158392207697 182.13676821999252 349.32622388750315 9.4563235603272933 435.70544695388526 3.8517031585797659 99.438209584914148 2702.3257314637303 325.78899961337447 9.1339561212807876 288.61010361369699 11.455616295803337 35.130101335700601 5102.0189943984151 453.17838835343719 2065.7073175273836 283.12592153716832 6.6571401851251713 199.84497094713151 38.446896556764841 61.634110111743212 69.947599358856678 5278.1262989025563 88.644021421670914
leaf_count=17647 9699 13268 2890 7871 1072 64 19216 1696 1657 76 6734 120 1527 19632 2847 93 4350 381 2106 22794 4389 30412 10489 102 3176 421 513 430 45711 394
internal_value=-0.00029324 -0.00353557 -0.00596633 -0.00495346 0.00105149 -0.000614504 0.000608728 0.000784739 0.00868352 -0.00378514 0.00234796 -0.00893141 0.00319915 -0.00114958 0.0028589 0.0343228 -0.0128539 0.0210238 0.00316476 0.00170863 -0.00357965 -0.00653442 -0.00548833 -0.0110832 -0.00330804 0.00598257 0.000819845 0.0121302 0.00202956 0.00333569
internal_weight=24024.1 7042.86 3844.04 3600.7 16981.3 3198.82 2788.67 16407.8 573.483 1024.72 645.597 410.151 106.234 5303.68 344.379 18.5903 303.917 15.3073 1763.95 11104.1 635.315 2955.1 2555.34 489.628 206.502 474.152 2601.35 131.582 10468.8 5190.66
internal_count=231777 115842 75363 62095 115935 40479 34037 113206 2729 12715 10045 6442 1591 38222 3016 169 4851 501 21322 74984 6085 52050 44179 13767 3278 7155 18590 943 68899 23188
cat_boundaries=0 1 2 3 4 5 6 7
cat_threshold=8199 10637852 2966706 4792340 6778498 360742 8781824
is_linear=0
shrinkage=0.04


Tree=104
num_leaves=31
num_cat=10
split_feature=23 12 7 20 9 19 8 19 26 17 19 19 9 11 19 18 19 3 21 18 1 19 30 9 26 28 19 26 22 19
split_gain=33.1334 30.9872 21.0448 23.8443 24.5732 19.9569 16.3244 20.8462 14.363 13.7324 15.2676 12.5381 12.1394 11.6069 12.8483 11.3439 11.2488 15.912 14.2523 12.3502 13.5836 10.9594 11.3146 11.2789 10.8723 10.106 11.3695 10.089 9.58605 9.47433
threshold=2.5000000000000004 5.5857142857142863 6.6816666666666675 14.540000000000001 23.500000000000004 0 5.5000000000000009 1 4.3650000000000011 0.18333333333333338 2 3 33.500000000000007 3.5000000000000004 4 1.0000000180025095e-35 5 6.6950000000000012 39.945000000000007 0.45000000000000007 45.480000000000011 6 7 28.500000000000004 4.4250000000000007 5.5000000000000009 8 4.3450000000000006 1.0708333333333331 9
decision_type=2 10 2 2 2 1 2 1 2 10 1 1 2 2 1 8 1 2 2 8 2 1 1 2 2 2 1 2 2 1
left_child=6 2 3 11 5 -5 29 -8 16 10 13 -2 -9 14 -6 24 18 -18 28 20 27 23 -23 -10 -14 26 -11 -19 -4 -1
right_child=1 -3 8 4 9 -7 7 12 21 25 -12 -13 15 -15 -16 -17 17 19 -20 -21 -22 22 -24 -25 -26 -27 -28 -29 -30 -31
leaf_value=0.00064447698840039154 -9.2985597861597677e-05 -0.031251943881174207 -0.0045800955308640595 -0.0047630922207649012 0.0096049408229726112 0.012449114037399822 -0.008256047242396659 0.009912009022669024 0.0072942449923090102 -0.0036952046584612925 -0.0058695542371513991 -0.01375106991640416 -0.040083087530899474 -0.0031412677157289797 -0.0012119463736260906 0.0022378814560204711 0.038357372715068713 0.0049723208746436324 0.094756188033449859 0.070300824379296176 0.044716002954749139 0.0079760820095503716 -0.00022982898191050802 -0.0056504303509956246 -0.0060858710475775457 0.006728050768740881 0.00050019435052426513 0.059749506660647697 0.022701502701878162 0.0032343191214837257
leaf_weight=3895.6990998401307 156.29795114416629 55.620202045422047 159.88614203594625 154.61263631191105 268.56298156827688 331.5709568746388 572.92608505673707 207.77162593137473 131.32030632067472 1609.0070118838921 2368.5202746177092 398.82495810417458 16.227435174398124 1785.5980627825484 475.50569160748273 514.25961836613715 35.876524771563709 230.45396720198914 2.5177337415516368 5.3078824309632173 15.664621165022252 433.84271555952728 689.14484161976725 598.69339932315052 207.53383837081492 286.75064009055495 2856.8232855983078 5.5084374379366627 23.656235778704286 5432.6292338911444
leaf_count=28196 3952 4162 2714 1660 2847 3661 4488 1569 1142 15345 29011 10134 198 21472 5093 3820 427 3516 36 79 245 3967 6205 5557 1649 4832 25908 75 279 39181
internal_value=-0.000103748 -0.00145929 -0.00133205 -0.00208295 -0.00164091 0.0071335 0.00153078 -0.00231501 0.00211097 -0.00208295 -0.00356922 -0.0101549 0.0013568 -0.00138674 0.00280508 -0.00103333 0.00828628 0.0129611 0.000220897 0.00991934 0.00864564 0.000515083 0.00298277 -0.00327696 -0.00855139 -0.000551136 -0.00101853 0.00625107 -0.00106385 0.00215691
internal_weight=23926.6 13079.6 13023.9 10692.1 10137 486.184 10847 1518.72 2331.87 9650.77 4898.19 555.123 945.793 2529.67 744.069 738.021 478.872 292.811 186.06 256.935 251.627 1853 1122.99 730.014 223.761 4752.58 4465.83 235.962 183.542 9328.33
internal_count=231420 152319 148157 123915 109829 5321 79101 11724 24242 104508 58423 14086 7236 29412 7940 5667 7371 4342 3029 3915 3836 16871 10172 6699 1847 46085 41253 3591 2993 67377
cat_boundaries=0 1 2 3 4 5 6 7 8 9 10
cat_threshold=4345901 9081140 8596094 9192008 8454240 13700929 1415942 7 15994176 12789424
is_linear=0
shrinkage=0.04


Tree=105
num_leaves=31
num_cat=3
split_feature=4 23 8 26 12 29 16 9 5 11 10 11 3 30 14 3 4 20 29 30 24 29 21 3 5 1 14 14 15 29
split_gain=44.0926 31.6104 20.3803 17.307 16.5508 16.0371 14.6577 15.9943 13.7125 13.0432 14.59 12.2434 11.9096 11.8576 11.816 11.7842 11.2909 11.2655 13.1417 11.2632 10.6654 10.5745 10.3513 11.6124 15.3905 13.3897 12.7073 11.3969 15.4381 16.0163
threshold=0.023333333333332987 3.5000000000000004 1.5000000000000002 1.6150000000000004 3.7071428571428577 5.955000000000001 0.63333333333333341 22.500000000000004 1.5000000000000002 4.5000000000000009 0 3.5000000000000004 6.8350000000000009 1 0.14454365079365084 6.6250000000000009 -0.061666666666666085 51.385000000000012 7.1750000000000007 2 1.5000000000000002 6.3350000000000009 19.810000000000002 6.9450000000000012 5.5000000000000009 28.745000000000001 -0.2334821428571428 -0.13333333333333333 5.5000000000000009 6.205000000000001
decision_type=2 2 2 2 10 2 8 2 2 2 1 2 2 1 8 2 2 2 2 1 2 2 2 2 2 2 10 8 10 2
left_child=2 6 16 -4 5 -3 7 -2 15 -10 12 -6 14 -8 -11 -5 -1 18 22 -16 -12 -19 -9 24 25 -24 -26 28 29 -27
right_child=1 4 3 8 11 -7 13 17 9 10 20 -13 -14 -15 19 -17 -18 21 -20 -21 -22 -23 23 -25 26 27 -28 -29 -30 -31
leaf_value=0.0079343858331383278 0.033858660998197385 -0.0021683985153464732 -0.027595879239555973 0.0091770473525965065 -0.004513193577361194 -0.014878755463581014 -0.0063304157826152762 -0.014464171926829144 0.0014984880405547419 0.00013678311460609056 -0.0060792761628301797 -0.015198796204079979 -0.0025359218061041322 0.0099049590749861593 -0.0089756520644974185 0.0015625232142675372 0.0024845841471804707 0.0047009022991975893 0.0087253844775621731 0.0088188058146753661 -0.0016344383403968973 -0.011988550486761054 -0.0079131932981807984 0.0036366483275172864 -0.039177876999964355 0.016908621455735483 -0.0069257724475241438 0.0010888265394727863 -0.0079457454639932906 0.066496181390509682
leaf_weight=742.8971360810101 20.014496355317533 989.89945771638304 35.538796968758106 351.35168862622231 254.524200450629 189.18384071905166 87.737868561409414 100.49566567922011 3466.0052976044826 935.93154092365876 1276.8853198653087 526.35496635967866 1035.6640155175701 311.68888122215867 56.972107321023941 4366.7935509183444 3356.0908410414122 76.640146217308939 202.58148948289454 575.6512201372534 2669.5709282699972 292.83477129787207 238.01557481847703 554.16771802306175 20.204711150377989 46.657513730227947 599.46459608990699 571.1405023355037 28.074212896637619 13.419007450342177
leaf_count=4806 313 15024 2862 2361 5351 2612 790 1426 30976 8035 14327 12523 8305 2673 363 31197 28775 569 1962 3621 27692 2366 2524 6238 381 654 6920 5744 440 171
internal_value=8.33798e-05 -0.00320754 0.000976878 0.000284362 -0.00719912 -0.00420777 -0.000734261 -0.00176942 0.000351606 -0.000485863 -0.0015358 -0.0117159 0.000790019 0.0064282 0.00299106 0.00212956 0.0034723 -0.00202932 -0.0010182 0.00721381 -0.00306481 -0.00852666 -0.00192713 -0.00131881 -0.0031291 0.000219062 -0.00797737 0.00315495 0.0165416 0.0279848
internal_weight=23992.5 5123.1 18869.4 14770.4 1959.96 1179.08 3163.14 2763.71 14734.8 10016.7 6550.68 780.879 2604.22 399.427 1568.55 4718.15 4098.99 2743.7 2374.22 632.623 3946.46 369.475 2171.64 2071.14 1516.98 897.307 619.669 659.291 88.1507 60.0765
internal_count=232001 68681 163320 129739 35510 17636 33171 29708 126877 93319 62343 17874 20324 3463 12019 33558 33581 29395 26460 3984 42019 2935 24498 23072 16834 9533 7301 7009 1265 825
cat_boundaries=0 1 2 3
cat_threshold=9 33 2
is_linear=0
shrinkage=0.04


Tree=106
num_leaves=31
num_cat=9
split_feature=0 14 0 24 19 22 28 15 31 19 19 20 19 20 19 19 2 19 14 20 0 14 5 19 4 5 24 19 4 6
split_gain=57.7629 37.515 24.2367 21.4591 24.7709 20.8554 20.8329 18.1799 17.0649 20.1725 18.8562 17.333 16.6294 15.4946 14.8731 13.2345 12.8944 12.382 11.9462 11.0299 14.7242 10.9821 10.8956 13.0933 12.9409 14.9948 12.5535 10.8253 11.6102 14.371
threshold=1.5000000000000002 -0.19986772486772483 5.5000000000000009 2.5000000000000004 0 18.399166666666673 1.5000000000000002 1.5000000000000002 3.5000000000000004 1 2 55.110000000000007 3 3.4000000000000008 4 5 1500.0000000000002 6 0.28346560846560859 1.655 3.5000000000000004 0.033333333333333416 4.5000000000000009 7 0.039166666666666579 3.5000000000000004 12.500000000000002 8 0.013333333333333199 36.010000000000012
decision_type=2 8 2 2 1 2 2 8 2 1 1 2 1 2 1 1 2 1 8 2 2 10 2 1 2 2 2 1 2 2
left_child=6 13 3 4 -3 12 8 -6 10 -10 -1 -11 21 -2 -8 -15 -16 -7 -12 20 -5 -4 23 -21 -25 -26 -27 28 29 -24
right_child=1 2 5 19 7 17 14 -9 9 11 18 -13 -14 15 16 -17 -18 -19 -20 22 -22 -23 27 24 25 26 -28 -29 -30 -31
leaf_value=0.014683910264472964 -0.028656997308082077 -0.0057037221101467707 -0.011001174881775089 0.11930955681343987 0.0029136583614130956 -0.0069656458022266847 0.0043010997298416932 -0.0020054992857304883 0.010939651744125558 -0.0078115541536076744 0.0027267558015672622 0.0127359995002361 -0.013448495444388957 -0.0022321672374219039 -0.0099887597462852105 -0.01214950629240409 0.00073905485451556741 0.0080971720984369406 0.015604994701093102 0.0047937298975294484 0.0088686135623409525 0.0032063735387853473 0.0086295451220322721 4.8884624862995834e-05 0.096800592521180992 0.0049419238861609129 0.066695595558891457 -0.0049415834125075223 0.0012214396658458452 0.078523492490843214
leaf_weight=531.97760601341724 60.403359857387841 1900.2918416317552 143.04893651371822 2.9433046989142877 1777.3450935892761 135.30392070952803 2214.1176866889 3713.8631530273706 206.71372808516026 356.46731759607792 680.8775559514761 80.524320930242538 565.6491732923314 413.21966817602515 187.35589901357889 480.36910029593855 4151.5478818714619 211.47307050134987 138.73121476918459 1952.7310022460297 5.6185149308294058 222.36395913269371 14.623616483062507 2473.9675023946911 3.9073522072285405 33.422132734209299 6.2522096745669833 744.0173069620505 565.51483423542231 6.9408443421125403
leaf_count=2743 5556 20768 6029 52 12935 1614 9709 43110 996 1672 3332 399 17142 9399 822 11466 18279 2389 738 17696 327 4131 171 22250 43 405 70 10291 7055 74
internal_value=9.43073e-05 -0.00136672 -0.000860503 -0.000351348 -0.00178115 -0.00612062 0.00273206 -0.000412559 0.00631066 0.000950383 0.00886354 -0.00393521 -0.00923928 -0.00904978 0.00164244 -0.0077244 0.000275189 0.00225266 0.00484745 0.00146767 0.046835 -0.00229274 0.00140071 0.00234664 0.000427821 0.0220367 0.0146736 -0.00177604 0.00228103 0.031126
internal_weight=23981.6 15433.3 14479.3 13201.4 7391.5 1277.84 8548.31 5491.21 1995.29 643.705 1351.59 436.992 931.062 953.992 6553.02 893.589 4338.9 346.777 819.609 5809.94 8.56182 365.413 5801.38 4470.28 2517.55 43.5817 39.6743 1331.1 587.079 21.5645
internal_count=231663 192973 166552 135247 76813 31305 38690 56045 9880 3067 6813 2071 27302 26421 28810 20865 19101 4003 4070 58434 379 10160 58055 40464 22768 518 475 17591 7300 245
cat_boundaries=0 1 2 3 4 5 6 7 8 9
cat_threshold=6246400 149345 11843712 1912874 13058128 7381419 9597980 1910435 303278
is_linear=0
shrinkage=0.04


Tree=107
num_leaves=31
num_cat=0
split_feature=0 31 3 5 27 12 11 27 9 7 27 9 0 14 11 7 22 29 16 9 17 7 14 5 14 9 20 23 9 17
split_gain=45.7105 35.5102 23.6867 23.6161 27.1119 21.9464 18.3287 19.4677 17.0731 15.9788 15.0231 20.8443 17.3435 16.4272 14.8186 14.3871 14.3125 14.2364 12.7931 12.0019 13.6042 22.5901 11.6758 11.2789 11.2336 11.9633 13.8848 11.1608 11.0587 12.6247
threshold=2.5000000000000004 3.5000000000000004 6.5750000000000011 1.5000000000000002 1.7520833333333339 5.2928571428571436 4.5000000000000009 2.1091666666666673 41.500000000000007 -7.3516666666666639 1.3966666666666672 44.500000000000007 5.5000000000000009 0.34448412698412706 8.5000000000000018 -0.12333333333333128 15.697333333333336 7.2550000000000008 0.29166666666666669 39.500000000000007 0.23611111111111113 2.8066666666666706 -0.088888888888888851 4.5000000000000009 -0.048148148148148141 24.500000000000004 7.8800000000000008 1.5000000000000002 27.500000000000004 0.13392857142857145
decision_type=2 2 2 2 2 10 2 2 2 2 2 2 2 10 2 2 2 2 10 2 10 2 8 2 10 2 2 2 2 10
left_child=3 5 14 4 -1 6 18 9 24 -8 12 -12 23 -14 16 27 22 -13 19 20 -2 -22 -3 -4 25 26 -5 -10 -11 -30
right_child=1 2 10 8 -6 -7 7 -9 15 28 11 17 13 -15 -16 -17 -18 -19 -20 -21 21 -23 -24 -25 -26 -27 -28 -29 29 -31
leaf_value=0.0034103202331125537 -0.001904372117193793 0.068440910894530665 0.0025113587366142852 -0.017636001751008754 0.016430448136191548 -0.027875173950993041 -0.011477162792756583 0.0074499969174820976 0.0015985716657873877 0.00082740698007572363 0.0023060886606085123 0.0116951355737498 -0.011174838227757502 0.028733297304997244 0.091473713160277775 0.00099776026957924466 0.080404730869309979 0.037735377247785029 0.0017167314192448719 -0.0081301959378099354 0.00055020599978015375 0.053008968864688671 -0.0094778085042611978 -0.0036085791077728469 0.0033566812928885461 -0.0018907817469925509 0.012340358627642356 -0.0055448413161354017 -0.0084214852801562743 -0.0033500289121568163
leaf_weight=3381.3809052631259 538.80964549956843 3.8546109525486827 1938.9381293356419 28.589449618011713 276.83744871616364 58.106381820980459 575.04566612560302 201.81614278256893 458.3820713032037 567.34961857646704 481.22765002027154 130.3145532682538 297.08523235656321 17.473607484251261 6.238826109096407 1972.5398312024772 5.3235634304583064 45.257782675325871 1597.9770618053153 543.44396731443703 38.588598176836967 19.911139478906989 15.252154384739706 641.15831662341952 3563.0762617997825 1469.1880197823048 182.80931295454502 1479.3491607885808 1239.1337456777692 2144.7016388485208
leaf_count=17949 9216 54 22427 391 1408 4608 9258 1055 2462 9477 2871 804 10810 239 59 12354 32 253 15827 8858 378 179 156 10927 20285 10500 1503 10274 21649 25155
internal_value=5.09416e-05 -0.00182711 0.00145095 0.00167905 0.00439562 -0.00338759 -0.00319703 -0.00470535 0.000593411 -0.00524733 0.00114869 0.00661026 -9.05484e-05 -0.00895796 0.0364531 -0.00140703 0.0224023 0.0184076 -0.000593122 -0.00382879 8.47242e-05 0.0184052 0.00624156 0.000990544 0.00208517 -0.000610611 0.00828637 -0.00385502 -0.00434065 -0.00520716
internal_weight=23919.2 11107 3582.12 12812.2 3658.22 7524.88 7466.78 4728.05 9153.93 4526.23 3551.46 656.8 2894.66 314.559 30.6692 3910.27 24.4303 175.572 2738.73 1140.75 597.309 58.4997 19.1068 2580.1 5243.66 1680.59 211.399 1937.73 3951.19 3383.84
internal_count=231418 154292 48632 77126 19357 105660 101052 66594 57769 65539 48331 3928 44403 11049 301 25090 242 1057 34458 18631 9773 557 210 33354 32679 12394 1894 12736 56281 46804
is_linear=0
shrinkage=0.04


Tree=108
num_leaves=31
num_cat=1
split_feature=0 23 7 0 11 31 24 11 18 9 20 12 9 15 9 9 21 27 20 5 12 7 9 29 21 30 20 29 12 7
split_gain=59.461 30.4813 28.6233 21.9894 25.6597 19.9103 17.8697 18.6137 17.0819 14.1108 16.0226 13.8707 19.9888 12.7567 12.6837 12.2315 12.123 11.9447 11.944 11.84 14.2567 11.6923 11.0962 10.9129 13.3811 14.0778 10.5295 10.3819 14.6224 15.6247
threshold=4.5000000000000009 2.5000000000000004 0.46000000000000268 1.5000000000000002 11.500000000000002 2.5000000000000004 2.5000000000000004 4.5000000000000009 0.29166666666666669 50.500000000000007 26.725000000000005 4.6833333333333345 34.500000000000007 1.5000000000000002 57.500000000000007 41.500000000000007 11.215000000000002 1.9826666666666666 51.195000000000007 4.5000000000000009 4.3875000000000011 -5.5874999999999995 21.500000000000004 6.7150000000000007 58.945000000000007 0 55.455000000000005 2.7350000000000008 4.3166666666666673 -4.7191666666666654
decision_type=2 2 2 2 2 2 2 2 8 2 2 8 2 8 2 2 2 2 2 2 10 2 2 2 2 1 2 2 10 2
left_child=3 2 -2 5 6 13 7 15 -9 -4 -11 12 22 -1 -8 -5 17 -10 -17 -6 -21 -18 27 -15 -25 -26 -7 -3 29 -29
right_child=1 11 9 4 19 26 14 8 16 10 -12 -13 -14 23 -16 18 21 -19 -20 20 -22 -23 -24 24 25 -27 -28 28 -30 -31
leaf_value=0.0084261139873497912 -0.0058087136417134923 0.0018299604964471942 0.0024088975004499568 0.0038219522576255428 -0.004476273216598466 0.0002455944440735824 0.0024598514183754101 -0.004720144825172857 0.011608648524075969 -0.030509912970644076 0.02239782077056144 -0.020248970490861159 -0.010465849740918201 0.0022148955464143002 -0.010031627762224755 -0.00053293956759678919 -0.0094534406699622806 0.06940635739013569 -0.015913560487872146 -0.017747254753451042 0.058974468103606736 0.0019034752270579625 -0.0027167264403444255 0.014459982025220877 0.013162215785351828 -0.010772117125245385 0.009175966424913069 0.098888801164924059 0.16065326286767395 0.0040090805901670671
leaf_weight=1011.4247182011604 906.47184319188818 20.296845647972077 719.04262024909258 1501.3495580768213 628.21542564406991 4377.5798473209143 4721.3322628019378 2573.7846665726975 76.356863377615809 10.059682630002497 102.20635610073805 143.03549210680649 1097.6804227437824 2494.5224915593863 133.74210735410452 868.82901556417346 173.93954431638122 6.1843721419572821 89.064565926790237 177.60773805715144 3.9617155995219937 873.088249001652 554.18677635444328 270.24648602306843 58.192546680569649 82.959823474287987 221.95619036257267 3.9467121371999374 1.5848751617595542 9.3704875241965038
leaf_count=4861 12982 889 8629 13536 6811 19589 44153 28936 726 252 1293 10242 28509 11117 1604 9009 1395 28 519 2745 100 6355 13895 1259 271 393 1100 95 69 226
internal_value=7.63481e-05 -0.00468667 -0.00089255 0.000911662 -0.000204275 0.00246137 0.000300827 -0.00112902 -0.00292044 0.00446811 0.017657 -0.0082894 -0.00727542 0.00455702 0.00211575 0.00156866 0.00118028 0.0159391 -0.00196302 -0.00707654 -0.0160732 1.67853e-05 -0.00133353 0.00321036 0.00924638 -0.00073544 0.00067654 0.0204441 0.0457968 0.0321278
internal_weight=23912.2 3567.88 1737.78 20344.3 11827.5 8516.88 11017.7 6162.6 3703.35 831.309 112.266 1830.1 1687.07 3917.35 4855.07 2459.24 1129.57 82.5412 957.894 809.785 181.569 1047.03 589.386 2905.92 411.399 141.152 4599.54 35.1989 14.9021 13.3172
internal_count=231588 77081 23156 154507 115917 38590 106261 60504 37440 10174 1545 53925 43683 17901 45757 23064 8504 754 9528 9656 2845 7750 15174 13040 1923 664 20689 1279 390 321
cat_boundaries=0 1
cat_threshold=387
is_linear=0
shrinkage=0.04


Tree=109
num_leaves=31
num_cat=8
split_feature=7 27 4 27 19 19 18 19 19 24 7 20 19 10 11 27 9 22 31 21 4 19 12 11 4 18 11 19 3 14
split_gain=30.2173 36.7858 25.4543 20.2248 18.4062 15.0577 14.8731 15.5809 11.9663 12.8508 14.5419 11.4917 15.1548 11.4346 16.999 11.3422 11.5901 16.2092 12.372 12.6058 11.3175 11.2634 12.5539 14.4409 14.2084 16.7712 11.1057 21.3969 10.8699 10.8331
threshold=0.059166666666666153 -1.2949999999999995 0.044999999999999492 2.4208333333333338 0 1 0.55000000000000016 2 3 2.5000000000000004 -3.2074999999999991 51.010000000000012 4 5 8.5000000000000018 -0.32333333333333297 31.500000000000004 -29.952499999999997 1.0000000180025095e-35 36.175000000000004 -0.048333333333332444 6 4.4722222222222232 1.5000000000000002 0.085500000000000145 1.0000000180025095e-35 4.5000000000000009 7 6.5250000000000012 0.36679894179894185
decision_type=2 2 2 2 1 1 8 1 1 2 2 2 1 1 2 2 2 2 2 2 2 1 8 2 2 8 2 1 2 8
left_child=1 21 3 5 -4 -3 28 20 -5 -10 -11 13 -13 14 29 -6 18 -18 -17 -20 -8 22 23 -1 -25 -26 -15 -28 -2 -7
right_child=6 2 4 8 15 11 7 -9 9 10 -12 12 -14 26 -16 16 17 -19 19 -21 -22 -23 -24 24 25 -27 27 -29 -30 -31
leaf_value=0.1032892264830651 0.031225372954958669 0.0010604673139964662 -0.012767430945396861 4.8486611834211503e-09 -0.011840295225095845 0.0047414159665799937 0.01096711631994636 0.010109625576402239 0.010566979612734341 0.06176901165020672 0.013094738434315861 -0.013954884382712657 -0.0020588825103689543 0.00025713844648156381 -0.0032916894744245279 0.067712681829556309 0.058937104864717593 -0.0035488148795909408 -0.0042268095433509699 0.022556422312436385 -0.0034336685008521176 -0.018626957417966869 -0.017457461972921372 0.0010281416744456764 0.21567903974125094 -0.0059803048143639397 -0.00020195607948188937 -0.0081709209553846671 0.00094024686209063623 0.022732007058438222
leaf_weight=2.4310474079102269 18.996361686848104 4854.6048093307763 445.69419192615896 69.535780519247055 176.63072071410716 620.02161876857281 117.63639478199184 602.67638738453388 43.697123803198338 23.965136617422104 16.639333724975586 271.06916302628815 470.80100957211107 1494.6504981191829 524.73462515883148 5.8255374375730744 6.7198775932192794 575.1104170596227 61.884524620138109 51.527958447113633 338.77966119395569 241.52268605306745 57.6493114605546 69.880965458694845 1.0900552058592432 1.0945529844611881 1078.4999473337084 1080.2085716193542 10495.582680764142 58.615576913580298
leaf_count=53 131 42828 6654 359 4015 4416 689 4197 224 121 79 1849 3275 13622 4281 60 93 6435 760 510 2629 8218 2384 1513 45 37 10302 12182 99270 354
internal_value=-1.71198e-05 -0.00139719 -0.00101012 -0.000357503 -0.00624088 -0.000569393 0.00145005 0.00596813 0.0140404 0.0229046 0.0418227 -0.00198102 -0.00662137 -0.00127628 0.00209743 -0.00274991 -0.00049886 -0.00282713 0.0108621 0.00794191 0.000272021 -0.0137555 -0.00320027 0.00740309 0.00416848 0.104621 -0.00238675 -0.00422838 0.000994962 0.00629531
internal_weight=23877.8 12304.1 11930.4 10607 1323.39 10453.2 11573.7 1059.09 153.837 84.3016 40.6045 5598.6 741.87 4856.73 1203.37 877.699 701.068 581.83 119.238 113.412 456.416 373.669 132.146 74.4966 72.0656 2.18461 3653.36 2158.71 10514.6 678.637
internal_count=231585 124669 112419 93892 18527 93109 106916 7515 783 424 200 50281 5124 45157 9051 11873 7858 6528 1330 1270 3318 12250 4032 1648 1595 82 36106 22484 99401 4770
cat_boundaries=0 1 2 3 4 5 6 7 8
cat_threshold=4070160 1510187 10953528 11209084 2622484 1 8417930 6300692
is_linear=0
shrinkage=0.04


Tree=110
num_leaves=31
num_cat=8
split_feature=0 27 23 19 9 19 27 8 3 19 0 26 19 29 31 19 19 30 6 12 27 27 22 18 9 7 26 20 23 19
split_gain=54.7374 26.8142 25.5361 24.0508 21.028 21.908 18.6711 18.6442 17.6378 17.5454 17.3598 15.5927 15.3309 15.2047 14.8687 17.2305 12.5049 12.3731 12.5368 13.3323 15.3368 12.267 14.5467 11.5593 11.4422 15.7073 10.7081 17.7525 10.6362 22.647
threshold=3.5000000000000004 -2.5758333333333323 1.5000000000000002 0 47.500000000000007 1 1.5536666666666668 1.5000000000000002 6.5750000000000011 2 5.5000000000000009 6.5450000000000008 3 2.4050000000000007 2.5000000000000004 4 5 6 26.625000000000004 4.2678571428571432 -0.58333333333333248 -1.5049999999999994 -25.920833333333331 0.36666666666666675 19.500000000000004 3.1250000000000022 6.8150000000000004 50.535000000000004 1.5000000000000002 7
decision_type=2 2 2 1 2 1 2 2 2 1 2 2 1 2 2 1 1 1 2 8 2 2 2 8 2 2 2 2 2 1
left_child=2 -2 12 6 9 -6 8 13 -3 -4 11 24 -1 16 15 17 -5 -9 19 -19 -21 -11 -23 -13 25 -10 -8 -28 29 -15
right_child=1 3 4 7 5 -7 26 14 10 21 -12 23 -14 28 -16 -17 -18 18 -20 20 -22 22 -24 -25 -26 -27 27 -29 -30 -31
leaf_value=0.0071384949638713434 -0.030149175161587501 0.043827308009633498 0.002990056403902595 -0.0033443866163101557 0.0019638083324668644 -0.0052552951188201422 -0.0053682297200951645 -0.0083958982934363921 0.0074173836198540566 -0.013894867417016874 -0.014840345558163156 -0.019922490984998532 0.0019901578593163483 0.022395101030658605 6.31268530267609e-05 -0.0073486311832089224 0.031985514555587881 -0.020248061367538272 0.015908514642743243 -0.015190656834303318 0.1713897643046754 0.0098317919326801825 -0.00053866188823529766 -0.0049360107301348643 -0.0042603573290972982 0.18182295803066612 0.028404883714521465 0.0018420687584365868 -0.00028467746500388051 -0.0018251982412483096
leaf_weight=1494.9892472736537 58.037883728276938 10.784689223393796 4544.5791521053761 28.047721831593663 1039.6020573247224 1884.2600351329893 183.54199790582061 77.61965732742101 2.4520687535405155 105.21528188325465 415.74082537135109 194.82064749673009 2474.0175706427544 106.81034322455525 1835.7762834033929 1182.484181329608 42.636540238745511 28.666229465045038 137.78272544406354 1.5322302603162827 1.3054534383118142 225.88017871975899 5164.8041381165385 142.63871587067842 1529.4277921365574 1.2461135871708391 51.017747528851032 190.84081816673279 574.16617522807792 135.23174884263426
leaf_count=8244 5999 110 32418 624 8107 14830 1273 1155 103 1647 13871 2363 13581 875 28606 19158 868 382 1941 66 27 1752 35288 1439 25500 37 329 1245 8624 1085
internal_value=-8.07273e-05 -0.00307462 0.00114499 -0.00284604 0.000285517 -0.00269974 -0.00575961 -0.000919527 -0.00720627 0.00115485 -0.007447 -0.00580381 0.00395236 0.00422127 -0.0023187 -0.00537769 0.0220185 0.00418948 0.0101064 -0.012061 0.0706442 -0.000367466 -0.00010412 -0.0135879 -0.00409043 0.0661839 0.00191678 0.00744524 0.00268002 0.00971278
internal_weight=23866 6932.61 16933.3 6874.57 12964.3 2923.86 2722.51 4152.06 2297.11 10040.5 2286.33 1870.59 3969.01 886.893 3265.17 1429.39 70.6843 246.906 169.287 31.5039 2.83768 5495.9 5390.68 337.459 1533.13 3.69818 425.401 241.859 816.208 242.042
internal_count=231547 115680 115867 109681 94042 22937 46270 63411 43423 71105 43313 29442 21825 12076 51335 22729 1492 3571 2416 475 93 38687 37040 3802 25640 140 2847 1574 10584 1960
cat_boundaries=0 1 2 3 4 5 6 7 8
cat_threshold=15093376 16125988 9344658 15810828 9 1114188 385 1122626
is_linear=0
shrinkage=0.04


Tree=111
num_leaves=31
num_cat=10
split_feature=4 19 4 18 27 19 8 27 21 19 20 19 23 30 19 19 20 19 11 29 3 14 3 7 27 26 12 14 19 10
split_gain=33.0838 25.3973 22.4635 21.7605 17.0331 16.2045 15.3665 15.2627 12.8249 12.3678 12.5433 11.9502 11.592 16.2376 15.2317 13.0772 12.1525 19.9463 12.1299 11.3543 11.0178 10.534 10.5088 10.4781 10.4659 15.9197 10.8865 12.1576 10.3919 11.4576
threshold=0.040000000000000487 0 -0.10999999999999986 0.36666666666666675 -2.4324999999999988 1 5.5000000000000009 1.4708333333333334 9.9550000000000018 2 14.540000000000001 3 1.5000000000000002 4 5 6 48.055000000000007 7 9.5000000000000018 5.4450000000000012 6.5550000000000006 -0.049999999999999954 6.745000000000001 16.691666666666674 2.2908333333333339 7.6450000000000005 2.683333333333334 0.39884259259259269 8 9
decision_type=2 1 2 10 2 1 2 2 2 1 2 1 2 1 1 1 2 1 2 2 2 10 2 2 2 2 10 10 1 1
left_child=2 -2 5 4 8 -1 12 23 -4 -8 -11 -5 13 14 18 19 28 21 -6 -15 -13 -18 -22 -3 25 -24 27 -26 -14 -30
right_child=1 7 3 11 6 -7 9 -9 -10 10 -12 20 16 15 -16 -17 17 -19 -20 -21 22 -23 24 -25 26 -27 -28 -29 29 -31
leaf_value=0.0031883475037140069 0.00011892099042024459 -0.0096488338279232359 -0.024600728040453268 0.0049649682356632521 0.012175360770729208 0.018864979720492427 0.0025202274208341031 0.0035647846455067263 0.027309821288824671 -0.022505681305846289 -0.0043760393894482124 0.044240786270282356 -0.0015465501166351031 0.012713236256630265 0.0012315233489244713 0.0020954507781722506 2.8513231949988059e-05 0.00051320797659908655 -0.0011273631628698079 -0.0081770035520657321 -0.0028231964189680422 -0.012722608864827747 0.0022322646848158914 0.013746963949661236 -0.0073147733607055558 -0.023358280494665009 0.040474105113353864 0.026764027575852167 0.0061783236996839283 0.00052546828871805312
leaf_weight=299.50497714150697 1259.3882370539941 1294.9310245122761 70.113928837701678 2044.2093230756 583.82916259719059 165.94936019927263 433.62429644865915 172.13192475214601 8.5426432108506543 63.488675952889025 1595.8787906728685 9.427018662914632 3667.4490156471729 46.19522104319185 706.6748575642705 966.62268985062838 135.92427723575383 698.32513154298067 135.03900915198028 421.14334119204432 870.95531323365867 436.71771985851228 2242.8363491818309 31.370573670137674 37.608022771775723 39.581598296761513 21.594553783535957 30.199153669178486 643.4463275205344 4752.355385391973
leaf_count=1833 16919 21428 5622 15054 3799 1051 4342 1074 207 1405 15032 66 38595 334 4717 6544 1164 5137 999 2806 6177 3052 17753 452 194 253 108 147 5128 50351
internal_value=2.34495e-05 -0.00409698 0.000561306 0.000365542 -0.000396589 0.00925137 -0.000301057 -0.00759046 -0.0189629 -0.00348518 -0.00503932 0.00257655 0.000204057 0.00245803 0.00546044 -0.000560912 -0.000419624 -0.00408256 0.00954369 -0.00598401 0.00105677 -0.00952954 0.000934491 -0.00909546 0.00231435 0.00178847 0.0157399 0.00786284 9.40403e-05 0.00120975
internal_weight=23885.1 2757.82 21127.2 20661.8 15365.4 465.454 15286.7 1498.43 78.6566 2092.99 1659.37 5296.41 13193.7 2859.5 1425.54 1433.96 10334.2 1270.97 718.868 467.339 3252.2 572.642 3242.77 1326.3 2371.82 2282.42 89.4017 67.8072 9063.25 5395.8
internal_count=231743 39873 191870 188986 149234 2884 143405 22954 5829 20779 16437 39752 122626 19199 9515 9684 103427 9353 4798 3140 24698 4216 24632 21880 18455 18006 449 341 94074 55479
cat_boundaries=0 1 2 3 4 5 6 7 8 9 10
cat_threshold=8496157 6364495 1311361 7897187 458 214999 1196245 6835366 16024137 1
is_linear=0
shrinkage=0.04


Tree=112
num_leaves=31
num_cat=2
split_feature=0 31 5 20 9 29 27 30 12 30 5 12 11 27 7 27 6 21 1 3 6 27 9 22 29 26 2 3 16 27
split_gain=37.2668 26.368 20.7927 18.2508 18.2165 16.435 14.6808 14.6116 14.0337 14.249 13.8552 13.7886 12.5632 14.0023 11.7709 12.6231 12.8221 15.4242 14.5241 12.4505 12.3254 12.463 15.4671 13.1034 11.24 11.1704 10.8834 11.8665 10.8005 10.5872
threshold=2.5000000000000004 3.5000000000000004 1.5000000000000002 24.650000000000002 24.500000000000004 5.3050000000000006 -0.74633333333333318 0 1.6458333333333337 1 5.5000000000000009 5.1055555555555561 6.5000000000000009 2.1091666666666673 3.6333333333333386 1.0000000180025095e-35 39.095000000000006 24.200000000000006 29.065000000000001 6.8750000000000009 37.445000000000007 1.4466666666666668 49.500000000000007 25.675500000000003 4.9450000000000012 6.0850000000000009 1500.0000000000002 6.8750000000000009 0.90000000000000013 1.8800000000000006
decision_type=2 2 2 2 2 2 2 1 8 1 2 10 2 2 2 2 2 2 2 2 2 2 2 2 2 2 2 2 8 2
left_child=2 3 5 10 7 29 -4 -5 -3 11 -2 14 -6 26 19 16 17 -16 24 20 21 23 25 -10 -19 -23 27 -14 -28 -1
right_child=1 8 6 4 12 -7 -8 -9 9 -11 -12 -13 13 -15 15 -17 -18 18 -20 -21 -22 22 -24 -25 -26 -27 28 -29 -30 -31
leaf_value=0.00034640436091265965 -0.0060092792588513147 0.023103014648428941 -0.0043995584584154979 0.020199190437513441 -0.001017525102093032 0.0062285713751169935 0.00094938273366671118 0.0013025148392369137 0.0054299124328656299 -0.0016133687119096985 -0.018896809910150782 -0.032145881088355935 0.0031342487002458618 0.0086392410236450327 0.013449710206196112 0.0047510209889553585 0.011286415755513248 0.18816679883253529 0.039519422053705393 -0.0038646186382282582 -0.010818598200304022 0.05516678236646768 0.060438419086783608 -0.022858208937065437 0.07499102024578426 0.0091024897349374478 -0.0059457378288119778 0.092409430682416124 0.0068791616498944342 0.02701987176993265
leaf_weight=1478.2966251280159 976.04083025548607 45.751114688813686 912.30587599799037 85.5556252412498 3180.1942784348503 2150.2923260368407 8201.6237239930779 227.75578757561743 521.99023864744231 1847.8039201106876 154.61636605206877 17.191290236078203 6.5015052901580912 120.93396166712046 22.012008769437671 344.93381070159376 110.27483206707984 2.0698152575641897 14.947192925028501 418.40715223690495 73.021732362918556 9.281070698052643 12.564580470323561 27.58412092551589 4.3650380698964 91.086519837379456 2597.6601361744106 3.7598673328757286 109.49314561858773 24.198785126209259
leaf_count=8204 26031 305 9015 1017 32951 11023 48629 2703 7853 25250 5759 1161 93 625 497 2955 2110 37 275 6193 918 58 75 247 78 532 35156 54 1203 120
internal_value=-3.52654e-05 -0.00173874 0.00143592 -0.00309043 -0.00225452 0.00398577 0.000413953 0.00714888 0.00109207 0.000805785 -0.00777164 0.00347181 -0.00274404 -0.00467849 0.00386335 0.00899908 0.0185345 0.0369537 0.0611501 0.00164426 0.00477799 0.00649706 0.0185997 0.00401008 0.111395 0.0133621 -0.00527117 0.0358455 -0.00542702 0.000776
internal_weight=23792.5 11025.8 12766.7 7462.51 6331.85 3652.79 9113.93 313.311 3563.28 3517.53 1130.66 1669.73 6018.54 2838.35 1652.54 498.603 153.669 43.3941 21.382 1153.94 735.528 662.507 112.932 549.574 6.43485 100.368 2717.41 10.2614 2707.15 1502.5
internal_count=231127 154136 76991 105592 73802 19347 57644 3720 48544 48239 31790 22989 70082 37131 21828 5952 2997 887 390 15876 9683 8765 665 8100 115 590 36506 147 36359 8324
cat_boundaries=0 1 2
cat_threshold=24 340
is_linear=0
shrinkage=0.04


Tree=113
num_leaves=31
num_cat=6
split_feature=0 12 5 19 19 22 9 19 14 23 12 14 31 19 7 30 9 11 19 20 29 12 1 9 0 18 6 14 14 4
split_gain=34.0917 29.0063 26.4145 35.5067 18.3754 18.1754 15.679 22.9249 15.2601 14.3182 13.1741 12.8166 12.4948 17.6636 22.8604 12.0927 12.0281 11.9354 13.4588 11.3379 17.7149 21.4453 15.6221 11.3028 11.9009 11.2204 10.7533 12.2249 12.9561 11.2809
threshold=3.5000000000000004 5.3166666666666673 2.5000000000000004 0 1 13.483333333333338 47.500000000000007 2 -0.18320105820105811 3.5000000000000004 3.7321428571428577 0.28346560846560859 4.5000000000000009 3 15.965000000000003 4 24.500000000000004 8.5000000000000018 5 39.255000000000003 5.2950000000000008 2.7888888888888892 36.380000000000003 41.500000000000007 4.5000000000000009 0.36666666666666675 40.685000000000009 -0.17400793650793644 -0.25912698412698404 -0.10499999999999997
decision_type=2 10 2 1 1 2 2 1 8 2 8 10 2 1 2 1 2 2 1 2 2 10 2 2 2 8 2 8 10 2
left_child=6 2 4 9 16 12 8 -8 -1 10 -4 -9 -5 14 -14 -7 26 -6 -19 -11 21 -21 23 24 -23 -18 29 28 -28 -2
right_child=1 -3 3 5 17 15 7 11 -10 19 -12 -13 13 -15 -16 -17 25 18 -20 20 -22 22 -24 -25 -26 -27 27 -29 -30 -31
leaf_value=-0.0030253495439074192 0.055658251585963193 -0.030064974921395291 0.0020323658308863961 -0.010589764789998577 0.0052286893933114155 0.0080892332539805635 0.0042104070615285221 -0.0038144500034317515 0.0019341885315788726 -0.0087817402517983423 0.015412550725109185 0.0082805004354386674 0.005228407487289255 -0.011204762668910129 0.08344949051083056 -0.0042747115624038844 -0.0075601727820984697 0.0096065369038622391 -0.0054802645947569966 -0.0070179052725323132 -0.0088682948437918633 0.071120625726466574 0.0036355312197398908 0.089435901213384281 0.0071248063281575463 0.001120865130618169 -0.0044185320351953113 0.022843637822096956 0.16557696262260999 -0.0014961023573526991
leaf_weight=1080.9250519368798 6.0341541850939384 60.305509337224066 659.78385289665312 1559.8121394952759 1293.4249218548648 146.31652337498963 875.36543893069029 2671.8467867355794 12154.841799214482 311.1620365367271 143.31207037623972 147.94178383424878 139.9972510272637 140.2000668453984 6.2446450772695234 669.61909816693515 683.8100251853466 114.14993396028876 393.69065100466833 30.751121126115322 76.949581537395716 8.4867575317621284 14.997321982868014 9.5920632909983379 10.282590988092123 365.58604077622294 1.0840059672482314 16.85015676217154 2.1206701793707907 65.537314414512366
leaf_count=10376 74 5884 7938 36484 14349 1684 6292 20247 78309 8922 2720 775 3063 3274 103 7489 9070 1590 5620 364 1392 84 236 155 196 3419 49 260 75 1384
internal_value=-8.13214e-05 -0.00244457 -0.00220211 -0.00434892 0.000663548 -0.00695632 0.000885996 -0.00141776 0.00152916 0.00118261 0.00442005 -0.00316864 -0.00917963 -0.00150076 0.0080201 -0.00201081 -0.00329349 0.00317084 -0.00200788 -0.00441676 0.00457451 0.0185324 0.0366534 0.054113 0.0360612 -0.00453589 0.0105763 0.0364632 0.108075 0.00332255
internal_weight=23861 6930.1 6869.79 3927.51 2942.29 2662.19 16930.9 3695.15 13235.8 1265.32 803.096 2819.79 1846.25 286.442 146.242 815.936 1141.02 1801.27 507.841 462.221 151.059 74.1099 43.3587 28.3614 18.7693 1049.4 91.6263 20.0548 3.20468 71.5715
internal_count=231877 115878 109994 74104 35890 52097 115999 27314 88685 22007 10658 21022 42924 6440 3166 9173 14331 21559 7210 11349 2427 1035 671 435 280 12489 1842 384 124 1458
cat_boundaries=0 1 2 3 4 5 6
cat_threshold=24655 10936396 6684708 1675424 320 5767168
is_linear=0
shrinkage=0.04


Tree=114
num_leaves=31
num_cat=7
split_feature=14 7 19 27 23 9 19 19 19 29 17 29 1 30 15 27 27 5 19 20 7 29 19 16 29 27 20 17 3 11
split_gain=29.075 22.5378 23.0255 17.12 15.8633 16.316 24.3313 14.1081 12.4691 14.0476 12.3974 13.7114 22.7708 14.3556 12.1455 11.0709 10.522 10.4522 10.3925 10.23 10.1024 10.0397 9.97095 10.6664 9.87593 10.8891 9.75676 10.7638 13.8003 13.3422
threshold=-0.19986772486772483 -5.6859999999999973 0 -2.2891666666666661 1.5000000000000002 22.500000000000004 1 2 3 2.1650000000000005 0.58571428571428574 7.7950000000000008 43.495000000000005 4 4.5000000000000009 0.4250000000000001 -3.0358333333333323 5.5000000000000009 5 42.295000000000009 4.7424999999999988 4.1050000000000013 6 0.22500000000000003 8.8850000000000033 2.1900000000000004 1.0000000180025095e-35 0.15476190476190479 6.8350000000000009 9.5000000000000018
decision_type=8 2 1 2 2 2 1 1 1 2 8 2 2 1 10 2 2 2 1 2 2 2 1 10 2 2 2 10 2 2
left_child=3 2 -2 -1 7 6 26 10 9 -7 11 13 15 14 -3 -13 20 18 -5 -12 -10 -11 23 -19 25 -17 -6 28 29 -28
right_child=1 4 -4 17 5 8 -8 -9 16 21 19 12 -14 -15 -16 24 -18 22 -20 -21 -22 -23 -24 -25 -26 -27 27 -29 -30 -31
leaf_value=-0.023998954909410303 -0.0055791932662271658 0.012152023140667101 0.00042760236542751319 0.0036664790852380135 -0.041818362795539674 0.0086098374968884492 -0.00049356778458750433 0.00084409594943352681 0.017678348000288925 -0.0039725012060671519 -0.012595082902214455 -0.028383315822046968 0.03957810289953341 0.0030269438610170335 -0.011885505152362483 -0.0033404299633007428 -0.00098034534231443405 3.4890634476657119e-05 -0.0048596824170510514 0.021739834720661447 0.15354377392196678 0.0016846408691465304 -0.017293230602542377 0.071152628049925074 0.02640152841793451 -0.03735528303072138 0.041929085018726352 0.013508544361542058 0.0083768357333621896 0.12364824960189888
leaf_weight=74.090556607581675 1904.4846250568517 578.65276640839875 2192.2661140011624 281.96351841790602 3.7067346163094035 418.72071760194376 206.45458125369623 2455.0804581539705 2.5065326779149468 577.64672465110198 15.870216876268385 38.856027605012059 16.539262842386961 1213.2009979058057 35.707594992592931 112.70444202981889 8314.913924224209 33.311706165783107 1105.5519952145405 110.9545236453414 1.3457791889086363 3829.4411479700357 146.72732637822628 3.7545906454324713 14.990456607192753 17.380452573299408 41.018407214898616 73.846588790416718 20.122157437726855 3.4668746842071405
leaf_count=5997 18691 3724 21123 4039 311 4393 3237 16452 94 6767 104 359 101 8078 313 691 80456 723 15654 621 31 34316 3445 91 92 85 642 699 385 56
internal_value=-7.8497e-05 0.000301762 -0.00237739 -0.00520898 0.000908056 0.000215955 0.00875697 0.00293382 -1.05665e-05 0.00160504 0.00528625 0.00455206 -0.0053785 0.00564138 0.0105827 -0.00942104 -0.000948585 -0.00432299 -0.00313564 0.0174433 0.065142 0.000943147 -0.0132867 0.00570071 -0.00434231 -0.0078851 0.0207652 0.0239405 0.0358642 0.0482977
internal_weight=23845.3 22199.9 4096.75 1645.4 18103.1 13493.2 348.615 4609.94 13144.6 4825.81 2154.86 2028.03 200.471 1827.56 614.36 183.931 8318.77 1571.31 1387.52 126.825 3.85231 4407.09 183.794 37.0663 145.075 130.085 142.161 138.454 64.6074 44.4853
internal_count=231770 201821 39814 29949 162007 131387 5330 30620 126057 45476 14168 13443 1328 12115 4037 1227 80581 23952 19693 725 125 41083 4259 814 868 776 2093 1782 1083 698
cat_boundaries=0 1 2 3 4 5 6 7
cat_threshold=1888632 10225432 7946547 700473 322 1081634 69708
is_linear=0
shrinkage=0.04


Tree=115
num_leaves=31
num_cat=8
split_feature=0 27 11 31 17 11 19 0 19 23 22 19 27 9 9 19 11 19 19 17 19 4 4 4 19 22 3 22 29 29
split_gain=50.4816 28.2492 21.2842 19.4918 17.9837 17.911 19.4009 17.5424 16.2481 15.8832 23.4791 23.3324 18.2146 15.5095 15.0821 15.6097 15.0737 15.2087 14.6644 16.2111 14.6077 14.3682 14.0597 14.0375 17.3578 13.7782 13.6449 13.3103 12.9041 14.7857
threshold=1.5000000000000002 -1.0683333333333338 10.500000000000002 5.5000000000000009 0.13392857142857145 5.5000000000000009 0 5.5000000000000009 1 3.5000000000000004 -15.044999999999995 2 0.49000000000000049 51.500000000000007 36.500000000000007 3 11.500000000000002 4 5 1.0000000180025095e-35 6 -0.13333333333333328 -0.071666666666665865 -0.039999999999999584 7 6.0316666666666707 7.4050000000000011 11.648333333333337 5.4650000000000007 6.4050000000000011
decision_type=2 2 2 2 10 2 1 2 1 2 2 1 2 2 2 1 2 1 1 8 1 2 2 2 1 2 2 2 2 2
left_child=3 5 4 13 7 6 25 9 -6 10 -3 12 28 16 15 -11 17 -1 19 -15 -5 -4 -13 24 -7 -2 -10 -27 -12 -30
right_child=1 2 21 20 8 23 -8 -9 26 14 11 22 -14 18 -16 -17 -18 -19 -20 -21 -22 -23 -24 -25 -26 27 -28 -29 29 -31
leaf_value=0.006279153553841065 0.0076560035606040144 0.10365271964556604 0.027920550720041227 0.0043075741823700884 0.0028467397513032918 0.016534372881457874 -0.0099849357273057125 -0.011075426991172182 -0.00097318819589693295 0.0084865185895329313 0.0034712338471488574 0.013976050030181538 -0.00045031762233504325 -0.0083618868854637186 -0.0074094998910175678 -0.0036249575499213379 0.010043432969828741 0.0018721671671267359 -0.0034808488291385498 0.018847436847863542 -0.0077020881680563919 -0.0052483014282363192 -0.0044620765925962357 -0.017442940069928702 -0.016126391572786173 0.12138999858309209 0.066473262653840667 -0.0056016662009890552 0.020814532847735018 0.0021052682358581611
leaf_weight=1765.8307791128755 127.86903914855793 3.5119477659463874 21.122063767164946 234.52270860224962 3430.8826507562771 43.194565705489367 175.68178833974525 336.62981942761689 4042.5074791274965 224.26833093352616 360.66360614076257 69.657997876405716 764.91376603394747 52.06513412296772 1128.0272600501776 613.37528813257813 554.17161580920219 4365.3012751936913 897.04806599020958 107.1060965359211 488.48557940870523 1951.2374556660652 1321.4893879499286 365.029349275399 41.019586334470659 3.3953087776899329 4.8049440998584023 2.1610775832086802 204.84731881693006 100.86179718561471
leaf_count=8126 5129 48 162 1060 30006 1076 7203 11360 36733 3075 4905 471 5410 236 17720 8362 2654 19706 4061 471 2177 28227 14030 14164 1052 74 45 46 2513 1155
internal_value=-5.21583e-05 -0.00142068 -0.00102915 0.00242751 -0.000424611 -0.00894759 -0.0015367 -0.002249 0.00082648 -0.00162891 0.000291802 0.00016319 0.0037353 0.00301411 -0.00439021 -0.000324227 0.00372575 0.00315472 -0.00149021 0.00935923 -0.00385346 -0.0048931 -0.00351358 -0.0140467 0.000674197 0.00961487 -0.000890915 0.0719984 0.00859593 0.0146418
internal_weight=23801.7 15337.2 14578.8 8464.53 12606.4 758.351 309.107 5128.25 7478.2 4791.62 2825.95 2822.43 1431.29 7741.52 1965.67 837.644 6685.3 6131.13 1056.22 159.171 723.008 1972.36 1391.15 449.244 84.2142 133.425 4047.31 5.55639 666.373 305.709
internal_count=231457 192966 164222 38491 135833 28744 12452 69049 66784 57689 28532 28484 13983 35254 29157 11437 30486 27832 4768 707 3237 28389 14501 16292 2128 5249 36778 120 8573 3668
cat_boundaries=0 1 2 3 4 5 6 7 8
cat_threshold=10539582 3451179 261150 3705344 8786816 2230276 8812865 3948305
is_linear=0
shrinkage=0.04


Tree=116
num_leaves=31
num_cat=9
split_feature=0 11 16 0 19 31 19 30 19 9 6 12 9 19 24 19 19 29 5 0 11 24 30 19 23 8 28 22 13 14
split_gain=36.9883 33.877 20.349 23.908 18.0067 16.8548 18.7789 16.312 17.8111 16.6347 16.0847 13.7662 13.4267 12.9236 12.5063 15.0769 12.2861 12.4117 13.4498 13.328 12.2702 12.3174 12.1176 12.0678 12.6693 11.8041 11.6501 11.5961 12.0281 11.3404
threshold=1.5000000000000002 10.500000000000002 0.29166666666666669 4.5000000000000009 0 2.5000000000000004 1 2 3 62.500000000000007 41.365000000000002 3.7638888888888893 58.500000000000007 4 1.5000000000000002 5 6 1.7850000000000004 3.5000000000000004 5.5000000000000009 7.5000000000000009 2.5000000000000004 7 8 1.5000000000000002 1.5000000000000002 1.5000000000000002 -17.362499999999994 0.68333333333333346 0.12037037037037045
decision_type=2 2 10 2 1 2 1 1 1 2 2 8 2 1 2 1 1 2 2 2 2 2 1 1 2 2 2 2 8 10
left_child=4 2 3 5 12 6 -2 9 -9 -4 11 16 20 -7 -6 27 -5 18 -18 -20 21 -1 -23 24 -3 -10 -24 -16 -29 -14
right_child=1 23 7 10 14 13 -8 8 25 -11 -12 -13 29 -15 15 -17 17 -19 19 -21 -22 22 26 -25 -26 -27 -28 28 -30 -31
leaf_value=0.0057742000086595377 -1.5309982867870003e-05 0.0094694810150572663 -0.0029108378450182714 -0.013408923683497821 0.0031066879175775893 0.0050353867157609637 -0.0080136652606680198 0.003680177504497791 0.0040737438369711464 0.056835761142943739 0.0036224972089888563 -0.014424601847100369 -0.0057059964607022798 -0.0011812546689597941 0.00835505527194195 0.00065070120706936215 -0.00090516936876876991 -0.0014843723212088608 0.1085253177118045 0.00092728329045823081 0.0076852927966910272 0.0041530848085304271 0.0080426239470414232 -0.0081510417529940728 -0.004351433691515123 -0.0019995634896865107 -0.008146726679237137 -0.0053215332629005796 -0.022111024727028188 -0.050306227353999637
leaf_weight=934.17270486056805 954.82491496764123 133.3420471791178 1833.1082514664158 147.78150001633912 1904.9964318424463 839.56180291716009 924.05291333049536 3218.7917192773893 661.24364070734009 7.4864825922995797 165.41374354343861 498.12455764273182 40.091348879039288 1440.0063044251874 88.856490321457386 2566.3939973711967 8.5284862890839594 255.1197165241465 5.2866094801574928 2.826859388500452 1267.6601602733135 415.63292199373245 86.97574158012867 1431.1103531573899 519.8243367895484 2269.2746074134484 390.11510448157787 747.10296123474836 75.138517990708351 11.808331921696661
leaf_count=4238 11487 1343 17678 3248 8732 9804 11792 30016 5742 79 4844 21024 188 17375 435 11587 189 5235 114 126 5907 1854 420 22626 7921 22417 1712 3315 345 53
internal_value=-0.000199691 -0.00137533 -0.000628682 -0.00256541 0.00191145 -0.00118672 -0.00399172 0.00064185 0.00162984 -0.00265341 -0.00785885 -0.00992842 0.00430948 0.00112523 0.000500691 -0.000925454 -0.00459009 0.000674115 0.0341686 0.0710365 0.00466157 0.00256344 -0.000796392 -0.00611524 -0.00150686 -0.00062704 -0.00508868 -0.00531401 -0.0068558 -0.0158535
internal_weight=23844.7 15315.7 13231.4 5241.53 8528.94 4158.45 1878.88 7989.9 6149.31 1840.59 1083.08 917.668 3146.46 2279.57 5382.49 3477.49 419.543 271.762 16.642 8.11347 3094.56 1826.9 892.724 2084.28 653.166 2930.52 477.091 911.098 822.241 51.8997
internal_count=231846 193060 161170 85238 38786 50458 23279 75932 58175 17757 34780 29936 14372 27179 24414 15682 8912 5664 429 240 14131 8224 3986 31890 9264 28159 2132 4095 3660 241
cat_boundaries=0 1 2 3 4 5 6 7 8 9
cat_threshold=9360896 10570011 33 14952163 1324294 10466 10688005 304 549390
is_linear=0
shrinkage=0.04


Tree=117
num_leaves=31
num_cat=8
split_feature=0 15 9 26 4 4 19 4 19 17 9 19 14 19 29 22 8 19 9 6 7 19 8 19 4 19 1 22 4 9
split_gain=32.3669 29.2392 17.4259 17.3532 16.2076 15.6843 23.3624 14.9062 15.7631 14.424 13.3479 15.4527 13.1435 12.4444 20.6277 18.2275 11.9383 11.3063 14.532 10.9106 13.9121 10.8656 10.8519 17.3318 11.6259 10.6428 10.6404 10.4415 15.2932 10.1149
threshold=5.5000000000000009 1.5000000000000002 51.500000000000007 5.8450000000000006 -0.10166666666666611 0.023333333333332987 0 -0.063333333333333894 1 0.78888888888888908 41.500000000000007 2 -0.19986772486772483 3 6.0750000000000011 16.200833333333339 5.5000000000000009 4 51.500000000000007 31.915000000000003 0.65999999999999848 5 5.5000000000000009 6 -0.079166666666666594 7 26.330000000000002 18.399166666666673 -0.008333333333333302 34.500000000000007
decision_type=2 10 2 2 2 2 1 2 1 10 2 1 8 1 2 2 2 1 2 2 2 1 2 1 2 1 2 2 2 2
left_child=1 4 7 -4 25 10 -7 8 -2 12 -3 -12 -9 -5 15 19 21 18 26 -15 -21 -8 -13 24 -24 -1 -6 -16 -29 -19
right_child=2 5 3 13 17 6 16 9 -10 -11 11 22 -14 14 27 -17 -18 29 -20 20 -22 -23 23 -25 -26 -27 -28 28 -30 -31
leaf_value=0.0019348993898646452 -0.009815407431381323 0.00090823603173091334 -0.0057670921574304503 -0.0043559464372662305 0.0074172338802675174 -0.0067762885987724154 0.00568519754850242 -0.027009545071947593 0.014610893652224708 0.053312409324328111 0.0016479992103844003 -0.0024481234683919016 -0.0087523048267281432 0.0070252732302865193 -0.0061779778888573665 0.18020325066879619 -0.0073168739869334089 0.0062208813548293475 -0.010087856865987462 0.17959035224553091 0.050896958521858639 -0.001182670073459636 0.023551181085768546 -0.0015673191337455307 -0.02135703860999685 0.02033129126914178 -0.00063609110542521801 -0.01499766059146313 0.072304478188009488 0.0019422273871350674
leaf_weight=99.243102014064789 69.066149295307696 7630.1124498448335 78.725517902523279 25.335658284835517 316.44044457934797 1562.2763815633953 551.54557654447854 67.522040905430913 82.855491241905838 5.7989152297377577 1435.7529403101653 2825.3106417544186 961.13569703791291 3.9710916560143215 12.586613630875947 2.4558127056807271 315.83480124361813 1245.5306480750442 222.18856360204518 1.9745009820908306 4.2089861696586013 1067.5638917852193 9.7330846115946752 232.70340268500149 176.16779643110931 120.86264415085316 1539.9156845603138 4.7845776230096826 9.75829321146011 3045.8578977677971
leaf_count=497 1137 65120 3637 370 2078 20944 6618 6151 1263 49 12088 23326 25220 81 225 24 4174 8169 1589 40 75 13614 63 2059 1546 612 10194 41 107 19969
internal_value=-0.000221741 0.000138296 -0.0062839 0.00686631 0.00237665 -0.000794887 -0.0031588 -0.00787784 0.00382194 -0.00959609 -0.000123297 -0.00180519 -0.00995073 0.0221496 0.0320733 0.0824137 -0.000201974 0.00200791 -0.000418387 0.058764 0.0919911 0.00118466 -0.00332839 -0.00934914 -0.0180356 0.0130482 0.000736705 0.0204962 0.0435822 0.00317666
internal_weight=23727.2 22397 1330.18 143.801 6590.04 15807 3497.22 1186.38 151.922 1034.46 12309.8 4679.67 1028.66 65.0755 39.7399 12.6104 1934.94 6369.93 2078.54 10.1546 6.18349 1619.11 3243.91 418.604 185.901 220.106 1856.36 27.1295 14.5429 4291.39
internal_count=231080 192660 38420 4600 43108 149552 45350 33820 2400 31420 104202 39082 31371 963 593 220 24406 41999 13861 196 115 20232 26994 3668 1609 1109 12272 373 148 28138
cat_boundaries=0 1 2 3 4 5 6 7 8
cat_threshold=16401042 15731303 7753732 9643220 1999396 293 8422706 9440539
is_linear=0
shrinkage=0.04


Tree=118
num_leaves=31
num_cat=9
split_feature=0 5 9 27 19 4 7 19 19 26 0 19 24 11 19 27 30 15 19 3 19 3 22 9 7 9 26 19 12 20
split_gain=31.4165 27.1569 21.4041 21.2849 20.516 16.7324 15.2805 15.0378 14.133 20.3527 13.7798 18.3337 16.2389 14.882 15.3799 14.7119 18.4541 14.6747 13.7428 13.6755 13.5528 12.6086 12.4898 13.3549 12.3893 13.9664 12.3145 13.0402 11.8682 11.8324
threshold=4.5000000000000009 2.5000000000000004 50.500000000000007 0.090000000000000094 0 -0.10499999999999997 -6.8600000000000003 1 2 4.7650000000000006 1.5000000000000002 3 3.5000000000000004 11.500000000000002 4 1.1118333333333339 5 5.5000000000000009 6 6.9850000000000012 7 6.8150000000000004 -11.314166666666663 60.500000000000007 -6.6299999999999999 27.500000000000004 4.3050000000000006 8 3.7071428571428577 54.750000000000007
decision_type=2 2 2 2 1 2 2 1 1 2 2 1 2 2 1 2 1 10 1 2 1 2 2 2 2 2 2 1 8 2
left_child=2 4 6 -3 -2 21 8 22 -1 26 11 15 -13 18 28 16 17 -8 24 -9 -14 -6 23 -4 25 -12 27 -10 -15 -20
right_child=1 3 7 -5 5 -7 10 19 9 -11 13 12 20 14 -16 -17 -18 -19 29 -21 -22 -23 -24 -25 -26 -27 -28 -29 -30 -31
leaf_value=-0.0046628119247002619 -0.0063248980456478421 -0.011890597455177301 -0.017090585709940105 -0.0032901225883947465 0.02940922885530247 0.0025592558901730727 0.0026266925371477741 -0.00080275966466993465 -0.012188540557829107 0.0036923739613023876 0.084597548129395822 0.0068873845384942525 0.0053831788366875567 -0.0011649294713887992 -0.010949600420085193 0.0069135357619531917 -0.0032260564166977589 0.021523126294566 0.00030334412414588719 0.012170312103628431 -0.0060648497395324229 -0.018494091713021087 -0.0038058399841222547 0.02820070191301266 0.0028345401833751709 0.015289647023464943 -0.01782313171197086 0.011353643080832584 0.024441964543680115 -0.0079482573457730424
leaf_weight=1185.8443621443585 437.80989652639255 706.83004582487047 189.5683928495273 1320.6591937150806 61.58741042483598 961.88461555819958 804.9515563249588 1536.171378900297 64.079686289653182 1092.7750572748482 5.7765082810074118 2521.3974946737289 327.43014322966337 243.34184435382485 324.49562991969287 542.31948744505644 1416.2877946421504 71.604127019643784 3921.2311060233042 142.03014658205211 314.68255849927664 10.255234953947364 1180.4320196136832 11.022403148934243 3793.9044629056007 23.897163474932313 124.95677516423166 66.550999478437006 32.87129660602659 299.26616390794516
leaf_count=9665 7822 31681 2143 20426 594 16463 3537 12704 920 7466 75 11626 1486 2731 3768 2686 6265 338 37999 1331 1412 97 9315 137 34018 227 1292 883 527 1717
internal_value=0.000213431 -0.00328629 0.000818545 -0.00628845 0.000850087 0.00391222 0.00136753 -0.00226402 -0.00150026 0.001306 0.00186383 0.00333685 0.005424 0.000841691 -0.00523154 0.000985379 -0.000412492 0.00412327 0.00129522 0.000293433 -0.000237815 0.0225712 -0.0053353 -0.0146018 0.00302799 0.0287817 -0.00884594 -0.000258672 0.0018167 -0.000281093
internal_weight=23735.9 3499.03 20236.9 2027.49 1471.54 1033.73 17177.7 3059.22 2534.21 1348.36 14643.5 5998.67 3163.51 8644.78 600.709 2835.16 2292.84 876.556 8044.08 1678.2 642.113 71.8426 1381.02 200.591 3823.58 29.6737 255.587 130.631 276.213 4220.5
internal_count=231351 77083 154268 52107 24976 17154 128638 25630 20226 10561 108412 27350 14524 81062 7026 12826 10140 3875 74036 14035 2898 691 11595 2280 34320 302 3095 1803 3258 39716
cat_boundaries=0 1 2 3 4 5 6 7 8 9
cat_threshold=10653766 4435346 9326961 2190095 15491428 417 1060763 12719184 1148042
is_linear=0
shrinkage=0.04


Tree=119
num_leaves=31
num_cat=0
split_feature=0 7 22 7 14 9 31 7 3 14 22 4 21 9 12 31 0 31 20 26 14 24 1 14 29 14 12 9 26 3
split_gain=34.9799 28.0942 22.1888 18.695 17.526 16.4631 14.6422 14.2992 13.4647 12.0803 12.0289 11.3685 10.994 10.3732 14.107 10.1518 10.1358 21.1255 19.4191 13.6491 12.4762 10.8128 12.2252 11.7587 10.0371 9.759 14.5848 13.3449 9.68592 14.1098
threshold=4.5000000000000009 1.3283333333333369 7.9999999999999991 -8.8916666666666657 0.074074074074074112 45.500000000000007 3.5000000000000004 2.4881666666666615 6.5250000000000012 -0.20737433862433857 23.53166666666667 -0.10166666666666611 37.050000000000004 28.500000000000004 5.3166666666666673 2.5000000000000004 1.5000000000000002 4.5000000000000009 53.875000000000007 7.205000000000001 0.45023148148148157 2.5000000000000004 49.860000000000007 0.16490740740740747 7.2950000000000008 0.12705026455026455 3.0500000000000003 35.500000000000007 5.7550000000000008 6.9750000000000005
decision_type=2 2 2 2 10 2 2 2 2 8 2 2 2 2 8 2 2 2 2 2 10 2 2 10 2 10 10 2 2 2
left_child=3 4 8 -1 11 12 7 -7 -3 -5 24 -2 25 14 -10 -6 19 18 -18 21 -20 22 23 -11 -8 -4 -27 -28 -17 -30
right_child=1 2 5 9 15 6 10 -9 13 16 -12 -13 -14 -15 -16 28 17 -19 20 -21 -22 -23 -24 -25 -26 26 27 -29 29 -31
leaf_value=-0.0032146033635515468 0.014525908752501071 0.10138861565276659 0.00070463871036749979 -0.0031696022352646291 -0.0076302670783748036 0.040288943887699318 0.024686132242333961 0.0019746004055233909 0.0071910261043635227 0.0017794980146137299 0.056125069778097364 -0.011275004318309885 -0.00036163882413049942 -0.0071414963988123883 -0.031147095275294127 -0.0086119093225919211 0.0001280210039844513 0.0043096963795615853 -0.0077416692740780238 0.0099227699144777779 0.015967368682010132 9.8576236991217665e-05 0.01682479133205014 0.0072978312465862743 -0.046807204667178914 0.016927943768937311 0.13383579894994133 0.032342578170837341 0.006359766446177746 -0.016845119372297081
leaf_weight=1941.8048299411312 28.095491501502693 1.9239827431738366 28.728429136797786 1090.7395480852574 436.87792017776519 18.242850661277771 40.813088858500123 106.97742238081992 168.53915664972737 2904.2536971047521 20.706145672127604 995.75691581005231 454.85577832721174 593.03382488293573 16.896050296723843 137.82644098810852 7619.0497556207702 1787.5348091414198 722.7674867734313 359.8769907578826 37.346937261521816 2923.2588981464505 104.53747516870499 784.76853100210428 3.4039741680026046 24.143063886091113 3.7817188277840597 4.5870389640331268 359.79394417721778 47.455568255856633
leaf_count=15867 406 29 518 13079 6130 264 549 1316 4980 12920 169 33297 5052 14669 1966 2800 73172 15877 4506 1840 166 12962 471 3799 38 229 44 52 3906 589
internal_value=-0.000119306 -0.0038167 0.000350523 0.000517553 -0.0069053 0.00548747 0.015549 0.00755647 -0.00429831 0.000912833 0.0309646 -0.010567 0.00178054 -0.00455952 0.00369782 -0.00308735 0.00117107 0.00036197 -0.000480203 0.00233346 -0.00657677 0.00192684 0.00333566 0.00295342 0.0191823 0.0176913 0.0327013 0.0782059 0.000553798 0.00365577
internal_weight=23768.4 3492.44 1486.63 20275.9 2005.81 706.24 190.143 125.22 780.393 18334.1 64.9232 1023.85 516.096 778.469 185.435 981.954 17243.4 10166.7 8379.16 7076.7 760.114 6716.82 3793.56 3689.02 44.2171 61.2403 32.5118 8.36876 545.076 407.25
internal_count=231662 77003 29875 154659 47128 8231 2336 1580 21644 138792 756 33703 5895 21615 6946 13425 125713 93721 77844 31992 4672 30152 17190 16719 587 843 325 96 7295 4495
is_linear=0
shrinkage=0.04


Tree=120
num_leaves=31
num_cat=7
split_feature=0 27 4 19 9 21 19 18 20 19 10 20 12 4 19 19 20 19 27 20 6 26 26 12 20 27 22 9 1 6
split_gain=31.8317 20.6825 17.8552 22.0356 16.1303 18.786 17.495 14.2566 17.7234 19.3275 18.8482 13.9805 13.3641 13.2411 13.2101 12.1684 11.9919 11.9337 12.2841 11.8033 11.7274 11.7133 11.3502 10.9786 10.7504 13.9064 17.2363 10.5919 11.063 10.5668
threshold=5.5000000000000009 0.43666666666666681 0.040000000000000487 0 45.500000000000007 49.695000000000007 1 0.29166666666666669 53.585000000000008 2 3 52.840000000000011 2.2928571428571431 -0.073333333333332792 4 5 62.090000000000011 6 2.4208333333333338 22.115000000000006 31.265000000000004 7.6750000000000007 7.3450000000000006 1.6458333333333337 42.295000000000009 0.94833333333333358 22.67166666666667 54.500000000000007 54.230000000000011 33.975000000000001
decision_type=2 2 2 1 2 2 1 10 2 1 1 2 10 2 1 1 2 1 2 2 2 2 2 10 2 2 2 2 2 2
left_child=2 -2 7 20 13 6 11 8 10 16 14 -6 -13 -3 -1 -15 -10 23 22 -5 27 24 -19 -9 -7 26 29 28 -4 -26
right_child=1 4 3 19 5 21 -8 17 9 -11 -12 12 -14 15 -16 -17 -18 18 -20 -21 -22 -23 -24 -25 25 -27 -28 -29 -30 -31
leaf_value=-0.0013558955753732416 -0.012446374059963714 0.011251513117387826 -0.012461073340933953 -0.0085432258284238224 0.0039026393874148566 -0.0085851699277427092 -0.016738696060408832 0.021179458083651161 -7.7423927313825032e-05 -0.0098923155655394491 -0.00025369162483283294 0.11207471488001627 0.023083072045382538 0.0015774807272017426 0.0047976894681831103 -0.011254972029947668 0.025520619102648991 0.001492915185238462 0.016607175529237177 0.0011145277655446831 -0.0040531281465925337 -0.032093586611173792 -0.0079742729194628541 0.0047201590372015854 -0.016289028942315157 0.02458466997892415 0.15051232533854286 -0.034700011739211591 0.047530022328003997 0.083868543319133876
leaf_weight=735.87795555964112 494.20617783302441 68.461646065115929 306.34474378544837 234.1785352206789 51.663690183311701 12.19821642898023 58.617916829884052 67.4835493452847 289.34780713170767 540.98112495988607 10813.492136257235 3.9324637390673152 8.6147615760564786 173.48830177262425 2302.1204848513007 378.69714863970876 32.578539617359638 3143.6756825968623 81.416091613471508 1495.5964861493558 450.12853319384158 5.9768564328551284 216.57863137871027 1655.4066763063893 3.0453110821545106 57.257606729865074 3.2990365959703922 35.021468955092132 4.9986077416688195 3.7740219626575708
leaf_count=4734 27364 564 4314 4983 856 179 935 369 1818 3359 100707 32 93 2323 15451 5448 195 21972 393 15882 5875 50 1313 11088 62 496 50 544 68 63
internal_value=5.9145e-05 -0.00596939 0.000415185 -0.00275237 -0.00210827 0.00752095 -0.00250238 0.000817726 0.000183101 -0.00537886 0.000529595 0.0113354 0.0509742 -0.00534125 0.00330758 -0.00739847 0.00243735 0.00262584 0.00125107 -0.000191839 -0.00820772 0.0219118 0.000882726 0.00533389 0.0259682 0.032224 0.0754531 -0.0138439 -0.0114979 0.0391412
internal_weight=23728.5 1323.23 22405.2 2526.27 829.027 208.38 122.829 19879 14714.4 862.907 13851.5 64.2109 12.5472 620.647 3038 552.185 321.926 5164.56 3441.67 1729.78 796.493 85.551 3360.25 1722.89 79.5742 67.376 10.1184 346.365 311.343 6.81933
internal_count=231580 38515 193065 31666 11151 2816 1916 161399 126264 5372 120892 981 125 8335 20185 7771 2013 35135 23678 20865 10801 900 23285 11457 850 671 175 4926 4382 125
cat_boundaries=0 1 2 3 4 5 6 7
cat_threshold=6164802 3431267 13648728 1 41080 5046410 14688357
is_linear=0
shrinkage=0.04


Tree=121
num_leaves=31
num_cat=7
split_feature=0 17 3 19 27 9 19 8 31 19 15 11 31 0 6 20 27 27 30 19 1 30 6 1 3 3 9 6 6 19
split_gain=31.8134 21.411 16.8065 15.9333 27.2869 14.4632 14.8059 14.0933 13.2085 12.6603 11.7458 16.7797 11.1927 11.1308 10.4829 12.2994 12.9048 10.2041 10.1065 10.0585 9.91485 11.0205 13.6851 10.6977 11.971 10.1881 9.74981 9.5111 9.23702 9.0645
threshold=4.5000000000000009 0.15476190476190479 7.0950000000000006 0 1.9300000000000002 41.500000000000007 1 1.5000000000000002 2.5000000000000004 2 1.5000000000000002 3.5000000000000004 6.5000000000000009 5.5000000000000009 45.045000000000009 17.355000000000004 0.90333333333333365 2.6326666666666676 3 4 42.885000000000005 5 46.465000000000011 45.840000000000011 6.7950000000000008 6.7350000000000012 43.500000000000007 42.605000000000011 44.240000000000002 6
decision_type=2 8 2 1 2 2 1 2 2 1 8 2 2 2 2 2 2 2 1 1 2 1 2 2 2 2 2 2 2 1
left_child=5 9 3 4 -3 17 12 -5 -9 18 -8 20 14 -10 28 -16 -17 19 -2 -1 -12 22 23 25 -25 -22 -14 -6 -7 -19
right_child=1 2 -4 7 27 6 10 8 13 -11 11 -13 26 -15 15 16 -18 29 -20 -21 21 -23 -24 24 -26 -27 -28 -29 -30 -31
leaf_value=-0.00027730304129854738 0.0036840812831783675 -0.0082646813160606424 -0.028507269799307663 0.0094406048279798895 0.0083132201287856432 0.00063869037296424176 0.0011553713891886634 -0.0050506323705316681 0.0084323497386352281 -0.010991456182084077 -6.7716974938753928e-05 -0.0046004710052333451 -0.012226433656277069 -0.0030991765973232832 0.051062221472929138 0.0014028856160296199 0.02398488129813341 -0.0080924155319806387 -0.0073693314645394605 0.0021503330478508933 0.0050791659024621121 -0.0050941597946775365 -0.031125671843977496 0.039635298176217373 -0.0063840685899160775 0.064368595608401802 0.01762819125968932 0.041708740176927384 -0.020549086309159054 0.020271135982998671
leaf_weight=4139.8507301304489 221.50240350980312 682.6026853825897 35.439508007839322 307.33338735904545 95.503205310553312 2103.4414389468729 1463.5919373370707 495.56996476417407 341.38376651983708 751.11600988404825 1000.5579555444419 2950.775263492018 20.686986705288291 220.39054390182719 10.819301471114157 154.38627992384136 54.883796535432339 21.54847463965416 305.8292006412521 8026.8482126360759 6.1420979462564018 39.681204855442047 6.5377157405018798 17.49954691529274 18.718037348240614 18.926753833889961 113.68741751275957 15.919524334371088 33.445072466507554 68.533022604882717
leaf_count=30638 6848 12569 636 4285 612 16563 8959 8327 4384 25537 8134 25753 149 4440 116 1161 279 110 9230 60607 44 328 48 124 159 155 825 89 236 321
internal_value=-4.48228e-05 -0.00358237 -0.00118486 -0.000736304 -0.00520328 0.000561201 -0.000760181 0.00188707 -0.000290637 -0.00769711 -0.00191321 -0.00302444 0.00179614 0.0039084 0.00116319 0.00947536 0.00732531 0.00142515 -0.00274426 0.00132584 0.00117255 0.0127158 0.0208174 0.0297552 0.0158515 0.0498421 0.0130321 0.0130846 0.000307074 0.0148382
internal_weight=23743.2 3472.59 2194.14 2158.7 794.025 20270.6 8013.78 1364.68 1057.34 1278.45 5522.43 4058.84 2491.35 561.774 2356.98 220.089 209.27 12256.8 527.332 12166.7 1108.06 107.505 67.8242 61.2864 36.2176 25.0689 134.374 111.423 2136.89 90.0815
internal_count=231666 76957 35342 34706 13270 154709 63033 21436 17151 41615 43704 34745 19329 8824 18355 1556 1440 91676 16078 91245 8992 858 530 482 283 199 974 701 16799 431
cat_boundaries=0 1 2 3 4 5 6 7
cat_threshold=10880736 7733276 599715 298 7341228 372 11405440
is_linear=0
shrinkage=0.04


Tree=122
num_leaves=31
num_cat=2
split_feature=0 12 4 5 9 14 9 14 27 27 0 22 1 22 22 1 30 27 9 21 4 3 20 21 14 30 3 31 14 1
split_gain=27.3549 22.2079 19.4722 17.2491 17.576 14.8381 13.1611 15.9694 12.031 11.8786 11.6083 13.5155 11.464 11.2886 26.0439 19.6901 10.8565 10.3861 10.1344 12.7067 10.0238 16.9965 9.98208 9.84519 9.77923 9.62963 9.59012 9.00367 10.211 9.14193
threshold=3.5000000000000004 5.3166666666666673 -0.10999999999999986 5.5000000000000009 21.500000000000004 0.34448412698412706 50.500000000000007 0.35023148148148159 -1.2099999999999995 2.0400000000000009 5.5000000000000009 -2.0999999999999992 37.395000000000003 1.2266666666666686 -3.0999999999999956 34.625000000000007 0 0.84666666666666746 59.500000000000007 46.480000000000011 0.048333333333333346 6.955000000000001 52.650000000000013 23.100000000000005 -0.25912698412698404 1 6.745000000000001 5.5000000000000009 -0.24986772486772479 46.980000000000011
decision_type=2 10 2 2 2 8 2 10 2 2 2 2 2 2 2 2 1 2 2 2 2 2 2 2 10 1 2 2 8 2
left_child=6 2 12 4 13 10 9 8 -8 -1 -6 -12 -2 14 24 -16 -7 -5 25 -20 -18 -22 27 -11 -4 -13 -9 28 -10 -29
right_child=1 -3 3 17 5 16 7 26 22 23 11 18 -14 -15 15 -17 20 -19 19 -21 21 -23 -24 -25 -26 -27 -28 29 -30 -31
leaf_value=0.0013186121645494498 0.01915850896226691 -0.027050377355277211 -0.01901083691025773 -0.010941885291637581 -0.0013580424622765966 0.014181030088910409 -0.015649612524933049 -0.0069209790619757959 -0.015442656339156955 0.02570021237706005 -0.014123763438136972 0.0020951612324069018 -0.0064821482574211244 -0.022063011267097806 0.032234293089122353 0.20614045822426352 1.8021552671767742e-05 -0.00098058763167607884 -0.011918308171651713 0.086467604612312524 0.070310159187626703 -0.019353739431243785 -0.011853941780756095 0.0057922555167739332 0.021802441883875614 -0.0077216311111657412 0.028885353742680055 0.0057510678916441781 -0.0010231903499925807 0.049519063009081682
leaf_weight=13750.136491240934 110.00728237722069 55.854938833974302 10.966849759221075 514.81900365231559 4322.8155675539747 134.18079698365182 99.716670524328947 16.584215298295021 81.737355329096317 43.267988212406635 255.56007022224367 263.77081606164575 37.379634189419448 10.930542003363369 2.0966333281248799 2.0702867554500699 377.72148885764182 248.2170950062573 3.9593576788902265 4.4732365189120173 8.442179430741815 5.6439086366444817 139.74042566865683 488.24677906930447 65.470183845143765 392.11435184814036 42.997244670987129 175.6005369797349 2031.7412549890578 7.9827334284782401
leaf_count=93815 891 5977 809 15573 57088 1054 1403 79 821 207 11681 5629 304 140 45 36 3104 2556 138 56 98 56 784 2349 2202 8420 217 1282 14875 62
internal_value=0.000205001 -0.0019316 -0.00172438 -0.00204438 -0.00130779 -0.00158373 0.00106919 -0.00155067 -0.00203149 0.00154542 -0.0022263 -0.00630655 0.0126556 0.0160826 0.0212555 0.118638 0.00482098 -0.00770146 -0.0032993 0.0402724 0.00122234 0.0343843 -0.00147422 0.00741286 0.0159467 -0.00385949 0.0189188 -0.000842777 -0.00158085 0.00765423
internal_weight=23704.2 6826.49 6770.64 6623.25 5860.22 5768.68 16877.8 2596.1 2536.52 14281.7 5242.69 919.878 147.387 91.5345 80.604 4.16692 525.988 763.036 664.318 8.43259 391.808 14.0861 2436.8 531.515 76.437 655.885 59.5815 2297.06 2113.48 183.583
internal_count=231751 115857 109880 108685 90556 87324 115894 19523 19227 96371 83012 25924 1195 3232 3092 81 4312 18129 14243 194 3258 154 17824 2556 3011 14049 296 17040 15696 1344
cat_boundaries=0 1 2
cat_threshold=224 456
is_linear=0
shrinkage=0.04


Tree=123
num_leaves=31
num_cat=8
split_feature=0 15 27 9 19 10 27 26 9 0 19 19 19 4 27 22 9 21 4 9 24 18 4 7 19 6 4 19 19 6
split_gain=25.988 22.5362 15.42 19.5406 30.3475 17.3458 15.8798 29.4828 17.8561 16.9147 15.1913 14.6167 13.6464 12.6507 12.492 12.2933 11.5103 19.1657 16.2132 15.4876 14.6874 11.1297 10.9297 10.9106 13.6021 10.8118 14.2153 33.2911 13.6735 10.3211
threshold=5.5000000000000009 5.5000000000000009 -2.1608333333333323 22.500000000000004 0 1 1.0966666666666665 6.7750000000000012 34.500000000000007 1.5000000000000002 2 3 4 -0.10166666666666611 -0.16366666666666682 -17.052666666666664 49.500000000000007 48.010000000000012 0.058333333333333133 59.500000000000007 4.5000000000000009 1.0000000180025095e-35 -0.048333333333333332 -5.8849999999999989 5 32.435000000000009 0.043333333333334341 6 7 44.470000000000006
decision_type=2 8 2 2 1 1 2 2 2 2 1 1 1 2 2 2 2 2 2 2 2 10 2 2 1 2 2 1 1 2
left_child=2 10 22 4 -4 6 7 8 -5 12 21 -8 -9 14 -12 -13 -15 -18 19 20 -19 -2 -1 -11 29 26 28 -28 -7 -25
right_child=1 -3 3 5 -6 25 11 9 -10 23 13 15 -14 16 -16 -17 17 18 -20 -21 -22 -23 -24 24 -26 -27 27 -29 -30 -31
leaf_value=0.014892514602855329 -0.01909613287450837 -0.02548868467930587 -0.0050354322281329416 0.0088156053766924123 0.016250610627877395 -0.0033467299488254415 0.0007839159280761816 -0.010361144857591495 0.0007925253907664436 -0.018190743786627838 0.072117425743623995 0.024219765506793042 0.0038060278770777941 -0.0037282692501248776 0.011198926283239815 0.0055676721735541737 -0.00018994772855897665 0.023877345075316407 -0.036187781647790365 0.1244852155000641 0.11683252520706044 -0.0059297697558253759 -0.020496672867288783 -0.00047254373911336553 -0.0090106110391885673 0.00030717808791969894 0.00034350502161773676 -0.016590366970607319 0.00056994223088251627 0.02560458655082043
leaf_weight=16.539597544819117 137.6603139792569 85.057931918185204 167.41772771812975 576.48051545023918 281.28761882986873 2601.7300558658317 1493.1142007708549 130.62436451017857 1928.9692667853087 143.52753373794258 6.9341074237599996 58.390962917357683 471.21069298684597 539.1097758943215 24.120985370129347 1780.82536572963 77.226650584954768 20.489896893501292 4.2154052145779124 3.6751105822622767 3.1359200403094283 404.75802613748237 89.639714614022523 132.70280852541327 549.89665694534779 8038.4051003074273 433.96039635501802 319.50553564634174 3140.9393154680729 29.723649933934212
leaf_count=500 5870 6731 1889 4342 3259 23305 7982 598 14740 1543 122 328 2220 13827 197 9624 2616 297 74 37 35 8790 4308 1263 5371 71638 5952 5012 28688 250
internal_value=-9.69142e-05 -0.00558087 0.00022313 0.000295607 0.00855846 0.000125768 0.00171588 6.99548e-06 0.00263856 -0.0045161 -0.00419441 0.0037534 0.000622217 -0.000136221 0.0248011 0.00612652 -0.0013337 0.0105377 0.0368245 0.048098 0.0362155 -0.00910343 -0.0149841 -0.00812937 -0.00610209 -0.000673091 -0.00188712 -0.00705289 -0.00120935 0.00405016
internal_weight=23691.3 1306.38 22384.9 22278.7 448.705 21830 7295.47 3963.14 2505.45 1457.69 1221.33 3332.33 601.835 678.908 31.0551 1839.22 647.853 108.743 31.5163 27.3009 23.6258 542.418 106.179 855.851 712.323 14534.5 6496.14 753.466 5742.67 162.426
internal_count=231408 38596 192812 188004 5148 182856 48261 30327 19082 11245 31865 17934 2818 17205 319 9952 16886 3059 443 369 332 14660 4808 8427 6884 134595 62957 10964 51993 1513
cat_boundaries=0 1 2 3 4 5 6 7 8
cat_threshold=4440165 1 10624661 2989070 2107532 2105649 12706878 9036134
is_linear=0
shrinkage=0.04


Tree=124
num_leaves=31
num_cat=6
split_feature=14 9 19 22 8 19 13 4 6 19 19 20 29 19 24 15 14 20 30 7 7 6 4 7 6 4 27 29 26 20
split_gain=20.9762 14.7718 17.3939 14.5681 13.9193 18.5192 14.0862 13.3636 12.7334 13.6613 12.7273 12.6184 11.9611 11.2864 10.1217 13.6149 13.0399 10.12 9.73072 10.4725 9.8495 9.22653 11.203 9.16792 17.2086 9.10916 8.93143 8.60283 8.59525 9.46323
threshold=-0.19444444444444434 22.500000000000004 0 14.315833333333336 2.5000000000000004 1 0.31666666666666671 0.091666666666667243 33.685000000000009 2 3 14.540000000000001 7.4250000000000007 4 3.5000000000000004 2.5000000000000004 0.031514550264550252 3.4000000000000008 5 -6.0983333333333336 -6.2041666666666666 29.135000000000002 0.051666666666667201 -1.92333333333333 11.190000000000001 0.11500000000000067 1.7136666666666669 7.5050000000000008 4.6650000000000009 24.060000000000006
decision_type=8 2 1 2 2 1 8 2 2 1 1 2 2 1 2 10 8 2 1 2 2 2 2 2 2 2 2 2 2 2
left_child=8 2 -2 4 5 6 14 11 26 -10 -5 -6 -8 -13 -3 16 -16 -11 19 20 -12 22 -21 24 -7 -23 -1 -14 29 -17
right_child=1 3 -4 10 7 23 12 -9 9 17 18 13 27 -15 15 28 -18 -19 -20 21 -22 25 -24 -25 -26 -27 -28 -29 -30 -31
leaf_value=-0.0080642563912936022 0.019110664313708895 -0.001242281664260756 0.0019229955215623428 0.0045573630840042238 -0.010815486048722041 0.0050719576357512383 -0.0078572774158353256 -0.013341974748514418 -0.0076539948617365943 -0.02618182647259527 -0.0025374817561842479 0.00041720336303058318 0.067317897484611242 -0.0024380013818646345 0.083166957879817871 0.0087657574138113419 0.019229616055408714 0.0042791481035258875 -0.0014224798596022543 0.011924098138694848 -0.045804260623258826 0.0021370777351491874 -0.01968700913727928 0.0018131988715734113 0.07075502698722648 0.047146022207864902 0.051550366930369393 0.0079703283474953906 -0.0052975733759224233 0.060071765591885415
leaf_weight=891.03338347002864 128.02234576735646 413.41430871188641 323.55135893123224 1678.6271082237363 225.36537285568193 22.893143784254793 728.87619464844465 154.11329483194277 286.48982152016833 18.098990195430815 405.00856259651482 3833.8001567572355 5.2343854783102897 5238.7152638286352 7.4544730540364981 23.082047806587074 16.184055384248499 487.19543493771926 2190.3975329957902 286.95159207284451 8.5970043018460256 1540.1142399739474 19.134192632511258 4697.8128525582142 8.8488574847578985 7.2282649315893641 4.0392419174313536 15.42247014865279 50.277842568233609 7.6612375620752564
leaf_count=17078 1827 4421 4975 11326 4478 237 6228 2444 5095 1644 2840 38598 40 52050 72 355 125 7020 14597 1837 60 9851 188 43517 76 63 23 116 481 99
internal_value=-0.000227591 0.000101486 0.00726153 -4.83056e-05 -0.000703206 0.000804113 -0.00347359 -0.00165958 -0.00452659 -0.000831558 0.00160058 -0.00146594 -0.00700662 -0.0012337 0.00157083 0.0126829 0.0393924 0.00312621 0.000475792 0.00230809 -0.0034368 0.00360255 0.00994801 0.00195383 0.0233827 0.00234733 -0.00779523 0.0230088 0.00489015 0.0215512
internal_weight=23723.6 22036.8 451.574 21585.2 15449.2 5997.16 1267.61 9451.99 1686.86 791.784 6136.06 9297.88 749.533 9072.52 518.074 104.66 23.6385 505.294 4457.43 2267.03 413.606 1853.43 306.086 4729.55 31.742 1547.34 895.073 20.6569 81.0211 30.7433
internal_count=231761 200901 6802 194099 153337 55767 11937 97570 30860 13759 40762 95126 6384 90648 5553 1132 197 8664 29436 14839 2900 11939 2025 43830 313 9914 17101 156 935 454
cat_boundaries=0 1 2 3 4 5 6
cat_threshold=1574162 1378306 14817088 12880132 8588997 458
is_linear=0
shrinkage=0.04


Tree=125
num_leaves=31
num_cat=6
split_feature=0 19 12 9 19 31 9 22 8 31 7 12 3 16 19 19 5 20 19 22 17 22 20 3 3 3 9 19 27 14
split_gain=22.0297 19.7181 18.8405 21.2099 18.7908 16.6862 18.1068 16.6145 14.8647 14.5028 14.496 14.7362 19.8924 15.9468 13.9595 13.6002 12.995 12.4097 17.295 22.4079 12.0458 12.1364 11.708 13.9744 12.1671 11.6289 11.4951 11.0982 12.53 16.3205
threshold=1.5000000000000002 0 5.2928571428571436 34.500000000000007 1 5.5000000000000009 39.500000000000007 -1.2908333333333333 4.5000000000000009 9.5000000000000018 9.7800000000000011 2.7888888888888892 6.6650000000000009 0.22500000000000003 2 3 1.5000000000000002 28.095000000000002 4 -4.8316666666666643 0.29285714285714287 -33.795833333333327 21.340000000000003 6.6750000000000007 6.6550000000000011 7.0150000000000006 58.500000000000007 5 0.38166666666666732 0.070833333333333331
decision_type=2 1 10 2 1 2 2 2 2 2 2 10 2 10 1 1 2 2 1 2 10 2 2 2 2 2 2 1 2 8
left_child=1 7 3 4 -2 8 -7 -1 17 10 -6 -12 13 -13 -8 -10 -3 18 19 -5 21 -14 23 24 -21 -23 -9 28 29 -24
right_child=2 16 -4 5 9 6 14 26 15 -11 11 12 20 -15 -16 -17 -18 -19 -20 22 -22 25 27 -25 -26 -27 -28 -29 -30 -31
leaf_value=4.6668329070472797e-05 -0.0022868765611658592 0.0029170960096086091 -0.019755141961625505 -0.0083977197390911161 0.0019911220384419026 -0.0045295498430576323 0.011107032188283362 0.0056744065360616984 -0.0016384714150381092 0.05676156671530197 -0.0013374625164265085 0.1033577104283773 0.093906972902251196 0.026451775472944805 -0.0019895074176085599 -0.0074688060723913799 -0.0018354959121309239 -0.00060658733401817966 -0.0096098725085109124 0.029847362970635217 0.031525828989042423 0.0053113506945235613 0.013754281841597729 0.012271583777489794 0.13075634385359777 0.074897835887007366 -0.015895979092099992 -0.0040282877904774137 -0.020006079119673271 0.070232439266491836
leaf_weight=1452.6251327320933 1553.7436975240707 1329.6506319344044 85.431292209774256 313.12145472737029 2803.2858168836683 319.64986673276871 422.93033799901605 2655.7460910901427 1147.3737196745351 8.0331333074718696 111.62842178251594 7.0936965434812036 2.6044562957249573 11.008847022429107 188.50985660776496 1496.8222265793011 2991.6770015731454 5517.919149087742 635.24238339439034 5.3729401929303986 44.511078993789852 167.56847832724452 38.21804831456393 124.51272951206192 2.9678394077345729 3.93262696545571 40.12627936899662 187.21869630925357 11.85739194229245 10.417971831746398
leaf_count=6636 20381 6080 7052 7115 35592 3251 4944 12301 14985 92 853 77 59 85 2440 20436 13447 54267 12487 77 397 2152 639 2346 43 54 176 2827 116 150
internal_value=-0.000113605 0.00152155 -0.0010235 -0.000917767 0.00130883 -0.00192475 0.00318526 0.00348677 -0.00242605 0.0030745 0.00294741 0.010643 0.0162926 0.0565883 0.00721842 -0.00497334 -0.000372286 -0.0014423 -0.00491233 -0.000465318 0.0129559 0.00820845 0.00604907 0.0156292 0.0657531 0.00690701 0.00535335 0.000911008 0.0144712 0.0258521
internal_weight=23690.8 8469.83 15221 15135.5 4713.41 10422.1 931.09 4148.5 9491.04 3159.67 3151.63 348.348 236.719 18.1025 611.44 2644.2 4321.33 6846.85 1328.93 693.687 218.617 174.106 380.566 132.854 8.34078 171.501 2695.87 247.712 60.4934 48.636
internal_count=231557 38640 192917 185865 59742 126123 10635 19113 115488 39361 39269 3677 2824 162 7384 35421 19527 80067 25800 13313 2662 2265 6198 2466 120 2206 12477 3732 905 789
cat_boundaries=0 1 2 3 4 5 6
cat_threshold=10934208 7209060 5874349 2701451 9038934 41024
is_linear=0
shrinkage=0.04


Tree=126
num_leaves=31
num_cat=0
split_feature=8 0 16 12 11 14 31 9 1 9 22 14 1 26 9 3 26 28 1 9 0 1 14 29 29 14 7 14 14 6
split_gain=20.2934 21.481 23.5458 13.1597 12.1277 16.0053 22.7914 11.6931 11.3278 10.4256 10.2836 10.9421 10.6044 14.2493 11.0826 11.3621 11.0581 10.6128 17.9304 17.6786 16.2423 11.9095 13.138 11.1148 9.87449 9.79806 9.7541 9.68262 9.62685 9.60484
threshold=1.5000000000000002 4.5000000000000009 0.45000000000000007 5.3166666666666673 8.5000000000000018 -0.099999999999999936 2.5000000000000004 57.500000000000007 41.465000000000011 52.500000000000007 15.238166666666668 -0.21111111111111103 43.495000000000005 6.9250000000000007 34.500000000000007 7.1250000000000009 4.6450000000000005 5.5000000000000009 55.665000000000013 35.500000000000007 1.5000000000000002 44.465000000000011 0.28004629629629635 4.8850000000000007 8.5350000000000019 0.12962962962962971 -15.509166666666667 0.2148148148148149 0.45023148148148157 28.955000000000002
decision_type=2 2 10 10 2 10 2 2 2 2 2 8 2 2 2 2 2 2 2 2 2 2 10 2 2 10 2 8 8 2
left_child=9 7 3 -3 5 6 -4 10 24 -1 12 -12 14 17 26 -16 -17 21 23 20 -20 22 -14 -19 -6 -23 -2 -9 -13 -28
right_child=1 2 4 -5 8 -7 -8 27 -10 -11 11 28 13 -15 15 16 -18 18 19 -21 -22 25 -24 -25 -26 -27 29 -29 -30 -31
leaf_value=0.0027648926102232323 0.012784671743822909 -0.0065750070430685825 -0.019103547791044413 -0.0335852849956969 -0.0094789714949202516 0.0029399893081553516 0.17794858984196382 -0.0086854611860274177 0.01390457264850411 -0.0034788153188845001 -0.013672480181875279 0.0017832144219259922 0.010189514839817107 -0.012754020504109632 -0.0019576304826975921 -0.011261511870043418 0.022641478326065445 -0.0012018778791430839 0.038662441513362414 0.01624245928661084 0.16209409897219382 0.0037564514346946428 0.056796855705224199 0.031779786168936591 0.072794936303779464 -0.0075944265858341508 -0.0028087147467327407 0.011082175344422145 0.012879317548043901 0.001906294222777755
leaf_weight=4510.3094587149099 107.86160847079009 1582.4623319795355 1.768254145048558 29.396910966839641 277.85703209694475 748.95256905537099 2.0028820056468248 385.52719164267182 40.252890051342547 472.74112137313932 71.03333099745214 3502.8286303784698 151.12809750810266 80.460665822029114 7219.7767683407292 21.146014647558331 56.580257991328835 47.937420188449323 3.1589080393314344 7.4155448004603386 3.7079576440155506 516.3537179781124 10.339001365005968 24.80925059132278 2.3538247803226104 159.18585516512394 965.65456284303218 44.190821997821331 129.73509402945638 2432.7703271675855
leaf_count=40102 966 42194 56 4166 5746 9093 69 3612 831 4735 526 20248 1175 534 59503 260 434 750 16 107 71 4314 58 280 33 1001 8787 278 642 20538
internal_value=-9.47638e-05 -0.000701323 -0.00401118 -0.00706762 0.000579386 0.00335388 0.0855525 -0.000143842 -0.0059375 0.00217255 3.64674e-05 0.00187547 -0.000540325 0.00339087 -0.000905833 -0.00179386 0.0134179 0.00479669 0.0180909 0.0590668 0.105313 0.0034144 0.0131739 0.0100461 -0.00878785 0.0010817 0.000942394 -0.00665262 0.00217951 0.000566535
internal_weight=23609.7 18626.6 2685.05 1611.86 1073.19 752.724 3.77114 15941.6 320.464 4983.05 15511.9 3703.6 11808.3 1004.5 10803.8 7297.5 77.7263 924.036 87.0291 14.2824 6.86687 837.007 161.467 72.7467 280.211 675.54 3506.29 429.718 3632.56 3398.42
internal_count=231125 186288 62188 46360 15828 9218 125 124100 6610 44837 120210 21416 98794 8306 90488 60197 694 7772 1224 194 87 6548 1233 1030 5779 5315 30291 3890 20890 29325
is_linear=0
shrinkage=0.04


Tree=127
num_leaves=31
num_cat=8
split_feature=0 11 31 19 19 18 19 7 29 19 30 19 3 26 1 26 26 29 27 26 29 19 16 21 8 3 1 17 27 30
split_gain=31.6907 20.6796 20.03 19.9208 17.352 16.0292 18.433 15.7777 14.664 14.1212 15.1365 13.979 15.3132 13.7825 12.7045 12.6036 13.7327 12.5008 11.4437 11.3911 11.302 11.2763 11.0579 19.9441 11.5051 10.8834 10.6269 15.2546 10.4986 10.3715
threshold=1.5000000000000002 9.5000000000000018 3.5000000000000004 0 1 1.0000000180025095e-35 2 3.1250000000000022 4.3350000000000009 3 4 5 6.9850000000000012 1.6150000000000004 12.880000000000001 4.4650000000000007 3.9250000000000003 3.6750000000000003 2.4208333333333338 6.3150000000000004 3.3350000000000004 6 0.55000000000000016 56.550000000000004 2.5000000000000004 6.6950000000000012 31.405000000000005 1.0000000180025095e-35 -1.5999999999999992 7
decision_type=2 2 2 1 1 8 1 2 2 1 1 1 2 2 2 2 2 2 2 2 2 1 10 2 2 2 2 8 2 1
left_child=2 5 4 8 -1 6 7 -2 -4 10 17 12 -3 -8 -5 16 -10 28 -11 25 -12 -20 24 -24 -15 -9 27 -18 -7 -6
right_child=1 11 3 14 29 9 13 19 15 18 20 -13 -14 22 -16 -17 26 -19 21 -21 -22 -23 23 -25 -26 -27 -28 -29 -30 -31
leaf_value=0.001213001703504287 -0.0075591030660440098 -0.007550349751578157 -0.005418280909677861 0.011285544142921449 0.0078746192395903452 0.051723501600945243 -0.032582689475864485 0.024145529809043415 -0.010537726831723453 0.001860308388094684 0.0073319525678238904 -0.0014727715128551098 0.016765468687051727 0.0034820466827047958 -0.0050597506638763072 0.0034984620300078685 0.076396525769995907 0.0030410594838444181 -0.0033977518564833049 -0.012697978879792926 -0.0053351537858306311 0.01997007856564487 0.0058636813738031854 0.052389530352017134 -0.0024654997600692271 0.00093403024676210877 0.013013587441979706 0.021959249757046658 -0.011965178256429706 0.0029822074173827397
leaf_weight=2897.6140649840236 1307.7437061769888 1372.0923069296405 276.99165638536215 80.776848182082176 1532.238781452179 4.2792472578585139 20.339464440010488 34.580439613200724 20.87041449546814 4715.2179206432775 123.31359499087557 1855.4035420911387 42.729254575911909 829.43823772296309 1309.5082713738084 948.63312521576881 13.17730103433132 1177.6062726695091 50.219171941280365 93.443038551136851 1309.2323421984911 97.727646209299564 145.44737157225609 16.404241643846035 1396.707255713176 494.55918451026082 44.975435525178909 21.965156257152557 128.38492104969919 1339.0717165768147
leaf_count=13216 23465 21237 1309 360 7070 157 2640 466 109 45420 1784 25800 844 11772 5906 4189 61 11221 243 748 12892 452 1486 123 22614 8080 206 101 1632 6186
internal_value=0.000121738 -0.000970603 0.00208028 -0.000751531 0.00341393 -0.000198992 -0.00213911 -0.00503782 0.0027475 0.000907708 -0.00138566 -0.00378895 -0.00676815 0.00020432 -0.00408072 0.0049286 0.0183626 0.00171659 0.00219949 0.000177259 -0.00421534 0.0131582 0.000484435 0.0105792 -0.000249507 0.00245095 0.025891 0.0423715 -0.00991082 0.00561125
internal_weight=23700.7 15214.9 8485.82 2716.9 5768.92 11944.6 4338.66 1930.33 1326.61 7605.98 2742.82 3270.23 1414.82 2408.34 1390.29 1049.62 100.988 1310.27 4863.16 622.583 1432.55 147.947 2388 161.852 2226.15 529.14 80.1179 35.1425 132.664 2871.31
internal_count=231789 193076 38713 12241 26472 145195 71394 32759 5975 73801 27686 47881 22081 38635 6266 4666 477 13010 46115 9294 14676 695 35995 1609 34386 8546 368 162 1789 13256
cat_boundaries=0 1 2 3 4 5 6 7 8
cat_threshold=8636189 125723 6977729 9404692 458 9739728 2116618 53
is_linear=0
shrinkage=0.04


Tree=128
num_leaves=31
num_cat=7
split_feature=0 7 28 20 26 19 9 11 18 6 19 9 19 20 26 26 19 8 24 4 11 5 4 19 19 11 9 19 7 3
split_gain=25.7944 20.3621 17.908 14.5384 13.5607 18.6094 18.4192 14.3289 13.4335 18.3461 13.336 13.0384 16.129 16.5192 11.7705 11.6657 13.7063 12.8581 11.8409 11.9829 11.5817 13.2942 11.5547 24.1669 12.7112 15.3598 11.0333 19.1714 12.4781 11.9377
threshold=5.5000000000000009 0.059166666666666153 4.5000000000000009 14.540000000000001 3.7950000000000004 0 28.500000000000004 4.5000000000000009 0.55000000000000016 55.635000000000012 1 48.500000000000007 2 42.295000000000009 3.8350000000000004 4.6850000000000014 3 2.5000000000000004 2.5000000000000004 -0.063333333333333006 1.5000000000000002 2.5000000000000004 0.043333333333334341 4 5 3.5000000000000004 51.500000000000007 6 0.13083333333333161 6.9750000000000005
decision_type=2 2 2 2 2 1 2 2 8 2 1 2 1 2 2 2 1 2 2 2 2 2 2 1 1 2 2 1 2 2
left_child=1 3 11 10 5 7 -7 -5 26 -10 14 15 -13 -14 -1 18 -17 -18 19 -2 21 -12 24 -24 25 -6 -3 28 -28 -29
right_child=2 8 -4 4 22 6 -8 -9 9 -11 20 12 13 -15 -16 16 17 -19 -20 -21 -22 -23 23 -25 -26 -27 27 29 -30 -31
leaf_value=-0.00052331277549968764 0.11852129585296936 0.0016356275015951135 -0.016457557185131151 0.010384457507489229 0.0021913549530744535 0.050487292107473096 0.010898232766632833 -0.02389367397704768 0.0073591984105638806 -0.01954918423700203 -0.020273579384030939 -0.010463385345405671 -0.0010624260017599602 0.027353439464171979 0.041929274799881774 0.00058735824956701143 -0.0029520728381694935 -0.015243316737760916 -0.0086176355483214128 0.025096169855523019 -0.017337966526558748 0.02314646831955721 -0.011729043666151157 -2.5620551869407752e-06 0.00088019622412292494 -0.0034847419790939261 0.059265364477749279 0.00031371407515918312 -0.008841103803210567 0.018868187853860647
leaf_weight=68.284663607366383 2.4876601081341532 8633.6792512233369 201.2802469371818 46.512219725176692 1021.0383880846202 30.380266735330224 49.345586257055402 33.611968684010208 893.27524212840945 42.467743702232838 19.608035353943706 60.109670018777251 60.576512591913342 71.214394859969616 12.337917868047951 300.72439649607986 230.47371613234282 332.8391465395689 17.190391741227359 18.775323944631964 218.41326099308208 26.571417409926653 446.21401763428003 742.98954751435667 5760.1294583743438 3015.8499163258821 4.3400565870106211 682.25416563358158 520.66891896724701 60.391881247982383
leaf_count=1762 64 71178 15813 565 7676 431 745 695 5842 260 319 1417 2104 974 203 5510 3960 7059 784 980 5256 615 6076 8746 46399 24407 41 6133 4909 618
internal_value=-5.32959e-06 0.000313064 -0.00549222 -0.000859982 -0.000609592 0.0109571 0.0230881 -0.00355187 0.00155692 0.00613799 -0.00894441 -0.00347548 0.00599277 0.0132844 0.00531419 -0.00548876 -0.00644815 -0.0100363 0.0160685 0.0360264 -0.0129986 0.00471009 -0.000777887 -0.00450123 -0.000325931 -0.00204404 0.00112398 -0.0023607 -0.00812336 0.00179835
internal_weight=23624 22328.4 1295.67 11491.3 11146.1 159.85 79.7259 80.1242 10837.1 935.743 345.215 1094.39 191.901 131.791 80.6226 902.491 864.037 563.313 38.4534 21.263 264.593 46.1795 10986.2 1189.2 9797.02 4036.89 9901.33 1267.66 525.009 742.646
internal_count=231541 192876 38665 103895 95740 2436 1176 1260 88981 6102 8155 22852 4495 3078 1965 18357 16529 11019 1828 1044 6190 934 93304 14822 78482 32083 82879 11701 4950 6751
cat_boundaries=0 1 2 3 4 5 6 7
cat_threshold=1855855 1852480 1254428 1933338 1972689 586872 1566978
is_linear=0
shrinkage=0.04


Tree=129
num_leaves=31
num_cat=6
split_feature=0 28 9 8 4 19 19 7 1 12 12 19 0 19 3 31 19 1 13 4 19 4 3 27 1 14 24 11 9 5
split_gain=23.4966 28.2626 14.6875 14.4094 14.8542 26.9638 14.183 15.3852 20.4988 16.5295 12.5603 11.788 11.7845 15.7412 11.0458 10.8286 14.0069 10.4227 10.8163 14.7396 9.90227 12.9765 14.283 9.38617 9.37374 11.0462 10.122 10.2787 11.5062 11.4084
threshold=5.5000000000000009 4.5000000000000009 36.500000000000007 1.5000000000000002 0.046666666666666419 0 1 9.3441666666666681 16.755000000000006 2.7888888888888892 3.6458333333333335 2 1.5000000000000002 3 6.5850000000000009 3.5000000000000004 4 45.015000000000008 0.21111111111111114 0.063333333333333033 5 -0.052916666666666494 6.745000000000001 2.6326666666666676 41.07500000000001 -0.24986772486772479 2.5000000000000004 5.5000000000000009 46.500000000000007 2.5000000000000004
decision_type=2 2 2 2 2 1 1 2 2 8 8 1 2 1 2 2 1 2 10 2 1 2 2 2 2 10 2 2 2 2
left_child=2 11 6 20 12 17 -1 -8 -9 -10 -7 -2 13 -5 -13 16 -14 -6 -19 -20 24 -22 -23 -16 -4 -26 27 29 -29 -27
right_child=1 -3 3 4 5 10 7 8 9 -11 -12 14 15 -15 23 -17 -18 18 19 -21 21 22 -24 -25 25 26 -28 28 -30 -31
leaf_value=-0.00093912053561844141 0.0020310712895915727 -0.019256097394519184 0.003416161143201452 -0.0034960511375218373 0.00048650775874035327 -0.0065245755044460989 0.001931125241140927 -0.014946388842244196 -0.0001344682584103352 0.014442068082454898 -0.017710883141219144 0.037618664229996081 -0.0060632638631014802 0.002390544776192589 -0.0077938088138572873 0.0006745113256457876 -0.0011266607318940309 -0.013102757433228862 0.0045222691974474089 0.071824777268280862 0.0083431081460012321 -0.0094107978626426364 0.00052622030546260604 0.026597413136284814 -0.032749950151022895 0.020217791099553115 0.0044212473325069409 0.029377855365798775 -0.0094169518251951377 0.068614278310044199
leaf_weight=2489.2745473557152 470.21886596363038 196.02778335520998 1066.51238679979 942.93789132684469 451.82758702337742 457.36939007602632 5299.8275793720968 55.564454633742571 172.05449789389968 450.07593118445948 247.51173731777817 8.9812741782516223 1485.0142314210534 3063.3902093395591 599.34567168634385 1882.1640593828633 2430.2168850898743 8.4572307504713553 9.7393935937434453 11.186520289629696 252.86873311363161 290.15672843158245 1143.5577567508444 12.972168393433092 7.7011588364839545 16.03355344384909 63.903919139876962 32.331389542669058 19.676644055172801 15.163650000467895
leaf_count=22039 9362 15725 8264 4244 5341 5094 47869 442 1087 3869 4377 123 17073 13961 13333 19310 25349 136 95 121 1477 2149 9686 76 76 96 483 240 177 146
internal_value=-1.73424e-05 -0.00527179 0.000285161 -0.000514936 -0.00117747 -0.00540538 0.00159847 0.00265235 0.00833178 0.0104108 -0.0103063 -0.00276032 -0.000665958 0.0010023 -0.0063176 -0.00181882 -0.00301744 0.00194727 0.0250722 0.0405007 0.00198896 -1.12767e-05 -0.00148484 -0.00706522 0.00471269 0.0139491 0.0163938 0.025589 0.0147003 0.0437413
internal_weight=23652.1 1287.55 22364.5 13897.7 10989.8 1186.09 8466.8 5977.52 677.695 622.13 704.881 1091.52 9803.72 4006.33 621.299 5797.4 3915.23 481.211 29.3831 20.9259 2907.91 1686.58 1433.71 612.318 1221.32 154.81 147.109 83.2052 52.008 31.1972
internal_count=231820 38619 193201 117895 95101 15164 75306 53267 5398 4956 9471 22894 79937 18205 13532 61732 42422 5693 352 216 22794 13312 11835 13409 9482 1218 1142 659 417 242
cat_boundaries=0 1 2 3 4 5 6
cat_threshold=8429884 7405668 5022027 42010 2066752 836183
is_linear=0
shrinkage=0.04


Tree=130
num_leaves=31
num_cat=8
split_feature=8 0 19 19 14 10 19 0 27 30 11 3 29 27 31 3 31 30 17 31 20 11 26 27 4 29 19 20 4 19
split_gain=21.028 20.5957 18.1696 18.1408 18.5222 14.6289 14.3339 13.8608 17.6143 12.6247 11.7715 10.1134 10.0958 10.5278 9.43665 10.2188 12.2979 11.2838 11.8829 12.1716 12.5918 10.0958 12.9094 9.87959 9.80996 9.13036 21.8695 15.2855 9.05043 11.8147
threshold=1.5000000000000002 3.5000000000000004 0 1 0.20660714285714288 2 3 5.5000000000000009 2.4208333333333338 4 9.5000000000000018 6.6450000000000005 8.1050000000000022 0.72833333333333294 1.5000000000000002 6.6650000000000009 6.5000000000000009 5 0.10555555555555557 3.5000000000000004 34.160000000000004 2.5000000000000004 6.6850000000000014 1.5536666666666668 -0.013333333333334084 7.4050000000000011 6 42.125000000000007 -0.05666666666666708 7
decision_type=2 2 1 1 10 1 1 2 2 1 2 2 2 2 2 2 2 1 10 2 2 2 2 2 2 2 1 2 2 1
left_child=2 5 10 4 7 6 -2 -3 11 -6 -1 -9 25 -14 -5 16 17 18 19 20 -16 22 -17 -24 -19 -7 27 -27 29 -4
right_child=1 3 28 14 9 12 -8 8 -10 -11 -12 -13 13 -15 15 21 -18 24 -20 -21 -22 -23 23 -25 -26 26 -28 -29 -30 -31
leaf_value=0.006662721392360218 0.00053683787393455599 -0.0059103951422147328 0.017047145577887092 -0.0046091806324657829 -0.007845779106688152 0.0009686970424085409 -0.0037647109127195533 0.017520321055760298 0.061723761236530846 0.0051044683968481377 -0.0005971114045581913 -0.018316343838943237 -0.018766593583424491 0.00035577215892477164 0.035598949655313308 0.009146289273393832 0.069583683256813356 0.0045625411606723945 0.011300368921942529 0.0093817473579168639 0.12043011335317452 -0.0014043681690094462 -0.03558941821397734 0.0035091662496529196 -0.029113688908379558 0.035600533853227881 -0.0012270148985655171 0.010231136099518335 -0.00078627820577519588 0.0016426090175614297
leaf_weight=1631.1180714746006 2500.6546788942069 1459.9565627477132 96.585644238162786 761.39925122726709 167.19997315201908 7570.3815800035372 2448.7608879208565 13.202961586881427 4.6587558910250655 367.17008507438004 457.60827931435779 275.76683414913714 82.146056603640318 104.8788593262434 6.0114771174266952 292.64356695394963 5.4407941009849301 62.379696297924966 48.590327880345285 7.5227558347396544 5.2398592364042997 1747.5554328802973 19.33231561537832 22.231448218226433 17.786379297729582 44.598530367016792 335.15915152803063 256.8212411031127 2463.8636350235902 346.14426886616275
leaf_count=13716 21052 25153 626 13362 1507 46356 21078 347 32 3315 4548 11949 538 539 135 5423 60 701 496 155 62 29818 265 132 320 269 1939 1481 23929 2272
internal_value=-9.06636e-05 -0.000708677 0.0022139 -0.00282226 -0.0054945 0.000128318 -0.00159469 -0.00750524 -0.015435 0.00100114 0.00504803 -0.016679 0.0011448 -0.00804325 -0.000760768 0.000547026 0.0105254 0.00834734 0.0189325 0.0487702 0.0751057 -0.000186198 0.00618356 -0.0146765 -0.00258653 0.00135558 0.00595651 0.0135358 0.000159331 0.0054254
internal_weight=23622.8 18627.5 4995.32 5284.09 2287.96 13343.4 4949.42 1753.59 293.629 534.37 2088.73 288.97 8393.99 187.025 2996.13 2234.73 152.971 147.53 67.3644 18.7741 11.2513 2081.76 334.207 41.5638 80.1661 8206.96 636.579 301.42 2906.59 442.73
internal_count=231575 186484 45091 93232 42303 93252 42130 37481 12328 4822 18264 12296 51122 1077 50929 37567 1929 1869 848 352 197 35638 5820 397 1021 50045 3689 1750 26827 2898
cat_boundaries=0 1 2 3 4 5 6 7 8
cat_threshold=577851 10913236 4 11478612 273 354 14752204 12714112
is_linear=0
shrinkage=0.04


Tree=131
num_leaves=31
num_cat=9
split_feature=0 23 19 19 4 19 22 29 6 4 4 11 14 14 7 20 19 5 10 26 11 19 19 0 19 6 9 27 9 19
split_gain=24.4777 20.2018 23.4223 21.5873 15.1635 21.5414 15.6673 14.8562 14.4863 13.3573 12.3646 11.5803 11.5795 11.2702 11.0052 10.6431 20.3496 10.667 10.2925 19.5037 13.9508 32.7802 26.306 17.8887 15.7944 14.3555 13.9349 13.2138 12.7706 12.5471
threshold=4.5000000000000009 2.5000000000000004 0 1 0.040000000000000487 2 5.7175000000000002 3.1150000000000007 36.645000000000003 0.021666666666666948 -0.028333333333333762 11.500000000000002 -0.25912698412698404 0.34448412698412706 1.2583333333333349 53.050000000000004 3 1.5000000000000002 4 5.2150000000000007 4.5000000000000009 5 6 1.5000000000000002 7 33.775000000000013 34.500000000000007 0.64166666666666605 50.500000000000007 8
decision_type=2 2 1 1 2 1 2 2 2 2 2 2 8 10 2 2 1 2 1 2 2 1 1 2 1 2 2 2 2 1
left_child=4 2 8 -3 15 6 7 11 -2 -10 -5 -6 -7 -12 -4 18 -17 -18 19 -1 22 -22 -20 -24 -25 29 -21 -26 -27 -23
right_child=1 3 14 10 5 12 -8 -9 9 -11 13 -13 -14 -15 -16 16 17 -19 20 26 21 25 23 24 27 28 -28 -29 -30 -31
leaf_value=0.070410163348070473 -0.0099247104630345757 -0.011477691924975114 8.0735713962346999e-05 0.0047191761133086986 0.007661605819260525 -0.026495883556511113 0.0068707909485178006 -0.0063055142309322541 0.0072885686018461394 -0.015592932451919781 -0.006132563433676623 0.070972769563077687 -0.0056836015066569811 0.021512121535370091 0.0085637161755012341 -0.0071341056580732946 0.0076554763268439491 -0.0013474754946857226 -0.0015574149797917835 0.0065193599029549597 0.0030585057571063706 -0.0093339428698502157 0.0011618849053350779 0.001092694611378532 0.013367704279610931 0.00097165346499699095 0.001379094402652512 0.0044059229391138618 -0.0068714405833801067 -0.0028409470730954866
leaf_weight=6.8142490051686755 457.6692911805585 721.96933601703495 546.98524655262008 282.19047837052494 96.469655902124941 44.501204630360007 473.9397393334657 436.65939105767757 185.29814475681633 52.352759731467813 684.89096985617653 4.8551484178751698 1101.3982827560976 24.437348277308047 442.76310904510319 734.43194449320436 320.55400118231773 613.69410742819309 1832.3237187797204 1131.5866005383432 2539.1833478948101 687.89973035175353 1346.3459473475814 467.05422043148428 708.34082547295839 1924.2308093737811 3318.234231652692 418.9340344928205 401.47069568000734 1603.9040136830881
leaf_count=45 6579 24407 8159 5886 1250 913 3633 5185 2055 852 23377 69 12309 305 5399 4259 1687 3585 13903 6746 20084 6162 5977 4785 8435 15443 20122 2530 3469 13965
internal_value=-7.11372e-05 -0.00321201 -0.000102163 -0.00627028 0.000456965 -0.00271215 0.00155263 -0.00310356 -0.00568254 0.00224794 -0.00233918 0.0106953 -0.00643569 -0.00518017 0.00383682 0.000835718 -0.00220761 0.00172312 0.00114563 0.00278357 0.000530962 -0.000585673 0.00220637 0.00454142 0.00742379 -0.00259063 0.00268626 0.00994894 -0.000382249 -0.00484299
internal_weight=23611.4 3398.56 1685.07 1713.49 20212.8 2157.82 1011.92 537.984 695.32 237.651 991.519 101.325 1145.9 709.328 989.748 18055 1668.68 934.248 16386.3 4456.64 11929.7 7156.69 4773 2940.68 1594.33 4617.51 4449.82 1127.27 2325.7 2291.8
internal_count=231575 77019 23044 53975 154556 23359 10137 6504 9486 2907 29568 1319 13222 23682 13558 131197 9531 5272 121666 26913 94753 59123 35630 21727 15750 39039 26868 10965 18912 20127
cat_boundaries=0 1 2 3 4 5 6 7 8 9
cat_threshold=6521528 16126788 2155565 2968714 1 7481860 7482892 65952 544833
is_linear=0
shrinkage=0.04


Tree=132
num_leaves=31
num_cat=5
split_feature=0 19 22 27 4 8 12 9 27 20 18 19 8 19 15 12 24 24 3 17 28 1 19 9 4 19 9 20 4 7
split_gain=20.727 21.6376 23.0516 17.522 15.7506 14.0929 30.5764 13.5204 13.849 16.1961 16.6959 13.0348 11.273 10.8627 12.5792 16.5727 21.6722 10.8066 14.9283 17.7025 10.4652 17.4334 9.97908 12.7734 9.9458 9.48152 9.3739 15.5693 11.6434 9.60453
threshold=3.5000000000000004 0 33.930833333333347 -2.5758333333333323 -0.10999999999999986 5.5000000000000009 3.3541666666666674 21.500000000000004 -0.56999999999999995 45.565000000000005 0.36666666666666675 1 4.5000000000000009 2 3.5000000000000004 4.9500000000000011 3.5000000000000004 2.5000000000000004 6.7650000000000006 1.0000000180025095e-35 3.5000000000000004 31.795000000000005 3 59.500000000000007 0.041666666666667414 4 38.500000000000007 48.900000000000006 -0.031666666666665837 -0.5733333333333358
decision_type=2 1 2 2 2 2 8 2 2 2 10 1 2 1 10 8 2 2 2 10 2 2 1 2 2 1 2 2 2 2
left_child=-1 2 24 -3 5 -5 -7 13 9 20 -11 -10 22 14 -6 16 17 18 19 -16 21 -9 23 -13 -2 -14 27 28 -27 -28
right_child=1 3 -4 4 7 6 -8 8 11 10 -12 12 25 -15 15 -17 -18 -19 -20 -21 -22 -23 -24 -25 -26 26 29 -29 -30 -31
leaf_value=0.0007845932277220491 -0.0071120642597089214 -0.027889483707160455 0.028273769102874477 0.0079276664806658716 0.01462292434091296 0.0089512787776714186 0.12701919567740869 0.15944245098549575 0.0078301598799883042 0.017658840635409328 0.18074576199099121 -0.0031685872926838633 -0.0082865038964347014 0.00083222377477336395 0.063467314476146605 -0.0069402544312182034 0.22681128642603213 0.002056869013133478 0.04959103093718488 0.28186322126527985 -0.0077167089372489573 -0.020801135795130956 0.0018190508505914467 0.033481625007832021 -0.020739741597449023 -0.005509766582613154 -0.006218421145766046 -0.0092005170178954526 0.014177846469915276 0.061528462011756685
leaf_weight=16851.540709665045 840.84521967545152 38.25182123016566 28.090805379673839 128.24554573837668 13.956651468295606 10.645800389349457 5.235362872481347 1.5893029202707105 268.96202440746129 3.353203064762055 1.433831015601754 1223.969114203006 533.16870139352977 52.167561897542328 1.1471149949356862 3.5379505776800224 1.638250524178148 2.7216636021621525 3.935328156221658 1.2311964510008691 639.37858748901635 1.8674024241045115 2101.1549391793087 15.406579213216899 95.410051914863288 65.402466942556202 379.66478419676423 108.89170326665044 181.29355937894434 3.3780387761071315
leaf_count=115920 15834 5027 234 1017 249 78 56 45 3147 98 37 15528 8147 1848 57 279 59 96 144 32 22836 54 26604 209 2925 784 5948 1112 3157 54
internal_value=3.41343e-05 -0.00183775 -0.00735333 -0.000905105 -0.000727271 0.0123292 0.0478734 -0.00106275 -0.00129947 -0.00679558 0.0665073 -0.000570279 -0.00107479 0.015229 0.0306982 0.0680862 0.0929552 0.0686848 0.0974066 0.176526 -0.00734145 0.0620702 0.000143056 -0.00269128 -0.00850081 -0.00428204 -0.00126221 0.00339759 0.00895839 -0.00562096
internal_weight=23607.5 6755.97 964.346 5791.63 5753.38 144.127 15.8812 5609.25 5528.91 647.622 4.78703 4881.29 4612.33 80.3357 28.1682 14.2115 10.6736 9.0353 6.31364 2.37831 642.835 3.45671 3340.53 1239.38 936.255 1271.8 738.631 355.588 246.696 383.043
internal_count=231615 115695 18993 96702 91675 1151 134 90524 87760 23070 135 64690 61543 2764 916 667 388 329 233 89 22935 99 42341 15737 18759 19202 11055 5053 3941 6002
cat_boundaries=0 1 2 3 4 5
cat_threshold=10878976 1 1577018 1131096 5768500
is_linear=0
shrinkage=0.04


Tree=133
num_leaves=31
num_cat=6
split_feature=0 11 18 19 31 19 19 31 4 19 14 26 4 13 26 6 9 8 17 22 29 26 30 9 19 29 14 14 9 31
split_gain=32.8086 17.7983 22.285 17.6159 16.0438 17.7659 16.4068 15.9758 15.6981 13.1904 12.293 11.6919 11.9493 16.5353 16.4636 15.9343 17.9853 20.8226 15.7923 14.5739 11.4677 10.8352 10.926 10.5227 10.7136 16.5585 10.4936 11.3816 10.8612 10.4457
threshold=1.5000000000000002 11.500000000000002 1.0000000180025095e-35 0 3.5000000000000004 1 2 6.5000000000000009 0.14333333333333401 3 -0.2757936507936507 6.5750000000000011 -0.016666666666667048 0.38750000000000007 6.455000000000001 40.795000000000009 22.500000000000004 1.5000000000000002 0.15476190476190479 25.052666666666667 4.2550000000000008 1.6150000000000004 4 58.500000000000007 5 3.7850000000000006 0.12962962962962971 0.11666666666666677 36.500000000000007 4.5000000000000009
decision_type=2 2 10 1 2 1 1 2 2 1 8 2 2 8 2 2 2 2 8 2 2 2 1 2 1 2 10 10 2 2
left_child=4 2 3 10 5 26 7 20 21 -3 -2 12 13 15 -14 19 17 -17 -16 -12 -6 -5 -23 -7 -25 -26 27 28 -1 -10
right_child=1 9 -4 8 6 23 -8 -9 29 -11 11 -13 14 -15 18 16 -18 -19 -20 -21 -22 22 -24 24 25 -27 -28 -29 -30 -31
leaf_value=0.0036058885318631779 -0.021400327944659656 0.0016006529434557529 0.00038445485591968208 -0.028473252047824995 -0.0034984691015649172 0.0048092434889346206 -0.0030515964022777165 -0.0096892961154303753 0.0017313466468559734 -0.0089426226228690505 -0.00048949886718505987 -0.01490131285372023 -0.0076130877547519763 -0.010311154054328031 -0.0031518802598023798 0.02996752715926812 0.016858218818289489 0.20679983070279384 0.070961100984993725 0.054288900785252406 0.0075511531241420973 -0.0050673123021208319 0.00022674818865997941 0.010084558102803934 0.032725304426733881 -0.030363464931891047 0.0051435299068291534 -0.026070631601010065 -0.0045644558183789994 0.071665904503225172
leaf_weight=399.22862232476473 81.150724895764142 256.44742180267349 9108.0426842970774 23.422692959662527 189.93530143797398 4082.110668964684 1657.6429100707173 131.14426128566265 6.0503739365376514 744.18656769674271 276.89410017849877 186.35340325441211 950.67651801742613 153.85027785180137 10.155009854584934 2.7024579504504791 70.201993475202471 1.7588941454887388 8.4098810721188766 7.9953788444399825 719.778519526124 836.68758262740448 2372.8358199265786 27.072806179523468 7.761763483285903 46.738081879913807 397.23778212070465 31.560910686850548 748.21732174605131 7.8519521448761225
leaf_count=1806 3248 3957 93395 3227 898 18859 7456 591 135 11998 4179 1759 19331 1475 134 104 801 56 83 63 3233 12909 35554 123 38 215 1836 138 3368 145
internal_value=-4.28895e-05 -0.00115891 -0.000793209 -0.00293974 0.00195491 0.0031508 -0.000588843 0.00333059 -0.00118024 -0.00631391 -0.00616199 -0.00545799 -0.00427106 0.000662934 -0.00688458 0.00535867 0.0218073 0.0996839 0.0304212 0.00104785 0.00524415 -0.00136626 -0.00116844 0.00451414 -0.00970008 -0.018064 -0.000476118 -0.00237356 -0.00172176 0.04123
internal_weight=23544.1 15105.7 14105 4997 8438.43 5739.93 2698.5 1040.86 3246.85 1000.63 1750.15 1669 1482.64 513.403 969.241 359.553 74.6633 4.46135 18.5649 284.889 909.714 3232.95 3209.52 4163.68 81.5727 54.4998 1576.24 1179.01 1147.45 13.9023
internal_count=231114 192553 176598 83203 38561 26383 12178 4722 51970 15955 31233 27985 26226 6678 19548 5203 961 160 217 4242 4131 51690 48463 19235 376 253 7148 5312 5174 280
cat_boundaries=0 1 2 3 4 5 6
cat_threshold=15614144 24603 10667801 2646276 161 1769732
is_linear=0
shrinkage=0.04


Tree=134
num_leaves=31
num_cat=6
split_feature=0 14 9 18 19 9 23 3 20 19 6 19 1 5 12 19 29 18 3 19 14 29 1 27 17 6 20 14 9 19
split_gain=21.5355 14.1363 12.3816 15.4451 11.9693 11.9333 11.8358 11.1447 11.0691 24.4444 10.7292 11.1437 15.4167 22.389 11.4992 10.1999 11.371 10.3364 10.0601 9.79521 9.729 16.191 11.8492 9.5961 29.0839 9.60329 14.7207 12.7303 9.49501 24.5661
threshold=5.5000000000000009 -0.12 58.500000000000007 0.63333333333333341 0 51.500000000000007 1.5000000000000002 7.1150000000000011 56.610000000000007 1 32.585000000000008 2 27.455000000000002 3.5000000000000004 2.1055555555555561 3 7.8850000000000007 0.77500000000000013 6.5550000000000006 4 0.45023148148148157 7.0050000000000008 33.615000000000002 -0.67500000000000038 0.10555555555555557 37.645000000000003 35.965000000000011 0.016666666666666653 22.500000000000004 5
decision_type=2 8 2 10 1 2 2 2 2 1 2 1 2 2 8 1 2 8 2 1 10 2 2 2 10 2 2 8 2 1
left_child=2 -2 6 4 -4 -3 7 15 18 -10 -7 12 13 -12 -13 -1 20 19 -8 -18 -17 22 -22 24 -16 26 -25 -28 29 -20
right_child=1 5 3 -5 -6 10 8 -9 9 -11 11 14 -14 -15 23 16 17 -19 28 -21 21 -23 -24 25 -26 -27 27 -29 -30 -31
leaf_value=0.0075272615781084582 -0.01665628282238708 -0.0049933005668201082 -0.00036575587132194504 0.051060461764663757 -0.014682774670264312 -0.0058231188785528507 0.016046328463216426 0.019115994420951778 0.0041655259416551174 -0.013164229541117255 -0.023721190423796498 0.078597147196874911 -0.023679782282644758 0.17433538561716103 -0.0031919621334758237 0.0015613264517818348 0.0098186448921631017 0.020626129236927134 -0.007308071856279093 -0.0092507661303466299 -0.015805207732788921 0.030119052758591187 0.018276318237952064 -0.0093236743036044355 0.23695793016010192 -0.00041912762123710786 0.15212761154813551 0.045741544820492711 -0.00017465210519708102 0.011542251353892079
leaf_weight=452.31303854007274 148.99719533487223 998.24205048382282 187.77787825651467 7.2317327521741381 189.39282865077257 51.163624574430287 62.733187080360949 60.497682692483068 223.70162965543568 295.67403976991773 2.0293570123612912 7.0701674735173574 19.718356441706419 1.6604124354198573 2.1365106906741853 4275.8987577660009 42.996261324733496 23.116912450641394 158.03640591818839 318.05634548701346 34.968640998005867 51.202094160020351 30.608965486288071 6.2301463177427676 1.296524481847882 21.075514713302255 2.264963327907024 8.7600736748427135 15592.301484674215 328.13749869167805
leaf_count=2836 12285 22919 1907 42 1992 1512 405 382 1457 1913 48 58 521 63 148 27004 272 124 2549 2005 175 252 154 249 82 480 67 125 144344 5377
internal_value=-1.50183e-05 -0.00508037 0.000273156 -0.00684367 -0.0079539 -0.00354266 0.000397789 0.00204622 -0.000125579 -0.00587335 0.00819177 0.0181175 -0.00675274 0.0654051 0.0260809 0.00184873 0.00129257 -0.00530393 5.9367e-05 -0.00696414 0.00187243 0.0132634 0.000102666 0.0234353 0.0875034 0.0176971 0.0398243 0.0675973 -3.00914e-06 0.00550183
internal_weight=23605.3 1270.64 22334.6 384.402 377.171 1121.65 21950.2 5289.66 16660.6 519.376 123.406 72.242 23.4081 3.68977 48.8339 5229.16 4776.85 384.17 16141.2 361.053 4392.68 116.78 65.5776 41.7637 3.43304 38.3307 17.2552 11.025 16078.5 486.174
internal_count=231747 38557 193190 3941 3899 26272 189249 33204 156045 3370 3353 1841 632 111 1209 32822 29986 2401 152675 2277 27585 581 329 1151 230 921 441 192 152270 7926
cat_boundaries=0 1 2 3 4 5 6
cat_threshold=1904735 5677537 9585948 4194560 6672 4440133
is_linear=0
shrinkage=0.04


Tree=135
num_leaves=31
num_cat=7
split_feature=27 27 19 1 4 5 28 19 13 20 19 4 28 22 19 6 4 27 4 23 19 21 19 11 29 22 30 27 20 20
split_gain=15.2536 13.4288 13.0397 12.3906 12.2761 11.6671 13.2085 12.0194 12.2802 11.1105 19.6056 12.66 11.1108 16.9738 17.0368 14.5451 16.4258 13.1429 11.8709 11.1432 13.4169 14.2388 11.4201 11.3584 13.5418 10.845 10.8376 11.548 10.5619 10.5586
threshold=2.4208333333333338 -1.5049999999999994 0 40.315000000000005 0.0016666666666673715 5.5000000000000009 5.5000000000000009 1 0.70714285714285718 53.875000000000007 2 -0.028333333333333762 2.5000000000000004 -20.174166666666661 3 33.625000000000007 0.017083333333333343 0.79333333333333333 0.083333333333333495 3.5000000000000004 4 59.285000000000004 5 5.5000000000000009 6.7150000000000007 -12.239999999999998 6 -0.35333333333333322 62.090000000000011 5.8050000000000006
decision_type=2 2 1 2 2 2 2 1 8 2 1 2 2 2 1 2 2 2 2 2 1 2 1 2 2 2 1 2 2 2
left_child=1 3 -2 4 -1 6 9 8 -7 12 11 -11 13 14 15 -3 -17 19 -15 20 21 23 -21 -14 -25 -22 29 -28 -9 -24
right_child=2 5 -4 -5 -6 7 -8 28 -10 10 -12 -13 17 18 -16 16 -18 -19 -20 22 25 -23 26 24 -26 -27 27 -29 -30 -31
leaf_value=-0.0039218825711898834 -0.0020243442335211369 0.010483798708218802 0.014237264451597452 0.0086587461079006851 -0.018703095870592889 -0.0078215543097790493 0.0044392143193864014 -0.00087723000526776583 0.015519571796384884 0.0093373295743988931 -0.0068431533795306459 -0.0021757923834522515 0.0088507792627793517 0.00096304593855162796 0.0024742093133105808 0.029861294337193801 0.090656808743887166 -0.0078407461285612129 -0.025176381479383739 -0.0042847214613533748 0.03436768329527027 -0.010931810066305147 0.067943207061562413 -0.00016712937223760306 0.015408109998727118 -0.00089794978435931479 -0.008070695055471349 2.3538071717416813e-05 0.031595450198964661 0.00190330694096653
leaf_weight=215.86989140487276 127.63363645225763 56.101864140480757 204.79871217161417 66.647693432867527 154.05848466954194 794.96068916050717 1087.4949091775343 1187.833680185955 37.778513595461845 244.31916109845042 965.53350002132356 408.021847830154 657.11857807822526 8598.3547540791333 185.58813553489745 42.931068228557706 8.5220249202102405 403.52249853685498 27.888126492500305 1813.4993414073251 14.025765454396604 96.386257156729698 3.8835646403022102 713.18214418645948 102.10250748321414 2663.9812259925529 453.60616815229878 745.53594510350376 16.245167694985867 1508.8319569444284
leaf_count=7199 633 425 1040 2550 7614 11743 17174 16781 402 1467 6456 2874 6097 56778 1378 285 68 2686 255 21340 183 885 88 7360 946 25705 6453 7433 124 17241
internal_value=-0.000146557 -0.000268077 0.00836118 -0.0072173 -0.0100776 -0.00013523 0.000147688 -0.00302445 -0.0066824 -8.90611e-05 -0.00326491 0.00210393 0.00019489 0.00120021 0.0106659 0.0224807 0.0399307 -0.000782349 0.000878539 -0.00045766 0.001014 0.00393741 -0.00183873 0.00493752 0.00178344 -0.000710596 -0.00018654 -0.00301318 -0.000435499 0.00205924
internal_weight=23606.3 23273.8 332.432 436.576 369.928 22837.2 20800.4 2036.82 832.739 19712.9 1617.87 652.341 18095.1 8919.39 293.143 107.555 51.4531 9175.68 8626.24 8772.15 4246.8 1568.79 4525.36 1472.4 815.285 2678.01 2711.86 1199.14 1204.08 1512.72
internal_count=231663 229990 1673 17363 14813 212627 183577 29050 12145 166403 10797 4341 155606 59189 2156 778 353 96417 57033 93731 41176 15288 52555 14403 8306 25888 31215 13886 16905 17329
cat_boundaries=0 1 2 3 4 5 6 7
cat_threshold=226334 1202066 13775280 1745953 1144001 2478536 295
is_linear=0
shrinkage=0.04


Tree=136
num_leaves=31
num_cat=7
split_feature=0 19 0 11 19 19 20 22 9 27 20 19 30 11 17 9 20 7 14 27 3 11 19 19 27 27 27 2 26 21
split_gain=27.5814 20.472 17.5161 19.7909 25.4608 14.6224 12.7034 12.6344 15.3341 12.2981 11.9032 14.1337 14.0366 10.8082 12.9353 10.5909 13.5607 16.8107 15.8267 14.1606 10.7144 10.3589 16.3084 12.3045 11.2398 15.8293 12.2576 10.1123 10.1109 9.49182
threshold=5.5000000000000009 0 1.5000000000000002 8.5000000000000018 1 2 54.465000000000011 33.930833333333347 44.500000000000007 2.1091666666666673 30.620000000000001 3 4 7.5000000000000009 0.41428571428571431 51.500000000000007 32.365000000000009 -1.92333333333333 -0.024074074074074071 0.29000000000000031 6.6350000000000007 4.5000000000000009 5 6 -0.061666666666666085 -0.32333333333333297 -0.30166666666666647 1500.0000000000002 7.4750000000000005 46.035000000000004
decision_type=2 1 2 2 1 1 2 2 2 2 2 1 1 2 8 2 2 2 8 2 2 2 1 1 2 2 2 2 2 2
left_child=2 7 27 5 6 10 -5 -2 -9 15 11 -4 -12 -11 -15 -3 20 -18 19 -19 -17 22 24 -23 25 -13 -27 -1 -29 -21
right_child=1 9 3 4 -6 -7 -8 8 -10 13 12 21 -14 14 -16 16 17 18 -20 29 -22 23 -24 -25 -26 26 -28 28 -30 -31
leaf_value=-0.0056644740264192098 -0.01509885495634666 -0.0054539522158597222 -0.010055598283353518 0.0021817657988496904 -0.0054058750980959724 0.0018106768841229712 -0.009471140656081449 -0.0040637759758498319 0.08349801424959466 0.0056823726510413378 0.0044018738837904433 0.0079536931294720281 -0.0016587236698916955 0.082043021366048324 0.0072408320810495143 0.11583007447127136 -0.010211735863106785 0.025118689845860135 0.022741630855937917 0.201762480264916 -0.01640922462981698 -0.00030360369542088472 -0.0061057383542806555 -0.014749226247167273 -0.00023182016911226403 0.10158295262023355 0.029106933974322263 0.0018125901968921939 0.011724416953131828 0.073183318434589209
leaf_weight=283.76973048597574 371.17439961386845 706.83939674356952 456.35274930717424 1481.6137391868979 2491.8321319702081 5437.5202607405372 166.50383308529854 10.761308034881948 4.554230010136961 60.565334834158421 855.94878480024636 123.6352356960997 2070.4475671816617 7.2368668988347027 7.565900683403016 1.0108661772683252 21.734779576770961 3.0290584182366729 38.91554912365973 1.9702544398605826 32.443526080809534 236.28435036214069 212.00391481257975 152.8669895036146 134.74763613194227 4.1196420583873978 39.851632934063673 8008.7965069711208 168.12163741141558 1.7209916599094865
leaf_count=1274 12686 22216 8569 17731 32157 54964 1275 101 43 364 6917 2694 16868 47 40 30 510 163 574 55 1851 4227 3570 3173 1434 59 560 36541 883 32
internal_value=-1.61938e-06 -0.00573668 0.000324516 -0.000550772 -0.00286695 0.000435354 0.000998453 -0.013286 0.0219736 -0.00225643 -0.00131054 -0.00440583 0.000123329 0.013171 0.0438106 -0.003724 0.00840393 0.0187413 0.0325306 0.0892158 -0.0124134 -0.00142513 0.00228453 -0.00636497 0.00810159 0.0152846 0.0358972 0.00175877 0.00201638 0.141814
internal_weight=23593.9 1269.52 22324.4 13863.7 4139.95 9723.78 1648.12 386.49 15.3155 883.033 4286.26 1359.86 2926.4 75.3681 14.8028 807.664 100.825 67.3706 45.6359 6.7203 33.4544 903.509 514.358 389.151 302.354 167.607 43.9713 8460.69 8176.92 3.69125
internal_count=231608 38712 192896 154198 51163 103035 19006 12830 144 25882 48071 24286 23785 451 87 25431 3215 1334 824 250 1881 15717 8317 7400 4747 3313 619 38698 37424 87
cat_boundaries=0 1 2 3 4 5 6 7
cat_threshold=10624020 4859403 14631808 4325760 82 9191424 1638912
is_linear=0
shrinkage=0.04


Tree=137
num_leaves=31
num_cat=0
split_feature=23 4 0 4 24 4 3 6 0 21 21 1 27 14 28 22 27 5 1 6 8 27 14 6 6 5 6 1 26 16
split_gain=16.8032 14.6486 12.4619 12.2848 12.2575 10.962 12.5237 11.1407 9.52311 10.7959 9.69339 9.67527 28.1804 21.4071 9.27116 10.0992 12.489 11.8956 11.5499 11.0228 8.96183 10.5718 9.23353 8.66855 9.21828 11.362 28.0811 10.1102 24.334 16.6416
threshold=3.5000000000000004 0.026666666666666842 5.5000000000000009 -0.15183333333333324 12.500000000000002 -0.081666666666665652 6.6450000000000005 29.205000000000002 3.5000000000000004 53.585000000000008 48.290000000000006 50.135000000000012 -0.66291666666666627 -0.18356481481481471 5.5000000000000009 -25.467499999999998 -0.42999999999999922 2.5000000000000004 47.865000000000002 52.655000000000008 5.5000000000000009 2.0400000000000009 -0.07999999999999996 33.835000000000008 22.255000000000003 4.5000000000000009 19.010000000000002 38.385000000000012 6.1650000000000009 0.55000000000000016
decision_type=2 2 2 2 2 2 2 2 2 2 2 2 2 10 2 2 2 2 2 2 2 2 8 2 2 2 2 2 2 10
left_child=3 2 14 4 -1 6 7 -4 10 23 11 -3 13 -13 -2 16 17 19 -19 -16 21 -5 -23 24 25 26 -10 -27 29 -29
right_child=1 8 5 20 -6 -7 -8 -9 9 -11 -12 12 -14 -15 15 -17 -18 18 -20 -21 -22 22 -24 -25 -26 27 -28 28 -30 -31
leaf_value=0.028814081549964496 -0.00077538713654422471 -0.0025944600313433965 0.12776861392331482 0.00091914417884431099 -0.015508080386537533 -0.011547137595575789 -0.0025962088871047417 0.027041458143681842 -0.0030164975679857959 0.067980124901649189 -0.031101835518649656 0.019403138189569364 -0.003274013623235992 0.16928631976571049 -0.0010743213083335714 0.0053489138539171092 0.070185782346359762 -0.024664020487480655 0.060896356496736227 0.068607553921524941 -0.0016515247645906787 0.046258435054870414 0.0052614252873421797 -0.0039362994094683853 -0.01772256517278269 -0.015486941745366939 0.15884393762273338 -0.01163794532752609 0.20105371479021292 0.1404246744724009
leaf_weight=45.866380304098129 5768.1582741718739 1029.2177831316367 2.3191988589242083 12112.740773112979 12.761102207005022 253.15438973368146 24.210586127825081 7.2456699553877115 6.1293415182735753 2.9014777084812513 18.670329205691814 2.9351087883114815 16.5449786670506 3.1727715693414238 78.325728259515017 779.99964107712731 3.3591459617018691 59.527513691689819 2.6361623951233915 3.8088517729192963 2027.3990975273773 8.8915443196892721 768.83815761655569 254.02147012134083 233.91463037580252 47.021586493821815 2.3812069152481854 9.3510768855921906 1.1460739811882366 1.3132324498146761
leaf_count=249 50699 11799 37 97742 67 13576 575 129 194 74 180 37 160 56 1524 12482 35 1644 67 46 17334 47 3929 8209 8532 1912 74 405 26 39
internal_value=8.28626e-05 -0.00132506 -0.000528293 0.000892415 0.0191667 -0.00869136 0.0127133 0.0514648 -0.00474099 -0.00897684 -0.00253242 -0.00202532 0.0238331 0.0972608 -0.000178489 0.00353302 -0.00605944 -0.00783437 -0.0210357 0.00215706 0.000820596 0.00120941 0.00573013 -0.00937896 -0.0139682 -0.000927558 0.0422712 -0.00717663 0.0259099 0.00708746
internal_weight=23588 8611.47 6982.75 14976.5 58.6275 286.93 33.7755 9.56487 1628.72 558.18 1070.54 1051.87 22.6529 6.10788 6695.82 927.657 147.657 144.298 62.1637 82.1346 14917.9 12890.5 777.73 555.279 301.257 67.3425 8.51055 58.832 11.8104 10.6643
internal_count=231879 112511 80814 119368 316 14317 741 166 31697 19465 12232 12052 253 93 66497 15798 3316 3281 1711 1570 119052 101718 3976 19391 11182 2650 268 2382 470 444
is_linear=0
shrinkage=0.04


Tree=138
num_leaves=31
num_cat=6
split_feature=18 12 19 30 27 8 19 4 9 1 26 26 19 27 0 9 4 1 19 29 20 19 22 14 12 3 1 9 1 4
split_gain=17.0614 15.2824 14.7278 14.0177 15.1754 13.6847 12.9433 16.1143 11.2555 16.9298 16.8929 11.4402 10.8217 14.6938 12.1491 10.7004 11.1048 10.8849 13.9455 13.5543 12.4849 10.6623 9.94751 15.0158 21.2981 14.9887 13.7728 9.91075 13.4102 13.6986
threshold=0.36666666666666675 5.1055555555555561 0 1 -2.4324999999999988 5.5000000000000009 2 -0.10999999999999986 23.500000000000004 43.495000000000005 2.8850000000000002 5.4150000000000009 3 2.2908333333333339 1.5000000000000002 24.500000000000004 0.14333333333333401 37.885000000000012 4 5.0050000000000008 5.8050000000000006 5 -4.8316666666666643 -0.067658730158730182 4.1055555555555561 6.8250000000000011 41.865000000000002 31.500000000000004 24.635000000000002 0.024999999999999915
decision_type=10 10 1 1 2 2 1 2 2 2 2 2 1 2 2 2 2 2 1 2 2 1 2 8 10 2 2 2 2 2
left_child=1 5 -3 4 -4 15 7 -7 9 10 -6 -10 -2 14 -14 21 17 -17 19 -19 -20 -1 23 24 25 -21 -27 28 29 -9
right_child=12 2 3 -5 8 6 -8 27 11 -11 -12 -13 13 -15 -16 16 -18 18 20 22 -22 -23 -24 -25 -26 26 -28 -29 -30 -31
leaf_value=0.010189500352928078 0.0039689037332791485 -0.026060085724016347 -0.025746877398127074 -0.012862035250006823 0.0088636130214754544 0.036543327634972138 -0.0061055760052980317 0.019234947390232165 0.0071730038398222984 0.21905469977929554 0.13676862239900373 0.099435467245652248 0.0035159209857691955 0.012402231701675058 -0.0015736662879235125 -0.0010976620222459775 0.023017608768642978 -0.0085369049091988045 0.066298478485542531 0.028095366596392259 0.0030511571387960663 0.0011533679886807718 -0.00038884726870895884 0.0021236662399446503 -0.040613623453296908 0.16290275342172297 0.052088080611506542 -0.0028842727241494889 0.0029981146798949893 0.092737411868932654
leaf_weight=289.6919142473489 2253.1856449386105 63.871570270042866 10.115168075310065 66.583083720877767 5.3331997571513039 18.780508683994412 1275.8384149931371 21.422807541675869 21.938057855237279 1.0586141925305126 2.3936704383231699 2.3839869480580083 1067.5484329164028 157.9896963685751 2526.0351923103444 10504.461737660225 32.307303012348711 369.99142071278766 5.0041971588507286 7.0932941948995012 2380.0588244441897 720.45114166056737 595.86195330321789 33.188106887042522 3.5103235635906449 3.7617740863934159 3.4314548848196864 845.1826879652217 220.07079930137843 5.0046011824160805
leaf_count=4037 17490 3630 1256 3117 296 118 14099 219 396 39 48 23 5068 790 23678 102512 438 4415 125 106 23010 9445 4809 343 57 62 50 8956 2617 78
internal_value=-5.46117e-05 -0.000685609 -0.0124921 -0.00204071 0.0139137 -0.000567322 -0.00338023 -0.000192293 0.0302336 0.0690394 0.0484867 0.0162163 0.00178526 0.000461962 -6.1699e-05 -0.000118294 -0.000406391 -0.000460809 0.00150568 -0.00240694 0.00317057 0.00385707 0.00106214 0.0180199 0.0476637 0.0693542 0.11004 -0.000826029 0.00623119 0.0331542
internal_weight=23513.5 17508.8 173.677 109.806 43.2227 17335.1 2386.3 1110.46 33.1075 8.78548 7.72687 24.322 6004.76 3751.57 3593.58 14948.8 13938.7 13906.4 3401.9 1016.84 2385.06 1010.14 646.847 50.985 17.7968 14.2865 7.19323 1091.68 246.498 26.4274
internal_count=231327 184301 8805 5175 2058 175496 26087 11988 802 383 344 419 47026 29536 28746 149409 135927 135489 32977 9842 23135 13482 5427 618 275 218 112 11870 2914 297
cat_boundaries=0 1 2 3 4 5 6
cat_threshold=14296264 225 8710795 6877218 7352456 11548929
is_linear=0
shrinkage=0.04


Tree=139
num_leaves=31
num_cat=6
split_feature=0 11 31 19 12 19 5 19 19 19 31 4 0 27 12 20 27 19 21 21 20 6 16 12 27 31 20 11 27 26
split_gain=20.8729 20.4433 17.3228 20.4699 15.9165 15.839 15.4466 15.7823 14.6829 13.4278 13.1184 10.6855 11.066 10.3949 11.063 10.9846 9.93179 9.77193 12.3841 12.4794 13.2115 12.8229 9.72754 12.8296 9.56879 9.12633 19.0933 9.03192 9.02636 9.54123
threshold=1.5000000000000002 9.5000000000000018 2.5000000000000004 0 4.2361111111111116 1 3.5000000000000004 2 3 4 6.5000000000000009 -0.11500000000000064 3.5000000000000004 0.3000000000000001 2.683333333333334 33.215000000000011 0.090000000000000094 5 41.565000000000005 37.540000000000006 34.660000000000004 32.360000000000007 0.77500000000000013 3.2928571428571431 -1.7818333333333334 3.5000000000000004 46.835000000000008 8.5000000000000018 1.373666666666667 7.245000000000001
decision_type=2 2 2 1 10 1 2 1 1 1 2 2 2 2 10 2 2 1 2 2 2 2 8 10 2 2 2 2 2 2
left_child=2 4 8 -4 17 11 9 -8 -1 25 -5 16 13 15 -15 -13 -3 18 19 21 27 -2 -23 -24 -9 -6 -27 -21 29 -7
right_child=1 5 3 10 6 28 7 24 -10 -11 -12 12 -14 14 -16 -17 -18 -19 -20 20 -22 22 23 -25 -26 26 -28 -29 -30 -31
leaf_value=0.0059259763614401637 -0.002398502798386644 0.061965382337634135 -0.0048184639683464276 0.0021147365951604429 -0.0122428205703031 -0.0059827283539363287 0.007344290366897893 -0.031673303525371337 0.00099230756925558624 0.0044483426981826151 -0.0066153278063574884 0.0083076612969512145 -0.005162842779986414 -4.9570678828216567e-05 0.014652685214193398 -0.0076408939819390962 0.0043947029745995091 -0.00082658808529555649 0.0041300874550600289 0.00966863502405476 -0.010992879057209698 0.0026270327825228352 0.0126051410042409 0.083170892259836746 -0.011140938299408999 7.7715903788605747e-05 0.10541187945782463 -0.027626763111324355 0.0037734542185567459 -0.018559799226968793
leaf_weight=1894.2696390450001 1002.0610056663863 8.4528214409947413 1146.2445013225079 3109.809091553092 189.86736516910605 1849.175648041768 69.45818855962716 40.077728335279971 1986.7051220163703 356.09063722891733 302.16024081408978 103.46166447177529 474.68180384580046 152.42796574905515 176.95338330790401 208.03125668689609 11.0781317576766 6190.1117675174028 1857.4358184589073 93.513331323862076 293.95582839567214 1226.5446818801574 94.142303715460002 4.3111456558108321 386.92254235502332 78.375974314520136 2.8536109579727045 11.687910066917537 142.96438702568412 101.82258818484843
leaf_count=8822 13516 79 5155 14142 4766 29734 2088 4129 9122 7862 1353 1647 9571 1068 1334 2373 66 66716 14360 1176 2479 14767 894 54 10171 1937 30 173 885 1061
internal_value=-0.000139594 -0.00102878 0.00145419 -0.000218021 -0.000262696 -0.00385142 -0.004793 -0.0100643 0.00341821 -0.00062042 0.00133769 -2.00632e-05 -0.000533762 0.0028949 0.00784892 -0.00234362 0.0293108 0.00020979 0.00160769 -0.000104984 -0.00663943 0.00101586 0.00359805 0.0156951 -0.012769 -0.00717765 0.00377813 0.0055251 -0.00590003 -0.00663913
internal_weight=23565.6 15126.5 8439.19 4558.21 11897.4 3229.05 1123.65 496.458 3880.97 627.188 3411.97 1135.09 1115.56 640.874 329.381 311.493 19.531 10773.8 4583.65 2726.22 399.157 2327.06 1325 98.4534 427 271.097 81.2296 105.201 2093.96 1951
internal_count=231530 192936 38594 20650 145118 47818 30983 16388 17944 14595 15495 16138 15993 6422 2402 4020 145 114135 47419 33059 3828 29231 15715 948 14300 6733 1967 1349 31680 30795
cat_boundaries=0 1 2 3 4 5 6
cat_threshold=797762 4874290 65539 2051296 15172993 3190051
is_linear=0
shrinkage=0.04


Tree=140
num_leaves=31
num_cat=2
split_feature=0 4 15 12 1 27 9 23 0 17 30 22 21 7 7 13 30 4 4 29 1 14 11 26 11 4 9 27 1 4
split_gain=18.0946 15.1112 11.4724 11.4183 13.1045 26.1883 11.1175 11.9927 12.6866 11.592 11.5976 13.7983 10.5051 10.344 12.0287 10.3369 10.2783 10.1396 10.4692 10.0603 9.63043 13.1276 9.47401 9.43502 12.0085 9.35042 11.2867 10.3821 9.32989 13.1057
threshold=2.5000000000000004 -0.10499999999999997 1.5000000000000002 5.354166666666667 50.135000000000012 -2.4324999999999988 34.500000000000007 3.5000000000000004 5.5000000000000009 0.58571428571428574 0 2.750833333333333 53.885000000000012 -11.939999999999998 -16.352499999999996 0.5277777777777779 1 -0.031666666666666725 0.06000000000000006 2.1650000000000005 52.790000000000006 0.011111111111111157 7.5000000000000009 6.3650000000000011 7.5000000000000009 -0.068333333333332899 52.500000000000007 1.1650000000000007 36.855000000000011 -0.086333333333333581
decision_type=2 2 8 10 2 2 2 2 2 10 1 2 2 2 2 10 1 2 2 2 2 8 2 2 2 2 2 2 2 2
left_child=2 12 15 6 -5 -6 -3 9 19 10 13 25 23 14 22 -1 -11 -18 -19 -9 -4 -22 -8 24 -2 -12 -27 -28 -21 -30
right_child=1 3 20 4 5 -7 7 8 -10 16 11 -13 -14 -15 -16 -17 17 18 -20 28 21 -23 -24 -25 -26 26 27 -29 29 -31
leaf_value=0.0053551455881347253 0.0014275453659382106 0.00057222314405508618 0.00010080868766953603 -0.023534301629906995 -0.040386217439233291 0.38787577273691137 -0.010416827784296754 0.0030878826459920282 -0.014152854198086635 -0.0039715335352922317 0.031853358215035571 -0.003936021888983011 0.026847733816449282 0.0019159791771451507 -0.025162818326739524 0.000921489291504507 0.00069437931209625603 0.030633399754137904 -0.021765133432803146 -0.0068162764741683656 0.018634571179935659 -0.0032244446149147215 0.028670881008031557 -0.0088573116801161714 0.023905056353951567 0.0059662488260997185 -0.01776587902089834 0.059531029008724853 0.043923595538181516 -0.001324767344456202
leaf_weight=1583.2891175188124 102.2932918551378 3251.2682328082155 9192.0164101775736 48.503434804733843 0.58979644835926592 0.37290368694811959 27.480182397644967 296.43873658310622 205.42639300925657 67.191425252705812 18.718322047963738 2767.8034643670544 40.999089535325766 1590.7310355044901 49.951093555428088 1795.5026446282864 40.149054404348135 65.61348628718406 6.7263756655156604 1209.4271442880854 104.44178203865886 75.907046210020781 15.527408354915677 59.251695036888123 60.532098349183798 293.36187719134614 52.684356323909014 2.9351199716329566 10.450821883976458 511.95849594194442
leaf_count=8479 836 47823 58188 5666 91 19 339 4179 10104 446 183 29241 222 17053 635 9633 228 474 51 20828 689 424 214 344 579 4719 996 22 96 8716
internal_value=-1.94934e-05 -0.00122452 0.0010008 -0.00146102 -0.0206338 0.125502 -0.00137056 -0.0022439 -0.00468056 -0.0011551 -0.00152703 -0.00295942 0.00824466 0.00115123 -0.0118115 0.00299908 0.00882052 0.0154417 0.0257612 -0.0037212 0.00028041 0.00943433 0.00369535 0.00481023 0.0097838 0.00431129 0.00283401 -0.0136868 -0.00488671 -0.000419572
internal_weight=23547.5 10796.4 12751.2 10533.3 49.4661 0.9627 10483.8 7232.57 2233.7 4998.87 4819.19 3135.5 263.076 1683.69 92.9587 3378.79 179.68 112.489 72.3399 2028.28 9372.37 180.349 43.0076 222.077 162.825 367.7 348.981 55.6195 1731.84 522.409
internal_count=231517 154104 77413 152123 5776 110 146347 98524 43923 54601 53402 35161 1981 18241 1188 18112 1199 753 525 33819 59301 1113 553 1759 1415 5920 5737 1018 29640 8812
cat_boundaries=0 1 2
cat_threshold=328 280
is_linear=0
shrinkage=0.04


Tree=141
num_leaves=31
num_cat=7
split_feature=14 0 19 4 11 11 3 4 19 4 11 19 27 4 13 22 3 19 20 26 7 14 11 11 19 30 19 31 9 1
split_gain=19.1552 14.4795 16.2892 19.8449 18.8221 13.2652 12.4071 12.1254 11.3093 10.2954 10.1928 20.7502 11.812 20.1296 11.3034 28.1325 15.282 10.1659 10.7921 10.228 9.86353 11.8094 9.79294 18.0994 12.4064 12.4371 11.6826 11.5978 11.5578 9.85102
threshold=-0.20737433862433857 1.5000000000000002 0 -0.066666666666665972 10.500000000000002 6.5000000000000009 6.5650000000000004 -0.063333333333333894 1 0.058333333333334021 1.5000000000000002 2 -0.52166666666666595 -0.055000000000000153 1.0000000180025095e-35 -3.0999999999999956 6.7350000000000012 3 17.355000000000004 4.285000000000001 -7.4736666666666673 0.27585978835978847 1.5000000000000002 6.5000000000000009 4 5 6 2.5000000000000004 43.500000000000007 41.07500000000001
decision_type=8 2 1 2 2 2 2 2 1 2 2 1 2 2 10 2 2 1 2 2 2 8 2 2 1 1 1 2 2 2
left_child=9 8 5 6 10 -3 -4 -6 -2 17 11 12 13 -5 15 16 -15 18 -1 -20 21 -9 -10 24 28 -26 -25 -27 29 -24
right_child=1 2 3 4 7 -7 -8 20 22 -11 -12 -13 -14 14 -16 -17 -18 -19 19 -21 -22 -23 23 26 25 27 -28 -29 -30 -31
leaf_value=-0.010193520261509227 -0.00086323957482298253 0.0025430461727882297 0.039489414720425345 0.18653482119953804 0.05319934112353903 -0.0009430676172407866 0.0044471313450398006 -0.022841118741517237 0.0080658289075407324 -0.01675425349518276 -0.00099497833730133626 -0.014332920259457094 -0.0012616615401826895 0.184060071492578 0.0062651226528684847 0.25506260772254352 -0.025614836001746754 -0.0065525131387257273 0.017958811112881109 0.00094182359915956652 -0.0064769308863621743 0.023070117456252294 0.0016545590756404424 0.0083942042944096674 -0.011438641791880356 0.0032969230097092419 0.002659132775301712 -0.0048964442238714967 0.0084902210772478514 -0.012199968310044034
leaf_weight=114.34419048181735 2017.017832800746 3823.7818836199585 16.662598989903927 1.2163366200402403 5.1912793945521107 3214.659009198891 542.52267795847729 106.44683873653412 483.73570916801691 102.12689497810788 5305.5585604202934 268.5732534872368 235.541697781533 0.70888013765215907 18.968025613110512 1.0772326304577315 2.5816948243882507 736.763013480464 67.286722320131958 352.93047357304022 772.70513991778716 9.7884727697819454 587.90555070340633 783.19517946988344 222.41201689839363 498.89958100020885 2136.0661903619766 619.85699094831944 370.85486635565758 95.445102967321873
leaf_count=4388 9001 39739 118 24 58 39329 4209 1952 2300 3151 63939 4069 2596 36 518 30 173 13360 1132 4458 12502 118 2678 3667 1001 2240 9792 2758 1671 430
internal_value=4.85206e-05 0.00033286 -0.000422664 -0.00174682 -0.00235097 0.000949488 0.00549132 -0.00775515 0.00171777 -0.0045353 -0.00152274 -0.00681924 0.00143528 0.027893 0.0196241 0.0776382 0.0195549 -0.00355374 0.000689028 0.00366665 -0.00811112 -0.0189748 0.00261258 0.00212115 -0.000455796 -0.00299647 0.00423563 -0.00123168 0.00277854 -0.000280534
internal_weight=23514.8 22141.4 14326 7287.54 6728.36 7038.44 559.185 894.132 7815.39 1373.45 5834.23 528.667 260.094 24.5522 23.3358 4.36781 3.29057 1271.32 534.561 420.217 888.94 116.235 5798.37 5314.64 2395.37 1341.17 2919.26 1118.76 1054.21 683.351
internal_count=231437 204948 169410 90342 86015 79068 4327 14630 35538 26489 71385 7446 3377 781 757 239 209 23338 9978 5590 14572 2070 26537 24237 10778 5999 13459 4998 4779 3108
cat_boundaries=0 1 2 3 4 5 6 7
cat_threshold=551999 534542 12881984 1671654 6489473 194 8786432
is_linear=0
shrinkage=0.04


Tree=142
num_leaves=31
num_cat=9
split_feature=7 20 4 19 19 20 19 14 22 19 10 21 1 14 9 19 19 22 30 6 27 1 8 30 20 28 3 17 17 8
split_gain=17.8856 19.5751 16.6312 12.9996 12.8657 12.68 25.8802 10.9268 10.3854 10.3785 15.3614 11.1721 10.7574 11.9687 10.0502 10.3205 9.79863 9.70826 11.1744 9.68768 11.1785 9.66248 11.7489 9.64565 9.45381 9.42636 9.424 9.07451 9.06308 10.9887
threshold=0.059166666666666153 14.540000000000001 0.044999999999999492 0 1 50.425000000000004 2 -0.17043650793650789 6.3518333333333343 3 4 12.435 38.835000000000008 1.0000000180025095e-35 24.500000000000004 5 6 26.932500000000001 7 32.360000000000007 1.0283333333333338 25.060000000000006 2.5000000000000004 8 58.010000000000012 5.5000000000000009 6.7150000000000007 0.21111111111111114 0.21111111111111114 3.5000000000000004
decision_type=2 2 2 1 1 2 1 10 2 1 1 2 2 10 2 1 1 2 1 2 2 2 2 1 2 2 2 10 10 2
left_child=1 7 5 23 -2 9 19 -1 -5 25 11 12 27 -14 16 -16 -9 -6 -19 20 26 -10 -23 24 28 -3 -7 -11 29 -4
right_child=4 2 3 8 17 6 -8 14 21 10 -12 -13 13 -15 15 -17 -18 18 -20 -21 -22 22 -24 -25 -26 -27 -28 -29 -30 -31
leaf_value=-0.018183087691710245 0.003262364809271241 0.0012605089632801779 0.027175530311449397 -0.013730983181283445 -6.4090784253529039e-05 -0.032351451728739496 0.0011257351256919739 0.018137878961560078 -0.019080493480454645 0.054461739062326216 -0.0024411765898473799 0.0020851823716772099 0.040271830052199101 -0.036337062736325587 -0.019746455683129382 0.0016442607966093248 -0.0089862300054981466 -0.0095855343726553178 0.0076556559454008435 -0.017104627850337263 -0.0026871253810903462 0.048713390386020294 -0.002095925074398096 -0.0059580875418563661 0.035360069651140823 0.0090412095068843085 -0.010023431078033841 0.016434106858048886 -0.0081948762488107153 0.0029807656260219598
leaf_weight=155.9694827136118 3256.0214979597367 4139.7242971714586 36.485620477236807 351.71928889164701 7696.8990018493496 37.521028871648014 930.96089194621891 41.448345569660887 55.005250807851553 15.568983836099504 3195.4835215029307 1051.9127633236349 4.9845962971448889 9.4470248855650407 71.317847084719688 69.777138505596668 30.448016825132072 61.653930511325598 459.30120048951358 175.62957884278148 409.64978294447064 7.4902332797646514 261.50589987728745 277.44864598428831 14.914185682311652 265.08326662797481 155.96940605994314 28.273469600826502 86.039119028486311 169.87166302092373
leaf_count=7131 30018 35962 528 6941 73912 299 6454 1142 655 124 33439 8157 40 76 1279 1291 968 368 2720 1240 2423 62 2832 4002 104 4282 1342 211 1021 2715
internal_value=8.6035e-06 -0.00106769 -0.000781149 -0.00512082 0.0011389 -0.0002562 -0.00340568 -0.010139 -0.00884063 0.000361993 -0.00103384 0.00300258 0.020078 -0.00987681 -0.00424842 -0.0104509 0.00792375 0.000293232 0.00557815 -0.00872506 -0.00642966 -0.00380477 -0.000681133 -0.00065992 0.00416044 0.00172484 -0.0143532 0.0299382 0.00271133 0.00725859
internal_weight=23523.5 12049.6 11680.7 1260.48 11473.9 10420.2 1709.73 368.961 675.721 8710.48 4305.67 1110.19 58.2741 14.4316 212.991 141.095 71.8964 8217.85 520.955 778.77 603.14 324.001 268.996 584.759 307.311 4404.81 193.49 43.8425 292.396 206.357
internal_count=231738 124720 112909 18860 107018 94049 11758 11811 10490 82291 42047 8608 451 116 4680 2570 2110 77000 3088 5304 4064 3549 2894 8370 4368 40244 1641 335 4264 3243
cat_boundaries=0 1 2 3 4 5 6 7 8 9
cat_threshold=8512682 570448 2984989 3353119 1 2305437 3437661 16 217
is_linear=0
shrinkage=0.04


Tree=143
num_leaves=31
num_cat=7
split_feature=14 0 11 18 19 19 9 19 27 30 19 9 9 19 31 27 4 26 27 11 1 26 27 1 20 19 29 4 22 1
split_gain=17.4202 13.9052 19.4788 14.4095 18.8515 12.6593 12.3705 11.8031 13.9878 11.5927 11.4227 11.3002 11.4061 11.0936 10.617 10.4873 10.3231 11.1433 9.83014 10.8921 10.7724 9.76785 10.4272 9.41031 10.6206 11.9046 9.36079 9.29607 9.76143 11.1506
threshold=-0.27030423280423271 1.5000000000000002 9.5000000000000018 1.0000000180025095e-35 0 1 60.500000000000007 2 0.010000000000000233 3 4 34.500000000000007 33.500000000000007 5 3.5000000000000004 0.97999999999999987 0.14333333333333401 4.9250000000000007 2.0400000000000009 8.5000000000000018 52.790000000000006 6.8350000000000009 1.8800000000000006 46.980000000000011 37.545000000000009 6 3.1750000000000003 -0.12333333333333261 -35.472499999999989 33.685000000000009
decision_type=8 2 2 8 1 1 2 1 2 1 1 2 2 1 2 2 2 2 2 2 2 2 2 2 2 1 2 2 2 2
left_child=7 10 3 4 11 -4 9 15 -9 26 14 12 -3 -11 18 -1 -13 -18 19 -2 -21 23 -23 24 25 -7 -5 -27 29 -29
right_child=1 2 5 6 -6 21 -8 8 -10 13 -12 16 -14 -15 -16 -17 17 -19 -20 20 -22 22 -24 -25 -26 27 -28 28 -30 -31
leaf_value=-0.0023896968832483089 0.0023506595043673094 0.0040525551457556387 -0.0062620060060593584 0.0078904835452078357 -0.0043293904230068308 0.0017516406105960657 0.022171884970957866 -0.0089639774975701549 -0.032452713942698906 0.0041181436663349866 6.0012421343922494e-05 -0.0012915839888355818 0.025458609271561343 0.00054718853809115962 0.00024329282118422686 0.049954050528673299 -0.011132911656077438 0.078987387467895659 0.019595934906111889 0.0074301093894533835 0.047265715169389218 -0.0090089857107139171 0.016374831545492761 0.016052317247059231 0.0022990804835716946 0.047077171837375149 -0.0026772154921483205 0.11608269899475265 -0.013082476970357235 -0.020552196175332906
leaf_weight=275.55757123650983 1711.601894557476 599.23672257200815 1340.2173106493428 146.64686547825113 2099.675574259134 227.13136208849028 44.929758632555604 201.01983083458617 50.820073954761028 2311.7729055136442 4219.8453489616513 1308.1880610827357 42.663218110799789 3503.9979794844985 1398.8285890966654 6.2634865529835215 3.7521626083180291 5.2906980141997337 67.810452677309513 804.39457449316978 11.010198563337324 330.37946989573538 28.094228878617287 58.669246297795326 885.93141767149791 4.3177799507975569 1569.1568411090411 2.0137763209640975 250.12472827523015 1.8187247877940533
leaf_count=5855 7737 10691 20912 1997 34149 4503 541 5172 470 22104 19117 17963 527 33754 6326 42 87 56 423 3842 52 3249 146 885 10666 48 14882 46 5228 46
internal_value=2.98021e-05 0.000195734 -0.000538203 0.000215207 -0.00170802 -0.00334006 0.0012455 -0.00711463 -0.0131805 0.00112066 0.00151501 0.00111779 0.00547529 0.00197128 0.00304464 -0.00118433 -0.000997174 0.0415937 0.00456654 0.00416324 0.007968 -0.00110925 -0.00701961 0.000364598 -0.000306562 -0.00506221 -0.00176373 -0.0107077 -0.0121117 0.0512422
internal_weight=23511.2 22977.5 14764 11635.3 4058.81 3128.7 7576.5 533.661 251.84 7531.57 8213.49 1959.13 641.9 5815.77 3993.65 281.821 1317.23 9.04286 2594.82 2527.01 815.405 1788.48 358.474 1430.01 1371.34 485.406 1715.8 258.275 253.957 3.8325
internal_count=231516 219977 182480 136751 63473 45729 73278 11539 5642 72737 37497 29324 11218 55858 18380 5897 18106 143 12054 11631 3894 24817 3395 21422 20537 9871 16879 5368 5320 92
cat_boundaries=0 1 2 3 4 5 6 7
cat_threshold=1164094 9803216 625627 33 15176132 7104129 2761218
is_linear=0
shrinkage=0.04


Tree=144
num_leaves=31
num_cat=7
split_feature=27 12 20 19 26 27 3 27 11 19 19 10 8 19 29 20 14 3 26 12 5 1 26 30 22 26 3 9 26 30
split_gain=11.1297 14.838 12.476 15.997 11.7302 11.7168 11.2796 11.2487 10.5565 32.928 21.2466 21.6695 13.4144 10.7702 10.17 12.438 12.1313 11.2199 12.5388 11.3704 10.1624 9.91347 10.8183 14.5408 9.65407 11.8346 10.6162 9.65126 9.62337 9.60697
threshold=2.4208333333333338 3.683333333333334 53.585000000000008 0 6.9050000000000011 1.0783333333333336 6.5750000000000011 0.37166666666666753 4.5000000000000009 1 2 3 3.5000000000000004 4 4.8850000000000007 45.385000000000012 0.20660714285714288 6.9450000000000012 6.8250000000000011 2.1055555555555561 5.5000000000000009 29.175000000000004 5.5550000000000006 5 -14.767916666666663 4.035000000000001 6.6750000000000007 62.500000000000007 4.0750000000000011 6
decision_type=2 10 2 1 2 2 2 2 2 1 1 1 2 1 2 2 8 2 2 8 2 2 2 1 2 2 2 2 2 1
left_child=2 4 6 7 -2 -5 -1 -4 9 20 -10 14 21 24 -12 29 -17 18 -18 -20 -8 22 23 -13 -11 26 -26 -7 -14 -16
right_child=1 -3 3 5 -6 27 8 -9 10 13 11 12 28 -15 15 16 17 -19 19 -21 -22 -23 -24 -25 25 -27 -28 -29 -30 -31
leaf_value=0.011119811900649788 -0.0075448816013486486 0.05746007076089639 -0.011112491654210908 -0.010718566663578956 0.01031221749121301 -0.0033579679112654298 -0.0038951942711208548 0.004111867400396256 0.0011895670543141852 -0.0019543754827073467 0.010427524011993329 0.0058055568179460606 -0.014768163054380128 0.0010889400933280736 -0.0014485033683713461 -0.0044155260534531528 0.00032690789387778698 -0.016328070109287864 0.0035306957035414689 0.026631905929704738 -0.017610845613066237 -0.00016798600673619042 -0.011193440105729167 -0.0085620900152031804 -0.020514303343983957 0.0044576543034046869 0.016877290233720001 0.030122601153267356 -0.0051082902668264053 0.0071574218801644931
leaf_weight=151.40689198998734 77.931399278342724 9.2033805102109891 90.245133694261312 480.50836926884949 240.48329998552799 746.96279364824295 995.85589430807158 556.400654271245 6329.9199936087243 330.38635277911089 173.2314916504547 215.16518298117444 180.42530594393611 3832.1158387106843 326.14273823238909 977.59376601874828 233.67686322517693 40.066321665421128 65.349602922797203 71.266429733484983 94.648429909953848 1943.1330638960935 317.19996673241258 216.44370240275748 12.967281004413961 2087.7021075095981 192.5410781709943 14.034678578376768 1931.0166663480923 563.38609661348164
leaf_count=1054 405 49 909 4170 1195 4410 10253 3516 64782 4727 1327 3077 5302 36602 2574 7674 1496 261 400 429 1631 22194 2561 3138 121 17460 2592 76 22566 4531
internal_value=6.79943e-05 0.00738897 -3.55234e-05 -0.0031517 0.00594173 -0.00578174 0.00024095 0.00195691 0.000162998 0.00136254 -0.000503376 -0.00197955 -0.00353958 0.00244798 0.00108006 0.000373811 -0.00199266 0.00377931 0.00595496 0.0155816 -0.00503941 -0.00167485 -0.00558511 -0.00146341 0.00442137 0.00535922 0.0145179 -0.0027405 -0.00593374 0.00406627
internal_weight=23497.4 327.618 23169.8 1888.15 318.415 1241.51 21281.6 646.646 21130.2 7546.22 13584 7254.1 4803.38 6455.71 2450.71 2277.48 1387.95 410.359 370.293 136.616 1090.5 2691.94 748.809 431.609 2623.6 2293.21 205.508 760.997 2111.44 889.529
internal_count=231482 1649 229833 13081 1600 8656 216752 4425 215698 73386 142312 77530 58838 61502 18692 17365 10260 2586 2325 829 11884 30970 8776 6215 24900 20173 2713 4486 27868 7105
cat_boundaries=0 1 2 3 4 5 6 7
cat_threshold=13635875 5374464 7548440 1 9261059 396 56
is_linear=0
shrinkage=0.04


Tree=145
num_leaves=31
num_cat=6
split_feature=8 19 0 24 19 11 27 31 19 19 14 0 27 22 3 19 22 1 1 13 19 3 4 31 3 14 26 4 26 26
split_gain=21.9674 18.5933 16.6484 22.5739 17.4215 16.8061 16.9345 13.6429 14.4511 13.6077 13.1794 11.6257 13.8355 11.959 10.8626 10.5412 10.0066 9.90396 12.6485 10.6877 9.78145 13.0731 9.77112 9.49659 9.29369 9.27092 12.6343 15.1131 9.64301 9.57863
threshold=1.5000000000000002 0 1.5000000000000002 1.5000000000000002 1 4.5000000000000009 1.3291666666666668 2.5000000000000004 2 3 0.16114417989417995 4.5000000000000009 -1.8600000000000003 -20.174166666666661 6.5450000000000008 4 -16.170833333333331 41.865000000000002 42.005000000000003 1.0000000180025095e-35 5 6.6950000000000012 -0.046666666666666405 2.5000000000000004 6.785000000000001 0.31679894179894191 6.5450000000000008 -0.0416666666666674 6.1250000000000009 5.6550000000000011
decision_type=2 1 2 2 1 2 2 2 1 1 10 2 2 2 2 1 2 2 2 8 1 2 2 2 2 10 2 2 2 2
left_child=1 -1 7 4 -4 16 25 8 24 14 -10 -11 -13 22 -5 -9 -6 -16 -19 -20 -8 -22 23 -14 -2 -7 27 -27 29 -29
right_child=2 -3 3 9 5 6 20 15 10 11 -12 12 13 -15 17 -17 -18 18 19 -21 21 -23 -24 -25 -26 26 -28 28 -30 -31
leaf_value=-0.0015084254198706637 0.0090650222578909454 0.0038801277448341416 -0.0080140392351159499 0.069280449333227606 -0.011168171977921281 -0.0071838673215264852 0.0082173691262914447 -0.0094019604116191043 -0.0012751057930653915 -0.00027987439117467219 0.0074947836824681095 -0.033000880390268578 0.10578412710060414 -0.0048781571930816931 0.0015761553101282203 -0.00020576094352260581 0.003053020007332507 0.077533745260331008 0.057711206345790973 0.0077154852082571826 -0.035614896508311962 8.3116630522001765e-05 0.0049411826258343554 0.02430513317540731 0.0024622930924848435 0.075518397790783953 -0.015055730424166183 0.027012896268051725 0.043490939838321321 -0.034959815012133369
leaf_weight=1436.8723799325526 726.29447834938765 3544.2078855317086 1209.8113646919373 3.9320258218795052 86.54666399769485 1354.8802605785895 218.79440265521407 201.8430894613266 1406.6564455702901 4808.3022022829391 340.55365284532309 26.698391832178459 2.9666529810056081 1233.4415952363051 1472.5161658462603 3432.2289138659835 928.21264707436785 4.4709726157598189 7.0947765596210948 191.47652848390862 20.262925490736961 86.407984547317028 65.557058403734118 10.015888695139436 643.09608972817659 7.3991538621485224 20.113651473075151 7.0738588832318845 9.1019238568842393 9.1547808405011875
leaf_count=13499 3410 31497 17082 27 2142 22429 1326 903 6381 48173 1645 3483 75 25841 18835 15582 10156 56 232 2257 103 520 2414 240 2984 49 174 83 76 88
internal_value=-2.78347e-05 0.00233047 -0.000661608 -0.00156896 -0.00403086 -0.00223991 -0.00464164 0.000922292 0.00286405 -0.000323998 0.000431787 -0.0011958 -0.00449458 -0.00391448 0.00285693 -0.000742973 0.00184012 0.00271811 0.0109998 0.00950179 0.00358136 -0.00612389 0.0112197 0.042924 0.005921 -0.00654279 0.00989403 0.0252266 0.0105362 -0.00794669
internal_weight=23516 4981.08 18534.9 11784.2 3957.76 2747.95 1733.19 6750.67 3116.6 7826.47 1747.21 6146.98 1338.68 1311.98 1679.49 3634.07 1014.76 1675.56 203.042 198.571 325.465 106.671 78.5396 12.9825 1369.39 1407.72 52.8434 32.7297 25.3306 16.2286
internal_count=231762 44996 186766 155861 54228 37146 24848 30905 14420 101633 8026 80226 32053 28570 21407 16485 12298 21380 2545 2489 1949 623 2729 315 6394 22899 470 296 247 171
cat_boundaries=0 1 2 3 4 5 6
cat_threshold=15796736 1831168 2065892 600257 2050 12585184
is_linear=0
shrinkage=0.04


Tree=146
num_leaves=31
num_cat=7
split_feature=5 19 8 19 4 4 21 19 17 21 11 19 26 4 6 21 11 29 22 19 19 4 26 19 4 21 28 14 12 9
split_gain=14.9701 19.6029 15.4923 23.2405 18.3752 13.1997 14.7475 11.5554 11.4846 10.8661 10.1341 14.0242 10.3455 9.51112 9.32917 9.04248 11.135 12.9371 12.8689 11.0641 10.9427 10.517 10.3905 10.6958 10.2439 10.2429 10.1826 10.1747 13.9985 9.27725
threshold=1.5000000000000002 0 5.5000000000000009 1 0.056666666666667094 -0.079166666666666594 9.9550000000000018 2 0.78888888888888908 67.905000000000015 6.5000000000000009 3 3.5550000000000002 -0.078333333333332686 23.820000000000004 46.690000000000005 4.5000000000000009 6.3350000000000009 -16.170833333333331 4 5 0.016666666666667055 6.6350000000000007 6 0.11916666666666666 50.855000000000011 5.5000000000000009 -0.084444444444444391 4.6125000000000007 29.500000000000004
decision_type=2 1 2 1 2 2 2 1 10 2 2 1 2 2 2 2 2 2 2 1 1 2 2 1 2 2 2 8 10 2
left_child=1 -1 7 4 -4 9 14 8 13 10 11 12 -3 -2 -7 16 17 18 -9 -18 26 -22 23 -19 -23 29 -20 28 -21 -17
right_child=2 5 3 -5 -6 6 -8 15 -10 -11 -12 -13 -14 -15 -16 25 19 22 20 27 21 24 -24 -25 -26 -27 -28 -29 -30 -31
leaf_value=0.0043088883387745452 -0.029365571777732899 -0.032552690167554237 0.0019043566381608922 -0.0073804694643852687 -0.015347322641729735 0.027286048255650584 -0.0028607221995623484 -0.0048087113566309498 0.03526870299859098 -0.019775893305015148 0.0082163784496331153 -0.0076624188330596879 0.0072937887535720301 -0.0013614930682557225 0.0043067910632248983 0.020044114714479245 0.0013424290196754748 0.014598498061277297 -0.0007880962344451668 0.0040144450670268408 0.0094072688832139081 0.00049413599905488107 -0.023329698066022361 -0.012175593616800713 0.0562988467206832 0.0011703129064471699 0.019199561047040924 -0.0046636063519315861 -0.015801449628583916 0.0054769126069664168
leaf_weight=2584.880761978915 19.461112320888788 10.817105720750986 1116.0199047594797 1245.9514230659697 108.37761901086196 32.11716292402707 2272.296396959573 291.60984966903925 13.662102993577717 31.059021418914199 509.99125160183758 204.06143907317892 287.87645493261516 6706.228561269585 235.84817648609169 79.059318227693439 1535.1654021211434 32.710413572378457 696.87453095475212 478.40926353354007 764.41565422038548 376.07010184880346 54.249544019810855 44.151817500591278 5.3378415373153976 1373.045345027931 43.31552073196508 1642.0893475790508 64.760376288788393 607.08511474914849
leaf_count=19149 132 150 12201 14592 1852 368 15991 4790 88 165 3273 1308 1605 72593 2718 627 17404 247 6556 8124 6538 4662 421 344 89 10399 793 17012 2217 4956
internal_value=-2.92062e-05 0.00166255 -0.00063253 -0.00356529 0.000374266 -0.000257339 -0.00181411 -0.000143921 -0.00136608 0.00352884 0.00424355 0.000213535 0.00566123 -0.00144252 0.00706099 0.000875006 9.44714e-05 0.00227663 0.00301134 -0.00125968 0.00422046 0.00664237 -0.00992625 -0.000466063 0.00127513 0.0031646 0.000376484 -0.00307974 0.00165186 0.00715538
internal_weight=23467 6168.95 17298.1 2470.35 1224.4 3584.07 2540.26 14827.7 6739.35 1043.81 1012.75 502.755 298.694 6725.69 267.965 8088.35 6029.16 2308.74 2177.62 3720.42 1886.01 1145.82 131.112 76.8622 381.408 2059.19 740.19 2185.26 543.17 686.144
internal_count=231364 44727 186637 28645 14053 25578 19077 157992 72813 6501 6336 3063 1755 72725 3086 85179 69197 24440 23428 44757 18638 11289 1012 591 4751 15982 7349 27353 10341 5583
cat_boundaries=0 1 2 3 4 5 6 7
cat_threshold=12978609 6646473 13052561 1074250 1049644 3145766 2655298
is_linear=0
shrinkage=0.04


Tree=147
num_leaves=31
num_cat=2
split_feature=0 15 18 3 9 10 20 9 20 13 28 30 4 7 13 20 11 1 4 28 27 11 4 7 5 13 3 9 7 4
split_gain=15.2322 12.9093 10.6847 10.662 10.5823 13.3907 10.2523 10.1198 9.45998 13.1479 10.0677 9.31702 9.5959 14.8208 12.1586 11.2522 9.46466 14.7633 13.791 10.7706 8.99164 10.671 11.3102 8.72821 9.24687 8.65111 15.3274 8.49439 8.80492 17.0504
threshold=5.5000000000000009 4.5000000000000009 0.45000000000000007 6.495000000000001 48.500000000000007 0 24.060000000000006 34.500000000000007 24.755000000000006 0.5277777777777779 1.5000000000000002 1 0.016666666666667055 -5.9899999999999993 0.41428571428571431 22.960000000000004 3.5000000000000004 50.135000000000012 0.036666666666665744 5.5000000000000009 1.7933333333333334 10.500000000000002 -0.031666666666665837 -7.3516666666666639 5.5000000000000009 0.73214285714285732 6.8050000000000006 31.500000000000004 0.72916666666666796 -0.060000000000000046
decision_type=2 8 10 2 2 1 2 2 2 10 2 1 2 2 10 2 2 2 2 2 2 2 2 2 2 10 2 2 2 2
left_child=6 3 -3 -2 -5 -6 11 27 9 10 -9 -1 13 -13 -15 -16 -14 -18 -19 -20 -10 22 -22 -12 -25 -7 -27 -8 -29 -30
right_child=1 2 -4 4 5 25 7 8 20 -11 23 12 16 14 15 -17 17 18 19 -21 21 -23 -24 24 -26 26 -28 28 29 -31
leaf_value=0.0015097142438701644 0.088846761776381969 -0.015741439784434201 0.09107352775140258 -0.0047607311664893282 -0.010455233803557151 0.0090267416968443977 0.0011920852039933763 0.067233125596393079 -0.00044933812046661973 0.060243255154521551 0.025737786661374357 -0.010122871874158423 -0.0011497811551556213 -0.00090635028338512363 0.021477659262423107 -0.01314935098174605 -0.012245207323246576 -0.014912251973349611 0.030176834885835301 0.1309997916806292 0.008303817772931656 0.02238211917380295 -0.00041740891914305537 0.0049062727996884601 -0.025350253476106418 0.00034942083580572956 0.079082470411513311 0.0019632540273960366 0.02551658618767955 0.0057793756341636814
leaf_weight=976.622815574985 2.0303718699142328 163.10351455025375 1.5122607387602318 877.81481225718744 53.635257100686431 121.90550621040165 4194.5844154823571 4.2636845037341109 12060.448845190927 7.5073191411793223 28.448784736916423 273.06733650062233 258.19069904275239 1391.3312872759998 71.603137087076902 18.999100800603628 404.3918828475289 5.8201921177096647 4.5480458801612258 2.7026989432051778 357.7561919093132 45.030243121087551 710.29965991526842 162.71212107967585 17.943535613827407 7.7659161286428562 8.0643611643463355 693.00664116255939 82.429115872830153 465.54111837502569
leaf_count=13949 23 13047 75 20210 1349 3565 31423 27 95677 80 369 3696 4350 16828 679 161 8758 99 74 58 1723 252 3678 1691 308 61 77 5341 463 3481
internal_value=-9.05691e-06 -0.00433138 -0.0147602 -0.00272876 -0.00290267 0.00562024 0.000231155 0.000596505 5.78461e-06 0.00821536 0.00638477 -0.00178791 -0.00310631 -0.00155967 1.82251e-05 0.0142164 -0.00716968 -0.0108928 0.030947 0.0677584 -0.000131862 0.00330804 0.00250385 0.00514406 0.00190106 0.0117837 0.0404581 0.00205217 0.00495931 0.00874837
internal_weight=23473.1 1235.83 164.616 1071.22 1069.19 191.371 22237.2 18830 13394.4 220.875 213.368 3407.28 2430.65 1755 1481.93 90.6022 675.654 417.463 13.0709 7.25074 13173.5 1113.09 1068.06 209.104 180.656 137.736 15.8303 5435.56 1240.98 547.97
internal_count=231572 38407 13122 25285 25262 5052 193165 144513 103805 2475 2395 48652 34703 21364 17668 840 13339 8989 231 132 101330 5653 5401 2368 1999 3703 138 40708 9285 3944
cat_boundaries=0 1 2
cat_threshold=2 161
is_linear=0
shrinkage=0.04


Tree=148
num_leaves=31
num_cat=5
split_feature=0 19 31 22 13 19 27 18 19 27 6 9 1 19 17 1 26 14 27 5 27 26 8 11 9 14 11 26 1 25
split_gain=13.3163 16.7541 12.1592 11.9663 10.8295 10.4767 11.2048 8.709 11.7872 11.0561 10.5861 8.84083 10.1175 9.73716 13.0054 10.5069 9.18132 9.0139 8.84138 8.75849 8.67043 8.61686 8.21881 7.95709 9.54598 9.466 10.7418 8.26105 7.9497 8.39782
threshold=3.5000000000000004 0 2.5000000000000004 17.814166666666676 0.68333333333333346 1 -0.56999999999999995 0.36666666666666675 2 2.6326666666666676 11.190000000000001 37.500000000000007 22.190000000000001 3 0.23611111111111113 12.880000000000001 4.5450000000000008 0.45023148148148157 -0.52166666666666595 2.5000000000000004 1.7933333333333334 6.0750000000000011 3.5000000000000004 2.5000000000000004 22.500000000000004 0.016666666666666653 6.5000000000000009 6.6950000000000012 19.265000000000004 4
decision_type=2 1 2 2 10 1 2 10 1 2 2 2 2 1 10 2 2 10 2 2 2 2 2 2 2 10 2 2 2 9
left_child=7 3 -3 -2 -5 6 21 -1 10 -10 19 16 13 -13 15 -15 -12 22 -18 -9 -19 -4 -14 27 25 -25 -27 -8 -7 -30
right_child=1 2 5 4 -6 28 23 8 9 -11 11 12 17 14 -16 -17 18 20 -20 -21 -22 -23 -24 24 -26 26 -28 -29 29 -31
leaf_value=8.6171103499241985e-05 -0.0079495691352053297 -0.0026624987333475243 -0.006916311934588232 -0.002941893279913262 0.015324677772840165 -0.010547719862047627 0.015890689167247823 -0.019859176049575582 -0.00014144017068991292 0.025786025178635447 0.031146102335948073 -0.0076841250776948757 0.0040460891309104649 0.025173546698083422 0.016593260794496367 0.1010425329723201 -0.017238510034304769 0.0069441835432992871 0.008403770052711014 0.0049213574371418526 0.052736392177855099 0.067069475555701585 -0.003851681716935128 -0.018868847942239819 0.0033577248821844937 0.013803490166039319 0.10425909051275253 -0.010153796146029051 -0.0055746219361407102 0.0013969423393653726
leaf_weight=12799.455037188716 940.51354633062147 2431.3652946380898 164.19446509820409 220.05095023103058 67.969480723142624 126.82514402875677 166.09249033313245 50.404683757573366 2093.7188530433923 26.649809777736664 27.57025583088398 22.744000291451812 505.89961543306708 5.8420619182288629 54.494344528764486 5.8402089215815067 22.175585029646754 18.214147970080379 721.43973499536514 41.700511587783694 10.389324225485323 2.5579153373837462 361.45182851329446 3.1900889510288826 916.82678298186511 3.9409228563308698 4.4979340098798275 22.076011778786778 344.61261541070417 1244.5040320025291
leaf_count=91723 20962 42103 6596 2263 482 2171 2172 275 12702 131 245 142 3092 40 320 41 216 90 4149 273 48 71 2362 59 11816 41 54 190 5800 20787
internal_value=-7.21086e-06 -0.00152049 -0.000559281 -0.0057184 0.00136881 0.00114381 0.00386022 0.000593773 0.00223091 0.000183563 0.00455415 0.00527211 0.00276065 0.0156297 0.0215475 0.063102 0.00847947 0.00148344 0.00763908 -0.00863982 0.0235768 -0.0057814 0.000754847 0.00533463 0.00381451 0.0398278 0.0620166 0.0128351 -0.000905058 -0.000141186
internal_weight=23427.2 6659.22 5430.68 1228.53 288.02 2999.32 1283.38 16768 3968.53 2120.37 1848.17 1756.06 984.876 88.9206 66.1766 11.6823 771.186 895.955 743.615 92.1052 28.6035 166.752 867.351 1116.62 928.456 11.6289 8.43886 188.169 1715.94 1589.12
internal_count=231416 115567 91860 23707 2745 49757 20999 115849 24126 12833 11293 10745 6135 543 401 81 4610 5592 4365 548 138 6667 5454 14332 11970 154 95 2362 28758 26587
cat_boundaries=0 1 2 3 4 5
cat_threshold=10880000 1695811 13420643 4458496 2
is_linear=0
shrinkage=0.04


Tree=149
num_leaves=31
num_cat=0
split_feature=7 20 11 5 29 0 18 13 6 14 8 14 3 9 14 3 18 6 20 29 29 9 26 5 26 3 3 31 7 9
split_gain=16.0856 14.0681 17.5274 11.5854 12.7216 11.4119 11.4038 11.8107 11.2459 10.9303 10.1463 16.2832 12.1356 13.9585 17.1107 10.312 12.5285 10.2631 14.0425 10.1364 9.84246 13.9633 16.3391 14.8759 11.0359 9.71021 9.66048 9.96439 9.65053 9.552
threshold=1.8208333333333313 14.540000000000001 1.5000000000000002 2.5000000000000004 5.2650000000000006 5.5000000000000009 0.55000000000000016 0.43650793650793657 53.760000000000012 0.16490740740740747 1.5000000000000002 0.15535714285714286 6.6650000000000009 22.500000000000004 -0.053637566137566144 6.745000000000001 0.36666666666666675 48.815000000000005 31.770000000000007 8.5350000000000019 4.9050000000000011 28.500000000000004 6.3650000000000011 2.5000000000000004 5.0850000000000009 6.7150000000000007 6.6450000000000005 5.5000000000000009 -15.509166666666667 22.500000000000004
decision_type=2 2 2 2 2 2 8 10 2 10 2 10 2 2 10 2 10 2 2 2 2 2 2 2 2 2 2 2 2 2
left_child=1 2 3 -1 28 29 7 10 19 -4 11 12 13 14 -2 16 -14 18 -18 -8 21 -12 -23 -24 -22 -19 27 -7 -5 -3
right_child=6 5 9 4 -6 26 8 -9 -10 -11 20 -13 15 -15 -16 -17 17 25 -20 -21 24 22 23 -25 -26 -27 -28 -29 -30 -31
leaf_value=-0.008483100809761026 0.15593489611751837 0.0078348094526311494 -0.012727213571047431 0.099421545545479426 0.13293346046645671 0.0084829771837979066 0.006487252776105369 -0.0011604768058501279 -0.010298358523987187 0.043552907364294534 0.004467946092258963 0.018494476310758255 -0.0051546614077478689 0.011194466391536798 0.012219112520573668 0.0037874804275696066 0.046305270647659942 0.076377656101347627 -0.008534941805287426 0.041047771743825671 0.0086543053148063816 -0.0060031621926022495 -0.00074452407775296204 0.062836090816518725 0.00070197241233073838 0.0089336039362337468 -0.0065568218051867038 0.084590369152798495 0.013389275959686971 -0.00042471433899810132
leaf_weight=37.466371634276584 2.4052542392164469 227.96577116008848 344.44327929033898 2.1866736640222362 1.5738351922482241 31.589959459379315 775.6820246274583 2843.793114522472 64.344346603844315 5.6112740337848654 343.2007711220067 116.3437746912241 423.77857372839935 175.4513220731169 2.9526603333652011 1741.8596369018778 9.9432740658521634 7.3826566785573942 30.044019315391779 13.820107351988552 354.41283605992794 837.30945804901421 13.214662928134205 10.619176040403543 1315.9404217861593 6.356241712346673 672.84101637452841 3.0151431988924733 45.385832323459908 12972.515948270448
leaf_count=752 78 2104 11582 61 27 545 5478 21384 448 70 5867 759 3995 1341 25 18803 98 53 220 81 3987 10320 83 90 10537 48 19944 48 1421 111194
internal_value=6.49104e-05 -0.00076929 -0.0078388 0.00827211 0.0210453 -0.000547329 0.0013815 0.000925263 0.00578171 -0.0118251 0.00202546 0.00388013 0.00317173 0.0131366 0.0767354 0.0023599 -0.00284768 0.0153492 0.00510167 0.00709223 0.000401878 -0.00235454 -0.00507358 0.0275838 0.00238929 0.045175 -0.00549677 0.0151142 0.0173438 -0.000282076
internal_weight=23433.4 14344.6 436.667 86.6127 49.1463 13907.9 9088.85 8235.01 853.846 350.055 5391.21 2516.52 2400.17 180.809 5.35791 2219.36 477.505 53.7262 39.9873 789.502 2874.7 1204.34 861.143 23.8338 1670.35 13.7389 707.446 34.6051 47.5725 13200.5
internal_count=231443 147748 13913 2261 1509 133835 83695 77688 6007 11652 56304 25420 24661 1444 103 23217 4414 419 318 5559 30884 16360 10493 173 14524 101 20537 593 1482 113298
is_linear=0
shrinkage=0.04


Tree=150
num_leaves=31
num_cat=0
split_feature=4 0 24 23 11 2 3 20 29 9 29 29 12 4 29 5 1 22 9 4 0 9 4 28 3 9 14 9 27 22
split_gain=14.887 12.4412 21.126 16.1775 12.0625 11.0006 12.3909 10.5243 17.1114 17.1573 14.8971 18.3839 10.7305 11.4816 13.068 11.1975 12.9865 18.0084 13.7004 14.2951 10.534 10.2024 10.7291 10.2941 18.1794 9.83995 9.68255 10.9978 9.74075 10.277
threshold=-0.10999999999999986 1.5000000000000002 1.5000000000000002 3.5000000000000004 11.500000000000002 1500.0000000000002 7.0450000000000008 53.585000000000008 5.4350000000000014 62.500000000000007 8.0550000000000015 6.995000000000001 3.6125000000000003 0.036666666666665744 2.9350000000000005 1.5000000000000002 11.565000000000001 -18.884166666666662 56.500000000000007 -0.018166666666666661 5.5000000000000009 55.500000000000007 0.033333333333333666 5.5000000000000009 6.8750000000000009 64.500000000000014 0.31679894179894191 34.500000000000007 -0.14449999999999982 1.0708333333333331
decision_type=2 2 2 2 2 2 2 2 2 2 2 2 10 2 2 2 2 2 2 2 2 2 2 2 2 2 10 2 2 2
left_child=-1 4 3 26 5 6 -2 12 -9 10 11 -10 -4 14 15 16 17 -14 19 -18 21 22 -16 -24 -25 -7 27 28 29 -3
right_child=1 2 7 -5 -6 25 -8 8 9 -11 -12 -13 13 -15 20 -17 18 -19 -20 -21 -22 -23 23 24 -26 -27 -28 -29 -30 -31
leaf_value=0.0069346708364043689 -0.01265036440049881 0.031770557488243513 0.0015781007054012359 -0.0060666284551504799 0.0063446496732978046 0.0010148731069834918 0.0094922014623076666 0.013596886106305189 -0.010222491061124746 0.0444786819739812 -0.024626136427385207 0.0021746362635205311 0.015355418876568938 -0.0070783359776853917 -0.0004639312425752831 0.0027378324070270331 0.0095435021839414685 0.1551896711664596 0.1198667378711242 0.10988692335724559 -0.01522910780055633 -0.012214467766291863 0.015932705281048679 0.0038704771817910416 0.19214522193315961 -0.029047975829965541 0.0050118601594566561 -0.0035351586712141217 0.00024575887343341874 0.0049157784082858079
leaf_weight=488.05834531318396 185.1317016929388 33.094423167873174 6264.5847664684989 1730.3284690696746 650.82680642604828 7347.9776640534401 51.735744215548038 82.543757029809058 421.20975582394749 10.857057075947521 64.317407671362162 350.77069213148206 3.3871373245492578 479.10642583970912 1507.982615032699 256.41407814528793 75.88566993130371 2.6082884743809691 1.9507056679576624 2.3416840175632379 86.444434576202184 118.47311688680202 21.92461167275906 1.7581665161997073 1.5387212689965961 17.461581185460091 349.49065060913563 2113.3796636788175 674.09728935733438 73.302058467175812
leaf_count=2970 826 788 67732 33729 3137 33565 238 627 3121 70 463 2535 86 12719 19814 8558 1979 46 29 65 4124 1842 358 53 45 78 2114 22777 5789 1329
internal_value=2.17128e-05 -0.000125101 -0.000821804 -0.00294336 0.00111817 0.000670736 -0.00781406 0.000259994 -0.00378796 -0.00548187 -0.00613048 -0.00458951 0.000686467 -0.00149561 -0.000210124 0.00693011 0.0194045 0.0761898 0.0151583 0.0125472 -0.00161748 -0.000905083 -3.11889e-05 0.0258423 0.0917419 0.000943602 -0.0012771 -0.00203661 0.00202107 0.0132689
internal_weight=23469 22980.9 14727.8 4973.69 8253.13 7602.31 236.867 9754.1 929.699 847.155 836.298 771.98 8824.4 2559.82 2080.71 342.588 86.1735 5.99543 80.1781 78.2274 1738.12 1651.68 1533.2 25.2215 3.29689 7365.44 3243.36 2893.87 780.494 106.396
internal_count=231606 228636 190792 66526 37844 34707 1064 124266 6816 6189 6119 5656 117450 49718 36999 10763 2205 132 2073 2044 26236 22112 20270 456 98 33643 32797 30683 7906 2117
is_linear=0
shrinkage=0.04


Tree=151
num_leaves=31
num_cat=2
split_feature=0 15 0 24 20 27 21 24 29 11 14 5 7 16 20 18 30 3 20 26 20 18 9 10 29 21 11 20 27 1
split_gain=15.9808 11.5682 10.131 14.726 12.2875 20.8172 13.6657 12.2513 14.9396 12.7471 16.4979 11.9532 14.682 11.6756 11.4642 27.6014 11.1903 11.0094 11.4371 10.7409 10.2894 10.0687 10.0459 14.3863 15.0806 10.1845 10.159 10.1078 21.5112 11.352
threshold=5.5000000000000009 4.5000000000000009 1.5000000000000002 1.5000000000000002 53.585000000000008 0.99666666666666648 29.830000000000002 2.5000000000000004 5.8850000000000007 4.5000000000000009 0.13333333333333341 5.5000000000000009 5.4583333333333384 0.77500000000000013 19.775000000000002 0.36666666666666675 0 6.5750000000000011 46.350000000000009 6.9450000000000012 57.455000000000005 0.77500000000000013 48.500000000000007 1 5.8050000000000006 43.190000000000005 11.500000000000002 48.220000000000006 1.1291666666666667 34.865000000000002
decision_type=2 8 2 2 2 2 2 2 2 2 8 2 2 10 2 10 1 2 2 2 2 10 2 1 2 2 2 2 2 2
left_child=2 22 3 13 7 -6 19 9 -9 -4 11 -11 -13 -1 15 -12 21 -10 -19 -7 -21 -8 26 -24 27 -26 -2 28 29 -25
right_child=1 -3 4 -5 5 6 16 8 17 10 14 12 -14 -15 -16 -17 -18 18 -20 20 -22 -23 23 24 25 -27 -28 -29 -30 -31
leaf_value=0.0028371599638081003 -0.0037546760555727289 -0.014375661007019855 0.00096974574631992084 0.00010170188439853511 -0.011808685740064356 0.039004371044898942 0.0016404334184992276 -0.00032598108428577647 0.035860842854834873 -0.003292207293406364 0.012954885037731862 -0.015672381285043724 0.0067946117403236894 0.01179007423903871 0.0009083854658336227 0.16355915153506853 -0.0062625395537289066 0.0060133355357788864 3.8294274051280492e-05 -0.012480567279666996 0.021082098832808618 0.032101878970053219 -0.0044511890534406151 0.10291987755821208 -0.02097999099168403 0.018530460841688984 -0.022923594436879233 0.026181714426201513 0.20004894828150011 -0.042010721228520648
leaf_weight=2619.2225297540426 829.79946111538447 163.2915040559601 2685.0296888486482 5504.3862656280398 395.67787096276879 21.665337987244129 317.10079208388925 3393.0221472345293 17.135102763772011 2704.7068593744189 12.632805400528012 254.62045130180195 56.947373466100544 255.82393392175436 1225.7963422518224 2.3018134031444779 468.5603345669806 1307.3509322581813 843.13662544451654 26.424933291971684 32.700721643865108 18.367417231202126 111.29932029638439 1.9403930502012356 12.65903158020228 59.50637964066118 46.726911833975464 6.6295055635273457 2.1090891174972057 1.5598315568640826
leaf_count=12086 18578 13203 29318 25059 3925 130 1713 44804 100 36829 239 5668 1090 1319 9536 30 2540 11695 6107 143 189 90 4020 87 187 659 1796 83 21 56
internal_value=-3.00689e-05 -0.00445752 0.000216753 0.00131359 -0.000450066 -0.00418196 -0.000771397 -6.78537e-05 0.00133118 -0.0011885 -0.00254977 -0.00414685 -0.0115659 0.0036338 0.00133279 0.0361669 -0.00234717 0.00392518 0.00367072 0.0149106 0.00608199 0.00321248 -0.00294707 0.0052469 0.0165963 0.0115997 -0.00477656 0.0596192 0.0991381 0.0383334
internal_weight=23398.1 1235.52 22162.6 8379.43 13783.2 1280.5 884.82 12502.7 5560.64 6942.04 4257.01 3016.27 311.568 2875.05 1240.73 14.9346 804.029 2167.62 2150.49 80.791 59.1257 335.468 1072.23 195.704 84.4042 72.1654 876.526 12.2388 5.60931 3.50022
internal_count=231300 38690 192610 38464 154146 8730 4805 145416 62706 82710 53392 43587 6758 13405 9805 269 4343 17902 17802 462 332 1803 25487 5113 1093 846 20374 247 164 143
cat_boundaries=0 1 2
cat_threshold=326 6
is_linear=0
shrinkage=0.04


Tree=152
num_leaves=31
num_cat=6
split_feature=0 27 6 19 9 7 16 20 11 14 1 28 3 19 29 19 12 4 7 7 12 24 30 6 1 28 4 16 19 19
split_gain=13.5658 13.1947 15.945 15.366 13.7653 11.4233 12.6438 11.98 19.9899 11.6562 10.6203 10.5393 17.0904 11.7785 16.4136 11.2666 10.6841 10.8065 25.1668 9.94354 12.2179 12.1466 10.277 11.0221 11.3781 10.6007 9.78639 12.9069 17.9185 12.1704
threshold=5.5000000000000009 -1.3249999999999997 27.735000000000003 0 36.500000000000007 9.3441666666666681 0.22500000000000003 16.475000000000005 5.5000000000000009 -0.17043650793650789 31.845000000000002 5.5000000000000009 6.995000000000001 1 1.0200000000000002 2 4.6458333333333348 -0.015000000000000123 2.036666666666664 9.3441666666666681 2.8452380952380958 1.0000000180025095e-35 3 35.82500000000001 22.665000000000003 1.5000000000000002 -0.015499999999999845 0.45000000000000007 4 5
decision_type=2 2 2 1 2 2 10 2 2 8 2 2 2 1 2 1 8 2 2 2 10 2 1 2 2 2 2 10 1 1
left_child=1 2 -1 5 11 -4 7 9 -9 -7 -11 15 13 14 -13 -3 -15 -18 -19 22 -21 -22 23 -17 -25 -26 29 -28 -29 -2
right_child=26 4 3 -5 -6 6 -8 8 -10 10 -12 12 -14 16 -16 19 17 18 -20 20 21 -23 -24 24 25 -27 27 28 -30 -31
leaf_value=-0.017458324097861352 -0.0077585451358946726 -0.00018067646417648883 0.0016036983234447317 -0.0092306310554521546 -0.00025124515542213679 -0.0037481696424954353 -0.010761322265640116 0.1769179030991351 0.036824876572402111 0.11143694390188005 0.019657650523563327 0.053935018499630644 -0.02586095065861942 -0.00047261006355009573 0.014043377635377878 0.0016080890971319267 -0.00013190981190798736 0.015901109894523806 0.16137678916498058 -4.3235991385179918e-05 0.056198476031333995 0.011756588806763493 0.0036105747436013151 0.024130130164245835 -0.020708652177041605 -0.0043330312957455541 -0.011803614208120625 -0.01151129125436225 0.0074290401082045751 0.0046530876551761089
leaf_weight=137.55586496833712 188.07320763380267 3480.5355153232813 195.63722985470667 220.50579922180623 13527.860057489015 10.529189220629631 10.648134749382733 2.4747376963496199 4.7723665367811918 3.5903080804273539 4.6042673168703914 18.320743396878242 22.179715206846595 167.51981754321605 166.32248501386493 825.5748849613592 8.0359599590301531 5.699844788759945 2.8560899347066879 174.7316468693316 10.187018947675822 288.76195584516972 2586.1228412669152 17.95237441174686 85.323845960199833 244.47908549662679 396.39089260948822 131.49796961527318 173.84300608886406 339.38617188972421
leaf_count=3889 4476 27386 4875 5477 112909 319 167 32 87 68 66 254 353 2202 2219 6520 101 111 49 1076 70 2126 20146 135 479 1997 20008 3016 3557 7469
internal_value=0.000142489 0.000368746 -0.00553151 -0.00190797 0.000529756 0.00521703 0.025946 0.0409961 0.0846638 0.0240943 0.0598691 0.00183337 0.00824071 0.0102918 0.0170767 0.00150864 0.00242803 0.0331777 0.0644629 0.00289121 0.00835963 0.013271 0.0022099 -0.000900413 -0.00688152 -0.00856959 -0.00394807 -0.00704242 -0.000861487 0.000168666
internal_weight=23452 22222.8 590.318 452.762 21632.5 232.256 36.619 25.9709 7.2471 18.7238 8.19458 8104.6 390.935 368.755 184.643 7713.67 184.112 16.5919 8.55593 4233.13 473.681 298.949 3759.45 1173.33 347.755 329.803 1229.19 701.732 305.341 527.459
internal_count=231639 193113 14980 11091 178133 5614 739 572 119 453 134 65224 5289 4936 2473 59935 2463 261 160 32549 3272 2196 29277 9131 2611 2476 38526 26581 6573 11945
cat_boundaries=0 1 2 3 4 5 6
cat_threshold=3773086 3643542 8065252 265 12735900 10754629
is_linear=0
shrinkage=0.04


Tree=153
num_leaves=31
num_cat=1
split_feature=4 0 17 30 7 24 6 27 1 14 18 29 27 14 22 23 22 1 27 14 28 22 21 24 12 14 28 17 7 27
split_gain=11.0875 12.5928 12.6644 11.7963 9.91387 11.9546 14.867 17.0457 11.9413 11.788 9.89066 9.50968 11.0689 9.96607 9.49221 11.5707 9.34649 8.9628 16.1493 10.8728 9.01054 12.7379 8.8803 8.63102 8.96356 8.55294 9.59235 14.0405 11.8988 17.0396
threshold=-0.10999999999999986 5.5000000000000009 0.78888888888888908 0 -6.8600000000000003 4.5000000000000009 22.615000000000006 -1.0000000180025095e-35 43.495000000000005 0.500462962962963 1.0000000180025095e-35 5.8450000000000006 -0.70333333333333259 0.2148148148148149 -3.4408333333333334 5.5000000000000009 18.399166666666673 33.005000000000003 0.4140000000000002 -1.0000000180025095e-35 4.5000000000000009 -0.16183333333333569 21.395000000000003 7.5000000000000009 3.683333333333334 -0.35727513227513213 4.5000000000000009 0.15476190476190479 -5.8849999999999989 -0.80449999999999966
decision_type=2 2 10 1 2 2 2 2 2 10 8 2 2 10 2 2 2 2 2 8 2 2 2 2 10 8 2 8 2 2
left_child=3 4 16 14 5 9 11 -8 -6 10 -2 12 -7 -13 15 -1 -3 18 19 20 21 22 -14 -19 -25 -10 -27 28 29 -28
right_child=1 2 -4 -5 8 6 7 -9 25 -11 -12 13 17 -15 -16 -17 -18 23 -20 -21 -22 -23 -24 24 -26 26 27 -29 -30 -31
leaf_value=-0.013956809483343156 -0.0063940498300214697 -0.006945005208489988 0.043800606983053658 0.0012353189575773106 -7.9018155929050374e-05 -0.010617010535086189 -0.019193393773930409 0.0042631577311566119 -0.041328160129453187 0.03101498401866163 -0.0014403127885017609 -0.0072647977556016445 0.073555047806637422 0.025841211600746494 0.02178393499250059 0.030235229749901015 0.00098941105658153865 0.0018962470616537294 0.012559070378920534 0.028296714640735687 0.13016644011652689 0.10235277335437661 -0.018370122005565929 0.01148188668412788 0.088940057057331642 0.0023534139786099699 0.14814137622074286 -0.0011263694816340533 0.015737776389154471 0.013527441754024707
leaf_weight=30.42013880237937 1068.7146854274906 847.69621972669847 8.6697548106312734 332.68009454151616 17190.845599758439 17.943033415824175 71.96530831605196 159.27289002388716 6.7190247834660113 16.014614209532738 1626.0943951630034 59.573359737172723 3.0217367690056589 19.250128988176584 109.27826458588243 13.770945496391503 330.01849447097629 38.550095973536372 29.976574838161469 14.380424140021207 3.771647870540618 5.9939689300954333 3.790801702067256 5.7117952704429609 4.1106916479766369 1178.4520069081336 2.6812204760499299 99.994005729444325 161.75283763324842 3.4281928800046435
leaf_count=242 11940 34082 63 2022 148591 359 995 1128 107 85 13975 444 45 109 604 118 4063 351 193 132 48 64 46 53 40 8488 54 1189 2390 43
internal_value=-0.000227306 -0.000353778 -0.00436704 0.00575056 -0.000135291 -0.00221152 0.00392547 -0.00303692 0.000215292 -0.00320154 -0.00340488 0.011738 0.0185009 0.000820292 0.0145123 -0.000185566 -0.00472163 0.0232806 0.0334858 0.0537488 0.0758268 0.0598232 0.0224038 0.0104251 0.043898 0.0036973 0.00390647 0.0107392 0.0178075 0.0726051
internal_weight=23464.5 22978.4 1186.38 486.149 21792 3148.14 437.312 231.238 18643.9 2710.82 2694.81 206.074 127.251 78.8235 153.469 44.1911 1177.71 109.308 60.9352 30.9586 16.5782 12.8065 6.81254 48.3726 9.82249 1453.03 1446.31 267.856 167.862 6.10941
internal_count=232063 229077 38208 2986 190869 30007 4007 2123 160862 26000 25915 1884 1331 553 964 360 38145 972 528 335 203 155 91 444 93 12271 12164 3676 2487 97
cat_boundaries=0 1
cat_threshold=353
is_linear=0
shrinkage=0.04


Tree=154
num_leaves=31
num_cat=6
split_feature=9 21 28 19 19 26 1 14 3 19 6 19 12 26 6 19 1 29 26 6 14 9 1 21 19 4 9 14 27 22
split_gain=14.9131 14.4931 25.7226 21.349 13.6964 13.4779 15.3148 20.176 13.1334 12.687 12.5046 16.8242 14.5524 11.7836 11.4255 11.2015 10.9771 12.5756 10.8434 18.5752 10.755 10.7104 10.6582 10.7063 10.4134 10.2353 9.89926 9.83169 9.8166 9.75288
threshold=36.500000000000007 26.650000000000002 1.5000000000000002 0 1 5.1250000000000009 60.265000000000008 0.0092592592592592882 6.745000000000001 2 30.395000000000003 3 3.0500000000000003 4.9250000000000007 41.985000000000007 4 42.120000000000012 5.1850000000000014 2.8850000000000002 57.235000000000007 0.12962962962962971 55.500000000000007 39.265000000000008 22.265000000000004 5 0.061666666666666987 22.500000000000004 -0.064880952380952414 -2.5758333333333323 -5.7199999999999962
decision_type=2 2 2 1 1 2 2 8 2 1 2 1 8 2 2 1 2 2 2 2 10 2 2 2 1 2 2 8 2 2
left_child=9 2 3 -2 8 6 10 27 -4 18 15 13 16 21 -15 -3 17 -13 19 -1 -18 25 -5 -24 -7 -12 -20 -8 -11 -26
right_child=1 5 4 22 -6 24 7 -9 -10 28 11 12 -14 14 -16 -17 20 -19 26 -21 -22 -23 23 -25 29 -27 -28 -29 -30 -31
leaf_value=-0.014186101326023473 0.017590467127140363 0.0046367712768666854 0.0049554330219472031 -0.0055962208752943464 -0.0068300020603036639 0.00075584203311922454 0.044481732186769068 -0.015548020597426214 -0.0037438082719148109 -0.022513860193065977 0.011329641971289382 -0.0092087723917173778 -0.00097312051985290774 0.027630860367203934 0.0012019360323554846 -0.0063789037308362075 0.10091512542108123 0.023788915582881071 0.012301564646652115 0.12269769752772758 0.011531015966426836 -0.0096081650314512913 0.027004410410352602 -0.018598090534183508 -0.0093344065813483184 -0.021342873976051242 0.0028690230470920508 0.12811874064872991 0.00011192225139640558 -0.0015297775321166773
leaf_weight=79.392854800447822 154.17406783625484 235.46421755757183 379.02452729316428 186.86836969666183 1605.9639080227353 4166.3085462138988 5.2907036291435361 5.7365941302850851 1038.416459034197 30.868166835280135 309.54457627981901 29.217887538485229 668.7019333797507 100.17440352588892 35.428135617170483 365.25226997025311 4.6047266451641899 50.278074426576495 187.37399508384988 1.6185006801970292 4.0465771853923798 53.453377595636994 34.316643457859755 10.839030243456362 270.75891821878031 16.141037594527006 3565.4061144245788 3.9112818287685478 5068.0361001449637 4758.4193412070163
leaf_count=4707 990 3020 4046 1232 21394 32238 69 59 14597 3605 3582 337 7820 1057 319 4848 61 519 2135 53 37 670 237 72 3197 370 32123 40 50719 37395
internal_value=-4.98463e-07 -0.000792866 -0.00307343 0.00664751 -0.00431515 -9.12498e-05 0.00298783 0.0433278 -0.00140769 0.00128503 0.00266597 0.00491278 0.00102709 0.010404 0.0207259 -0.00209007 0.0163176 0.011661 0.00301955 -0.0114513 0.0591064 0.00698674 -0.00132483 0.0160581 -0.000723188 0.00971039 0.00333998 0.0800314 -2.50025e-05 -0.00194609
internal_weight=23425 14492.3 3409.6 386.198 3023.4 11082.7 1887.25 14.9386 1417.44 8932.7 1872.31 1271.59 756.849 514.742 135.603 600.716 88.1473 79.496 3833.79 81.0114 8.6513 379.139 232.024 45.1557 9195.49 325.686 3752.78 9.20199 5098.9 5029.18
internal_count=231548 138206 42568 2531 40037 95638 22808 168 18643 93342 22640 14772 8774 5998 1376 7868 954 856 39018 4760 98 4622 1541 309 72830 3952 34258 109 54324 40592
cat_boundaries=0 1 2 3 4 5 6
cat_threshold=1634465 5786293 61322 8540537 14816774 8192620
is_linear=0
shrinkage=0.04


Tree=155
num_leaves=31
num_cat=0
split_feature=12 8 20 11 26 12 20 27 4 3 7 26 14 12 3 27 14 18 0 14 9 27 3 26 9 21 8 20 14 0
split_gain=11.9688 11.3074 11.9606 17.7723 15.0455 12.9179 12.7894 19.468 11.3789 12.019 9.9449 9.82111 9.12368 9.03286 19.5809 8.88256 13.8828 8.70161 9.84288 13.3054 8.3701 8.3609 8.9022 10.7401 16.3601 9.77998 8.10316 10.8702 17.0645 7.70898
threshold=5.4722222222222232 3.5000000000000004 14.540000000000001 1.5000000000000002 3.5950000000000002 4.4365079365079376 15.570000000000002 -0.95333333333333325 0.091666666666667243 7.0250000000000012 -2.2483333333333362 3.4950000000000006 -0.088888888888888851 4.6125000000000007 6.785000000000001 -0.13499999999999931 -0.090740740740740691 1.0000000180025095e-35 2.5000000000000004 -0.077777777777777779 51.500000000000007 2.2908333333333339 6.5650000000000004 4.9650000000000007 38.500000000000007 44.015000000000008 4.5000000000000009 16.475000000000005 -0.067658730158730182 1.5000000000000002
decision_type=10 2 2 2 2 10 2 2 2 2 2 2 10 8 2 2 10 10 2 8 2 2 2 2 2 2 2 2 10 2
left_child=1 29 3 17 5 26 -7 11 21 10 -10 -8 -5 -14 -15 -11 -17 -3 -19 -20 -2 22 23 -6 25 -25 27 -4 -29 -1
right_child=20 2 4 12 8 6 7 -9 9 15 -12 -13 13 14 -16 16 -18 18 19 -21 -22 -23 -24 24 -26 -27 -28 28 -30 -31
leaf_value=0.0021905121092817424 -0.020507613179463573 0.0049042513377309267 -0.00082953789323522503 -0.019439711954164215 0.052677791185107188 0.0026588239562908215 0.000833750983983988 0.12830010415480711 -0.025649036938699514 -0.022535813282912823 0.0033908185280457181 0.086924533633986056 -0.0069613982854433544 0.13321966034218558 -0.0060066345904317801 0.065801726052245671 0.0030517919112586236 0.0029622320854541524 -0.011658403857096966 0.14190482327602033 0.074766250003626938 0.0069009940878144915 -0.00091123084903569425 0.048899808782683511 -0.031117274134156162 -0.0041424273051695135 -0.0097148526317637103 -0.0015100818542669418 0.14371680250690491 0.00013604224158977868
leaf_weight=4455.826137855649 57.087010077666491 46.366269673220813 7.391530071385203 155.21666154125705 10.339769061654804 7.9257099642418352 5.9932097545824945 5.1465188250876936 83.095636765938252 14.259312118869273 24.411223557777703 3.2807470788247883 63.725322083104402 2.4138757623732081 4.8913875860162079 6.9022859567776313 30.875236400403082 3.6920855902135363 1.3277618801221249 2.8203659038990736 1.5145185175351787 229.26617802679539 9607.3751521878876 13.05843621119857 12.192396292462943 9.6880918052047473 22.628958588000387 2.4671631786040962 2.7237187316641212 8490.633431365015
leaf_count=20470 5247 1060 121 5128 83 147 143 75 1382 366 362 65 1221 48 111 91 339 35 45 71 22 1189 93500 82 78 64 397 46 46 99108
internal_value=9.21837e-06 5.45766e-05 -0.000929004 -0.00907714 -0.000702727 0.0196898 0.043477 0.0659114 -0.000819617 -0.0114169 -0.0190551 0.0312892 -0.0140059 -0.00213179 0.0399979 0.00436348 0.0145168 0.0114944 0.0504681 0.0927512 -0.0180453 -0.000648524 -0.000827838 0.0168668 0.0062689 0.0263083 0.00459369 0.030327 0.0746922 0.000843136
internal_weight=23384.5 23325.9 10379.5 280.454 10099 57.5576 22.3462 14.4205 10041.5 159.544 107.507 9.27396 226.247 71.0306 7.30526 52.0368 37.7775 54.2065 7.84021 4.14813 58.6015 9881.92 9652.65 45.2787 34.9389 22.7465 35.2114 12.5824 5.19088 12946.5
internal_count=231142 225873 106295 7719 98576 1040 430 283 97536 2540 1744 208 6508 1380 159 796 430 1211 151 116 5269 94996 93807 307 224 146 610 213 92 119578
is_linear=0
shrinkage=0.04


Tree=156
num_leaves=31
num_cat=5
split_feature=27 27 19 0 19 13 14 29 29 21 28 19 1 20 13 14 14 26 0 5 20 19 29 27 19 6 26 20 5 29
split_gain=12.4562 10.2528 12.1377 11.1036 13.2621 10.6147 14.0909 9.64529 9.49971 13.7891 11.0589 12.6952 13.3345 11.1592 12.653 10.2526 9.56446 10.0792 18.5588 9.17581 9.042 14.4161 13.5591 9.54479 9.29432 10.7642 9.21731 8.66658 8.53835 9.01881
threshold=-2.4324999999999988 2.0400000000000009 0 5.5000000000000009 1 0.47222222222222227 0.500462962962963 5.1850000000000014 2.4050000000000007 11.215000000000002 5.5000000000000009 2 38.305000000000007 8.8400000000000016 1.0000000180025095e-35 0.4335978835978837 0.029629629629629627 4.3650000000000011 1.5000000000000002 3.5000000000000004 53.585000000000008 3 4.8350000000000009 0.35083333333333316 4 12.590000000000002 4.2250000000000005 14.540000000000001 5.5000000000000009 4.1050000000000013
decision_type=2 2 1 2 1 10 10 2 2 2 2 1 2 2 10 10 8 2 2 2 2 1 2 2 1 2 2 2 2 2
left_child=7 3 5 8 19 -3 -7 -1 -2 15 20 12 13 14 -12 -10 -14 18 -18 -5 24 -22 -23 -24 -11 26 -26 -15 -13 -30
right_child=1 2 -4 4 -6 6 -8 -9 9 10 11 28 16 27 -16 -17 17 -19 -20 -21 21 22 23 -25 25 -27 -28 -29 29 -31
leaf_value=-0.020297559002587492 0.002943355893557268 0.018735044015875939 -6.7319543414697366e-05 0.0050171200750743555 -0.0082396448757719332 0.0017837951807374748 0.029539062347686183 0.038622941633064033 -0.0053304961699471255 0.0012061842180846548 0.12038481936478793 0.0096775365130096751 0.0048244667179335246 -0.025308936738115247 0.0016716936805652211 0.063754647050326713 0.0047635117243145968 0.016347053617034167 0.13240639248407932 -0.0060602911917574231 -0.0092593183849644534 0.042172904333617922 -0.010452013151850289 0.00058826356985122296 0.020807046410593499 -0.00044807658198556927 -0.0071081309380067537 -0.0036999264075382311 0.023646680018741106 -0.012910673816372148
leaf_weight=69.198631896870211 1578.2165249097161 129.13416253775358 539.62847205251455 303.29736351408064 580.16094634309411 256.80708211660385 33.030519723892212 4.7504833997227243 913.83899577381089 6150.5151665313169 2.4037148607894769 516.68367345817387 90.467797180637717 32.707301009446383 3.570188139565289 3.4500087350606909 3.4447493404150036 17.420767663046718 3.8701634667813778 197.58579852827825 440.65949373133481 11.722477231174706 148.03088141046464 815.69120205193758 19.607485758140683 9544.7540649436414 543.98201464209706 322.54273914173245 13.537483549676834 53.345252827741206
leaf_count=7194 17779 676 2820 7340 18955 1311 160 58 10807 49350 53 7195 1409 638 89 20 15 190 74 7642 2986 74 1321 5009 254 76791 4295 4786 373 1220
internal_value=-0.000121837 -6.97498e-05 0.00398092 -0.000243785 -0.00419822 0.00898221 0.00494685 -0.0165125 -4.24266e-05 -0.000282206 -4.77571e-05 0.00392065 -0.000978053 -0.00477774 0.0494382 -0.00507066 0.0108511 0.0328926 0.0722966 0.000634689 -0.000285749 -0.00335131 -0.000581472 -0.00110756 -1.87459e-05 -0.000764503 -0.00613695 -0.00568943 0.00780303 -0.00551124
internal_weight=23344.1 23270.1 958.6 22311.5 1081.04 418.972 289.838 73.9491 21230.5 19652.2 18735 1059.99 476.427 361.224 5.9739 917.289 115.203 24.7357 7.31491 500.883 17675 1416.1 975.445 963.722 16258.9 10108.3 563.59 355.25 583.566 66.8827
internal_count=230884 223632 4967 218665 33937 2147 1471 7252 184728 166949 156122 16042 7254 5566 142 10827 1688 279 89 14982 140080 9390 6404 6330 130690 81340 4549 5424 8788 1593
cat_boundaries=0 1 2 3 4 5
cat_threshold=15737669 2076938 4259172 3090436 2247957
is_linear=0
shrinkage=0.04


Tree=157
num_leaves=31
num_cat=4
split_feature=27 19 7 19 1 26 14 6 11 12 22 26 17 18 1 30 5 0 19 16 26 22 22 12 29 14 5 31 26 27
split_gain=11.3636 15.9061 9.92701 14.4075 11.7967 12.9693 12.6908 14.2687 13.1371 10.7644 8.91733 11.0907 9.18238 9.13286 8.85794 9.43333 9.0168 8.81647 16.6199 9.59762 10.0379 15.9347 19.815 16.4419 15.2948 14.6528 26.7027 11.706 11.1906 10.3533
threshold=2.4208333333333338 0 11.336333333333334 1 29.735000000000003 3.8650000000000007 -0.1166666666666666 53.760000000000012 2.5000000000000004 3.8166666666666669 18.399166666666673 6.9050000000000011 0.31666666666666671 0.36666666666666675 39.605000000000011 2 5.5000000000000009 5.5000000000000009 3 0.45000000000000007 5.6350000000000007 7.9999999999999991 13.483333333333338 2.6458333333333335 5.6050000000000013 -0.1166666666666666 3.5000000000000004 3.5000000000000004 7.3250000000000011 1.9826666666666666
decision_type=2 1 2 1 2 2 8 2 2 8 2 2 8 10 2 1 2 2 1 10 2 2 2 10 2 10 2 2 2 2
left_child=2 10 17 -4 -5 6 -6 8 -8 -10 11 -2 -13 -12 15 16 -7 -1 -19 -20 21 25 23 -23 -25 26 -21 -22 29 -29
right_child=1 -3 3 4 5 14 7 -9 9 -11 13 12 -14 -15 -16 -17 -18 18 19 20 27 22 -24 24 -26 -27 -28 28 -30 -31
leaf_value=-6.6540502695219378e-05 -0.0010479393348490817 0.00031365058434619828 -0.0017968263080911579 -1.4345921641647629e-05 0.0039200608736795197 0.019744669768039024 -0.0085317555516892206 0.113046695245617 0.02050124601240538 0.10807333045717928 6.9205253991705379e-05 0.088233875683915136 0.033672101402492084 0.025352642779436389 0.0011367897609242618 0.0050487386034478825 -0.016270566761259386 -0.010442209729612637 -0.0044288579734844428 -0.040792079395721263 -0.0039594101847586737 0.21101970532451539 0.017995735001116574 0.13807405378730728 -0.019133301451370262 0.0012119581576038646 0.31282446932642088 0.013401607434322732 -0.028164469604169146 0.060663995037862177
leaf_weight=20152.940828724299 7.9334660694003132 208.96929243206978 695.22583040827885 408.52934696269222 14.825635570101438 191.32463601324707 6.6562472372315851 4.7771603018045417 4.3609055569395396 4.6305128140375027 42.30075428634882 7.9816781580448177 12.929560877382754 49.735198058187962 250.29325985815376 285.58263936592266 11.808935725130139 374.99353305064142 371.89370892825536 0.68740095943212398 179.1592970546335 1.8831727094948281 8.466082973405717 2.2121752025559545 1.7925434056669471 31.755294407717884 0.67933444399386644 77.832732724957168 9.3535248357802612 8.1969725713133794
leaf_count=177975 42 1060 6044 3673 457 1527 64 65 58 70 221 42 61 239 2056 2366 164 13448 16264 44 2654 40 187 59 63 1330 64 1221 86 53
internal_value=9.76332e-05 0.00746955 -7.63265e-06 0.00277981 0.0054391 0.0083868 0.0320906 0.0525386 0.0340658 0.0656002 0.0183003 0.0392206 0.054498 0.0137321 0.00725614 0.0103901 0.0168228 -0.000254306 -0.0037944 -5.06841e-05 0.00500402 0.0219868 0.0571888 0.113544 0.0677068 0.00673141 0.134973 0.00206723 0.0133871 0.0179048
internal_weight=23429.7 329.85 23099.9 1878.02 1182.79 774.26 35.2505 20.4248 15.6477 8.99142 120.881 28.8447 20.9112 92.036 739.009 488.716 203.134 21221.8 1068.91 693.912 322.019 47.476 14.354 5.88789 4.00472 33.122 1.36674 274.543 95.3832 86.0297
internal_count=231697 1665 230032 16544 10500 6827 714 257 192 128 605 145 103 460 6113 4057 1691 213488 35513 22065 5801 1787 349 162 122 1438 108 4014 1360 1274
cat_boundaries=0 1 2 3 4
cat_threshold=1086177 9514020 408 8543380
is_linear=0
shrinkage=0.04


Tree=158
num_leaves=31
num_cat=8
split_feature=12 4 21 19 19 26 21 14 20 19 10 20 19 19 11 19 19 22 27 4 4 7 21 27 6 26 22 1 27 14
split_gain=14.6627 12.1242 16.4987 14.1394 12.1661 11.3223 10.93 11.8083 10.5362 21.6001 16.8981 15.4194 15.1847 10.4493 10.4244 25.3347 13.9601 13.8675 16.2573 12.998 11.2527 15.2602 14.9965 10.4021 10.2889 10.2536 10.5645 11.8046 9.84549 9.59742
threshold=5.0500000000000007 0.040000000000000487 22.265000000000004 0 1 6.3350000000000009 1.0000000180025095e-35 0.083333333333333412 50.425000000000004 2 3 41.970000000000006 4 5 3.5000000000000004 6 7 -14.767916666666663 0.60550000000000026 -0.13333333333333328 0.031666666666666739 -4.5500000000000016 6.2000000000000011 1.9300000000000002 34.865000000000002 5.2550000000000008 -24.651833333333325 29.980000000000004 0.57083333333333341 0.10000000000000001
decision_type=10 2 2 1 1 2 2 10 2 1 1 2 1 1 2 1 1 2 2 2 2 2 2 2 2 2 2 2 2 8
left_child=1 8 3 6 -4 -2 7 -3 10 -10 11 13 23 -1 15 -12 19 28 20 -16 -19 -22 -23 -13 -9 -15 27 -27 -17 -5
right_child=5 2 4 29 -6 -7 -8 24 9 -11 14 12 -14 25 16 17 -18 18 -20 -21 21 22 -24 -25 -26 26 -28 -29 -30 -31
leaf_value=0.013113873401848428 -0.011641771534493842 0.0015807448593685471 0.002775648177226074 -0.010525810485185217 -0.0034691800367300401 0.07112497735106707 -0.0071171281347804736 0.010908702840843276 -0.0058881851355074349 0.00084966445309127834 -0.0019090292298615274 -0.0035213293763735188 0.0036325771813989671 0.052774509388100355 0.023467955169789684 -0.0062838115131928661 -0.0022131390535273525 0.0074705327808390204 0.00086050473248322143 0.00072799122042910063 -0.0080518567816533874 0.12887185979308041 0.030695060658764102 0.010425271929428786 0.063669087100610713 0.087055666564714668 0.002825523409988573 0.013494360578178389 0.015661686556089242 -0.02740569938393838
leaf_weight=340.40054402500391 203.05902984202839 65.786579807288945 890.24840051867068 266.6593164363876 1111.552370980382 2.6793798888102165 159.43377735512331 13.28998343087733 1182.85971634835 2102.4745216323063 1670.617161719827 937.22704705409706 2216.9390822146088 6.8945129793137303 40.56411599740386 260.86503257066943 4350.5957178412937 1280.9480440295301 724.09644200094044 4708.8727432885207 16.965775624848902 2.6342637832276514 45.263902630191296 94.163546446710825 10.655344269238411 4.9202494136989143 590.94332290440798 12.010467078536747 37.398154208436608 67.544475748669356
leaf_count=2554 9728 1335 10985 6055 15121 20 3191 150 7882 14120 16023 6660 15959 52 246 3176 46792 11644 4698 47788 237 36 600 481 111 46 4610 111 261 906
internal_value=6.75802e-05 0.000161808 -0.00242047 -0.00833989 -0.000695421 -0.0105639 -0.000799976 0.0103351 0.000485434 -0.00159158 0.000878904 0.00308295 0.00177658 0.00755792 0.000171287 0.00186265 -0.000579188 0.00451237 0.00569335 0.000920272 0.00829359 0.0245476 0.0360945 -0.00222645 0.0343864 0.00419994 0.00371809 0.0348721 -0.00353214 -0.0135324
internal_weight=23418.6 23212.8 2585.17 583.369 2001.8 205.738 249.166 89.7319 20627.7 3285.33 17342.3 4203.5 3248.33 955.169 13138.8 4038.79 9100.03 2368.17 2069.91 4749.44 1345.81 64.8639 47.8982 1031.39 23.9453 614.769 607.874 16.9307 298.263 334.204
internal_count=231578 221830 37854 11748 26106 9748 4787 1596 183976 22002 161974 30473 23100 7373 131501 36675 94826 20652 17215 48034 12517 873 636 7141 261 4819 4767 157 3437 6961
cat_boundaries=0 1 2 3 4 5 6 7 8
cat_threshold=6349873 8499470 2657436 1 1253964 9438070 7481228 8069786
is_linear=0
shrinkage=0.04


Tree=159
num_leaves=31
num_cat=5
split_feature=27 16 4 27 19 5 19 26 4 28 19 22 11 22 1 1 19 10 22 4 26 26 29 21 21 7 27 26 29 22
split_gain=10.6504 15.0497 12.8575 9.29007 10.7048 8.87729 25.1351 14.0641 12.8736 12.6176 12.1371 11.2095 12.7437 10.8504 10.3295 9.4462 9.3955 9.19809 11.5516 9.05769 11.0972 9.90578 8.67343 10.6972 9.37529 8.38475 8.29232 22.8734 8.20404 8.19546
threshold=-2.4324999999999988 0.22500000000000003 -0.043333333333333439 2.6326666666666676 0 1.5000000000000002 1 5.1550000000000011 -0.076666666666665759 5.5000000000000009 2 -26.904166666666665 2.5000000000000004 -38.267499999999991 32.695000000000007 33.945000000000007 3 4 -22.65583333333333 0.061666666666666987 6.6450000000000005 6.6850000000000014 1.0000000180025095e-35 22.820000000000004 23.455000000000002 9.5483333333333373 -1.5049999999999994 3.7650000000000001 7.9150000000000009 -6.0866666666666651
decision_type=2 10 2 2 1 2 1 2 2 2 1 2 2 2 2 2 1 1 2 2 2 2 2 2 2 2 2 2 2 2
left_child=1 -1 -3 5 -5 6 7 11 9 -7 17 12 -2 -8 -11 -9 22 18 26 -12 -21 -22 -15 25 -25 -24 -10 -28 -17 -4
right_child=3 2 29 4 -6 8 13 15 10 14 19 -13 -14 16 -16 28 -18 -19 -20 20 21 -23 23 24 -26 -27 27 -29 -30 -31
leaf_value=-0.022044325299147124 0.098615304215171784 0.12005923890241811 -0.02666478672700456 -0.013001997679334677 0.01283040369380116 -0.017226812719013052 -0.034399319721171571 -0.0079960912157460966 -0.014115327831413615 0.09917855196344276 -0.0012852139892340132 0.0015237040853898628 0.016938783574212551 0.019589857794575855 -0.0020160021860467976 -0.00049421258490987949 0.0014996090534415813 0.00077198291670692244 -0.013849076439436694 -0.010075011503375324 0.063552286719679454 0.0032135658852226441 -0.0057648671744219126 0.043031249910714289 0.0060630273645986311 0.014751126122483896 0.14223376872941196 0.0090329038181454716 -0.023289863709192667 0.072432164368917556
leaf_weight=64.029656555270776 3.689624389633539 2.1306989514268935 4.0730553367175162 24.002187892794609 146.29152355343103 109.05888489540666 12.441220564767717 715.53739323094487 6.9150623257737633 2.7334663164801887 8694.8181779570878 560.07632316602394 17.811204988509417 66.876642446033657 3.9405706627294421 644.1668060598895 2550.9213413880207 7719.1708096468356 128.51409231033176 360.99349204893224 4.6530135655775657 67.579190483316779 212.2588082649745 11.075894261710344 1217.9978712275624 37.504985055420548 2.7310499376617363 8.4287567818537337 26.291612723842263 1.98653164738789
leaf_count=7066 39 44 156 126 727 693 110 4404 313 43 90828 5038 245 603 50 4040 17827 78734 2284 6485 44 696 1984 87 8283 306 52 139 151 29
internal_value=-0.000176597 -0.0155137 0.0355411 -0.000129173 0.00917936 -0.000197541 0.00111579 -0.00259573 -0.000663984 -0.0139596 -0.000573437 0.00261177 0.0309548 0.00289227 0.03943 -0.00479957 0.00301258 0.000578225 -0.00902251 -0.00156476 -0.00721133 0.00710043 0.00546441 0.00486258 0.00639617 -0.00268415 0.0203031 0.0416301 -0.00138813 0.00582245
internal_weight=23428.7 72.2199 8.19029 23356.5 170.294 23186.2 6076.65 1967.57 17109.5 115.733 16993.8 581.577 21.5008 4109.08 6.67404 1386 4096.64 7865.76 146.589 9128.04 433.226 72.2322 1545.71 1478.84 1229.07 249.764 18.0749 11.1598 670.458 6.05959
internal_count=231626 7295 229 224331 853 223478 43117 13917 180361 786 179575 5322 284 29200 93 8595 29090 81522 2788 98053 7225 740 11263 10660 8370 2290 504 191 4191 185
cat_boundaries=0 1 2 3 4 5
cat_threshold=149528 3195980 59341 12716176 8
is_linear=0
shrinkage=0.04


Tree=160
num_leaves=31
num_cat=7
split_feature=7 19 0 19 17 3 29 30 4 3 3 4 22 22 4 7 17 14 7 5 18 30 19 12 4 4 19 7 19 4
split_gain=10.2138 14.4958 14.2709 13.5436 11.2368 9.88022 11.427 9.68214 9.43261 9.06895 13.9728 8.9877 8.30983 8.74535 9.25816 8.55783 15.4722 8.36007 8.05867 9.45831 7.86492 13.8503 9.56962 8.95347 10.4327 11.6399 12.9762 11.7344 11.5395 9.9741
threshold=1.8208333333333313 0 4.5000000000000009 1 0.11805555555555557 7.1150000000000011 4.2250000000000005 2 -0.10166666666666611 6.8150000000000004 6.7950000000000008 -0.15183333333333324 -23.83733333333333 -33.795833333333327 0.0054999999999996172 -9.2616666666666632 0.73214285714285732 -0.033333333333333305 -2.8583333333333321 1.5000000000000002 0.55000000000000016 3 4 3.1547619047619051 -0.044999999999999478 -0.064999999999999933 5 7.1000000000000041 6 0.13500000000000026
decision_type=2 1 2 1 10 2 2 1 2 2 2 2 2 2 2 2 8 8 2 2 8 1 1 10 2 2 1 2 1 2
left_child=2 -2 5 7 -5 -1 -7 11 9 10 -3 -4 13 14 17 16 -14 -9 19 -17 23 22 -22 -10 25 26 -25 -28 -27 -26
right_child=1 8 3 4 -6 6 -8 12 20 -11 -12 -13 15 -15 -16 18 -18 -19 -20 -21 21 -23 -24 24 29 28 27 -29 -30 -31
leaf_value=-0.00045352026929868237 0.0033460754155373463 0.0099073927790530782 0.076218292960425829 -0.012888148314112325 -0.0040922228431640633 -0.01414289017793652 0.01606727768459576 0.15566553701507274 -0.0026506040778047995 -0.011091364485198596 0.064408473411067743 -0.0068085596442513732 0.012334594016109337 -0.026270720218504854 -0.041257288510098473 0.011958459067235225 0.12242687212461122 0.020344277577090796 0.0057418391889654417 -0.0083388264441831075 0.0046716884211972075 0.0079519892424712892 -0.014093102712882628 0.0097245724802760662 -0.00064059025595759466 0.00056331781387847549 -0.019786937891080793 0.0031319535769184434 0.015728675805988933 0.059641169418699715
leaf_weight=12215.458940497134 2667.2344019822776 145.88935915892944 2.0995618626475325 365.53491727099754 637.93590464675799 24.560467233415693 108.67496223002672 1.216493413550779 2511.695378059987 30.70256514614448 7.9359132945537558 324.93869807687588 84.227954233298078 27.340435668127611 1.7398871860932557 46.016394110629335 2.0932419053278855 1.8282855367287987 298.5319851427339 182.08245726907626 74.87072852673009 402.38103049667552 87.191784652881324 91.999451370444149 2601.3901303340681 140.2460952331312 78.05104185291566 65.939989179838449 205.87987973890267 4.3990155823994419
leaf_count=97285 24402 861 12 14659 12018 296 872 71 19214 183 45 7703 2027 1438 106 689 25 34 6234 4488 528 2926 579 678 30477 1160 602 501 1684 82
internal_value=-0.000174257 0.000872421 -0.000840351 -0.0039969 -0.00722433 -0.000335356 0.0104984 -0.000585037 -0.00015567 0.00875743 0.0127191 -0.00608934 0.00225587 -0.01754 0.0323488 0.00333018 0.0150043 0.0744098 0.00141665 -0.00424408 -0.000418483 0.00408545 -0.00565634 -0.000864517 0.00054271 0.0053841 -0.00146603 -0.00868797 0.0100546 -0.000538824
internal_weight=23440.1 9115.81 14324.3 1975.59 1003.47 12348.7 133.235 972.115 6448.57 184.528 153.825 327.038 645.077 32.1251 4.78467 612.952 86.3212 3.04478 526.631 228.099 6264.04 564.444 162.063 5699.6 3187.91 582.116 235.99 143.991 346.126 2605.79
internal_count=231879 83922 147957 49504 26677 98453 1168 22827 59520 1089 906 7715 15112 1649 211 13463 2052 105 11411 5177 58431 4033 1107 54398 35184 4625 1781 1103 2844 30559
cat_boundaries=0 1 2 3 4 5 6 7
cat_threshold=811284 10068139 133 24 6461632 14811872 11567265
is_linear=0
shrinkage=0.04


Tree=161
num_leaves=31
num_cat=3
split_feature=14 19 9 19 13 3 1 11 9 11 1 15 20 1 15 7 20 7 19 12 1 1 7 6 12 12 0 31 11 20
split_gain=11.5261 16.4111 9.59704 14.9236 11.351 17.513 12.7675 10.8072 10.6265 10.5957 11.5181 9.83122 9.69704 9.67483 9.65958 11.3414 9.04653 15.2528 11.8896 18.2611 12.1856 11.9903 12.2971 10.2964 9.77852 8.69665 8.23817 16.8398 14.8652 14.9959
threshold=-0.2000661375661375 0 22.500000000000004 1 0.15476190476190479 6.6550000000000011 36.755000000000003 2.5000000000000004 21.500000000000004 1.5000000000000002 31.735000000000003 2.5000000000000004 1.0000000180025095e-35 26.165000000000003 4.5000000000000009 -2.2483333333333362 17.355000000000004 -3.3463333333333334 2 4.3875000000000011 26.985000000000003 37.725000000000001 -0.51000000000000323 36.785000000000004 4.4722222222222232 4.1055555555555561 1.5000000000000002 4.5000000000000009 9.5000000000000018 8.8400000000000016
decision_type=8 1 2 1 10 2 2 2 2 2 2 10 2 2 8 2 2 2 1 10 2 2 2 2 8 8 2 2 2 2
left_child=1 -1 3 12 5 7 13 -5 14 10 -10 -11 -2 -6 15 -7 17 -3 19 21 24 22 -19 -23 -21 -13 -4 28 -28 -30
right_child=2 16 26 4 6 8 -8 -9 9 11 -12 25 -14 -15 -16 -17 -18 18 -20 20 -22 23 -24 -25 -26 -27 27 -29 29 -31
leaf_value=-0.010150637577442209 -0.041558800371952719 -0.024594235299052081 0.0010788190159430517 0.021360602094371229 -0.021289228403163909 0.063383517042409646 -0.022675080066692246 0.15525938527539335 0.016022777522415949 0.10455662332728785 0.13531321148384995 0.06281220624953901 0.014646805902955586 0.0060536917623740917 -0.02953909313775277 -0.011054091077326829 0.0011836377979493812 0.10875631629779017 -0.010349188844092532 0.15860443506414243 -0.011761144572095126 0.051064481632418418 0.010630009095967457 0.18287428901515346 0.025574877419909253 -0.023918535196143526 -0.00046526297043121025 0.0024303245321049601 0.089780311067014867 -0.0041236626692540516
leaf_weight=415.65652561280876 5.0222340705804518 63.156190095003694 7606.0737843737006 1.7143045056145632 25.828240004833788 5.2893048108089706 52.889925155322999 2.2049323809333146 2.3765974510461119 1.5941238338127721 2.8457989937160164 2.4581809607334408 222.42459101625718 104.3797688591294 14.302776969037948 8.599319639848547 793.70254334434867 2.5686061941087273 80.663921351544559 0.9798146444372805 33.082881055306643 2.0633262777701016 9.9935186156071705 1.75454785535112 9.0493812612257898 7.4742302584927538 8993.7731776786968 2475.5359558570199 2.7240935657173386 2383.6882209246978
leaf_count=8168 587 2654 34669 39 259 129 580 53 40 33 81 32 3010 1079 716 197 11245 57 3325 26 1461 52 232 39 405 240 99525 27592 89 34351
internal_value=-8.21464e-05 -0.00358417 0.000143535 0.00586401 -0.00146778 0.0155982 -0.006102 0.096691 0.00852613 0.033761 0.0810268 0.0123461 0.0128412 0.000629912 -0.0064663 0.0172945 -0.000737392 -0.0082731 -0.00091857 0.0116496 -5.22541e-05 0.0495609 0.0306941 0.111639 0.0385714 -0.00245347 2.10843e-05 -0.000559557 -0.00120995 -0.00401647
internal_weight=23333.9 1412.67 21921.2 459.404 231.958 48.8596 183.098 3.91924 44.9403 16.7489 5.2224 11.5265 227.447 130.208 28.1914 13.8886 997.015 203.312 140.156 59.4921 43.1121 16.38 12.5621 3.81787 10.0292 9.93241 21461.8 13855.7 11380.2 2386.41
internal_count=230965 27664 203301 7075 3478 1560 1918 92 1468 426 121 305 3597 1338 1042 326 19496 8251 5597 2272 1892 380 289 91 431 272 196226 161557 133965 34440
cat_boundaries=0 1 2 3
cat_threshold=145040 12332426 11304994
is_linear=0
shrinkage=0.04


Tree=162
num_leaves=31
num_cat=7
split_feature=28 19 14 14 7 26 19 13 1 23 10 19 1 19 27 19 11 19 7 26 9 14 22 22 12 29 22 11 7 16
split_gain=11.9143 13.2278 13.1737 12.0251 10.6976 11.6709 20.0912 10.4205 10.1223 11.3962 9.85535 19.2524 11.321 14.682 10.8718 18.4109 12.6848 13.4665 10.9657 10.21 10.053 12.6653 12.2872 11.8489 9.99946 11.1073 9.6503 9.17836 10.9533 14.4554
threshold=1.5000000000000002 0 -0.083333333333333329 -0.26643518518518511 -6.8600000000000003 6.535000000000001 1 0.43650793650793657 45.480000000000011 2.5000000000000004 2 3 41.865000000000002 4 0.62999999999999934 5 11.500000000000002 6 -6.6299999999999999 4.3650000000000011 57.500000000000007 0.26319444444444456 20.697500000000005 23.53166666666667 3.0500000000000003 6.7550000000000008 29.16416666666667 5.5000000000000009 5.9166666666666705 0.55000000000000016
decision_type=2 1 8 10 2 2 1 8 2 2 1 1 2 1 2 1 2 1 2 2 2 10 2 2 8 2 2 2 2 10
left_child=1 3 8 -1 -2 10 -7 -4 -3 -10 11 -6 14 -14 16 -16 18 -18 -12 -17 -20 22 -22 -24 25 -21 -13 28 29 -9
right_child=4 2 7 -5 5 6 -8 27 9 -11 12 26 13 -15 15 19 17 -19 20 24 21 -23 23 -25 -26 -27 -28 -29 -30 -31
leaf_value=0.032215498584371643 -0.0029577194338655617 -0.0071360966623510297 0.0055343145435833808 -0.0023462577145597963 0.0098091476371661365 0.00095720523454646085 -0.0080703761215717672 -0.0057891865382963684 -0.001013313976711387 0.074522000821516429 0.016596688654308391 -0.00064965619784779465 0.0079542258033502289 -0.00063707383339984104 0.00072710705363658633 0.029357493412860394 0.0024529733118168738 -0.014342827745427842 0.00058420083034713415 -0.0044198768467039471 -0.0095050778124741997 0.048638161365136642 0.087250463074855955 -0.0022760385609232876 -0.010516329742206051 0.019785168840032997 0.018075564161113864 0.0033706698541294245 -0.0084703529088527383 0.0046947662145528446
leaf_weight=16.299258075654507 2422.6527446638793 291.01760168466717 1685.6521779652685 1365.8266657236964 486.37477471493185 832.3270069770515 741.44377605430782 330.38535733148456 8.2180696874856931 5.2294049225747576 66.580912492470816 978.22379664890468 598.29020494408906 671.77981366985478 1017.6776129808277 12.294802162796257 128.03499537077732 182.77625084621832 7490.2325427816249 381.10413227975368 288.87948029255494 6.4483656883239737 4.1646186206489784 5.4748319340869784 621.83577147126198 32.956181596964598 46.11165838688612 1829.5962609127164 256.51140043139458 579.54422521218657
leaf_count=108 30347 2132 10572 8300 4124 7361 6729 1993 60 42 945 8493 6621 7775 7048 91 2485 3488 95381 2517 3904 57 39 58 4322 208 326 11253 1446 3478
internal_value=5.61693e-05 0.00153204 0.00248911 -0.00192475 -0.000496191 -8.75408e-05 -0.00334112 0.00301842 -0.0055683 0.0283606 0.000305753 0.00333199 -9.43114e-05 0.00346763 -0.000536259 -0.00312878 0.000119079 -0.00780654 0.000432414 -0.00681434 0.00029435 -0.0068246 -0.00802267 0.0364029 -0.00730944 -0.00249333 0.000191413 0.00160291 -0.00116987 0.000888159
internal_weight=23383.9 6368.28 4986.15 1382.13 17015.7 14593 1573.77 4681.69 304.465 13.4475 13019.2 1510.71 11508.5 1270.07 10238.5 2065.87 8172.59 310.811 7861.78 1048.19 7795.2 304.967 298.519 9.63945 1035.9 414.06 1024.34 2996.04 1166.44 909.93
internal_count=231703 39384 30976 8408 192319 161972 14090 28742 2234 102 147882 12943 134939 14396 120543 14186 106357 5973 100384 7138 99439 4058 4001 97 7047 2725 8819 18170 6917 5471
cat_boundaries=0 1 2 3 4 5 6 7
cat_threshold=589850 7624474 1 4391221 822863 12100536 801236
is_linear=0
shrinkage=0.04


Tree=163
num_leaves=31
num_cat=7
split_feature=5 19 20 7 17 14 7 27 14 31 22 23 20 19 9 19 27 6 21 26 19 19 29 26 1 12 21 19 19 1
split_gain=11.3691 11.5043 12.7055 11.9552 13.484 10.1763 12.3484 11.0427 8.93917 13.526 10.1685 16.1843 8.75893 18.9303 8.76669 20.3742 12.2075 10.0514 9.80059 17.3615 16.194 14.8161 19.0875 11.9934 11.5026 10.9389 16.1279 14.2339 12.5655 14.6257
threshold=5.5000000000000009 0 62.090000000000011 -2.9966666666666675 0.38750000000000007 0.10509259259259263 6.8216666666666645 1.6136666666666672 -0.13873015873015865 1.0000000180025095e-35 9.418333333333333 3.5000000000000004 53.875000000000007 1 36.500000000000007 2 2.2908333333333339 34.945000000000007 26.330000000000002 5.0450000000000008 3 4 5.8450000000000006 6.1850000000000014 27.595000000000002 3.1180555555555558 42.510000000000012 5 6 35.645000000000003
decision_type=2 1 2 2 8 10 2 2 10 2 2 2 2 1 2 1 2 2 2 2 1 1 2 2 2 8 2 1 1 2
left_child=12 3 8 -2 5 6 -5 -8 9 10 11 -3 14 -14 15 -1 -17 -18 20 25 23 -21 -23 -16 -24 26 28 -27 -20 -30
right_child=1 2 -4 4 -6 -7 7 -9 -10 -11 -12 -13 13 -15 18 16 17 -19 19 21 -22 22 24 -25 -26 27 -28 -29 29 -31
leaf_value=0.0035970114194845151 -0.013482264257998424 0.11247099631174466 0.031400657969812194 -0.0060162279409019526 0.013843661736547897 -0.016047882155069117 0.010095655537480657 0.087545062288491793 0.00048897902954943002 -0.011135376629212775 -0.05637333234305561 0.0093713121439457127 0.0018943939116167869 -0.006324218689137193 1.5030349394324799e-05 -0.00076253721876784139 0.036748973742749713 -0.0020034007763034818 0.0054192793816666661 0.0023430827999420686 -0.0046834240760003495 -0.0050838138897573186 -0.0043717982245285386 0.012992224318530216 0.0013768924995201876 -0.0025189527886007152 -0.013343621641455678 0.0061353836264124127 0.016300168070414369 0.049968135732780208
leaf_weight=3977.1159998555668 272.52840622072108 3.8442296152934414 19.678046369925141 238.48131060856394 65.715140820480883 110.54778703767806 59.755617992952466 3.0982313230633727 1068.1833305936307 195.51666447916068 1.7753992490470398 6.6507909563370049 862.87782612629235 919.11223905161023 1118.9927942138165 3700.1489607777912 25.454651638865471 18.486305728554726 102.70441549085081 2358.4780410872772 1677.5224229309242 1611.8310610288754 700.66357097495347 126.86462064180523 2714.1595400525257 471.6388150639832 32.426266889087856 832.83919371990487 47.229615225456655 36.675401936285198
leaf_count=39543 4575 73 150 4381 656 1085 1031 18 14195 5199 30 255 5575 6211 13639 39096 128 92 1056 18502 19551 13683 5053 920 20305 5553 320 9443 512 388
internal_value=4.2105e-05 -0.00280637 -0.000491957 -0.00670792 -0.00298278 -0.00566741 -0.00185923 0.0139133 -0.000987661 -0.00857871 0.0321591 0.0471358 0.000315237 -0.00236945 0.000559907 0.00160838 -0.000512269 0.0204455 -0.000124291 0.000535177 -0.00213394 -0.000266855 -0.00149311 0.00132585 0.000197359 0.00442297 0.0126945 0.0030341 0.017219 0.0277137
internal_weight=23381 2045.77 1295.65 750.126 477.598 411.883 301.335 62.8538 1275.97 207.787 12.2704 10.495 21335.2 1781.99 19553.2 7721.21 3744.09 43.941 11832 8908.65 2923.38 7385.13 5026.65 1245.86 3414.82 1523.51 219.036 1304.48 186.609 83.905
internal_count=231218 31648 19902 11746 7171 6515 5430 1049 19752 5557 358 328 199570 11786 187784 78859 39316 220 108925 74815 34110 57543 39041 14559 25358 17272 2276 14996 1956 900
cat_boundaries=0 1 2 3 4 5 6 7
cat_threshold=1251216 13677029 634778 1692324 6686789 5810818 10690878
is_linear=0
shrinkage=0.04


Tree=164
num_leaves=31
num_cat=9
split_feature=4 19 18 30 19 4 20 14 19 0 29 19 21 19 26 12 19 19 15 29 7 30 4 0 20 8 4 26 26 14
split_gain=9.19347 12.8509 8.71755 14.0872 10.0179 10.0533 9.22509 13.1432 13.2052 10.0753 10.0484 9.93068 9.55545 8.77401 8.73361 10.6774 14.5101 13.3504 11.9717 9.66343 13.7362 9.06345 8.72732 11.1708 15.9647 11.0853 8.40505 8.58321 8.36221 8.32565
threshold=-0.10999999999999986 0 0.55000000000000016 1 2 0.090833333333333335 53.585000000000008 0.47519841269841273 3 5.5000000000000009 7.4750000000000005 4 31.230000000000004 5 6.9750000000000005 2.4722222222222228 6 7 2.5000000000000004 5.6750000000000007 -5.5874999999999995 8 0.043333333333334341 3.5000000000000004 44.130000000000003 3.5000000000000004 -0.015000000000000123 7.035000000000001 7.5550000000000006 0.33346560846560858
decision_type=2 1 10 1 1 2 2 10 1 2 2 1 2 1 2 8 1 1 8 2 2 1 2 2 2 2 2 2 2 10
left_child=1 -1 6 4 28 -6 9 8 12 14 -9 -11 -8 22 -2 16 -16 18 21 20 -19 -17 25 -24 -25 -5 -23 -28 -4 -14
right_child=2 -3 3 13 5 -7 7 10 -10 11 -12 -13 29 -15 15 17 -18 19 -20 -21 -22 26 23 24 -26 -27 27 -29 -30 -31
leaf_value=-0.00030162507960391702 0.00019542253371704452 0.01273896735903947 0.0023706000303909663 0.0079621536360435421 0.010155025932322632 -0.038858940969463476 0.016114784793751492 0.0086538684212012513 -0.0064941286035645985 -0.0091249757492788304 0.057175569135496873 -0.00041912364622992193 0.00095764070717727729 -0.0049939898950957578 0.0099011801155084317 0.021378692414954464 -0.012446312193672487 -0.017584609357728737 -0.011438171341572923 0.010581038397712628 0.049535214991269852 0.012311184441258621 0.003732890828506048 -0.017551809271384274 0.091069703407232541 -0.0070008974247357404 0.018674944194781617 -0.035530978693249428 -0.023227981344112743 -0.015664167568261795
leaf_weight=270.52071313280612 18046.282007788075 214.17453683167696 332.84338720049709 193.86357537377626 570.85940264165401 6.7750788750126949 60.529527311213315 27.427266761660576 941.81157458107919 350.30426642438397 9.0926517695188505 516.22547762840986 512.13898637425154 417.21054527163506 69.326202863827348 36.650471996515989 105.23566050827503 6.238080300390723 91.856465063989162 300.10293731093407 22.38348863273859 24.575216006487608 14.353292929008605 3.0982348425313813 7.1870708940550685 133.95884678885341 6.3819069862365749 17.463348222896457 21.752175789326429 53.225815122947097
leaf_count=1634 166421 1320 2461 1297 3987 65 442 144 6636 14448 45 19795 3687 2915 439 240 672 46 699 2126 159 137 104 64 76 944 44 121 124 307
internal_value=0.000265771 0.00571728 0.000150382 0.00290474 0.00617429 0.00941711 -7.07621e-05 -0.002987 -0.0035396 0.000168012 0.0207347 -0.0040487 0.000994076 -0.00112101 0.000363132 0.00481252 -0.00371694 0.00775707 -0.00134866 0.0123241 0.0349064 0.00938708 0.00347476 0.0265325 0.0583497 0.00184777 -0.0034022 -0.0210234 0.00077834 -0.000607206
internal_weight=23383.8 484.695 22899.2 1701.9 932.23 577.634 21197.3 1604.23 1567.71 19593 36.5199 866.53 625.894 769.672 18726.5 680.214 174.562 505.652 176.927 328.725 28.6216 85.0709 352.461 24.6386 10.2853 327.822 48.4205 23.8453 354.596 565.365
internal_count=231599 2954 228645 12037 6637 4052 216608 11261 11072 205347 189 34243 4436 5400 171104 4683 1111 3572 1241 2331 205 542 2485 244 140 2241 302 165 2585 3994
cat_boundaries=0 1 2 3 4 5 6 7 8 9
cat_threshold=3546190 229 11231256 9486833 12717717 14351361 4567333 2366132 466
is_linear=0
shrinkage=0.04


Tree=165
num_leaves=31
num_cat=4
split_feature=9 19 23 7 14 4 4 27 21 19 5 6 26 14 4 7 12 4 24 19 26 3 3 16 21 3 26 14 10 20
split_gain=10.2222 14.2712 10.9481 9.69162 11.0016 10.3458 9.13147 7.89634 10.7931 8.5289 8.15749 10.7971 9.73446 8.06488 7.87587 10.5081 10.4335 7.75436 7.72795 11.1128 9.73725 10.805 16.5824 9.01927 8.29373 10.1094 12.8527 11.3626 9.88349 11.7003
threshold=57.500000000000007 0 2.5000000000000004 -5.7844999999999969 0.500462962962963 0.10500000000000088 -0.13333333333333328 -1.5999999999999992 12.435 1 4.5000000000000009 22.870000000000001 3.8350000000000004 -0.19986772486772483 -0.026666666666666835 8.9316666666666684 3.2928571428571431 -0.021666666666666053 4.5000000000000009 2 3.8950000000000005 6.7650000000000006 6.745000000000001 0.45000000000000007 57.180000000000007 6.6750000000000007 6.9650000000000007 -0.11287037037037036 3 41.545000000000009
decision_type=2 1 2 2 10 2 2 2 2 1 2 2 2 10 2 2 8 2 2 1 2 2 2 8 2 2 2 10 1 2
left_child=3 2 14 4 5 6 -1 8 -8 -9 -10 -12 -13 -11 16 17 -2 -16 20 -20 21 22 -15 -23 25 -22 28 -28 29 -27
right_child=1 -3 -4 -5 -6 -7 7 9 10 13 11 12 -14 18 15 -17 -18 -19 19 -21 24 23 -24 -25 -26 26 27 -29 -30 -31
leaf_value=0.019911745665685016 -0.033049241413826667 -0.010027333096407734 -0.0049634561055696934 0.00050893878161742748 0.022034098361246694 -0.02172172670685224 -0.029021527634559164 -0.0036818885363468679 -0.0079650102204496878 -0.0085677209793822082 -0.02165256405744739 0.15943569698579732 0.016623548043223312 0.022739534200961892 0.072312228819876992 -0.02882933952701669 0.01958947115251352 0.018872276787358904 -0.00026454847844118069 0.012926203982064835 0.012050677008597721 0.00037905522123439701 0.12710406717977887 0.086979745841743242 -0.0094968253005181229 0.0077329722670290884 0.067798322138043918 0.0089444957056213931 -0.0048500977489846523 -0.0059220012321011227
leaf_weight=31.273417001124471 12.722488906234505 362.11605251766741 139.19504693569615 18694.278253608616 31.163755172863603 41.380457334220409 37.600609878543764 1713.0946982125752 13.713701065629722 160.25364452088252 1.9825154948048282 1.7688311683014037 1.3438455150462685 10.091890461277215 4.622209057211875 7.0834857877343884 11.444123471155761 72.293879837729037 236.61484252335504 174.95096151297912 102.81879877764732 32.507739684078842 3.2109530647285274 2.0452553452923885 165.27058800961822 272.89312036661431 5.5097726620733729 110.74886749591678 777.28227528138086 158.83802765980363
leaf_count=193 72 4191 1933 180452 179 736 2464 17790 302 2487 88 64 49 159 30 64 75 622 2102 1707 774 641 58 29 1267 2592 55 780 8212 1308
internal_value=-1.35727e-05 -0.00512591 0.00235936 0.000123204 -0.00164146 -0.0018234 -0.00161826 -0.00178733 -0.0166466 -0.00157383 0.00809181 0.0513087 0.097779 7.42984e-05 0.0120009 0.0177903 -0.00812213 0.0220837 0.000749313 0.0056503 -0.000479702 0.0172984 0.0479304 0.00550511 -0.00101366 -3.19152e-05 -0.000969321 0.0117337 -0.00219084 0.00264785
internal_weight=23390.1 609.477 247.361 22780.6 4086.36 4055.19 4013.81 3982.54 56.4095 3926.13 18.8089 5.09519 3.11268 2213.04 108.166 83.9996 24.1666 76.9161 2052.78 411.566 1641.22 47.8558 13.3028 34.553 1593.36 1428.09 1325.27 116.259 1209.01 431.731
internal_count=231475 6987 2796 224488 44036 43857 43121 42928 2967 39961 503 201 113 22171 863 716 147 652 19684 3809 15875 887 217 670 14988 13721 12947 835 12112 3900
cat_boundaries=0 1 2 3 4
cat_threshold=3735669 8935800 4464646 10
is_linear=0
shrinkage=0.04


Tree=166
num_leaves=31
num_cat=2
split_feature=10 20 20 27 14 12 1 29 29 6 20 20 1 21 3 27 28 7 4 1 4 3 11 30 17 14 4 11 22 15
split_gain=10.8205 20.1572 16.5955 15.6481 15.57 13.0898 9.40023 9.32988 9.03646 8.98064 12.4839 10.0906 9.66201 16.5561 9.08076 8.91916 11.2828 9.89902 9.17965 16.3315 9.88408 10.451 8.87124 10.2354 10.8648 8.93923 8.63749 8.77761 8.47633 8.34979
threshold=0 28.095000000000002 41.970000000000006 0.96400000000000008 -0.22394179894179889 3.7071428571428577 36.675000000000004 8.8850000000000033 7.1950000000000012 33.625000000000007 48.900000000000006 15.205000000000002 47.865000000000002 1.0000000180025095e-35 6.7750000000000012 0.80666666666666698 2.5000000000000004 -4.5500000000000016 0.0016666666666664833 22.665000000000003 0.014999999999999238 6.9450000000000012 4.5000000000000009 1 0.11805555555555557 0.45023148148148157 -0.060000000000000046 3.5000000000000004 20.345833333333342 1.5000000000000002
decision_type=1 2 2 2 10 8 2 2 2 2 2 2 2 2 2 2 2 2 2 2 2 2 2 1 10 10 2 2 2 10
left_child=1 -1 -3 -4 9 7 8 22 -7 10 11 12 -2 14 -14 29 -17 18 -18 -20 -21 -22 25 24 28 -5 -8 -28 -24 -6
right_child=4 2 3 5 15 6 26 -9 -10 -11 -12 -13 13 -15 -16 16 17 -19 19 20 21 -23 23 -25 -26 -27 27 -29 -30 -31
leaf_value=0.065140426147724792 -0.022451892471418506 0.0057908126374362091 -0.0017956410460730557 -0.0026211533426777388 0.002700669416964359 0.00038257336887199484 -0.0081332542698333132 0.023710709013289949 0.024377323970712662 -0.0014408366400813963 -0.067603527617803055 -0.0056130874203134899 0.23206579289732571 -0.031317002548071099 0.059860476223665061 -0.001257782708195246 -0.0083731483838706908 -0.012449110129815897 0.088700486060667313 0.041296776339738661 -0.023629894953740616 0.044087147580584907 -0.012301481545902141 0.00013116092941149366 0.0066742273140758483 0.013183082424458903 0.061060826733939894 0.02240800869782638 0.0063693108673505087 -0.00020473432408446397
leaf_weight=7.8864564476534715 95.903340592514724 1068.3112350413576 2895.756895518396 998.49564144015312 1916.7132548796944 105.41030281968415 10.768750403076409 30.136610329151154 32.965811248868704 505.20223702676594 5.7215852076187721 443.77143966406584 0.72108869464136605 2.7448243456892669 1.5284768524579702 3189.8626797702163 44.704161869361997 271.43691902421415 4.6622492838650933 9.7632071711123007 15.496398935094478 4.7687179539352647 93.006827432662249 1297.8897106051445 1089.973079321906 60.746644794940948 12.129722531884907 41.772293783724308 66.880980804562569 9080.3061672197655
leaf_count=66 4939 8740 25853 5826 17771 647 59 162 199 9938 47 7017 37 61 95 19861 285 1845 42 73 155 46 597 7693 6433 321 76 266 389 112066
internal_value=7.9595e-06 0.00122214 0.00115911 0.000424532 -0.000600734 0.0020987 0.0119827 0.00154691 0.00609892 -0.00529179 -0.00882657 -0.00820914 -0.0196272 0.034614 0.11506 -0.000260527 -0.00200662 -0.00881525 0.00360829 0.0190482 0.00823389 -0.00769495 0.00136173 0.00264081 0.00520422 -0.00171479 0.0245722 0.0311062 -0.0044915 0.00030166
internal_weight=23405.4 7812.13 7804.24 6735.93 15593.3 3840.18 203.047 3637.13 138.376 1055.59 550.391 544.669 100.898 4.99439 2.24957 14537.7 3540.69 350.832 79.3947 34.6906 30.0283 20.2651 3606.99 2547.75 1249.86 1059.24 64.6708 53.902 159.888 10997
internal_count=231605 57327 57261 48521 174278 22668 1247 21421 846 22134 12196 12149 5132 193 132 152144 22307 2446 601 316 274 201 21259 15112 7419 6147 401 342 986 129837
cat_boundaries=0 1 2
cat_threshold=1 116
is_linear=0
shrinkage=0.04


Tree=167
num_leaves=31
num_cat=4
split_feature=9 26 19 27 0 9 19 22 19 21 14 26 27 17 27 1 1 24 15 26 17 14 26 7 9 22 16 9 19 11
split_gain=10.7509 15.2104 14.8315 9.57105 9.68934 13.9087 14.7543 16.4273 13.1073 9.74706 11.2364 10.5521 25.4998 9.55898 9.38218 8.99535 10.224 8.97286 18.9552 9.99933 8.96781 12.8565 20.0862 11.3762 8.91137 7.92959 9.58491 7.89666 7.79153 10.2574
threshold=22.500000000000004 1.6150000000000004 0 2.4208333333333338 5.5000000000000009 48.500000000000007 1 17.814166666666676 2 43.705000000000005 0.41696428571428584 5.9250000000000007 0.59366666666666645 0.76388888888888895 1.9826666666666666 32.150000000000006 31.675000000000004 5.5000000000000009 2.5000000000000004 3.5950000000000002 0.43650793650793657 0.10000000000000007 6.1850000000000014 4.166666666666667 34.500000000000007 -25.064166666666662 0.55000000000000016 71.000000000000014 3 8.5000000000000018
decision_type=2 2 1 2 2 2 1 2 1 2 8 2 2 10 2 2 2 2 10 2 10 8 2 2 2 2 10 2 1 2
left_child=1 -1 17 4 27 8 -7 -8 9 10 14 12 -11 -10 15 16 -6 25 -19 -20 21 22 23 -9 -13 26 -3 -2 -5 -30
right_child=3 2 -4 28 5 6 7 20 13 11 -12 24 -14 -15 -16 -17 -18 18 19 -21 -22 -23 -24 -25 -26 -27 -28 -29 29 -31
leaf_value=-0.026626815154278876 7.7223325506772119e-05 -0.012947326770927517 -6.9573579433243851e-05 0.012252671636295551 0.0022260770235694675 -0.0082555131971456096 0.0053231548019996707 -0.023066148063237681 -0.0079031411129902411 0.0026399806264588146 0.087919035768494677 -0.017072269899004299 0.19585780024874083 0.045589642939155593 0.095112418773939236 -0.025947833341430609 0.12103737175807186 -0.0085368916415886082 0.030631848312190769 0.13082773267460795 0.07037736538606601 0.0037501901322024313 0.12443011092327096 0.099796588439924061 0.026972826465198142 0.01537377216416178 0.052967365132726568 -0.041355688861937329 -0.0030132294440700269 0.034985761448368749
leaf_weight=22.272063395474106 21391.292984464439 30.475193341262639 250.25943259196356 172.72145964950323 20.441251474898312 76.246193677186966 99.111911120358855 4.2320459429174679 815.36426430079155 2.7218799209222189 2.0770581848919383 9.8405133858323079 1.8260113969445226 5.3801889624446622 1.3968211486935604 25.956223415443674 1.2284862806554873 5.3342112218961102 2.5856276666745543 4.1538671189919114 9.3788839373737556 17.086011449806392 4.4489418305456638 1.6862601134926078 29.036502758041024 212.026808782015 3.9921311512589446 7.3624398838728657 146.64728432893753 12.321104757487772
leaf_count=3757 183534 977 4235 859 702 2633 3982 126 24492 101 28 149 28 45 11 909 48 45 85 51 66 175 53 36 418 3164 54 121 743 64
internal_value=0.000102588 0.00572868 0.00714492 -2.81339e-05 -0.000127456 -0.00374161 0.00548549 0.0128541 -0.00588076 0.00780846 -0.00320634 0.0225682 0.0802183 -0.00746157 -0.00706725 -0.0100641 0.00896165 0.0136042 0.0477986 0.0923873 0.0366089 0.0250726 0.0602135 0.0119402 0.0158242 0.0124812 -0.00531285 6.29679e-05 0.00671714 -6.40279e-05
internal_weight=23388.9 531.099 508.827 22857.8 22526.1 1127.46 212.19 135.944 915.269 94.5247 51.0998 43.4249 4.54789 820.744 49.0228 47.626 21.6697 258.568 12.0737 6.73949 36.8321 27.4533 10.3672 5.91831 38.877 246.494 34.4673 21398.7 331.69 158.968
internal_count=231691 12368 8611 219323 217657 34002 7071 4438 26931 2394 1698 696 129 24537 1670 1659 750 4376 181 136 456 390 215 162 567 4195 1031 183655 1666 807
cat_boundaries=0 1 2 3 4
cat_threshold=12324770 1246869 524290 14203553
is_linear=0
shrinkage=0.04


Tree=168
num_leaves=31
num_cat=7
split_feature=9 19 5 0 26 19 11 19 19 30 22 1 1 29 29 14 27 9 20 29 19 1 1 19 11 20 20 16 1 27
split_gain=10.2603 12.6767 10.119 9.95289 15.6215 14.8049 10.1454 20.3466 14.2202 11.0877 10.6694 16.6216 16.1285 12.4904 26.8205 11.7838 10.2511 19.3118 10.1437 9.97771 9.8779 16.4347 14.0137 9.59038 10.464 9.4388 9.43878 12.6764 9.29422 9.04735
threshold=34.500000000000007 0 1.5000000000000002 1.5000000000000002 7.4750000000000005 1 4.5000000000000009 2 3 4 17.539166666666677 29.980000000000004 28.745000000000001 4.5850000000000009 4.4050000000000011 -0.1166666666666666 -1.7818333333333334 49.500000000000007 38.185000000000009 7.8350000000000009 5 52.790000000000006 16.755000000000006 6 11.500000000000002 53.875000000000007 40.840000000000011 0.36666666666666675 39.065000000000005 -1.1833333333333331
decision_type=2 1 2 2 2 1 2 1 1 1 2 2 2 2 2 8 2 2 2 2 1 2 2 1 2 2 2 8 2 2
left_child=1 -1 -3 4 20 6 7 19 -8 -9 11 12 -10 14 15 -14 17 -13 -12 -5 -2 22 23 24 -22 -4 27 -20 -27 -7
right_child=3 2 25 5 -6 29 8 9 10 -11 18 16 13 -15 -16 -17 -18 -19 26 -21 21 -23 -24 -25 -26 28 -28 -29 -30 -31
leaf_value=0.0028059446910805577 -0.0022840282256039422 0.0025527546741262687 -0.0014011582773362675 -0.0093207876329055826 0.013754221925274169 -0.010350595916016954 -0.0086251343039933769 0.0076219713224207853 -0.00080290910504358872 -0.00094022894684688625 -0.014113039910927301 0.1466903223675087 0.11034889030939611 0.011682458420626618 0.17941735843164697 0.010472144968131153 -0.0075523984202902211 -0.041475901363724754 0.08247988733577534 0.0274739548360085 0.015289355588596594 0.020542732861832575 0.00035404688889645818 0.0023418783156649581 0.056520927596842088 -0.0167180794082342 0.003785970872154449 0.014193814827927666 0.010016743664580108 -1.3527207561591728e-05
leaf_weight=3529.226549674524 1712.6580758839846 1132.7592707064468 2300.1403015458491 396.79415736952797 140.6458480656147 138.55682923202403 980.71351598016918 391.79863456171006 307.69449024228379 608.88960932008922 47.16816895455122 1.9133243802934878 2.3635016684420407 44.261993410997093 2.3138781031593671 9.4356283093802613 881.22512698592618 1.6045375126413999 5.5617688959464457 12.152931440621613 110.81632452458143 69.968517899513245 3803.3056641370058 159.79296518117189 10.808752462267874 117.71522382460535 315.84765231329948 19.957350067794323 25.272221871651709 6083.0402890774421
leaf_count=37666 7767 9270 29302 4837 751 4632 14165 4754 4441 7308 525 79 77 603 41 159 12659 67 59 91 507 313 17392 735 52 861 2172 178 192 69929
internal_value=-0.000158286 0.00110974 -0.000570579 -0.0007124 0.000580332 -0.00147003 -0.00335503 -0.000627074 -0.00483552 0.00245437 -0.00250058 -0.00431435 0.00285413 0.0221304 0.0548976 0.0304786 -0.00728036 0.0608655 0.00327412 -0.00803095 0.000264542 0.00131745 0.000991356 0.00960445 0.0175136 -0.00202105 0.00567658 0.0290764 -0.0119929 -0.000243346
internal_weight=23364.4 7105.11 3575.89 16259.3 6008 10251.3 4029.7 1409.64 2620.06 1000.69 1639.35 1250.81 366.069 58.375 14.113 11.7991 884.743 3.51786 388.535 408.947 5867.35 4154.69 4084.72 281.418 121.625 2443.13 341.367 25.5191 142.987 6221.6
internal_count=231584 77291 39625 154293 27517 126776 52215 16990 35225 12062 21060 18126 5321 880 277 236 12805 146 2934 4928 26766 18999 18686 1294 559 30355 2409 237 1053 74561
cat_boundaries=0 1 2 3 4 5 6 7
cat_threshold=9496347 8835976 131592 8671232 155 648194 3152201
is_linear=0
shrinkage=0.04


Tree=169
num_leaves=31
num_cat=1
split_feature=9 27 29 1 20 26 20 14 1 17 20 4 12 26 12 29 1 20 30 14 0 21 7 7 24 27 1 3 4 14
split_gain=10.4154 11.283 13.7754 11.7078 12.1557 11.226 13.7057 12.6733 15.3679 13.6056 15.548 11.9484 10.252 9.67575 9.60847 14.9557 8.93823 8.85512 14.1628 8.82265 8.35298 8.35282 8.33244 8.64075 8.18917 8.57212 7.84819 7.87838 10.4055 7.83744
threshold=34.500000000000007 1.7520833333333339 8.8850000000000033 37.965000000000011 54.225000000000001 6.8850000000000007 48.545000000000009 -0.030191798941798961 35.895000000000003 0.5277777777777779 42.435000000000009 -0.05666666666666708 5.0500000000000007 6.535000000000001 1.9500000000000002 6.7550000000000008 34.695000000000007 53.305000000000007 0 0.4335978835978837 5.5000000000000009 70.105000000000004 5.140833333333334 -9.0766666666666644 3.5000000000000004 1.0616666666666672 35.82500000000001 7.0450000000000008 0.038333333333332671 0.41696428571428584
decision_type=2 2 2 2 2 2 2 8 2 10 2 2 10 2 8 2 2 2 1 10 2 2 2 2 2 2 2 2 2 10
left_child=12 3 5 29 14 7 22 8 -3 10 11 -9 17 -13 15 -5 -11 21 20 -17 -19 -1 23 -7 25 -6 27 28 -12 -2
right_child=1 2 -4 4 24 6 -8 9 -10 16 26 13 -14 -15 -16 19 -18 18 -20 -21 -22 -23 -24 -25 -26 -27 -28 -29 -30 -31
leaf_value=0.0022282203627036106 -0.0012165757144912538 0.0049469348821922238 0.044269112154947499 0.0011857397515547775 -0.021014834558161749 0.053645578113468873 0.0044843960307950192 -0.026105825982188788 0.063769211506760418 0.0021678204954533797 -0.0013542647114900711 0.012076971599506174 -0.0097670193446185195 0.058947245784301348 0.001508600625741317 0.024346090774841862 0.045603200614611733 0.0049182549593960101 -0.010114289923905052 0.072377073891752963 -0.020859255291543727 -0.011496978024360165 0.047217420472272426 0.0063169932800150328 0.0075376804088587018 -0.0028032498773564417 -0.013768528276595055 0.035679924053169831 -0.024447576759150783 -0.011205065372969916
leaf_weight=6378.0145364759956 11134.640003111213 23.519333433359861 12.892054513096808 50.333881057798862 84.810708570294082 7.5041472464799872 650.29444347321987 12.050697080790995 10.183296516537665 15.349180974066259 265.1590230576694 73.382315926253796 127.74791907519102 7.7957284972071639 3356.8426865972579 26.8214754126966 14.976443178951738 261.37766904011369 245.103401186876 7.9274778850376597 21.789850971661508 71.74203335121274 17.997657038271427 34.766902182251215 42.56215454544872 80.705295354127884 167.65189196169376 8.1940382905304414 35.384186096489429 127.12319228798151
leaf_count=64487 110586 129 64 352 796 42 3507 61 56 78 1423 386 8599 41 33436 176 77 1621 1697 46 292 506 90 190 318 513 903 47 213 827
internal_value=0.000184566 -0.000373458 0.00311836 -0.000691244 0.0012775 0.00272369 0.00617562 -0.00114725 0.0227202 -0.00248804 -0.00387792 0.0110607 0.00146218 0.016578 0.00184507 0.01512 0.0236186 0.00166775 -0.00331116 0.0353037 0.00283456 0.00207555 0.0244238 0.014719 -0.0081109 -0.0121349 -0.00680139 -0.00301807 -0.00407314 -0.00132933
internal_weight=23374.6 16268.9 1357.1 14911.8 3650 1344.21 710.563 633.646 33.7026 599.944 569.618 93.2287 7105.78 81.178 3441.93 85.0828 30.3256 6978.03 528.271 34.749 283.168 6449.76 60.2687 42.271 208.078 165.516 476.389 308.737 300.543 11261.8
internal_count=231559 154357 7307 147050 35637 7243 3829 3414 185 3229 3074 488 77202 427 34010 574 155 68603 3610 222 1913 64993 322 232 1627 1309 2586 1683 1636 111413
cat_boundaries=0 1
cat_threshold=342
is_linear=0
shrinkage=0.04


Tree=170
num_leaves=31
num_cat=0
split_feature=0 31 15 5 3 3 20 20 13 6 12 12 29 29 1 0 13 22 3 31 0 24 21 13 12 7 22 1 11 29
split_gain=7.6983 19.0188 14.135 10.6141 10.6582 8.75458 8.85518 9.42354 9.34025 8.50747 9.72068 11.1144 16.7262 9.61853 8.179 8.79019 8.09055 8.03663 10.313 12.3417 10.0449 8.63088 12.8126 10.9522 11.6061 10.4484 10.7299 9.11587 8.84485 8.81073
threshold=2.5000000000000004 2.5000000000000004 5.5000000000000009 1.5000000000000002 7.1250000000000009 6.7350000000000012 21.755000000000003 38.340000000000011 0.86607142857142871 12.590000000000002 4.6125000000000007 5.1833333333333345 1.0000000180025095e-35 7.4050000000000011 37.635000000000012 1.5000000000000002 0.61250000000000016 -28.619999999999994 6.785000000000001 2.5000000000000004 1.5000000000000002 4.5000000000000009 29.640000000000004 0.29285714285714287 2.9500000000000006 10.248333333333333 10.679166666666669 35.895000000000003 11.500000000000002 7.035000000000001
decision_type=2 2 10 2 2 2 2 2 10 2 10 8 2 2 2 2 8 2 2 2 2 2 2 8 8 2 2 2 2 2
left_child=3 2 -2 17 5 6 -5 -8 -9 10 13 12 -12 -3 15 -6 -15 18 19 -1 -20 25 -23 -24 28 26 27 -19 -25 -29
right_child=1 9 -4 4 14 -7 7 8 -10 -11 11 -13 -14 16 -16 -17 -18 21 20 -21 -22 22 23 24 -26 -27 -28 29 -30 -31
leaf_value=-0.019068900231501863 -0.0022591829586834163 -0.0085315711422338583 -0.011975240677023498 -0.010877994233696264 0.0086780953743380591 0.00027132379013892805 0.0017833969561450416 -0.0052734133810331844 0.023257775872658617 0.00099371871061757345 0.17693490325994027 -0.041479143225159734 0.027823179565585065 0.0022675875752665902 -0.0053044262424469689 0.037039654765929096 0.059116474906139631 -0.0020122834617046842 0.018593256762032606 0.024613818473819282 0.074382064393467479 -0.012055539256007898 0.016546569440809917 0.0012390342131383754 -0.010553041359975273 0.0092061176847615285 0.0053797068799804372 0.0029874540008169048 0.026883799615735723 0.025523964830610812
leaf_weight=19.136647099629045 4572.9695512778126 303.31937654828653 252.81720905611292 197.83951776754111 44.814638629555702 7266.6244228826836 642.22793453931808 828.41012514382601 18.774636350572109 5540.8258157945238 1.4622895671054683 2.5392945432104179 6.8045863430015743 11.69944155495614 29.125006623566151 28.670756414532661 6.0907288026064625 1113.1610243525356 14.810504943132402 22.5342564471066 7.9279393609613171 160.95414843410254 64.115050449967384 113.215565495193 128.13936383277178 370.60740359500051 984.15121591463685 586.16851465776563 26.568308673799038 29.135732606053352
leaf_count=113 62760 4252 8874 1651 208 47045 3926 4485 100 77835 67 239 222 93 180 264 44 6132 71 135 84 870 321 556 627 1935 5072 3253 150 161
internal_value=-0.00011725 -0.000907711 -0.0027682 0.000548789 -0.000184472 -0.000331369 -0.00292703 -0.0018709 -0.00464113 0.000621098 -0.00559923 0.0317159 0.0541989 -0.00685498 0.0126339 0.0197435 0.0217306 0.00237286 0.0163767 0.00455328 0.0380445 0.00212065 -0.00279361 0.00169607 -0.00185771 0.00290641 0.00204572 0.000147423 0.00611326 0.0040546
internal_weight=23395.6 10698.5 4825.79 12697.1 9056.49 8953.88 1687.25 1489.41 847.185 5872.74 331.916 10.8062 8.26688 321.11 102.61 73.4854 17.7902 3640.63 64.4093 41.6709 22.7384 3576.22 492.992 332.038 267.923 3083.22 2712.62 1728.47 139.784 615.304
internal_count=231725 154386 71634 77339 57859 57207 10162 8511 4585 82752 4917 528 289 4389 652 472 137 19480 403 248 155 19077 2524 1654 1333 16553 14618 9546 706 3414
is_linear=0
shrinkage=0.04


Tree=171
num_leaves=31
num_cat=6
split_feature=28 19 9 9 14 3 30 19 11 30 14 11 4 3 22 12 14 22 5 19 29 1 11 1 19 12 27 9 29 6
split_gain=8.36269 10.025 13.3192 13.6439 12.9834 10.4015 10.1516 9.60134 9.5084 9.38482 10.5291 11.9651 8.92905 10.8877 13.937 12.2546 10.4459 9.99521 16.3516 9.59782 10.821 9.46586 9.95799 9.07658 8.91526 8.62566 12.2703 11.1306 9.87069 9.29825
threshold=1.5000000000000002 0 37.500000000000007 35.500000000000007 0.17976190476190482 6.7750000000000012 1 2 4.5000000000000009 3 0.23346560846560852 5.5000000000000009 0.041666666666666526 6.8850000000000007 2.750833333333333 2.9500000000000006 0.1480059523809524 10.679166666666669 4.5000000000000009 4 7.5650000000000004 14.565000000000003 5.5000000000000009 51.740000000000002 5 3.2361111111111116 1.4216666666666673 42.500000000000007 6.5650000000000004 33.135000000000012
decision_type=2 1 2 2 10 2 1 1 2 1 10 2 2 2 2 8 10 2 2 1 2 2 2 2 1 10 2 2 2 2
left_child=1 2 3 6 5 -5 -1 8 -2 10 24 -12 -9 -14 15 -15 17 18 -16 -19 -21 22 -20 -17 -3 26 27 29 -27 -4
right_child=7 9 25 4 -6 -7 -8 12 -10 -11 11 -13 13 14 16 23 -18 19 21 20 -22 -23 -24 -25 -26 28 -28 -29 -30 -31
leaf_value=0.0084637352550252353 0.0024019488643702044 0.0054162272798403193 0.014919122157802589 -0.021264782576051803 -0.036587115879286002 0.011168576962420518 -0.0073171382770658546 -0.0011455895672425403 -0.00073560766604608752 0.00019759307966334561 0.001826191332247295 0.012601149746033638 -0.0098774164251206557 0.0092749498521101283 0.086610305410441291 -0.012035789383130999 -0.010105091737612306 -0.012316614030968046 0.014837921377471572 0.0056165382829367928 0.061734517507157499 0.010891935191552972 0.1229726970605006 0.047039273563345037 -0.00069538440257454299 0.0023796258381778815 0.0051864480548427429 -0.014763397550747162 0.024339380892579584 -0.0095374500402884282
leaf_weight=76.417488900944591 2431.0573138657492 639.38392591103911 49.500313682481647 40.967410832643509 44.747273210436106 25.774676464498043 275.80438866466284 9267.6867559079546 4242.0857731045689 3065.9100513141602 296.16163366660476 372.03232482075691 435.35492994938977 57.799316036514938 5.107425174675881 256.98917606030591 60.619936936534941 47.481333954259753 2.9518780745565882 59.486828394699842 6.0575392870232454 109.31532823713496 2.5307724578306079 4.2298398446291676 927.60704130865633 98.519644450396299 232.41099561005831 144.15445513650775 49.058044737204909 49.994553586468101
leaf_count=451 24293 4167 330 240 250 176 1617 100237 48030 19132 1672 2106 8099 958 72 6351 639 642 44 794 59 1735 46 99 5824 634 1288 946 316 317
internal_value=-0.000311926 0.000921804 -0.00256344 -0.00772102 -0.0199164 -0.00873956 -0.00386079 -0.000775857 0.000406809 0.00163843 0.00360509 0.0078254 -0.00153982 -0.00504106 -0.00160384 -0.00739147 0.0046859 0.00853523 0.01658 8.30872e-07 0.00937289 0.0134643 0.0647526 -0.0110792 0.00182848 0.00123043 -0.00138878 -0.00766072 0.00967953 0.00263009
internal_weight=23377.2 6388.44 1087.35 463.711 111.489 66.7421 352.222 16988.8 6673.14 5301.09 2235.18 668.194 10315.6 1047.92 612.569 319.018 293.551 232.931 119.905 113.026 65.5444 114.798 5.48265 261.219 1566.99 623.638 476.06 243.649 147.578 99.4949
internal_count=231564 39466 6565 2734 666 416 2068 192098 72323 32901 13769 3778 119775 19538 11439 7408 4031 3392 1897 1495 853 1825 90 6450 9991 3831 2881 1593 950 647
cat_boundaries=0 1 2 3 4 5 6
cat_threshold=65562 33 590943 452 9592832 9212228
is_linear=0
shrinkage=0.04


Tree=172
num_leaves=31
num_cat=1
split_feature=7 20 22 0 11 30 27 24 18 9 1 4 4 14 4 4 22 14 31 27 22 22 4 21 29 20 27 13 24 7
split_gain=7.6993 13.9837 8.49827 6.6407 14.1114 13.2887 12.2735 13.296 9.17885 12.4477 10.8084 11.4092 9.78083 8.80571 17.1441 8.77961 14.2025 11.0591 12.7145 8.98479 16.7139 8.71864 8.48971 9.97925 14.8267 10.4608 8.43419 8.70771 11.9002 9.11538
threshold=-10.173333333333334 15.205000000000002 -38.267499999999991 1.5000000000000002 9.5000000000000018 0 1.2636666666666667 3.5000000000000004 1.0000000180025095e-35 58.500000000000007 43.145000000000003 -0.015000000000000123 0.12333333333333353 -0.21666666666666656 -0.086333333333333581 -0.021666666666666941 18.101833333333335 -0.066666666666666666 3.5000000000000004 -0.17333333333333353 -9.5366666666666617 -19.524166666666662 0.024500000000000192 69.310000000000016 7.1550000000000011 41.82500000000001 2.0400000000000009 0.10555555555555557 4.5000000000000009 -2.0516666666666672
decision_type=2 2 2 2 2 1 2 2 8 2 2 2 2 10 2 2 2 8 2 2 2 2 2 2 2 2 2 10 2 2
left_child=1 -1 -2 5 8 26 13 21 9 10 22 15 -13 14 -7 -12 17 18 19 20 -17 -8 -5 24 -24 -26 27 -4 -29 -30
right_child=2 -3 3 4 -6 6 7 -9 -10 -11 11 12 -14 -15 -16 16 -18 -19 -20 -21 -22 -23 23 -25 25 -27 -28 28 29 -31
leaf_value=-0.021845147466206957 -0.01443286461228668 -0.0019347263298840867 0.0099513422901712084 -0.00037156654928757944 -0.0027890172961139072 -0.042828576243990425 0.040949792451129792 -0.0043790678500649259 0.0012103381974885076 -0.015803413450886327 0.010736964860933805 -0.0011617708248144465 0.085353378935963356 -0.00013445245640347851 -0.0044354451176491375 -0.017385206364278951 0.11944174492395235 -0.0012641593043043956 0.1375663726372684 -0.03050364212297077 0.1676075760543092 0.0071028626493199768 -0.0055378543098282898 -0.043708948014644713 0.068398882770279085 0.010893092971780507 0.020461954638792162 0.0035853314901203698 -0.017548679763583756 -0.00050856055879134406
leaf_weight=58.449339719489217 63.51859159138985 1641.1060215095058 282.80767143517733 2625.8314578626305 2892.9077556990087 19.534626550972462 12.447110727429388 189.71925193816423 7067.3326848996803 91.332045338116586 106.87415615678765 179.47636981867254 2.1154379453510037 4289.9219155460596 392.81081963330507 1.6102076484821783 3.0030506215989581 10.518783520907169 2.4266383158974349 2.399104909971352 1.5182033954188225 560.53394709527493 809.48757682088763 10.506651728413997 6.3066873438656357 25.630607228726149 47.351072981953621 1689.8193593993783 75.329849720001221 150.7362949848175
leaf_count=1945 863 16661 1350 38933 43314 97 63 932 68060 1754 1256 3418 35 19074 1963 57 21 114 47 24 28 3001 18683 121 87 292 286 7689 332 661
internal_value=-2.71899e-05 -0.00261946 0.000176648 0.000219709 -0.000304421 0.00116039 9.21626e-05 0.00479914 0.000352208 -0.00121125 -0.000859388 0.00629814 -0.00015392 -0.000671106 -0.0062543 0.0154266 0.0387644 0.0256491 0.0612398 0.0277317 0.0723909 0.00783813 -0.00149727 -0.00496694 -0.00448318 0.0222488 0.00374247 0.00339942 0.00243228 -0.00618668
internal_weight=23313.4 1699.56 21613.8 21550.3 13839.3 7711.01 5464.97 762.7 10946.4 3879.04 3787.7 309.942 181.592 4702.27 412.345 128.35 21.476 18.4729 7.95415 5.52752 3.12841 572.981 3477.76 851.932 841.425 31.9373 2246.04 2198.69 1915.89 226.066
internal_count=231161 18606 212555 211692 176244 35448 25130 3996 132930 64870 63116 5000 3453 21134 2060 1547 291 270 156 109 85 3064 58116 19183 19062 379 10318 10032 8682 993
cat_boundaries=0 1
cat_threshold=161
is_linear=0
shrinkage=0.04


Tree=173
num_leaves=31
num_cat=6
split_feature=4 19 30 20 20 3 0 19 24 12 19 30 11 4 9 8 22 28 12 22 7 19 12 29 31 20 7 20 18 7
split_gain=9.81855 16.1603 13.6402 9.48439 9.85206 14.2369 8.53558 20.5125 15.4091 14.3965 9.60089 22.0846 11.9829 14.6277 10.2628 9.60019 10.1109 10.1597 8.95756 11.3912 9.5835 8.04549 7.98629 7.87533 7.8462 7.799 8.12132 7.69704 10.5353 9.2273
threshold=-0.10999999999999986 0 1 30.620000000000001 26.885000000000002 6.6550000000000011 2.5000000000000004 2 1.5000000000000002 4.6458333333333348 3 4 1.5000000000000002 -0.036666666666666618 55.500000000000007 2.5000000000000004 -1.9400000000000028 4.5000000000000009 4.8944444444444457 -8.9426666666666677 6.8216666666666645 5 1.6458333333333337 8.2250000000000032 1.5000000000000002 9.6950000000000021 6.0383333333333367 37.220000000000006 0.22500000000000003 1.3966666666666703
decision_type=2 1 1 2 2 2 2 1 2 10 1 1 2 2 2 2 2 2 8 2 2 1 10 2 2 2 2 2 10 2
left_child=1 -1 3 4 5 -3 10 8 -8 23 12 -12 13 14 15 -2 17 -17 19 -15 -21 -4 -14 -10 -13 26 -24 -5 -29 -30
right_child=6 2 21 27 -6 -7 7 -9 9 -11 11 24 22 18 -16 16 -18 -19 -20 20 -22 -23 25 -25 -26 -27 -28 28 29 -31
leaf_value=-0.004674996938858784 0.036130815160568507 0.066108386600816027 0.012089318406151545 -0.006551850377411083 0.070719699501228347 -0.0033447032159370418 -0.0020051251872938471 -0.0026812441319943657 0.0035330690798666777 -0.013729946052926982 -0.0048024454689422 0.0034136402040113446 -0.0099782837206894882 -0.014847211658074431 -0.021176725729097547 -0.034055129845144173 0.022968017556078298 0.025413875564491213 0.027461674295907585 0.0016652077242533454 0.021542677582861866 -0.0039976336768460666 -0.024721013084545426 -0.016394439085650723 -0.00022909361613031862 0.0014408797751314191 0.018932924190469946 0.035299188420203818 -0.012016855254115274 0.024241831884599954
leaf_weight=167.08814986143261 49.255046628415585 7.7423044079914751 76.819940504617989 20.432196766138077 11.161641158163546 12.106234518811105 1774.2462156920228 5932.8830513588618 2620.2865453320555 81.957504851045087 1537.6601374875754 1242.7401673290879 102.50796866975725 54.731056174263358 9.175834007561205 12.061267010867597 46.156363315880299 7.4266129918396464 23.292708575725555 218.7715521287173 47.176774440333247 110.09154967684299 33.54206748586148 32.119888379238546 3963.0931097138673 5059.1817059125751 8.5585072953253967 41.460381332784891 21.002411663532257 24.1338748075068
leaf_count=1055 256 65 465 125 68 103 25696 89110 33686 3918 9334 7688 623 412 51 66 248 46 179 1391 273 651 399 266 23897 30956 87 231 113 123
internal_value=-0.000175124 0.00541549 0.010427 0.0197448 0.040654 0.0237468 -0.000295473 -0.00113835 0.000895897 0.00278156 0.000413404 -0.000606827 0.00162461 0.00775796 0.0195319 0.0227829 0.0127675 -0.0113922 0.00351095 0.00177127 0.00519129 0.00289222 0.00107607 0.00329175 0.000639274 0.00129821 -0.0158467 0.0155315 0.020742 0.00737027
internal_weight=23348.9 492.039 324.951 138.039 31.0102 19.8485 22856.8 10441.5 4508.61 2734.36 12415.3 6743.49 5671.84 468.047 124.075 114.899 65.6442 19.4879 343.972 320.679 265.948 186.911 5203.79 2652.41 5205.83 5101.28 42.1006 107.029 86.5967 45.1363
internal_count=231581 2999 1944 828 236 168 228582 152676 63566 37870 75906 40919 34987 2922 667 616 360 112 2255 2076 1664 1116 32065 33952 31585 31442 486 592 467 236
cat_boundaries=0 1 2 3 4 5 6
cat_threshold=2104836 329 570547 8804764 72 12755168
is_linear=0
shrinkage=0.04


Tree=174
num_leaves=31
num_cat=1
split_feature=9 1 14 29 6 22 3 14 7 8 20 10 4 22 16 22 29 23 3 6 20 1 14 29 4 13 3 8 18 1
split_gain=8.07321 12.165 13.1956 10.7214 13.459 10.2464 10.0612 9.04853 8.72513 10.4488 10.3537 17.6298 11.2135 12.7551 11.2227 12.3235 9.66273 9.39672 8.88177 8.6856 11.9148 8.40546 9.25094 9.50599 8.34589 8.34365 8.251 8.43013 11.7393 8.38369
threshold=47.500000000000007 37.475000000000009 0.25013227513227526 4.6250000000000009 26.375000000000004 -18.244499999999995 6.9750000000000005 -0.10539021164021165 27.417500000000008 1.5000000000000002 49.100000000000009 0 0.11500000000000067 -1.6083333333333305 0.22500000000000003 1.5416666666666654 5.9350000000000014 4.5000000000000009 7.0250000000000012 47.290000000000013 39.835000000000008 41.865000000000002 0.41696428571428584 6.5950000000000006 0.04500000000000038 0.70714285714285718 7.0150000000000006 4.5000000000000009 1.0000000180025095e-35 38.385000000000012
decision_type=2 2 8 2 2 2 2 10 2 2 2 1 2 2 8 2 2 2 2 2 2 2 10 2 2 10 2 2 8 2
left_child=8 5 3 4 7 -2 -7 -3 9 -1 11 -11 19 -14 15 -15 -16 -10 -17 21 -21 -13 23 -23 -8 -5 27 28 -9 -29
right_child=1 2 -4 25 -6 6 24 26 17 10 -12 12 13 14 16 18 -18 -19 -20 20 -22 22 -24 -25 -26 -27 -28 29 -30 -31
leaf_value=0.0022381529027037561 -0.010694426684754097 -0.0098536724448949672 0.012554019187949784 0.0028266384858452068 -0.009757993108870865 -0.0029131722482490215 0.0089673807142676507 0.11568375040096575 -0.014217052418247989 0.0032235628248114614 -0.0022006008936370537 -0.0008520623122384391 -0.0082458343196376814 0.14327720252882881 -0.0090280976210877356 0.0068381529229386848 0.050440308691931238 0.0089803928962778681 0.085126341036172781 -0.0037666142559276156 -0.031082322648507344 0.0036048060961110036 0.046319918038323568 -0.016057754819114714 -0.0046127883575019556 -0.04154016147098967 -0.038047665099833379 0.080502622732418733 0.022479090301645473 0.0080318629663511717
leaf_weight=3782.0209298536647 243.0548014533706 18.718884831760079 157.66595517750829 888.58900085743517 263.77719134325162 3000.0049012857489 218.8768250872381 3.9203967791982004 124.3357352449093 2733.0903903124854 3033.5370506625623 7523.5206732864026 17.4589321333915 2.533233602531257 10.819270168431105 4.9156896271742863 7.3357911994680753 36.037216390250251 4.3885943195782602 102.62653450854123 34.018513852730393 915.15212779073045 7.8646596483886233 41.10736433044076 108.20183594943956 6.8341966159641734 3.0370403258129945 2.9524135543033507 4.821029788814486 18.929051619023085
leaf_count=33789 3708 361 1096 8674 3720 30211 2241 60 922 21416 21660 87622 480 46 130 83 87 406 59 1186 256 10500 50 329 1692 52 49 36 61 284
internal_value=-0.000101009 -0.00153671 0.00166869 0.00025215 -0.00608031 -0.00276606 -0.00218687 0.0124403 0.0002848 0.000366562 -0.000123687 0.000428745 -0.000455296 0.0189358 0.0347585 0.0650604 0.0150009 -0.00900438 0.0437647 -0.000562515 -0.010567 -0.00040145 0.00311489 0.00275956 0.00447489 0.00248801 0.0248384 0.0310752 0.06428 0.0178102
internal_weight=23320.1 4939.38 1369.25 1211.58 316.156 3570.14 3327.08 52.3788 18380.8 18220.4 14438.4 11404.8 8671.74 47.4515 29.9926 11.8375 18.1551 160.373 9.30428 8624.29 136.645 8487.64 964.124 956.259 327.079 895.423 33.6599 30.6229 8.74143 21.8815
internal_count=231266 52245 14393 13297 4571 37852 34144 851 179021 177693 143904 122244 100828 885 405 188 217 1328 142 99943 1442 98501 10879 10829 3933 8726 490 441 121 320
cat_boundaries=0 1
cat_threshold=1
is_linear=0
shrinkage=0.04


Tree=175
num_leaves=31
num_cat=8
split_feature=20 19 10 20 27 19 18 19 22 14 19 3 29 19 29 22 13 22 20 29 20 4 27 19 27 20 6 17 23 19
split_gain=11.1053 12.0603 10.3581 16.3293 13.5994 12.3667 10.9184 13.9759 11.9238 10.8189 12.6209 11.5707 11.1716 10.5716 13.9322 13.9051 10.3828 10.3027 9.9191 9.84336 10.3214 10.5459 9.65887 10.2684 10.8524 9.64168 13.5821 9.8415 9.63086 9.602
threshold=53.585000000000008 0 1 41.970000000000006 0.80666666666666698 2 0.36666666666666675 3 -11.314166666666663 0.21111111111111119 4 6.6650000000000009 6.3150000000000004 5 7.0550000000000006 4.7733333333333325 1.0000000180025095e-35 35.742500000000007 20.320000000000004 6.535000000000001 47.925000000000004 -0.086333333333333581 1.3291666666666668 6 1.8800000000000006 42.725000000000001 40.920000000000009 0.41428571428571431 5.5000000000000009 7
decision_type=2 1 1 2 2 1 10 1 2 10 1 2 2 1 2 2 10 2 2 2 2 2 2 1 2 2 2 10 2 1
left_child=2 22 3 9 6 -6 8 18 29 11 -11 12 -1 14 15 28 -5 -7 -8 -9 21 -21 -2 24 -24 26 27 -18 -10 -4
right_child=1 -3 4 16 5 17 7 19 13 10 -12 -13 -14 -15 -16 -17 25 -19 -20 20 -22 -23 23 -25 -26 -27 -28 -29 -30 -31
leaf_value=0.0062720658100007621 -0.011129864960669802 -7.8370603432763945e-05 0.00046279248227835891 0.016402121589855687 -0.0055519498400842535 -7.5805593530278132e-05 -0.012118065389982557 -0.00068577092403645915 -0.0048495965407800851 0.0098244365848368549 -0.0095440318739738166 0.0069217938423627333 0.039304796051372069 0.0015724632345533458 -0.026030335723945999 0.0028497914582104981 -0.0092188302824800245 -0.018046462657602264 0.0090614573729570474 0.074031283361642067 -0.021326843852975959 0.01365287830983257 0.00022458220489569809 0.0016531632052773219 -0.021771973735772235 0.0010112630900360143 0.015394479983704711 -0.043089637110656186 0.02041730790524221 -0.0046312793071316364
leaf_weight=29.957158260978758 379.05826245993376 1193.928463852033 1032.0205151371192 67.689546342007816 1238.8306231554598 2056.7525395546108 37.41945076175034 999.42670400626957 1059.9812828854192 80.061773100867867 124.96856303326786 799.2999546113424 36.147104390896857 5883.2639652830549 37.486694160848856 735.70482499338686 166.29486782476306 52.343099866062403 649.20010416442528 4.8866345882415763 12.918231818825005 87.61906913574785 66.342564195394516 314.85134290158749 78.174478266388178 4646.6186848310754 34.420320155099034 14.960358038544653 24.69928718637675 1386.3571442151442
leaf_count=222 3213 8083 19094 519 7802 13099 542 10718 13548 554 801 6916 258 66071 363 7323 1300 310 6496 28 111 829 412 1802 422 34027 252 110 402 26118
internal_value=0.000136951 -0.00268816 0.00040652 0.0018134 -0.000146366 -0.00239968 0.000484752 0.00336393 -2.29454e-05 0.00629455 -0.00196721 0.00825191 0.024335 0.000742987 -0.00188202 -0.00139508 0.000844102 -0.000519335 0.00779371 0.000535617 0.0121653 0.0168424 -0.00632812 -0.00250361 -0.0109186 0.000627514 -0.00764017 -0.0120144 -0.00427424 -0.00247467
internal_weight=23331.7 2032.36 21299.3 6000.42 15298.9 3347.93 11951 1791.47 10159.5 1070.43 205.03 865.404 66.1043 7741.14 1857.87 1820.39 4929.98 2109.1 686.62 1104.85 105.424 92.5057 838.427 459.368 144.517 4862.29 215.676 181.255 1084.68 2418.38
internal_count=231745 13932 217813 44959 172854 21211 151643 18724 132919 8751 1355 7396 480 87707 21636 21273 36208 13409 7038 11686 968 857 5849 2636 834 35689 1662 1410 13950 45212
cat_boundaries=0 1 2 3 4 5 6 7 8
cat_threshold=2976792 1 8595032 9322511 3279093 7389440 2621448 12071992
is_linear=0
shrinkage=0.04


Tree=176
num_leaves=31
num_cat=9
split_feature=29 27 22 19 30 19 27 29 5 29 21 19 22 26 7 27 7 20 19 0 19 30 19 18 22 3 29 29 21 19
split_gain=9.82846 12.5292 11.7097 12.1064 12.6775 11.0156 10.8199 9.92824 9.8432 9.70132 10.5305 9.5062 11.2526 11.9862 10.8708 10.0817 20.3052 8.56253 14.8161 9.92659 10.2596 9.99856 11.0175 11.0349 11.8539 12.9481 10.7273 9.7468 13.1879 13.6763
threshold=2.2850000000000006 -2.4324999999999988 -15.318333333333328 0 1 2 0.20916666666666653 1.7850000000000004 3.5000000000000004 2.4050000000000007 4.7900000000000009 3 -17.647499999999997 2.8850000000000002 0.79250000000000054 -0.85166666666666624 -5.410000000000001 49.100000000000009 4 1.5000000000000002 5 6 7 0.29166666666666669 15.008333333333336 6.8750000000000009 8.8850000000000033 6.5250000000000012 42.895000000000003 8
decision_type=2 2 2 1 1 1 2 2 2 2 2 1 2 2 2 2 2 2 1 2 1 1 1 10 2 2 2 2 2 1
left_child=1 -1 3 -2 9 8 -6 -7 -3 10 -5 12 13 14 -9 -13 -17 27 -19 20 -20 22 23 -21 25 -25 -24 -4 -29 -30
right_child=2 5 17 4 6 7 -8 11 -10 -11 -12 15 -14 -15 -16 16 -18 18 19 21 -22 -23 26 24 -26 -27 -28 28 29 -31
leaf_value=-0.01622955580067597 -0.009317169142128004 0.0051412995033540991 8.8100206361859133e-05 0.071662301444901461 -0.0087369577915881059 0.00071285866720078922 0.0072578418083493607 0.034567637043549856 0.018993601655710086 0.0038877924703906376 -0.030842447720976662 -0.013390513556155706 0.0075477916856201976 0.031466811623467365 0.14585145969411747 0.083550591339125665 0.0031811512105383698 -0.0045884045798153372 -0.0021727129731215094 0.00078641024379819732 0.0072622913968765513 -0.0037883933000210095 -0.0016241205174923911 0.02460387015656932 0.0074429788980836598 0.082289946909436348 0.045963341745093367 0.012368559765056441 0.0060596673622382346 -3.6932522144668138e-05
leaf_weight=52.165094857336953 420.30356194917113 231.11693277070299 13344.293670616345 6.5803879708982986 339.23109039640985 1152.7322308323346 84.529716175980866 2.5509201649110791 127.27308912947774 327.22518162080087 2.1202054703608155 37.656368123134598 25.859492681920528 25.072209355887026 3.1250912053510547 5.968710138462483 31.972195846494287 1538.4427233664319 279.82638181000948 114.76626047398895 525.02029336988926 1063.5310353310779 553.38019485492259 42.430787052959204 68.911326207220554 7.2961753187701097 7.6844947617501012 207.06154963700101 852.04012526571751 1866.0829628133215
leaf_count=6720 6587 2418 133520 125 5679 14583 669 97 2051 4853 35 949 388 424 77 78 351 10638 1380 961 2738 8381 4275 354 393 68 53 1697 6454 14580
internal_value=0.0001371 0.0030699 -9.25707e-05 -0.00396715 -0.000873066 0.00368254 -0.00541853 0.00188889 0.0097875 0.00485178 0.0466834 0.0122859 0.0229418 0.0433495 0.0958381 0.00112339 0.0158245 0.00013077 -0.00147909 0.000333269 0.0040452 -0.00127287 0.00211564 0.00923369 0.0181836 0.0330678 -0.000955323 0.000546488 0.00263759 0.0018963
internal_weight=23346.3 1695.49 21650.8 1179.99 759.687 1643.33 423.761 1284.94 358.39 335.926 8.70059 132.205 56.6077 30.7482 5.67601 75.5973 37.9409 20470.8 4201.29 2662.85 804.847 1858 794.469 233.405 118.638 49.727 561.065 16269.5 2925.18 2718.12
internal_count=231576 28136 203440 17948 11361 21416 6348 16947 4469 5013 160 2364 986 598 174 1378 429 185492 29241 18603 4118 14485 6104 1776 815 422 4328 156251 22731 21034
cat_boundaries=0 1 2 3 4 5 6 7 8 9
cat_threshold=10945636 165 1581104 10536006 2657436 4399106 329 4198658 2622794
is_linear=0
shrinkage=0.04


Tree=177
num_leaves=31
num_cat=5
split_feature=9 7 19 1 7 7 5 16 29 14 28 30 29 29 1 12 7 7 19 27 27 20 20 13 20 20 27 19 16 19
split_gain=8.79645 8.47848 10.8337 9.70433 10.0097 13.1979 19.8462 9.20305 8.83576 8.61537 8.08651 15.0243 11.7951 11.4739 10.5145 12.427 12.422 8.09444 7.83456 9.88034 9.82809 9.26212 9.17496 8.13164 9.56213 9.89802 12.8448 8.90469 8.83839 8.45025
threshold=71.000000000000014 0.059166666666666153 0 46.645000000000003 1.1283333333333323 0.72916666666666796 3.5000000000000004 0.29166666666666669 6.245000000000001 0.55046296296296304 5.5000000000000009 1 4.285000000000001 7.2350000000000012 33.085000000000008 4.7638888888888902 1.466666666666667 9.3441666666666681 2 -0.50999999999999945 -1.3249999999999997 43.975000000000001 43.190000000000005 0.68333333333333346 60.065000000000005 51.010000000000012 1.9300000000000002 3 0.45000000000000007 4
decision_type=2 2 1 2 2 2 2 10 2 10 2 1 2 2 2 10 2 2 1 2 2 2 2 10 2 2 2 1 10 1
left_child=1 18 3 10 5 -5 -7 8 -6 -4 -3 12 -12 17 15 16 -14 -13 19 21 -20 22 -1 24 25 26 -21 -25 -29 -27
right_child=-2 2 9 4 7 6 -8 -9 -10 -11 11 13 14 -15 -16 -17 -18 -19 20 23 -22 -23 -24 27 -26 29 -28 28 -30 -31
leaf_value=-0.0038275202084817371 -0.046541945095877078 -0.001391394796305512 0.0019908776995616094 0.0094917295112235695 -0.00022940983413333407 0.01400342176235383 0.13194937688262748 0.010476335536639651 -0.034405751826298105 -0.024704015825538893 0.0026581836376225946 -0.0091363047416332631 0.091692665436154924 0.049793624170438915 0.011348704973551553 0.12180836251232961 0.02446285728200305 0.011056719735290956 -0.010687862097366748 0.0019470843804268207 -0.0013481218815650736 -0.040334636442887206 0.059773632496551932 0.0043130020094277214 0.018857808896352295 0.0038704869422344604 0.01741882459235233 -0.040209506649388389 -0.0068682723239673824 -0.0078020462684490165
leaf_weight=625.32249156315811 6.504555112682282 4674.8618663623929 6106.3483948498033 16.821981359040368 71.459343614289537 4.8825840326026064 4.2865961268544197 145.92338303290308 14.571654243394731 19.405089871957898 67.82119977613911 142.17107175383717 5.1220688829198471 6.4164501847699276 41.802922822535038 2.7749321768060318 31.077055608388036 40.898700441000983 184.97247431543656 3046.7909543649293 7088.3031895826571 11.089908177033065 3.6502425959333769 129.52930474746972 52.110273000784218 142.97549912054092 88.344986721873283 13.402937930077313 250.11707589775324 292.01219950523227
leaf_count=13277 124 39445 57377 159 861 39 50 1173 118 105 1860 3176 96 65 636 44 517 822 7441 27711 69378 157 45 887 365 1090 474 92 1702 2091
internal_value=-3.21623e-05 -1.91924e-05 0.000761019 -0.000568947 0.00699627 0.0305356 0.0691432 0.00435862 -0.00601809 0.00190321 -0.000959357 0.00501465 0.014014 -0.00264286 0.0252833 0.0402293 0.0339757 -0.00462508 -0.000764609 0.00051703 -0.00158347 -0.00409734 -0.00345841 0.00125388 0.00184684 0.00159854 0.00238306 -0.00421069 -0.00825094 -0.0040558
internal_weight=23331.8 23325.3 11396.6 5270.89 257.946 25.9912 9.16918 231.954 86.031 6125.75 5012.95 338.084 148.598 189.486 80.777 38.9741 36.1991 183.07 11928.6 4655.35 7273.28 640.063 628.973 4015.28 3622.23 3570.12 3135.14 393.049 263.52 434.988
internal_count=231377 231253 106543 49061 2400 248 89 2152 979 57482 46661 7216 3153 4063 1293 657 613 3998 124710 47891 76819 13479 13322 34412 31731 31366 28185 2681 1794 3181
cat_boundaries=0 1 2 3 4 5
cat_threshold=7538831 137 9505934 66688 8388738
is_linear=0
shrinkage=0.04


Tree=178
num_leaves=31
num_cat=5
split_feature=7 19 22 14 20 26 29 20 1 29 4 3 23 7 1 13 19 4 4 29 23 19 29 19 22 20 13 22 19 14
split_gain=8.87521 16.9064 12.4478 9.67546 9.60235 14.7516 9.63398 9.78254 9.54429 10.4294 10.0922 11.439 10.2265 13.5943 9.47167 9.33903 9.065 8.91512 11.8564 8.79427 15.2777 15.4332 16.18 14.8145 12.2559 11.8155 13.2137 11.8088 10.7744 10.6796
threshold=-5.6859999999999973 0 -26.392499999999995 -0.15737433862433856 14.870000000000003 4.1350000000000007 3.5650000000000004 22.800000000000001 44.010000000000012 3.2450000000000006 -0.076666666666665759 6.705000000000001 2.5000000000000004 -11.249999999999996 45.285000000000004 0.31666666666666671 1 -0.05666666666666708 -0.0016666666666673711 2.4050000000000007 4.5000000000000009 2 1.655 3 -13.456333333333331 30.270000000000007 0.10555555555555557 -28.619999999999994 4 -0.17959656084656081
decision_type=2 1 2 8 2 2 2 2 2 2 2 2 2 2 2 10 1 2 2 2 2 1 2 1 2 2 10 2 1 8
left_child=1 4 -3 14 -1 6 -6 15 9 16 11 12 -11 -14 -4 -8 -5 -18 -19 20 23 25 -23 -2 28 -22 -27 -24 -21 -29
right_child=19 2 3 8 5 -7 7 -9 -10 10 -12 -13 13 -15 -16 -17 17 18 -20 24 21 22 27 -25 -26 26 -28 29 -30 -31
leaf_value=-0.021436395840842875 -0.012695534824903952 -0.015872237116173339 -0.0086809909490656225 0.022945639143228336 -0.0055769426449861978 -0.0051120764375043931 0.026867242688496246 0.088639660020368966 -0.0068702947743165656 0.0088961334188764098 0.00091888880221844757 0.0022805887784927222 0.0041750753518196978 0.063901446936999506 0.019073964079511167 -0.019905813228462067 -0.029686463736559841 0.028557518873403166 -0.0077756317705824718 -0.0081502507701163157 0.0044440537051681573 -0.0019396708702259481 -0.019323094304499331 0.0032290163867678824 0.00020331858917002854 0.061257869950061869 0.014775516224667901 -0.0045411988325629567 -0.00058834623944725533 0.034589633898009745
leaf_weight=53.995440680300817 156.79094570386223 73.856425752863288 242.21397536224686 62.211006104480475 29.463849323801696 1663.44187955698 38.047525877598673 3.4129008310846976 189.47490490041673 26.430969957262278 1676.9739879989065 72.504430332221091 9.1906649619340914 18.116603242233396 21.411858600564301 8.3245402397587878 12.049317167839034 25.525630641262978 32.881977005628869 532.71934735635296 250.2232554720249 467.28257486899383 11.251713044242932 208.49791977205314 16442.518468708033 10.174590841401367 255.67598044779152 14.657336976146324 695.84628804214299 46.760011763079092
leaf_count=1962 2233 1421 4354 835 538 16559 681 58 1810 149 15970 442 61 123 384 130 91 290 481 7596 6903 7452 313 2627 144567 100 2279 509 10168 762
internal_value=-0.000209493 -0.00186046 0.000299947 0.000801172 -0.00479684 -0.00430881 0.0125519 0.023281 0.00169771 0.0025363 0.00173994 0.0126466 0.0266325 0.0437997 -0.00642672 0.0184707 0.0133604 0.00143641 0.00810289 0.000158838 0.00318586 0.00562494 0.000776536 -0.00386534 -8.46304e-05 0.0104796 0.0165545 0.0183494 -0.0039384 0.025251
internal_weight=23351.9 4259.53 2462.84 2388.99 1796.69 1742.69 79.2488 49.785 2125.36 1935.88 1803.22 126.243 53.7382 27.3073 263.626 46.3721 132.668 70.4569 58.4076 19092.4 1421.31 1056.03 539.952 365.289 17671.1 516.074 265.851 72.6691 1228.57 61.4173
internal_count=231848 46339 26411 24990 19928 17966 1407 869 20252 18442 16745 775 333 184 4738 811 1697 862 771 185509 23178 18318 9036 4860 162331 9282 2379 1584 17764 1271
cat_boundaries=0 1 2 3 4 5
cat_threshold=711000 5570691 5435888 7808448 467430
is_linear=0
shrinkage=0.04


Tree=179
num_leaves=31
num_cat=9
split_feature=0 19 12 4 22 10 20 20 19 21 6 21 19 20 1 29 19 11 19 14 6 30 19 16 1 22 29 1 19 21
split_gain=9.11061 15.8151 12.5863 9.68774 8.67788 8.10844 20.0186 15.5918 16.2319 10.5273 12.7859 10.0372 10.273 9.23143 8.35576 12.028 9.49316 12.3011 8.72527 11.7114 8.80097 8.84626 8.78255 10.233 9.72489 8.42681 8.25608 11.1362 13.1301 10.7325
threshold=5.5000000000000009 0 3.6125000000000003 -0.12333333333333261 38.285000000000011 1 28.095000000000002 48.900000000000006 2 38.730000000000011 39.095000000000006 69.310000000000016 3 58.565000000000005 28.010000000000002 5.8450000000000006 4 9.5000000000000018 5 -0.038888888888888869 40.215000000000011 6 7 0.29166666666666669 17.680000000000003 21.42583333333334 6.6950000000000012 27.595000000000002 8 49.695000000000007
decision_type=2 1 10 2 2 1 2 2 1 2 2 2 1 2 2 2 1 2 1 8 2 1 1 10 2 2 2 2 1 2
left_child=5 4 -3 -4 -2 6 -1 -8 9 10 -9 13 -13 14 15 18 17 -17 -7 -20 25 22 23 -22 -25 -21 -18 28 29 -28
right_child=1 2 3 -5 -6 11 7 8 -10 -11 -12 12 -14 -15 -16 16 26 -19 19 20 21 -23 -24 24 -26 -27 27 -29 -30 -31
leaf_value=0.06709657975865381 -0.01188589676218361 0.0018514635418421363 0.053846690914162172 -0.01199602661411028 0.034366093252596069 -0.0042010412261331833 0.0031242220598028496 0.0039037155582566253 -0.0032638210784919643 0.00065135932568313921 0.021800307674208076 0.0050402179345995788 -0.021866298379159526 0.016433783223805391 0.00028616221924926611 -0.0082680295018751158 -0.0055063938169107743 -0.02916803698185003 -0.0030381294601256794 0.0055435113378882609 0.037391790145085285 -0.011308915118222865 -0.0078948138475679868 0.036036619011174158 -0.0069653284568946972 -0.019874164818968556 0.062585444046490177 0.052470376570439119 -0.008236486205868929 0.012279349859793506
leaf_weight=7.4051517173647872 322.51011186116375 712.91374837094918 3.6581429294310501 158.11141342623159 6.6237182216718784 790.29853197233751 3668.4356244700029 245.35754706151783 1791.4053721167147 1426.3181805256754 86.351458532735705 34.827213412150741 56.761918568983674 53.258828315883875 11206.737274863059 216.45441906899214 419.01089683733881 56.903157847933471 781.19766607228667 927.83071986446157 21.519410817883909 110.61915505118668 49.970703903585672 11.233812674880026 33.528373779729009 21.349688362330198 8.731046397238968 7.9399988241493693 61.695161597803235 30.450762940570712
leaf_count=53 11033 16016 55 11379 59 8541 25416 1589 11615 9133 561 226 388 303 108721 1503 3089 610 10609 8054 168 873 408 86 267 128 51 60 427 201
internal_value=7.81174e-05 -0.00331071 -0.000429302 -0.0105071 -0.0106321 0.000262498 0.00136107 0.00129552 -0.000594496 0.00213195 0.00856261 -0.000270941 -0.0134721 -0.000189478 -0.000249478 -0.00194101 -0.00625348 -0.0121733 -0.00068349 0.000754437 0.00328008 -0.00379769 0.00398 0.0127939 0.00382672 0.0049718 -0.00290202 0.00685969 0.00326968 0.0187133
internal_weight=23329.4 1203.82 874.683 161.77 329.134 22125.6 7225.27 7217.87 3549.43 1758.03 331.709 14900.3 91.5891 14808.7 14755.5 3548.73 801.185 273.358 2747.55 1957.25 1176.05 226.871 116.252 66.2816 44.7622 949.18 527.828 108.817 100.877 39.1818
internal_count=231622 38542 27450 11434 11092 193080 48367 48314 22898 11283 2150 144713 614 144099 143796 35075 5941 2113 29134 20593 9984 1802 929 521 353 8182 3828 739 679 252
cat_boundaries=0 1 2 3 4 5 6 7 8 9
cat_threshold=8394261 1 13693793 2302227 11589697 8657954 355 1761680 4202538
is_linear=0
shrinkage=0.04


Tree=180
num_leaves=31
num_cat=6
split_feature=28 30 19 20 29 9 27 12 12 0 20 19 11 0 6 9 12 30 14 19 18 20 29 29 14 12 21 30 23 12
split_gain=12.4418 14.9556 15.2061 17.2684 12.9029 12.6345 10.7754 9.55927 10.183 12.7617 13.7 9.15485 13.7875 12.3258 8.98361 9.58627 9.06448 8.9794 11.5913 8.94405 10.2489 8.75913 8.6918 8.57706 11.5863 8.28365 8.25147 8.19165 8.10444 8.02474
threshold=1.5000000000000002 0 1 41.125000000000007 6.5650000000000004 22.500000000000004 0.44833333333333264 2.1339285714285716 2.4142857142857146 2.5000000000000004 56.610000000000007 2 2.5000000000000004 5.5000000000000009 30.675000000000004 51.500000000000007 2.2111111111111117 3 0.29319444444444448 4 0.77500000000000013 24.255000000000003 7.705000000000001 7.705000000000001 0.29319444444444448 2.3541666666666674 52.920000000000009 5 3.5000000000000004 1.6125000000000003
decision_type=2 1 1 2 2 2 2 8 10 2 2 1 2 2 2 2 8 1 10 1 10 2 2 2 8 10 2 1 2 8
left_child=1 -1 5 4 -4 -3 -5 22 9 10 28 12 26 21 29 19 -17 25 -19 -16 -21 -13 -8 -10 -25 -11 -2 -23 -9 -15
right_child=11 2 3 6 -6 -7 7 8 23 17 -12 13 -14 14 15 16 -18 18 -20 20 -22 27 -24 24 -26 -27 -28 -29 -30 -31
leaf_value=0.007488518489134708 0.0053066936776394466 0.035315217160436618 0.0030170328436234452 -0.019794680408770218 0.022156299300272735 0.0026338316776501527 -0.010756312961252195 0.015743980401295293 -0.0016818824443203964 -0.02416224503866729 -0.0085452094388535522 -0.0033529320519262635 -0.00023641127582854315 0.11205213400463336 0.0016824699137418832 0.10008463547208844 0.010718951639696977 -0.0045241580430278533 0.021007746354228744 -0.016858937744724377 0.056327832181284371 -0.0026799901815850553 0.0065407928181797116 -0.0097960381719848621 -0.061176886633680205 0.0060696912006680745 -0.011848514011085188 0.00029693875796634942 0.044117566162965999 -0.016965196300444348
leaf_weight=596.10083003994077 1097.1848423643969 19.046925710514188 408.97965718246996 57.757064673118293 65.365912398323417 2999.8643800010905 312.62622448056936 95.098002269864082 1395.4660144560039 44.882980329915881 33.462803557515144 2048.0421355643775 5305.4937509498559 0.77561431750655074 114.05130105046555 1.9195818435400713 33.662135556340218 74.76642107218504 45.926186759024858 116.36222326941788 3.1441970448940983 1940.5679931100458 54.599771901965141 100.06749341450632 7.5519482381641856 21.423025012016296 46.772363856434822 6113.7481723325327 19.391355112195015 140.49836969864555
leaf_count=3597 11499 117 2627 492 405 18366 1858 503 8808 324 182 30821 59296 18 5256 29 1630 537 273 5697 49 16783 325 649 41 148 419 53073 104 7898
internal_value=5.88894e-07 0.00151054 0.000876943 -0.00128017 0.00565447 0.00283065 -0.00273938 -0.00229269 -0.00111554 0.00519146 0.0139692 -0.000564888 0.000621409 -0.00129203 -0.00808856 -0.00380094 0.0155401 -0.00175345 0.00479408 -0.00674748 -0.0137803 -0.0010172 -0.00818455 -0.002521 -0.0134016 -0.0125081 0.00460528 -0.000423267 0.0205497 -0.0162569
internal_weight=23314.6 6352.38 5756.28 2737.36 474.346 3018.91 2263.02 2205.26 1838.04 334.951 147.952 16962.2 6449.45 10512.8 410.413 269.139 35.5817 186.999 120.693 233.558 119.506 10102.4 367.226 1503.09 107.619 66.306 1143.96 8054.32 114.489 141.274
internal_count=231824 39356 35759 17276 3032 18483 14244 13752 11569 2071 789 192468 71214 121254 20577 12661 1659 1282 810 11002 5746 100677 2183 9498 690 472 11918 69856 607 7916
cat_boundaries=0 1 2 3 4 5 6
cat_threshold=64 13646824 884830 137 5398912 264
is_linear=0
shrinkage=0.04


Tree=181
num_leaves=31
num_cat=2
split_feature=13 17 19 11 27 27 19 7 27 3 9 14 5 7 7 1 26 22 4 27 4 4 1 20 1 20 0 27 9 1
split_gain=7.07274 11.3404 14.3627 15.4225 13.9637 11.2344 10.875 10.9874 10.3235 11.516 10.0205 11.3551 9.75444 11.7397 9.59108 9.48164 12.4429 9.42558 10.0062 9.89879 8.96625 13.8539 11.0334 10.0641 8.8053 8.48216 8.41479 8.37375 8.10655 8.41559
threshold=0.31666666666666671 0.18333333333333338 0 8.5000000000000018 2.4208333333333338 -0.14449999999999982 1 4.5400000000000018 -0.90083333333333282 6.5850000000000009 41.500000000000007 0.14999999999999999 5.5000000000000009 5.7999999999999998 4.3533333333333344 39.065000000000005 5.0050000000000008 -21.570833333333329 -0.020000000000000014 -2.0481666666666656 0.036666666666666632 0.024999999999999915 32.565000000000005 17.965000000000003 60.265000000000008 20.555000000000003 3.5000000000000004 0.71633333333333316 35.500000000000007 33.165000000000006
decision_type=8 10 1 2 2 2 1 2 2 2 2 10 2 2 2 2 2 2 2 2 2 2 2 2 2 2 2 2 2 2
left_child=6 2 3 5 -4 10 7 8 9 -1 11 -2 24 -14 -10 16 -15 18 -9 -20 21 -21 -23 -22 -8 -7 28 -17 -18 -30
right_child=1 -3 4 -5 -6 25 12 17 14 -11 -12 -13 13 15 -16 27 26 -19 19 20 23 22 -24 -25 -26 -27 -28 -29 29 -31
leaf_value=0.059243925893056534 0.013107145998364711 0.00017421053943478577 -0.0054505254118561173 -0.0060792388874202265 0.030446526329793468 -0.041193722363460132 0.00017606877700273801 0.003839374919963104 0.0023856801209595465 -0.0054576391674783691 0.00093842736959325089 0.045200222075435205 -0.0081073363500512793 -0.01713206321850674 -0.019181319594719821 0.048063786973588998 0.075196477734837328 0.0048549757109131557 -0.030778124677475562 0.037394582070283705 0.087319712405326058 0.05101801630963726 0.18628738118467209 -0.016845925434413832 0.021355402726252439 0.0013264138064290043 -0.009377259528524676 -0.013703009693309691 0.040471228151968519 -0.019368864018898799
leaf_weight=4.4510916857980183 105.12437329255044 10664.100192149635 1668.4039169661701 407.83849928481504 17.520220570266247 7.5820644441992036 4739.7656368298922 39.010917905252427 2833.0536880698055 394.22233400330879 88.473156418651342 21.196225329302251 434.26798841217533 31.382980646332726 33.380673848092556 14.431378347566353 5.4008877649903324 1000.9131160762627 3.7620325079187742 28.672717546578497 1.8335813623853008 1.9448913531377905 1.9144826768897472 7.7849184847436845 31.617465884890407 753.11405803728849 11.686664513312278 4.6412171460688105 10.296319980174305 5.9236210323870173
leaf_count=63 1307 84718 15495 4707 91 69 54706 624 29502 11452 1096 225 8647 729 311 272 39 10374 375 419 56 38 45 143 361 5518 234 37 85 48
internal_value=0.000140531 -0.000442442 -0.002585 0.000449456 -0.00504754 0.00318362 0.000971016 0.00244926 0.00129572 -0.00473526 0.0112619 0.0184923 -0.000249112 -0.00546275 0.00213452 0.00824806 0.000940703 0.00594052 0.0187348 0.0313911 0.0369398 0.0469712 0.11812 0.00301124 0.000316413 0.000902604 0.0179692 0.0330332 0.0327508 0.0186173
internal_weight=23373.7 13733.4 3069.25 1383.33 1685.92 975.49 9640.36 4350.94 3265.11 398.673 214.794 126.321 5289.41 518.031 2866.43 83.7631 64.6905 1085.84 84.9235 45.9126 42.1506 32.5321 3.85937 9.6185 4771.38 760.696 33.3075 19.0726 21.6208 16.2199
internal_count=231786 113226 28508 12922 15586 8215 118560 53402 41328 11515 2628 1532 65158 10091 29813 1444 1135 12074 1700 1076 701 502 83 199 55067 5587 406 309 172 133
cat_boundaries=0 1 2
cat_threshold=10624218 6193262
is_linear=0
shrinkage=0.04


Tree=182
num_leaves=31
num_cat=3
split_feature=27 16 17 22 13 27 30 7 30 29 18 9 6 29 11 13 0 5 6 24 12 9 7 30 3 20 26 6 21 27
split_gain=9.44226 16.6419 12.3332 9.9116 6.83863 15.5899 11.6526 10.6656 14.6956 12.3843 13.6047 10.4875 9.14904 9.51708 9.0179 9.5786 9.13019 9.35739 15.0056 8.97564 8.65062 11.0824 10.3034 10.2932 14.9096 9.12548 9.42381 13.5821 23.1765 8.90125
threshold=-2.4324999999999988 0.22500000000000003 1.0000000180025095e-35 14.530833333333334 0.41428571428571431 1.9826666666666666 0 7.2400000000000047 1 3.2450000000000006 1.0000000180025095e-35 52.500000000000007 53.760000000000012 4.5850000000000009 7.5000000000000009 0.38750000000000007 1.5000000000000002 1.5000000000000002 46.170000000000009 9.5000000000000018 3.0500000000000003 36.500000000000007 5.2455000000000025 2 6.6350000000000007 18.220000000000002 4.3050000000000006 27.185000000000006 19.810000000000002 0.11999999999999945
decision_type=2 10 8 2 10 2 1 2 1 2 10 2 2 2 2 10 2 2 2 2 8 2 2 1 2 2 2 2 2 2
left_child=1 3 -3 -1 5 7 -7 20 9 10 -9 19 13 -11 15 16 -12 -18 -19 -10 22 -22 23 24 -2 -23 27 -27 -29 -30
right_child=4 2 -4 -5 -6 6 -8 8 11 12 14 -13 -14 -15 -16 -17 17 18 -20 -21 21 25 -24 -25 -26 26 -28 28 29 -31
leaf_value=-0.024718443973614796 0.036362233015893961 0.11329316903466775 0.0059156754203366141 0.12766832240510972 -0.00077462467379206046 0.014779798356521713 -0.00047034225954337502 0.0073903157433234824 0.0025363602063422541 -0.0012799867514844557 0.029503342085565806 -0.0080148482132192111 -0.0064179461021340936 0.011169056040916671 0.011037401082467002 0.017978155275184 0.13749140043161243 0.020196930512469183 0.13164757791362128 -0.018343423807662178 0.0012097769511659247 -0.0064770274516675877 -0.0084428313401983708 -0.00026501048798323247 0.0058161786223978364 0.015527468534562336 -0.0015325769338768445 -0.01333853992029641 0.0049225915308554625 0.029960113990275105
leaf_weight=56.010745768202469 26.468754006549716 2.4535756260156605 5.6585814189165839 0.69134869519621034 8928.2391417059116 204.0588536337018 136.2453686632216 47.014626963064075 1331.8872738794889 133.40671106940135 6.4102177768945721 189.79764738632366 83.282521678134799 372.88523176312447 12.619373837485908 9.015267316251995 4.1246691998094311 4.9714611200615746 3.162434883415699 33.776118602138013 3926.5044170888141 537.92405970860273 119.70184521190822 584.19422185281292 750.2284309300594 126.34462281223387 5317.4361791764386 130.11303929705173 233.37210644641891 25.169184213504195
leaf_count=7032 188 71 137 14 69461 1102 719 679 12815 1557 28 2104 766 3183 159 64 44 80 42 304 46333 9653 963 5076 6698 2101 54632 2076 3479 209
internal_value=5.21126e-05 -0.015194 0.0383927 -0.0228604 9.45626e-05 0.000635347 0.00909469 0.000429866 0.00296489 0.00783426 0.022009 0.000790423 0.00586782 0.00788876 0.0390619 0.0518364 0.0681868 0.0884151 0.0635286 0.00201995 -5.06338e-05 -0.000461711 0.00280822 0.00379785 0.00676998 -0.00149197 -0.0010322 0.0041343 0.000430586 0.00736001
internal_weight=23343.2 64.8143 8.11216 56.7021 23278.4 14350.1 340.304 14009.8 2232.35 676.893 87.3181 1555.46 589.574 506.292 40.3034 27.6841 18.6688 12.2586 8.1339 1365.66 11777.5 10296.9 1480.59 1360.89 776.697 6370.36 5832.44 514.999 388.654 258.541
internal_count=231769 7254 208 7046 224515 155054 1821 153233 21825 6602 1096 15223 5506 4740 417 258 194 166 122 13119 131408 118483 12925 11962 6886 72150 62497 7865 5764 3688
cat_boundaries=0 1 2 3
cat_threshold=283 259 372
is_linear=0
shrinkage=0.04


Tree=183
num_leaves=31
num_cat=8
split_feature=9 19 3 4 19 3 1 27 23 13 20 9 19 19 23 6 19 27 4 19 4 4 6 15 1 19 26 30 26 20
split_gain=9.71896 8.57818 8.52584 7.37164 19.4979 10.7896 9.148 9.00002 8.79803 8.00994 12.7043 10.588 18.4743 10.7683 10.285 8.12051 10.6019 10.0491 17.4332 9.06915 8.24175 8.10349 7.55106 7.38128 10.0281 10.4079 15.2114 9.09464 10.4205 7.87037
threshold=36.500000000000007 0 7.1550000000000011 -0.044999999999999478 1 6.8150000000000004 52.790000000000006 -0.02500000000000013 5.5000000000000009 0.21111111111111114 1.0000000180025095e-35 23.500000000000004 2 3 1.5000000000000002 33.775000000000013 4 -0.14449999999999982 -0.034999999999999691 5 0.029166666666666789 -0.036666666666667506 33.135000000000012 1.5000000000000002 29.640000000000004 6 3.9550000000000005 7 7.5050000000000008 53.305000000000007
decision_type=2 1 2 2 1 2 2 2 2 8 2 2 1 1 2 2 1 2 2 1 2 2 2 8 2 1 2 1 2 2
left_child=1 2 -1 4 7 -6 -7 -3 -9 10 -5 12 -12 21 -14 19 17 18 -17 -15 -19 -13 -16 24 27 26 -26 -11 -29 -28
right_child=-2 3 -4 9 5 6 -8 8 -10 23 11 13 14 15 22 16 -18 20 -20 -21 -22 -23 -24 -25 25 -27 29 28 -30 -31
leaf_value=0.0030472140650229847 -0.0006232393710684489 0.00071496637736786638 0.050173348348750604 -0.027665268290865574 0.0024368597525602619 -0.0071138059029712732 0.038630081908755366 0.013303772237113359 0.048988287757693288 0.0033779805106384404 0.022674995486573341 -0.017007372965900498 0.085472388659700957 0.000842854848543862 0.0079601578595390708 0.04721431963481032 0.0082540839852682287 0.010569064730719294 -0.029624782800809189 -0.010527684483191458 -0.046883290370736665 0.010234022784633002 -0.01408320330079234 -0.0026905701768545078 0.070125828930222595 -0.0007614124413054394 0.0091197872859756744 -0.010559873838197524 0.032382647065232861 -0.00579200066210448
leaf_weight=2284.9828987149522 14439.257748876698 98.840296730864793 6.1588882175274184 22.167767782928422 933.5188451022841 311.58332715719007 7.1555164088495067 251.50077727902681 11.562916981056331 157.52815962117165 96.691892085131258 18.798858880065382 2.12290887068957 235.50689389137551 47.80761748040095 5.3227415494620791 222.03742872201838 42.386584650725126 42.014491196721792 208.17734615434892 4.4107934022322288 247.46944802929647 51.809494631597772 2398.0376002998091 6.169313113205134 502.00194149045274 377.25508716702461 247.19720779545605 9.3846276514232141 66.633824088610709
leaf_count=23334 138409 1173 72 3429 6763 2496 55 1536 84 1195 2430 171 27 3354 1384 55 2846 352 744 3139 55 3342 1319 24883 80 3872 2834 1835 57 451
internal_value=1.79608e-05 0.00105634 0.0031601 0.000323545 0.00267492 0.000265183 -0.00608688 0.0107098 0.0148723 -0.000433253 0.00234561 0.00288889 0.011347 0.00125326 -0.00150024 -0.00120397 0.00367866 -0.00722302 -0.0209848 -0.0047105 0.00515401 0.00800993 -0.00350429 -0.00135363 0.000993113 0.00325329 0.00757985 -0.00420315 -0.00865202 0.00688132
internal_weight=23355.5 8916.24 2291.14 6625.09 1614.16 1252.26 318.739 361.904 263.064 5010.93 1246.72 1224.56 198.432 1026.12 101.74 759.856 316.172 94.1346 47.3372 443.684 46.7974 266.268 99.6171 3764.21 1366.17 952.06 450.058 414.11 256.582 443.889
internal_count=231776 93367 23406 69961 12107 9314 2551 2793 1620 57854 22647 19218 5160 14058 2730 10545 4052 1206 799 6493 407 3513 2703 35207 10324 7237 3365 3087 1892 3285
cat_boundaries=0 1 2 3 4 5 6 7 8
cat_threshold=44304 8524416 3952800 65611 8393344 13111844 13697674 28
is_linear=0
shrinkage=0.04


Tree=184
num_leaves=31
num_cat=1
split_feature=18 12 8 14 5 29 20 28 11 0 9 26 12 13 4 21 30 20 14 8 20 21 14 14 20 0 9 23 11 9
split_gain=12.0976 8.64293 8.31535 12.1815 9.04072 13.6622 10.831 10.1162 9.37915 9.59143 9.02117 8.90757 8.83647 8.2545 10.9854 11.0231 8.917 14.7505 12.4989 11.4619 11.9145 10.4524 10.1323 9.31656 8.788 8.24159 7.91734 8.58601 8.00093 8.25523
threshold=0.36666666666666675 1.6125000000000003 5.5000000000000009 -0.23882275132275127 1.5000000000000002 2.9350000000000005 51.010000000000012 1.5000000000000002 11.500000000000002 2.5000000000000004 32.500000000000007 7.035000000000001 2.2928571428571431 0.5277777777777779 -0.081666666666665652 25.070000000000004 0 55.835000000000008 0.16490740740740747 4.5000000000000009 33.655000000000008 64.315000000000012 0.23346560846560852 0.55046296296296304 63.565000000000005 2.5000000000000004 26.500000000000004 2.5000000000000004 7.5000000000000009 52.500000000000007
decision_type=10 8 2 10 2 2 2 2 2 2 2 2 10 10 2 2 1 2 10 2 2 2 10 10 2 2 2 2 2 2
left_child=1 -1 -3 -4 5 -5 7 10 9 -8 -6 -11 -12 14 15 -2 18 19 21 26 22 24 -21 -22 -15 -24 27 -18 -28 -30
right_child=13 2 3 4 6 -7 8 -9 -10 11 12 -13 -14 16 -16 -17 17 -19 -20 20 23 -23 25 -25 -26 -27 28 -29 29 -31
leaf_value=0.046290116775968622 -0.0057263072297745569 -0.00016455457759388382 -0.013515601201026666 0.024950842105981148 0.018555805856840309 0.00085033008333789491 -0.026162974156834617 -0.0037481393155691018 0.012111556225054915 -0.018151969774965901 0.048563484710498185 0.0095026326177002282 -0.00037331470409365618 -0.005782364164840844 0.002377902450535662 0.016301929217828807 -0.022726274670170063 -0.010783664530544346 0.0041281849515615492 -0.0094257166956061966 -0.0098357181263925824 0.017929520979167383 0.013809513513710266 0.041275774648705695 -0.047947314988967718 0.082917868335210407 -0.00091025514831167989 0.0024020467394116128 0.0059851168923295544 0.031635223423929527
leaf_weight=6.3154331352561703 46.011261254549026 14980.54223678913 156.13749730726704 41.250475580338389 58.807513302192092 429.36671486776322 76.985295109450817 1277.1297070821747 21.306131280958652 42.830495371483266 6.0681343786418429 32.989394493401051 217.92956489138305 291.39276672620326 2838.504807646852 173.03567225113511 40.523449374362826 261.98342103417963 1186.2181398775429 8.4861623896285909 287.63888389337808 29.757734850049019 5.4694267213344556 5.8215735107660285 8.1293746568262559 5.5756777795031667 353.92494740523398 46.977742093615234 380.38501839432865 21.194285595789552
leaf_count=38 303 156732 3299 493 395 3206 420 17217 236 441 40 351 1524 2605 25128 1022 240 1610 7829 109 2170 226 28 31 54 67 2343 367 2843 165
internal_value=3.9951e-05 -0.000495232 -0.000512271 -0.00271872 -0.00195406 0.00296278 -0.00328849 -0.00223234 -0.012751 -0.0162176 0.00461291 -0.00611939 0.000952391 0.00158963 0.00304395 0.0116749 7.38019e-05 -0.00219839 0.00219977 -0.000271723 -0.00680842 -0.00468045 0.0234427 -0.00882178 -0.00692677 0.0486961 0.00215523 -0.00923535 0.00347446 0.00733886
internal_weight=23338.7 17347.7 17341.3 2360.8 2204.66 470.617 1734.05 1559.93 174.111 152.805 282.805 75.8199 223.998 5991.03 3057.55 219.047 2933.48 1417.98 1515.5 1156 312.992 329.28 19.5313 293.46 299.522 11.0451 843.005 87.5012 755.504 401.579
internal_count=231532 184392 184354 27622 24323 3699 20624 19176 1448 1212 1959 792 1564 47140 26453 1325 20687 9973 10714 8363 2405 2885 204 2201 2659 95 5958 607 5351 3008
cat_boundaries=0 1
cat_threshold=484
is_linear=0
shrinkage=0.04


Tree=185
num_leaves=31
num_cat=8
split_feature=28 21 30 19 3 19 19 23 12 20 21 26 26 20 21 26 19 19 17 13 19 24 19 20 21 29 29 14 15 29
split_gain=7.32614 14.8686 11.2593 20.6085 10.4564 10.3203 10.1896 12.098 9.73915 9.19598 11.6962 9.56762 12.9099 9.1099 11.6991 14.9133 22.4202 12.7374 12.3089 14.5163 13.7472 11.5549 11.3792 10.6541 15.5262 10.638 10.1808 10.0117 14.2867 10.0116
threshold=1.5000000000000002 29.830000000000002 0 1 6.6950000000000012 2 3 2.5000000000000004 1.6125000000000003 52.435000000000009 14.915000000000001 6.4750000000000005 5.6850000000000014 48.055000000000007 25.730000000000004 4.3050000000000006 4 5 0.21111111111111114 0.31666666666666671 6 17.500000000000004 7 28.095000000000002 26.105000000000004 5.0050000000000008 4.0550000000000006 -0.18697089947089943 5.5000000000000009 4.285000000000001
decision_type=2 2 1 1 2 1 1 2 8 2 2 2 2 2 2 2 1 1 10 8 1 2 1 2 2 2 2 10 8 2
left_child=1 5 3 4 -3 -1 8 -8 -4 10 -7 12 -12 14 17 16 29 -2 19 20 26 -18 27 -22 -25 -21 -17 28 -20 -16
right_child=13 2 6 -5 -6 9 7 -9 -10 -11 11 -13 -14 -15 15 18 21 -19 22 25 23 -23 -24 24 -26 -27 -28 -29 -30 -31
leaf_value=0.0096841932050239186 0.0006956829504158763 -0.017281578026294445 0.017765977777669962 0.0084237788652989816 -0.00023517147618537567 -0.0094354462058007845 -0.0011475927979800956 -0.0087136873954801238 0.0010470089735749601 0.013668610080525391 -0.0038527014447152174 -0.0096379001890555763 0.017793653361777181 -0.0033575697636752449 0.019236891835406899 0.057105552129018536 0.014186241007091283 -0.0032440942136024902 0.094144097928780202 -0.0096260810968859922 -0.0021372007101972484 -0.036310623461818174 0.0042921651980644474 0.043743072405638225 0.0038667696457389488 -0.0021482814936890629 -0.0027227419295464145 -0.0011549723368376853 -0.0018325200232407854 -0.004769874611194198
leaf_weight=475.95615087449551 2119.1451052811462 70.845545798540115 57.527489729225636 622.57759675569832 307.38334573432803 161.89581907168031 2145.087119393982 401.40980167500675 1801.2532517630607 80.7549192532897 74.404996255412698 58.318356763571501 108.17355210706592 1717.1395924719982 31.18696112325415 4.566815184429287 356.13406842947006 3441.9595172454137 4.2959561832249138 352.75224026897922 557.07601526519284 7.4009741381742051 1754.716923660133 15.768941055983303 1684.6280160872266 2220.2260142983869 1297.511899150908 1156.430887369439 5.8754361034370968 255.50080940546468
leaf_count=3010 30643 393 322 3826 1851 1062 12751 2768 11343 500 493 376 693 15091 434 42 4963 50478 64 3681 6749 105 15351 169 16263 20632 13349 10534 97 3614
internal_value=-0.000161493 0.000995826 0.000181388 0.00398898 -0.00333981 0.00558457 -0.00069112 -0.0023311 0.00155607 0.0013217 -0.00112088 0.00446696 0.00897226 -0.000595297 -0.000284576 0.000553702 0.00640504 -0.00174736 0.000133475 -0.000884468 0.000770116 0.0128059 0.00227037 0.00265197 0.00423657 -0.00317348 -0.00249375 -0.000800588 0.0387039 -0.00208558
internal_weight=23347.9 6365.59 5406.08 1000.81 378.229 959.504 4405.28 2546.5 1858.78 483.548 402.793 240.897 182.579 16982.3 15265.2 9704.07 650.223 5561.1 9053.85 6132.53 3559.55 363.535 2921.32 2257.47 1700.4 2572.98 1302.08 1166.6 10.1714 286.688
internal_count=231647 39388 33254 6070 2244 6134 27184 15519 11665 3124 2624 1562 1186 192259 177168 96047 9116 81121 86931 60885 36572 5068 26046 23181 16432 24313 13391 10695 161 4048
cat_boundaries=0 1 2 3 4 5 6 7 8
cat_threshold=320 6365401 3207073 12754113 7104168 16261656 15773713 12704520
is_linear=0
shrinkage=0.04


Tree=186
num_leaves=31
num_cat=7
split_feature=0 31 19 19 4 11 19 9 23 11 19 19 9 28 13 13 3 19 23 3 3 14 31 9 19 1 6 3 3 3
split_gain=9.79137 10.8266 15.3545 13.9219 11.8738 11.5363 17.623 11.5197 11.7704 10.7911 22.47 11.6346 13.2788 11.2094 17.903 10.7011 10.4251 10.3791 9.77296 9.54436 9.44602 12.4119 9.25898 10.3915 13.4411 13.0792 9.80428 9.37462 9.15399 9.55799
threshold=1.5000000000000002 3.5000000000000004 0 1 -0.066666666666665972 4.5000000000000009 2 36.500000000000007 3.5000000000000004 6.5000000000000009 3 4 60.500000000000007 2.5000000000000004 0.38750000000000007 0.64583333333333337 6.7950000000000008 5 4.5000000000000009 7.4750000000000005 7.035000000000001 0.13333333333333333 2.5000000000000004 44.500000000000007 6 43.765000000000008 22.870000000000001 6.6750000000000007 7.0150000000000006 6.995000000000001
decision_type=2 2 1 1 2 2 1 2 2 2 1 1 2 2 8 10 2 1 2 2 2 10 2 2 1 2 2 2 2 2
left_child=9 2 4 -3 -2 6 18 -4 -9 11 -11 13 22 -1 -15 16 -16 -18 -6 -5 -8 -22 23 -13 25 26 -25 -26 29 -20
right_child=1 3 7 19 5 -7 20 8 -10 10 -12 12 -14 14 15 -17 17 -19 28 -21 21 -23 -24 24 27 -27 -28 -29 -30 -31
leaf_value=0.0058649378227225357 0.0044616218693565015 0.0042893266974889715 0.0018631359518551283 -0.000550439521546451 -0.012104524591376484 -0.0059206287246129641 0.0013444817444975734 -0.00014251202879893128 -0.0049687820028408696 -0.00097294239360301961 0.0049890166852122443 0.0032056947975192531 -0.031199241645590507 0.0028183263245752971 0.00083804223180829944 -0.038274190310086192 0.00032492485863382998 -0.01991683905836459 0.0055780366214836976 0.051968853951023811 0.015679600844605034 0.11914529230928744 -0.0046066608253421239 0.032429528899380479 0.011629680546050776 0.047651326448242798 -0.0018541871757379682 -0.012422312471269584 -0.042639240457341458 0.08562995075640932
leaf_weight=720.40809610486031 279.09205664042383 1357.5986324623227 2528.4915475479793 3512.6157966679893 286.98982956074178 2143.5452570545021 932.01098029618151 2641.1636019120924 1165.2098006219603 1748.4296435043216 2390.1921159997582 775.23547085374594 25.157030165195465 820.91544238477945 169.03707917034626 17.577499970793724 70.703307971358299 108.25035566091537 64.625570172909647 5.5451627373695365 8.0160399163141829 2.4136664364486924 1110.5878765508533 15.136492967605589 28.970728531479836 11.001066297292708 112.84343678504229 246.88186351954937 6.1015372525434932 2.4778994449879965
leaf_count=3500 2230 16845 32929 43751 3606 31746 11968 26348 21147 7867 11268 3543 118 3833 714 75 298 461 1607 66 165 26 5032 68 128 50 512 1123 200 67
internal_value=-6.74805e-05 -0.000681268 -0.00143101 0.000865664 -0.00346453 -0.00411649 -0.0011477 -0.000229343 -0.00161993 0.00102762 0.00247999 -0.000392464 -0.00228609 0.0019191 -0.000460561 -0.00782359 -0.00628548 -0.0130143 -0.00853976 -0.000466336 0.00174954 0.0396239 -0.00197987 0.000471483 -0.00463818 0.00540909 0.00220063 -0.00955011 0.00426885 0.00853408
internal_weight=23307.2 14935.9 10060.1 4875.76 3725.27 3446.18 1302.64 6334.86 3806.37 8371.33 4138.62 4232.71 2325.81 1906.89 1186.48 365.568 347.991 178.954 360.195 3518.16 942.441 10.4297 2300.66 1190.07 414.834 138.981 127.98 275.853 73.205 67.1035
internal_count=231291 192701 132039 60662 51615 49385 17639 80424 47495 38590 19135 19455 10574 8881 5381 1548 1473 759 5480 43817 12159 191 10456 5424 1881 630 580 1251 1874 1674
cat_boundaries=0 1 2 3 4 5 6 7
cat_threshold=14586016 3743874 5373952 4793391 7013773 2621441 1320992
is_linear=0
shrinkage=0.04


Tree=187
num_leaves=31
num_cat=5
split_feature=17 19 1 0 19 31 1 19 3 19 4 29 4 19 29 1 8 1 16 12 29 1 31 27 8 8 14 27 18 12
split_gain=7.6778 17.1634 9.18877 7.36736 20.9576 17.8348 16.023 11.0136 10.3832 11.0064 10.9506 11.4224 10.8488 10.829 10.5443 12.1896 15.7512 10.9602 10.5132 9.97193 9.8865 14.7681 9.53355 12.5267 9.39812 10.4861 9.3562 9.88383 10.7229 9.74241
threshold=0.58571428571428574 0 43.495000000000005 2.5000000000000004 1 2.5000000000000004 18.545000000000005 2 6.785000000000001 3 0.03666666666666752 7.535000000000001 0.091666666666667243 4 2.4050000000000007 34.195000000000007 4.5000000000000009 30.955000000000002 0.45000000000000007 4.8944444444444457 7.3150000000000004 24.355000000000004 4.5000000000000009 1.6791666666666665 3.5000000000000004 1.5000000000000002 -0.10000000000000002 1.3066666666666671 0.36666666666666675 2.683333333333334
decision_type=10 1 2 2 1 2 2 1 2 1 2 2 2 1 2 2 2 2 10 8 2 2 2 2 2 2 10 2 10 10
left_child=3 2 -2 7 20 -6 19 -1 10 14 11 -8 -11 -12 15 16 17 18 -10 -7 -5 -22 -23 26 25 -19 -24 28 -28 -30
right_child=1 -3 -4 4 5 6 8 -9 9 12 13 -13 -14 -15 -16 -17 -18 24 -20 -21 21 22 23 -25 -26 -27 27 -29 29 -31
leaf_value=-0.00076100692511219057 -0.0065199836050564243 0.0098682007438003136 0.023002624981499135 -0.0042735427866492847 -0.0018658800252695587 -0.0082909346472372011 0.0069703825788366017 0.0016300318611832854 0.0084054259761497264 -0.00043873542563523674 -0.016317086969629534 -0.0078173891455001511 -0.020928602580593907 0.0085788246561752345 0.0040151773192011759 0.0027485327322051539 -0.014604323359494072 0.064605319317549523 0.10661169416620907 0.037729222160843158 0.033341473408166435 -0.00379255307959141 -0.046867707115649034 0.049877321325066774 0.019030751595714514 0.16866496321195315 0.0013692920726818022 -0.03729166892274375 0.018537835726855398 0.098110359289689572
leaf_weight=5748.4119738182053 212.12431972753257 354.31980726215988 18.325404055416584 2934.525655763573 3331.2769402416889 274.87918518437073 1418.8720753178932 6626.8990910379216 6.8356678734999203 1320.4795661589596 62.584771558409557 88.804719286039472 42.681341427611187 39.545852344715968 529.69465078483336 21.503904532175511 5.4415788224432609 2.863829721696673 2.3415837250649929 7.745896592969074 24.935232491232455 163.8586989287287 4.9679499161429694 13.075205683708189 1.8870729291811583 3.375864185160026 14.677166457287973 5.2701589763164511 5.3393568955361825 4.5680584087967873
leaf_count=35182 1356 2244 122 47390 48682 3682 17711 40588 185 20201 1295 693 939 806 6956 524 152 36 25 359 208 1607 63 69 60 80 152 34 50 39
internal_value=-2.17128e-05 0.00450377 -0.00399882 -0.000138255 -0.000926785 0.000274066 0.0021363 0.000520081 0.00286666 0.00089374 0.00524071 0.00609936 -0.00107242 -0.00743486 0.0054866 0.0243404 0.0447536 0.0634198 0.0334628 -0.00702966 -0.00362781 0.00422479 0.000796175 0.0164942 0.0972491 0.120905 0.00395954 0.0124174 0.0230735 0.0552267
internal_weight=23292.1 584.77 230.45 22707.3 10332 7160.81 3829.54 12375.3 3546.91 1937.11 1609.81 1507.68 1363.16 102.131 573.944 44.2495 22.7456 17.304 9.17725 282.625 3171.22 236.692 211.757 47.8979 8.12677 6.23969 34.8227 29.8547 24.5846 9.90742
internal_count=231490 3722 1478 227768 151998 102386 53704 75770 49663 29158 20505 18404 21140 2101 8018 1062 538 386 210 4041 49612 2222 2014 407 176 116 338 275 241 89
cat_boundaries=0 1 2 3 4 5
cat_threshold=2679690 15108100 1587107 532514 1115056
is_linear=0
shrinkage=0.04


Tree=188
num_leaves=31
num_cat=6
split_feature=0 19 4 4 13 21 13 19 4 19 26 19 17 19 9 4 20 9 4 4 1 21 9 20 24 26 15 30 9 29
split_gain=7.09306 9.00271 13.1193 9.06352 8.16596 13.7983 8.03458 12.4385 9.61818 8.96121 10.0312 12.1524 8.01843 7.6815 11.5198 14.727 12.5207 9.68062 9.88236 9.34099 11.7389 9.00381 8.54683 19.6667 8.30624 12.23 9.45628 9.54844 9.52395 12.4987
threshold=3.5000000000000004 0 0.12916666666666646 -0.13333333333333328 0.5277777777777779 40.440000000000005 0.5277777777777779 1 0.060000000000000948 2 7.3850000000000007 3 0.47222222222222227 4 28.500000000000004 -0.010000000000000229 59.225000000000001 27.500000000000004 -0.07499999999999972 0.069999999999999854 35.385000000000012 19.110000000000003 62.500000000000007 51.570000000000007 3.5000000000000004 4.5850000000000009 5.5000000000000009 5 21.500000000000004 1.7850000000000004
decision_type=2 1 2 2 8 2 8 1 2 1 2 1 10 1 2 2 2 2 2 2 2 2 2 2 2 2 10 1 2 2
left_child=6 12 3 4 5 -3 9 8 -8 -1 -11 -12 -2 14 17 -16 -17 18 -5 -20 -21 -19 24 -24 26 -26 27 -15 29 -29
right_child=1 2 -4 13 -6 -7 7 -9 -10 10 11 -13 -14 22 15 16 -18 21 19 20 -22 -23 23 -25 25 -27 -28 28 -30 -31
leaf_value=-0.0005416184875095875 -0.0038888540620618966 0.0072649304107079765 -0.034654522563202443 0.068823748716826408 -0.0060312095870887414 0.068335537505839539 0.0010726677569712307 -0.0031393668368138788 0.017438983549877825 0.0015027917309900732 -0.0050692480319351994 0.020218157286416162 0.0044694511820511391 -0.0041802540581679587 -0.006963616475102275 0.0094315370585789943 0.070265609468724829 0.0041566395949918641 0.0025939970502685669 -0.0046479252015648818 0.18429763736570159 0.10065230455158085 -0.0075602598056940563 0.076405984709552441 0.016379958692123935 0.0011693965128497729 -0.010601780912093522 -0.008596452461238132 0.0002151473721273688 0.041554018779555085
leaf_weight=4400.9873552024364 2029.867881558137 13.751090477220716 17.409126990940422 5.0593766097445032 12.736310098320244 10.393523946404455 1254.4660170450807 2102.7425363007933 60.210317954421043 8756.730034371838 44.719808965921402 85.396306205540895 201.90920780599117 989.55129356565885 125.34922276809812 136.56050093146041 5.6366305481642476 2.3199045136570922 28.863401763839651 1.0515420613810413 1.0528880006168035 4.6446813079528511 10.962252946570517 7.5281824991106978 99.742415774147958 556.30534170987085 171.07342897285707 13.129097190685568 2139.7042502292898 20.16145914955996
leaf_count=31281 40361 113 436 66 73 68 7190 12626 448 63427 259 509 1807 15695 1330 2313 53 45 751 49 31 75 263 45 3333 7273 7798 942 32620 417
internal_value=5.12119e-05 -0.00105848 9.36557e-08 0.000138607 0.0198838 0.033554 0.000489952 -0.00123984 0.00180847 0.000934826 0.00166473 0.0126914 -0.0031187 -3.0013e-05 0.00592918 0.00303182 0.011843 0.0253391 0.0169937 0.00852591 0.0898853 0.0685096 -0.000505243 0.0266257 -0.00063225 0.00348194 -0.00144191 -0.000946421 0.000542959 0.0217757
internal_weight=23310 6604.76 4372.99 4355.58 36.8809 24.1446 16705.3 3417.42 1314.68 13287.8 8886.85 130.116 2231.78 4318.7 310.538 267.546 142.197 42.9918 36.0272 30.9678 2.10443 6.96459 4008.16 18.4904 3989.67 656.048 3333.62 3162.55 2172.99 33.2906
internal_count=231697 115957 73789 73353 254 181 115740 20264 7638 95476 64195 768 42168 73099 4713 3696 2366 1017 897 831 80 120 68386 308 68078 10606 57472 49674 33979 1359
cat_boundaries=0 1 2 3 4 5 6
cat_threshold=15107588 12657179 123657 524438 1 7
is_linear=0
shrinkage=0.04


Tree=189
num_leaves=31
num_cat=3
split_feature=27 19 14 18 21 1 5 7 0 7 19 12 14 14 21 1 14 12 31 0 9 19 14 18 29 7 11 22 27 1
split_gain=8.24374 11.7284 8.6899 10.4217 8.30625 8.39678 8.29191 8.9819 8.46477 8.05435 7.99201 7.74281 7.51363 7.55014 7.53417 7.60434 7.42506 9.83977 8.3035 6.93526 10.8947 12.5436 12.6221 8.10867 13.3541 19.7206 13.3129 11.3266 11.0529 13.0897
threshold=2.0400000000000009 0 0.016666666666666653 0.29166666666666669 57.090000000000011 41.07500000000001 1.5000000000000002 12.353333333333335 2.5000000000000004 1.6783333333333295 1 3.2361111111111116 0.16114417989417995 0.21666666666666673 48.010000000000012 32.935000000000009 0.22791005291005295 2.4142857142857146 3.5000000000000004 5.5000000000000009 51.500000000000007 2 0.34448412698412706 1.0000000180025095e-35 4.2550000000000008 6.9591666666666692 5.5000000000000009 -17.647499999999997 -0.42999999999999922 35.095000000000006
decision_type=2 1 8 8 2 2 2 2 2 2 1 10 10 10 2 2 10 8 2 2 2 1 10 10 2 2 2 2 2 2
left_child=19 4 -3 6 12 -6 8 9 -4 11 -11 16 -2 14 15 -14 -8 -18 -19 -1 -21 -22 23 -23 25 26 27 -25 29 -26
right_child=1 2 3 -5 5 -7 7 -9 -10 10 -12 -13 13 -15 -16 -17 17 18 -20 20 21 22 -24 24 28 -27 -28 -29 -30 -31
leaf_value=-6.850746036145886e-05 -0.010161969394940535 0.025612367988619402 0.023149462300642937 0.01029719463976011 -0.0089222616871974768 -0.046344590712619656 0.015479921888769408 0.028133293166731549 -0.0023409553326229405 0.0052880041956897897 -0.024891846643819871 -0.020848302999413548 -0.019505371671010518 0.001210049542971691 0.045503849560333452 0.031864041015353117 0.016354961688724971 -0.0037351041075992827 -0.044130879930469352 -0.0048608767662551827 -0.0076917460891683465 -0.0043879424423154938 0.070050671901574768 0.024432130372276532 0.018206153591685068 0.27466551105713843 -0.041457054561918616 0.20020899286448365 0.0098638703768331656 0.17422011592307268
leaf_weight=21309.128202353138 70.423961855471134 36.347680285573006 42.162182107567787 334.17968698590994 63.989929012954235 11.285250984132288 48.347705014050007 12.721036747097967 41.224411346018314 20.859972573816776 43.309583522379398 24.766876690089703 9.1998883411288279 130.51780341565609 13.574174135923384 9.2432369589805585 19.941789619624615 21.687766544520855 13.03489103913307 939.88209351303522 50.846939338836819 25.422367722261697 6.9755538348108521 1.1891679065302017 2.0388852944597597 0.75967013277113427 1.499412352684885 1.1574197462759905 36.098633335903287 1.4887090781703589
leaf_count=189147 372 189 243 1689 328 54 269 65 194 109 228 137 50 673 73 48 111 117 66 33214 1915 1278 58 39 148 38 99 59 787 102
internal_value=-6.98627e-05 0.00354644 0.00650279 0.00549102 -0.0028875 -0.0145326 -8.47162e-05 -0.00441653 0.0105476 -0.00657371 -0.0181361 -0.000767174 0.000751392 0.00547998 0.0228863 0.0062397 0.00406087 -0.00603866 -0.0188997 -0.000226112 -0.00337258 0.0076006 0.0165869 0.0136141 0.0239607 0.0884288 0.0516429 0.111131 0.0164678 0.0840469
internal_weight=23343.3 966.818 658.584 622.236 308.234 75.2752 288.056 204.67 83.3866 191.949 64.1696 127.779 232.959 162.535 32.0173 18.4431 103.012 54.6644 34.7227 22376.5 1067.36 127.477 76.6298 69.6543 44.2319 4.60567 3.846 2.34659 39.6262 3.52759
internal_count=231899 5015 3417 3228 1598 382 1539 1102 437 1037 337 700 1216 844 171 98 563 294 183 226884 37737 4523 2608 2550 1272 235 197 98 1037 250
cat_boundaries=0 1 2 3
cat_threshold=640146 8388908 9520221
is_linear=0
shrinkage=0.04


Tree=190
num_leaves=31
num_cat=4
split_feature=0 31 19 19 3 19 9 26 22 6 9 22 6 12 21 1 15 14 20 29 16 26 4 3 21 6 12 3 1 19
split_gain=6.9907 17.4642 20.7792 12.3326 11.465 10.9773 10.6108 13.4453 10.5861 17.8831 10.4853 12.2554 9.93444 10.821 9.68809 9.451 9.23996 18.1406 19.5614 9.19207 9.02321 11.3975 9.02163 9.71594 11.3814 8.80077 9.42456 12.6271 9.8662 8.52299
threshold=2.5000000000000004 2.5000000000000004 0 1 7.035000000000001 2 41.500000000000007 6.8750000000000009 32.372500000000009 24.675000000000004 27.500000000000004 -5.5366666666666662 32.095000000000006 3.3875000000000006 18.780000000000005 50.135000000000012 4.5000000000000009 -0.16219576719576717 17.965000000000003 5.995000000000001 0.77500000000000013 6.4250000000000007 -0.13333333333333328 6.8650000000000011 40.925000000000004 12.590000000000002 4.8944444444444457 6.8550000000000013 26.165000000000003 3
decision_type=2 2 1 1 2 1 2 2 2 2 2 2 2 10 2 2 8 10 2 2 8 2 2 2 2 2 10 2 2 1
left_child=3 5 8 -1 -5 10 20 -8 22 -10 11 16 19 29 -12 -6 17 18 -2 -9 -7 -22 23 24 -3 26 -4 28 -28 -14
right_child=1 2 25 4 15 6 7 12 9 -11 14 -13 13 -15 -16 -17 -18 -19 -20 -21 21 -23 -24 -25 -26 -27 27 -29 -30 -31
leaf_value=-0.00092154951181705773 0.041333988404562309 0.0068535087230012027 -0.0066064667544259046 0.001322024527572976 0.010298625032076646 -0.0030556487561313374 -0.0081640596507306616 0.036403015812895533 0.045929834789141338 0.0029027641282181218 -0.011088837166826506 0.00081655657809817411 0.017691186315386197 0.052866556738248124 0.00043454842453500588 -0.026476687912890519 0.00058550121984968684 0.025198681725370375 0.26990312517712733 -0.012618465205562758 0.013631251626811143 -0.0022026786945405466 -0.0025803281295419932 -0.011738160819283262 0.061091920245297651 0.0035159671841221958 0.19619952588709058 -0.042111722165072765 0.029753246768899153 -0.0058686960048074657
leaf_weight=4887.8476939955726 1.4445896341931068 13.568575139157476 186.1520646517165 7441.3767238985747 314.08854468911886 1856.8543665689649 1123.5729320626706 6.8111598305404177 18.874033000320196 85.328206217847764 132.25377693143673 116.72086052875966 45.355675906874239 9.5346296122297627 994.7757563283667 11.593838319182394 24.377175382804126 53.318202033638954 1.0235526356846092 60.322671607136726 125.22644668677822 173.52714946586639 2613.1509828297421 12.386974810622631 11.383432157337664 2912.890622687526 1.1742467503063378 1.2656008668709544 1.1069359094835816 40.525134486146271
leaf_count=29450 95 112 2602 45740 2067 29878 19027 52 127 550 2469 1184 349 110 12019 68 1427 900 22 547 1597 1343 39045 107 64 40043 67 77 54 366
internal_value=1.69629e-05 -0.00073962 0.000723314 0.000652062 0.00164142 -0.00253766 -0.00372231 -0.00660847 -0.00180316 0.0106962 0.000565883 0.00908707 0.0041441 0.0124388 -0.000917689 0.00898948 0.0211292 0.0301063 0.136123 -0.00764492 -0.00201759 0.00443432 -0.00230137 0.0172214 0.0315978 0.00296276 -0.0053758 0.0592156 0.115432 0.00795045
internal_weight=23277.8 10622.9 5857.28 12654.9 7767.06 4765.64 3441.73 1286.12 2754.69 104.202 1323.91 196.884 162.549 95.4154 1127.03 325.682 80.1635 55.7863 2.46814 67.1338 2155.61 298.754 2650.49 37.339 24.952 3102.59 189.699 3.54678 2.28118 85.8808
internal_count=231558 154233 82848 77325 47875 71385 53269 20451 40005 677 18116 3628 1424 825 14488 2135 2444 1017 117 599 32818 2940 39328 283 176 42843 2800 198 121 715
cat_boundaries=0 1 2 3 4
cat_threshold=15090076 598643 6291483 8467360
is_linear=0
shrinkage=0.04


Tree=191
num_leaves=31
num_cat=7
split_feature=14 19 9 19 29 13 7 17 14 11 17 31 7 19 20 19 9 6 26 19 13 19 20 19 29 12 20 26 29 6
split_gain=9.3218 19.028 11.8408 16.467 9.60681 22.2477 9.57089 15.2397 27.6209 9.65682 12.0027 9.17078 9.16035 16.8506 9.88788 13.1188 12.0202 15.3652 11.5465 19.5542 10.4404 14.2436 14.33 11.8294 12.3633 12.872 14.1702 10.0903 9.9294 9.85952
threshold=-0.2000661375661375 0 22.500000000000004 1 1.7850000000000004 1.0000000180025095e-35 3.5500000000000029 0.10555555555555557 0.0092592592592592882 2.5000000000000004 1.0000000180025095e-35 2.5000000000000004 10.78166666666667 2 50.425000000000004 3 62.500000000000007 34.595000000000006 6.6850000000000014 4 0.21111111111111114 5 37.220000000000006 6 5.8950000000000005 2.4722222222222228 30.995000000000001 6.5450000000000008 8.8850000000000033 50.120000000000012
decision_type=8 1 2 1 2 8 2 8 10 2 8 2 2 1 2 1 2 2 2 1 8 1 2 1 2 10 2 2 2 2
left_child=1 -1 3 -2 6 11 -5 8 9 -8 -11 -6 14 29 18 28 -17 -18 20 -20 21 22 -4 27 -25 26 -26 -22 -16 -14
right_child=2 -3 12 4 5 -7 7 -9 -10 10 -12 -13 13 -15 15 16 17 -19 19 -21 23 -23 -24 24 25 -27 -28 -29 -30 -31
leaf_value=0.0013911891723302971 -0.0024406615341715028 -0.0079463144141438645 -0.0033557053422549653 -0.010906961582912213 0.041380671233998578 0.014936064376299968 -0.032891986908540879 -0.017415305889917684 0.1902000674152711 0.021910178046391709 0.16622668918333339 0.14244330094553495 0.0015749461038933436 0.0056571932075866393 -0.0055819624457948821 -0.00032395650362385592 -0.0026586527977823632 0.073005725551608835 0.010742088219691375 -0.0001295168583964238 0.00094383296929982207 0.0038916656942712649 0.0071973191828406035 -0.0034322450508507199 0.065641202344397465 -0.0011843371939453218 0.0055009426308467828 -0.0067646084638160629 0.021969622634881662 -0.0077478199332370861
leaf_weight=708.27977445884608 199.87261357856914 678.4803551689256 1102.2071313811466 43.771672558505088 2.7266736540477714 204.11387913161889 3.0137099372223037 7.9516702922992399 1.9888267647475002 3.6806367947719991 1.2302948972210286 3.0365034791175276 476.67001332901418 1162.5982139306143 1393.4079957008362 1815.5952689629048 9.0476227626204508 8.1732789576053602 422.675651172176 690.68817173829302 5598.2405804852024 2069.2348985129502 253.16816241759807 3584.2172364899889 6.3566468618810168 1773.4615508480929 452.07864361442626 285.56093551591039 21.248207772150636 293.11469646729529
leaf_count=13879 2978 13887 14848 1411 74 2164 156 105 25 199 26 69 3861 9642 9705 12790 57 43 3221 5074 52457 24149 2037 36575 60 14363 3301 2098 136 2337
internal_value=-4.41916e-05 -0.00322451 0.000157294 0.00642826 0.0125835 0.0171244 -0.00083712 0.0238352 0.0569225 0.0234742 0.0580646 0.0946286 1.9275e-05 0.00264613 -0.000241233 -0.00225611 -8.42853e-06 0.0332527 0.00016173 0.00409308 -0.000127669 0.00181485 -0.00137438 -0.000696251 -0.00197356 0.000360115 0.00633485 0.000568749 -0.00513186 -0.0019496
internal_weight=23275.9 1386.76 21889.1 471.386 271.514 209.877 61.6368 17.8651 9.91347 7.92464 4.91093 5.76318 21417.7 1932.38 19485.4 3247.47 1832.82 17.2209 16237.9 1113.36 15124.5 3424.61 1355.38 11699.9 5816.11 2231.9 458.435 5883.8 1414.66 769.785
internal_count=231727 27766 203961 7207 4229 2307 1922 511 406 381 225 143 196754 15840 180914 22731 12890 100 158183 8295 149888 41034 16885 108854 54299 17724 3361 54555 9841 6198
cat_boundaries=0 1 2 3 4 5 6 7
cat_threshold=13738606 4440661 8988773 2657435 15503512 11713152 2876053
is_linear=0
shrinkage=0.04


Tree=192
num_leaves=31
num_cat=1
split_feature=12 20 9 26 6 22 14 19 14 21 13 21 20 31 31 20 6 22 22 21 12 14 12 14 4 4 29 12 20 6
split_gain=8.08776 10.8399 7.12795 10.8088 13.0618 10.7734 7.59953 6.90562 8.76225 9.66938 8.74527 8.34134 7.81143 7.44577 9.54085 8.56692 14.835 17.6639 7.36756 8.8166 7.36745 6.31276 15.8316 6.27118 8.18182 15.7151 13.001 10.3671 7.52579 9.79927
threshold=5.5857142857142863 37.055000000000007 24.500000000000004 2.0150000000000001 37.445000000000007 9.778333333333336 -0.34580026455026441 0 -0.17043650793650789 30.035000000000004 0.73214285714285732 66.540000000000006 44.480000000000011 3.5000000000000004 2.5000000000000004 15.860000000000001 25.355000000000004 -13.22583333333333 -10.403333333333329 11.215000000000002 4.2361111111111116 -0.15416666666666656 4.2111111111111121 0.037037037037037056 0.0099999999999993445 0.013333333333333199 3.1150000000000007 3.8944444444444448 19.580000000000002 27.845000000000002
decision_type=10 2 2 2 2 2 8 1 10 2 10 2 2 2 2 2 2 2 2 2 10 10 10 10 2 2 2 10 2 2
left_child=2 -2 6 4 5 -4 -1 8 12 13 11 -9 -8 14 21 16 -16 20 -17 -20 -18 22 -10 24 28 -26 -27 -28 29 -23
right_child=1 -3 3 -5 -6 -7 7 10 9 -11 -12 -13 -14 -15 15 18 17 -19 19 -21 -22 23 -24 -25 25 26 27 -29 -30 -31
leaf_value=-0.028258213020275268 -0.021942056582523545 0.2156021613139234 -0.019368095393390281 -9.6037020605647927e-05 0.12298927218751994 0.081764602309077214 -0.010171980971524301 0.0019293486489678083 0.12167173279826544 3.4533038059017366e-05 -0.022487206188238917 -0.040470726790224482 0.038083330814149802 0.0024208798307312307 -0.030786356933277529 0.0077330172056533277 0.091373629075326965 0.16833896539005472 0.082151527734359964 0.026238424027868211 0.0035211753171099946 -0.028815361035396152 -0.004444089813429572 0.017778543767594513 0.12145729760892572 -0.022700222808619792 0.0094050811595836736 0.094597653184396557 -0.018881944114270754 0.023436302214390806
leaf_weight=12.517356845317407 32.693943872349337 0.3102838471531858 4.8647267587948573 21769.658646980301 2.3993968169670552 2.5787291685119271 65.811167395673692 919.61394584225491 2.7848425935953847 139.86608532164246 24.788279732689261 7.4841516446322194 5.8439715169370166 83.928039748920128 2.2594377519562832 28.608648268505931 2.9699088651686898 2.7447229130193582 5.418018219061195 26.991150431334972 3.1443381649442017 7.8970379449892816 3.7199572592508048 74.068509751930833 2.3204194498248425 9.228432281874122 5.6276948172599059 3.848293979652226 32.404435238800943 21.050242476863787
leaf_count=643 4187 9 203 206048 47 29 2271 13126 45 1065 173 64 47 994 66 310 68 50 47 213 105 155 96 626 40 226 88 59 320 341
internal_value=7.82481e-05 -0.0197088 0.000106307 -7.70892e-05 0.0418302 0.0156686 0.00277817 0.00304024 0.00664706 0.0088037 0.000950162 0.00158707 -0.00623643 0.0126484 0.0162997 0.028411 0.0607036 0.0840376 0.0225268 0.0355857 0.0461943 0.0109382 0.0495488 0.00933279 0.00173882 0.0232731 0.0110926 0.0440026 -0.00564083 0.00918165
internal_weight=23307.4 33.0042 23274.4 21779.5 9.84285 7.44346 1494.94 1482.42 530.535 458.88 951.886 927.098 71.6551 319.014 235.086 72.1362 11.1184 8.85897 61.0178 32.4092 6.11425 162.95 6.5048 156.445 82.3766 21.0248 18.7044 9.47599 61.3517 28.9473
internal_count=231761 4196 227565 206327 279 232 21238 20595 7232 4914 13363 13190 2318 3849 2855 859 289 223 570 260 173 1996 141 1855 1229 413 373 147 816 496
cat_boundaries=0 1
cat_threshold=14682395
is_linear=0
shrinkage=0.04


Tree=193
num_leaves=31
num_cat=2
split_feature=9 19 29 12 9 15 1 12 17 27 7 7 3 3 12 12 20 27 7 27 20 3 1 0 19 20 1 0 6 27
split_gain=10.1075 20.8978 12.8454 9.4515 11.3555 17.7036 17.2859 8.95719 9.19744 8.25241 9.84692 9.33968 8.80199 10.3722 8.84364 8.51608 7.97185 9.63481 8.49149 9.02146 11.4328 12.9098 7.63424 9.9344 7.55186 8.86416 7.47955 7.29643 10.7514 8.30663
threshold=23.500000000000004 0 1.5050000000000001 4.1055555555555561 20.500000000000004 4.5000000000000009 34.005000000000003 4.2111111111111121 0.10555555555555557 0.54666666666666719 -7.7575000000000012 -6.3026666666666644 6.8150000000000004 6.8750000000000009 2.3541666666666674 2.7888888888888892 5.8050000000000006 -2.1608333333333323 6.9591666666666692 0.10999999999999967 21.965000000000003 6.8050000000000006 26.165000000000003 1.5000000000000002 1 11.160000000000002 34.990000000000002 3.5000000000000004 34.725000000000001 -0.27166666666666622
decision_type=2 1 2 8 2 8 2 8 10 2 2 2 2 2 10 10 2 2 2 2 2 2 2 2 1 2 2 2 2 2
left_child=1 2 7 9 5 6 -5 8 -1 10 -4 -12 14 26 -11 -16 -6 -18 19 20 22 -22 -19 -24 -13 -26 -14 28 -27 -29
right_child=-2 -3 3 4 16 -7 -8 -9 -10 12 11 24 13 -15 15 -17 17 18 -20 -21 21 -23 23 -25 25 27 -28 29 -30 -31
leaf_value=0.031996644289489805 -0.00027229793151844773 -0.00078651637267589667 -0.022544188919020089 0.22906340425308924 -0.019572025276870648 0.028764947953916691 0.05569613446328954 -0.016978063734799466 -0.0085699643423320388 0.044937618958337359 0.064119364732427908 -0.0063784823916402935 0.034700794845934746 0.017533480847491182 -0.026458915082280727 0.01487706437409241 0.11324083094818833 0.070508094362846108 -0.015943519279946632 -0.005132670014141476 0.03926407021075342 0.14262654648443551 0.068085685891037584 -0.0067650680267242694 0.070336926283650028 0.042333753930967694 0.094345555395990377 -0.034447858499282911 0.0058049550208019328 0.013349615157357792
leaf_weight=17.304631391074508 22351.957459894242 584.72824335133191 17.030652755871415 1.7490549783688014 6.5461946111172429 6.7032220417168 1.9417661302722988 37.279565463773906 18.504839366301894 10.258501827716826 4.8778659785166374 40.30312264803797 6.5568858925253171 15.816664693877099 11.0965010933578 28.343616170808673 2.0111770308576515 4.7420280622318449 7.208579570055007 8.2262852210551483 4.5474600261077276 3.3632519082166255 3.8043019324541083 11.158653553109614 4.4364122827537349 21.482536692172289 6.9081163052469492 9.7989319330081344 32.238019119948149 14.317668821662664
leaf_count=259 213314 11364 209 45 331 272 43 2864 235 59 71 467 48 109 68 178 66 89 104 71 58 64 19 298 83 166 48 241 234 207
internal_value=-0.000101134 0.00395474 0.0113909 0.0155395 0.0293572 0.0675013 0.137854 -0.00325398 0.0110335 0.0117057 0.00602255 0.00983968 0.0221025 0.0394991 0.0118527 0.00324716 0.0216748 0.0276668 0.0236691 0.0316361 0.0425889 0.0832088 0.0262817 0.0122656 0.00767965 0.0136789 0.0653011 0.012207 0.0204126 -0.00607121
internal_weight=23295.2 943.285 358.557 285.467 62.002 10.394 3.69082 73.089 35.8095 223.465 144.485 127.455 78.9803 29.2817 49.6986 39.4401 51.6079 45.0617 43.0506 35.842 27.6157 7.91071 19.705 14.963 122.577 82.2736 13.465 77.8372 53.7206 24.1166
internal_count=231684 18370 7006 3648 1460 360 88 3358 494 2188 1678 1469 510 205 305 246 1100 769 703 599 528 122 406 317 1398 931 96 848 400 448
cat_boundaries=0 1 2
cat_threshold=12322624 2359360
is_linear=0
shrinkage=0.04


Tree=194
num_leaves=31
num_cat=3
split_feature=27 4 19 7 19 7 15 29 27 4 31 1 29 7 19 4 22 23 24 6 28 31 24 18 6 29 22 14 29 6
split_gain=6.36885 7.90765 13.4108 9.74355 11.8331 13.2464 12.4843 12.5833 11.5972 13.0329 12.3255 20.023 20.0151 10.3885 9.27677 13.1354 11.9215 9.26134 7.55724 9.0764 10.3683 8.77644 17.5406 7.87989 12.5275 6.5714 16.0833 11.3933 9.88485 14.1339
threshold=-1.5049999999999994 -0.025000000000000796 0 -0.18666666666666562 1 1.3966666666666703 3.5000000000000004 2.2850000000000006 -2.2891666666666661 -0.05000000000000026 3.5000000000000004 27.105000000000004 1.0200000000000002 0.32666666666666272 2 -0.029999999999999801 -19.524166666666662 5.5000000000000009 4.5000000000000009 40.795000000000009 5.5000000000000009 5.5000000000000009 6.5000000000000009 0.55000000000000016 34.280000000000008 2.2850000000000006 -15.318333333333328 0.4335978835978837 1.5050000000000001 49.875000000000007
decision_type=2 2 1 2 1 2 10 2 2 2 2 2 2 2 1 2 2 2 2 2 2 2 2 8 2 2 2 10 2 2
left_child=1 3 -3 14 5 6 -5 13 10 17 11 -7 -13 -8 15 -1 -17 -10 23 -20 -21 -22 -23 -4 -25 28 27 -27 -2 -30
right_child=25 2 18 4 -6 8 7 -9 9 -11 -12 12 -14 -15 -16 16 -18 -19 19 20 21 22 -24 24 -26 26 -28 -29 29 -31
leaf_value=0.0060486459971378923 0.0014985220317955167 -0.021345108078219783 -0.0070900160495742173 -0.015827544337991131 -0.0020518279821904011 -0.046688983597753947 0.29719511638916485 0.06660755935934351 0.0050744960481349903 -0.031607423481231585 0.0015121399974649993 0.037843188132277931 0.26853863213453522 0.1029901272666227 -0.020398193131689429 0.22259066815577014 0.0083805124008400084 0.078127674514064452 0.0051933392624819988 -0.021981444574509807 0.028625871880282223 0.2732366945978425 0.050088600890280451 -0.041337580684412123 0.098911568822373619 -0.0051262155430697167 0.00015022098212546205 0.059198499667144702 0.0091035110051901399 0.061250885551755799
leaf_weight=16.397149672731761 1355.8133239566814 82.886000051628798 148.47711494052783 1.33283289941028 56.732117779785767 0.84453910845332147 0.93877892941236474 2.4981895298697054 6.6915295287035459 7.8242168859578625 2.2800761023536325 0.9884075811132792 1.5381057276390491 0.83065649517811835 32.96359771117568 0.90062417718581855 0.77202591649256536 4.7458970104344189 19.019509035861123 1.6221654328983266 1.6779645988717677 1.0133027564734223 1.269994859350845 1.6117960864212353 2.7707834676839411 1074.038514832966 20345.710049990099 4.4238237803801885 155.04594863858074 8.7873516841791552
leaf_count=560 14506 4469 7374 21 1551 43 48 52 94 158 95 79 59 54 1125 44 40 72 960 40 79 46 56 108 78 15095 182577 32 2161 101
internal_value=-8.90354e-06 -0.00502155 -0.00912737 0.00270882 0.0108296 0.0267013 0.0910377 0.124413 0.0229561 0.00817369 0.0733415 0.121925 0.178287 0.206026 -0.0111742 0.0109057 0.12372 0.0353875 -0.00209981 0.0183569 0.0631976 0.0980791 0.149119 -0.00552971 0.0473317 7.81864e-05 -0.000102105 -0.00486236 0.00261996 0.0119005
internal_weight=23342.4 398.627 260.349 138.279 87.2453 30.5132 5.60046 4.26762 24.9128 19.2616 5.65113 3.37105 2.52651 1.76944 51.0334 18.0698 1.67265 11.4374 177.463 24.6029 5.58343 3.96126 2.2833 152.86 4.38258 22943.8 21424.2 1078.46 1519.65 163.833
internal_count=231777 17305 13210 4095 2326 775 175 154 600 324 276 181 138 102 1769 644 84 166 8741 1181 221 181 102 7560 186 214472 197704 15127 16768 2262
cat_boundaries=0 1 2 3
cat_threshold=5573952 6304578 5726280
is_linear=0
shrinkage=0.04


Tree=195
num_leaves=31
num_cat=0
split_feature=9 31 13 27 20 8 7 0 4 18 29 17 4 20 3 20 26 16 20 18 6 7 28 27 11 9 14 17 14 3
split_gain=7.89211 8.79602 8.36499 11.7512 12.7281 10.3075 10.193 9.93714 9.53697 11.5667 8.83744 10.7294 8.95395 8.6918 11.9503 8.68527 11.5175 10.9973 9.57298 8.14126 9.56466 12.9748 8.31159 18.5384 8.11187 8.75236 7.80199 7.7267 7.72298 9.66373
threshold=57.500000000000007 5.5000000000000009 0.47222222222222227 1.9826666666666666 51.945000000000007 5.5000000000000009 7.554166666666668 4.5000000000000009 -0.058333333333333119 0.36666666666666675 3.2450000000000006 0.31666666666666671 -0.0018333333333333532 24.060000000000006 6.955000000000001 48.730000000000011 7.4450000000000012 0.70833333333333337 51.765000000000008 0.55000000000000016 37.525000000000006 4.0766666666666707 3.5000000000000004 -0.13499999999999931 4.5000000000000009 27.500000000000004 -0.033333333333333305 1.0000000180025095e-35 0.10000000000000001 6.6950000000000012
decision_type=2 2 8 2 2 2 2 2 2 10 2 10 2 2 2 2 2 8 2 10 2 2 2 2 2 2 10 10 10 2
left_child=2 26 3 6 -5 -6 7 15 9 -8 11 13 -12 -10 24 -1 17 -17 -19 -9 22 -22 -21 -24 27 -26 -2 -15 29 -27
right_child=1 -3 -4 4 5 -7 8 19 10 -11 12 -13 -14 14 -16 16 -18 18 -20 20 21 -23 23 -25 25 28 -28 -29 -30 -31
leaf_value=0.00074145533993706365 -0.011656166313829675 0.010954168653141838 -0.0010070324723526964 0.01373764529763627 0.0029306455827456373 -0.027239475453889526 0.0055776033042336231 -0.0036285781168044003 0.0027841216822040516 0.024449762475308116 -0.0020749705504413307 -0.045300538744209425 0.0040608410140798926 0.073772401577780825 -0.016226537189678251 -0.005155129429940346 0.010539800015199628 -0.0059316693898250721 0.05545096141811813 -0.0087101011424158877 0.12650179350248222 0.0072323466512424243 0.00014630499517047203 0.18599727570490951 -0.007576528588002388 0.084706089455540617 -0.0020063630202069522 0.028671133707993072 -0.018019758479031586 0.023729701912963239
leaf_weight=9455.0905300369486 235.09909854177386 52.719744224101305 8354.1348092046101 219.15680875629187 115.05502929538488 21.50476249307394 294.04810014623217 1373.8337781577138 117.44992352160625 63.115076988935471 856.75808730721474 5.6800642386078826 684.59719777526334 7.8743743523955336 13.917739929631351 884.29197432473302 88.885450795292854 7.3814688548445728 9.0482029356062394 14.37498954404146 2.7983270725235334 3.0499130906537175 2.8611261667683721 1.2270220108330239 19.31150640361011 4.7804205985739818 311.91418247204274 26.63624887727201 5.7958146259188643 31.967253874056041
leaf_count=83201 3519 567 65377 1158 605 119 2099 45866 2735 395 7000 52 8059 71 144 5692 587 50 50 205 48 48 98 30 187 41 2895 224 47 336
internal_value=-0.000120752 -0.00464985 -1.01218e-06 0.00058546 0.0077649 -0.0018204 0.000402713 -5.56377e-05 0.00294884 0.00891254 0.00174868 0.00900206 0.000650267 0.0103565 0.0184209 0.000368289 -0.00319708 -0.00455267 0.0278732 -0.00322254 0.0197227 0.0643016 0.00560218 0.0559279 0.0234249 0.0147563 -0.00615372 0.038962 0.0248937 0.031662
internal_weight=23284.4 599.733 22684.6 14330.5 355.717 136.56 13974.8 11842.8 2131.93 357.163 1774.77 233.413 1541.36 227.733 110.283 10444.7 989.607 900.722 16.4297 1398.15 24.3114 5.84824 18.4631 4.08815 96.3656 61.855 547.013 34.5106 42.5435 36.7477
internal_count=231505 6981 224524 159147 1882 724 157265 135875 21390 2494 18896 3837 15059 3785 1050 89580 6379 5792 100 46295 429 96 333 128 906 611 6414 295 424 377
is_linear=0
shrinkage=0.04


Tree=196
num_leaves=31
num_cat=6
split_feature=0 11 19 19 20 12 20 27 15 22 28 1 13 17 18 9 12 19 30 12 29 11 9 19 29 1 8 4 10 29
split_gain=8.87451 14.9354 12.7502 12.6664 13.5743 18.4453 12.2059 12.6956 9.02329 9.17164 9.02638 8.9643 9.86963 8.90553 8.79722 9.00719 8.51963 8.26554 11.5098 11.1942 10.9639 10.7624 9.11898 8.8507 8.75466 11.8253 9.04945 8.17681 8.18761 11.0679
threshold=1.5000000000000002 11.500000000000002 0 1 11.695000000000002 4.1180555555555562 53.875000000000007 1.1118333333333339 1.5000000000000002 16.981833333333338 1.5000000000000002 60.265000000000008 0.31666666666666671 0.5277777777777779 0.29166666666666669 62.500000000000007 2.4142857142857146 2 3 2.3166666666666669 7.1750000000000007 6.5000000000000009 60.500000000000007 4 6.7950000000000008 42.005000000000003 2.5000000000000004 -0.13333333333333328 5 5.3250000000000011
decision_type=2 2 1 1 2 8 2 2 8 2 2 2 8 10 10 2 8 1 1 10 2 2 2 1 2 2 2 2 1 2
left_child=11 2 6 4 5 -3 27 -8 9 -6 -11 17 -13 -5 -4 -16 -12 18 19 -1 21 22 24 -23 -19 26 -26 -2 -29 -30
right_child=1 3 14 13 8 -7 7 -9 -10 10 16 12 -14 -15 15 -17 -18 20 -20 -21 -22 23 -24 -25 25 -27 -28 28 29 -31
leaf_value=0.018230623732998132 0.018612968293014343 -0.042505430872654924 -0.0021304673665134065 -0.011537167610420743 0.0031279025390182004 0.16917598552920612 -0.01396348095348802 -0.00067081007833342718 -0.0043262228759316 0.00052727166924145343 0.08272361541904194 0.03415404832699067 0.00069157180815481052 0.011893645852462838 0.0007003070277560641 0.039071204013258531 0.017114604211581404 0.00040437386690097958 -0.002044561960334612 0.0019993233696631615 0.0079359029650008413 0.0062204523086681349 -0.023592569688186849 0.001136517833715305 -0.021536768128515297 -0.045225545726996899 0.0024036077081257012 -0.00035312480366740678 0.0068921853899088295 0.0015396545290338457
leaf_weight=74.845054857432842 45.423762607388198 1.0729572940617793 5521.1909179902868 442.02503072121181 96.151164198294282 1.7055993385147301 160.77786428947002 403.40471364185214 366.32928653154522 8.6732872836291808 7.0787435565143797 27.494893968105316 28.953917548060417 27.573010582476854 2163.335183000192 9.8327440014108998 5.7302258610725412 2331.9435776770115 2338.8094011694193 741.58190542459488 451.70244085788727 992.22502701729536 26.83199055492878 1243.3143603652716 39.200446784496307 13.927028991281984 71.052533440291882 2175.7711038324051 805.79612633341458 2653.8197336709127
leaf_count=370 279 30 82121 7722 1248 80 1689 2313 6332 68 67 122 135 298 19163 71 67 10620 10649 3350 2323 4632 127 5722 200 69 349 35977 12052 23196
internal_value=6.28655e-05 -0.000523008 -0.000191249 -0.00535864 -0.000710446 0.0874339 0.00115071 -0.00445889 -0.00123119 0.00840726 0.0320368 0.00110404 0.0169904 -0.00994953 -0.00128025 0.00087392 0.0533727 0.000996325 -0.000617696 0.00344511 0.00197869 0.0014126 -0.000400081 0.00342589 -0.000146715 -0.0104955 -0.00610839 0.00170984 0.00157359 0.00277831
internal_weight=23277.6 14895.7 13939.4 956.339 486.741 2.77856 6244.99 564.183 483.963 117.633 21.4823 8381.88 56.4488 469.598 7694.36 2173.17 12.809 8325.43 3155.24 816.427 5170.2 4718.49 2482.96 2235.54 2456.12 124.18 110.253 5680.81 5635.39 3459.62
internal_count=231441 192773 176861 15912 7892 110 75506 4002 7782 1450 202 38668 257 8020 101355 19234 134 38411 14369 3720 24042 21719 11365 10354 11238 618 549 71504 71225 35248
cat_boundaries=0 1 2 3 4 5 6
cat_threshold=535227 11039070 2187311 385 8818960 4
is_linear=0
shrinkage=0.04


Tree=197
num_leaves=31
num_cat=9
split_feature=28 30 19 14 13 14 27 14 30 10 4 1 3 14 4 20 19 29 17 21 14 30 9 19 9 0 30 30 6 29
split_gain=10.3759 14.5507 9.63752 11.8936 10.0537 12.6786 16.0673 11.3523 10.6101 10.1094 9.88561 12.9368 9.85772 9.53075 9.67762 9.34201 16.1002 12.9784 9.10021 8.63952 8.51902 8.58082 10.6195 12.1406 8.49659 8.04421 11.081 8.8254 16.6048 8.02776
threshold=1.5000000000000002 0 1 -0.14999999999999991 0.47222222222222227 0.15902777777777785 1.0116666666666672 0.24480820105820106 2 3 0.024500000000000192 35.695000000000007 7.0550000000000006 0.29917328042328045 0.038333333333333559 53.050000000000004 4 8.8850000000000033 0.78888888888888908 71.080000000000013 -0.34580026455026441 5 51.500000000000007 6 44.500000000000007 2.5000000000000004 7 8 47.835000000000008 6.2750000000000012
decision_type=2 1 1 10 10 10 2 10 1 1 2 2 2 8 2 2 1 2 8 2 8 1 2 1 2 2 1 1 2 2
left_child=1 -1 3 -3 5 6 19 25 10 -8 11 -9 -11 -12 -15 20 -17 -18 -4 -5 -2 22 -22 -24 -16 27 -27 28 29 -6
right_child=15 2 18 4 7 -7 9 8 -10 12 13 -13 -14 14 24 16 17 -19 -20 -21 21 -23 23 -25 -26 26 -28 -29 -30 -31
leaf_value=0.0074317965083911461 -0.010752589465771291 -0.011467796906687023 -0.00093386170054028715 0.013623864937833231 -0.014765331544019308 0.017070701984395295 -0.0068535138227283675 0.016800370140968347 0.0016094104865212906 0.0032815793946032413 0.066143480426789858 -0.007792342181051559 0.044923615560245593 0.058167414500994108 -0.030218229920544657 0.0013207889082216225 -0.014842518321676415 0.047229118268605992 0.015776512327810931 -0.030546717638309615 -0.0016250935811482458 0.00017019527999813375 0.0028807380976877991 -0.017169167446046876 0.030401251942536331 0.003622966088166292 -0.011570956692501709 0.0063798174853485889 -0.061829534286296312 0.0050365168605584565
leaf_weight=595.23940217029303 121.54019812657498 92.235809480771422 2986.9181223968044 270.82504004333168 55.554171502590179 145.34728399291635 180.15207312628627 106.45656557008624 615.59775240346789 481.46742999739945 9.8223318606615049 50.440228775143623 9.2707649096846563 6.786355718970305 7.3053867258131486 261.6257843747735 236.18884614761919 5.5154553968459359 53.069806201383471 7.2753911912441245 1275.462398263393 14758.382521767169 72.584099838975817 146.05113104218617 7.4949425309896469 109.95017493888736 237.61697584204376 221.06831593811512 8.1642042100429517 79.824589312076569
leaf_count=3597 2867 674 18713 2006 284 829 1076 583 3498 2857 63 278 51 43 44 2359 2237 48 319 53 14362 167244 907 1732 42 797 1825 1178 45 432
internal_value=0.000151218 0.00153118 0.000905045 0.00263893 0.00314748 0.0060693 0.00438433 0.00103846 0.00429633 0.00103331 0.0123395 0.00889414 0.00398701 0.0334785 0.0186154 -0.000366992 -0.00573458 -0.0128927 -0.000640039 0.0124683 -0.000201995 -0.000123095 -0.00300121 -0.0111664 0.000479704 -0.00263901 -0.00699315 0.0015116 -0.00601152 -0.00308939
internal_weight=23215.2 6337.88 5742.64 2702.66 2610.42 1094.34 948.991 1516.08 803.904 670.89 188.306 156.897 490.738 31.409 21.5867 16877.4 503.33 241.704 3039.99 278.1 16374 16252.5 1494.1 218.635 14.8003 712.178 347.567 364.611 143.543 135.379
internal_count=231043 39287 35690 16658 15984 6872 6043 9112 4551 3984 1053 861 2908 192 129 191756 4644 2285 19032 2059 187112 184245 17001 2639 86 4561 2622 1939 761 716
cat_boundaries=0 1 2 3 4 5 6 7 8 9
cat_threshold=64 10501801 132 2 5314398 64 15409792 24 22
is_linear=0
shrinkage=0.04


Tree=198
num_leaves=31
num_cat=3
split_feature=4 19 20 6 7 6 26 14 1 6 12 7 7 22 1 4 4 26 22 1 14 22 3 6 0 19 14 21 19 17
split_gain=10.361 15.2383 13.9849 10.7843 8.48852 11.6681 10.378 8.46006 8.68592 7.3141 6.99627 6.57983 7.30713 6.49171 6.3314 8.79524 6.17374 6.65315 6.22343 6.16643 6.10557 8.9504 6.06182 6.77047 5.6717 17.554 10.2754 11.6962 13.4954 11.1374
threshold=-0.10999999999999986 0 19.110000000000003 45.245000000000012 1.961666666666668 37.445000000000007 7.1550000000000011 -0.074074074074074042 30.145000000000003 28.485000000000003 3.3875000000000006 -3.2763333333333295 -1.2133333333333363 10.143333333333334 37.065000000000005 -0.12333333333333261 -0.11500000000000064 4.8850000000000007 14.530833333333334 19.925000000000004 0.074074074074074112 6.0316666666666707 6.495000000000001 36.155000000000008 3.5000000000000004 1 -0.27030423280423271 5.5950000000000006 2 0.61250000000000016
decision_type=2 1 2 2 2 2 2 10 2 2 10 2 2 2 2 2 2 2 2 2 8 2 2 2 2 1 8 2 1 10
left_child=1 2 -1 4 5 6 9 8 -3 16 13 -12 -13 -11 15 -10 17 -4 -19 -9 -6 -22 23 -2 -24 -26 -27 28 29 -28
right_child=22 7 3 -5 20 -7 -8 19 14 10 11 12 -14 -15 -16 -17 -18 18 -20 -21 21 -23 24 -25 25 26 27 -29 -30 -31
leaf_value=-0.035213688966202437 -0.00019576856654507615 -0.00035200705603636326 -0.025228733538174182 -0.021932277366019423 0.028343143640046486 -0.044467952904528332 -0.038480583441095721 -0.015704339779925892 0.080357341705633675 -0.026234813955639882 0.046759871657696322 -0.028276596512272892 0.023424163473926396 0.0029691514675535676 0.019084396164904486 0.021761544059564639 0.043217842017326105 0.029357391446242633 -0.0043263050300705137 0.012267997459235956 -0.01970855293545223 0.019273484864855531 0.0002788495876877881 0.059464240923543167 0.0012698186841887181 -0.018289153941109873 0.013758233049768906 -0.0033759739963219039 -0.0024840262707412474 0.12870798884345941
leaf_weight=17.740525685250759 6.4219219181686622 10.571178993210195 7.4291118308901778 27.813005965203047 33.040386877954006 9.281289014965294 9.4997548945248109 13.623075544834135 10.469917920418085 25.336949434131384 6.9969518519938019 7.7297279499471232 10.074956415221092 23.450190916657448 11.501650011166928 6.7351657859981087 10.654995895922182 22.567157037556171 14.361349716782568 169.47178310528398 14.736228063702582 26.142007254064083 16360.733211509883 5.7852588044479489 2777.7845914508216 68.611339818220586 130.15136921382509 3252.3890756503679 185.21837810403667 1.3627330437302578
leaf_count=218 48 83 53 156 203 53 53 75 82 160 46 51 65 122 91 57 65 127 68 944 85 134 114064 37 47854 4274 3984 52872 5434 13
internal_value=2.23347e-05 0.00578193 -0.00086739 0.00154374 0.0044942 -0.00105382 0.00186388 0.0132065 0.0306453 0.00484412 -0.00340377 0.0138944 0.000978789 -0.0121975 0.04206 0.0574192 0.0158771 0.00930966 0.0162579 0.0101867 0.0155561 0.00522082 -0.000101314 0.0280785 -0.000116417 -0.00112442 -0.00294805 -0.0026614 0.00467625 0.0138929
internal_weight=23277.7 489.227 266.855 249.114 221.301 147.382 138.101 222.373 39.2779 128.601 73.5888 24.8016 17.8047 48.7871 28.7067 17.2051 55.0126 44.3576 36.9285 183.095 73.9186 40.8782 22788.5 12.2072 22776.3 6415.52 3637.73 3569.12 316.732 131.514
internal_count=231571 2991 1659 1441 1285 863 810 1332 313 757 444 162 116 282 230 139 313 248 195 1019 422 219 228580 85 228495 114431 66577 62303 9431 3997
cat_boundaries=0 1 2 3
cat_threshold=2170701 5253959 184368
is_linear=0
shrinkage=0.04


Tree=199
num_leaves=31
num_cat=5
split_feature=12 3 1 6 1 31 27 7 22 20 19 27 26 27 19 19 22 22 24 3 8 20 18 3 21 30 27 27 14 30
split_gain=6.88024 7.40751 8.85271 17.7121 9.91883 13.9735 23.4161 6.81745 6.81123 5.48245 12.2899 13.4067 11.8054 15.4806 12.9933 12.6337 12.5749 9.73572 13.5294 9.47458 9.34901 10.2982 9.24359 9.03531 10.8871 9.29938 8.83685 8.75749 9.8763 13.4517
threshold=5.4722222222222232 6.6250000000000009 36.605000000000011 11.190000000000001 37.725000000000001 2.5000000000000004 -2.5758333333333323 15.965000000000003 5.2383333333333324 50.425000000000004 0 1.0450000000000004 6.7350000000000012 1.583666666666667 1 2 26.281666666666673 -10.854999999999997 4.5000000000000009 6.6250000000000009 3.5000000000000004 48.375000000000007 0.36666666666666675 6.8350000000000009 51.915000000000006 3 0.080000000000000307 0.44833333333333264 -0.090740740740740691 4
decision_type=10 2 2 2 2 2 2 2 2 2 1 2 2 2 1 1 2 2 2 2 2 2 10 2 2 1 2 2 8 1
left_child=9 -2 8 -4 5 -5 -7 -6 -3 12 11 17 -1 14 19 20 -16 18 -11 -14 21 -15 -18 25 -25 -13 -19 28 29 -12
right_child=1 2 3 4 7 6 -8 -9 -10 10 27 23 13 15 16 -17 22 26 -20 -21 -22 -23 -24 24 -26 -27 -28 -29 -30 -31
leaf_value=0.00014853546554361013 0.10523802983568258 -0.032458354431155717 0.28621325463356206 -0.012077793767574087 -0.020679408085828972 -0.040250410998693059 0.34198837671187787 0.13982812827627497 0.022850227493651946 -0.0020445859504425795 0.019295446745638763 -0.0061480716779682169 0.043760786048116972 0.026930073085172496 -0.00032493811088352359 0.017873911265233175 -0.0079757940949461391 0.0026924227760564629 0.062034039300907708 0.0077781193449024512 -0.013023197982888996 -0.0064446470984151939 -0.049759293541144702 -0.013189500164075312 0.001749287504221023 0.005979167499638346 -0.015086436575183181 0.001417009287542697 -0.0079466638663128857 -0.0094280648814179559
leaf_weight=18481.880225734785 0.81066116946749289 32.988649451988749 0.36713592056184907 1.2445558294421055 9.3361792765790561 0.43414272367954254 0.626431113341823 0.44351404486224133 3.9938523005694142 30.844653142616153 47.355878453701735 141.03926807455719 12.388791399076579 30.678487598896027 516.73448160802945 192.37928478047252 20.682962426915765 52.122895915061235 6.3588030496612182 213.1511855525896 47.210899889469147 28.567601539194584 14.347941868007181 180.37587432935834 137.59886439144611 301.80153183080256 315.42103209812194 2013.8815102679655 342.32020403910428 41.252017399296165
leaf_count=192734 61 3701 57 115 1025 97 51 60 47 329 525 820 99 152 4301 1051 147 599 54 1817 257 145 94 1146 826 1742 2689 12652 3438 467
internal_value=8.92367e-05 -0.0146966 -0.0166633 0.0125084 0.0041933 0.0788356 0.18552 -0.0134003 -0.0264854 0.000121303 -0.00131084 -0.00466968 0.000385673 0.00445832 0.00148365 0.0121958 -0.00186343 -0.0105914 0.00890771 0.00934049 0.000233811 0.0108373 -0.0250895 -0.00158074 -0.00672496 0.00211298 -0.0125651 0.000308327 -0.00486579 0.00703662
internal_weight=23218.6 50.2451 49.4345 12.452 12.0848 2.30513 1.06057 9.77969 36.9825 23168.4 3610.37 1165.56 19558 1076.14 777.305 298.836 551.765 404.747 37.2035 225.54 106.457 59.2461 35.0309 760.816 317.975 442.841 367.544 2444.81 430.928 88.6079
internal_count=231298 5214 5153 1405 1348 263 148 1085 3748 226084 25287 8205 200797 8063 6458 1605 4542 3671 383 1916 554 297 241 4534 1972 2562 3288 17082 4430 992
cat_boundaries=0 1 2 3 4 5
cat_threshold=2721940 639132 1123509 392 121
is_linear=0
shrinkage=0.04


Tree=200
num_leaves=31
num_cat=8
split_feature=10 20 19 16 26 29 19 14 27 12 19 22 9 12 19 9 16 14 19 1 13 3 19 12 14 30 29 21 23 21
split_gain=6.38949 9.39412 12.8874 12.9249 9.55285 8.99969 13.7098 14.4507 8.97942 8.68025 9.60085 13.9914 8.8476 8.44805 8.52458 13.5461 8.89981 8.32944 10.1024 11.9345 11.8984 9.57511 8.42378 9.13186 9.05933 8.39773 12.7208 8.3042 8.29627 9.9867
threshold=0 35.310000000000009 1 0.63333333333333341 6.4850000000000012 4.9250000000000007 2 -0.083333333333333273 0.80666666666666698 5.1055555555555561 3 7.4958333333333327 49.500000000000007 2.4365079365079372 4 23.500000000000004 0.63333333333333341 0.062962962962962971 5 52.790000000000006 0.61250000000000016 6.5950000000000006 6 2.683333333333334 -0.24986772486772479 7 4.8850000000000007 26.650000000000002 2.5000000000000004 67.905000000000015
decision_type=1 2 1 10 2 2 1 10 2 8 1 2 2 8 1 2 10 8 1 2 10 2 1 10 10 1 2 2 2 2
left_child=1 2 3 -1 -4 6 7 -3 9 -2 12 -12 -11 14 -10 16 -16 22 21 20 -20 -19 23 -15 -24 27 -27 -26 29 -25
right_child=8 5 4 -5 -6 -7 -8 -9 13 10 11 -13 -14 17 15 -17 -18 18 19 -21 -22 -23 24 28 25 26 -28 -29 -30 -31
leaf_value=-0.01882231245562458 0.00026741857544280355 0.0502975752577558 0.016630840555366917 0.038844121956152604 0.066074164469073035 0.00042295189184425895 0.0015330027133722409 0.012143701978861929 0.0094477169567531959 -0.0039903178015108908 -0.020372704576940355 0.016344164603227157 0.021642108950307968 0.037306694418061247 0.0059398089414514771 -0.0040222856465061997 0.066512121097596438 -0.040403196688734502 -0.00039076524926212353 -0.032131735668789248 -0.022362416924943795 -0.0071848001583870533 -0.047602114301799087 0.0082695362965653479 -0.0099435478296062384 0.0065612925748972087 -0.011517607412885334 0.0062789244103120048 -0.0034521586764068254 -0.036603181032437551
leaf_weight=35.710281397216022 11669.03531128238 18.130003894213587 91.349720967933536 7.5300367642194024 6.711632562801241 7115.1587214283645 374.74448439665139 128.15310836862773 178.23207817971706 112.58979744871613 115.04287737095729 19.40656714560464 26.644943329971284 12.566018015146254 8.2509719654917699 247.72453423775733 7.3280226700007907 14.106796801090239 1009.5728474427015 20.41035807877779 41.038044262677431 878.02509265765548 7.3152333758771411 289.16123862750828 66.225447569042444 82.179492907598615 257.05660251714289 212.45190451107919 202.96799522452056 8.1594764664769155
leaf_count=330 141133 173 772 58 63 52249 2815 891 1076 4826 5256 206 353 77 49 1547 42 66 6253 126 253 5379 51 1852 489 590 1731 1455 1408 52
internal_value=4.77191e-05 0.000982392 0.0112032 -0.00713092 0.0181627 0.00079455 0.0058691 0.0157928 -0.000422076 0.000102267 -0.00693926 -0.0140295 0.000853579 -0.00219084 0.00298584 -0.00168314 0.0344317 -0.00292786 -0.00450624 -0.00182053 -0.001249 -0.0076246 -0.000205218 0.0035587 -0.00329683 -0.00282567 -0.00693363 0.00233982 0.00278217 0.00703808
internal_weight=23263 7777.49 141.302 43.2403 98.0614 7636.19 521.028 146.283 15485.5 11942.7 273.684 134.449 139.235 3542.77 441.536 263.304 15.579 3101.24 1963.15 1071.02 1050.61 892.132 1138.08 512.855 625.229 617.913 339.236 278.677 500.289 297.321
internal_count=231621 57351 1223 388 835 56128 3879 1064 174270 151774 10641 5462 5179 22496 2714 1638 91 19782 12077 6632 6506 5445 7705 3389 4316 4265 2321 1944 3312 1904
cat_boundaries=0 1 2 3 4 5 6 7 8
cat_threshold=1 6979715 25888 2153263 2694242 13241955 5015847 325
is_linear=0
shrinkage=0.04


Tree=201
num_leaves=31
num_cat=2
split_feature=0 19 17 9 12 7 19 3 7 6 14 4 3 4 4 1 14 12 6 1 12 6 1 20 14 4 4 12 9 31
split_gain=7.21435 12.2683 9.26202 9.5014 8.55752 9.33397 11.9261 12.164 9.88941 13.0628 14.9651 13.6824 12.6949 22.1739 18.7382 16.4285 16.2735 15.6217 14.1682 17.9454 13.4127 12.7133 10.5027 8.983 28.4469 7.68309 7.66872 10.7861 6.90821 7.32288
threshold=5.5000000000000009 0 1.0000000180025095e-35 60.500000000000007 2.0500000000000003 5.6800000000000042 1 6.785000000000001 23.945000000000004 46.745000000000012 0.21111111111111119 -0.034500000000000412 6.9250000000000007 0.024500000000000192 0.06000000000000006 26.985000000000003 -0.033333333333333305 3.1339285714285716 39.505000000000003 19.265000000000004 3.3541666666666674 41.845000000000006 22.960000000000004 31.600000000000005 0.040039682539682563 -0.049999999999999371 -0.034999999999999691 2.5634920634920637 49.500000000000007 3.5000000000000004
decision_type=2 1 10 2 10 2 1 2 2 2 10 2 2 2 2 2 10 10 2 2 10 2 2 2 10 2 2 10 2 2
left_child=-1 4 -3 -4 -2 -6 8 23 9 10 12 -12 13 15 21 18 -17 -18 -7 -20 -19 -15 -11 24 25 -8 -25 -28 -9 -30
right_child=1 2 3 -5 5 6 7 28 -10 22 11 -13 -14 14 -16 16 17 20 19 -21 -22 -23 -24 26 -26 -27 27 -29 29 -31
leaf_value=0.00024345371281625923 -0.011706289186245465 -0.020057189560034959 -0.0055123391150595259 0.060226754804654434 0.00024601812116727752 0.0097373336629966306 0.084474265545171956 -0.027998560207515989 0.10690218539024336 0.084997870835825079 0.060169789059710828 -0.030589495283200031 -0.019352091973907894 0.11875558897212267 -0.0026788335382369548 -0.033716700366834551 0.011960848344157553 0.19144692453894327 0.047438726938147595 0.24005349821205327 0.053905700557320815 0.27768992241835772 -0.015749896662487942 -0.021772298657952285 0.22468072869784472 -0.040685182911087095 0.10574580239587018 0.0027471563037532848 -0.011401677676022896 0.085872518094354561
leaf_weight=22073.638982463861 70.803331934614107 75.250140805961564 540.14114994881675 3.5407711798325172 392.08165210473817 1.4990450763143695 1.2653266803827143 25.050646541407335 2.3949462827295056 1.8526952883694345 3.9462061356753102 8.1391306817531568 3.4900357408914706 1.7365379412658506 1.0403154685627667 5.0365964015945872 6.3690468994900513 1.8638722626492379 1.3368630129843952 1.8378738546743987 2.8985836189240217 1.5016034198924897 15.560892766108735 7.737619842402637 1.347094517201185 2.0661605964414798 2.3625342547893506 5.2234121831133962 3.678459213115274 1.8665726352483032
leaf_count=193034 887 6464 14451 87 13607 44 53 737 70 46 32 106 148 78 61 280 107 33 40 60 79 70 433 97 37 171 32 112 120 60
internal_value=7.97113e-05 -0.00295016 -0.00679485 -0.00508421 0.00129146 0.00314605 0.0133803 -0.00267059 0.0233804 0.0239616 0.0363674 -0.000954008 0.0521323 0.0620639 0.14501 0.0450366 0.0259427 0.0529364 0.111089 0.158945 0.107735 0.192457 -0.00503097 0.0210579 0.0695706 0.00685142 0.00624606 0.0348246 -0.0190561 0.0213428
internal_weight=23266.6 1192.92 618.932 543.682 573.987 503.184 111.102 50.5978 60.5042 58.1093 40.6957 12.0853 28.6104 25.1203 4.27846 20.8419 16.1681 11.1315 4.67378 3.17474 4.76246 3.23814 17.4136 20.0021 4.67858 3.33149 15.3236 7.58595 30.5957 5.54503
internal_count=231636 38602 21002 14538 17600 16713 3106 1419 1687 1617 1138 138 1000 852 209 643 499 219 144 100 112 148 479 502 261 224 241 144 917 180
cat_boundaries=0 1 2
cat_threshold=6152458 4997378
is_linear=0
shrinkage=0.04


Tree=202
num_leaves=31
num_cat=4
split_feature=28 3 0 26 30 27 19 19 9 30 24 1 14 17 1 12 14 27 14 7 7 31 26 22 3 3 3 8 14 21
split_gain=7.83973 15.367 12.2687 10.0109 9.99086 12.0933 15.2477 14.9324 11.0191 10.4588 9.86483 9.65726 9.5067 8.72562 7.89232 22.6848 22.6018 13.2942 7.58403 7.5306 9.57026 12.3131 7.72875 11.1017 8.54939 7.43744 11.6876 11.3215 11.1825 10.6755
threshold=5.5000000000000009 6.6450000000000005 5.5000000000000009 6.8350000000000009 0 -1.0683333333333338 1 2 26.500000000000004 3 4.5000000000000009 39.335000000000008 0.062962962962962971 0.5277777777777779 35.695000000000007 4.5277777777777786 -0.17400793650793644 -1.4266666666666667 0.066732804232804269 -1.2770833333333351 1.2583333333333349 1.5000000000000002 5.4350000000000014 -10.189166666666665 6.8250000000000011 6.9750000000000005 6.8150000000000004 4.5000000000000009 0.10787037037037038 16.605000000000004
decision_type=2 2 2 2 1 2 1 1 2 1 2 2 8 8 2 8 8 2 10 2 2 2 2 2 2 2 2 2 10 2
left_child=-1 -2 4 -4 -3 6 11 8 -7 -8 -11 13 -13 -6 18 16 -16 -18 -12 -10 21 -21 23 -23 -25 26 -9 -28 29 -29
right_child=1 2 3 -5 5 7 9 25 19 10 14 12 -14 -15 15 -17 17 -19 -20 20 -22 22 -24 24 -26 -27 27 28 -30 -31
leaf_value=-0.00021201038275816609 0.020077488567280231 -0.0025243402588184332 -0.015284138377491794 0.14148302597481507 -0.015079801033118866 0.047440455503649004 0.014897421706787636 -0.001580631925167155 0.0046521409699092995 -0.0034236731735954417 -0.0066257461203553915 0.0051899605491034636 0.09672971079022076 0.060129763874921478 0.17926099749206154 -0.045289383690360799 0.10124331098001782 -0.022624836493330892 0.079942582516612834 0.10928686236454875 0.015273213355855318 -0.0026332563225436234 -0.0085072493787348834 0.1171350614422222 0.038739660128382425 -0.013592564944616222 0.0070368810198338204 -0.013963971941572511 0.08992621894122145 0.035908128325488002
leaf_weight=21701.618344638729 77.685722823720425 413.35626318934374 74.554584890487604 0.657497838139533 139.06927389861085 20.98709821421653 113.45889837178402 151.04895607661456 53.544162361882627 176.36204799520783 13.255474550649526 29.038978138240054 1.9362597223371292 2.5127372690476468 2.636928210966289 3.0288072647526869 2.6746757114306083 2.8780595473945114 1.8445199485868204 4.0370107702910927 57.081097792834044 4.5356895355507758 5.3251818995922795 4.0573322474956495 4.9304369911551476 33.800306587480009 102.08366856630892 8.9321570154279453 4.6675351951271287 29.708877773024142
leaf_count=195098 1085 7840 9269 38 3346 261 2642 1879 824 4146 313 703 32 60 40 89 45 40 23 62 709 68 68 51 68 524 1368 155 55 448
internal_value=-1.63284e-05 0.00274177 0.00182061 -0.0139137 0.00267395 0.00485737 0.000466962 0.00938382 0.019251 0.00563024 -1.3987e-05 -0.00880842 0.0109121 -0.013745 0.0228293 0.0482421 0.0828332 0.0370407 0.00394889 0.0162617 0.0240352 0.0458892 0.0323107 0.0483838 0.0741296 0.0040617 0.00621167 0.0143071 0.031444 0.0243798
internal_weight=23241.3 1539.69 1462 75.2121 1386.79 973.436 488.697 484.74 154.498 316.139 202.681 172.557 30.9752 141.582 26.3185 11.2185 8.18966 5.55274 15.1 133.511 79.9667 22.8857 18.8486 13.5235 8.98777 330.242 296.441 145.392 43.3086 38.641
internal_count=231349 36251 35166 9307 25859 18019 11479 6540 2111 7338 4696 4141 735 3406 550 214 125 85 336 1850 1026 317 255 187 119 4429 3905 2026 658 603
cat_boundaries=0 1 2 3 4
cat_threshold=82 4197735 3410228 264
is_linear=0
shrinkage=0.04


Tree=203
num_leaves=31
num_cat=1
split_feature=11 27 1 5 17 29 30 31 18 1 28 6 1 16 0 9 8 29 27 14 21 12 1 26 9 6 15 12 26 11
split_gain=5.81951 10.0717 10.1077 9.24639 9.62343 9.07032 8.1232 9.71434 12.4829 8.25642 8.13405 7.95317 10.5842 8.43436 7.74727 7.45786 7.42774 8.13105 9.13022 8.6562 8.96653 12.1816 11.6498 9.17255 8.18075 7.96428 8.89357 8.1805 12.6782 13.4634
threshold=4.5000000000000009 -1.0683333333333338 46.980000000000011 1.5000000000000002 0.38750000000000007 3.2450000000000006 0 2.5000000000000004 0.22500000000000003 20.080000000000002 5.5000000000000009 45.045000000000009 29.735000000000003 0.22500000000000003 3.5000000000000004 48.500000000000007 5.5000000000000009 5.8950000000000005 -0.90083333333333282 0.17235449735449743 22.265000000000004 4.5857142857142863 45.285000000000004 4.245000000000001 50.500000000000007 29.425000000000004 3.5000000000000004 2.683333333333334 4.7650000000000006 11.500000000000002
decision_type=2 2 2 2 10 2 1 2 10 2 2 2 2 10 2 2 2 2 2 10 2 10 2 2 2 2 8 10 2 2
left_child=-1 2 3 4 6 -3 7 -2 9 -9 -8 -12 -13 -14 15 -4 17 18 19 20 22 25 -7 24 -23 26 -22 -27 -29 -30
right_child=1 5 14 -5 -6 16 10 8 -10 -11 11 12 13 -15 -16 -17 -18 -19 -20 -21 21 23 -24 -25 -26 27 -28 28 29 -31
leaf_value=0.00084142291936846751 0.002146498473467933 0.0032030700485619814 0.042578583410792799 -0.0089930842963733409 -0.05265858639809945 -0.0087328577894585178 -0.022051003159479238 0.087740956902043352 0.11258246489449875 0.015627386605704858 -0.0021009354495930442 -0.024963742280849754 0.025422424856443474 0.11013538639522416 -0.011676872721921418 -0.010747115440473494 -0.0029389814251056519 0.00082145589217786589 -0.0016247502164427228 0.060611799312393327 0.021813117852965962 0.11450952580416784 0.056775946773679149 0.0093126452291679603 0.021659249471229533 -0.035702090733764028 -0.034472381984170616 0.00837740779834731 0.064710409434714108 -0.020694221405485096
leaf_weight=8146.3674017522717 28.457598384935409 1116.7403233409859 17.111686278134588 496.2013567200629 4.9639503834769121 71.18738640518859 27.355631977319717 2.9547158461064162 3.0293891718611112 18.10968979052268 60.923304449999705 3.3271845956332964 4.5665741038974375 3.1970122326165438 10.788950089132411 5.5596137009561053 1800.7159836357459 6121.704718076624 5205.5240596728399 4.7422444997355333 7.0017280001193312 4.3772580591030401 4.6257241368293753 4.6770468181930482 2.3245286429300904 4.9467027997598043 12.528988320846109 58.572551222518086 14.136208072770389 3.7332839551381758
leaf_count=77571 526 12243 206 16662 53 1363 410 58 47 382 1295 51 80 41 574 82 17844 47368 52586 72 130 77 90 77 41 73 273 1012 242 94
internal_value=-2.04701e-05 -0.000484716 -0.00521828 -0.00631686 0.0021476 -0.000259621 0.00393836 0.0150979 0.0366614 0.0257428 -0.00316428 0.00357073 0.034726 0.0603069 0.016224 0.0295017 -0.000549914 -0.000176476 -0.00130812 0.00723836 0.00589283 0.0130683 -0.00473585 0.0523025 0.0823042 0.00864458 -0.0142941 0.0141491 0.0173751 0.0468677
internal_weight=23270.5 15124.1 686.547 653.086 156.885 14437.5 151.921 52.5514 24.0938 21.0644 99.3697 72.0141 11.0908 7.76359 33.4603 22.6713 13320.8 11520.1 5398.38 192.854 188.111 112.298 75.8131 11.3788 6.70179 100.919 19.5307 81.3887 76.442 17.8695
internal_count=231623 154052 20467 19605 2943 133585 2890 1013 487 440 1877 1467 172 121 862 288 121342 103498 56130 3544 3472 2019 1453 195 118 1824 403 1421 1348 336
cat_boundaries=0 1
cat_threshold=387
is_linear=0
shrinkage=0.04


Tree=204
num_leaves=31
num_cat=6
split_feature=14 7 19 19 1 3 1 14 19 8 6 19 7 1 21 9 26 14 21 21 20 1 19 19 22 14 21 14 14 6
split_gain=8.38375 8.85223 18.1784 10.6848 10.386 8.44657 8.38972 10.3549 14.0607 15.6777 14.1394 13.0767 11.7615 11.4285 10.8992 10.5282 10.0704 14.2698 9.95164 11.1333 10.1249 9.8167 9.57662 9.54909 9.60196 9.43283 8.90304 8.63098 8.40071 8.08564
threshold=-0.2000661375661375 6.6816666666666675 0 1 11.565000000000001 6.6550000000000011 37.885000000000012 0.029629629629629627 2 1.5000000000000002 41.685000000000009 3 0.059166666666666153 38.685000000000009 67.905000000000015 46.500000000000007 4.1350000000000007 -0.17043650793650789 28.960000000000004 16.605000000000004 34.495000000000005 39.265000000000008 4 5 -16.760833333333327 0.47519841269841273 52.410000000000004 -0.075925925925925855 0.38396164021164031 52.655000000000008
decision_type=8 2 1 1 2 2 2 10 1 2 2 1 2 2 2 2 2 10 2 2 2 2 1 1 2 10 2 10 10 2
left_child=1 3 -3 -1 -4 -6 22 8 9 10 18 -9 28 15 29 -11 17 -12 19 -8 -20 -22 -2 24 -14 -25 -23 -19 -13 -15
right_child=6 2 4 -5 5 -7 7 11 -10 13 16 12 23 14 -16 -17 -18 27 20 -21 21 26 -24 25 -26 -27 -28 -29 -30 -31
leaf_value=7.285609046294861e-05 -0.0014450351183583855 -0.0079255647368611376 -0.027917211319246515 -0.0076934758159537446 0.059344622096775337 0.015423926555320941 0.025268640216447681 0.0038657566946611499 0.00055786191016716027 0.0098721895708525787 0.11911480752302513 -0.0057255240102208537 -0.01678292924355243 0.003118023960896112 -0.035508265924133718 0.038683350562817742 0.0040664403139446664 -0.012418394723129361 -0.0074352140608805826 0.071581183004868057 0.067330766164874031 0.031518450151939631 0.00053984107563769782 -0.0028146940666077085 0.0072094610710718623 0.034085655470033803 -0.024113611084584527 0.050774597669952987 0.011818518009803432 0.059299980632654563
leaf_weight=502.86136245238595 6256.4560075851623 103.19228942366317 8.3465265152044577 655.85074918356258 7.4970995597541323 106.92190501769073 18.31126068951562 964.96646272344515 1209.5995971802622 94.459910318255424 2.8343550926074412 940.03602621611208 28.515857227146626 790.33013183856383 11.683188049122689 25.845916722435504 113.65495667327195 6.6157094622030863 16.598987613804638 15.198428225703536 8.6988333705812675 18.944845959544185 10243.86601214949 596.47572012245655 416.60025232844055 11.293988931924103 6.0797134414315215 7.2454424286261174 45.79684248007834 4.1200154488906255
leaf_count=10206 58790 1866 140 13547 89 1989 243 7466 13876 1074 54 7551 275 9034 89 323 1037 117 177 184 66 155 95425 4281 2998 62 53 83 276 53
internal_value=4.18762e-05 -0.00297645 0.00426603 -0.00438879 0.0140176 0.0183018 0.000233115 0.00160898 0.00359769 0.00675721 0.0165696 5.293e-05 -0.00176208 0.00456163 0.00284535 0.0160618 0.00832765 0.0373359 0.0293851 0.0462738 0.0181389 0.0307267 -0.000213316 0.00116912 0.00554778 -0.00209452 0.0180026 0.0206136 -0.00491052 0.00340938
internal_weight=23238.9 1384.67 225.958 1158.71 122.766 114.419 21854.2 5353.91 2350.22 1140.62 214.183 3003.69 2038.72 926.439 806.133 120.306 130.35 16.6955 83.8321 33.5097 50.3224 33.7234 16500.3 1052.89 445.116 607.77 25.0246 13.8612 985.833 794.45
internal_count=231579 27837 4084 23753 2218 2078 203742 49527 26618 12742 2169 22909 15443 10573 9176 1397 1291 254 878 427 451 274 154215 7616 3273 4343 208 200 7827 9087
cat_boundaries=0 1 2 3 4 5 6
cat_threshold=4348773 12651363 2999398 4595328 312802 9486598
is_linear=0
shrinkage=0.04


Tree=205
num_leaves=31
num_cat=6
split_feature=4 19 29 27 18 28 19 14 1 27 13 30 7 6 1 27 1 1 1 27 20 26 19 27 31 19 4 5 19 29
split_gain=8.5114 14.2663 8.37107 11.3734 8.54368 8.36397 17.1252 15.4348 11.8207 27.1646 10.3703 9.11628 8.87595 11.2298 9.02448 9.59911 14.1512 12.0277 11.5182 8.38056 8.35847 11.6426 15.4878 9.6322 10.3277 10.3151 9.963 9.40797 9.45472 8.94156
threshold=0.040000000000000487 0 6.8050000000000006 2.2908333333333339 0.70833333333333337 5.5000000000000009 1 0.18888888888888899 46.980000000000011 -0.59666666666666635 0.68333333333333346 2 -6.5191666666666661 23.395000000000003 32.360000000000007 -1.2099999999999995 24.940000000000001 29.735000000000003 1.0000000180025095e-35 -0.93666666666666576 46.180000000000007 6.3450000000000006 3 0.97999999999999987 10.500000000000002 4 0.039999999999999598 4.5000000000000009 5 7.5650000000000004
decision_type=2 1 2 2 8 2 1 10 2 2 10 1 2 2 2 2 2 2 2 2 2 2 1 2 2 1 2 2 1 2
left_child=5 -2 3 -3 -4 19 10 8 12 -10 11 -7 13 14 15 18 -17 -18 -8 -1 21 23 -23 24 26 -25 29 -28 -29 -21
right_child=1 2 4 -5 -6 6 7 -9 9 -11 -12 -13 -14 -15 -16 16 17 -19 -20 20 -22 22 -24 25 -26 -27 27 28 -30 -31
leaf_value=-0.0050788569209254276 0.0014741964864617666 -0.0062812540358144365 0.00074097669069056796 0.028926268377312873 0.038123109522167846 0.012023789378345029 0.092093218508201569 0.042569657876108342 0.014134419693364498 0.10715346386314709 -0.035408827056889643 -0.0025947198810387625 0.007206724452940648 -0.019543374361380317 -0.012006324282774393 0.0022725963423904333 0.13043598075569895 0.028828247705559393 -0.019700539112535328 0.00083320385858013713 -0.00089536815435261403 0.009692484298975363 0.00048724899002201491 -0.0050657801624180215 0.054885097273646308 0.00071267538939425129 0.049668344375616923 -0.009111087507551725 0.022708822737657584 0.014734045995176729
leaf_weight=461.50338770262897 1101.7434807837708 1230.3320565673057 225.05069318599999 14.857725419104097 10.226732704788445 68.340337095200084 1.7361528460169235 19.651460630819201 34.488872285233811 5.8795189857482901 14.140207856893538 523.21874729939736 595.45771077729296 47.985759197501466 19.735833131358959 6.271918233484028 4.0509305284358561 3.4527948219329119 9.7873215457657334 9860.7750035622157 5750.2064592419192 532.4326001079753 649.40644887741655 917.76790510304272 5.7011612160131326 1058.6948007997125 11.736998457461594 22.908827071078125 21.719037021510299 74.597459701821208
leaf_count=8273 15284 21989 2410 84 85 1554 59 226 705 60 171 11535 12398 1136 556 106 73 49 369 93813 39245 3810 4567 5488 48 6212 152 356 325 564
internal_value=0.000189431 -0.00197609 -0.00452316 -0.00586115 0.00236585 0.000459286 0.00349842 0.00748827 0.00664513 0.0276823 -0.00153044 -0.000746511 0.00541163 -0.00607937 0.00826683 0.0240819 0.046617 0.0836818 -0.00285744 0.000246786 0.000376787 0.00093283 0.00472045 0.000558987 0.00106342 -0.00199257 0.00103271 0.0178023 0.00942162 0.000937575
internal_weight=23303.9 2582.21 1480.47 1245.19 235.277 20721.6 1354.2 748.498 728.847 40.3684 605.699 591.559 688.478 93.0207 45.035 25.2991 13.7756 7.50373 11.5235 19367.5 18905.9 13155.7 1181.84 11973.9 9997.44 1976.46 9991.74 56.3649 44.6279 9935.37
internal_count=231702 39852 24568 22073 2495 191850 28997 15737 15511 765 13260 13089 14746 2348 1212 656 228 122 428 162853 154580 115335 8377 106958 95258 11700 95210 833 681 94377
cat_boundaries=0 1 2 3 4 5 6
cat_threshold=8496141 8451553 8 15484084 13256025 16305921
is_linear=0
shrinkage=0.04


Tree=206
num_leaves=31
num_cat=4
split_feature=27 19 12 26 14 1 14 24 20 13 20 19 6 4 8 19 6 29 12 6 20 22 20 4 19 13 6 6 14 20
split_gain=5.58277 10.6956 11.2388 9.23765 9.09208 8.16504 8.1251 7.53391 6.9684 6.79039 6.06398 5.60368 9.84987 14.003 11.0072 9.98219 9.35294 8.74754 15.3944 8.23514 8.13801 8.06439 12.2091 7.97087 7.67982 7.98281 10.2305 7.2568 7.19971 8.60878
threshold=2.4208333333333338 0 3.5634920634920637 7.1650000000000009 0.20660714285714288 37.150000000000006 0.38396164021164031 3.5000000000000004 54.225000000000001 0.5277777777777779 46.350000000000009 1 48.815000000000005 -0.088333333333333361 5.5000000000000009 2 32.235000000000007 7.2950000000000008 2.7071428571428577 54.585000000000001 26.340000000000003 23.53166666666667 56.610000000000007 0.010833333333333252 3 0.73214285714285732 42.285000000000004 29.040000000000003 0.29319444444444448 39.405000000000008
decision_type=2 1 8 2 10 2 10 2 2 10 2 1 2 2 2 1 2 2 8 2 2 2 2 2 1 10 2 2 10 2
left_child=11 3 5 6 -5 7 10 -3 -6 -9 -2 12 14 19 -1 28 20 -15 -19 -14 -17 -13 -23 -18 25 26 -24 -26 29 -16
right_child=1 2 -4 4 8 -7 -8 9 -10 -11 -12 21 13 17 15 16 23 18 -20 -21 -22 22 24 -25 27 -27 -28 -29 -30 -31
leaf_value=0.0017016382803571872 0.0045740323836135442 0.010124778968573325 0.050180504732322842 0.024812378011446392 0.026369494105819513 -0.0067773810515144054 0.011758373051978879 0.064726673904062018 -0.0089384793251360267 0.018046616145053766 -0.027678062609747776 -0.00026834986398183565 -0.013580740747317134 -0.0050016805537824241 0.0093515233370131384 -0.014328147562935723 0.025448918973148511 -0.0087080345776366034 0.051910888782372731 -0.058598037482858994 -0.0039041113365510163 -0.0045359123314009523 -0.013426684404012148 -0.011685454709032504 -0.0023433999827025703 -0.039823602307982452 0.037026580786285346 0.021920305854845067 0.027877766225367848 -0.0059911968701712127
leaf_weight=6397.0176361351041 11.91424450278282 98.16999340057373 11.78012692183256 28.093332335352898 10.873820371925829 36.901320017874241 15.950171418488024 8.2807593271136302 50.380084648728371 12.53136735409498 42.959984213113785 13604.742431526771 14.708966177888216 358.81233675545081 128.31803766544908 149.29983019456267 28.484916580840945 14.893576249480249 12.188450790941713 11.6525143077597 607.08685870701447 1341.3668762091547 21.052091674879197 13.695099695352836 27.854321956634521 9.6286270134150964 9.2583515569567663 67.550575153902173 19.11743882112205 107.56273898296058
leaf_count=63845 61 500 59 147 54 188 81 44 245 61 223 141433 90 3268 1773 2830 258 94 87 66 5628 8680 134 190 168 53 58 405 125 866
internal_value=-4.7446e-05 0.00513549 0.0118039 -0.00243006 0.00597084 0.009661 -0.0133712 0.0147592 -0.00267059 0.0366197 -0.0206755 -0.000121501 0.000743726 -0.00527395 0.00107769 -0.00271076 -0.00487832 -0.00334715 0.0185739 -0.0334796 -0.00596167 -0.000572708 -0.0033806 0.013392 0.00806947 -0.00647392 0.00198431 0.0134287 0.00410754 0.00235517
internal_weight=23272.1 327.835 167.664 160.172 89.3472 155.883 70.8244 118.982 61.2539 20.8121 54.8742 22944.3 7862.84 412.256 7450.58 1053.56 798.567 385.894 27.082 26.3615 756.387 15081.5 1476.71 42.18 135.344 39.9391 30.3104 95.4049 254.998 235.881
internal_count=231714 1663 852 811 446 793 365 605 299 105 284 230051 79120 3605 75515 11670 8906 3449 181 156 8458 150931 9498 448 818 245 192 573 2764 2639
cat_boundaries=0 1 2 3 4
cat_threshold=13436318 13175076 4259840 140480
is_linear=0
shrinkage=0.04


Tree=207
num_leaves=31
num_cat=7
split_feature=28 4 20 7 19 27 16 19 6 19 3 30 1 4 23 9 22 4 7 19 22 29 26 1 19 23 16 19 26 6
split_gain=6.61527 17.9318 11.2022 13.5932 12.6818 12.0905 12.3806 12.0651 9.23702 15.8962 13.5127 12.5479 11.5192 16.6338 9.6033 9.22653 10.0368 8.93057 8.88852 8.84017 12.7234 10.5545 9.67736 10.2566 9.50114 8.74181 13.5436 8.66289 9.5177 8.76775
threshold=5.5000000000000009 0.039999999999999598 14.540000000000001 0.059166666666666153 0 -0.80449999999999966 0.63333333333333341 1 45.045000000000009 2 6.6750000000000007 3 46.645000000000003 0.018333333333333094 5.5000000000000009 42.500000000000007 -21.917499999999997 -0.0066666666666672638 -19.762499999999996 4 -11.070833333333333 3.1750000000000003 3.8950000000000005 31.335000000000004 5 5.5000000000000009 1.0000000180025095e-35 6 3.3050000000000002 44.470000000000006
decision_type=2 2 2 2 1 2 8 1 2 1 2 1 2 2 2 2 2 2 2 1 2 2 2 2 1 2 8 1 2 2
left_child=-1 2 3 7 5 6 15 18 10 -10 -4 12 27 14 -14 16 -5 -6 -2 -13 21 22 25 -24 -22 26 -21 -12 -29 -30
right_child=1 -3 8 4 17 -7 -8 -9 9 -11 11 19 13 -15 -16 -17 -18 -19 -20 20 24 -23 23 -25 -26 -27 -28 28 29 -31
leaf_value=-0.00016021570929843881 0.091523221313791384 -0.0085045077357738096 0.02202359098978194 -0.00090462165550228059 0.0042374682495542335 0.14466586062690359 0.11873456670603126 -0.020964882410803614 0.012255961704625345 -0.015458925148735982 -0.00092551066692903798 -0.0065660288660356536 0.0036058512482905159 0.12973755695723982 0.065787634007306139 -0.019461174936423981 0.0366548115930189 -0.021243554979679204 0.00056996475696579013 0.14797265558793796 -0.0036163314225299914 -0.013613597621811928 -0.030710823103809792 0.015294423698967954 0.016765966816805259 0.013134079167803056 0.02065167944145815 0.090145668279205074 0.012288891483371218 0.078072717577263501
leaf_weight=21730.044652220793 1.772050478728487 203.72282268689014 92.53889879770577 18.404219237156205 64.154863281408325 1.2356292344629753 1.9008201803080726 76.713533864240162 48.086245263926685 69.369013620074838 97.130238425917923 145.84532363619655 11.012388542294508 2.8904508706182233 6.2174821374937883 10.249834869988261 29.841145186685033 33.498213215731084 57.584473335533403 2.437054822687057 50.703861307818443 78.331096286419779 12.152602395042775 21.420498608611524 134.4051903532818 8.5602418356575072 2.9608295313082635 2.5935155609622589 252.96207605814561 3.2837573140859595
leaf_count=195266 82 7669 1104 882 1953 18 44 3640 710 986 1683 2459 149 63 72 209 822 1759 2528 43 779 1426 225 339 2138 154 56 41 4142 50
internal_value=1.94335e-05 0.00255111 0.00423411 -0.00264277 0.00528851 0.0178991 0.0182693 -0.0119272 0.00618167 -0.00438513 0.00752278 0.00591169 0.0111979 0.0409408 0.0260444 0.0150046 0.022327 -0.00408504 0.00281163 0.00128639 0.00505899 -0.00459054 0.0102794 -0.0013583 0.0118934 0.0382712 0.078135 0.00983129 0.0133864 0.0131319
internal_weight=23272 1541.98 1338.26 295.355 159.285 61.6316 60.396 136.07 1042.9 117.455 925.446 832.907 376.09 20.1203 17.2299 58.4952 48.2454 97.6531 59.3565 456.817 310.971 125.862 47.5312 33.5731 185.109 13.9581 5.39788 355.97 258.839 256.246
internal_count=231491 36225 28556 11937 5687 1975 1957 6250 16619 1696 14923 13819 6200 284 221 1913 1704 3712 2610 7619 5160 2243 817 564 2917 253 99 5916 4233 4192
cat_boundaries=0 1 2 3 4 5 6 7
cat_threshold=2626838 11883048 2421664 169 2293981 4224000 4486240
is_linear=0
shrinkage=0.04


Tree=208
num_leaves=31
num_cat=3
split_feature=9 3 29 30 26 26 5 3 14 0 27 26 3 31 24 11 8 30 0 19 9 6 29 26 6 8 14 6 24 9
split_gain=6.20844 5.9448 9.63763 13.3274 9.63346 13.4017 9.6135 7.92815 7.75929 8.93971 21.9056 7.31851 7.25913 6.94801 6.91351 6.8573 6.93648 6.62145 8.08236 13.5494 9.69387 14.9555 11.4724 37.9977 13.733 11.9112 8.7184 7.98386 12.2561 8.12443
threshold=71.000000000000014 6.9750000000000005 4.0550000000000006 0 7.035000000000001 7.5050000000000008 3.5000000000000004 7.245000000000001 0.03333333333333334 3.5000000000000004 0.3000000000000001 4.035000000000001 7.0250000000000012 7.5000000000000009 2.5000000000000004 11.500000000000002 2.5000000000000004 1 4.5000000000000009 2 53.500000000000007 34.865000000000002 5.0550000000000006 5.0050000000000008 32.360000000000007 4.5000000000000009 0.36134259259259266 42.775000000000013 2.5000000000000004 37.500000000000007
decision_type=2 2 2 1 2 2 2 2 10 2 2 2 2 2 2 2 2 1 2 1 2 2 2 2 2 2 8 2 2 2
left_child=1 -1 3 11 17 -6 8 15 12 -10 -11 -3 13 -5 -7 16 -8 -4 26 20 22 -22 -20 -24 25 -25 -19 -21 -29 -30
right_child=-2 2 4 6 5 14 7 -9 9 10 -12 -13 -14 -15 -16 -17 -18 18 19 27 21 -23 23 24 -26 -27 -28 28 29 -31
leaf_value=-8.4002116798635542e-05 -0.039487894513649764 -0.031376444231960676 -0.00056662195468807296 0.01036004970870737 -0.014000110382605657 0.047436583740370228 0.0055282628187765005 0.06280449579783301 0.017073121982694596 -0.016299902410096542 0.12520232261930883 -0.009140942351473379 -0.016167012243086115 0.080284112672509553 0.0051693614616666198 0.052234246295683136 -0.014236361862524301 0.0080596198102500793 -0.029498376927475905 -0.011767529869257432 -0.00042967598451418201 0.15249926392454255 0.19635443052094503 0.1053001686719261 -0.023812607057517778 0.0076758793665749727 -0.014107870301977765 0.096555761009658084 -0.031911508628068339 0.023495833513244056
leaf_weight=21298.295503402245 6.3373188148252657 32.028285549022257 330.59887002361938 28.280633609625514 103.02519106073305 7.7078599082306019 44.535962703870609 2.7724316404201081 20.020334511995319 2.9113092320039859 4.3898930046707392 90.902422285173088 17.708788184216246 2.472443758044391 31.477766157127917 3.1996735157445064 78.466949190362357 930.89105600118637 6.4633452054113212 120.36391366436146 1.8848042162135232 2.2381050167605281 2.0154878217726973 3.4778449363075215 8.3199357707053405 4.7048365562222898 29.280169181525707 2.5839183852076557 6.622874177061024 11.740314953029154
leaf_count=208862 134 948 3783 460 810 64 819 43 121 58 45 1150 291 33 233 91 1753 7572 253 2844 64 48 78 64 191 105 173 61 126 246
internal_value=9.78789e-05 0.000108679 0.00223379 -0.00401698 0.00351127 -0.00642715 0.00241921 -0.00410641 0.0138443 0.0308907 0.0687792 -0.0138107 0.00423402 0.0159817 0.0134834 -0.00557631 -0.00708014 0.00447853 0.00590657 -0.00206899 0.0191744 0.0825872 0.0163843 0.0323987 0.0123745 0.0491687 0.00738363 -0.0072856 0.0149899 0.0035126
internal_weight=23235.7 23229.4 1931.09 327.689 1603.4 142.211 204.758 128.975 75.7834 27.3215 7.3012 122.931 48.4619 30.7531 39.1856 126.203 123.003 1461.19 1130.59 170.415 29.1044 4.12291 24.9815 18.5181 16.5026 8.18268 960.171 141.311 20.9471 18.3632
internal_count=231523 231389 22527 5812 16715 1107 3714 2706 1008 224 103 2098 784 493 297 2663 2572 15608 11825 4080 803 112 691 438 360 169 7745 3277 433 372
cat_boundaries=0 1 2 3
cat_threshold=200 162 9978112
is_linear=0
shrinkage=0.04


Tree=209
num_leaves=31
num_cat=3
split_feature=29 19 15 6 21 21 20 12 30 21 19 12 9 31 6 29 1 20 18 14 20 6 14 6 1 1 14 9 1 6
split_gain=6.45109 22.0458 10.7446 11.7878 10.009 9.12497 19.9173 9.28809 9.04894 12.9978 9.08569 8.49113 8.90483 10.4156 10.6064 8.57549 8.38486 8.00453 7.83762 7.56394 12.4582 7.95445 7.52045 7.2959 7.31527 8.16955 7.1419 10.7963 8.11808 10.8969
threshold=7.0050000000000008 0 1.5000000000000002 44.035000000000004 35.495000000000005 57.090000000000011 48.730000000000011 3.2111111111111117 1 59.285000000000004 2 3.1547619047619051 51.500000000000007 7.5000000000000009 48.400000000000006 7.3650000000000011 34.315000000000005 46.835000000000008 0.29166666666666669 0.055092592592592603 56.195000000000007 48.115000000000002 0.29319444444444448 8.4500000000000011 26.985000000000003 11.565000000000001 0.500462962962963 40.500000000000007 43.495000000000005 20.660000000000004
decision_type=2 1 8 2 2 2 2 10 1 2 1 8 2 2 2 2 2 2 8 10 2 2 10 2 2 2 10 2 2 2
left_child=-1 2 5 23 16 6 -2 8 10 -10 -7 26 13 14 15 -13 -3 -17 22 -5 21 -21 -12 -4 25 -25 28 -28 -6 -30
right_child=1 4 3 19 11 7 -8 -9 9 -11 18 12 -14 -15 -16 17 -18 -19 -20 20 -22 -23 -24 24 -26 -27 27 -29 29 -31
leaf_value=-0.00019614322651550668 0.025971810159962166 0.075383516643829238 0.013258450491403687 -0.0004383812177373994 0.0012185018242863743 0.0047615050630694586 -0.0013550335792175178 0.02881321407180339 -0.02054439841798486 0.0062104683876653679 0.0056858338433791976 0.017277329172087505 -0.0088902311694136604 -0.034318765255370462 0.043651968179514049 0.014050211278772465 0.014988159451602107 -0.0017745555591700795 -0.035413712065659131 0.03517447121461393 0.076668682226392934 -0.010803181634521004 -0.042297946288205969 0.012594706576276605 -0.0065104432411780726 -0.024460129164209574 0.0013906582882023805 0.045702250522915149 -0.041654070745323367 0.016859064684553459
leaf_weight=20459.213148832903 70.57771155051887 5.6748093254864242 26.282626007683575 52.33576527889818 1041.8377630757168 32.48340767621994 107.94185480847955 15.068302955478428 34.977859809994698 171.49747668392956 19.409357415512208 170.39695939887315 39.237885426729918 7.9286997262388459 16.227321360260248 91.13595772581175 10.452433065511284 116.54173219110817 38.94872884079814 11.923706371337181 5.933053655549883 12.160854358226059 7.1516937706619492 11.01392489671707 512.43071501795202 70.175770960748196 20.566851101815701 15.373540639877318 5.4029937805607906 88.560896983370185
leaf_count=211076 457 42 204 401 7278 188 711 91 222 1055 140 1375 307 54 124 765 88 920 249 77 41 79 42 83 4199 548 102 79 40 623
internal_value=5.14418e-05 0.00184155 -0.00226988 -0.00547593 0.00485454 0.00220504 0.00944863 -0.00184182 -0.00335896 0.00160055 -0.0126784 0.00457087 0.00929872 0.0110731 0.0119858 0.0106267 0.0362399 0.00516988 -0.0208114 0.00874245 0.0247493 0.0119593 -0.00723404 -0.00736482 -0.00827792 -0.0194334 0.00278959 0.020345 0.00223409 0.0134945
internal_weight=23288.9 2829.65 1200.31 702.256 1629.34 498.056 178.52 319.537 304.469 206.475 97.9932 1613.21 441.469 402.231 394.302 378.075 16.1272 207.678 65.5098 82.3534 30.0176 24.0846 26.5611 619.903 593.62 81.1897 1171.74 35.9404 1135.8 93.9639
internal_count=231660 20584 8787 5632 11797 3155 1168 1987 1896 1277 619 11667 3545 3238 3184 3060 130 1685 431 598 197 156 182 5034 4830 631 8122 181 7941 663
cat_boundaries=0 1 2 3
cat_threshold=1853106 19 530
is_linear=0
shrinkage=0.04


Tree=210
num_leaves=31
num_cat=4
split_feature=14 20 19 29 1 21 1 5 1 19 29 19 31 20 29 20 3 19 3 0 6 7 14 29 29 27 7 6 6 3
split_gain=5.63382 8.8973 12.3732 13.2779 20.39 11.5131 10.0137 9.59809 8.9097 12.213 11.6119 11.6819 10.5843 9.72504 8.59382 10.5273 6.35674 6.2635 7.51116 7.90579 6.21573 6.16038 6.13989 5.78279 12.2849 5.86856 5.28891 5.10361 7.03905 4.9803
threshold=-0.34580026455026441 22.960000000000004 0 3.7150000000000003 25.060000000000006 22.590000000000003 45.480000000000011 2.5000000000000004 35.235000000000007 1 5.1350000000000007 2 3.5000000000000004 29.280000000000005 4.4750000000000005 29.120000000000001 6.8150000000000004 3 6.8950000000000005 1.5000000000000002 30.455000000000002 -14.835833333333332 -0.35727513227513213 4.6250000000000009 5.3550000000000013 -0.13499999999999931 0.19916666666666674 33.685000000000009 36.850000000000009 6.5550000000000006
decision_type=10 2 1 2 2 2 2 2 2 1 2 1 2 2 2 2 2 1 2 2 2 2 8 2 2 2 2 2 2 2
left_child=1 2 3 21 -5 7 8 -6 10 23 11 12 14 -14 15 -3 -9 18 19 -12 -21 -1 -13 -10 25 -25 -24 -11 -29 -2
right_child=29 6 -4 4 5 -7 -8 16 9 27 17 22 13 -15 -16 -17 -18 -19 -20 20 -22 -23 26 24 -26 -27 -28 28 -30 -31
leaf_value=0.089766472775555897 0.0093069345381670849 -0.020836638852082513 -0.02508207169937024 0.15340342941683163 0.12795700200449717 -0.016295397942952865 -0.031614033920780285 -0.027552154739639245 0.059607746205835178 -0.021265025283160131 0.021387641453675933 -0.046060661280562638 -0.051582652773636883 0.033234301617365389 0.082033915633278665 0.072254428765502657 0.072589324367549224 -0.018641817580628429 0.046570737754167812 0.019838476597970636 -0.033009553815101504 -0.025447159535546441 -0.022415927970064614 -0.04689984130793505 0.033284065937545175 0.015424255765471505 0.022804494131290234 0.030280210885098049 -0.0098317844896410322 4.0627381469079241e-05
leaf_weight=0.78411291248630632 93.182683861581609 4.0823156880214873 55.052336924476549 1.981317461002617 2.0429044305346888 7.7109556873328984 16.497364290989935 2.0642891353927553 7.241562175564467 20.230542610399425 11.690314248204233 6.8816710135433823 3.5918156397528929 5.4371049096807837 8.2665850585326535 3.7101430171169341 1.9937608381733296 68.668594839982688 5.38239652942866 4.6952886986546245 14.737998234108089 14.004989882698284 8.790411198511725 5.2739778365939856 30.442077617160976 4.4629726596176607 7.8193608960136762 10.966236096806826 19.352715482003987 22775.115273227682
leaf_count=25 619 76 1710 36 34 152 165 36 97 212 53 119 49 56 107 47 51 668 62 57 150 665 115 82 279 45 84 104 197 225289
internal_value=8.84446e-07 -0.00500768 -0.016233 0.00595189 0.033403 0.016189 -0.0014238 0.0572458 0.000554791 0.00998227 -0.00545228 0.0107221 0.0244122 -0.000506926 0.0536242 0.0234859 0.0216484 -0.0129231 0.00230816 -0.00460484 -0.0202409 -0.0193386 -0.0100235 0.0220544 0.0207752 -0.0183333 -0.00112757 -0.00476329 0.00467655 7.83853e-05
internal_weight=23222.2 353.856 85.6347 30.5823 15.7932 13.8119 268.221 6.10095 251.724 97.9701 153.754 48.5794 25.088 9.02892 16.059 7.79246 4.05805 105.175 36.506 31.1236 19.4333 14.7891 23.4914 47.4206 40.179 9.73695 16.6098 50.5495 30.319 22868.3
internal_count=231441 5533 2709 999 309 273 2824 121 2659 1016 1643 653 335 105 230 123 87 990 322 260 207 690 318 503 406 127 199 513 301 225908
cat_boundaries=0 1 2 3 4
cat_threshold=2141890 11257169 3298228 5868044
is_linear=0
shrinkage=0.04


Tree=211
num_leaves=31
num_cat=4
split_feature=0 19 22 3 30 14 4 3 19 3 7 4 6 3 19 6 4 24 17 12 27 4 27 4 18 5 23 22 21 14
split_gain=6.3228 12.3073 10.9576 10.3576 12.3394 14.2187 21.0791 15.4863 12.1162 10.6085 9.92237 17.9627 9.74842 10.4192 9.69167 12.3503 9.54743 11.9891 10.2712 16.2525 9.87574 12.1813 13.5309 8.94936 19.9032 8.75101 8.03894 14.05 15.6107 21.5798
threshold=5.5000000000000009 0 35.742500000000007 6.705000000000001 1 -0.17400793650793644 -0.061666666666666085 6.9850000000000012 2 6.8950000000000005 10.507500000000002 0.0033333333333334107 31.355000000000004 7.1850000000000014 3 31.515000000000004 -0.11500000000000064 2.5000000000000004 1.0000000180025095e-35 3.9500000000000006 0.30999999999999989 -0.028166666666666892 1.2850000000000006 0.069999999999999854 0.22500000000000003 1.5000000000000002 4.5000000000000009 4.9199999999999973 16.605000000000004 -0.2425925925925925
decision_type=2 1 2 2 1 8 2 2 1 2 2 2 2 2 1 2 2 2 10 10 2 2 2 2 8 2 2 2 2 8
left_child=-1 2 -2 8 5 6 -5 26 -3 10 -7 25 -6 14 15 -14 -10 -18 19 -19 -20 -22 -23 -11 -25 -12 27 28 -8 -30
right_child=1 3 -4 4 12 9 7 -9 16 23 11 -13 13 -15 -16 -17 17 18 20 -21 21 22 -24 24 -26 -27 -28 -29 29 -31
leaf_value=2.3297514255076979e-05 -0.009602557968308759 -0.0040451457117719868 0.029644620184996355 0.34272694660611164 -0.011673033044139088 -0.0038678217541501239 -0.04079104932537897 0.31097181045582928 0.060519605546953105 0.023358453401003617 0.014935373728904182 -0.043867713894681713 0.12343198150780285 0.11404970606231761 -0.0068458207082809234 0.0055677561644062639 -0.0042021081607908637 0.19984541245490697 -0.012759905876855191 0.012832364630539404 0.016065086602502939 0.13492705940934793 0.020767665394887329 0.21745709620509948 -0.013399135614052997 0.10855779913598221 -0.013152463449114972 -0.013046437851019254 0.040424427098293692 0.39137839535921487
leaf_weight=22045.588119587861 413.51852974051144 50.441169692436233 11.704148399643598 0.41660747188143421 190.29145035182592 77.24791158689186 0.44022961612790856 0.34095923067070533 10.341594580560921 17.838328310288492 2.5230606351979059 2.9437126459088176 1.4353876798413683 1.2680224440991867 185.41164124698844 157.62780506594572 21.3633803287521 1.4823305020108848 6.9946069768629995 1.491796816466376 10.163539553061129 3.8250482268631449 2.9365145862102509 1.2348035005852573 1.1577950026839969 4.3541359328664839 2.939174244645983 1.3803790393285451 0.49400484375655651 0.6480982140637932
leaf_count=192791 14638 1180 112 28 7100 2069 63 37 84 509 38 80 63 44 5459 5101 496 47 286 152 114 75 26 59 24 71 491 76 45 51
internal_value=-0.000129654 -0.00297693 -0.00832647 0.000127983 -0.00178414 0.00968005 0.0672441 0.0488602 0.011538 0.00700954 0.000946874 0.0388176 -0.00432135 -0.000400094 -0.000821387 0.00623912 0.0219041 0.0181677 0.0359374 0.106041 0.0272208 0.0437436 0.0853482 0.0331018 0.105744 0.0742102 0.0337176 0.0802154 0.161574 0.239577
internal_weight=23229.8 1184.26 425.223 759.033 649.994 113.959 6.65945 6.24285 109.04 107.3 87.0688 9.82091 536.034 345.743 344.475 159.063 58.5988 48.2572 26.8938 2.97413 23.9197 16.9251 6.76156 20.2309 2.3926 6.8772 5.90189 2.96271 1.58233 1.1421
internal_count=231409 38618 14750 23868 21408 3641 791 763 2460 2850 2258 189 17767 10667 10623 5164 1280 1196 700 199 501 215 101 592 83 109 726 235 159 96
cat_boundaries=0 1 2 3 4
cat_threshold=10505269 258 37698 5407042
is_linear=0
shrinkage=0.04


Tree=212
num_leaves=31
num_cat=4
split_feature=13 15 19 2 4 19 16 4 9 19 20 26 29 22 14 26 4 17 6 1 1 19 4 3 14 9 9 7 14 18
split_gain=5.99809 8.43678 9.58044 9.06057 16.9083 8.58269 9.675 11.2575 7.91144 12.5867 9.34145 10.2492 11.9407 7.87926 9.89286 8.50153 7.53603 7.4646 8.10636 9.3707 8.42965 10.467 8.60552 9.37156 13.4024 7.59294 7.49223 11.3039 8.58761 12.7664
threshold=0.5277777777777779 1.5000000000000002 0 1500.0000000000002 -0.058333333333333119 1 0.45000000000000007 -0.048333333333333332 57.500000000000007 2 59.225000000000001 6.7150000000000007 6.3850000000000007 30.089166666666671 0.25849867724867731 7.4750000000000005 -0.086333333333333581 0.35416666666666669 41.985000000000007 50.135000000000012 29.905000000000005 3 0.0083333333333333055 6.8150000000000004 0.26319444444444456 29.500000000000004 46.500000000000007 0.9908333333333329 0.24983465608465616 0.45000000000000007
decision_type=8 10 1 2 2 1 8 2 2 1 2 2 2 2 10 2 2 10 2 2 2 1 2 2 10 2 2 2 10 8
left_child=8 2 3 4 -2 6 7 -3 -1 -10 11 12 -11 14 15 16 -8 18 19 -4 -20 25 -23 24 -24 -22 -19 28 -28 -30
right_child=1 5 17 -5 -6 -7 13 -9 9 10 -12 -13 -14 -15 -16 -17 -18 26 20 -21 21 22 23 -25 -26 -27 27 -29 29 -31
leaf_value=0.0006160310403414349 -0.024765764409026444 0.066150109295869966 0.00094179626764150104 -0.0036604034917056957 0.027501191856205521 -0.005587792894968158 0.030402853849384674 0.011129443247888527 -0.011734030646631621 -0.0013471615513365837 0.054184470164202553 -0.042024135096102262 0.026059314078694117 0.039634090706929449 0.029624401874669287 -0.045456723745266998 -0.0060575200676710522 0.0017700508332920452 -0.0204187938277265 -0.028681477064217198 -0.036517530786633903 0.00063376448558091509 0.10352842254262626 0.0035896378504844178 0.0097227309513046797 -0.0071530650711143437 -0.014718138108312915 0.018201752503388149 0.021047614993827297 -0.0061857077459118396
leaf_weight=17557.543071209802 13.496398037299512 7.3208290841430417 1042.1774846417829 1268.9894111661706 37.194550991989672 969.12462990963832 9.7889609448611719 31.773530632257462 207.33587770303711 262.53562284307554 5.1799696050584307 9.0040264539420587 28.164450470358133 7.3871493805199853 13.843532918952404 8.1531178280711156 123.54360039066523 1126.3187852501869 62.156805221922696 17.370204342063516 17.316480759996921 54.132618779316545 5.1633574352599698 9.5797224929556233 4.6151369381695986 75.597305241972208 37.721553057432175 122.02390722185373 54.936435701325536 55.230382721871138
leaf_count=185988 76 50 8348 9075 277 8626 63 282 2594 3426 31 60 247 46 98 61 1180 7467 432 140 123 361 60 90 32 521 299 770 349 334
internal_value=0.000129213 -0.00107147 -0.000198067 -0.00297543 0.0135852 -0.00405806 0.0033965 0.0214326 0.000473073 -0.00442714 0.000897333 6.27933e-06 0.00130811 -0.000728139 -0.00264769 -0.00580532 -0.00338069 0.00117406 -0.00101764 0.000456153 -0.00784977 -0.00315488 0.00776278 0.0317082 0.0592551 -0.0113989 0.00320444 0.00919002 0.00175437 0.00739462
internal_weight=23244.7 5174.96 4004.02 1319.68 50.6909 1170.94 201.811 39.0944 18069.8 512.22 304.884 299.704 290.7 162.716 155.329 141.486 133.333 2684.34 1288.11 1059.55 228.561 166.405 73.4908 19.3582 9.77849 92.9138 1396.23 269.912 147.888 110.167
internal_count=231506 39160 28754 9428 353 10406 1780 332 192346 6358 3764 3733 3673 1448 1402 1304 1243 19326 10107 8488 1619 1187 543 182 92 644 9219 1752 982 683
cat_boundaries=0 1 2 3 4
cat_threshold=1278222 840 8451466 6846496
is_linear=0
shrinkage=0.04


Tree=213
num_leaves=31
num_cat=1
split_feature=9 19 20 26 1 27 26 21 15 29 4 6 7 15 22 22 18 4 16 21 27 7 7 29 21 1 14 14 22 1
split_gain=5.43011 10.0027 10.591 11.465 14.5949 12.3978 12.5078 12.2652 11.0302 10.5118 14.1084 11.8794 11.0549 10.6161 11.864 9.16331 9.4977 10.2631 13.8521 9.0495 8.9064 8.1728 10.7271 9.62859 7.8515 7.81939 7.57306 12.1442 11.3573 8.8856
threshold=24.500000000000004 0 4.7900000000000009 3.8350000000000004 37.525000000000006 0.76666666666666716 6.7150000000000007 42.120000000000012 5.5000000000000009 2.5050000000000003 0.021666666666666948 42.775000000000013 2.6491666666666664 5.5000000000000009 -20.858166666666659 -18.884166666666662 0.22500000000000003 0.0054999999999996172 0.29166666666666669 4.7900000000000009 1.7136666666666669 -1.0000000180025095e-35 4.166666666666667 1.0000000180025095e-35 71.585000000000022 29.640000000000004 -0.099999999999999936 -0.2757936507936507 -4.8316666666666643 33.945000000000007
decision_type=2 1 2 2 2 2 2 2 10 2 2 2 2 8 2 2 8 2 10 2 2 2 2 2 2 2 10 8 2 2
left_child=1 2 -1 4 9 7 20 8 -5 10 13 12 19 14 25 -16 17 18 -17 -11 -7 23 -23 -15 26 -4 27 -3 -28 -29
right_child=-2 24 3 5 -6 6 -8 -9 -10 11 -12 -13 -14 21 15 16 -18 -19 -20 -21 -22 22 -24 -25 -26 -27 28 29 -30 -31
leaf_value=-0.013876404966468719 0.00013129233061020179 -0.018426231529581834 0.020965760705592411 0.0052210329177835059 -0.0076716125611788737 0.013438461608098791 0.038377440666504226 -0.020106406246514701 -0.022277036630629896 0.09865003640165973 -0.027980274463619972 -0.0049103096139056076 0.099325989877085838 0.08992618868416441 0.090621626648028364 0.0032293312729179129 -0.054630686825271391 0.11107880221309875 0.10963531064929016 0.029558381252892386 -0.014856088481160148 0.1504684982647663 0.042050875123321119 -0.043948600341298487 -0.061583312187958587 -0.034222301756731063 0.0028804747846411871 0.0018399429339274668 -0.00840633780268547 0.019169007212840851
leaf_weight=40.436712699593045 21750.561096400139 28.296518229297362 7.1983963460661462 338.63359338510782 26.979895959608257 114.64529857039452 28.071569684892893 39.63620029296726 25.067751945462078 3.602813156321651 10.026938965311272 6.8245478859171262 6.5845843586139372 1.5141274000052365 3.7856424599885932 12.1693997164257 2.2530665742233387 2.3127356125041834 2.3327449252828947 19.182942546438426 21.071401864290237 2.6652963976375741 3.2293137591332197 1.9884064323268829 3.3572016563266507 9.5672594208735955 287.93314333073795 105.04136689996812 282.69196373736486 86.18947353772819
leaf_count=4213 206514 1935 154 3590 650 712 159 377 412 79 364 96 95 72 64 209 30 60 40 340 112 76 86 72 24 214 3268 3087 2170 2350
internal_value=0.000292984 0.00260172 0.00593812 0.00718657 0.0182988 0.00479183 0.0140726 0.00102306 0.00332576 0.0256559 0.0152512 0.0426288 0.0536751 0.0240947 0.0150287 0.0337768 0.0224911 0.0328249 0.0203453 0.0404829 0.00904544 0.0623179 0.0910728 0.0139248 -0.000534815 -0.0105271 -0.0002822 0.00603131 -0.0027111 0.00965031
internal_weight=23273.9 1523.29 729.781 689.344 122.218 567.126 163.788 403.338 363.701 95.2382 59.0433 36.1949 29.3703 49.0164 39.6192 22.8536 19.0679 16.8149 14.5021 22.7858 135.717 9.39714 5.89461 3.50253 793.51 16.7657 790.152 219.527 570.625 191.231
internal_count=231624 25110 12276 8063 2701 5362 983 4379 4002 2051 1441 610 514 1077 771 403 339 309 249 419 824 306 162 144 12834 368 12810 7372 5438 5437
cat_boundaries=0 1
cat_threshold=14426963
is_linear=0
shrinkage=0.04


Tree=214
num_leaves=31
num_cat=7
split_feature=22 11 19 0 22 4 19 10 19 26 30 9 19 20 19 29 14 22 4 31 2 4 4 8 15 9 17 4 27 9
split_gain=10.0343 6.45311 20.1573 10.8901 9.2436 13.7318 9.00986 11.2202 10.7022 10.2718 12.8082 12.2328 10.3571 11.5722 9.75253 20.2557 19.6607 9.00766 11.4064 9.46275 9.92637 9.45874 9.13599 8.95973 8.87634 8.72926 12.2008 8.63061 8.54565 8.50388
threshold=-38.267499999999991 3.5000000000000004 0 1.5000000000000002 -17.940833333333327 -0.094999999999999293 1 2 3 5.5550000000000006 4 35.500000000000007 5 38.185000000000009 6 5.4050000000000011 0.016666666666666673 -14.49833333333333 0.068333333333332927 7.5000000000000009 1500.0000000000002 0.066666666666666888 -0.094999999999999293 4.5000000000000009 1.5000000000000002 34.500000000000007 0.35416666666666669 0.097999999999999435 0.17833333333333304 29.500000000000004
decision_type=2 2 1 2 2 2 1 1 1 2 1 2 1 2 1 2 10 2 2 2 2 2 2 2 8 2 10 2 2 2
left_child=-1 2 3 24 5 -5 -3 8 23 10 11 -9 -13 -14 15 16 -12 19 22 20 -11 -22 -19 -8 -2 26 -7 -23 -15 -26
right_child=1 6 -4 4 -6 25 7 9 -10 17 14 12 13 28 -16 -17 -18 18 -20 -21 21 27 -24 -25 29 -27 -28 -29 -30 -31
leaf_value=-0.015641845857015453 0.0081923739263199229 0.00072948556553857635 0.0023024649138068181 0.12193707505822243 -0.0072620194518644259 0.012790994322206206 0.0010806007760281429 0.020039615445369214 -0.0054836681649509476 -0.033981669590327078 0.0047835206071122436 -0.0065999753109839453 0.0076287826972583133 0.0062645840065533509 -0.0033818513455117437 -0.0048363371315563669 0.035346865239845787 0.0063306428912732055 -0.010463538311844224 0.041879897359615066 0.0037711533018752632 0.056619020815347629 -0.0013182388753229927 -0.0058120527354962679 -0.017631686901097444 -0.011077578564010523 0.12535792628045447 -0.017650293679066977 0.074333606112550549 0.00022029200913216147
leaf_weight=66.274660512572154 192.00860988348722 6452.6352464228403 4702.8843360221945 1.6448154048994172 780.50847439363133 38.531053379178047 1115.5216017959174 120.32948522630613 1582.5546808359213 10.749762586317955 85.46849727188237 84.444395565893501 133.10366426082328 4.8157164650037867 455.14107602147851 135.33963453629985 55.571596805006266 261.37469556555152 210.15954957483336 10.799152879044412 355.8778732935898 10.018063340801744 5666.5779555183835 413.63323397468776 51.348984077572823 30.573313716799021 1.6047514062374819 3.3375000907108179 7.6209500301629305 253.28962064534426
leaf_count=899 987 63398 43862 21 9782 1328 15004 2274 23105 87 1891 873 1366 52 5843 1300 541 1451 2382 88 3131 146 43102 6567 237 591 17 52 47 1132
internal_value=-9.97117e-05 -5.53655e-05 0.00106776 -0.00322817 -0.00599412 0.00768313 -0.000451149 -0.00116124 -0.00318148 -0.000332154 0.00327743 0.0094365 0.0042992 0.0103644 0.000196267 0.00600103 0.0168259 -0.00093077 -0.00130565 0.00495761 0.00390828 0.0050114 -0.000980985 -0.000778755 0.00145664 0.00502538 0.0172918 0.0380594 0.047976 -0.00278878
internal_weight=23293.7 23227.5 6052.39 1349.51 852.862 72.3539 17175.1 10722.4 3111.71 7610.73 1081.84 350.314 229.985 145.54 731.521 276.38 141.04 6528.89 6138.11 390.782 379.983 369.233 5927.95 1529.15 496.647 70.7091 40.1358 13.3556 12.4367 304.639
internal_count=231556 230657 57957 14095 11739 1957 172700 109302 44676 64626 14187 4612 2338 1465 9575 3732 2432 50439 46935 3504 3416 3329 44553 21571 2356 1936 1345 198 99 1369
cat_boundaries=0 1 2 3 4 5 6 7
cat_threshold=7479808 7546376 4 8913109 392 8651232 297153
is_linear=0
shrinkage=0.04


Tree=215
num_leaves=31
num_cat=4
split_feature=9 19 7 14 19 26 1 19 21 22 22 12 13 4 4 5 19 12 4 27 3 4 14 27 1 3 15 3 3 1
split_gain=7.4173 9.65801 8.61781 8.41976 14.4473 9.16671 14.313 11.841 9.58896 13.3148 8.8602 8.4344 9.74936 8.35654 10.7571 7.86344 14.3878 11.6538 10.9793 10.473 17.6383 9.18014 8.7846 9.04258 8.73422 8.26655 7.39174 12.2531 13.9036 9.79358
threshold=34.500000000000007 0 27.417500000000008 -0.19986772486772483 1 4.5050000000000008 16.755000000000006 2 26.690000000000005 -10.189166666666665 -29.249166666666664 3.2111111111111117 0.13392857142857145 -0.028333333333333762 0.061666666666666987 1.5000000000000002 3 2.1055555555555561 -0.026666666666666835 -1.2363333333333328 6.5850000000000009 -0.12333333333333261 0.35023148148148159 -2.5758333333333323 30.215000000000003 6.8650000000000011 4.5000000000000009 6.6650000000000009 6.7550000000000008 33.535000000000004
decision_type=2 1 2 10 1 2 2 1 2 2 2 8 10 2 2 2 1 10 2 2 2 2 10 2 2 2 10 2 2 2
left_child=1 -1 15 4 -2 6 8 13 9 -6 -7 12 -12 -8 -15 16 18 -18 21 20 -19 -3 23 -17 -20 -21 27 -22 -29 -30
right_child=3 2 -4 -5 5 10 7 -9 -10 -11 11 -13 -14 14 -16 22 17 19 24 25 26 -23 -24 -25 -26 -27 -28 28 29 -31
leaf_value=0.0033706156046915525 -0.0087721719018352198 0.043704353584654285 -0.019471399414041708 -0.00042382770741248611 0.041057485826308165 0.031518768296779569 -0.0072993707123141724 -0.005291731197241723 0.004222279079206386 0.15681361166233521 0.084994931539281823 -0.0054861639445641834 0.009045549124207972 0.027334030574038017 -0.018880860513862761 -0.024943298873407169 -0.016169587773553509 0.13744346393860479 0.011297468367727659 0.0010792609026775838 0.10246490797216311 0.0081291350724289595 -0.011200470919734988 -0.00036256234093390093 -0.016453654805242499 -0.010064108146577501 -0.0010391197122013637 -0.02210743804167075 0.070148456019875557 -4.6776067183146606e-05
leaf_weight=1826.0211887386395 527.11136574088596 11.84209827845916 36.122959331609309 14990.38878934877 4.9415946179069579 11.514476966578512 20.529069131240249 97.718100680038333 4.5368429445661604 2.3440473116934282 3.053404736332598 401.40042243152857 23.649454463273287 64.476477902382612 9.20944807352498 24.114262695424259 72.473637670278549 1.8925397330895055 27.657481479924172 705.6858691861853 3.1663677482865777 581.56669767131098 128.15081464406103 3419.9439303509425 52.765600047307089 125.4504850814119 27.799878292484209 8.4034996125847119 8.3573104529641551 5.1335780080407849
leaf_count=19249 7905 71 340 137225 102 171 250 1859 83 43 28 4721 329 1310 273 3887 454 24 254 4940 43 4741 809 39606 543 892 968 130 129 92
internal_value=-0.000206288 0.000874676 -1.4439e-06 -0.000678953 -0.00394634 0.000141571 0.007157 0.00452582 0.0498731 0.0783003 -0.00310674 -0.00403805 0.0177302 0.0138048 0.021558 0.000133691 0.00243388 -0.000740314 0.00685762 0.000513581 0.0174584 0.00883908 -0.000917298 -0.000534669 -0.00691005 -0.000602703 0.0131627 0.0289167 0.0182801 0.0434376
internal_weight=23227.4 7066.55 5240.53 16160.9 1170.48 643.373 203.756 191.933 11.8225 7.28564 439.618 428.103 26.7029 94.215 73.6859 5204.4 1632.2 958.363 673.832 885.89 54.7532 593.409 3572.21 3444.06 80.4231 831.136 52.8606 25.0608 21.8944 13.4909
internal_count=231471 77172 57923 154299 17074 9169 3920 3692 228 145 5249 5078 357 1833 1583 57583 13281 7672 5609 7218 1386 4812 44302 43493 797 5832 1362 394 351 221
cat_boundaries=0 1 2 3 4
cat_threshold=18179 15615760 47238 9373824
is_linear=0
shrinkage=0.04


end of trees

feature_importances:
stadium_code=959
win_rate_all_diff_mean=521
exhibition_time_diff_mean=511
boat_number=445
recent_top2_10_diff_mean=358
player_age=293
top2_rate_all=270
motor_win_rate_diff_mean=255
race_number=226
top2_rate_local_diff_mean=217
win_rate_local=195
recent_rank_10=190
win_rate_all=190
boat_win_rate=184
motor_win_rate=171
exhibition_time_rank_in_race=166
exhibition_time=161
win_rate_all_rank_in_race=126
wind_direction=112
motor_win_rate_rank_in_race=109
top2_rate_local=107
wind_speed=106
recent_win_5=91
top2_rate_local_rank_in_race=87
recent_top2_10_rank_in_race=84
recent_win_10=83
player_class=73
wave_height=69
recent_top2_10=59
recent_top2_5=53
distance=8
weather=1

parameters:
[boosting: gbdt]
[objective: binary]
[metric: auc,binary_logloss]
[tree_learner: serial]
[device_type: cpu]
[data_sample_strategy: bagging]
[data: ]
[valid: ]
[num_iterations: 1500]
[learning_rate: 0.04]
[num_leaves: 31]
[num_threads: 10]
[seed: 42]
[deterministic: 0]
[force_col_wise: 0]
[force_row_wise: 0]
[histogram_pool_size: -1]
[max_depth: -1]
[min_data_in_leaf: 40]
[min_sum_hessian_in_leaf: 0.001]
[bagging_fraction: 0.8]
[pos_bagging_fraction: 1]
[neg_bagging_fraction: 1]
[bagging_freq: 1]
[bagging_seed: 400]
[bagging_by_query: 0]
[feature_fraction: 0.8]
[feature_fraction_bynode: 1]
[feature_fraction_seed: 30056]
[extra_trees: 0]
[extra_seed: 12879]
[early_stopping_round: 0]
[early_stopping_min_delta: 0]
[first_metric_only: 0]
[max_delta_step: 0]
[lambda_l1: 0]
[lambda_l2: 0]
[linear_lambda: 0]
[min_gain_to_split: 0]
[drop_rate: 0.1]
[max_drop: 50]
[skip_drop: 0.5]
[xgboost_dart_mode: 0]
[uniform_drop: 0]
[drop_seed: 17869]
[top_rate: 0.2]
[other_rate: 0.1]
[min_data_per_group: 100]
[max_cat_threshold: 32]
[cat_l2: 10]
[cat_smooth: 10]
[max_cat_to_onehot: 4]
[top_k: 20]
[monotone_constraints: ]
[monotone_constraints_method: basic]
[monotone_penalty: 0]
[feature_contri: ]
[forcedsplits_filename: ]
[refit_decay_rate: 0.9]
[cegb_tradeoff: 1]
[cegb_penalty_split: 0]
[cegb_penalty_feature_lazy: ]
[cegb_penalty_feature_coupled: ]
[path_smooth: 0]
[interaction_constraints: ]
[verbosity: -1]
[saved_feature_importance_type: 0]
[use_quantized_grad: 0]
[num_grad_quant_bins: 4]
[quant_train_renew_leaf: 0]
[stochastic_rounding: 1]
[linear_tree: 0]
[max_bin: 255]
[max_bin_by_feature: ]
[min_data_in_bin: 3]
[bin_construct_sample_cnt: 200000]
[data_random_seed: 175]
[is_enable_sparse: 1]
[enable_bundle: 1]
[use_missing: 1]
[zero_as_missing: 0]
[feature_pre_filter: 1]
[pre_partition: 0]
[two_round: 0]
[header: 0]
[label_column: ]
[weight_column: ]
[group_column: ]
[ignore_column: ]
[categorical_feature: 10,19,25,30]
[forcedbins_filename: ]
[precise_float_parser: 0]
[parser_config_file: ]
[objective_seed: 16083]
[num_class: 1]
[is_unbalance: 0]
[scale_pos_weight: 1]
[sigmoid: 1]
[boost_from_average: 1]
[reg_sqrt: 0]
[alpha: 0.9]
[fair_c: 1]
[poisson_max_delta_step: 0.7]
[tweedie_variance_power: 1.5]
[lambdarank_truncation_level: 30]
[lambdarank_norm: 1]
[label_gain: ]
[lambdarank_position_bias_regularization: 0]
[eval_at: ]
[multi_error_top_k: 1]
[auc_mu_weights: ]
[num_machines: 1]
[local_listen_port: 12400]
[time_out: 120]
[machine_list_filename: ]
[machines: ]
[gpu_platform_id: -1]
[gpu_device_id: -1]
[gpu_use_dp: 0]
[num_gpu: 1]

end of parameters

pandas_categorical:[["A1", "A2", "B1", "B2"], ["01", "02", "03", "04", "05", "06", "07", "08", "09", "10", "11", "12", "13", "14", "15", "16", "17", "18", "19", "20", "21", "22", "23", "24"], ["\u6674", "\u66c7\u308a", "\u96e8", "\u96ea", "\u9727"], ["\u5317", "\u5317\u6771", "\u5317\u897f", "\u5357", "\u5357\u6771", "\u5357\u897f", "\u6771", "\u7121\u98a8", "\u897f"]]
