tree
version=v4
num_class=1
num_tree_per_iteration=1
label_index=0
max_feature_idx=34
objective=binary sigmoid:1
feature_names=avg_st boat_number boat_win_rate course_change_rate distance exhibition_time exhibition_time_diff_mean exhibition_time_rank_in_race motor_win_rate motor_win_rate_diff_mean motor_win_rate_rank_in_race player_age player_class race_number recent_rank_10 recent_st_10 recent_top2_10 recent_top2_10_diff_mean recent_top2_10_rank_in_race recent_top2_5 recent_win_10 recent_win_5 stadium_code top2_rate_all top2_rate_local top2_rate_local_diff_mean top2_rate_local_rank_in_race wave_height weather win_rate_all win_rate_all_diff_mean win_rate_all_rank_in_race win_rate_local wind_direction wind_speed
feature_infos=[-0.01:0.89000000000000001] [1:6] [0:100] [0:1] [1200:1800] [6.3399999999999999:8.2699999999999996] [-0.55333333333333279:0.92166666666666774] [1:6] [0:100] [-50.276666666666664:81.481666666666669] [1:6] [17:77] -1:2:0:1:3 [1:12] [1:6] [0.046666666666666669:0.40666666666666668] [0:1] [-0.625:0.83333333333333337] [1:6] [0:1] [0:1] [0:1] -1:11:7:19:14:23:5:1:8:9:16:4:20:0:6:10:2:17:21:22:13:18:3:12:15 [0:100] [0:100] [-60.064999999999998:73.498333333333335] [1:6] [0:20] -1:0:1:2:3 [0:9.1600000000000001] [-5.3883333333333328:4.2366666666666672] [1:6] [0:10] -1:2:3:4:0:5:1:8:6:7 [0:15]
tree_sizes=3414 3532 3543 3534 3539 3516 3522 3547 3547 3547 3573 3526 3550 3540 3533 3542 3543 3540 3554 3507 3558 3553 3548 3529 3553 3537 3543 3536 3538 3546 3556 3560 3561 3550 3536 3536 3517 3526 3536 3494 3546 3570 3557 3522 3558 3542 3518 3550 3536 3533 3507 3551 3479 3539 3548 3563 3517 3552 3541 3518 3541 3562 3560 3544 3515 3558 3504 3522 3547 3534 3509 3524 3509 3487 3487 3486 3506 3466 3522 3516 3487 3509 3550 3519 3493 3585 3523 3493 3495 3530 3494 3488 3523 3488 3514 3476 3493 3504 3542 3505 3493 3485 3480 3513 3549 3538 3482 3480 3486 3469 3470 3505 3506 3514 3502 3542 3516 3456 3508 3466 3460 3470 3556 3511 3481 3467 3513 3525 3447 3481 3474 3518 3471 3454 3455 3460 3482 3474 3480 3478 3517 3483 3489 3480 3494 3465 3497 3446 3488 3495 3503 3475 3448 3454 3479 3458 3527 3524 3449 3449 3499 3437 3511 3488 3488 3441 3459 3429 3502 3473 3448 3469 3454 3467 3487 3451 3491 3465 3510 3492 3476 3464 3461 3495 3459 3469 3497 3473 3474 3472 3508 3430 3529 3451 3460 3460

Tree=0
num_leaves=31
num_cat=3
split_feature=1 30 30 1 30 1 1 30 30 30 31 1 1 6 1 30 12 7 30 11 13 23 17 22 30 1 6 30 22 1
split_gain=3766.56 1548.38 1520.12 875.427 713.444 358.818 290.19 266.835 230.677 180.024 160.77 153.995 103.819 103.61 93.7938 70.2302 68.7441 60.7093 60.6452 57.1555 46.4932 43.3587 39.6716 37.5571 36.9713 35.2862 34.3219 33.6004 31.9338 30.9697
threshold=4.5000000000000009 -0.42999999999999922 0.32000000000000078 1.5000000000000002 0.44833333333333264 3.5000000000000004 3.5000000000000004 1.3291666666666668 -0.95333333333333325 -1.1349999999999993 1.5000000000000002 3.5000000000000004 5.5000000000000009 0.0066666666666663774 5.5000000000000009 -1.4266666666666667 0 3.5000000000000004 1.0450000000000004 37.500000000000007 7.5000000000000009 38.185000000000009 -0.053637566137566144 1 -0.051833333333333613 2.5000000000000004 0.021833333333333375 -1.8600000000000003 2 1.5000000000000002
decision_type=2 2 2 2 2 2 2 2 2 2 2 2 2 2 2 2 1 2 2 2 2 2 10 1 2 2 2 2 1 2
left_child=1 6 8 10 5 13 9 14 -2 27 26 20 24 16 23 -8 25 -11 -13 -12 -6 -21 -15 -4 -10 -5 -3 -1 -22 -29
right_child=2 3 7 4 11 -7 15 -9 12 17 19 18 -14 22 -16 -17 -18 -19 -20 21 28 -23 -24 -25 -26 -27 -28 29 -30 -31
leaf_value=-1.6208871911685188 -1.6328357614150455 -1.6059847216063963 -1.5811327468330685 -1.5688187647249205 -1.5594471077711083 -1.5948810506500792 -1.6279904430584318 -1.572825639556543 -1.6154448348703185 -1.5843678067322868 -1.5938181334490127 -1.5773048316608547 -1.6239070878598447 -1.5880644358235136 -1.605461461342641 -1.6098081345704371 -1.5608439323333596 -1.5959711276873909 -1.5622445214468372 -1.5767011665548456 -1.5601706310311603 -1.589183189412676 -1.5760978727791559 -1.5951576976501738 -1.6049530202276203 -1.5830101833294903 -1.5875071554935491 -1.5920296569089243 -1.544030881386981 -1.6085308521740884
leaf_weight=253.02779942750931 2476.3586407899857 1198.7227101624012 462.1057091653347 598.58907267451286 2316.9876350462437 1929.0210369229317 456.91035479307175 951.73275500535965 1702.6720842719078 1566.0483057796955 1185.5237017571926 944.57159087061882 2311.9326956570148 745.60355991125107 1251.7995737493038 1327.2024196386337 1094.675207734108 1337.7335433661938 781.97104051709175 959.31516408920288 564.18740183115005 830.97586959600449 1093.1306429207325 862.00758084654808 785.20058512687683 527.25826129317284 185.76902255415916 239.54796105623245 795.0296339392662 757.25800350308418
leaf_count=1802 17636 8537 3291 4263 16501 13738 3254 6778 12126 11153 8443 6727 16465 5310 8915 9452 7796 9527 5569 6832 4018 5918 7785 6139 5592 3755 1323 1706 5662 5393
internal_value=-1.59318 -1.58356 -1.61247 -1.577 -1.57117 -1.58068 -1.60097 -1.59092 -1.62292 -1.59518 -1.59224 -1.56063 -1.6178 -1.57393 -1.59761 -1.61446 -1.56811 -1.58971 -1.57048 -1.58701 -1.556 -1.58249 -1.58095 -1.59019 -1.61213 -1.57562 -1.60351 -1.60787 -1.55013 -1.60457
internal_weight=32492.9 21689.1 10803.8 15751.3 11391 5988.28 5937.73 3527.65 7276.16 4153.62 4360.31 5402.75 4799.81 4059.26 2575.91 1784.11 2220.52 2903.78 1726.54 2975.81 3676.2 1790.29 1838.73 1324.11 2487.87 1125.85 1384.49 1249.83 1359.22 996.806
internal_count=231406 154464 76942 112177 81124 42647 42287 25123 51819 29581 31053 38477 34183 28909 18345 12706 15814 20680 12296 21193 26181 12750 13095 9430 17718 8018 9860 8901 9680 7099
cat_boundaries=0 1 2 3
cat_threshold=4 1583254 4334255
is_linear=0
shrinkage=1


Tree=1
num_leaves=31
num_cat=2
split_feature=1 30 30 1 30 1 30 30 30 1 1 29 1 30 1 1 30 6 30 6 11 13 16 1 6 29 7 1 22 22
split_gain=3460.33 1395.66 1389.65 750.533 676.907 338.637 277.848 272.862 194.839 174.121 123.888 122.5 108.687 90.6141 61.7128 51.8051 51.1844 50.742 48.3837 46.3834 44.8317 44.3374 43.8056 42.2268 39.3805 36.8513 36.6872 35.3108 40.3349 34.7673
threshold=4.5000000000000009 0.4250000000000001 -0.42999999999999922 1.5000000000000002 0.49000000000000049 3.5000000000000004 -1.3583333333333329 -0.85166666666666624 1.3508333333333338 2.5000000000000004 5.5000000000000009 5.9750000000000005 3.5000000000000004 0.070000000000000742 5.5000000000000009 2.5000000000000004 -1.8600000000000003 0.018333333333333094 1.2850000000000006 0.0066666666666663774 45.500000000000007 8.5000000000000018 0.64583333333333337 3.5000000000000004 -0.024500000000000185 5.3750000000000009 4.5000000000000009 2.5000000000000004 0 1
decision_type=2 2 2 2 2 2 2 2 2 2 2 2 2 2 2 2 2 2 2 2 2 2 8 2 2 2 2 2 1 1
left_child=2 7 6 11 5 13 16 -2 14 -8 24 20 22 19 -3 21 -1 23 -14 25 -4 29 27 -11 -9 -5 -7 -6 -29 -15
right_child=1 8 3 4 12 26 9 10 -10 17 -12 -13 18 15 -16 -17 -18 -19 -20 -21 -22 -23 -24 -25 -26 -27 -28 28 -30 -31
leaf_value=-0.034263890275604759 -0.038372290578089115 0.0036419877951353315 0.0037460729566771646 0.012371904524824626 0.037524734630632141 0.0018774586121828179 0.0054267826357621571 -0.0064172214023883517 0.018992836126745138 0.0012694256873487086 -0.029172436069542243 -0.0057011138077297961 0.017820761922384826 0.035297125209431228 -0.009669686805137169 0.017656778143934796 -0.01774434419232384 -0.016910670320559307 0.032253753075580219 0.0066719608345652505 0.015946009550347664 0.041550551055057242 0.046117729702853653 -0.012249383157560452 -0.018851855868403346 0.026212216179680545 -0.0096421427764523653 0.03711780233423341 0.022513539292830703 0.014706683602870238
leaf_weight=493.49688977003098 2687.0007441043854 1142.8658435493708 1489.5935418307781 772.73659157752991 1554.182250648737 1336.7638963162899 2116.6100556403399 511.78879489004612 924.34127283096313 751.82401667535305 2296.5252674371004 2168.1766383051872 1106.6415379196405 264.15850791335106 1087.4096615314484 947.31087717413902 765.75423613190651 1039.3360063284636 559.52137418091297 1092.2023496031761 712.43434052169323 376.43706434965134 491.93104568123817 727.32043638825417 1999.9451431035995 511.59517170488834 661.10807800292969 643.13083554804325 900.67167331278324 362.59188920259476
leaf_count=3589 19635 8123 10585 5432 10805 9527 15054 3686 6496 5344 16680 15488 7783 1854 7806 6658 5519 7455 3905 7720 5035 2636 3417 5238 14409 3573 4712 4468 6266 2544
internal_value=-7.41649e-05 -0.0187688 0.00903962 0.0151723 0.0205023 0.0116866 -0.00755661 -0.0281629 0.00355138 -0.00303 -0.0224576 0.00104791 0.0311107 0.0179757 -0.00284835 0.0243652 -0.0242183 -0.0101373 0.0226676 0.0127317 0.00769319 0.0306999 0.0350293 -0.005378 -0.0163182 0.017885 -0.00193445 0.0332686 0.0289838 0.0241828
internal_weight=32495.4 10649.9 21845.5 15951.2 11581 6324.9 5894.34 7495.26 3154.62 4635.09 4808.26 4370.2 5256.08 4327.03 2230.28 1950.5 1259.25 2518.48 1666.16 2376.53 2202.03 1003.19 3589.92 1479.14 2511.73 1284.33 1997.87 3097.98 1543.8 626.75
internal_count=231442 76835 154607 112408 81300 44656 42199 54410 22425 33091 34775 31108 36644 30417 15929 13692 9108 18037 11688 16725 15620 7034 24956 10582 18095 9005 14239 21539 10734 4398
cat_boundaries=0 1 2
cat_threshold=14097472 2585345
is_linear=0
shrinkage=0.04


Tree=2
num_leaves=31
num_cat=0
split_feature=1 30 30 1 31 1 30 1 30 30 23 1 1 16 30 1 30 6 30 31 14 31 1 11 6 1 13 6 6 6
split_gain=3214.69 1338.74 1271.05 671.513 521.27 302.133 258.156 254.302 195.353 142.121 138.848 127.389 106.419 82.6917 64.0298 63.4033 59.4689 50.185 47.3952 41.6806 41.2735 38.3463 36.617 34.9926 34.1879 33.6181 33.0738 30.0764 28.9761 28.2983
threshold=4.5000000000000009 0.4250000000000001 -0.42999999999999922 1.5000000000000002 2.5000000000000004 3.5000000000000004 -0.77500000000000002 3.5000000000000004 1.3291666666666668 -1.1349999999999993 38.185000000000009 2.5000000000000004 5.5000000000000009 0.47222222222222227 -1.6533333333333329 5.5000000000000009 0.77999999999999969 0.0033333333333342989 0.070000000000000742 2.5000000000000004 4.6833333333333345 1.5000000000000002 1.5000000000000002 44.500000000000007 -0.025000000000000796 3.5000000000000004 7.5000000000000009 -0.013333333333333195 0.016666666666666167 -0.015499999999999845
decision_type=2 2 2 2 2 2 2 2 2 2 2 2 2 10 2 2 2 2 2 2 10 2 2 2 2 2 2 2 2 2
left_child=2 6 7 10 11 13 20 9 15 22 23 26 19 18 -9 -3 25 -11 28 -8 -2 -12 -1 -4 -21 -13 -5 -24 -6 -15
right_child=1 8 3 4 5 -7 12 14 -10 17 21 16 -14 29 -16 -17 -18 -19 -20 24 -22 -23 27 -25 -26 -27 -28 -29 -30 -31
leaf_value=-0.0010496654639782475 -0.033075156592564652 0.0035343180600629874 0.0055358132533388747 0.032160102887758939 0.013748121596496266 -0.0018167463756100248 0.00031036937152192467 -0.036669556714396374 0.018456535135049027 0.007794378788266023 -0.0099033808171265277 0.023300645185963954 -0.028049727934458809 0.035689226815668496 -0.016612945227959294 -0.010102100326987882 0.027852280813201093 -0.0027247406632575299 0.019703246226360646 -0.0072894330806157924 -0.042925014400191482 -0.00023381546695075563 -0.0068774103143725406 0.017318576652103474 -0.020048586654528047 0.010749180066133302 0.042761580897644647 -0.022265531062435714 0.0032453025870048491 0.022052700413304843
leaf_weight=292.17079894244671 1673.2047474533319 1122.9841537475586 1104.7199238836765 1131.2538070380688 1143.1991243064404 1908.9991921633482 231.24369245767593 310.55266988277435 973.28362396359444 1546.4830100387335 1223.9234700649977 712.73316504061222 2189.5634358525276 388.19157102704048 1415.4279481321573 1060.9606568813324 2262.3338354378939 1367.199746966362 1393.5790549814701 417.23996144533157 1147.440847247839 1414.6146604716778 300.44204802811146 635.127545773983 1725.8452799171209 655.39936281740665 806.51751326024532 628.03864000737667 664.63928879797459 653.17767880856991
leaf_count=2103 12514 7964 7827 7707 7954 13584 1672 2311 6759 10928 8805 4898 16218 2666 10305 7668 15495 9762 9605 3020 8609 10074 2185 4439 12598 4618 5460 4573 4681 4522
internal_value=-9.16963e-05 -0.0182482 0.00862472 0.0144311 0.0194244 0.0113987 -0.0275688 -0.00732558 0.00355201 -0.00194178 0.00106507 0.0282913 -0.0216892 0.0173448 -0.0202217 -0.00309026 0.0238711 0.00285845 0.0141599 -0.0158236 -0.0370821 -0.00471918 -0.0133999 0.00983709 -0.0175645 0.0172879 0.0365725 -0.0172862 0.00988683 0.027136
internal_weight=32500.5 10541.8 21958.7 16098.4 11720 6151.79 7384.54 5860.31 3157.23 4134.33 4378.39 5568.24 4563.89 4242.79 1725.98 2183.94 3630.47 2913.68 3201.42 2374.33 2820.65 2638.54 1220.65 1739.85 2143.09 1368.13 1937.77 928.481 1807.84 1041.37
internal_count=231524 77022 154502 112335 81190 43012 54631 42167 22391 29551 31145 38178 33508 29428 12616 15632 25011 20690 22240 17290 21123 18879 8861 12266 15618 9516 13167 6758 12635 7188
is_linear=0
shrinkage=0.04


Tree=3
num_leaves=31
num_cat=6
split_feature=30 30 30 7 23 7 30 30 26 30 14 30 22 22 7 8 7 8 7 22 31 22 10 21 5 15 22 17 22 8
split_gain=2692.37 869.978 273.477 225.972 119.105 104.495 88.6556 56.7276 31.4488 29.7701 28.7756 26.9174 25.3189 24.8721 22.1093 21.996 21.3516 20.0659 19.3284 19.724 18.5191 17.4119 17.1275 16.906 16.5754 16.457 16.6968 16.2317 23.9658 15.4016
threshold=-0.008333333333333524 -1.3583333333333329 0.84666666666666746 4.5000000000000009 7.8800000000000008 4.5000000000000009 -0.70333333333333259 -0.47449999999999987 3.5000000000000004 0.29000000000000031 3.1055555555555561 0.33000000000000057 0 1 3.5000000000000004 55.635000000000012 1.5000000000000002 28.175000000000004 1.5000000000000002 2 3.5000000000000004 3 4.5000000000000009 0.55000000000000016 7.0650000000000004 0.22050000000000006 4 0.26319444444444456 5 41.685000000000009
decision_type=2 2 2 2 2 2 2 2 2 2 8 2 1 1 2 2 2 2 2 1 2 1 2 10 2 10 1 8 1 2
left_child=1 4 5 6 -1 9 10 -5 12 22 23 -7 -8 17 -6 18 21 -13 19 -10 -18 -12 24 -3 -2 26 -20 28 -4 -22
right_child=2 3 27 7 14 11 8 -9 15 -11 16 13 -14 -15 -16 -17 20 -19 25 -21 29 -23 -24 -25 -26 -27 -28 -29 -30 -31
leaf_value=-0.040597544911166149 0.0074851602410555933 -0.0017498957757085441 0.012053044854295487 -0.01992719831334917 -0.018679459501242043 -0.0040212513726806008 0.0085189607953014574 -0.010401728540794637 -0.0090888752895538875 0.011142904347492433 0.0048146373062715195 -0.0014339752195959997 -0.00048023905113033687 -0.0013376778384886925 -0.028966738006660369 0.020120533440791292 0.034897975168079992 0.01290181529709555 -0.0016273646635995957 0.0050365442694817533 -0.01536373133173374 -0.0098216888367261453 0.0011316799196454319 0.030671841485226371 0.036721084740723657 -0.02085277640964053 -0.008327901815386559 0.02028753827457476 0.017967605755154714 -0.0052156133552939852
leaf_weight=1429.1602288484573 1970.5059988945723 319.32419021427631 1971.6105795204639 2176.0968530923128 647.16526092588902 1319.966757953167 742.67151767015457 1851.3876291960478 204.07141853868961 4612.1003096997738 201.66061294078827 217.18413317203522 1495.4929084330797 776.99228039383888 691.36092790961266 61.557064816355705 12.571612283587454 556.52457208931446 1193.9753313213587 598.44141605496407 1567.9472063779831 339.59612007439137 837.01363675296307 27.988412320613861 31.524041146039963 110.17182047665119 1211.181858509779 1717.6686784178019 3292.616846293211 282.37871906161308
leaf_count=10967 13946 2333 13618 16038 4852 9434 5298 13379 1454 32158 1466 1517 10681 5423 5212 440 92 3885 8559 4263 11463 2466 5925 203 222 789 8692 11819 22712 2062
internal_value=1.38923e-05 -0.0122905 0.0107969 -0.00776346 -0.0325671 0.0066611 -0.00401704 -0.0155485 -0.00113577 0.00915921 -0.00989961 0.00017699 0.00254181 0.00375056 -0.0239929 -0.00357142 -0.0114544 0.00876441 -0.00401098 0.00139409 -0.0134863 -0.00446102 0.00593664 0.000862831 0.00794551 -0.00573546 -0.00504299 0.0169111 0.0158095 -0.013815
internal_weight=32467.9 15164.2 17303.7 12396.5 2767.69 10321.8 8369.03 4027.48 5617.56 7451.14 2751.47 2870.67 2238.16 1550.7 1338.53 3379.4 2404.15 773.709 3317.84 802.513 1862.9 541.257 2839.04 347.313 2002.03 2515.33 2405.16 6981.9 5264.23 1850.33
internal_count=231368 110709 120659 89678 21031 72510 60261 29417 40176 52251 20085 20259 15979 10825 10064 24197 17549 5402 23757 5717 13617 3932 20093 2536 14168 18040 17251 48149 36330 13525
cat_boundaries=0 1 2 3 4 5 6
cat_threshold=8621080 10769519 8439298 8890512 16147084 11845921
is_linear=0
shrinkage=0.04


Tree=4
num_leaves=31
num_cat=0
split_feature=30 30 30 6 7 30 30 30 23 25 7 30 23 6 3 6 17 9 25 9 13 31 30 0 7 25 8 11 13 17
split_gain=2613.37 677.028 396.558 197.847 85.3616 79.2116 72.9431 72.3625 48.6771 30.6658 28.6518 26.9434 25.4091 23.9584 23.2388 21.8525 19.4492 16.9774 16.8589 16.7051 16.3948 22.9948 20.4946 20.3102 16.3938 16.1644 16.1048 15.9753 15.5565 15.4562
threshold=-0.20166666666666686 -1.6533333333333329 0.4250000000000001 0.0083333333333333055 4.5000000000000009 0.91833333333333333 -1.0099999999999993 -0.9199999999999996 5.8050000000000006 -5.3499999999999988 4.5000000000000009 0.11999999999999945 37.545000000000009 -0.033333333333332764 0.43252827295380497 0.050833333333333293 -0.12962962962962954 -6.8600000000000003 11.453666666666669 15.298333333333334 1.5000000000000002 1.5000000000000002 1.6136666666666672 0.15887607206967627 5.5000000000000009 -3.0999999999999956 32.360000000000007 46.500000000000007 8.5000000000000018 -0.025859788359788329
decision_type=2 2 2 2 2 2 2 2 2 2 2 2 2 2 10 2 8 2 2 2 2 2 2 10 2 2 2 2 2 10
left_child=1 8 4 6 11 10 25 -5 18 -8 12 13 -4 -2 20 -9 -12 -13 -1 -11 21 -7 23 -22 -25 -3 -6 -15 -24 -17
right_child=2 3 5 7 26 14 9 15 -10 19 16 17 -14 27 -16 29 -18 -19 -20 -21 22 -23 28 24 -26 -27 -28 -29 -30 -31
leaf_value=-0.041930421127101054 0.0077008389146653589 -0.015694435914844502 0.016301222005783111 -0.023471549576474453 -0.0073933219630545801 0.0039982043258393754 -0.0061942546749355863 -0.010981667497101012 -0.028236432870464959 -0.0001603861357800715 -0.00897976895595483 0.00033258593131505235 0.0094743049407404224 -0.0021884746513108426 0.034160783922908639 -0.021373924001256036 0.0067068366006562252 0.0089331578754249016 0.030665557511299069 0.017158428451217934 0.013104134230151981 0.023260666005671941 0.022120430279980414 0.020363383523286354 0.0069294943420053212 -0.0046220380737570154 -0.0008798319238289275 0.0056373247904024006 0.011959216957047434 -0.010880653799623257
leaf_weight=1166.1496624350548 898.38552556931973 1067.8475043326616 1326.206732571125 1548.0435685515404 1183.7184731066227 357.72233845293522 2117.1934856027365 2415.3558437824249 692.87078714370728 2051.6464200168848 140.65050216019154 432.46826472878456 2548.5424632430077 1556.3316632658243 119.11054769158363 689.7901204675436 1253.720683157444 2434.3708309829235 5.1408298313617697 93.157573118805885 2487.2482733428478 137.18389002978802 1499.5827359110117 1379.0723884254694 162.46590809524059 262.89452688395977 1247.3933285176754 570.2969493418932 287.24431951344013 333.03005327284336
leaf_count=9227 6342 7967 9114 11684 8507 2469 15290 17692 5348 14722 974 3041 17598 11074 808 5101 8675 17079 40 666 17007 932 10135 9418 1108 1949 8961 4038 1954 2452
internal_value=-1.76461e-05 -0.0144136 0.00892915 -0.0104969 0.00225504 0.0136774 -0.00533181 -0.0162902 -0.0366404 -0.00277923 0.0100415 0.00485717 0.0118109 0.00222388 0.016657 -0.0130568 0.00512453 0.00763574 -0.0416118 0.000591841 0.0163266 0.0093376 0.0169214 0.01534 0.0189476 -0.013507 -0.00405128 -8.98339e-05 0.0204869 -0.0179573
internal_weight=32464.8 12443.1 20021.7 10579 8322.97 11698.8 5592.74 4986.22 1864.16 4262 5269.12 5891.85 3874.75 3025.01 6429.63 3438.18 1394.37 2866.84 1171.29 2144.8 6310.52 494.906 5815.61 4028.79 1541.54 1330.74 2431.11 2126.63 1786.83 1022.82
internal_count=231372 92138 139234 77523 59042 80192 40594 36929 14615 30678 36361 41574 26712 21454 43831 25245 9649 20120 9267 15388 43023 3401 39622 27533 10526 9916 17468 15112 12089 7553
is_linear=0
shrinkage=0.04


Tree=5
num_leaves=31
num_cat=7
split_feature=30 30 30 6 6 30 30 30 14 30 26 8 17 22 17 8 7 22 22 17 6 9 22 9 22 22 2 5 7 22
split_gain=2350.74 628.667 378.501 168.295 107.484 64.0176 60.3755 50.7377 45.2998 30.389 22.4836 24.9978 22.0096 24.328 21.9213 20.258 20.2208 19.3401 19.2194 18.1195 16.0327 16.4752 18.5821 15.8473 15.2854 15.1504 15.0379 14.9754 14.8582 14.8032
threshold=-0.27166666666666622 -1.6533333333333329 0.66550000000000031 0.0083333333333333055 0.0099999999999993445 -0.80449999999999966 -1.0099999999999993 0.040000000000000265 4.8660714285714297 0.29000000000000031 3.5000000000000004 44.035000000000004 -0.064880952380952414 0 -0.033333333333333277 40.795000000000009 5.5000000000000009 1 2 0.13333333333333333 -0.021666666666666053 9.1324999999999985 3 -11.249999999999996 4 5 39.065000000000005 6.6950000000000012 5.5000000000000009 6
decision_type=2 2 2 2 2 2 2 2 8 2 2 2 8 1 8 2 2 1 1 10 2 2 1 2 1 1 2 2 2 1
left_child=1 8 4 6 9 28 19 -6 -1 20 -8 18 29 15 -4 -14 -7 -16 -12 -3 21 22 -2 -22 -11 -13 -17 -15 -5 -9
right_child=2 3 14 5 7 16 10 12 -10 24 11 25 13 27 17 26 -18 -19 -20 -21 23 -23 -24 -25 -26 -27 -28 -29 -30 -31
leaf_value=-0.028214486934090226 0.013147580107157639 -0.01361772796928914 0.00944057177596885 -0.018957535046740134 -0.0065735545536971677 -0.00941158464675757 0.0016859598182855052 0.001695716253046313 -0.041241223068908255 0.0045952777932276988 -0.012213997121714216 -0.0043558044115300397 0.0058501146558668773 0.025155398499734125 0.01190308862687268 0.026559429335913043 -0.01686610113952202 0.016472232419541055 -0.0040033417333794835 0.014695550951929703 -0.011424330424992152 0.015834225847038703 0.00342671061362198 0.002854724911748218 0.011607121612303069 0.013157259083813778 -0.0025108705008558851 -0.0011069818945362824 -0.02629053496285156 -0.0085004136873748012
leaf_weight=697.21586315333843 395.35964985191822 1277.8682167306542 1314.9210964292288 1277.8970873057842 1770.992367759347 1731.0480101406574 1189.984762057662 456.21349593997002 1102.5215950831771 718.2600938975811 646.31579774618149 135.8109028339386 974.50401067733765 35.896171346306801 2504.3082175850868 139.43456406891346 877.26429051160812 5219.9334596395493 1623.9565367251635 37.218045309185982 132.69749163091183 283.49565058946609 1532.1147955954075 1978.8947734832764 2027.003169670701 172.45461975038052 35.776639297604561 1078.5886616408825 675.95792961865664 444.0022419989109
leaf_count=5519 2776 9613 8944 9733 12848 12777 8539 3227 8957 4948 4690 982 6847 251 16965 981 6547 35308 11767 277 942 1986 10769 13999 13962 1243 251 7587 5187 3141
internal_value=9.73685e-05 -0.0144918 0.00803282 -0.0104424 0.00337737 -0.0160198 -0.00543718 -0.00115227 -0.0361947 0.00654039 -0.00286207 -0.00496097 0.0018818 0.00398526 0.0142148 0.00803165 -0.0119188 0.0150276 -0.00641224 -0.0128164 0.00445015 0.00683085 0.00550663 0.0019574 0.00983159 0.00572714 0.0206235 -0.000258781 -0.0214945 -0.00340878
internal_weight=32487.9 11445.5 21042.4 9645.78 12003.2 4562.17 5083.61 4935.41 1799.74 7067.83 3768.52 2578.54 3164.42 2264.2 9039.16 1149.72 2608.31 7724.24 2270.27 1315.09 4322.56 2210.97 1927.47 2111.59 2745.26 308.266 175.211 1114.48 1953.86 900.216
internal_count=231563 85831 145732 71355 84515 34244 37111 35133 14476 49382 27221 18682 22285 15917 61217 8079 19324 52273 16457 9890 30472 15531 13545 14941 18910 2225 1232 7838 14920 6368
cat_boundaries=0 1 2 3 4 5 6 7
cat_threshold=1369031 2327208 54356 410240 8415235 3674797 11426209
is_linear=0
shrinkage=0.04


Tree=6
num_leaves=31
num_cat=7
split_feature=30 30 30 6 30 30 6 30 30 14 17 9 26 31 30 14 22 17 22 11 22 18 14 6 22 22 22 9 22 9
split_gain=2236.08 621.676 328.54 185.998 89.5335 86.2899 75.0208 45.3545 33.131 29.4825 27.1144 24.3685 24.3488 23.4984 23.44 22.4888 20.9306 20.4659 19.8625 19.6074 19.2899 18.9073 18.4035 18.2556 21.219 18.0649 18.0148 17.673 17.233 17.28
threshold=-0.20166666666666686 -1.8600000000000003 0.66550000000000031 0.0083333333333333055 -1.0099999999999993 -0.95333333333333325 0.0081666666666668792 0.32000000000000078 0.1483333333333339 4.7071428571428582 -0.030191798941798961 -10.959999999999997 3.5000000000000004 3.5000000000000004 0.97999999999999987 3.3875000000000006 0 -0.05000000000000001 1 49.500000000000007 2 3.5000000000000004 3.1180555555555558 0.050833333333333293 3 4 5 1.1283333333333323 6 7.3941666666666679
decision_type=2 2 2 2 2 2 2 2 2 8 10 2 2 2 2 10 1 10 1 2 1 8 10 2 1 1 1 2 1 2
left_child=1 9 6 4 -3 -5 8 11 15 -1 13 -8 26 18 16 -2 -4 -13 21 -18 -10 -6 -9 24 -14 -24 -7 -15 29 -19
right_child=2 3 14 5 10 12 7 22 20 -11 -12 17 23 27 -16 -17 19 28 -20 -21 -22 -23 25 -25 -26 -27 -28 -29 -30 -31
leaf_value=-0.028321392810292289 0.00674524014355239 -0.013509308360980226 0.014813071434998697 -0.023425638276449976 0.076092725355197621 -0.002147086251571484 -0.015605328675076009 0.0098559087130310665 0.012696507982487091 -0.041342778274973957 0.001804849411188747 -0.0062270793230731368 -0.018195199958685876 -0.0084688036568411392 0.015448856237706803 -0.00062966461200789125 0.0060961690597438169 0.0025312971206190703 -0.0029724499541089466 0.017775769569269403 0.0066539069936093929 0.020073628924521116 -0.0065280512596540196 -0.020060807096690017 -0.008423145671084372 0.0052295497153401491 -0.01209023719354641 -0.0015681348000860912 -0.003323088301693818 0.019166277374573281
leaf_weight=376.21487857401371 1350.9428237974644 1491.057584322989 1398.6230333000422 1559.1236005648971 13.199402362108229 568.46580721437931 227.30213832855225 748.31595987081528 1414.2962342649698 1067.945749565959 1695.410504847765 1103.6837012469769 607.38535691052675 1408.5081262588501 6022.2040054798126 1296.4395886212587 1400.1384868770838 749.35029439628124 67.09769532084465 275.17476509511471 2356.3928864002228 35.748535364866257 300.21134425699711 672.03769399225712 1023.1815483346581 634.12475481629372 624.75421403348446 1026.624093234539 832.25306406617165 115.2833459675312
leaf_count=3058 9496 11381 9460 12190 94 4228 1642 5182 9720 8947 12208 7975 4532 10209 40225 9128 9502 5375 479 1865 16227 254 2089 5089 7637 4397 4653 7423 5975 822
internal_value=0.000193091 -0.0133036 0.00835912 -0.0100056 -0.00507676 -0.0156001 0.00374997 -8.35598e-05 0.00656357 -0.0379506 -0.00211593 -0.00300949 -0.0121099 -0.00472153 0.0139981 0.0031337 0.011156 -0.00198718 0.012864 0.00796702 0.00897166 0.0292119 0.00518155 -0.014513 -0.0122265 0.00143782 -0.00747251 -0.00555956 0.000770528 0.00469497
internal_weight=32461.5 12236.8 20224.7 10792.6 5737.65 5054.95 11128.6 4710.52 6418.07 1444.16 4246.59 3027.87 3495.82 2551.18 9096.14 2647.38 3073.94 2800.57 116.046 1675.31 3770.69 48.9479 1682.65 2302.6 1630.57 934.336 1193.22 2435.13 1696.89 864.634
internal_count=231462 92382 139080 80377 42048 38329 78028 33457 44571 12005 30667 21789 26139 18459 61052 18624 20827 20147 827 11367 25947 348 11668 17258 12169 6486 8881 17632 12172 6197
cat_boundaries=0 1 2 3 4 5 6 7
cat_threshold=4734039 3935540 7242288 439472 5177880 7408556 1165261
is_linear=0
shrinkage=0.04


Tree=7
num_leaves=31
num_cat=2
split_feature=1 30 30 1 31 1 1 30 30 31 1 30 1 6 30 30 23 30 1 30 13 7 31 22 6 22 13 30 1 7
split_gain=2835.03 1107.4 871.414 617.783 351.501 247.825 214.336 205.807 152.383 148.051 111.212 106.783 101.117 66.4067 63.993 61.9433 54.9716 50.0219 48.059 40.6369 39.448 36.3388 36.1971 35.6917 34.782 30.6215 29.9656 29.1953 28.6005 26.9701
threshold=4.5000000000000009 0.4250000000000001 -0.42999999999999922 1.5000000000000002 2.5000000000000004 3.5000000000000004 3.5000000000000004 -0.9199999999999996 1.0283333333333338 1.5000000000000002 3.5000000000000004 -1.0283333333333329 5.5000000000000009 0.016666666666666167 -1.3583333333333329 1.2044999999999997 35.815000000000005 2.2908333333333339 5.5000000000000009 -1.8600000000000003 8.5000000000000018 3.5000000000000004 3.5000000000000004 0 -0.0049999999999994485 1 10.500000000000002 -0.01666666666666616 5.5000000000000009 4.5000000000000009
decision_type=2 2 2 2 2 2 2 2 2 2 2 2 2 2 2 2 2 2 2 2 2 2 2 1 2 1 2 2 2 2
left_child=2 7 6 9 10 13 11 -2 18 -4 26 19 22 20 -8 -12 -11 28 -3 -1 23 -13 -9 -6 -21 -18 -5 -22 -10 -7
right_child=1 8 3 4 5 29 14 12 17 16 15 21 -14 -15 -16 -17 25 -19 -20 24 27 -23 -24 -25 -26 -27 -28 -29 -30 -31
leaf_value=-0.025222659679738527 -0.036584358575438784 -0.00010485160182626969 -0.010858526324876367 0.026596193397162998 0.023343709449712313 0.0020125247913029757 -0.030979938808148286 -0.0094791823589731265 0.01434029112738662 0.010925047039805305 0.010647839670270063 0.0085665148763280057 -0.027893135912846923 0.0092147048281642913 -0.01307555211244835 0.025930482026183022 0.0067204699635490259 0.036362845700908704 -0.013641535758015742 0.0011678557705987829 0.019154196541576376 -0.001022379548869869 -0.019651803365119278 0.011422117564985661 -0.012441428127402373 -0.0041360492119879534 0.036214629640225406 0.033013270356743257 0.0032229622435313494 -0.0081110443590126889
leaf_weight=218.97309051454067 2193.5196590721607 866.72846531867981 1410.9440081119537 3387.6744153797626 702.3001252412796 1309.9629395753145 434.55669479817152 835.10214300453663 724.19846861064434 1328.3489300459623 1172.3872318863869 1408.6668885052204 2292.2043495029211 1500.2555801123381 1205.2804148048162 665.06011556088924 671.71861605346203 112.15264189243317 813.49166232347488 532.53818756341934 481.77829100191593 1147.4111708700657 1696.8535720184445 1129.1833444386721 689.51313549280167 1055.2194496691227 611.84215158224106 491.11278554797173 757.54302491247654 620.49232879281044
leaf_count=1803 18268 5969 9822 21938 4747 9227 3571 6072 4828 9206 7910 10006 17465 10476 9134 4291 4671 736 5759 3980 3291 8506 12757 7646 5314 7332 3967 3258 5098 4491
internal_value=-0.000113249 -0.0174635 0.00793922 0.0125685 0.0172708 0.0106669 -0.00564272 -0.0264258 0.00174606 -0.000141692 0.0243252 -0.000646821 -0.0218067 0.0160073 -0.0178202 0.0161794 0.00480739 0.0106061 -0.00665874 -0.00935424 0.0196411 0.00426211 -0.0162966 0.0161834 -0.00651086 0.000101723 0.0280676 0.0261502 0.00865654 -0.00124142
internal_weight=32467 10291.8 22175.2 16538.3 12072 6235.09 5636.94 7017.68 3274.11 4466.23 5836.96 3997.1 4824.16 4304.63 1639.84 1837.45 3055.29 1593.89 1680.22 1441.02 2804.37 2556.08 2531.96 1831.48 1222.05 1726.94 3999.52 972.891 1481.74 1930.46
internal_count=231539 76952 154587 112273 81242 43136 42314 54562 22390 31031 38106 29609 36294 29418 12705 12201 21209 10662 11728 11097 18942 18512 18829 12393 9294 12003 25905 6549 9926 13718
cat_boundaries=0 1 2
cat_threshold=2577280 6301231
is_linear=0
shrinkage=0.04


Tree=8
num_leaves=31
num_cat=3
split_feature=1 30 30 1 1 1 30 30 30 31 30 1 30 1 1 11 30 6 29 31 17 13 23 6 22 6 22 29 22 1
split_gain=2619.28 1033.78 758.464 543.086 304.614 236.273 214.459 178.125 168.108 155.757 134.938 103.778 94.6969 55.816 50.6883 49.4563 46.7116 39.1148 36.9078 36.6496 36.218 35.3472 34.0143 33.2206 33.0482 32.8447 32.2247 31.7282 37.4182 29.189
threshold=4.5000000000000009 0.4250000000000001 -0.42999999999999922 1.5000000000000002 3.5000000000000004 3.5000000000000004 -0.95333333333333325 0.52400000000000058 0.20916666666666653 1.5000000000000002 1.583666666666667 5.5000000000000009 -1.1349999999999993 2.5000000000000004 5.5000000000000009 38.500000000000007 -1.4266666666666667 -0.011666666666666268 5.0850000000000009 3.5000000000000004 0.040039682539682563 7.5000000000000009 39.085000000000008 0.015499999999999849 0 0.026666666666665954 1 6.1250000000000009 2 1.5000000000000002
decision_type=2 2 2 2 2 2 2 2 2 2 2 2 2 2 2 2 2 2 2 2 8 2 2 2 1 2 1 2 1 2
left_child=2 6 5 9 8 12 -2 -6 18 25 14 19 17 21 26 -11 -7 -1 24 -8 -16 -10 -17 -14 -5 -4 -3 -15 -29 -19
right_child=1 10 3 4 7 16 11 -9 13 15 -12 -13 23 27 20 22 -18 29 -20 -21 -22 -23 -24 -25 -26 -27 -28 28 -30 -31
leaf_value=1.5037093471405934e-05 -0.036288791471323481 0.0099870971007837098 -0.013168368883454252 0.00046758323762012625 -0.00084127332452664614 -0.030128137143074732 -0.0083787006721158745 0.016598047172062314 0.025357612229010857 -0.00046815487204473582 0.018025559490192442 -0.027084104019652912 0.0073898523512099835 0.016583908120956291 -0.017517927245390152 0.014516495502782579 -0.014069146510937885 0.0008762828219595455 0.017161694128894744 -0.018646148307516784 -0.0032199480442779587 0.034710250160440194 0.0030334347068662025 -0.0016614444979823476 0.01336723974723191 0.0055339224999618386 -0.0023467485043706824 0.036209707926989181 0.019967559209496697 -0.019480013737881465
leaf_weight=427.72347494214773 2063.6273650527 594.41846586763859 1227.9616903960705 529.95882380008698 2066.7420794814825 379.16956374794245 823.5473420470953 1714.4773528128862 1600.7189840972424 1355.5352674126625 654.27514545619488 2271.3547795638442 1842.9677838981152 1326.3382012099028 426.40753789246082 998.93083353340626 1229.6570647880435 141.38375576585531 1781.8462509661913 1713.7418135106564 845.57373781502247 1084.676317229867 703.32526096701622 1001.2793325930834 813.26737776398659 171.18866166472435 768.07052490115166 390.60889166593552 869.79438084363937 555.61286578327417
leaf_count=3285 17685 4026 8619 3668 14699 3204 6027 11189 10259 9441 4262 17653 13113 8633 3025 6827 9416 1094 12101 13077 5906 6863 4892 7491 5616 1190 5248 2488 5555 4431
internal_value=0.000146175 -0.0166762 0.00784128 0.0121212 0.0164934 -0.00492331 -0.0255024 0.00706605 0.0207385 0.000174325 0.00176713 -0.0208734 0.000318135 0.0250959 -0.00227068 0.00523249 -0.0178539 -0.00950727 0.0133875 -0.0153136 -0.00801307 0.0291353 0.00977201 0.00420346 0.00838078 -0.0108801 0.00309026 0.0209024 0.0254468 -0.0153508
internal_weight=32374.2 10161 22213.2 16635.4 12178.4 5577.79 6872.27 3781.22 8397.21 4456.94 3288.75 4808.64 3968.97 5272.14 2634.47 3057.79 1608.83 1124.72 3125.07 2537.29 1271.98 2685.4 1702.26 2844.25 1343.23 1399.15 1362.49 2586.74 1260.4 696.997
internal_count=230983 76909 154074 112040 81071 42034 54442 25888 55183 30969 22467 36757 29414 33798 18205 21160 12620 8810 21385 19104 8931 17122 11719 20604 9284 9809 9274 16676 8043 5525
cat_boundaries=0 1 2 3
cat_threshold=5039178 1587351 15664128
is_linear=0
shrinkage=0.04


Tree=9
num_leaves=31
num_cat=3
split_feature=1 30 30 1 1 1 30 30 30 30 23 1 30 1 30 1 14 6 29 7 1 11 22 31 22 30 13 22 25 7
split_gain=2366.92 993.551 698.125 522.665 276.951 216.087 205.376 171.052 146.511 141.745 118 107.64 104.936 55.2439 51.1998 40.5919 39.3115 37.1348 35.8467 35.3406 33.8779 31.3591 29.9423 29.9211 30.0795 29.1781 28.6911 31.0182 28.3139 27.0744
threshold=4.5000000000000009 0.4250000000000001 -0.42999999999999922 1.5000000000000002 3.5000000000000004 3.5000000000000004 -0.85166666666666624 0.43666666666666681 0.27000000000000096 1.3291666666666668 39.085000000000008 5.5000000000000009 -1.1349999999999993 5.5000000000000009 -1.3583333333333329 2.5000000000000004 3.3541666666666674 -0.028333333333333762 2.0150000000000001 3.5000000000000004 2.5000000000000004 46.500000000000007 0 2.5000000000000004 1 -1.7818333333333334 10.500000000000002 2 -3.9525000000000001 4.5000000000000009
decision_type=2 2 2 2 2 2 2 2 2 2 2 2 2 2 2 2 8 2 2 2 2 2 1 2 1 2 2 1 2 2
left_child=2 6 5 10 8 12 18 29 16 13 21 23 25 -3 -7 26 -5 22 -2 28 -18 -4 -12 -8 -25 -1 -10 -28 -14 -6
right_child=1 9 3 4 7 14 11 -9 15 -11 17 -13 19 -15 -16 -17 20 -19 -20 -21 -22 -23 -24 24 -26 -27 27 -29 -30 -31
leaf_value=-0.022438538001828743 -0.04287876627892219 0.00222004363438978 0.0036817659028003853 0.017957883379780763 0.0013543965110857561 -0.029634527891307966 -0.00089590155392302914 0.015021007561204031 0.025662349495269712 0.014012788740089632 -0.0043031353406374354 -0.026599639407943472 0.0036033828079024576 -0.010325349089239013 -0.013269957759742415 0.020230096153459561 0.014540360705137794 -0.001920463424444793 -0.031660486590023421 -0.00092452573799629227 0.0038980854434294446 0.014809302826044811 -0.017857451418524756 -0.0086421602365319046 -0.019086935219280288 -0.0069826895726060089 0.020064554582856907 0.048070607249855721 0.014544569596963413 -0.0088692209444357854
leaf_weight=251.53102232515812 638.98522789776325 1168.9600884616375 1334.3719722032547 1543.4143057614565 1283.9194395244122 414.06814701855183 241.44024156033993 1906.9664675593376 2200.8842238634825 1046.3275233209133 510.59229466319084 2128.8779836148024 942.64955957233906 1080.9294455349445 1170.9788154736161 2470.3277721256018 987.02771486341953 1464.5271398276091 1589.1757846996188 1294.8539423793554 929.10060308873653 581.93276214599609 574.53698228299618 720.07716074585915 1445.2231475785375 876.22198165208101 164.4853113591671 211.20667593181133 632.26262326538563 611.99997816979885
leaf_count=2106 5857 7992 9212 10322 9066 3551 1747 12383 13784 6789 3579 16832 6675 7717 9043 15690 6708 10276 13604 9630 6375 3928 4034 5489 11018 6789 1016 1304 4430 4475
internal_value=-4.46519e-05 -0.0161576 0.00720544 0.0112829 0.0155358 -0.0050472 -0.0249331 0.00656226 0.0195474 0.00184943 -0.000438926 -0.0200477 -9.17532e-05 -0.00380722 -0.0175449 0.0238937 0.0132069 -0.00607576 -0.0348776 0.00397091 0.00938009 0.00706091 -0.0116839 -0.0142523 -0.0157416 -0.0104299 0.0274063 0.0376226 0.00799582 -0.00194577
internal_weight=32417.9 10060 22357.9 16775.3 12309.3 5582.57 6763.78 3802.89 8506.45 3296.22 4465.96 4535.62 3997.52 2249.89 1585.05 5046.9 3459.54 2549.66 2228.16 2869.77 1916.13 1916.3 1085.13 2406.74 2165.3 1127.75 2576.58 375.692 1574.91 1895.92
internal_count=231421 77045 154376 112152 81123 42224 54547 25924 55199 22498 31029 35086 29630 15709 12594 31794 23405 17889 19461 20735 13083 13140 7613 18254 16507 8895 16104 2320 11105 13541
cat_boundaries=0 1 2 3
cat_threshold=5284415 1836059 1042502
is_linear=0
shrinkage=0.04


Tree=10
num_leaves=31
num_cat=1
split_feature=1 17 29 1 1 1 29 25 17 17 23 17 29 29 14 1 1 17 1 29 1 7 6 25 22 23 25 13 1 7
split_gain=2199.1 618.336 458.092 496.856 274.172 200.538 156.032 144.548 114.118 98.5949 96.2989 80.6613 64.2068 61.0225 60.8076 60.6527 51.9242 48.7353 46.9059 46.5905 44.7415 42.8162 41.9667 40.8584 36.3996 36.2747 35.9948 34.4014 40.1173 32.4012
threshold=4.5000000000000009 -0.0037037037037037017 4.7650000000000006 1.5000000000000002 3.5000000000000004 3.5000000000000004 4.8450000000000006 10.499166666666667 -0.037037037037037014 0.18888888888888899 36.755000000000003 -0.067658730158730182 2.0150000000000001 3.4950000000000006 4.4365079365079376 5.5000000000000009 2.5000000000000004 0.26679894179894187 5.5000000000000009 6.0050000000000008 5.5000000000000009 1.5000000000000002 0.016666666666666167 13.052666666666665 0 40.070000000000007 -7.3833333333333302 1.5000000000000002 1.5000000000000002 3.5000000000000004
decision_type=2 10 2 2 2 2 2 2 8 10 2 10 2 2 10 2 2 10 2 2 2 2 2 2 1 2 2 2 2 2
left_child=2 6 5 10 8 11 12 17 22 19 -4 13 -2 -1 26 -8 -10 20 -14 -6 -3 -12 -5 -18 -13 -9 -7 -15 -29 -30
right_child=1 7 3 4 9 14 15 25 16 -11 21 24 18 27 -16 -17 23 -19 -20 -21 -22 -23 -24 -25 -26 -27 -28 28 29 -31
leaf_value=-0.016124046949293661 -0.042667077978225151 -0.0073684046769138803 0.0080860801731150785 0.015682837873381331 -0.0016966538178947955 -0.015851182004007491 -0.011258208196665653 -0.0052821043438080195 0.025837419829066979 0.018962587168650596 -0.011833003087009429 0.016121245093295943 -0.022768142224776872 0.015077374650400413 -0.025752316826465664 -0.024062633525293444 0.014763030999096399 0.0041306729715700147 -0.034295996297609536 0.0085231449879934629 -0.017899333436697053 -0.0016352610365411779 0.0046477238348230348 0.025022168940284542 0.0045968545292454834 0.0074637177187551022 -0.0022120611336052653 0.0076610202838391529 0.0012505007990949984 -0.010878485369576404
leaf_weight=433.82643704861403 616.7603151127696 1368.6566297784448 1273.7311509996653 1514.9540668949485 1714.3551604598761 613.7286244481802 1238.6900794580579 493.6180878803134 2903.9869588837028 732.37241354584694 994.3130262196064 622.4790031388402 1217.8990036547184 225.91155163943768 479.14989966154099 1133.5766850784421 1856.1247043013573 323.52727098017931 1053.0406305044889 1222.8162176758051 1221.6883351653814 1951.9419380575418 866.95602862536907 933.51283559203148 1527.4929623901844 1293.3326487466693 624.72793030738831 559.51440832018852 684.19284685701132 726.67560818791389
leaf_count=3478 5840 10126 8718 9908 12132 4837 9201 3586 18264 4753 7002 4368 10113 1571 3944 8876 12015 2274 8991 8197 9441 13685 5916 5841 10736 8728 4682 4030 4888 5474
internal_value=8.73971e-05 -0.0155562 0.00702433 0.0106685 0.0148983 -0.00192953 -0.0249777 -0.00501404 0.019018 0.00583213 -0.00110383 0.0022828 -0.031222 -0.00241509 -0.0136524 -0.0173767 0.0220935 -0.0105069 -0.0281136 0.0025581 -0.0123351 -0.00507683 0.0116663 0.0181961 0.00802986 0.00394288 -0.00897105 0.000292792 -0.00140231 -0.0049966
internal_weight=32423.6 9960.79 22462.8 15965.1 11745.1 6497.7 5259.97 4700.82 8075.53 3669.54 4219.99 4780.09 2887.7 2630.12 1717.61 2372.27 5693.62 2913.87 2270.94 2937.17 2590.34 2946.25 2381.91 2789.64 2149.97 1786.95 1238.46 2196.29 1970.38 1410.87
internal_count=231615 77176 154439 106431 77026 48008 43021 34155 51944 25082 29405 34545 24944 19441 13463 18077 36120 21841 19104 20329 19567 20687 15824 17856 15104 12314 9519 15963 14392 10362
cat_boundaries=0 1
cat_threshold=10684960
is_linear=0
shrinkage=0.04


Tree=11
num_leaves=31
num_cat=7
split_feature=30 30 30 6 7 30 30 25 9 14 30 22 22 14 22 17 7 17 9 23 22 20 9 13 12 22 22 30 30 6
split_gain=1601.76 437.644 301.589 104.615 90.1916 55.4136 54.9817 51.4883 46.346 29.0085 27.0904 23.338 22.2179 21.5386 21.0505 20.824 18.7985 18.848 18.1381 17.5093 17.5074 17.419 16.8299 16.245 21.2962 22.0009 16.2006 16.1601 16.0182 20.7948
threshold=-0.42999999999999922 -1.8600000000000003 0.30999999999999989 -0.0049999999999994485 4.5000000000000009 -0.97000000000000031 0.90333333333333365 -1.1274999999999993 8.9316666666666684 5.0500000000000007 -0.008333333333333524 0 1 2.8166666666666669 2 -0.011011904761904749 4.5000000000000009 -0.083333333333333273 0.52666666666666562 47.145000000000003 3 0.11805555555555557 -11.249999999999996 1.5000000000000002 4 5 6 -1.3583333333333329 1.8800000000000006 -0.015000000000000123
decision_type=2 2 2 2 2 2 2 2 2 8 2 1 1 10 1 10 2 8 2 2 1 10 2 2 1 1 1 2 2 2
left_child=1 9 4 7 8 -5 16 13 10 -1 12 -10 -2 14 -3 -9 -4 -18 -7 21 -19 -14 -6 24 25 -8 -26 -15 -25 -30
right_child=2 3 6 5 22 18 23 15 11 -11 -12 -13 19 27 -16 -17 17 20 -20 -21 -22 -23 -24 28 26 -27 -28 -29 29 -31
leaf_value=-0.02879694369872798 0.0038640443731986097 0.020728801598096123 0.0078826287412355738 -0.020441906788112134 -0.016879944023457313 -0.014021683222878056 -0.015298788367452543 -0.0011302839751848306 0.0033536245137930775 -0.041273221917668836 0.0042060950859759009 0.017541094708271306 -0.0054101303140248044 -0.016989143266888853 -0.0056764732477741012 0.012528606396934773 -0.005330187149317718 -2.6365658077723461e-05 -0.0074493828728181078 -0.01415667696882613 0.0088237909206675767 0.001898933803986613 -0.0051477074847992932 0.011321783449829119 0.028900986666643348 0.0059519972038461445 0.005097441944217713 -0.0078937940267233327 0.010973178677865443 0.021960459542132899
leaf_weight=487.62355300039053 980.76760827749968 67.745677284896374 5051.7755049392581 1740.1507284864783 211.32412369549274 1647.3980961889029 111.65453590452671 546.81344420462847 344.2364255413413 767.49193201214075 2746.5452133640647 441.6862423196435 1184.8736563250422 379.80721988528967 121.42708862572908 265.20299470424652 341.69200236350298 627.13548119366169 1134.5648706927896 215.63044939190149 840.12854351103306 932.09967843443155 2634.482930265367 5322.5227011442184 74.21279588341713 207.9776253849268 134.36037285625935 1765.1388681605458 536.49664796888828 566.77327366173267
leaf_count=4434 6974 507 33623 14524 1570 12803 773 4068 2406 7398 19072 3075 8472 3153 909 1932 2356 4251 8785 1532 5662 6630 19392 34433 476 1365 865 13306 3420 3567
internal_value=-0.000101868 -0.0145302 0.00537533 -0.0109463 -3.40474e-05 -0.0148433 0.00917026 -0.00534501 0.00245386 -0.0364261 0.00126861 0.0115928 -0.00116635 -0.0083632 0.00457535 0.00333068 0.00662969 0.00313069 -0.0113413 -0.00328393 0.00510103 -0.00219196 -0.00601892 0.0116767 0.00493357 -0.00171028 0.0145018 -0.00950431 0.012231 0.0166176
internal_weight=32429.7 8923.36 23506.4 7668.25 9691.65 4522.11 13814.7 3146.14 6845.84 1255.12 6059.92 785.923 3313.37 2334.12 189.173 812.016 6860.73 1808.96 2781.96 2332.6 1467.26 2116.97 2845.81 6954 528.205 319.632 208.573 2144.95 6425.79 1103.27
internal_count=231733 71819 159914 59987 69123 36112 90791 23875 48161 11832 42680 5481 23608 17875 1416 6000 45892 12269 21588 16634 9913 15102 20962 44899 3479 2138 1341 16459 41420 6987
cat_boundaries=0 1 2 3 4 5 6 7
cat_threshold=5594434 2361224 5349457 13798064 3 5439873 7703704
is_linear=0
shrinkage=0.04


Tree=12
num_leaves=31
num_cat=2
split_feature=1 30 30 1 1 1 30 30 30 30 31 30 1 30 30 14 23 1 13 24 22 17 1 17 1 26 11 14 22 13
split_gain=2043.39 837.06 545.323 428.848 230.218 190.944 175.569 149.19 133.354 106.985 103.538 83.261 78.3971 54.0403 52.3719 44.6144 43.0914 41.407 37.9709 32.4567 31.6491 30.8514 30.7652 30.0127 28.1274 26.9101 26.8012 26.1177 25.4175 25.2838
threshold=4.5000000000000009 0.28000000000000075 -0.42999999999999922 1.5000000000000002 3.5000000000000004 2.5000000000000004 -0.86666666666666636 0.53500000000000048 0.94833333333333358 0.33000000000000057 1.5000000000000002 -1.2099999999999995 5.5000000000000009 -1.6533333333333329 1.8800000000000006 3.3541666666666674 36.615000000000002 5.5000000000000009 10.500000000000002 20.075000000000003 0 0.027777777777777807 5.5000000000000009 -0.067658730158730182 2.5000000000000004 2.5000000000000004 51.500000000000007 4.8660714285714297 1 1.5000000000000002
decision_type=2 2 2 2 2 2 2 2 2 2 2 2 2 2 2 8 2 2 2 2 1 10 2 8 2 2 2 8 1 2
left_child=2 6 5 10 9 13 22 -6 17 15 -4 19 -8 -1 -10 -5 26 -3 25 -7 -18 -13 27 -15 29 -11 -12 -2 -20 -17
right_child=1 8 3 4 7 11 12 -9 14 18 16 21 -14 23 -16 24 20 -19 28 -21 -22 -23 -24 -25 -26 -27 -28 -29 -30 -31
leaf_value=-0.016425839449662912 -0.024302405514124749 -0.0022828319753882545 -0.0095281081012045746 0.017251164500048956 -0.0014019538746523352 -0.026474923187123984 -0.014327507230799093 0.014425602652303785 0.0039623646160169444 0.022680338129994211 0.0060045097665451042 -0.0091729018605846684 -0.025613416076066625 0.0017501674796421369 0.021115550948480596 0.027697829938744107 0.0050303752067956406 -0.01386320206852776 0.016472096669195958 -0.0094247687397480927 -0.0060605013070792425 0.002940838328352559 -0.038652386684200304 0.011023188491480753 0.0037868736680020218 0.016188863600408047 0.019897995954479893 -0.03839237397355226 0.036026503318009689 0.010502432826929203
leaf_weight=192.87661964446306 653.9792447835207 1057.1332039684057 1389.4564127922058 1738.407095760107 2096.5229008644819 614.41327389329672 2101.407249994576 1746.7794300317764 1452.5052919238806 2526.0769430994987 1192.1828370690346 1752.7330504953861 1853.3419641777873 1338.8474818617105 354.25012907385826 161.06115856766701 767.3504026979208 927.44062083959579 220.70870761573315 251.86215190589428 865.64486940205097 416.27859173715115 1086.8578330427408 958.07016136497259 1011.2533240169287 1715.760098785162 273.02928052842617 310.39742693305016 444.86688825488091 908.8773391097784
leaf_count=1649 5855 7378 9809 11320 14897 5367 16377 11048 9662 15333 8103 13362 15275 9881 2227 1073 5317 6880 1337 2083 6035 3116 10278 6889 6864 10550 1809 3048 2670 6059
internal_value=3.26119e-06 -0.0152525 0.00662172 0.0101593 0.0139488 -0.00429997 -0.0245419 0.00579166 -0.000536754 0.0175411 -0.000455508 -0.0110348 -0.0196165 0.00391038 0.00732559 0.0125211 0.00361329 -0.00769463 0.0214484 -0.0215177 -0.000855166 -0.00684802 -0.0340379 0.00561805 0.00857007 0.0200546 0.00859344 -0.0288374 0.0303309 0.0130909
internal_weight=32380.4 9797.31 22583.1 17058 12570.3 5525.08 6005.98 3843.3 3791.33 8727.01 4487.66 3035.29 3954.75 2489.79 1806.76 3819.6 3098.21 1984.57 4907.41 866.275 1633 2169.01 2051.23 2296.92 2081.19 4241.84 1465.21 964.377 665.576 1069.94
internal_count=231551 76980 154571 112224 81151 42347 50833 25945 26147 55206 31073 23928 31652 18419 11889 25316 21264 14258 29890 7450 11352 16478 19181 16770 13996 25883 9912 8903 4007 7132
cat_boundaries=0 1 2
cat_threshold=6465071 712718
is_linear=0
shrinkage=0.04


Tree=13
num_leaves=31
num_cat=0
split_feature=1 31 30 1 30 30 1 1 31 30 30 19 1 1 1 23 30 7 30 24 6 6 32 6 30 30 1 14 11 7
split_gain=1930.84 808.872 476.642 365.518 245.457 212.447 180.21 169.951 127.762 107.094 78.7886 58.8355 56.4743 52.7199 47.5036 42.3703 37.3871 37.3416 34.8963 31.7007 30.0905 28.9771 28.3731 27.2039 27.1224 24.9827 24.7158 24.6351 23.6025 22.9785
threshold=4.5000000000000009 3.5000000000000004 -0.49666666666666676 1.5000000000000002 0.4033333333333336 0.94833333333333358 3.5000000000000004 3.5000000000000004 1.5000000000000002 -1.0099999999999993 -1.0283333333333329 0.29166666666666669 5.5000000000000009 2.5000000000000004 5.5000000000000009 37.220000000000006 1.9300000000000002 5.5000000000000009 -1.6533333333333329 30.620000000000001 0.018333333333333094 -0.013333333333333195 6.5050000000000008 -0.011666666666667156 1.1850000000000001 -2.5758333333333323 2.5000000000000004 3.1180555555555558 36.500000000000007 2.5000000000000004
decision_type=2 2 2 2 2 2 2 2 2 2 2 8 2 2 2 2 2 2 2 2 2 2 2 2 2 2 2 10 2 2
left_child=2 5 7 8 6 12 11 10 23 25 21 20 -2 -6 -11 28 -7 24 -9 -13 26 -1 -20 -4 -15 -3 -5 -19 -10 -12
right_child=1 9 3 4 13 16 -8 18 15 14 29 19 -14 17 -16 -17 -18 27 22 -21 -22 -23 -24 -25 -26 -27 -28 -29 -30 -31
leaf_value=0.00021095063200733325 -0.0047437379128332877 -0.041994165384888524 -0.015089205023539427 0.015422819677817286 0.023107071581909753 0.0047521448527457098 -0.0028862366143250291 -0.030273821468375268 0.0020093781750679979 -0.017592131775663048 0.010006154178997593 0.010037414546985797 -0.015735112157269224 0.014411378926572887 -0.027401185687711264 -0.00066263571943051501 0.019815606771175238 0.013779106855142758 -0.014689286724303849 0.019575735315568957 0.00045835217179400923 -0.011805231923731119 0.020188174230180028 -0.0035982058460117352 0.02147392322215887 -0.031395573224085413 0.0046567581278404305 -0.0038906778036725044 0.012076445948310498 0.001561760285444688
leaf_weight=504.43772860616446 1589.0388079732656 503.69931234419346 827.8293374478817 729.16389992833138 2323.8793432414532 1503.7115726172924 1946.9919662028551 240.37104908376932 572.99699552357197 1716.1094981282949 825.9602225124836 891.94292812049389 1413.0415062755346 2380.2165092676878 1463.6753211095929 1554.4459177106619 319.67329078912735 266.90800493955612 1123.2300995886326 1486.822579652071 759.23378236591816 883.48699331283569 38.602178424596786 547.74693019688129 1371.2155169099569 1212.289567053318 641.19610641896725 239.54766461253166 1065.581842109561 1372.0959576517344
leaf_count=3897 11449 5222 5918 4739 13792 9959 14021 2292 3937 13763 5741 5868 10970 14927 12417 10828 1983 1652 9056 9579 5232 7187 300 3854 8267 11461 4251 1520 7118 10076
internal_value=-9.21145e-05 -0.0149982 0.00632138 0.00941385 0.0128257 -0.00337625 0.00728367 -0.00459343 -0.00032229 -0.0264533 2.34839e-05 0.0116757 -0.00991724 0.0182613 -0.0221073 0.00406817 0.00739305 0.0156165 -0.0164007 0.0159992 0.00684621 -0.00743798 -0.0135305 -0.0105136 0.0169929 -0.0345066 0.0103853 0.0054215 0.00855608 0.0047349
internal_weight=32315.1 9721.24 22593.9 17605.7 13037.1 4825.47 6455.35 4988.18 4568.6 4895.77 3585.98 4508.36 3002.08 6581.77 3179.78 3193.02 1823.38 4257.89 1402.2 2378.77 2129.59 1387.92 1161.83 1375.58 3751.43 1715.99 1370.36 506.456 1638.58 2198.06
internal_count=231276 77224 154052 115503 83848 34361 43690 38549 31655 42863 26901 29669 22419 40158 26180 21883 11942 26366 11648 15447 14222 11084 9356 9772 23194 16683 8990 3172 11055 15817
is_linear=0
shrinkage=0.04


Tree=14
num_leaves=31
num_cat=5
split_feature=1 30 30 1 1 30 30 1 31 30 1 30 1 17 11 30 22 32 22 1 30 14 30 32 9 29 22 22 22 32
split_gain=1780.82 774.925 472.184 339.881 213.747 177.639 176.248 154.47 111.012 95.3979 87.6724 64.5226 60.511 56.6645 48.4134 39.1017 36.7128 32.6575 33.9223 31.6434 31.0037 30.9513 28.4349 28.346 28.2279 28.1069 28.0849 26.4711 26.411 25.3811
threshold=4.5000000000000009 0.4250000000000001 -0.47449999999999987 1.5000000000000002 2.5000000000000004 0.52400000000000058 -1.0099999999999993 3.5000000000000004 1.5000000000000002 1.3066666666666671 5.5000000000000009 -1.0483333333333333 3.5000000000000004 -0.034722222222222189 38.500000000000007 -1.4266666666666667 0 6.2650000000000006 1 5.5000000000000009 -0.008333333333333524 4.1055555555555561 -1.8600000000000003 6.5250000000000012 6.2891666666666675 2.0150000000000001 2 3 4 5.4650000000000007
decision_type=2 2 2 2 2 2 2 2 2 2 2 2 2 8 2 2 1 2 1 2 2 8 2 2 2 2 1 1 1 2
left_child=2 6 7 8 13 12 25 11 -4 19 20 22 21 16 27 -9 -5 -7 -19 -3 -8 29 -1 28 26 -2 -15 -10 -16 -6
right_child=1 9 3 4 5 17 10 15 14 -11 -12 -13 -14 24 23 -17 -18 18 -20 -21 -22 -23 -24 -25 -26 -27 -28 -29 -30 -31
leaf_value=-0.02158994442137652 -0.04153932659340262 0.00074981339650701743 -0.0099045578604472703 0.019212900016696448 0.005147808247914696 0.011702435403372222 -0.016964637755126549 -0.027841754760846379 0.0040380352755890461 0.0105995669096963 -0.024834850390665901 0.0034729886130903825 -0.001666134612040935 0.026426923230569301 0.016970423884036741 -0.012246492104489682 0.0060013123588819606 0.024954407856786792 0.012687761847049391 -0.0088861880070581177 -0.0075350264076188226 -0.003354509555047268 -0.0050924267236058156 -0.0023608969247269035 0.030000869044253899 -0.030441735038603951 0.017020213179966839 -0.006924172045882325 0.0057587491214905655 0.013944933788669915
leaf_weight=196.58086107671261 540.24399802088737 1156.1550028771162 1371.3689024150372 663.01821650564671 1094.4255091100931 2149.1731804311275 1649.8138001039624 335.82159554958344 650.41916397213936 1110.5810549855232 2124.6059351786971 2391.7450629994273 2154.7437420338392 892.09952223300934 593.92208537459373 1099.2371885105968 736.86848603188992 831.82201087474823 786.38593779504299 1031.9619076251984 842.92327666282654 358.20028571784496 1116.9384145587683 335.61759252846241 587.16947463154793 1126.6839021295309 1785.5125812292099 748.38085882365704 843.31857426464558 1008.1043098270893
leaf_count=1779 5793 7892 9811 4217 7223 13186 13440 3186 4489 7019 18117 17171 15409 5394 3983 8851 4717 5024 4748 7518 6355 2431 8793 2328 3537 10844 10805 5207 5672 6471
internal_value=-0.000186266 -0.0146484 0.00591075 0.00902722 0.0123081 0.00848902 -0.0228895 -0.00475403 -0.000395477 0.00105144 -0.0188646 -0.000438725 0.00322831 0.0191714 0.00371608 -0.015896 0.0124387 0.014934 0.0192259 -0.00379473 -0.013776 0.00751413 -0.00756144 0.00810584 0.0220582 -0.0340384 0.0203165 -0.00184756 0.01055 0.00936578
internal_weight=32313.8 9582.97 22730.9 17590.6 13047.5 8382.85 6284.27 5140.32 4543.03 3298.7 4617.34 3705.26 4615.47 4664.67 3171.66 1435.06 1399.89 3767.38 1618.21 2188.12 2492.74 2460.73 1313.52 1772.86 3264.78 1666.93 2677.61 1398.8 1437.24 2102.53
internal_count=231410 76978 154432 114652 83162 54492 54549 39780 31490 22429 37912 27743 31534 28670 21679 12037 8934 22958 9772 15410 19795 16125 10572 11983 19736 16637 16199 9696 9655 13694
cat_boundaries=0 1 2 3 4 5
cat_threshold=10963872 9886404 10900224 6469165 4753005
is_linear=0
shrinkage=0.04


Tree=15
num_leaves=31
num_cat=5
split_feature=1 31 30 1 30 30 1 30 1 1 31 30 30 1 1 30 22 22 11 30 14 1 26 1 22 13 22 14 15 22
split_gain=1686.52 735.257 433.531 299.464 189.23 161.278 149.055 106.683 100.998 90.6125 88.2278 84.8701 56.2767 55.8585 50.2918 45.4549 34.4266 30.9578 30.4189 29.2537 27.0937 25.8544 24.9728 23.605 22.787 22.7436 25.1226 22.5725 21.753 21.7297
threshold=4.5000000000000009 3.5000000000000004 -0.42999999999999922 1.5000000000000002 0.20916666666666653 0.94833333333333358 2.5000000000000004 -0.95333333333333325 3.5000000000000004 2.5000000000000004 1.5000000000000002 -1.3583333333333329 0.86000000000000065 5.5000000000000009 5.5000000000000009 -1.6533333333333329 0 1 43.500000000000007 1.6136666666666672 3.3541666666666674 5.5000000000000009 2.5000000000000004 5.5000000000000009 2 10.500000000000002 3 4.7071428571428582 0.19816666666666671 4
decision_type=2 2 2 2 2 2 2 2 2 2 2 2 2 2 2 2 1 1 2 2 10 2 2 2 1 2 1 10 8 1
left_child=2 5 6 10 8 14 15 21 20 25 24 27 22 -9 16 -1 -2 -17 -12 23 -5 -3 -11 -7 -4 26 -6 -8 -13 -16
right_child=1 7 3 4 9 19 11 13 -10 12 18 28 -14 -15 29 17 -18 -19 -20 -21 -22 -23 -24 -25 -26 -27 -28 -29 -30 -31
leaf_value=-0.015631050512346346 0.0030154793903256383 -0.027947419313203152 -0.0025779090379586945 0.013581819815162157 0.024239868776403363 0.0081734964378837715 -0.017255137619178317 -0.015691992939595893 -0.0032171569492542296 0.012972956672802467 0.00081857847379960245 -0.0044608464591521842 0.017029317089222673 -0.026643370723984341 -0.021154350922937853 0.0094161434104843671 -0.0088928119244506814 0.00014474705865488862 0.0090262411651218198 0.013123946094308919 0.0062915094149452889 -0.037742383567700884 0.0052923290996973807 -0.0031441957339098958 -0.013075020696991282 0.029896631752731304 0.015472198074083897 -0.033017293761489083 -0.014060127340097957 -0.01019393945068358
leaf_weight=186.70200717449188 663.18344070017338 809.08363617956638 627.03681826591492 1490.6902343183756 1238.477538049221 593.63503107428551 404.07374392449856 1629.0436465218663 1405.0992344617844 1226.2072116583586 1950.6142831295729 1870.0445015281439 2501.085315912962 1373.4995418190956 499.09587131440639 1170.351194486022 920.49514351040125 1137.1137799918652 1147.4896232485771 649.35210521519184 1801.1234998106956 923.10029292851686 1513.1218138337135 585.83802534639835 734.85440677404404 437.1018278002739 1246.1773814558983 227.05055803060532 473.31401988118887 876.84979609400034
leaf_count=1643 4789 8110 4503 9502 7245 3882 3602 13320 10156 7773 13451 14415 14908 12072 3967 8475 6698 8269 7664 4013 11983 9555 9738 3991 5303 2508 7329 2199 3688 6968
internal_value=5.16463e-05 -0.0140848 0.00595938 0.00905964 0.0121573 -0.00303286 -0.00385904 -0.0252622 0.00576073 0.0158382 0.000128484 -0.00990619 0.0126912 -0.0207017 -0.00880343 0.00335264 -0.00394319 0.00488865 0.00385857 0.00630577 0.00959291 -0.0331673 0.00873041 0.00255206 -0.00835692 0.0214825 0.0200023 -0.0229257 -0.00639972 -0.0143974
internal_weight=32310.9 9523.18 22787.7 17319.1 12859.1 4788.45 5468.65 4734.73 4696.91 8162.17 4460 2974.48 5240.41 3002.54 2959.62 2494.17 1583.68 2307.46 3098.1 1828.83 3291.81 1732.18 2739.33 1179.47 1361.89 2921.76 2484.65 631.124 2343.36 1375.95
internal_count=231719 77365 154354 112063 81142 34308 42291 43057 31641 49501 30921 23904 32419 25392 22422 18387 11487 16744 21115 11886 21485 17665 17511 7873 9806 17082 14574 5801 18103 10935
cat_boundaries=0 1 2 3 4 5
cat_threshold=1846295 14913313 5842461 11491088 11732304
is_linear=0
shrinkage=0.04


Tree=16
num_leaves=31
num_cat=0
split_feature=30 30 6 30 7 30 25 14 30 9 16 19 9 31 14 26 7 14 3 4 24 17 17 25 9 30 25 17 9 16
split_gain=1096.31 438.156 142.516 135.042 66.0582 49.573 45.5935 35.6291 22.9386 22.668 20.7594 18.8702 19.703 18.3708 18.1769 18.0289 22.3835 17.4148 16.7349 16.2335 16.0376 16.0347 14.1961 14.0226 14.0145 13.6747 13.5465 13.2993 16.9158 14.0515
threshold=-0.23166666666666599 -1.8600000000000003 0.0083333333333333055 0.66550000000000031 5.5000000000000009 -0.97000000000000031 -5.184499999999999 4.9500000000000011 -1.1116666666666664 8.9316666666666684 0.41428571428571431 0.90000000000000013 6.8216666666666645 3.5000000000000004 2.3875000000000006 3.5000000000000004 2.5000000000000004 3.3875000000000006 0.37530487804878054 1500.0000000000002 41.105000000000011 0.16679894179894186 -0.066666666666666666 14.315833333333336 -3.6349999999999993 0.050000000000000051 8.6908333333333321 -0.083333333333333273 8.1836666666666691 0.21111111111111114
decision_type=2 2 2 2 2 2 2 8 2 2 8 8 2 2 8 2 2 8 10 2 2 10 8 2 2 2 2 10 2 10
left_child=1 7 6 4 9 23 8 -1 24 13 19 12 18 -2 20 16 -7 25 -5 -6 -10 -18 -15 -4 -3 -11 -24 -8 29 -29
right_child=3 2 5 11 10 15 27 -9 14 17 -12 -13 -14 22 -16 -17 21 -19 -20 -21 -22 -23 26 -25 -26 -27 -28 28 -30 -31
leaf_value=-0.024150416644561912 0.0041873331707317227 -0.020523104260890507 -0.019704411225472222 0.0074052184630945782 0.018854780461993136 0.077795157026049527 -0.0020753124853243447 -0.039159933436376311 0.011335183929188286 0.0034776672740880238 0.0018519402253465483 0.016564885154044917 0.012698340091129917 -0.0037328378663324443 -0.0046502416467438749 -0.0121659897351814 -0.0072382357253757473 0.0031433320925649071 0.021551590641568058 -0.0092406399887635347 0.08013338707761293 0.017287498427803492 0.00047126663478619119 0.018643898533075152 -0.0087735290514609418 0.016463569494680405 0.0085871690633214058 0.013745207421945823 0.015175784991615888 0.00023262981756219498
leaf_weight=387.63166388869286 6217.6102663874626 222.04640915244818 1297.9335967302322 7548.7329572290182 33.989296957850456 5.0968596041202536 1035.8677967339754 728.78097545355558 40.997057169675827 175.49176067113876 456.31191267818213 485.09105382859707 1478.4091683775187 935.3327299579978 2142.5683280602098 2134.7348715290427 1034.8482976853848 486.10923217236996 136.21304498612881 1031.4727020189166 6.2474534511566153 44.485235139727592 1467.1106301620603 15.437984511256216 604.91906932741404 497.73795290291309 424.20326098054647 142.75681368261576 186.44468875974417 895.63827365636826
leaf_count=3890 42220 1927 11672 47753 245 38 7823 8074 297 1220 3239 3067 9352 6695 16196 17063 8094 3329 844 7480 46 342 10331 136 5220 3319 2961 1056 1358 6551
internal_value=0.000102589 -0.0102042 -0.00750207 0.00537151 0.00248736 -0.0127044 -0.00303406 -0.0339485 -0.00625252 0.00364682 -0.00528695 0.0088765 0.00846949 0.00297182 -0.00410908 -0.0100324 -0.00583249 0.00891271 0.00765596 -0.00834437 0.0204328 -0.0062274 0.000298113 -0.0192536 -0.0119284 0.0130785 0.00229158 0.00126079 0.00408218 0.00209032
internal_weight=32300.3 10926.4 9810.02 21373.8 11725.4 4532.54 5277.49 1116.41 3016.78 10203.6 1521.77 9648.45 9163.36 9044.26 2189.81 3219.17 1084.43 1159.34 7684.95 1065.46 47.2445 1079.33 2826.65 1313.37 826.965 673.23 1891.31 2260.71 1224.84 1038.4
internal_count=231838 89783 77819 142055 81039 37345 40474 11964 23686 70075 10964 61016 57949 62207 16539 25537 8474 7868 48597 7725 343 8436 19987 11808 7147 4539 13292 16788 8965 7607
is_linear=0
shrinkage=0.04


Tree=17
num_leaves=31
num_cat=4
split_feature=1 31 31 1 1 1 31 23 31 14 31 1 29 14 1 22 32 1 16 31 17 1 6 17 22 25 22 8 22 15
split_gain=1517.46 665.644 307.287 296.06 164.085 142.981 126.408 103.969 100.776 93.3312 83.303 79.5614 55.3848 44.9956 43.5835 37.8034 33.4697 33.0106 32.3648 31.4079 29.9282 26.3635 25.6621 24.0937 23.6257 22.6896 22.1114 21.9101 21.873 21.7301
threshold=4.5000000000000009 3.5000000000000004 4.5000000000000009 1.5000000000000002 3.5000000000000004 3.5000000000000004 1.5000000000000002 36.465000000000011 3.5000000000000004 4.6833333333333345 2.5000000000000004 5.5000000000000009 3.6450000000000005 4.4142857142857155 5.5000000000000009 0 4.9450000000000012 5.5000000000000009 0.5634920634920636 1.5000000000000002 0.29917328042328045 2.5000000000000004 -0.028166666666666892 -0.2425925925925925 1 12.855833333333337 2 32.010000000000012 3 0.22645833333333337
decision_type=2 2 2 2 2 2 2 2 2 10 2 2 2 10 2 1 2 2 8 2 8 2 2 10 1 2 1 2 1 10
left_child=2 6 3 7 8 12 17 -1 15 11 -6 -3 -4 27 -8 25 26 28 22 -9 -19 29 -17 -23 -22 -5 -10 -7 -2 -14
right_child=1 9 5 4 10 13 14 19 16 -11 -12 -13 21 -15 -16 18 -18 20 -20 -21 24 23 -24 -25 -26 -27 -28 -29 -30 -31
leaf_value=0.0075863664261849621 0.01874971839810342 -0.016206396157914787 -0.0092970284829878222 0.010481139748278806 0.010201637189457971 -0.015254885892416841 -0.0035331277442303133 -0.0098758850220475331 0.0090957083257234856 -0.036195371610176739 -0.0016031930906904945 -0.027962154121789082 0.0068724722433535891 -0.02509089601914332 -0.013129442092971448 0.023874388694374603 0.011908196965907974 -0.004201992778153041 0.026094685917751947 -0.0014072062237378113 0.024055416559782376 -0.01535002099551468 0.015359158130832298 0.00098052234915765434 -0.00096602852732635192 0.018046037355906114 -0.0025837540178335928 -0.0043388390186024561 0.0053857779753336893 -0.012749084269667659
leaf_weight=1591.2542705461383 350.41583713889122 1996.4984767660499 646.47521918267012 1842.8714865967631 1977.6477597355843 510.73713534325361 1637.6158960983157 1266.1326028257608 408.83579731732607 868.91622669249773 1852.2479177564383 1710.1448769420385 2163.2303795367479 359.57986085861921 1408.5643270164728 751.43064802885056 1048.5671568661928 657.71031654626131 898.70858246833086 1568.9903431087732 117.86114873737097 165.0707260966301 2297.9856218695641 1162.860628336668 121.58798407763243 967.35769218206406 674.64905451238155 693.88145809620619 491.79853396117687 94.239538371562958
leaf_count=10665 2247 17334 5378 11137 12232 4179 11728 9140 2750 9515 13279 15936 15408 3379 11080 4415 6798 4472 5180 10810 745 1275 13794 8491 778 5637 4576 5629 3174 685
internal_value=8.4462e-05 -0.0134878 0.00562221 0.00831366 0.0114142 -0.00233998 -0.00305803 -0.000596478 0.014396 -0.0243962 0.00449248 -0.0216302 0.00147957 -0.0126736 -0.0079705 0.016788 0.00681371 0.00554522 0.0193745 -0.00518922 0.000206141 0.00342267 0.0174575 -0.00104947 0.0123142 0.0130388 0.00188341 -0.00896705 0.0112326 0.00605336
internal_weight=32303.9 9361.11 22942.8 17146.7 12720.3 5796.07 4785.55 4426.38 8890.41 4575.56 3829.9 3706.64 4231.88 1564.2 3046.18 6758.35 2132.05 1739.37 3948.12 2835.12 897.159 3585.4 3049.42 1327.93 239.449 2810.23 1083.48 1204.62 842.214 2257.47
internal_count=231846 77009 154837 110413 79798 44424 34224 30615 54287 42785 25511 33270 31237 13187 22808 40163 14124 11416 23389 19950 5995 25859 18209 9766 1523 16774 7326 9808 5421 16093
cat_boundaries=0 1 2 3 4
cat_threshold=4235455 10533230 10642336 5908675
is_linear=0
shrinkage=0.04


Tree=18
num_leaves=31
num_cat=4
split_feature=1 30 30 30 1 30 23 1 1 30 30 1 30 29 30 1 13 1 6 22 6 13 11 17 22 7 1 22 22 29
split_gain=1392.57 655.818 313.414 188.354 177.175 283.722 115.097 109.448 92.6129 75.591 71.9494 55.6276 52.7333 42.7817 42.2563 41.9563 41.2418 39.4521 31.7384 29.7428 28.5532 28.1325 27.759 26.3315 26.3238 26.0717 25.9812 25.6054 24.9761 24.4258
threshold=4.5000000000000009 -0.14449999999999982 -0.97000000000000031 1.0283333333333338 1.5000000000000002 0.070000000000000742 39.085000000000008 3.5000000000000004 2.5000000000000004 -1.0283333333333329 -1.8600000000000003 5.5000000000000009 1.0116666666666672 4.8450000000000006 1.9300000000000002 1.5000000000000002 1.5000000000000002 5.5000000000000009 0.0016666666666664833 0 -0.03666666666666573 11.500000000000002 32.500000000000007 -0.033333333333333305 1 1.5000000000000002 3.5000000000000004 2 3 2.0150000000000001
decision_type=2 2 2 2 2 2 2 2 2 2 2 2 2 2 2 2 2 2 2 1 2 2 2 10 1 2 2 1 1 2
left_child=2 9 10 11 6 7 22 13 -7 29 -1 28 26 16 -5 -12 -6 -11 -17 -9 -18 24 -4 -15 -14 -8 -10 -24 -3 -2
right_child=1 3 4 14 5 8 25 19 12 17 15 -13 21 23 -16 18 20 -19 -20 -21 -22 -23 27 -25 -26 -27 -28 -29 -30 -31
leaf_value=-0.025535155240080955 -0.039938361861237108 0.00087238219086884828 -0.0011206464673498091 0.0040885365088238835 0.015201548540701919 0.018563437443492429 -0.011245183678059196 -0.012847446494138656 0.010645416366256001 -0.016445051630622286 0.0065903815256109343 -0.014311750558797716 0.0077814046706401428 0.0053067193669953504 0.020100764277745955 -0.0025526458841664081 0.010621101787094673 -0.026635236868621109 -0.014226670836278097 -0.0021481137531556317 -0.0029528618176952073 0.04319339987628288 0.0034727050679138872 0.013971368450383253 0.017910644981991835 -0.0027286504692837503 0.0041639286347607612 0.012737635772662712 -0.0082259262500647811 -0.028992465599870676
leaf_weight=355.15467429161072 481.5118979588151 834.2853506654501 610.19688482582569 1335.9951636344194 306.61659785360098 3411.0687891989946 871.0106483399868 624.85779908299446 2122.2011827677488 1329.5751721560955 350.05902542173862 1687.4036493971944 665.87020342051983 1130.3244704902172 328.54764658212662 697.2638857960701 297.7649047523737 1119.9331595748663 800.29489716887474 1244.4829768240452 1482.0517460182309 57.016550183296204 891.83797055482864 1114.4651163965464 1356.6837859451771 1693.0343806743622 1854.0153391361237 1084.7596235573292 1143.2380483001471 1011.1812005415559
leaf_count=3608 5819 6094 4202 8663 2097 19634 6243 4786 12888 11364 2654 13721 3874 7615 1968 5554 2007 10417 6838 9508 10477 329 6002 7182 7860 11956 12264 7268 8457 10577
internal_value=3.01564e-05 -0.0130586 0.00530164 -0.00390907 0.00681981 0.00893563 0.000384069 0.0022845 0.013292 -0.0254279 -0.00904647 -0.00897688 0.0103227 0.0057758 0.00724903 -0.00587696 0.00165227 -0.0211041 -0.00879124 -0.00580476 -0.000681926 0.015484 0.00633705 0.00960844 0.0147029 -0.00562173 0.00762325 0.00863932 -0.00442468 -0.0325234
internal_weight=32292.7 9271.67 23021 5329.47 20818.3 15667.4 5150.84 6200.56 9466.86 3942.2 2202.77 3664.93 6055.79 4331.22 1664.54 1847.62 2086.43 2449.51 1497.56 1869.34 1779.82 2079.57 2586.79 2244.79 2022.55 2564.05 3976.22 1976.6 1977.52 1492.69
internal_count=231926 77080 154846 38903 136192 100521 35671 43672 56849 38177 18654 28272 37215 29378 10631 15046 14581 21781 12392 14294 12484 12063 17472 14797 11734 18199 25152 13270 14551 16396
cat_boundaries=0 1 2 3 4
cat_threshold=10647040 2626105 3568018 1846302
is_linear=0
shrinkage=0.04


Tree=19
num_leaves=31
num_cat=7
split_feature=1 30 30 1 31 30 1 31 30 30 1 1 16 1 22 23 22 24 25 7 1 30 11 22 29 22 33 22 22 7
split_gain=1290.32 645.785 287.074 188.39 188.305 143.781 128.613 103.419 92.786 82.863 66.1977 53.4042 51.5644 45.2457 40.4743 38.1282 32.1124 31.8855 29.3995 29.2674 27.2015 26.9635 26.9051 26.3512 26.0669 23.1056 22.3816 26.942 22.1818 21.0361
threshold=4.5000000000000009 0.30999999999999989 -0.73166666666666613 1.5000000000000002 2.5000000000000004 -0.95333333333333325 3.5000000000000004 1.5000000000000002 -1.6533333333333329 0.94833333333333358 5.5000000000000009 3.5000000000000004 0.43650793650793657 3.5000000000000004 0 39.085000000000008 1 37.845000000000006 -0.65499999999999925 5.5000000000000009 5.5000000000000009 1.583666666666667 36.500000000000007 2 1.7950000000000002 3 4 5 6 3.5000000000000004
decision_type=2 2 2 2 2 2 2 2 2 2 2 2 8 2 1 2 1 2 2 2 2 2 2 1 2 1 1 1 1 2
left_child=2 5 8 7 13 24 12 -4 18 20 16 19 14 23 -6 22 -7 -8 -1 -10 25 -11 -9 -5 -2 -3 27 -24 -15 -18
right_child=1 9 3 4 6 10 17 15 11 21 -12 -13 -14 28 -16 -17 29 -19 -20 -21 -22 -23 26 -25 -26 -27 -28 -29 -30 -31
leaf_value=-0.02366948319907386 -0.040189159537045896 0.0045504967882759604 -0.00928660273152449 0.012217954906533823 0.0013947706349951023 -0.0053626768184311061 -0.0059402623642216303 0.00082406281892250714 0.0021366426939996817 0.0023727885177339085 -0.022994822369706704 -0.012121904213924391 0.014648799934858519 0.0043482446711983324 0.009348257336634927 -0.0015586051559095268 -0.010930682318083697 0.0038526409832522301 0.020496133541180267 -0.011823891623382989 -0.011124316078861288 0.01226160743255976 -0.01470273774062579 0.01887306567293438 -0.02851729315172714 -0.0074808077507732933 0.014059957912349626 0.0076552393275932801 0.012974842056331067 -0.020693101741618515
leaf_weight=483.2791215851903 416.22603683918715 512.00958550721407 1352.5552000403404 1714.3945599496365 1756.6004223674536 715.38389702141285 1595.2041343227029 754.25184640288353 1842.0553482100368 1161.0044279843569 1773.7423930093646 747.18828585743904 1530.0356713533401 892.37268856167793 2491.4309766888618 1362.4327449053526 664.5330535620451 798.13976839929819 25.381739221513271 276.31066111475229 840.43312718719244 711.55768136680126 95.980331584811211 2832.8470495790243 1157.5847503095865 491.01439637690783 886.53032298386097 468.79364810883999 1108.8264384567738 753.71350371092558
leaf_count=4816 5209 3554 9823 9832 11509 5888 11769 5164 13798 7701 16288 6402 9459 5475 16219 9497 5404 5731 235 2223 6548 4305 635 16083 12384 3483 5840 3079 6759 6382
internal_value=-4.77427e-06 -0.0126689 0.00505612 0.00690781 0.00917281 -0.0213962 0.00512277 0.000132032 -0.00572202 0.000203935 -0.0172846 -0.00292739 0.00835248 0.0142266 0.00608471 0.00370245 -0.0125375 -0.00267449 -0.0214657 0.00031569 -0.00581616 0.00613046 0.00695235 0.0164323 -0.0316042 -0.00136845 0.0101373 0.00366593 0.00921464 -0.016006
internal_weight=32211.8 9197.2 23014.6 19640.4 14719.9 5481.18 8171.41 4920.54 3374.22 3716.02 3907.37 2865.55 5778.07 6548.44 4248.03 3567.99 2133.63 2393.34 508.661 2118.37 1843.46 1872.56 2205.56 4547.24 1573.81 1003.02 1451.3 564.774 2001.2 1418.25
internal_count=231494 77146 154348 126874 92836 51555 54687 34038 27474 25591 33962 22423 37187 38149 27728 24215 17674 17500 5051 16021 13585 12006 14718 25915 17593 7037 9554 3714 12234 11786
cat_boundaries=0 1 2 3 4 5 6 7
cat_threshold=1616923 1835039 57407 3685527 56 266258 7275289
is_linear=0
shrinkage=0.04


Tree=20
num_leaves=31
num_cat=3
split_feature=1 30 30 30 30 1 1 1 30 31 1 1 14 30 1 13 1 21 6 30 6 20 30 6 21 15 22 22 7 22
split_gain=1296.5 619.556 257.481 135.976 114.843 292.931 121.897 90.7488 79.6753 72.4521 68.0547 49.7304 42.9405 37.2608 33.9236 33.7802 33.0568 32.9858 30.3978 29.8738 28.5229 26.2471 26.2355 28.5626 25.4696 25.3143 24.3505 24.2442 23.7192 23.4338
threshold=4.5000000000000009 0.32000000000000078 -1.1349999999999993 -0.86666666666666636 -0.008333333333333524 1.5000000000000002 3.5000000000000004 3.5000000000000004 1.2850000000000006 1.5000000000000002 5.5000000000000009 1.5000000000000002 4.3875000000000011 1.5536666666666668 2.5000000000000004 10.500000000000002 5.5000000000000009 0.29166666666666669 0.016666666666666167 -2.5758333333333323 -0.028333333333333762 0.21111111111111114 0.84666666666666746 0.010000000000000233 1.0000000180025095e-35 0.15267857142857147 0 1 2.5000000000000004 2
decision_type=2 2 2 2 2 2 2 2 2 2 2 2 8 2 2 2 2 10 2 2 2 10 2 2 10 10 1 1 2 1
left_child=2 3 11 19 6 9 14 15 16 20 -5 -1 28 -9 29 22 -3 18 27 -2 -6 -11 23 -7 -22 -8 -17 -16 -13 -4
right_child=1 8 4 10 5 7 25 13 -10 21 -12 12 -14 -15 17 26 -18 -19 -20 -21 24 -23 -24 -25 -26 -27 -28 -29 -30 -31
leaf_value=0.0053072571487320867 -0.039985040856910174 0.00033686640133834175 0.0029970886012277748 -0.011971693950101817 -0.015138352042846736 0.01394098755076644 -7.1071468580736805e-05 0.0045170314704454321 0.0086953311085190537 0.0061055549234131905 -0.022812442631203446 0.0029738479725513836 -0.021921394771531509 0.017511418552363656 0.01142257250069653 0.012295301050023003 -0.0089374733391752864 0.013115993879609732 -0.0072164844056260792 -0.027558647167492407 0.0075821534102058358 -0.0029424931461476621 0.016392567939858289 0.0064387416926292183 -0.0083138750808132156 -0.0099748036116691155 0.025567274561235434 -0.0010339274325120293 -0.01242759934452644 0.0097918171842744876
leaf_weight=264.08443782478571 407.07546897977591 1334.9492283463478 1246.2638090923429 2042.7789326310158 587.67838573455811 2102.3041125535965 630.31965503841639 2624.3070724159479 1180.1325738132 1564.4429426789284 1695.5844914838672 241.92769934982061 571.57966151088476 407.95549353957176 376.17514949291945 425.30824230611324 1140.0584760531783 318.0414883941412 721.72332786768675 1291.9463913142681 233.8184767216444 763.22601488232613 2566.148156479001 1322.893598780036 519.80480702221394 1197.3815100044012 700.01498548686504 710.64913254231215 472.39749849587679 2495.8371507376432
leaf_count=2120 5236 9199 8519 16975 4355 12387 4866 16952 7262 10454 15782 2010 5495 2340 2545 2446 8679 2121 5285 13955 1683 5216 14318 8078 3763 9425 3976 4824 4176 16965
internal_value=0.000199763 -0.0125922 0.00524269 -0.021153 0.00637708 0.00855816 0.00246122 0.0120599 0.00014284 -0.00112817 -0.0168887 -0.010503 -0.01375 0.00626527 0.00527051 0.0145289 -0.00393516 0.00123632 -0.000852778 -0.0305359 -0.00853293 0.00313876 0.0133345 0.0110434 -0.00338199 -0.0065593 0.0208877 0.00337314 -0.00721144 0.00756309
internal_weight=32156.8 9092.53 23064.3 5437.39 21514.3 13817.9 7696.39 10148.9 3655.14 3668.97 3738.36 1549.99 1285.9 3032.26 5868.69 7116.67 2475.01 2126.59 1808.55 1699.02 1341.3 2327.67 5991.35 3425.2 753.623 1827.7 1125.32 1086.82 714.325 3742.1
internal_count=231407 77088 154319 51948 140518 85968 54550 60497 25140 25471 32757 13801 11681 19292 40259 41205 17878 14775 12654 19191 9801 15670 34783 20465 5446 14291 6422 7369 6186 25484
cat_boundaries=0 1 2 3
cat_threshold=190990 11993408 1900634
is_linear=0
shrinkage=0.04


Tree=21
num_leaves=31
num_cat=4
split_feature=1 30 30 1 30 30 1 30 23 1 1 1 25 9 17 7 7 6 7 6 22 25 22 22 18 1 11 3 22 10
split_gain=1116.09 550.187 240.316 164.285 148.087 137.45 94.0357 90.8604 81.7232 81.4198 58.2387 45.3394 40.1065 37.1224 33.4542 32.9451 30.7104 29.6873 28.7892 28.7215 36.1924 27.3253 27.2391 25.9927 24.3899 23.4887 23.3442 22.402 22.3174 26.4792
threshold=4.5000000000000009 1.0000000180025095e-35 -0.73166666666666613 1.5000000000000002 0.24000000000000069 0.94833333333333358 3.5000000000000004 -1.8600000000000003 36.465000000000011 3.5000000000000004 5.5000000000000009 5.5000000000000009 8.6908333333333321 -8.3749999999999964 0.14999999999999999 4.5000000000000009 1.5000000000000002 0.0049999999999994502 4.5000000000000009 -0.021666666666666053 0 -7.5808333333333335 1 2 4.5000000000000009 2.5000000000000004 36.500000000000007 0.19153907337442835 3 1.5000000000000002
decision_type=2 2 2 2 2 2 2 2 2 2 2 2 2 2 8 2 2 2 2 2 1 2 1 1 8 2 2 10 1 2
left_child=2 7 9 8 6 11 13 -2 26 15 17 -3 25 -5 -7 22 -10 -9 -8 20 -15 -11 24 -14 -1 -6 -4 28 -13 -30
right_child=1 5 3 4 12 14 18 10 16 21 -12 27 23 19 -16 -17 -18 -19 -20 -21 -22 -23 -24 -25 -26 -27 -28 -29 29 -31
leaf_value=0.015596674050942843 -0.036264676835779351 -0.0035857364424145646 0.00029513695039504477 -0.0030570978689680164 0.013085794590874476 -0.00063326234340502924 -4.9658795351941721e-05 -0.0097646484596878719 -0.010030319923771942 -0.019917459955619478 -0.0254970812178213 -0.020833865690477765 0.010363466789710968 0.004853158197922397 0.010208245447468312 -0.0087933294997323171 -0.0013649108362337524 -0.0196607858049191 -0.010407407434861527 0.0061471523699010268 0.019213323651875686 -0.0052888856304443713 -0.0023550034747462111 0.017024836232130077 0.00012739611631202463 0.0066292294647303856 0.0094218869358666298 0.010387178260885584 0.0067701470886413189 -0.013435852506550758
leaf_weight=334.62137886881828 643.15552847087383 1581.4406807497144 686.48324462771416 518.72684526443481 1426.6719657480717 770.23865842819214 1312.2236576005816 866.64668992161751 981.60868166387081 640.76899766921997 1647.1328842863441 555.69990541785955 1643.2968298494816 499.18856665492058 1114.1081300675869 687.42111174762249 1962.9564807265997 1101.4464550614357 638.16207758337259 2915.1072956770658 709.38933478295803 299.93954526633024 1078.7511581256986 2741.4593421071768 318.10095567256212 2449.1580525636673 1292.9169443398714 59.006189718842506 128.01495923101902 547.85689151287079
leaf_count=2465 8283 11612 4682 3412 7994 5018 9669 7702 7087 6089 16543 4635 9441 3149 6995 5678 13836 10269 4958 19230 4434 2590 8252 15631 2493 14883 8441 492 1054 4552
internal_value=-2.88524e-05 -0.0119683 0.00462306 0.00630325 0.00840228 -0.00261804 0.00393157 -0.022412 -2.8592e-05 -0.0052679 -0.0199475 -0.00812588 0.0119704 0.00702799 0.00577671 -0.00138461 -0.00425364 -0.015303 -0.00343869 0.00829662 0.0134812 -0.0152532 0.00155676 0.0145908 0.00793621 0.00900586 0.0062566 -0.0136893 -0.0148428 -0.0094686
internal_weight=32151.7 9014.75 23137 19777.3 14853.4 4756.37 6592.8 4258.38 4923.97 3359.6 3615.23 2872.02 8260.59 4642.41 1884.35 2418.89 2944.57 1968.09 1950.39 4123.69 1208.58 940.709 1731.47 4384.76 652.722 3875.83 1979.4 1290.58 1231.57 675.872
internal_count=231569 77155 154414 126847 92801 34358 44852 42797 34046 27567 34514 22345 47949 30225 12013 18888 20923 17971 14627 26813 7583 8679 13210 25072 4958 22877 13123 10733 10241 5606
cat_boundaries=0 1 2 3 4
cat_threshold=6333479 10718273 558143 10950448
is_linear=0
shrinkage=0.04


Tree=22
num_leaves=31
num_cat=6
split_feature=1 31 30 1 30 1 1 30 30 31 1 25 14 14 1 6 22 30 18 9 22 30 25 22 22 32 30 22 22 1
split_gain=1020.99 576.634 217.215 175.179 114.017 112.582 102.903 99.3719 91.1573 64.6822 46.2639 45.4582 39.9426 36.761 36.4466 34.0768 33.2681 29.7526 27.4693 26.0672 27.922 23.7124 23.3141 22.868 21.9159 21.8663 21.2555 21.1822 20.9733 20.8021
threshold=4.5000000000000009 3.5000000000000004 -0.42999999999999922 1.5000000000000002 0.94833333333333358 3.5000000000000004 2.5000000000000004 0.51333333333333309 -0.90083333333333282 2.5000000000000004 5.5000000000000009 -5.184499999999999 4.4142857142857155 4.0500000000000007 5.5000000000000009 -0.029999999999999801 0 -2.5758333333333323 3.5000000000000004 8.9316666666666684 1 1.8800000000000006 -9.1425000000000001 2 3 5.4250000000000007 1.2850000000000006 4 5 5.5000000000000009
decision_type=2 2 2 2 2 2 2 2 2 2 2 2 10 10 2 2 1 2 10 2 1 2 2 1 1 2 2 1 1 2
left_child=2 4 5 9 14 11 16 19 17 15 -10 13 22 28 -2 -4 18 -3 -5 20 -8 -6 -7 -17 -16 -22 -9 -11 -1 -19
right_child=1 8 3 6 21 12 7 26 10 27 -12 -13 -14 -15 24 23 -18 29 -20 -21 25 -23 -24 -25 -26 -27 -28 -29 -30 -31
leaf_value=0.0089111843062197067 -0.0028929697964968459 -0.03967692105505824 -0.01020450192945239 0.01232364587691309 0.0034334349584910625 -0.014658360417869488 -0.003264418422621442 0.0085763431204329225 -0.013086891019357377 0.011032128778886386 -0.023715353599880605 0.0062436918082310298 -0.02418775177187435 -0.0080331500950152675 -0.017778602708795038 -0.0062480444094739837 0.016301628534694537 -0.021636612815832037 0.0018666708295371091 0.010782853691167871 4.4991050369764793e-05 0.014659236155237343 -0.0028278604291290289 0.0036612488577581763 -0.0069721840585250019 0.0075581747557769306 0.01466361712730814 0.0021422217742618167 -0.0016367218641709477 -0.032268612762533178
leaf_weight=437.38509032875299 1563.2305209934711 381.99429035931826 1026.9735475927591 1426.8699938356876 1505.2943700551987 516.17275361716747 1519.9255549460649 2618.6094644218683 1479.5211209356785 635.74784454703331 1176.2062466591597 1505.5368567556143 346.07880286127329 1096.4010226354003 575.23316828906536 658.80521120131016 2815.7441512346268 602.6684367582202 559.55559930205345 488.5693346709013 1304.4240065515041 376.33370412886143 551.05405961722136 831.93673422932625 718.05034162849188 1180.8913562595844 1413.0513093173504 1325.9994899332523 921.19822818785906 575.70946172624826
leaf_count=3223 11505 5236 7401 8132 9761 4570 10202 15372 12859 4235 11570 10828 3477 8786 4885 4628 16198 6639 3413 3212 8856 2199 4591 5799 6018 7754 7908 8936 6845 6710
internal_value=-6.99751e-05 -0.0115418 0.00436131 0.00648839 -0.0019666 -0.00268714 0.00878846 0.00615056 -0.0223026 -0.000354944 -0.0177942 0.000771407 -0.0123791 -0.00258451 -0.00700263 -0.00459779 0.0134716 -0.0299758 0.00933105 0.00206015 0.000996133 0.00567864 -0.00854978 -0.000735328 -0.0119701 0.00360037 0.0107099 0.00509035 0.00181264 -0.026831
internal_weight=32135.2 8954.24 23180.9 17807.1 4738.14 5373.83 13327.6 8525.47 4216.1 4479.46 2655.73 3960.52 1413.31 2454.98 2856.51 2517.72 4802.17 1560.37 1986.43 4493.81 4005.24 1881.63 1067.23 1490.74 1293.28 2485.32 4031.66 1961.75 1358.58 1178.38
internal_count=231748 77382 154366 112046 34368 42320 81047 53304 43014 30999 24429 29682 12638 18854 22408 17828 27743 18585 11545 30024 26812 11960 9161 10427 10903 16610 23280 13171 10068 13349
cat_boundaries=0 1 2 3 4 5 6
cat_threshold=5286094 5794819 11843968 11736432 6324781 15008040
is_linear=0
shrinkage=0.04


Tree=23
num_leaves=31
num_cat=8
split_feature=30 30 30 6 6 30 14 7 18 6 15 9 22 9 7 22 19 6 17 22 25 22 22 10 22 22 22 31 17 14
split_gain=690.666 217.918 185.044 83.4879 54.847 41.6152 35.357 29.7378 29.232 26.7087 23.2318 21.6693 20.4944 20.9195 20.5586 19.1961 19.012 18.9766 18.3364 18.1361 16.8996 16.5573 16.3973 16.3869 15.9282 15.5789 15.0999 14.9517 14.5094 14.1154
threshold=-0.7599999999999999 -1.8600000000000003 0.080000000000000307 0.016666666666666167 -0.00083333333333346349 0.66550000000000031 4.9500000000000011 4.5000000000000009 3.5000000000000004 -0.048333333333332444 0.23050000000000001 6.1616666666666715 0 4.5400000000000018 4.5000000000000009 1 0.90000000000000013 0.055000000000000167 0.016798941798941844 2 -9.7436666666666643 3 4 1.5000000000000002 5 6 7 3.5000000000000004 -0.17043650793650789 2.3166666666666669
decision_type=2 2 2 2 2 2 8 2 8 2 10 2 1 2 2 1 8 2 10 1 2 1 1 2 1 1 1 2 10 10
left_child=1 6 3 9 10 7 -1 23 12 19 18 -11 13 14 29 -9 21 27 20 28 22 -7 -3 25 -25 -4 -18 -6 -2 -5
right_child=2 4 5 8 17 16 -8 15 -10 11 -12 -13 -14 -15 -16 -17 26 -19 -20 -21 -22 -23 -24 24 -26 -27 -28 -29 -30 -31
leaf_value=-0.020907742091571608 -0.0065643072289625617 -0.01517411554998032 0.014601399594663125 0.049120308166007556 0.050061967879607074 0.0041873180614486732 -0.037069526267458609 0.0045057572084962229 -0.0103056219036004 -0.0017137284890842203 -0.024304359833760735 0.0051115695485490975 -0.0076123080187972883 0.013054379558259173 -0.0061374792222563136 -0.0038731203867845942 0.0052562018404173991 -0.020901032381481485 0.0061083531473130268 0.0028152318681537352 -0.00038734024647947557 0.0076507197663114495 -0.0035470663701923778 0.0079101062984365395 0.0019357854386470982 0.0047185185368568156 0.020261185978196816 -0.012157894816843871 0.016994888009786675 0.0065706486054333737
leaf_weight=342.30103702098131 48.161441095173359 369.68055715411901 419.55581468343735 13.543216474354265 6.201394021511077 3807.8581581637263 589.67926082015038 616.20163212716579 1863.7122874706984 3976.2854894250631 90.072289854288101 915.63605704158545 780.83805771917105 189.65593831986189 495.06426552683115 1447.4783708900213 209.63655722141266 481.61844322830439 269.89314667880535 827.85980156064034 639.72877585887909 5612.2617834582925 440.26156956702471 891.60631427168846 3554.0898057296872 716.0288237631321 279.47601327300072 1749.8675072193146 317.966347835958 158.06903174519539
leaf_count=3900 358 3234 2733 98 52 23574 7920 4258 14944 29075 782 6615 6059 1454 3891 10023 1286 4634 2167 5908 5235 34433 3819 5867 23494 4704 1710 16013 2247 1192
internal_value=-1.25245e-06 -0.0136953 0.00251107 -0.00195822 -0.00967981 0.00495187 -0.0311336 0.00273455 -0.00687985 0.000872916 -0.00450188 -0.000436216 -0.00298005 0.00131734 -0.00200185 -0.00136818 0.00666253 -0.0138673 -0.00346461 0.0062366 -0.00524686 0.00626329 -0.00908512 0.00425154 0.00315611 0.00854 0.0143517 -0.0119382 0.0135264 0.00992856
internal_weight=32120.3 4979.3 27141 9586.79 4047.32 17554.2 931.98 7644.96 3500.88 6085.91 1809.64 4891.92 1637.17 856.332 666.677 2063.68 9909.23 2237.69 1719.56 1193.99 1449.67 9420.12 809.942 5581.28 4445.7 1135.58 489.113 1756.07 366.128 171.612
internal_count=231679 47756 183923 71841 35936 112082 11820 51079 27638 44203 15237 35690 12694 6635 5181 14281 61003 20699 14455 8513 12288 58007 7053 36798 29361 7437 2996 16065 2605 1290
cat_boundaries=0 1 2 3 4 5 6 7 8
cat_threshold=3720495 8667459 11733384 11830057 3461661 692736 6414500 4924700
is_linear=0
shrinkage=0.04


Tree=24
num_leaves=31
num_cat=5
split_feature=1 30 30 30 1 31 31 30 1 23 1 1 20 22 1 30 9 6 24 22 22 18 8 10 11 23 22 22 6 5
split_gain=991.529 463.421 202.466 109.325 103.997 160.926 96.9108 69.9067 64.5948 57.2268 54.5397 51.3622 37.9286 36.109 35.0443 34.898 34.6669 31.0396 29.2621 24.8917 24.6245 24.4963 24.4952 23.8826 23.0345 22.7185 24.0007 20.8809 20.3388 20.2669
threshold=4.5000000000000009 -0.14449999999999982 -0.97000000000000031 0.94833333333333358 1.5000000000000002 3.5000000000000004 1.5000000000000002 -1.3583333333333329 3.5000000000000004 4.7900000000000009 3.5000000000000004 5.5000000000000009 0.21111111111111114 0 5.5000000000000009 0.54666666666666719 -1.6683333333333346 -0.0049999999999994485 48.290000000000006 1 2 3.5000000000000004 45.955000000000005 2.5000000000000004 33.500000000000007 31.600000000000005 3 4 -0.028333333333333762 6.7650000000000006
decision_type=2 2 2 2 2 2 2 2 2 2 2 2 10 1 2 2 2 2 2 1 1 10 2 2 2 2 1 1 2 2
left_child=2 7 9 14 6 8 28 -2 13 -1 16 -9 19 18 27 -10 25 -11 -6 29 -18 -15 -12 -16 -21 -7 -27 -3 -4 -8
right_child=1 3 4 -5 5 10 12 11 15 17 22 -13 -14 21 23 -17 20 -19 -20 24 -22 -23 -24 -25 -26 26 -28 -29 -30 -31
leaf_value=-0.028475107867331977 -0.032287990436576174 0.00029871397205113266 -0.014521687173419591 0.0036783970578023162 0.013016032029922431 -0.0038839995462121957 0.0048310917853381288 -0.01442091570801529 -0.00033309938930654257 0.00018927177646883828 -0.0055713528164541212 -0.02557171394793183 -0.0029269058681589484 0.011172764663102274 -0.0060499359226376635 0.0085370244779086092 0.011072241418115414 -0.010022238386040263 0.021610978661021223 -0.0036279288037383843 0.0030447330924395339 0.0035617492470176888 0.012328789987892868 -0.016612846475507276 0.0062106350721211805 -0.0030168757600690932 0.01243120404900119 -0.008280079236395628 -0.0045559823712885894 0.018667984142985088
leaf_weight=191.1340581253171 904.62538123875856 791.58813406527042 576.49391610920429 1892.889908850193 2340.8293432891369 1040.042971149087 294.26615704596043 1473.3128841072321 1155.8994759172201 850.16390098631382 1613.8425125181675 1198.6243991404772 1021.884948849678 2967.2350159883499 528.96708654612303 1838.3584887385368 1271.8955067396164 1082.9621522054076 869.08815167844296 500.34869982302189 1218.6903387084603 876.45822389423847 132.34827572107315 971.4375963807106 1592.8219723105431 286.086818985641 355.33731514960527 1068.5093237757683 759.1373385488987 399.03491185605526
leaf_count=2123 11966 5886 4348 11929 13297 7164 1952 13757 7994 6899 12590 12543 6994 16732 4519 10763 8401 9620 4770 3453 8101 5198 1004 8435 10644 1840 2286 8098 5484 2655
internal_value=-0.000161055 -0.0115711 0.00417521 -0.00401007 0.00535969 0.00695328 0.000413448 -0.0226771 0.0100353 -0.00759575 0.00172073 -0.0194231 0.00366485 0.0121249 -0.00834079 0.00511281 0.00420495 -0.00553135 0.0152955 0.00608225 0.00720091 0.00941277 -0.00421466 -0.0128889 0.00384049 -0.000232654 0.00568785 -0.00467217 -0.00885745 0.0126131
internal_weight=32064.3 8829.95 23234.4 5253.39 21110.1 15966.1 5143.99 3576.56 10047.9 2124.26 5918.24 2671.94 3808.36 7053.61 3360.5 2994.26 4172.05 1933.13 3209.92 2786.47 2490.59 3843.69 1746.19 1500.4 2093.17 1681.47 641.424 1860.1 1335.63 693.301
internal_count=231445 77133 154312 38867 135670 100140 35530 38266 58754 18642 41386 26300 25698 39997 26938 18757 27792 16519 18067 18704 16502 21930 13594 12954 14097 11290 4126 13984 9832 4607
cat_boundaries=0 1 2 3 4 5
cat_threshold=15144768 6292517 16204172 1256812 1588502
is_linear=0
shrinkage=0.04


Tree=25
num_leaves=31
num_cat=5
split_feature=1 31 31 1 1 29 1 31 1 31 13 14 14 18 1 23 6 20 22 17 22 9 6 10 22 6 17 9 22 22
split_gain=873.388 465.755 185.884 158.249 87.2119 80.0635 79.21 70.5769 59.0979 58.6282 45.6592 43.1573 41.4678 37.9693 32.2193 29.5214 27.5961 26.3384 25.3433 24.9457 24.5507 22.4649 22.1323 21.9569 22.7129 20.7171 20.6931 20.5695 21.4416 20.4203
threshold=4.5000000000000009 3.5000000000000004 4.5000000000000009 1.5000000000000002 3.5000000000000004 2.0150000000000001 3.5000000000000004 2.5000000000000004 5.5000000000000009 1.5000000000000002 10.500000000000002 3.5634920634920637 4.0500000000000007 3.5000000000000004 5.5000000000000009 16.140000000000004 0.018333333333333982 0.21111111111111114 0 0.29917328042328045 1 6.4191666666666665 0.021833333333333375 2.5000000000000004 2 0.028333333333332881 0.12705026455026455 2.96166666666667 3 4
decision_type=2 2 2 2 2 2 2 2 2 2 2 8 10 10 2 2 2 10 1 8 1 2 2 2 1 2 10 2 1 1
left_child=2 7 3 9 15 -3 10 14 26 22 13 -8 27 21 -2 -4 20 -11 -9 23 -15 -5 -1 24 -16 -13 -7 28 -6 -12
right_child=1 5 4 6 12 8 11 18 -10 17 29 25 -14 16 19 -17 -18 -19 -20 -21 -22 -23 -24 -25 -26 -27 -28 -29 -30 -31
leaf_value=-0.0098744921267559082 0.004600068516542509 -0.03804478403860536 -0.0062067038721979493 0.00939621888155142 -0.0005256531836473025 -0.015756777075501448 0.006009224654717326 -0.0028637979126637375 -0.024741639904759999 0.0046696374100743086 0.0085046750775095367 0.00037256483033216363 -0.019202751949780644 0.012747991174076118 0.011189450735212008 0.0021429142328960944 -0.0018391570740886082 -0.0034662790000667548 -0.014036761816206746 0.006502239568527658 0.0021737323070510611 0.016038642844198373 0.0049972009774875703 -0.0098082229072128206 -0.0062783260178281572 -0.011204165730134184 -0.001399266498405773 0.0035068339795307165 -0.015874500324385567 0.019416262295686319
leaf_weight=1129.8433481603861 1694.2744496464729 395.64559708535671 847.96888596564531 4617.548958927393 258.5978863760829 1829.2365962490439 2750.6090838983655 540.51648043841124 1635.4330357983708 2196.9017184302211 442.37553927302361 804.82238360494375 577.85580903291702 720.56273797154427 194.5313625857234 3370.6742565482855 754.44691743701696 896.41998127102852 881.41382636129856 330.33856162428856 705.7815133780241 989.16408705711365 186.54866002500057 811.8953068703413 275.54872691631317 357.05722086876631 176.07529515773058 281.27546861767769 346.43241120874882 1072.960104636848
leaf_count=8424 11174 5935 7076 26452 2183 17731 17485 4400 17754 14598 2554 5514 5628 4345 1409 24016 4874 6143 7241 2120 4287 5590 1325 5987 2013 2581 1540 2325 2930 6111
internal_value=-0.000211562 -0.0109755 0.00383623 0.00586459 -0.00245467 -0.0209556 0.00805403 -0.00245634 -0.0190984 -0.000696851 0.0100623 0.00327882 -0.0108659 0.00882618 0.000748292 0.000464598 0.00434777 0.00231191 -0.00990845 -0.00329929 0.00762027 0.0105681 -0.00776699 -0.00582494 0.00105477 -0.00318508 -0.0144961 -0.00543039 -0.00958527 0.0164151
internal_weight=32072.8 8764.91 23307.8 17625 5682.8 4036.39 13215.3 4728.52 3640.74 4409.71 9302.84 3912.49 1464.16 7787.5 3306.59 4218.64 2180.79 3093.32 1421.93 1612.31 1426.34 5606.71 1316.39 1281.98 470.08 1161.88 2005.31 886.306 605.03 1515.34
internal_count=231745 77304 154441 110283 44158 42960 79793 34344 37025 30490 54213 25580 13066 45548 22703 31092 13506 20741 11641 11529 8632 32042 9749 9409 3422 8095 19271 7438 5113 8665
cat_boundaries=0 1 2 3 4 5
cat_threshold=1851453 11983140 1102055 1153242 156174
is_linear=0
shrinkage=0.04


Tree=26
num_leaves=31
num_cat=5
split_feature=1 31 30 30 30 1 31 31 1 1 23 14 6 1 1 30 18 22 23 11 22 30 6 22 1 26 22 22 9 14
split_gain=818.042 459.668 167.751 90.7684 89.5411 78.6528 159.72 80.7407 72.8106 56.3257 40.9141 40.5527 37.2848 34.6849 34.554 32.1789 30.5417 28.5253 27.3173 26.8676 26.0032 25.9956 25.5184 22.9339 22.5631 22.3229 21.5666 21.5477 21.4853 24.487
threshold=4.5000000000000009 3.5000000000000004 -1.1349999999999993 0.94833333333333358 -1.0099999999999993 1.5000000000000002 3.5000000000000004 2.5000000000000004 3.5000000000000004 3.5000000000000004 31.440000000000001 4.3875000000000011 1.0000000180025095e-35 5.5000000000000009 5.5000000000000009 1.2044999999999997 3.5000000000000004 0 4.7900000000000009 32.500000000000007 1 1.9300000000000002 0.03666666666666752 2 5.5000000000000009 3.5000000000000004 3 4 3.7250000000000036 2.2678571428571432
decision_type=2 2 2 2 2 2 2 2 2 2 2 8 2 2 2 2 8 1 2 2 1 2 2 1 2 2 1 1 2 10
left_child=2 3 11 14 24 7 9 12 10 17 16 22 -4 -6 26 -11 27 -7 -13 -9 -14 -5 25 -16 -3 -1 -2 -8 29 -10
right_child=1 4 5 21 13 6 8 19 28 15 -12 18 20 -15 23 -17 -18 -19 -20 -21 -22 -23 -24 -25 -26 -27 -28 -29 -30 -31
leaf_value=0.018324011941917948 0.0038067805556934865 -0.023775586695054956 -0.0079170466795251467 0.0024996952685927103 -0.012488765786608944 0.013702395032032093 -0.00059562915816934402 -0.0019618408897769802 0.020684912987464017 0.0021771523691369644 0.008888015509932427 -0.03102110615919073 0.010922111291527366 -0.021625386755509412 -0.018592925304821421 0.01161180958751213 -0.0024695222675082309 0.0085063296979647381 -0.011977628592767995 0.0073610157621216187 -0.003832779860534854 0.014758345088468121 -0.017766799979232435 -0.0071390520665718018 -0.034477035179093722 -0.0028494213015614524 -0.0060432438830749363 0.010213355608949109 0.0014945862081589217 -0.0090641789297008155
leaf_weight=92.1742153018713 537.94928448647261 602.83274194598198 1757.1079777404666 1552.1870576292276 1524.5137893781066 3576.4342980384827 502.72959881275892 645.09809448570013 45.799973897635937 2230.1376236230135 1664.8637504056096 159.96980065107346 330.86715330183506 1178.8708677962422 465.1297811716795 780.96687239408493 1683.756545111537 3533.0358605831861 488.74183398485184 2119.9909316152334 428.34547606110573 336.84474577009678 159.2485803514719 801.78698618710041 660.76218274235725 587.20996665209532 1015.0873738825321 717.92800085991621 517.64054793119431 1325.0560649707913
leaf_count=755 3902 7620 12622 9952 13812 19894 3376 4464 350 14412 10563 1877 2284 12376 4057 4362 11881 19943 4594 14180 2986 1932 1482 6857 9073 5081 7599 4792 4027 10567
internal_value=-6.27209e-05 -0.0105503 0.00383453 -0.00209963 -0.0205816 0.00471895 0.0060732 0.000467964 0.00115813 0.00920943 0.00388868 -0.00916395 -0.00471649 -0.016473 -0.00664492 0.00462415 0.00102297 0.0111515 -0.0166737 0.00518598 0.00269082 0.00468561 -0.00335492 -0.0115473 -0.0293716 2.32458e-05 -0.00264574 0.00584045 -0.00544852 -0.00807027
internal_weight=32023.1 8675.96 23347.1 4708.99 3966.98 21859.8 16578.3 5281.41 6457.77 10120.6 4569.28 1487.34 2516.32 2703.38 2819.95 3011.1 2904.41 7109.47 648.712 2765.09 759.213 1889.03 838.633 1266.92 1263.59 679.384 1553.04 1220.66 1888.5 1370.86
internal_count=231672 77180 154492 34299 42881 140703 104167 36536 45556 58611 30612 13789 17892 26188 22415 18774 20049 39837 6471 18644 5270 11884 7318 10914 16693 5836 11501 8168 14944 10917
cat_boundaries=0 1 2 3 4 5
cat_threshold=13573952 214623 11736352 1583127 5268822
is_linear=0
shrinkage=0.04


Tree=27
num_leaves=31
num_cat=4
split_feature=1 31 25 1 31 29 29 31 1 1 17 1 22 32 24 1 15 1 9 17 18 22 32 1 10 3 1 22 13 22
split_gain=768.771 409.057 149.101 87.7513 89.9308 79.7723 74.2378 73.353 63.2195 58.8525 54.1061 40.4271 35.4527 30.6379 30.1797 29.0762 27.7487 24.8226 24.5909 22.9626 21.8657 21.7269 23.9146 21.4677 21.3212 20.8184 20.6379 19.6459 19.4746 22.7087
threshold=4.5000000000000009 3.5000000000000004 -7.1933333333333334 1.5000000000000002 2.5000000000000004 2.0150000000000001 3.6450000000000005 1.5000000000000002 5.5000000000000009 2.5000000000000004 0.14999999999999999 3.5000000000000004 0 5.4650000000000007 45.175000000000004 5.5000000000000009 0.22645833333333337 2.5000000000000004 10.248333333333333 0.12705026455026455 3.5000000000000004 1 8.1050000000000022 1.5000000000000002 3.5000000000000004 0.1522290885014346 5.5000000000000009 2 7.5000000000000009 3
decision_type=2 2 2 2 2 2 2 2 2 2 8 2 1 2 2 2 8 2 2 10 8 1 2 2 2 10 2 1 2 1
left_child=2 10 6 7 17 -3 23 -4 19 12 15 16 -6 24 -9 -2 -8 28 25 -7 -13 -19 -23 -1 -11 -17 -12 -15 29 -5
right_child=1 5 3 4 9 8 11 14 -10 13 26 20 -14 27 -16 18 -18 21 -20 -21 -22 22 -24 -25 -26 -27 -28 -29 -30 -31
leaf_value=0.0024634446974788247 -0.0018928527085949472 -0.037434618052317979 -0.0075194283300505692 0.0049684356776129408 0.0015466602470561755 -0.014396894792752191 0.0028179996577486401 0.0065775225257801587 -0.023815117061656444 0.0019584352829306955 0.0077031068270408919 -0.00077771168450275737 0.012178228615816645 0.0089040394067300601 -0.0022560594351180496 -0.013141629389171301 -0.012606821691696593 0.005387238256163677 0.0087698163432209184 0.00078545574501955734 -0.011304718917052757 0.010960862659799077 0.036924103599807558 -0.016217367994852478 -0.0057322920439900442 0.0055640175990353457 -0.0008784435835437872 0.0011141398287926106 0.018815621531216378 0.015959879342327492
leaf_weight=116.70103676617146 1599.2130188420415 366.2888947725296 1208.409421235323 574.55968579649925 714.67607811838388 1790.5503767207265 3941.2991539910436 2216.9632936194539 1567.6533899381757 1230.4469481259584 877.13701795041561 625.75797484070063 1790.5130253434181 1037.2939617782831 858.42724517732859 1104.6681885942817 195.87838590890169 1614.163823492825 103.67174702137709 174.96584805101156 637.14129636436701 2231.0881510525942 58.244942039251328 628.55934853106737 1085.6524679139256 104.17405337840319 917.31589626520872 1047.8897344693542 918.53023366630077 702.5353497415781
leaf_count=993 11462 5829 9025 3092 4481 17774 26461 14789 17702 8769 5696 4566 11096 6919 5886 9084 1388 9241 828 1544 5300 12644 326 6286 7819 851 6414 7032 4824 3754
internal_value=0.000139251 -0.0100854 0.00389392 0.00579611 0.00743159 -0.019666 -0.00145774 0.000830785 -0.0178239 0.00430584 -0.00214708 0.000175518 0.00920006 0.00152007 0.00411182 -0.00551405 0.0020877 0.0109711 -0.00992624 -0.0130454 -0.00608866 0.00905728 0.0115709 -0.0132921 -0.00164653 -0.0115296 0.00331626 0.00503734 0.0143736 0.0111787
internal_weight=32040.4 8605.64 23434.7 17289.4 13005.6 3899.46 6145.34 4283.8 3533.17 6906.47 4706.18 5400.08 2505.19 4401.28 3075.39 2911.73 4137.18 6099.12 1312.51 1965.52 1262.9 3903.5 2289.33 745.26 2316.1 1208.84 1794.45 2085.18 2195.63 1277.1
internal_count=231875 77184 154691 109697 79997 42849 44994 29700 37020 46116 34335 37715 15577 30539 20675 22225 27849 33881 10763 19318 9866 22211 12970 7279 16588 9935 12110 13951 11670 6846
cat_boundaries=0 1 2 3 4
cat_threshold=794714 6816319 14565596 9758749
is_linear=0
shrinkage=0.04


Tree=28
num_leaves=31
num_cat=6
split_feature=30 31 30 7 7 25 17 22 30 22 10 21 30 32 23 22 22 7 30 31 22 18 9 9 23 9 0 11 19 22
split_gain=484.639 242.474 86.1091 81.6331 39.3651 32.737 31.5546 26.7091 26.5922 26.358 24.7791 23.4632 22.7999 22.7117 21.6742 19.4901 19.2897 18.3404 17.4666 15.9922 15.6272 13.9398 13.6491 13.6432 13.5602 13.4828 15.5088 12.9863 14.6399 16.8816
threshold=-1.3583333333333329 3.5000000000000004 -2.2891666666666661 4.5000000000000009 5.5000000000000009 1.2266666666666686 0.03333333333333334 0 -0.47449999999999987 1 1.5000000000000002 0.29166666666666669 0.69000000000000072 4.9250000000000007 18.470000000000002 2 3 3.5000000000000004 1.583666666666667 4.5000000000000009 4 4.5000000000000009 8.9316666666666684 -1.7333333333333287 58.565000000000005 27.417500000000008 0.16919501658566694 48.500000000000007 0.90000000000000013 5
decision_type=2 2 2 2 2 2 10 1 2 1 2 10 2 2 2 1 1 2 2 2 1 8 2 2 2 2 10 2 10 1
left_child=2 4 13 5 12 10 -6 -7 23 18 25 20 14 19 -2 -16 -10 -4 -8 -1 21 -12 -17 -5 -11 -3 -27 28 29 -14
right_child=1 3 17 8 6 7 9 -9 16 24 11 -13 27 -15 15 22 -18 -19 -20 -21 -22 -23 -24 -25 -26 26 -28 -29 -30 -31
leaf_value=0.043795061196294331 0.019552073996385762 0.0016336741685656206 -0.0095311992149796614 -0.015698169704581294 -0.0064463790401734855 0.0088626410886436299 -0.0082521687409890434 7.8878330120605845e-05 -0.00074181443713173135 0.0094594135896900518 -0.0051521192250010049 0.0034024369845953766 0.0075301823682006001 0.035639213793287911 0.00061132723455025384 0.0039034203140246638 -0.0088958622494299568 -0.019517020032897937 0.015325563793766945 -0.035170061578452982 -0.0028208608835852251 -0.012487084981870877 0.010809989719249203 -0.0085808906286062823 -0.013072932201878648 -0.000814618977445048 0.044640292209146705 0.0099941671438331398 0.014114207436539714 0.0035481765465127059
leaf_weight=4.1352297924458972 128.28809424489737 1093.1484904512763 604.01923988386989 770.5991874486208 937.28279243409634 781.05912989377975 344.76524288952351 1858.5882569029927 936.81910660862923 684.69436637312174 1046.3234374672174 582.93488991260529 2983.2160549610853 7.4752828031778327 3230.4471946358681 3796.28418251127 928.01626019179821 573.87553370371461 58.853371545672417 535.12805347144604 2068.2516563534737 686.57750035822392 520.61061505228281 977.65341967344284 45.578805439174175 22.68561539798975 25.520478047430515 1260.7387981340289 309.89086168259382 4133.8504953533411
leaf_count=61 883 8439 6332 7075 6417 5668 2242 13539 7333 4340 8090 4423 18090 84 21558 25234 7243 6443 338 8078 16194 5589 3388 8891 268 167 196 7631 1865 25220
internal_value=0.000137964 0.00131523 -0.0204857 -0.00316783 0.00417954 -0.000952631 -0.00101596 0.00271183 -0.00817388 0.00347287 -0.00270324 -0.00406999 0.00483716 -0.0336047 0.00324867 0.00297154 -0.00485127 -0.0143963 -0.00469781 -0.0345645 -0.00521594 -0.00801201 0.0047254 -0.0117181 0.00794431 0.00254663 0.0232494 0.0062406 0.00560343 0.00523285
internal_weight=31937.3 30212.7 1724.63 11778.2 18434.5 8165.09 2071.17 2639.65 3613.09 1133.89 5525.44 4384.09 16363.3 546.739 7675.63 7547.34 1864.84 1177.89 403.619 539.263 3801.15 1732.9 4316.89 1748.25 730.273 1141.35 48.2061 8687.7 7426.96 7117.07
internal_count=231319 210321 20998 92847 117474 62305 13605 19207 30542 7188 43098 34296 103869 8223 51063 50180 14576 12775 2580 8139 29873 13679 28622 15966 4608 8802 363 52806 45175 43310
cat_boundaries=0 1 2 3 4 5 6
cat_threshold=10521736 12225152 8464843 12116239 9499734 4929558
is_linear=0
shrinkage=0.04


Tree=29
num_leaves=31
num_cat=6
split_feature=1 30 30 30 1 31 14 31 1 1 1 24 6 1 30 6 11 6 22 9 22 1 11 19 33 22 22 22 13 6
split_gain=674.533 397.033 132.965 103.924 69.6565 143.749 69.0251 64.4999 49.2786 48.4009 43.0119 37.3452 35.9694 31.6365 27.0561 26.9726 26.9643 26.8844 26.2119 25.1566 24.6838 24.1774 23.6084 22.8901 22.8207 22.7267 22.5919 22.2284 21.2082 20.7996
threshold=4.5000000000000009 -0.14449999999999982 -1.1349999999999993 0.64166666666666605 1.5000000000000002 3.5000000000000004 4.5857142857142863 2.5000000000000004 5.5000000000000009 2.5000000000000004 3.5000000000000004 17.670000000000005 0.018333333333333094 5.5000000000000009 0.43666666666666681 1.0000000180025095e-35 47.500000000000007 0.066666666666666888 0 12.353333333333335 1 1.5000000000000002 52.500000000000007 0.36666666666666675 2 3 4 5 6.5000000000000009 0.0049999999999994502
decision_type=2 2 2 2 2 2 8 2 2 2 2 2 2 2 2 2 2 2 1 2 1 2 2 8 1 1 1 1 2 2
left_child=2 6 11 13 7 10 8 16 -2 23 17 21 19 -3 -12 -5 18 26 -4 -11 -17 -1 -9 -7 -24 -14 28 -26 -6 -20
right_child=1 3 4 15 5 9 -8 22 -10 12 14 -13 25 -15 -16 20 -18 -19 29 -21 -22 -23 24 -25 27 -27 -28 -29 -30 -31
leaf_value=0.0011703140777298273 -0.012520533953879892 -0.0048469985556528787 -0.011875096434518615 0.0063477038700496344 0.0098723503175762901 0.0017039586515359038 -0.031159841749761028 0.0027355527435760996 -0.023714651974922982 -0.00016484748826648798 -0.0013597201896182274 -0.00068368883791203609 -0.013223511951911628 -0.013867947004200692 0.0067955579204649298 -0.012814520240340478 0.0041564870137633337 -0.00094842156548153092 -0.0057941979846420277 0.015615753792017762 0.0010472758050755334 -0.016720964346098436 0.02156308219597242 0.0097481983064572827 -0.017358707371975642 -0.003043939225244176 0.0084158202807318016 0.011231635458591262 0.016689280368382048 0.0062956130557783345
leaf_weight=145.17545545846224 1411.5927637889981 1413.4921793192625 856.22075316309929 1393.2251736968756 1482.4003673642874 1280.0184656307101 772.59703832492232 2389.8218506425619 1135.2503181807697 2398.9187666624784 946.60806059837341 591.23931969702244 556.09402371942997 1110.8653356730938 2083.5434390455484 245.45828077197075 457.75199288874865 346.3172619342804 881.50956701487303 173.30830669403076 1049.3671507537365 721.24485792219639 217.10813616961241 1014.5890253633261 55.271663181483746 977.54088072478771 3954.5688173025846 121.24405466020107 1439.0666106939316 306.97537779808044
leaf_count=1234 14097 11045 6189 9079 8182 8571 11054 16112 13115 17104 6611 5182 4308 10246 12135 1649 3150 1998 6347 1199 6933 7389 1412 6437 360 7554 21990 786 7804 2123
internal_value=-0.000246601 -0.0098744 0.0032643 -0.00298844 0.00404157 0.00531141 -0.0206872 4.10207e-05 -0.0175103 0.000607867 0.00824775 -0.00843423 -0.00199249 -0.00881674 0.00424788 0.00248494 -0.004619 0.00992591 -0.00658359 0.000898398 -0.00167136 -0.0137231 0.00423062 0.00526082 0.0133076 -0.00684111 0.0104736 0.00182855 0.0131851 -0.00264921
internal_weight=31928.4 8531.85 23396.5 5212.41 21938.9 16653 3319.44 5285.9 2546.84 6400.47 10252.5 1457.66 4105.86 2524.36 3030.15 2688.05 2502.46 7222.35 2044.71 2572.23 1294.83 866.42 2783.45 2294.61 393.624 1533.63 6876.04 176.516 2921.47 1188.48
internal_count=231395 77218 154177 38952 140372 103893 38266 36479 27212 45173 58720 13805 30165 21291 18746 17661 17809 39974 14659 18303 8582 8623 18670 15008 2558 11862 37976 1146 15986 8470
cat_boundaries=0 1 2 3 4 5 6
cat_threshold=10932672 10617376 405 13504657 9393472 31570
is_linear=0
shrinkage=0.04


Tree=30
num_leaves=31
num_cat=6
split_feature=1 30 25 30 30 30 1 30 20 1 14 1 1 22 6 8 30 22 30 1 22 19 30 30 1 22 10 34 22 22
split_gain=635.116 350.692 111.046 80.4517 78.6454 72.6694 71.8032 77.2025 62.3412 42.2879 39.7866 34.08 28.6428 28.5303 26.8363 40.1885 26.7975 23.7734 23.4843 22.7886 31.814 22.7733 22.4567 21.1907 20.7416 23.328 20.6457 20.6229 19.8247 19.4723
threshold=4.5000000000000009 -0.14449999999999982 -7.1933333333333334 0.71633333333333316 -1.6533333333333329 -1.1349999999999993 1.5000000000000002 -0.01666666666666616 0.21111111111111114 5.5000000000000009 3.3541666666666674 3.5000000000000004 2.5000000000000004 0 0.010000000000000233 31.915000000000003 -0.061666666666666085 1 0.25166666666666632 1.5000000000000002 2 0.29166666666666669 -0.45166666666666683 -2.5758333333333323 5.5000000000000009 3 1.5000000000000002 1.5000000000000002 4 5
decision_type=2 2 2 2 2 2 2 2 10 2 10 2 2 1 2 2 2 1 2 2 1 10 2 2 2 1 2 2 1 1
left_child=2 5 4 24 -1 23 8 11 16 -7 19 21 29 -5 17 -16 -4 -9 28 20 -6 -8 -14 -2 -3 -26 -27 -19 -10 -12
right_child=1 3 6 13 10 9 7 14 18 -11 12 -13 22 -15 15 -17 -18 27 -20 -21 -22 -23 -24 -25 25 26 -28 -29 -30 -31
leaf_value=-0.018505294451739929 -0.037551182497103132 -0.0045975367822743652 0.010012831450577433 -0.0028377493969845118 0.006854451972257718 -0.010882450189056352 0.00086794189727020194 0.013196029148208945 0.012733526135477988 -0.021890180332193379 -0.0040802511620247539 -0.0040414972311596112 -0.010264245094055447 0.0058701454294056146 0.0010583020660599751 0.0097503513424556394 0.0014800455097381295 0.013816346665135412 -0.0090593215510332229 0.006274741784747153 -0.013843941331303509 0.0081461066795581721 -0.0011610322659654847 -0.024842918580803067 -0.019846395843064801 0.0055115422176099035 -0.010712209329965196 0.0062319405976757839 -0.006099630235782064 0.0044813517427968507
leaf_weight=396.43523174524307 299.72300712019205 1515.3407268375158 827.85504494607449 1018.4690733626485 226.29418468475342 1273.6106568872929 1518.0584950745106 2423.2713614106178 160.16827816516161 994.35036485642195 717.69394003599882 1142.7529451325536 997.7006853222847 1449.8035681843758 1605.1452467888594 1811.716836951673 2040.0864453539252 734.32045169174671 1108.3548879697919 1721.0785343945026 231.55427066981792 1257.7947078719735 766.85128121823072 700.82712000608444 376.9103020131588 155.22715827077627 655.34829497337341 2621.2026365846395 180.55395705997944 1013.3024991229177
leaf_count=4540 5204 11770 5615 6641 1573 12335 10547 13466 1100 11328 5021 9150 8593 9374 9361 10512 13909 4117 8009 11139 1616 8175 5185 9453 3525 1382 6042 14720 1232 6990
internal_value=-1.74813e-06 -0.00941414 0.00337823 -0.0029316 -0.0012808 -0.0196701 0.00500086 0.00647381 0.000526332 -0.0157086 -7.74436e-05 0.00177239 -0.00272186 0.00228934 0.00847726 0.00566707 0.0039431 0.0101388 -0.00623598 0.00416486 -0.0037663 0.00416582 -0.00630811 -0.0286498 -0.00769946 -0.0116578 -0.00751264 0.00786826 0.00294825 0.000933915
internal_weight=31941.8 8439.61 23502.2 5171.1 6070.91 3268.51 17431.3 13114.3 4317.02 2267.96 5674.48 3918.61 3495.55 2468.27 9195.66 3416.86 2867.94 5778.79 1449.08 2178.93 457.848 2775.85 1764.55 1000.55 2702.83 1187.49 810.575 3355.52 340.722 1731
internal_count=231624 77054 154570 38734 44657 38320 109913 80048 29865 23663 40117 27872 25789 16015 52176 19873 19524 32303 10341 14328 3189 18722 13778 14657 22719 10949 7424 18837 2332 12011
cat_boundaries=0 1 2 3 4 5 6
cat_threshold=10717064 11410192 7484175 10622288 5781464 1615047
is_linear=0
shrinkage=0.04


Tree=31
num_leaves=31
num_cat=2
split_feature=30 30 6 30 7 6 17 25 15 8 9 10 15 21 7 33 15 14 32 25 25 32 10 33 6 6 9 14 24 32
split_gain=436.875 172.275 86.0829 77.4484 39.4642 25.4491 24.975 24.6213 21.9254 20.6261 20.1867 19.751 17.3595 17.3526 16.5063 15.8003 15.6191 15.5794 15.4709 15.1972 15.0819 14.9993 14.5863 15.0874 14.2887 13.06 12.7975 11.8626 11.7143 12.1987
threshold=-1.3583333333333329 -0.01666666666666616 0.0083333333333333055 -2.2891666666666661 5.5000000000000009 -0.0033333333333325217 0.029629629629629627 -7.1933333333333334 0.18472222222222226 31.675000000000004 -0.5733333333333358 4.5000000000000009 0.18414285714285716 0.55000000000000016 5.5000000000000009 0 0.09105555555555557 3.4142857142857146 4.1750000000000007 13.483333333333338 11.846666666666668 6.8650000000000011 1.5000000000000002 1 -0.054999999999999265 0.08666666666666735 -15.509166666666667 4.2928571428571436 32.735000000000007 5.8950000000000005
decision_type=2 2 2 2 2 2 10 2 10 2 2 2 8 8 2 1 8 10 2 2 2 2 2 1 2 2 2 10 2 2
left_child=3 2 7 19 11 9 -6 8 -2 -5 14 16 -12 26 -4 20 -3 24 -16 -1 -8 -15 -9 -24 -10 -18 -13 -11 -22 -30
right_child=1 4 10 5 6 -7 15 22 17 27 12 13 -14 21 18 -17 25 -19 -20 -21 28 -23 23 -25 -26 -27 -28 -29 29 -31
leaf_value=-0.033405455793360309 -0.00028655184319760317 -0.013155964286403397 -0.0069683131548788678 -0.017407034447321938 -0.0065297459892682888 -0.019466273652386491 0.0013652862246717622 0.0073453904095318167 0.025566673081929326 0.0063254066697166099 -0.0019809188254699029 -0.0055286832763645011 -0.0093735478903746814 0.0045275795822696512 -0.022022994941892641 -0.0016139868357629304 0.0050265835052911842 -0.01138505666693241 -0.010259292455114158 0.053180436062890649 0.069016278549913934 0.019983281582169353 0.0071473666753861208 -0.00028435732243681271 -0.0035401080001771362 0.027615108224139786 0.0019182052721273466 -0.0093887382866657942 -0.0072961188602246284 0.018237823536863464
leaf_weight=508.26795214042068 1835.9817856177688 75.420176558196545 1631.8883406892419 202.96125968918204 943.10557789355516 640.05561373382807 263.99831003695726 771.04258750379086 34.230077132582664 165.05170441046357 1707.0224193409085 404.80122365057468 723.69008506834507 322.2389065399766 257.94601776450872 722.29266323149204 11796.928501524031 593.17362634092569 583.51825349777937 3.264148697257041 6.3642088994383803 145.97564235329628 530.3045200034976 2290.4145344793797 127.49772441387177 41.095701433718204 4201.8530788943172 143.85581972077489 35.982061550021172 178.17169265449047
leaf_count=8269 14466 472 13775 2200 6500 7435 1725 5619 258 1638 14379 2581 6221 2024 2392 4597 74361 4821 5106 36 40 889 3924 17011 994 262 26706 1641 225 1067
internal_value=5.62218e-05 0.00115458 -0.00281311 -0.019901 0.00345306 -0.0141494 -0.00165288 0.000326009 -0.00264606 -0.00750106 -0.00677066 0.00409922 -0.00418191 0.00200952 -0.00931478 0.00215833 0.0049894 -0.00838457 -0.0138654 -0.0328529 0.00765718 0.00934622 0.00246988 0.00113716 0.00262041 0.005105 0.00126382 -0.000992548 0.0155369 0.0139476
internal_weight=31888.4 30224.9 11086.7 1663.46 19138.2 1151.92 2149.91 6182.64 2590.88 511.869 4904.07 16988.3 2430.71 5074.87 2473.35 1206.81 11913.4 754.901 841.464 511.532 484.516 468.215 3591.76 2820.72 161.728 11838 4606.65 308.908 220.518 214.154
internal_count=231634 210415 88966 21219 121449 12914 14154 47093 20539 5479 41873 107295 20600 32200 21273 7654 75095 6073 7498 8305 3057 2913 26554 20935 1252 74623 29287 3279 1332 1292
cat_boundaries=0 1 2
cat_threshold=56 66
is_linear=0
shrinkage=0.04


Tree=32
num_leaves=31
num_cat=5
split_feature=1 30 30 1 30 30 30 31 1 1 1 1 23 30 6 22 6 22 10 22 11 22 9 1 8 6 26 23 29 22
split_gain=595.314 322.161 104.096 94.2972 86.9781 77.6443 64.6067 53.9169 48.641 47.7011 42.3887 41.2537 40.0442 37.0341 29.6101 28.9216 27.0195 32.7383 26.2852 28.8651 22.7026 21.4577 21.2002 21.0012 20.9487 20.0372 19.516 18.7251 18.6528 18.0309
threshold=4.5000000000000009 -0.14449999999999982 -0.9199999999999996 1.5000000000000002 -0.096666666666667109 1.583666666666667 -2.5758333333333323 2.5000000000000004 5.5000000000000009 3.5000000000000004 2.5000000000000004 5.5000000000000009 4.7900000000000009 0.8883333333333342 1.0000000180025095e-35 0 -0.015000000000000123 1 2.5000000000000004 2 37.500000000000007 3 7.554166666666668 1.5000000000000002 28.485000000000003 -0.008333333333333302 3.5000000000000004 46.520000000000003 6.6850000000000014 4
decision_type=2 2 2 2 2 2 2 2 2 2 2 2 2 2 2 1 2 1 2 1 2 1 2 2 2 2 2 2 2 1
left_child=2 6 12 7 9 11 -2 14 -8 22 -6 21 -1 24 -4 -16 17 -14 19 -13 -9 -3 26 -18 -12 -10 27 -5 -17 -11
right_child=1 5 3 4 10 -7 8 20 25 29 13 18 16 -15 15 28 23 -19 -20 -21 -22 -23 -24 -25 -26 -27 -28 -29 -30 -31
leaf_value=-0.023547795530193271 -0.037365166279998488 0.0036991647924285147 -0.0076610198797263671 0.008089217989996015 0.010755785818732233 0.0090281922607010553 -0.012675601307254558 -0.001336686761263427 -0.016378281236849805 -0.010963229682852429 -0.0010603589155916834 -0.011571780048410399 0.012916068606893781 0.0094687299179171194 -0.0066049646152947011 0.01466788024266363 0.0045022252133762701 -0.0043028651368183877 -0.012651926450146131 0.0041684962210260905 0.0063419292403652299 -0.0041784200485294716 0.01146553280203186 -0.0087986134841349095 0.0051136051663804903 -0.026725014538093249 -0.00014600603564132012 -0.013285803481049683 -0.0039490920428649854 -0.0015308117438460707
leaf_weight=170.02659613639116 283.43679371103644 836.69568180292845 1740.9819963350892 993.71912678331137 4164.5910553336143 738.29622504115105 1598.4882295951247 992.91366580873728 462.99475444108248 517.98076510429382 1185.0990856662393 336.91415301710367 295.03400538116693 2635.9669577330351 347.61461512744427 287.67620830237865 227.25658345222473 413.15885097533464 1285.4168926849961 396.59315694868565 1623.2349576056004 1592.0051962658763 479.19498495012522 1156.5701588094234 3407.9966418966651 847.88224777206779 1812.5422930419445 70.20656418800354 122.89309893548489 870.83982728421688
leaf_count=2140 5235 5983 12591 6545 22528 4280 16859 6779 5593 4195 7402 2778 2383 14302 2429 1947 1806 3371 10908 3226 10596 11707 3119 10646 20994 10663 12367 434 871 6989
internal_value=1.60435e-05 -0.0091391 0.00327808 0.00414631 0.00564636 -0.00298478 -0.0191353 -0.000586126 -0.0173593 0.00109569 0.00754132 -0.00497891 -0.00487955 0.0056895 -0.00478778 0.00180992 -0.00336231 0.00299219 -0.00920418 -0.00316225 0.00342764 -0.00146654 0.00367595 -0.00661431 0.00352061 -0.0230706 0.00237827 0.00667872 0.00887912 -0.00513873
internal_weight=31894.2 8378.72 23515.5 21253.5 16138.1 5185.92 3192.8 5115.31 2909.37 4744.48 11393.7 4447.63 2262.05 7229.06 2499.17 758.184 2092.02 708.193 2018.92 733.507 2616.15 2428.7 3355.66 1383.83 4593.1 1310.88 2876.47 1063.93 410.569 1388.82
internal_count=231666 77232 154434 134088 98875 38882 38350 35213 33115 33649 65226 34602 20346 42698 17838 5247 18206 5754 16912 6004 17375 17690 22465 12452 28396 16256 19346 6979 2818 11184
cat_boundaries=0 1 2 3 4 5
cat_threshold=11315624 13077570 15150848 5775510 10901008
is_linear=0
shrinkage=0.04


Tree=33
num_leaves=31
num_cat=5
split_feature=1 31 30 14 30 1 1 14 23 31 1 23 11 6 1 6 13 22 14 22 30 1 6 22 10 22 22 6 6 25
split_gain=545.638 317.043 93.6156 73.8416 62.4643 55.173 77.8234 68.4897 67.9255 66.0264 45.82 36.3094 28.3414 27.9922 27.4911 26.5877 26.5748 29.6597 27.7866 25.7383 25.2736 22.4664 21.9632 21.9618 20.7234 19.7448 19.7333 19.5948 19.3919 19.2934
threshold=4.5000000000000009 3.5000000000000004 -1.1349999999999993 4.6458333333333348 0.94833333333333358 3.5000000000000004 1.5000000000000002 3.5857142857142863 30.115000000000006 1.5000000000000002 5.5000000000000009 4.7900000000000009 37.500000000000007 -0.033333333333333652 5.5000000000000009 -0.028333333333332874 1.5000000000000002 0 4.0500000000000007 1 0.53500000000000048 1.5000000000000002 -0.049999999999999371 2 5.5000000000000009 3 4 -0.015000000000000123 0.028333333333333769 11.263333333333332
decision_type=2 2 2 8 2 2 2 8 2 2 2 2 2 2 2 2 2 1 8 1 2 2 2 1 2 1 1 2 2 2
left_child=2 4 11 10 14 6 9 20 16 -4 22 -1 -11 -6 -2 19 17 -8 23 -10 -7 -13 26 -18 -17 -24 -3 -9 -23 -28
right_child=1 3 5 -5 13 7 8 27 15 12 -12 21 -14 -15 -16 24 18 -19 -20 -21 -22 28 25 -25 -26 -27 29 -29 -30 -31
leaf_value=-0.024780366655910969 -0.0023220148955945862 0.021031046183925359 -0.0071116237387498305 -0.029885649138746421 0.012250584379819915 -0.0001421760749455487 -0.0032259923147660947 0.00015812654596599279 0.0075621141213252996 -0.0010197325997337988 -0.020796825111808796 0.0064601035356507052 0.0059195785909224663 0.00084123841718781263 -0.010355825748532924 0.0081288716761861186 0.0079415822221345321 0.015374479448615986 -0.0048455408485038797 0.016278041333039197 0.0069521507504803114 -0.003783734089192678 -0.007330750311563175 -0.00050369001891274604 0.0015927237072796744 -0.016741732216338397 -0.013283242018917278 -0.009277014922877665 -0.016036306737656499 0.052822051465764519
leaf_weight=161.55626225471497 1537.6105512082577 53.886746194213629 1308.3368353620172 659.95982464030385 449.29213504493237 1627.0139094814658 202.58944137394428 495.78490307182074 1112.2500981837511 1531.3972616568208 1281.6957893632352 236.96797326952219 2445.4673950374126 1468.9891869574785 1224.0191175192595 5002.6089375987649 868.34981989115477 419.78394590318203 1043.8045162856579 1193.8002444505692 1587.3246599733829 740.55105137825012 770.15332329645753 1126.9731880500913 918.66413739323616 769.13838160783052 88.210223264992237 1215.8589379563928 286.68124289065599 7.6790471225976935
leaf_count=2094 11436 516 9845 10434 2767 11868 1267 3560 6115 10517 15411 1922 16079 9163 10883 28261 5676 2619 7263 6434 8963 6888 7784 7430 5243 7797 856 9272 2919 67
internal_value=-0.000102138 -0.00891273 0.00301026 -0.0177828 -0.00203128 0.00365116 0.00472154 -8.06229e-05 0.00651685 0.000683062 -0.0150941 -0.006924 0.00324741 0.00351349 -0.00588279 0.00853386 0.00198468 0.00951502 0.000442564 0.0121776 0.00336119 -0.00464208 -0.0107667 0.00320891 0.00711481 -0.0121895 0.00385583 -0.00654409 -0.0072032 -0.00723487
internal_weight=31836.4 8310.63 23525.8 3630.72 4679.91 22100 17174 4925.98 11888.8 5285.2 2970.76 1425.76 3976.86 1918.28 2761.63 8227.32 3661.5 622.373 3039.13 2306.05 3214.34 1264.2 1689.07 1995.32 5921.27 1539.29 149.776 1711.64 1027.23 95.8893
internal_count=231349 77114 154235 42865 34249 140412 106749 33663 70308 36441 32431 13823 26596 11930 22319 46053 24255 3886 20369 12549 20831 11729 17020 13106 33504 15581 1439 12832 9807 923
cat_boundaries=0 1 2 3 4 5
cat_threshold=7263 6332847 11274680 6034651 4163968
is_linear=0
shrinkage=0.04


Tree=34
num_leaves=31
num_cat=5
split_feature=1 30 30 30 1 18 1 29 1 1 30 25 7 30 29 22 32 1 22 27 22 33 7 3 17 33 30 21 7 1
split_gain=528.061 278.331 99.0561 95.1716 48.7433 38.0827 96.7163 44.7262 41.624 41.577 33.5458 32.0334 32.3207 31.9474 30.8626 29.3244 27.6737 25.0463 21.9854 21.7221 22.4355 19.8535 18.7689 18.1252 17.9496 17.7687 17.6934 18.0663 17.5932 17.2436
threshold=4.5000000000000009 0.4250000000000001 -1.2099999999999995 -1.0099999999999993 5.5000000000000009 3.5000000000000004 1.5000000000000002 5.9750000000000005 2.5000000000000004 2.5000000000000004 1.583666666666667 -1.6083333333333305 2.5000000000000004 0.97999999999999987 1.7950000000000002 0 5.1850000000000014 5.5000000000000009 1 1.5000000000000002 2 3 4.5000000000000009 0.37530487804878054 0.15000000000000008 4 2.4208333333333338 1.0000000180025095e-35 3.5000000000000004 1.5000000000000002
decision_type=2 2 2 2 2 10 2 2 2 2 2 2 2 2 2 1 2 2 1 2 1 1 2 10 10 1 2 10 2 2
left_child=2 3 11 14 28 6 7 -4 -7 -8 15 12 25 22 -2 -3 -10 -16 -18 -9 -21 -15 -11 -6 -17 -1 27 -22 -5 -14
right_child=1 10 5 4 23 8 9 19 16 13 -12 -13 29 21 17 24 18 -19 -20 20 26 -23 -24 -25 -26 -27 -28 -29 -30 -31
leaf_value=0.0069996973684699161 -0.037157456455782098 0.0021670662432814337 0.0033569176321432389 -0.004111404758782169 -0.017435114057535086 0.0042091790927458557 0.0098366823977366399 -0.011427130227539599 -0.0050219910520910242 0.0045858702776418962 0.0076843590858110761 0.0094198289574984034 -5.8055284163851567e-05 0.012377371601568333 -0.014806519745727916 -0.010122217396041459 -0.0042096814447422585 -0.028892820997533996 0.0051834019363346312 0.010448453031813963 0.0067852009488167855 0.0043999095320422935 -0.0008297867914235441 0.024264136568064611 -0.00028731433916915505 -0.009986840225771166 -0.036005871161309586 -0.0068273780392669129 -0.011306637126804322 -0.018429709510274766
leaf_weight=195.5273983925581 265.19838332757354 1333.3764430359006 1886.5990260094404 1026.4471640735865 1646.2778317630291 3826.3246947750449 4083.3831983655691 635.85757511854172 1947.0958597436547 3591.7977350801229 740.3739712536335 145.05595199763775 95.100077383220196 1168.583059117198 429.03067244961858 778.35424064099789 604.16089753806591 381.59268392249942 1133.17232888937 179.8152252137661 201.95556806772947 933.10907831788063 1432.1507387533784 16.848802901804447 480.03280384093523 179.61709834635258 28.03270235657692 685.43739046156406 1156.1428942605853 581.99771729111671
leaf_count=1856 5200 9298 12463 8936 18086 24928 22589 4663 14570 22686 4262 1268 825 6246 5724 5697 3966 5702 7397 1311 1453 4996 9646 186 3303 1733 213 5001 10754 6287
internal_value=-4.61818e-05 -0.00875178 0.00300688 -0.0147958 -0.0118538 0.00360768 0.00478319 -0.000903439 0.00128715 0.00661855 0.000175231 -0.00820198 -0.0106312 0.00477438 -0.0253126 -0.00196986 -0.00174741 -0.0214375 0.00192254 -0.00554649 -0.00213241 0.00891537 0.00304206 -0.0170127 -0.0063203 -0.00121299 -0.0046668 -0.00372939 -0.0079228 -0.0158494
internal_weight=31788.4 8253.68 23534.8 4921.54 3845.72 22337.5 14826.7 3617.7 7510.75 11209 3332.14 1197.3 1052.24 7125.64 1075.82 2591.76 3684.43 810.623 1737.33 1731.1 1095.24 2101.69 5023.95 1663.13 1258.39 375.144 915.426 887.393 2182.59 677.098
internal_count=231245 77148 154097 54588 37962 142128 91267 25104 50861 66163 22560 11969 10701 43574 16626 18298 25933 11426 11363 12641 7978 11242 32332 18272 9000 3589 6667 6454 19690 7112
cat_boundaries=0 1 2 3 4 5
cat_threshold=5781687 4213907 534660 440 199
is_linear=0
shrinkage=0.04


Tree=35
num_leaves=31
num_cat=8
split_feature=1 31 18 1 30 23 31 1 30 26 1 30 7 6 30 22 22 1 13 22 22 0 22 30 22 22 6 30 22 1
split_gain=477.519 295.088 94.2365 98.3946 68.8955 68.3938 53.6133 53.3795 48.6148 34.7403 43.0316 30.8347 30.6178 30.392 28.0931 29.9831 25.3957 24.5909 23.5563 24.0681 22.9253 22.6767 21.5134 19.7225 20.0007 19.0365 18.7932 18.6805 18.1584 17.2846
threshold=4.5000000000000009 3.5000000000000004 3.5000000000000004 1.5000000000000002 -0.81916666666666671 6.7600000000000007 2.5000000000000004 3.5000000000000004 0.94833333333333358 2.5000000000000004 2.5000000000000004 -2.7274999999999991 5.5000000000000009 -0.031666666666665837 -0.47449999999999987 0 1 5.5000000000000009 10.500000000000002 2 3 0.15847889651665398 4 2.0400000000000009 5 6 0.0050000000000003384 0.91833333333333333 7 5.5000000000000009
decision_type=2 2 8 2 2 2 2 2 2 2 2 2 2 2 2 1 1 2 2 1 1 10 1 2 1 1 2 2 1 2
left_child=2 8 3 6 11 -4 20 12 16 18 -11 -3 25 28 -9 27 26 -13 19 -5 -1 -22 -8 -10 -25 -7 -2 -16 -6 -15
right_child=1 4 5 9 13 7 22 14 23 10 -12 17 -14 29 15 -17 -18 -19 -20 -21 21 -23 -24 24 -26 -27 -28 -29 -30 -31
leaf_value=-0.00046010982935444715 -0.0047553148379655286 -0.037729571711932683 -0.022248134008634061 0.012125471181892255 0.0081285768632589402 0.0055656516823451357 0.0097807643890238556 -0.01180259224081579 0.0014948362320512546 0.0089916648776712359 0.0020406703386987041 -0.015929919449310211 -0.0053306389605197613 -0.011571856502115806 0.0016650109957625473 -0.0083061512844936885 -0.0016820166831118311 -0.027761324460621083 0.015688010199410195 0.005778007836110959 -0.01369613005159263 -0.0021131550295286666 0.00034230471980717104 -0.00049657076930536312 0.021828864181336588 0.00089593852129153813 -0.014713944471478486 0.02243806340881865 -0.0091657621726940475 -0.019538082523738273
leaf_weight=905.1661119684577 631.75217954814434 223.88101942464709 224.55522059649229 1472.6042306795716 149.55507825314999 2416.5921968370676 692.68187184631824 747.83651979267597 1651.164590343833 2246.2765874117613 3897.4916277080774 599.27753172814846 833.59155714511871 1048.4084149226546 520.29587920755148 578.46561060100794 1523.8174401782453 529.35262731090188 731.05899170786142 2941.8033274933696 682.03644862771034 448.11383988708258 871.76948907971382 113.65044043958187 155.05795305967331 3323.4760977104306 582.98232500255108 79.900753036141396 241.07918268442154 745.78535714000463
leaf_count=6436 5133 4550 2810 8099 1470 15977 4552 7124 10408 12971 25462 7718 6042 10057 3696 4047 12273 7922 4083 16366 5044 3193 5810 633 861 22289 4943 448 2413 8799
internal_value=-4.50496e-05 -0.00836392 0.00284224 0.00477656 -0.017074 -0.000458758 -0.000981916 0.000116869 -0.00174999 0.00661275 0.00458208 -0.024169 0.00183286 -0.0126818 -0.00573848 -0.00189093 -0.00517137 -0.0214791 0.00903741 0.00793602 -0.00526172 -0.00902354 0.00458602 0.00313034 0.0131802 0.00287316 -0.00945687 0.0043578 -0.00257114 -0.0148831
internal_weight=31809.5 8195.76 23613.7 14889 3537.34 8724.71 3599.77 8500.16 4658.42 11289.2 6143.77 1352.51 6573.66 2184.83 1926.5 1178.66 2738.55 1128.63 5145.47 4414.41 2035.32 1130.15 1564.45 1919.87 268.708 5740.07 1214.73 600.197 390.634 1794.19
internal_count=231629 77180 154449 92016 42929 62433 25035 59623 34251 66981 38433 20190 44308 22739 15315 8191 22349 15640 28548 24465 14673 8237 10362 11902 1494 38266 10076 4144 3883 18856
cat_boundaries=0 1 2 3 4 5 6 7 8
cat_threshold=190958 10721216 9916480 4793407 7504685 11544199 15139632 4100488
is_linear=0
shrinkage=0.04


Tree=36
num_leaves=31
num_cat=7
split_feature=1 31 30 30 17 1 30 1 1 31 1 26 11 9 1 9 8 25 22 13 22 22 7 22 17 22 22 31 22 6
split_gain=402.664 285.82 89.95 81.4612 54.2603 87.7828 49.4072 49.4011 47.1424 45.4515 44.3908 42.4219 31.6566 29.4556 26.0084 24.7564 23.7864 23.752 21.7873 21.7628 24.7114 21.3314 19.7038 21.96 19.5415 19.1618 18.7091 18.1854 18.2832 17.9785
threshold=4.5000000000000009 3.5000000000000004 -1.6533333333333329 -1.8600000000000003 -0.05555555555555549 1.5000000000000002 0.94833333333333358 3.5000000000000004 2.5000000000000004 2.5000000000000004 5.5000000000000009 2.5000000000000004 48.500000000000007 11.646666666666668 5.5000000000000009 -1.92333333333333 16.440000000000005 11.055000000000007 0 10.500000000000002 1 2 3.5000000000000004 3 0.015555555555555574 4 5 2.5000000000000004 6 -0.10499999999999997
decision_type=2 2 2 2 8 2 2 2 2 2 2 2 2 2 2 2 2 2 1 2 1 1 2 1 8 1 1 2 1 2
left_child=2 6 17 -3 7 9 13 15 19 12 16 26 18 14 25 22 -5 29 -6 20 -7 -18 -4 -24 -12 -2 -10 28 -13 -1
right_child=1 3 4 10 5 8 -8 -9 11 -11 24 27 -14 -15 -16 -17 21 -19 -20 -21 -22 -23 23 -25 -26 -27 -28 -29 -30 -31
leaf_value=0.05033309142167082 0.0035324684199273893 -0.032678464470646935 0.0021284361906409423 -0.027082718199082749 -0.002461656570926017 0.011753944041492444 0.0036038315244826466 -0.0060711029581603706 0.010997379528802583 0.0038116849633004629 -0.022813893327182182 9.2278775718104117e-05 0.005994600981957348 0.010841316454558601 -0.010441504689889566 0.0039728652245996391 -0.0031077642185364067 0.069033514923159359 -0.011396495144381253 0.015254185262385452 0.0049771834392541492 -0.012543936187551731 0.0018894286461072776 -0.0096854188375108449 -0.011963953830281459 -0.0059311597710871291 0.0048743311894941807 -0.00056085506761103512 0.0093693778945367762 -0.017679876361611811
leaf_weight=6.3127203285694113 551.35439560562372 432.99343598261476 1208.3222989961505 120.82806080952287 861.39156050980091 1519.3848489671946 1931.8066300600767 1645.1269154325128 1317.9854004532099 1683.7323891595006 931.6860203333199 645.94716715812683 351.09223671257496 180.78377529233694 1116.3769359178841 3390.5554747879505 679.80785773694515 5.238572694361209 917.67527920007706 773.5081378147006 2105.8607544749975 942.36187612637877 426.25575568526983 673.73949026316404 371.50091493502259 874.98533148318529 2176.2271623164415 2837.1286736726761 721.13217253983021 416.87736976146698
leaf_count=70 4022 8342 7895 1267 6187 8368 11949 13120 7433 11104 12039 3646 2423 1437 10148 22677 6969 50 6784 4205 11734 9815 2976 4741 4410 6696 12461 19697 4077 5006
internal_value=-9.28866e-05 -0.00777098 0.00254428 -0.0164441 0.00287887 0.00419155 -0.00128903 3.48983e-05 0.00585979 -0.00109987 -0.0141365 0.00397228 -0.0049821 -0.00475959 -0.00586879 0.00179755 -0.00996127 -0.0156175 -0.00714831 0.00916318 0.00786356 -0.00868598 -0.00139764 -0.00527096 -0.0197209 -0.00228979 0.00722931 0.0012653 0.00505514 -0.0166653
internal_weight=31818 8134.49 23683.5 3479.18 23255.1 15911.1 4655.31 7344 12097.2 3813.89 3046.18 7698.42 2130.16 2723.5 2542.72 5698.87 1743 428.429 1779.07 4398.75 3625.25 1622.17 2308.32 1100 1303.19 1426.34 3494.21 4204.21 1367.08 423.19
internal_count=231748 77094 154654 42842 149528 98119 34252 51409 71621 26498 34500 47314 15394 22303 20866 38289 18051 5126 12971 24307 20102 16784 15612 7717 16449 10718 19894 27420 7723 5076
cat_boundaries=0 1 2 3 4 5 6 7
cat_threshold=4793919 11227905 1844379 14963040 1845271 9908416 8983029
is_linear=0
shrinkage=0.04


Tree=37
num_leaves=31
num_cat=8
split_feature=30 31 6 7 30 14 22 15 8 10 6 22 22 9 17 22 21 22 22 22 14 23 3 30 23 2 22 11 14 23
split_gain=287.108 151.033 56.4541 46.2369 32.9171 32.2878 26.5801 23.7489 23.4082 21.6054 17.271 16.8259 15.3498 15.8737 15.3007 15.3429 14.9603 18.718 13.92 13.4713 13.6818 13.3381 14.6805 15.0554 13.1312 13.4512 17.8004 13.4758 13.4129 15.0164
threshold=-1.8600000000000003 4.5000000000000009 0.039999999999999598 4.5000000000000009 0.69000000000000072 4.7071428571428582 0 0.22645833333333337 33.025000000000013 4.5000000000000009 -0.015000000000000123 1 2 23.945000000000004 0.016666666666666653 3 0.55000000000000016 4 5 6 4.6125000000000007 29.430000000000003 0.083168642951251662 1.0616666666666672 41.82500000000001 33.535000000000004 7 42.500000000000007 3.2111111111111117 25.820000000000004
decision_type=2 2 2 2 2 8 1 10 2 2 2 1 1 2 8 1 8 1 1 1 10 2 8 2 2 2 1 2 8 2
left_child=5 3 7 9 8 -1 -6 10 -5 19 12 -10 -3 -14 -12 -16 -11 21 -9 -2 24 -18 -23 -24 28 -26 27 -27 29 -21
right_child=1 2 -4 4 6 -7 -8 18 11 16 14 -13 13 -15 15 -17 17 -19 -20 20 -22 22 23 -25 25 26 -28 -29 -30 -31
leaf_value=-0.012826115778215404 0.005728391998427446 0.0039707196671632788 -0.011942089153258702 -0.0063050131035235777 0.0072891539697680849 -0.031450044575792292 -0.001307158089075293 0.0056680334105537388 0.004033926265903048 0.00012900656266531013 -0.0057810112008209969 -0.0035939958130586703 -0.0032200735208564235 0.031286313065031789 0.0094659347765804411 -0.0028354370820739584 -0.028789742509718372 -0.00051625561529560762 -0.018529497370335921 0.020549685617627475 -0.0093471580625345985 0.0091463567621518655 0.015963646985186718 0.048233976156752185 0.0037524513441323584 -0.010112050831736939 0.0020087188459198399 0.0016115612772662562 0.0028924687367742701 0.0063678481397853835
leaf_weight=216.85106948763132 4217.5905406661332 1003.8820641189814 1376.969911172986 1997.1634072959423 1077.1703193858266 475.60426883399487 1222.0088902190328 46.17158342897892 854.00538040697575 4677.725955106318 2484.2668097242713 986.12129024416208 1253.4261522144079 21.699717625975609 215.42817427963018 569.27365938946605 9.9749128520488721 231.81053185462952 214.40758741647005 129.33752924203873 142.4365759678185 117.78715262562037 51.822581686079502 41.781239904463291 2012.7100124955177 455.53836906701326 1201.5078270435333 239.27315204590559 2647.0169803984463 1564.1346006989479
leaf_count=2982 27082 8092 13475 14930 6376 8893 7262 404 6277 30408 22385 7272 10131 169 1795 4671 72 1444 1962 897 1028 723 337 243 12461 2830 7464 1470 17869 10092
internal_value=-0.000143603 0.000424276 -0.0046601 0.00195437 -0.0010385 -0.0256177 0.00274625 -0.00293383 -0.0033062 0.00298961 -0.00237953 -5.14757e-05 0.000293383 -0.00261237 -0.00424298 0.000626218 0.000801286 0.00774062 -0.0147355 0.00388005 0.00294079 0.0157011 0.0185433 0.0303679 0.00315652 0.00147488 -0.000942481 -0.00598859 0.004671 0.00745097
internal_weight=31754.9 31062.4 7185.53 23876.9 6136.47 692.455 2299.18 5808.56 3837.29 17740.4 5547.98 1840.13 2279.01 1275.13 3268.97 784.702 5130.9 453.176 260.579 12609.5 8391.96 221.366 211.391 93.6038 8249.52 3909.03 1896.32 694.812 4340.49 1693.47
internal_count=231496 219621 63084 156537 42117 11875 13638 49609 28479 114420 47243 13549 18392 10300 28851 6466 33227 2819 2366 81193 54111 1375 1303 580 53083 24225 11764 4300 28858 10989
cat_boundaries=0 1 2 3 4 5 6 7 8
cat_threshold=5531461 9990343 10985904 5279848 5028564 2107656 1739796 2106049
is_linear=0
shrinkage=0.04


Tree=38
num_leaves=31
num_cat=6
split_feature=1 30 30 29 30 32 1 1 20 1 31 1 22 9 22 14 15 23 22 7 7 22 7 17 25 15 22 3 23 22
split_gain=400.872 252.259 72.7858 59.1926 56.0451 46.7347 91.5466 50.6573 39.9483 35.8853 33.9214 26.5515 25.3448 24.7887 23.6614 21.5267 21.4998 20.9362 20.7662 19.8761 19.6141 19.5375 19.2842 18.321 17.6156 18.1726 19.9055 21.9624 18.1293 17.4759
threshold=4.5000000000000009 -0.14449999999999982 -1.6533333333333329 1.7950000000000002 0.94833333333333358 5.3050000000000006 1.5000000000000002 2.5000000000000004 0.15476190476190479 5.5000000000000009 2.5000000000000004 2.5000000000000004 0 4.166666666666667 1 4.354166666666667 0.22707142857142862 51.765000000000008 2 4.5000000000000009 4.5000000000000009 3 4.5000000000000009 0.12705026455026455 -17.940833333333327 0.1770714285714286 4 0.10912291933418695 36.615000000000002 5
decision_type=2 2 2 2 2 2 2 2 10 2 2 2 1 2 1 10 10 2 1 2 2 1 2 10 2 10 1 10 2 1
left_child=2 3 15 -2 12 7 8 21 24 23 18 16 -3 -12 -13 -1 17 -8 -9 -6 -16 -4 -11 -5 -7 28 27 -27 -26 -10
right_child=1 4 5 9 19 6 11 10 29 22 13 14 -14 -15 20 -17 -18 -19 -20 -21 -22 -23 -24 -25 25 26 -28 -29 -30 -31
leaf_value=-0.0024004555998567534 -0.036234615052037372 -0.0011185712595628947 0.0067246762985521333 -0.012489320789011809 0.0054692258893175669 0.066331783999045935 0.011111000857205551 -0.0022151080486948437 -0.00024421715546134608 -0.016749245696669884 -0.0052867841130313717 0.0022453571880357184 -0.008450364726411452 0.001848330193420923 0.0092612379598281964 -0.021048353590780958 -0.020513155322529026 0.0027991748900651494 0.0088234918407356124 -0.0037214138596159919 0.0023086702752771813 0.0017721257589398797 -0.027367148416945031 0.0047364670836142573 0.0090960463466219187 0.03645164623507556 0.003851192870884822 -0.0074317797324974302 -0.0032393534863153378 -0.0080030687067419101
leaf_weight=160.50279948115349 235.94076970219612 1253.8072660341859 2069.8347041532397 1422.1466897688806 1421.2573045194149 7.3162540495395652 2795.1197446584702 458.90229469537735 783.57738817483187 763.21194800361991 3106.960018068552 2852.3697591349483 1934.4274191409349 1039.783825352788 2301.2771878316998 258.67397691681981 38.187962673604488 586.63141486048698 659.31336847692728 512.1695446819067 904.36321058869362 3355.5868655368686 426.68737122043967 106.16454001516104 290.99614765495062 87.888076305389404 201.91610580682755 23.028421573340893 552.7148000523448 1157.3249671310186
leaf_count=1738 5223 10365 13318 15924 8723 51 15292 2600 5523 10133 23593 17176 16565 7676 13441 3422 224 3001 3751 3190 5690 21833 6028 1031 1861 588 1357 154 3906 8356
internal_value=-1.14944e-05 -0.00770771 0.00261186 -0.0170162 -0.00233862 0.0029094 0.0045616 0.000964746 -0.00139964 -0.0153481 -0.00183039 0.00651437 -0.00559707 -0.00349768 0.00492366 -0.0139081 0.00933213 0.00966915 0.00435248 0.0030346 0.0072771 0.00367722 -0.0205567 -0.0112927 0.00445967 0.00406827 0.0123026 0.0250795 0.00101513 -0.00491317
internal_weight=31768.1 8075.81 23692.3 2954.15 5121.66 23273.1 12582.7 10690.4 3104.76 2718.21 5264.96 9477.95 3188.23 4146.74 6058.01 419.177 3419.94 3381.75 1118.22 1933.43 3205.64 5425.42 1189.9 1528.31 1163.86 1156.54 312.833 110.916 843.711 1940.9
internal_count=231733 77182 154551 38339 38843 149391 76620 72771 21796 33116 37620 54824 26930 31269 36307 5160 18517 18293 6351 11913 19131 35151 16161 16955 7917 7866 2099 742 5767 13879
cat_boundaries=0 1 2 3 4 5 6
cat_threshold=1845383 2180919 9050968 15811360 5770261 4826652
is_linear=0
shrinkage=0.04


Tree=39
num_leaves=31
num_cat=9
split_feature=1 31 30 14 30 29 1 7 31 1 1 30 1 18 22 22 8 29 22 22 1 22 33 22 3 8 22 30 22 1
split_gain=330.412 249.138 73.5282 72.9016 52.0233 49.3921 42.9193 59.0889 50.4802 33.9632 33.1098 28.7564 28.6762 27.4479 25.0715 22.877 21.2948 20.8939 24.3532 21.3367 20.6079 23.9684 22.0577 19.5848 19.5413 18.9797 18.6049 18.1615 18.7401 18.069
threshold=4.5000000000000009 4.5000000000000009 1.0283333333333338 4.1055555555555561 -1.4266666666666667 2.0150000000000001 1.5000000000000002 4.5000000000000009 1.5000000000000002 3.5000000000000004 5.5000000000000009 0.22 5.5000000000000009 3.5000000000000004 0 1 40.685000000000009 4.7650000000000006 2 3 2.5000000000000004 4 5 6 0.078999375910131078 40.795000000000009 7 1.4708333333333334 8 3.5000000000000004
decision_type=2 2 2 10 2 2 2 2 2 2 2 2 2 10 1 1 2 2 1 1 2 1 1 1 10 2 1 2 1 2
left_child=3 2 10 6 29 -3 8 9 -1 17 15 26 -7 14 25 -2 -17 18 -8 -19 21 -6 -23 -10 -25 -12 -9 -11 -29 -5
right_child=1 5 -4 4 20 12 7 11 23 27 13 -13 -14 -15 -16 16 -18 19 -20 -21 -22 22 -24 24 -26 -27 -28 28 -30 -31
leaf_value=-0.00693155651379577 -0.0068833466131364863 -0.034935497321802143 0.0042133881167009789 -0.009560897810315036 -0.0032252816261983054 -0.012030760233964464 -0.0025491975885902386 0.003331615539953362 -0.0017177575427377025 0.0012014658971608164 -0.0034651563442561267 0.0034553022368519859 -0.021798634233867062 -0.017013373813753636 -0.011663079982503368 -0.0012439656849265839 0.012319989214027049 0.010652214110805832 0.0075773283971804018 0.0060073302954122762 -0.004503419809736617 0.01464611160996759 0.0013565757404203976 0.0079724233296112768 0.00060251058512469468 0.015766381738649211 -0.0054933798424743356 0.02216004018229872 0.0034266148082687702 -0.026210913643284563
leaf_weight=1245.8115225881338 1013.0977224372327 256.51846762001514 1743.2673018202186 283.55798907577991 721.94638849049807 1108.3304179646075 695.48450723290443 509.66426220908761 1196.9244325906038 2792.373195335269 457.40720906853676 2130.8998959958553 849.4461157284677 564.41730977594852 632.36986790597439 1042.8671210855246 225.17841350659728 3041.2491562366486 821.53394963592291 3554.9777314439416 1457.938739195466 327.84957526624203 510.44286730885506 1255.1528480276465 1063.280421487987 100.07023276016116 1474.0520516894758 130.58121632039547 251.35418999195099 164.95050979778171
leaf_count=9506 8366 5811 10623 3012 4867 12781 4745 3770 8072 19004 4290 11917 11997 5987 6057 8310 1767 16478 5518 19518 11089 2186 3390 8340 7069 895 11082 689 1330 2343
internal_value=7.13479e-06 -0.00702301 -0.00265152 0.00238511 -0.0029731 -0.0184313 0.00330635 0.00433241 -1.28895e-05 0.00582825 -0.00561711 0.000228882 -0.0162689 -0.00974875 -0.0063027 -0.00243976 0.0011556 0.00720069 0.00296792 0.00817415 -0.00108418 0.00211088 0.00666539 0.00243902 0.00457271 -1.27617e-05 -0.00323692 0.00232044 0.0105014 -0.0156844
internal_weight=31623 7992.97 5778.68 23630 3466.69 2214.3 20163.3 15402.2 4761.17 11287.6 4035.41 4114.62 1957.78 1754.26 1189.85 2281.14 1268.05 8113.25 1517.02 6596.23 3018.18 1560.24 838.292 3515.36 2318.43 557.477 1983.72 3174.31 381.935 448.508
internal_count=230809 76884 46295 153925 26887 30589 127038 94051 32987 67282 35672 26769 24778 17229 11242 18443 10077 46259 10263 35996 21532 10443 5576 23481 15409 5185 14852 21023 2019 5355
cat_boundaries=0 1 2 3 4 5 6 7 8 9
cat_threshold=584223 12833480 14177988 13506256 836827 452 9181584 11599912 9218082
is_linear=0
shrinkage=0.04


Tree=40
num_leaves=31
num_cat=6
split_feature=1 31 30 17 29 1 1 1 23 30 31 27 23 30 1 7 22 13 22 22 22 22 7 9 32 0 9 6 22 6
split_gain=335.351 220.328 70.388 56.6796 51.8078 41.1215 38.7034 58.8409 59.2839 43.551 38.9729 30.8228 29.8483 26.1361 25.1475 24.2751 22.7198 22.1155 44.7907 29.7604 21.3947 20.9367 19.8146 18.5041 18.1981 18.1497 17.4696 17.2636 19.6675 16.8988
threshold=4.5000000000000009 4.5000000000000009 -1.1349999999999993 0.012962962962962997 1.7950000000000002 5.5000000000000009 3.5000000000000004 1.5000000000000002 38.185000000000009 0.070000000000000742 2.5000000000000004 1.5000000000000002 5.8050000000000006 0.28000000000000075 5.5000000000000009 4.5000000000000009 0 6.5000000000000009 1 2 3 4 5.5000000000000009 7.554166666666668 4.9250000000000007 0.15065961956824905 6.8216666666666645 -0.036666666666667506 5 0.0050000000000003384
decision_type=2 2 2 8 2 2 2 2 2 2 2 2 2 2 2 2 1 2 1 1 1 1 2 2 2 10 2 2 1 2
left_child=2 3 12 14 -3 -6 7 8 -4 16 -8 -10 24 20 27 -12 -9 19 -19 -11 26 -13 -14 -18 -1 -17 -5 28 -2 -15
right_child=1 4 6 13 5 -7 10 9 11 17 15 21 22 29 -16 25 23 18 -20 -21 -22 -23 -24 -25 -26 -27 -28 -29 -30 -31
leaf_value=-0.023700388569745306 -0.0073440872769944109 -0.036381134426379726 0.0044951244595078819 -0.0025798330439580726 -0.01079817958828266 -0.022479935648473247 0.003828775494235874 0.0058273999345199801 -0.0097152030809914396 0.013360872462803288 -0.00076993321612115655 -0.0072376396160534276 -0.0020583941478653136 0.0045491612312315941 -0.01324354887146087 0.0016434872745816837 -0.0010608680781060082 0.014437340892467 0.0053127049493034376 0.0035744971100140329 -0.011524750587787581 0.0023178906065754561 -0.016909783458264781 0.0080399768679295016 0.061192979318958479 -0.011908892865086096 0.021015850171189815 -0.0063352390306194275 0.019203027305349091 -0.0017136940945151966
leaf_weight=173.37764460220933 76.820219784975052 219.10489976406097 2667.8514784500003 301.92938612401485 1109.7475542873144 852.52726993337274 2166.5456320717931 1886.6541356891394 952.29198348522186 587.90182967483997 1901.6445680111647 526.22512144595385 1024.9672819934785 1603.8599947169423 908.46129516139627 205.65875720232725 2547.2670307904482 1628.1705744117498 1903.8112543970346 3147.5998945981264 484.72498567029834 1152.7467250227928 167.18330511078238 415.80874314904213 4.1365410014986983 683.84844902902842 60.216420844197273 1058.8208439722657 88.300230573862791 1208.9393471255898
leaf_count=2446 605 5181 17390 2875 13052 12395 12378 12291 6971 3121 14102 3855 9496 10688 9213 1603 16968 8483 10106 16910 4726 8259 1759 2658 42 5643 543 8808 688 8334
internal_value=-7.82178e-07 -0.00709842 0.0023827 -0.00301785 -0.0179333 -0.0158734 0.00292155 0.00380917 0.000293394 0.00534669 -0.000196624 -0.00396676 -0.00641968 2.58365e-06 -0.00820159 -0.00332122 0.00241113 0.00730565 0.00957489 0.00516004 -0.00615798 -0.000706316 -0.0041411 0.000215527 -0.0217222 -0.00877551 0.00130748 -0.00445923 0.00757051 0.00185739
internal_weight=31717.1 7973.45 23743.7 5792.07 2181.38 1962.27 22374 17416.3 5299.12 12117.2 4957.7 2631.26 1369.66 3659.67 2132.4 2791.15 4849.73 7267.48 3531.98 3735.5 846.871 1678.97 1192.15 2963.08 177.514 889.507 362.146 1223.94 165.12 2812.8
internal_count=231589 77108 154481 46480 30628 25447 140738 107012 36475 70537 33726 19085 13743 27166 19314 21348 31917 38620 18589 20031 8144 12114 11255 19626 2488 7246 3418 10101 1293 19022
cat_boundaries=0 1 2 3 4 5 6
cat_threshold=15076000 11296080 4391424 1836575 11817217 8656463
is_linear=0
shrinkage=0.04


Tree=41
num_leaves=31
num_cat=5
split_feature=1 30 30 14 30 1 1 30 0 1 14 1 1 6 9 6 8 22 6 13 11 22 25 22 22 22 15 3 8 17
split_gain=335.457 207.191 67.8461 66.3545 50.5611 37.9587 37.0986 63.3123 49.6 33.3309 33.6102 30.5484 27.5148 26.1336 24.3005 24.0655 23.6277 23.2154 23.1019 22.2073 21.3018 27.3582 19.8073 19.8038 18.8246 18.5369 22.0919 18.4557 18.5961 18.2601
threshold=4.5000000000000009 -0.14449999999999982 -0.97000000000000031 4.8166666666666673 1.3066666666666671 5.5000000000000009 1.5000000000000002 -0.008333333333333524 0.1532158385093168 1.5000000000000002 4.7638888888888902 3.5000000000000004 5.5000000000000009 -0.043333333333333439 8.0158333333333385 0.050000000000000273 45.045000000000009 0 -0.043333333333332551 7.5000000000000009 46.500000000000007 1 19.670833333333338 2 3 4 0.11414285714285717 0.28607322325915296 26.625000000000004 -0.1166666666666666
decision_type=2 2 2 8 2 2 2 2 8 2 10 2 2 2 2 2 2 1 2 2 2 1 2 1 1 1 10 10 2 10
left_child=2 3 9 5 12 27 8 11 17 -1 -11 23 -3 -7 24 19 25 -4 -19 -9 21 -10 -17 29 -14 -13 -27 28 -2 -8
right_child=1 4 6 -5 -6 13 7 15 20 10 -12 16 14 -15 -16 22 -18 18 -20 -21 -22 -23 -24 -25 -26 26 -28 -29 -30 -31
leaf_value=0.0057816493651683962 -0.019029427249709362 -0.0015676586293635376 0.00028188772203350653 -0.03034056298573419 0.0048391811174495489 -0.0024402953281225815 -0.00024157992782206452 0.00475754707738444 0.0055957373658746664 -0.0045983892258804225 -0.019749763344499734 0.00011371336242502596 -0.015193220008205178 -0.021585419676409069 0.0038980568401107162 -0.0023865564933129163 0.010928356769559206 -0.018215605120496886 -0.0053317936317543984 0.0086395252350835207 0.0078223079833758778 -0.0031749115527082684 0.011947263276494131 -0.00032013918725827892 -0.0059203522369526062 0.016803599343074932 -0.010859761736524014 0.020389946780219631 -0.0073224479581217583 0.0080522027236356285
leaf_weight=386.20539724826813 271.67899441719055 2176.3051183819771 760.98158805817366 428.59643425419927 1198.3578535467386 130.92275088652968 636.76077022403479 5891.5333943963051 1038.2393611520529 1304.6805525682867 285.51841988041997 546.44108241051435 664.43007953464985 886.66960090398788 225.66224562376738 906.46408232301474 149.4001300483942 306.81824313849211 812.00504632294178 3931.0397506430745 1009.5989034920931 1235.6398170590401 185.8790148794651 2162.5489606410265 830.02859316021204 48.83916137367487 851.38364355266094 33.478458300232887 1080.5748715884984 1275.5787776783109
leaf_count=3064 3080 16391 5354 8623 7003 1734 4335 32597 7041 12031 3508 4426 6113 12465 1922 5364 1146 2251 5771 21525 6530 8561 1009 14253 7446 387 6989 427 11872 8106
internal_value=-4.33371e-05 -0.00716757 0.00233687 -0.0158416 -0.00234613 -0.0132559 0.00298168 0.00390342 2.07768e-05 -0.00475887 -0.0073188 0.000474822 -0.00455599 -0.0191222 -0.00833685 0.00568479 -0.00421611 -0.00516064 -0.00878643 0.00631113 0.00298716 0.000840359 5.25639e-05 0.00231218 -0.0101843 -0.00578011 -0.00925614 -0.00894814 -0.00967448 0.00526306
internal_weight=31652.3 7926.71 23725.6 2831.92 5094.78 2403.32 21749.2 16585.9 5163.28 1976.4 1590.2 5670.95 3896.43 1017.59 1720.12 10914.9 1596.06 1879.8 1118.82 9822.57 3283.48 2273.88 1092.34 4074.89 1494.46 1446.66 900.223 1385.73 1352.25 1912.34
internal_count=231324 77076 154248 38201 38875 29578 135645 100137 35508 18603 15539 39642 31872 14199 15481 60495 12948 13376 8022 54122 22132 15602 6373 26694 13559 11802 7376 15379 14952 12441
cat_boundaries=0 1 2 3 4 5
cat_threshold=2336293 7351357 16124556 12000576 1313230
is_linear=0
shrinkage=0.04


Tree=42
num_leaves=31
num_cat=2
split_feature=1 30 30 1 1 31 1 30 30 29 14 9 7 13 9 30 21 7 9 3 33 30 8 12 0 21 7 11 25 19
split_gain=296.031 129.615 115.092 76.9657 49.4659 65.285 64.9997 41.6178 38.4336 38.3373 35.5657 29.0742 26.2652 24.4455 23.6379 23.2355 21.4888 20.9923 19.6018 19.262 18.121 22.7973 17.5551 17.2109 17.0069 16.7661 15.3968 14.8941 15.7375 18.4332
threshold=5.5000000000000009 -0.13499999999999931 -0.73166666666666613 3.5000000000000004 3.5000000000000004 2.5000000000000004 1.5000000000000002 1.7136666666666669 -2.4324999999999988 6.3350000000000009 4.1055555555555561 -2.5155000000000007 5.5000000000000009 1.5000000000000002 9.1324999999999985 -0.83499999999999963 0.45000000000000007 2.5000000000000004 4.166666666666667 0.16008658008658011 0 1.6136666666666672 31.040000000000003 1 0.17403385217723458 0.29166666666666669 4.5000000000000009 37.500000000000007 1.388333333333333 0.70833333333333337
decision_type=2 2 2 2 2 2 2 2 2 2 10 2 2 2 2 2 10 2 2 8 1 2 2 1 10 8 2 2 2 10
left_child=2 15 3 -1 6 20 9 14 -5 27 11 -8 18 -12 25 16 -2 -13 23 -16 21 -6 24 -7 -10 -3 -17 -4 29 -29
right_child=1 7 4 8 5 12 10 -9 22 -11 13 17 -14 -15 19 26 -18 -19 -20 -21 -22 -23 -24 -25 -26 -27 -28 28 -30 -31
leaf_value=-0.00050739527641399857 -0.028124846892417458 -0.011680582479658769 -0.0012560011723307303 -0.031658045182592735 0.004001089937871293 -0.00032800574207423504 0.0031659380036881675 0.0084637649616878113 -0.0078894076020612908 -0.0055415564666636127 0.0098818909940409736 0.010363868513578973 -0.010904482200536015 -0.0041846979661457487 0.0017052307997340139 -0.011881407302147961 0.04641180202685339 0.0057284087908182355 0.00271520671339042 0.04858686447067511 0.00050339127299434605 0.014495520886129439 -0.006434457240023032 -0.0068375361862353309 -0.022066976102834972 -0.0034932993012661562 -0.024315827401540462 0.0097652708932584563 0.0014331591122738077 -0.019067009786384627
leaf_weight=2328.8600107356906 558.33616684004664 1193.0479666218162 1305.1367736160755 144.42097279801965 1698.5730294808745 1153.5264391750097 3542.5147967711091 304.21426540613174 248.80595306679606 1505.2588981986046 250.11864450573921 2700.911464124918 672.07092422246933 942.65446741133928 208.59361546486616 442.23478534817696 6.257953777909278 3710.6152563616633 928.54497580230236 15.032762214541433 1748.7904049009085 411.4175458997488 861.51731776446104 1501.8064252361655 296.94220215827227 602.193593531847 249.06643245369196 792.80972078442574 1308.1411468610168 37.140314921736717
leaf_count=18775 10525 10666 8947 3070 10542 8912 19917 1717 2846 11213 1532 14541 5880 6013 1673 5597 96 20999 7257 123 10620 2216 9760 12506 3577 4874 3441 5076 8570 246
internal_value=-9.08468e-05 -0.0109253 0.00128956 -0.00510564 0.00231463 -0.000231783 0.00359844 -0.00532837 -0.012007 -0.000216654 0.00529211 0.00607424 -0.00364809 -0.001235 -0.00740665 -0.0212783 -0.0272987 0.00768114 -0.00228732 0.00485674 0.00353615 0.00601883 -0.00999026 -0.00403666 -0.0156034 -0.00893425 -0.0163614 0.00211121 0.00416662 0.00847502
internal_weight=31669.6 3578.98 28090.6 3880.55 24210 8114.73 16095.3 2323.08 1551.69 4948.49 11146.8 9954.04 4255.95 1192.77 2018.87 1255.9 564.594 6411.53 3583.88 223.626 3858.78 2109.99 1407.27 2655.33 545.748 1795.24 691.301 3443.23 2138.09 829.95
internal_count=231727 38712 193015 38028 154987 57933 97054 19053 19253 34052 63002 55457 34555 7545 17336 19659 10621 35540 28675 1796 23378 12758 16183 21418 6423 15540 9038 22839 13892 5322
cat_boundaries=0 1 2
cat_threshold=440 3
is_linear=0
shrinkage=0.04


Tree=43
num_leaves=31
num_cat=8
split_feature=1 30 30 1 31 1 23 31 18 1 7 7 22 15 22 30 22 9 30 9 8 22 22 13 22 11 22 9 22 2
split_gain=259.098 128.417 110.779 67.2253 90.5873 39.7578 45.8438 41.4418 34.2399 32.8781 32.8278 27.4268 26.8674 20.8644 20.5427 19.7146 19.4706 18.9964 21.7639 18.6512 18.6217 18.1768 17.607 16.981 26.2148 16.1815 15.8327 15.5728 16.4338 15.4511
threshold=5.5000000000000009 -0.47449999999999987 -1.3583333333333329 3.5000000000000004 2.5000000000000004 1.5000000000000002 36.615000000000002 3.5000000000000004 3.5000000000000004 2.5000000000000004 3.5000000000000004 1.5000000000000002 0 0.22645833333333337 1 -2.2891666666666661 2 12.353333333333335 1.6791666666666665 -3.2074999999999991 22.255000000000003 3 4 10.500000000000002 5 46.500000000000007 6 -3.6349999999999993 7 34.695000000000007
decision_type=2 2 2 2 2 2 2 2 10 2 2 2 1 10 1 2 1 2 2 2 2 1 1 2 1 2 1 2 1 2
left_child=2 -2 9 5 22 6 -4 23 17 -1 12 16 -6 19 -13 -11 -8 18 26 -9 -12 -17 -5 27 -25 -16 -3 29 -29 -7
right_child=1 8 3 4 10 7 11 13 -10 15 20 14 -14 -15 25 21 -18 -19 -20 -21 -22 -23 -24 24 -26 -27 -28 28 -30 -31
leaf_value=-0.0010739009274201424 -0.023866898788127304 -0.0015263402569994956 0.0040904516036130902 0.0067892484635640737 0.0026548079967316706 0.005296400021861848 0.0003320815246906455 -0.0018442699127815471 -0.014115569783948574 -0.0274419853716436 -0.016608442411081791 0.0060637775600591226 -0.0055267082031163397 -0.011744306780851241 -0.0054889578550944883 -0.0027048278350532157 -0.01252487743544026 0.010946876781182365 0.0053845641885626261 0.0036075124400677273 -0.0064525693639289816 -0.017918368643503529 0.001264538302090375 0.0011436611833193198 0.0142177304449602 0.0047701640035162788 -0.0096952470024337604 0.0038555034277532913 0.0088086250113105485 -0.0021040699932458962
leaf_weight=337.90565702319145 856.24660831317306 656.92407546192408 2536.1338763162494 1524.280761256814 1302.655498445034 1097.5643668025732 270.45994130522013 1442.3092646449804 642.21905850619078 184.88631641864777 329.30194680392742 530.37924712151289 1249.4882733225822 184.92164334654808 1073.7060746923089 217.71542816609144 662.30304149538279 135.55557289719582 297.22003689408302 3304.2099743410945 2352.7900123186409 343.13895658776164 2356.140279173851 357.69474950432777 855.35201251506805 319.09752286970615 939.51573614776134 2004.634541541338 2448.1309992074966 766.74108105897903
leaf_count=3237 14758 5760 16519 9134 10635 5908 2018 9811 6870 3746 3025 3697 10327 1338 7786 2704 4952 1058 1673 21782 21162 4325 14326 1893 4397 2205 8354 10729 12865 4131
internal_value=-0.000169565 -0.0103866 0.00111528 0.00161916 -0.00117591 0.0030461 0.000176539 0.00428775 -0.00606592 -0.0114245 -0.0046094 -0.00329909 -0.00136198 0.00143735 -0.000569182 -0.0161145 -0.00892765 -0.00351832 -0.0045538 0.0019509 -0.00769949 -0.0123804 0.00345547 0.00615447 0.0104892 -0.00311617 -0.00640409 0.00532209 0.00660717 0.00225278
internal_weight=31579.6 3527.68 28051.9 26968.3 9114.66 17853.6 5392.08 12461.6 2671.43 1083.65 5234.24 2855.95 2552.14 4931.44 1923.18 745.741 932.763 2029.22 1893.66 4746.52 2682.09 560.854 3880.42 7530.12 1213.05 1392.8 1596.44 6317.07 4452.77 1864.31
internal_count=231125 38473 192652 178640 68609 110031 37177 72854 23715 14012 45149 20658 20962 32931 13688 10775 6970 16845 15787 31593 24187 7029 23460 39923 6290 9991 14114 33633 23594 10039
cat_boundaries=0 1 2 3 4 5 6 7 8
cat_threshold=6196408 1567 3319296 3266626 1075654 27150 324167 5276991
is_linear=0
shrinkage=0.04


Tree=44
num_leaves=31
num_cat=6
split_feature=1 30 30 30 1 1 30 1 25 6 15 6 6 15 22 14 6 3 22 10 22 22 1 22 22 9 6 9 3 13
split_gain=247.585 121.003 102.485 67.9652 84.424 68.4166 46.4457 40.8808 36.1532 27.768 27.857 26.7696 24.7657 22.3046 21.7405 20.5898 19.4334 19.4035 18.5545 18.2415 26.344 17.8137 17.5216 20.9999 18.3229 17.5205 17.0942 15.9121 15.8686 16.861
threshold=5.5000000000000009 0.39183333333333353 -1.9508333333333332 -0.008333333333333524 3.5000000000000004 1.5000000000000002 -0.83499999999999963 2.5000000000000004 15.008333333333336 -0.035000000000000579 0.15950000000000006 -0.031666666666666725 0.048333333333333346 0.22645833333333337 0 4.8660714285714297 -0.039999999999999584 0.30787458986511124 1 1.5000000000000002 2 3 2.5000000000000004 4 5 -5.3216666666666628 0.0050000000000003384 5.140833333333334 0.24078921853790966 7.5000000000000009
decision_type=2 2 2 2 2 2 2 2 2 2 10 2 2 10 1 8 2 10 1 2 1 1 2 1 1 2 2 2 10 2
left_child=2 6 15 4 13 11 -2 28 12 -6 21 14 -9 22 -5 -1 -8 -18 -12 20 -3 -11 24 25 27 -24 -21 -4 29 -7
right_child=1 19 3 5 9 7 16 8 -10 10 18 -13 -14 -15 -16 -17 17 -19 -20 26 -22 -23 23 -25 -26 -27 -28 -29 -30 -31
leaf_value=-0.0088280524099227046 -0.026892174847211021 -0.0057284084586061079 -0.0024363227011129844 -0.012085902128219559 0.0023403267644903202 0.0059929493746655798 -0.0015883080416066405 0.0022125208471865231 0.006645201781037835 0.0022320967254361424 -0.0033951351955054617 0.00077387625673722398 -0.0051290164416715788 -0.0096236267135475489 -0.0017474059382925401 -0.028607350060177859 -0.015685434290925136 0.024192593183592601 -0.012954080744880008 -3.6286932978831485e-05 0.016249269518877622 -0.0071141372581931981 -0.0074059029120994071 -0.0029249736310700339 0.0053743705115510479 0.0093177498568243287 -0.0093626562304978487 0.0080092078141468168 -0.0055523830873966821 0.011332338561061838
leaf_weight=143.97628747299314 536.19379941001534 157.47980549931526 1100.13348723948 580.20004710555077 550.13207395374775 2315.6512218564749 203.47459872812033 5787.0568595230579 2883.4318228363991 586.61305202171206 459.83557245135307 2300.6636360883713 842.17518875747919 273.86040841042995 753.47169786691666 202.84714789688587 1131.8528858795762 19.865039654076099 1351.6339374706149 705.2098948135972 179.04273983836174 719.78579740971327 127.19956844300032 1768.3443730026484 2871.1243821084499 472.76286791265011 567.47329740226269 296.15214702486992 139.5396471619606 1600.187563046813
leaf_count=2017 10543 1098 7527 4262 4943 12118 2302 35553 16321 5549 4616 15822 5567 2065 5358 4085 13779 236 13616 5018 1251 6890 929 12600 19155 3325 4266 1973 707 8113
internal_value=-3.55744e-05 -0.0100674 0.00121296 0.00148275 -0.00104038 0.00303419 -0.0169271 0.00433976 0.00290617 -0.00594506 -0.00740697 -0.00183989 0.00127985 0.00156331 -0.00634878 -0.0203964 -0.0129843 -0.0149976 -0.0106178 -0.00200486 0.00627718 -0.00295476 0.002025 -0.000734091 0.00355623 0.00567749 -0.0041948 -0.000219256 0.00770253 0.00817486
internal_weight=31627.4 3500.59 28126.8 27780 10577.6 17202.4 1891.39 13568 9512.66 3668 3117.87 3634.34 6629.23 6909.58 1333.67 346.823 1355.19 1151.72 1811.47 1609.21 336.523 1306.4 6635.72 2368.31 4267.41 599.962 1272.68 1396.29 4055.38 3915.84
internal_count=231604 38493 193111 187009 83188 103821 26860 78379 57441 35614 30671 25442 41120 47574 9620 6102 16317 14015 18232 11633 2349 12439 45509 16854 28655 4254 9284 9500 20938 20231
cat_boundaries=0 1 2 3 4 5 6
cat_threshold=13064640 1081539 11445456 5841118 11796552 1843290
is_linear=0
shrinkage=0.04


Tree=45
num_leaves=31
num_cat=6
split_feature=1 30 30 14 23 30 6 1 12 1 30 23 0 8 22 30 22 1 3 11 1 11 1 30 22 2 6 10 22 22
split_gain=249.286 155.663 70.6474 40.4098 35.8797 29.9046 25.8226 22.1593 39.6415 35.7901 35.7536 29.7596 26.5627 24.9018 29.4722 23.2031 22.2034 21.5455 23.7884 26.944 20.884 22.6775 20.7278 20.5625 18.9651 18.8513 18.4676 17.5676 20.0249 17.5277
threshold=4.5000000000000009 -0.67500000000000038 0.64166666666666605 4.1055555555555561 1.0000000180025095e-35 -1.8600000000000003 -0.009999999999999341 1.5000000000000002 0 3.5000000000000004 1.2636666666666667 45.565000000000005 0.15367495623519722 32.505000000000003 1 -0.008333333333333524 2 5.5000000000000009 0.17134964483030785 59.500000000000007 1.5000000000000002 31.500000000000004 5.5000000000000009 1.2044999999999997 3 46.980000000000011 -0.05000000000000026 3.5000000000000004 4 5
decision_type=2 2 2 10 2 2 2 2 1 2 2 2 8 2 1 2 1 2 10 2 2 2 2 2 1 2 2 2 1 1
left_child=3 4 17 7 -2 -5 -6 10 11 13 12 -9 16 14 -10 -13 -1 -3 26 25 21 -7 -8 29 -22 -20 -19 28 -11 -15
right_child=1 2 -4 5 6 20 22 8 9 27 -12 15 -14 23 -16 -17 -18 18 19 -21 24 -23 -24 -25 -26 -27 -28 -29 -30 -31
leaf_value=-0.0083856993670374403 -0.035106548371092255 -0.0046244217904047435 0.0012976050693032808 -0.017287578462804681 -0.0078664196469159023 -0.0074526545747590628 -0.014615556142445703 0.011000362655988933 0.006514407124360363 -0.0040041552834571125 -0.0075334578913162685 -0.0057229759910774379 0.0042002378991243296 0.00055916385269213738 -0.0013985298279276257 0.0053710680299675585 0.0017163491667625639 0.0011923530403431478 -0.0011289287797926527 0.0908247854195392 -0.0078257788263562077 0.0086815132105950033 -0.027539254527375105 0.015456197078055208 -0.00042951781092782557 0.084177651036891524 -0.01370696203523632 -0.004968730209742883 0.0048082639670354206 0.0065233136345899199
leaf_weight=598.94091705977917 177.17729863896966 2123.8039708212018 2699.5468001291156 194.1513436101377 424.79789436236024 184.78341495990753 474.11069989576936 1526.2230975925922 1071.7065351158381 702.7665777951479 786.99623063206673 335.07623898983002 2587.7390646636486 1130.7525984272361 2472.6480419784784 3022.6043558642268 810.01896522194147 148.48789743334055 90.016088258475065 5.912268489599227 820.41316019371152 567.36236076056957 341.65225185453892 311.82817931473255 1688.2168733030558 4.3447712585330001 1284.9628027714789 1390.9810600169003 971.36764520406723 2681.0563284978271
leaf_count=4271 4706 18754 17614 2926 6239 1334 6470 8616 6339 5051 5959 2150 17310 6836 14938 15868 5662 1577 1001 68 6235 3830 6044 1565 12651 48 14705 10154 6889 16024
internal_value=-6.32883e-05 -0.00628352 -0.00361066 0.00196395 -0.0182685 -0.00203652 -0.0158637 0.00264145 0.00337107 0.00200501 0.000259498 0.00635607 0.00179402 0.00346724 0.00100854 0.00426395 -0.00262531 -0.00723334 -0.010846 0.00798909 -0.00112845 0.00471775 -0.0200282 0.00558055 -0.00288127 0.00279895 -0.0121636 -0.00164652 0.0011138 0.00477266
internal_weight=31630.4 7774.81 6357.07 23855.6 1417.74 3454.93 1240.56 20400.7 15617 10733.1 4783.7 4883.9 3996.7 7667.99 3544.35 3357.68 1408.96 3657.53 1533.72 100.273 3260.78 752.146 815.763 4123.64 2508.63 94.3609 1433.45 3065.12 1674.13 3811.81
internal_count=231834 77226 53767 154608 23459 26976 18753 127632 94430 67796 33202 26634 27243 45702 21277 18018 9933 36153 17399 1117 24050 5164 12514 24425 18886 1049 16282 22094 11940 22860
cat_boundaries=0 1 2 3 4 5 6
cat_threshold=1 11404032 5527706 4736538 15009287 526274
is_linear=0
shrinkage=0.04


Tree=46
num_leaves=31
num_cat=7
split_feature=30 18 14 7 7 25 22 9 22 11 22 22 30 15 6 30 14 22 11 6 29 2 29 22 14 13 7 22 2 0
split_gain=175.077 78.6287 36.479 34.4446 33.6197 27.094 21.7443 17.5236 17.1909 17.0561 17.8081 16.0531 15.0451 15.9772 12.8348 12.589 12.2865 12.2585 13.0573 19.165 15.5265 14.1657 15.0621 13.7142 12.6384 12.2324 11.9556 23.1618 14.7921 14.6349
threshold=-1.8600000000000003 4.5000000000000009 4.9500000000000011 4.5000000000000009 5.5000000000000009 8.8741666666666692 0 8.9316666666666684 1 48.500000000000007 2 3 -0.32333333333333297 0.20612500000000006 -0.034500000000000412 1.6481666666666663 4.354166666666667 4 42.500000000000007 -0.045000000000000366 7.9150000000000009 35.165000000000006 5.9250000000000007 5 1.3875000000000002 1.5000000000000002 1.5000000000000002 6 28.600000000000005 0.16425637244575525
decision_type=2 10 8 2 2 2 1 2 1 2 1 1 2 10 2 2 10 1 2 2 2 2 2 1 8 2 2 1 2 10
left_child=2 3 14 7 12 6 -5 17 -9 10 -7 -11 13 25 16 -8 -1 18 20 -20 21 -2 -23 -24 -21 -3 27 28 29 -27
right_child=1 4 -4 5 -6 9 15 8 -10 11 -12 -13 -14 -15 -16 -17 -18 -19 19 24 -22 22 23 -25 -26 26 -28 -29 -30 -31
leaf_value=0.026854757389259229 0.0030159193453702911 0.0084354218081401974 -0.030455035187101499 8.8302323276621763e-05 -0.010944845615910226 0.0052795826360750786 -0.0062932860184403616 0.012261822607078362 0.0035719325193805281 0.0187179181976409 -0.0029480049366797378 0.0036400419808863054 -0.00038535680441695438 -0.011925796668612286 -0.014912689392940905 0.015476246101068809 -0.012072885944377902 0.00052179018626514074 0.013064234946536898 0.064084290925349535 0.029276633820778823 0.0021162816492405422 -0.011367140138849692 -0.0013601576796164563 0.0034501539555763915 0.070668333126049476 -0.0055818556343013572 -0.0054669587936731871 0.0082863888542821767 0.016835650961542405
leaf_weight=26.02347020059824 3308.0142296813428 131.94912519678473 336.03072652220726 1730.2236819155514 913.56450153514743 666.7763783223927 2247.3265670053661 454.18557082489133 1856.8902730941772 154.47985415160656 1103.3966083265841 415.01021349802613 2485.2072596773505 415.70090029761195 196.85965592041612 43.321796610951424 25.867853723466396 8114.9508057199419 397.80053203552961 5.5127779543399802 32.15795224905014 1049.9095521047711 323.82696118950844 666.78934793919325 2408.3686009533703 13.579618040472267 1672.58082864061 234.96808201819658 109.91003625094891 19.951642964035273
leaf_count=353 22075 1212 7983 13389 8638 4215 17711 2959 12038 992 7002 2685 17141 4002 3125 241 431 53989 2564 33 187 7452 2055 4146 15989 122 15680 1997 925 170
internal_value=-0.000176526 0.000232811 -0.0218594 0.0012203 -0.00388002 -0.00132102 -0.00331245 0.00208847 0.00534823 0.0021014 0.000164277 0.00812266 -0.00261047 -0.00473846 -0.0102478 -0.00585601 0.00744931 0.0016265 0.00271682 0.00492925 0.00156576 0.00139915 -0.00122189 -0.00475986 0.00358863 -0.00336976 -0.00412924 0.00229137 0.0143788 0.038637
internal_weight=31561.1 30976.4 584.782 24978.9 5997.41 6360.54 4020.87 18618.4 2311.08 2339.66 1770.17 569.49 5083.85 2598.64 248.751 2290.65 51.8913 16307.3 8192.38 2811.68 5380.7 5348.54 2040.53 990.616 2413.88 2182.94 2050.99 378.409 143.441 33.5313
internal_count=231501 219609 11892 169722 49887 46235 31341 123487 14997 14894 11217 3677 41249 24108 3909 17952 784 108490 54501 18586 35915 35728 13653 6201 16022 20106 18894 3214 1217 292
cat_boundaries=0 1 2 3 4 5 6 7
cat_threshold=14704911 2130452 4285029 524695 2072256 393792 11313568
is_linear=0
shrinkage=0.04


Tree=47
num_leaves=31
num_cat=7
split_feature=1 30 30 32 1 30 32 6 14 1 6 22 29 1 22 9 22 29 30 22 22 30 22 1 13 8 22 30 1 29
split_gain=205.781 161.144 58.8994 48.4758 46.2722 41.5345 33.4195 30.1952 26.9809 26.6714 26.6961 26.1787 25.4485 24.7105 23.5557 22.978 20.8159 18.6032 18.4163 17.6476 17.0671 16.4723 21.6204 15.9255 15.6602 15.5486 16.1978 15.1553 15.1274 14.9129
threshold=4.5000000000000009 0.28000000000000075 -0.95333333333333325 5.3050000000000006 1.5000000000000002 -1.8600000000000003 6.4150000000000009 -0.024500000000000185 3.1180555555555558 2.5000000000000004 0.070000000000000742 0 1.6150000000000004 2.5000000000000004 1 15.298333333333334 2 3.4450000000000007 -0.096666666666667109 3 4 0.44833333333333264 5 5.5000000000000009 7.5000000000000009 31.915000000000003 6 -0.14449999999999982 5.5000000000000009 6.1650000000000009
decision_type=2 2 2 2 2 2 2 2 10 2 2 1 2 2 1 2 1 2 2 1 1 2 1 2 2 2 1 2 2 2
left_child=3 2 12 5 6 -1 11 -4 23 16 18 -5 -2 -6 27 19 29 -15 25 -10 -8 -19 -23 -3 -25 26 -11 -9 -14 -7
right_child=1 8 7 4 13 9 20 14 15 10 -12 -13 28 17 -16 -17 -18 21 -20 -21 -22 22 -24 24 -26 -27 -28 -29 -30 -31
leaf_value=-0.0168400358071557 -0.034925605028025365 0.0059333032637986817 -0.0014771749503946904 -0.0036882040090748325 0.0073906510805426965 0.0056258979803832446 -0.011293802120361364 -0.010571115784132184 -0.010729166975537215 -0.013700732267915655 -0.013547738738526284 0.006419504742880059 -0.01228577518163255 0.070599491941156625 -0.014547686628574015 0.023436418191598335 -0.0002025252980326884 0.00076791012411156815 0.0013204761673452428 -0.0013432931634345566 -0.0020032224367859861 0.0014228871844120883 0.0078277609306492881 0.0027095867392088451 -0.0071360829019409969 -0.0008799747246890741 -0.0035143509759119622 -0.00087164916262843898 -0.023586919811927343 -0.0057896116024379529
leaf_weight=237.02394633740187 157.97327075153589 1201.4838751107454 697.58291142806411 640.50371561944485 3495.8132662847638 2316.4328326582909 514.25536282360554 590.86605931445956 547.67088142037392 380.32301547750831 299.18881809711456 1109.4562816098332 427.40294992551208 6.540860913693904 1304.5012396015227 46.041895747184753 3063.8955809101462 2699.526925034821 2363.9208380058408 779.50606574118137 835.71066011488438 1557.7089048624039 1871.2636848688126 756.88832323998213 392.53196137398481 1518.9173469431698 761.61182414740324 457.16809265315533 340.48741300776601 198.81598505377769
leaf_count=3525 4532 7683 7116 4458 18514 14843 3799 7099 4135 3221 2435 7529 6505 64 14728 325 19829 17960 14222 5748 6098 8356 9908 5173 2999 12250 6376 4396 6585 1221
internal_value=-0.000181958 -0.00586793 -0.0114682 0.00165218 0.00333837 -0.000274768 -0.000912221 -0.00878589 0.000111075 8.53463e-05 -0.00193988 0.00273559 -0.0203047 0.00470653 -0.0109531 -0.00434368 0.00201794 0.00317708 -0.00124872 -0.00530742 -0.00564087 0.00310512 0.00494514 0.0027132 -0.000652752 -0.00353121 -0.00705769 -0.00628014 -0.0172968 0.00470486
internal_weight=31571 7700.1 3975.98 23870.9 12730.8 11140.1 3099.93 3050.12 3724.12 10903.1 5323.96 1749.96 925.864 9630.85 2352.54 1373.22 5579.14 6135.04 5024.77 1327.18 1349.97 6128.5 3428.97 2350.9 1149.42 2660.85 1141.93 1048.03 767.89 2515.25
internal_count=231632 77024 50961 154608 76686 77922 21884 33339 26063 74397 38504 11987 17622 54802 26223 10208 35893 36288 36069 9883 9897 36224 18264 15855 8172 21847 9597 11495 13090 16064
cat_boundaries=0 1 2 3 4 5 6 7
cat_threshold=16011456 6038559 7743272 10948356 9473377 6883129 4874261
is_linear=0
shrinkage=0.04


Tree=48
num_leaves=31
num_cat=7
split_feature=1 31 18 23 1 17 1 6 23 31 29 17 12 1 6 22 6 29 11 22 6 3 24 22 22 26 15 22 22 24
split_gain=189.584 107.912 84.0787 67.8553 44.4272 33.852 25.4049 53.9609 39.835 37.6217 24.1582 22.5836 22.3488 21.8904 18.0466 17.2951 16.6212 16.5132 16.2838 17.8648 15.9657 17.5168 21.1204 18.1254 14.6531 17.6375 19.0055 14.6184 14.5147 14.8081
threshold=5.5000000000000009 4.5000000000000009 4.5000000000000009 5.8050000000000006 3.5000000000000004 0.016666666666666653 1.5000000000000002 0.010000000000000233 35.965000000000011 2.5000000000000004 5.7350000000000012 0.19401455026455025 0 2.5000000000000004 0.0016666666666673715 1 -0.039999999999999584 1.7950000000000002 39.500000000000007 2 -0.026666666666666835 0.32588431127756978 37.975000000000001 3 4 2.5000000000000004 0.22400000000000003 5 6 18.545000000000005
decision_type=2 2 10 2 2 8 2 2 2 2 2 10 1 2 2 1 2 2 2 1 2 10 2 1 1 2 8 1 1 2
left_child=2 5 6 -4 27 16 8 12 18 -9 -6 13 15 28 -10 -8 -2 -3 -1 -20 -7 23 -23 -22 25 26 -14 -5 -11 -30
right_child=1 17 3 4 10 20 7 9 14 11 -12 -13 24 -15 -16 -17 -18 -19 19 -21 21 22 -24 -25 -26 -27 -28 -29 29 -31
leaf_value=1.7101117658613996e-06 0.0024270964239464219 -0.035380237549832043 -0.025161924712970057 -0.0027615471769118845 -0.0099790808080654318 0.0047245513804867632 0.008428896516996005 0.0035330408985678992 -0.0057779339543150652 0.0098824749264981356 0.00040047428784830363 0.0081142272204398642 0.010395259692793502 -0.0051459779194261528 0.001457374579845676 0.0042657919642449735 -0.013422667909532589 -0.018926612911987845 0.012583064628043053 0.001758161008378261 -0.012279335431829849 0.085015148326184453 0.0081590422142550079 -0.0013853936509863377 0.00038662754015435593 0.0029382825358746562 0.051987112688767878 0.002415334995782534 -0.010559947834173061 0.0022557886168651374
leaf_weight=862.64050653576851 123.55707395076752 112.10888364911079 216.96020900830626 1482.2470473945141 1401.8451180644333 483.98896108567715 2920.264022320509 3002.7057726234198 1852.3003106787801 251.7706210128963 482.18628287315369 302.29282772913575 418.27477712929249 2679.1818149164319 785.46594216674566 3713.0192574486136 739.13542871177197 753.8562055490911 515.44607301801443 479.33145798742771 343.7491753436625 7.2112866640090934 27.680799052119255 820.21956541389227 2488.4442150183022 1404.0962049625814 18.349700309336185 2092.5059349797666 194.70088740810752 556.76953230053186
leaf_count=5771 1242 3340 4305 10369 14521 3662 16351 16816 13639 1569 3611 2043 2564 22160 5520 21019 8004 12385 3220 3022 2840 59 187 6715 17219 10015 120 14365 1354 3455
internal_value=4.53313e-05 -0.00885946 0.00112563 -0.00322386 -0.00235193 -0.00471009 0.00222549 0.00289894 -0.000463658 0.000151903 -0.00732261 -0.00239597 0.00464989 -0.00325876 -0.00362343 0.0061085 -0.0111526 -0.0210567 0.00402361 0.00751127 -0.0014074 -0.00388291 0.0240432 -0.00472005 0.0023953 0.00509404 0.0121432 0.000267807 0.00178109 -0.0010507
internal_weight=31532.3 3411.51 28120.8 5675.74 5458.78 2545.54 22445.1 17949.9 4495.18 6987.42 1884.03 3984.72 10962.4 3682.42 2637.77 6633.28 862.693 865.965 1857.42 994.778 1682.85 1198.86 34.8921 1163.97 4329.16 1840.72 436.624 3574.75 1003.24 751.47
internal_count=231462 38434 193028 47171 42866 22709 145857 114685 31172 47397 18132 30581 67288 28538 19159 37370 9246 15725 12013 6242 13463 9801 246 9555 29918 12699 2684 24734 6378 4809
cat_boundaries=0 1 2 3 4 5 6 7
cat_threshold=3 9068112 9029484 11214976 11766914 1674438 2212097
is_linear=0
shrinkage=0.04


Tree=49
num_leaves=31
num_cat=9
split_feature=1 30 29 14 6 30 18 1 6 20 18 22 22 22 30 3 22 22 1 26 12 30 22 22 5 6 15 30 22 23
split_gain=193.592 141.595 52.7396 43.9349 33.6238 31.4867 29.3975 29.3204 34.1369 32.4348 31.7527 23.8038 20.2591 19.8383 18.9278 19.2721 19.2962 18.909 18.8341 17.2963 17.139 17.0541 18.058 17.699 16.8653 16.8336 16.0643 15.8742 15.1416 16.0321
threshold=4.5000000000000009 0.32000000000000078 1.6150000000000004 4.1055555555555561 0.0049999999999994502 -1.6533333333333329 4.5000000000000009 1.5000000000000002 0.0083333333333341936 0.21111111111111114 2.5000000000000004 0 1 2 1.7136666666666669 0.18106842248167257 3 4 5.5000000000000009 4.5000000000000009 5 0.47999999999999982 6 7 6.6550000000000011 0.024999999999999915 0.12050000000000001 -0.7599999999999999 8 41.970000000000006
decision_type=2 2 2 10 2 2 10 2 2 10 8 1 1 1 2 10 1 1 2 2 1 2 1 1 2 2 10 2 1 2
left_child=3 2 -2 7 18 -5 14 9 17 -1 -10 27 -7 -12 15 16 -3 -9 28 -15 -19 22 -11 26 -20 -18 -23 -6 -4 -30
right_child=1 6 4 5 11 12 -8 8 10 21 13 -13 -14 19 -16 -17 25 20 24 -21 -22 23 -24 -25 -26 -27 -28 -29 29 -31
leaf_value=0.0018479714527036598 -0.034240907668961179 0.0019652842377657401 0.0030238965222835561 -0.015948318287299076 -0.017431371528396442 -0.0061631901117793347 -0.013462598713696566 0.0071952469062428939 0.0037256915743938131 0.0078084041482687529 -0.0069738501019035405 -0.017091337513767086 0.00063463256490280324 0.0021609996040365658 0.0074638877142108855 0.012948041430383413 -0.0021579270337418023 0.0049186373248800933 0.0091737378862104917 -0.0054290707436454415 0.00073215278819670204 0.014111928863433409 -0.0054954341916806605 -0.013523705617242419 -0.012602099587605784 -0.012640515071450274 -0.0058376118646540241 -0.0045234360694764988 -0.0096525296735054458 0.0078175354338056117
leaf_weight=3108.0471835881472 150.59678046032786 1378.5574754998088 435.78679465129972 265.45138623192906 207.167933460325 1035.7436515018344 246.34371268749237 2914.112552922219 2899.2605347782373 267.2967187166214 918.72186651080847 1251.7519490979612 2130.8828800916672 1646.5566272027791 574.7131559252739 160.72597420960665 945.11341176182032 4081.106578566134 61.802171513438225 678.2546509578824 2556.4900089129806 75.822456657886505 386.89522261172533 505.43349248170853 718.42518475651741 330.9350518360734 435.66257456690073 577.04708964750171 510.32901277020574 100.6175352036953
leaf_count=21039 4596 9705 4411 3857 3465 7604 1939 16807 16953 1811 6315 16102 15466 10675 3183 1124 6760 22071 810 5214 16498 570 2674 3871 9840 2513 3204 6350 5451 874
internal_value=-0.000299608 -0.00583806 -0.011018 0.00147271 -0.0101127 -0.00271554 -0.000120865 0.00217481 0.00301012 -0.000568318 0.000683874 -0.0136478 -0.00160627 -0.00203508 0.000848636 -0.00050178 -0.00131611 0.00450615 -0.00617314 -5.31453e-05 0.00330973 -0.0050623 -2.42539e-05 -0.00830332 -0.0108772 -0.0048386 -0.00282506 -0.00783347 -0.00266675 -0.00666625
internal_weight=31555.7 7649.91 4013.52 23905.7 3862.93 3432.08 3636.39 20473.7 15694.5 4779.16 6142.79 2035.97 3166.63 3243.53 3390.05 2815.33 2654.61 9551.71 1826.96 2324.81 6637.6 1671.11 654.192 1016.92 780.227 1276.05 511.485 784.215 1046.73 610.947
internal_count=231752 77123 51899 154629 47303 26927 25224 127702 94533 33169 39157 25917 23070 22204 23285 20102 18978 55376 21386 15889 38569 12130 4485 7645 10650 9273 3774 9815 10736 6325
cat_boundaries=0 1 2 3 4 5 6 7 8 9
cat_threshold=1839183 575002 5111829 620703 11143312 3 177934 6891151 3966106
is_linear=0
shrinkage=0.04


Tree=50
num_leaves=31
num_cat=11
split_feature=1 30 30 1 30 1 11 23 31 17 30 13 6 7 11 22 22 22 6 22 22 32 22 22 22 22 22 9 33 17
split_gain=183.132 143.86 83.1208 55.3544 28.9351 28.8118 41.9247 37.3484 26.8203 26.7625 26.1712 24.974 23.7258 22.9009 22.0654 21.7326 21.4941 20.914 20.8285 20.3291 20.2649 19.8531 19.7108 19.3153 17.2715 17.2573 16.719 16.1499 15.9465 15.3835
threshold=3.5000000000000004 0.4250000000000001 -1.3900000000000001 5.5000000000000009 1.7136666666666669 1.5000000000000002 47.500000000000007 30.270000000000007 1.5000000000000002 -0.1166666666666666 -2.5758333333333323 7.5000000000000009 -0.039999999999999584 2.5000000000000004 63.500000000000007 0 1 2 -0.016666666666667048 3 4 5.0750000000000011 5 6 7 8 9 1.3283333333333369 10 -0.2334821428571428
decision_type=2 2 2 2 2 2 2 2 2 10 2 2 2 2 2 1 1 1 2 1 1 2 1 1 1 1 1 2 1 8
left_child=5 2 10 18 17 6 8 9 -1 -7 21 23 -5 15 25 -13 -15 27 26 -8 -11 -2 28 -9 -12 -14 -4 -3 -10 -17
right_child=1 4 3 12 -6 7 19 11 22 20 24 13 14 16 -16 29 -18 -19 -20 -21 -22 -23 -24 -25 -26 -27 -28 -29 -30 -31
leaf_value=-0.0074400744096389873 -0.033354755399230815 -0.00018133834806777623 -0.0058212658103716499 -0.0010809006177911584 0.0076700994346777188 -0.0035505522181957711 0.012369319134665468 0.0070645005885606191 0.00022945836343236839 0.006781521537547042 -0.0074705079205270412 0.0056810169075393801 -0.021764594832364113 0.0092586266148607099 0.088134073449509479 -0.017554597556625227 0.0016239915404523697 -0.0029203161770354345 -0.0055811028481154105 0.0022396797413353001 -3.5863297565894192e-05 0.10913459354213086 0.0024743100748317853 0.0012646123066193599 -0.022826956188019002 -0.01131486422923436 0.0032255118897675053 0.0065537946171342768 -0.008892690443327269 0.016235906531666001
leaf_weight=1056.6515813618898 204.72947836108506 1455.5332967042923 487.98135559260845 241.08406590670347 903.74185165762901 1629.2612564712763 511.0435589402914 1297.1075791865587 664.75449203699827 1207.7602489553392 272.68967432901263 742.22831738740206 428.52098779752851 1019.8514504134655 3.3277143426239482 22.109791114926338 1416.4620304480195 2244.223412707448 3637.2029197737575 848.63732440769672 1642.8810477592051 1.5765774510800827 1904.255430161953 3142.154820472002 254.77746492251754 876.96224378049374 941.10054233297706 935.91392502188683 565.03565716743469 861.89668545126915
leaf_count=8292 5902 9415 4058 2896 4863 12808 3369 6896 4575 7750 4644 3896 5833 5618 42 128 7844 14702 33158 5579 10819 29 12900 16884 4422 11782 7670 5928 3884 4457
internal_value=-8.34729e-05 -0.00374511 -0.00741374 -0.00599713 0.00112261 0.00246325 5.11921e-05 0.00349454 -0.00192901 0.000538898 -0.0201868 0.00505197 -0.0126121 0.0073182 -0.0147361 0.0109941 0.00486455 -0.000153851 -0.00397346 0.0061544 0.00287619 -0.0322659 -7.09385e-05 0.00297804 -0.0154624 -0.0149983 0.000118191 0.00244429 -0.0039997 0.0152186
internal_weight=31421.5 12889.4 7349.95 6616.18 5539.41 18532.1 5550.38 12981.7 4190.7 4479.9 733.773 8501.81 1549.9 4062.55 1308.81 1626.23 2436.31 4635.67 5066.28 1359.68 2850.64 206.306 3134.05 4439.26 527.467 1305.48 1429.08 2391.45 1229.79 884.006
internal_count=231043 115344 80436 65439 34908 115699 38599 77100 29651 31377 14997 45723 20553 21943 17657 8481 13462 30045 44886 8948 18569 5931 21359 23780 9066 17615 11728 15343 8459 4585
cat_boundaries=0 1 2 3 4 5 6 7 8 9 10 11
cat_threshold=7479975 11439296 1636510 9131521 10685219 8998210 12980737 3272915 11929152 8475205 333
is_linear=0
shrinkage=0.04


Tree=51
num_leaves=31
num_cat=4
split_feature=30 31 7 14 10 9 18 30 22 30 22 30 7 15 9 7 24 24 22 23 19 24 15 15 22 23 25 7 9 31
split_gain=134.72 64.4448 42.4692 33.55 31.7544 21.3518 19.2686 18.2871 15.9891 15.6866 15.0373 14.6995 14.032 13.674 13.4923 13.2795 12.8712 12.3697 18.1636 17.801 14.5387 14.1908 12.4082 16.5043 12.0928 15.7445 14.3938 14.3182 12.22 11.8195
threshold=-1.8600000000000003 3.5000000000000004 5.5000000000000009 4.9500000000000011 4.5000000000000009 0.85999999999999599 4.5000000000000009 -1.1116666666666664 0 0.8883333333333342 1 -0.65000000000000002 3.5000000000000004 0.21050000000000005 1.7483333333333333 2.5000000000000004 41.105000000000011 35.745000000000012 2 46.520000000000003 1.0000000180025095e-35 37.540000000000006 0.15105555555555558 0.13788888888888895 3 35.965000000000011 8.6908333333333321 2.5000000000000004 -5.1549999999999949 2.5000000000000004
decision_type=2 2 2 8 2 2 10 2 1 2 1 2 2 10 2 2 2 2 1 2 10 2 8 10 1 2 2 2 2 2
left_child=3 4 5 -1 11 6 8 -4 16 12 14 15 -6 -8 -9 -2 -3 20 19 -19 -7 22 23 -20 25 29 27 -27 -26 -13
right_child=1 2 7 -5 9 17 13 10 -10 -11 -12 24 -14 -15 -16 -17 -18 18 21 -21 -22 -23 -24 -25 28 26 -28 -29 -30 -31
leaf_value=-0.0086105347920497378 0.072174571722227451 0.00065136459848343293 -0.01823528152926281 -0.028729648743496653 -3.4065438306177811e-05 -0.0048467369584814044 -0.0045263829780054507 -0.0057990622701497843 -0.0027780221387910596 0.0018083405644885753 -0.010174730497075441 0.01137977989562965 -0.0052493292773391088 -0.01468633456702423 0.0057846987734998436 0.0055676624255190689 0.010398801371035434 0.012351062163341128 0.011352476455541823 -0.0066260037752949516 0.0013339764582080812 -0.0025738923928004436 0.0034518874916563457 0.072687848557231372 0.0098056842982155498 0.0040879069931578386 0.0048256759319001185 -0.0024542155257734092 0.0012597630838053384 0.0046341471243900962
leaf_weight=237.85505889728665 9.3078090399503726 1065.883888874203 231.90893655642867 299.7287770062685 1786.143712721765 807.79002268612385 1738.4704372324049 490.09043791145086 2528.89906636253 2384.3511502444744 724.04869760945439 694.55290784686804 1534.6705697998405 241.37651899084449 239.50369693338871 9.8652536869049055 272.07648238167167 520.81074304506183 17.253955658525232 93.246946197003126 2473.5810834318399 556.7734027504921 50.031189505010843 11.833509728312491 279.68513996899128 967.04797797650099 2752.5680806934834 1198.8294716179371 6255.4925036877394 1034.762824177742
leaf_count=3923 74 8666 3025 7982 11497 7085 15603 4571 20268 13922 6673 4221 10511 2316 2161 84 2023 3902 128 681 20234 4181 388 90 1751 6050 16375 7610 38833 6949
internal_value=2.46171e-05 0.000369212 -0.00191509 -0.0198279 0.00182669 -0.000958619 -0.00255588 -0.00780414 -0.000912774 -0.00066696 -0.00613999 0.00290429 -0.00244423 -0.00576505 -0.00196947 0.0379028 0.00261399 0.00110231 0.00448847 0.00931759 -0.000187558 -0.000316377 0.0155302 0.0363052 0.00285339 0.00405438 0.00290621 0.000466793 0.00162302 0.00734343
internal_weight=31508.4 30970.9 12063.6 537.584 18907.3 10378 5846.71 1685.55 3866.86 5705.17 1453.64 13202.1 3320.81 1979.85 729.594 19.1731 1337.96 4531.32 1249.95 614.058 3281.37 635.892 79.1187 29.0875 13182.9 6647.76 4918.45 2165.88 6535.18 1729.32
internal_count=231777 219872 101995 11905 117877 85565 48876 16430 30957 35930 13405 81947 22008 17919 6732 158 10689 36689 9370 4583 27319 4787 606 218 81789 41205 30035 13660 40584 11170
cat_boundaries=0 1 2 3 4
cat_threshold=10521282 7399726 3130457 9975933
is_linear=0
shrinkage=0.04


Tree=52
num_leaves=31
num_cat=9
split_feature=23 26 7 15 18 17 9 22 17 25 22 24 22 7 9 22 8 3 22 7 33 14 22 8 3 8 22 29 16 22
split_gain=127.761 62.4835 50.3229 38.666 29.5115 26.0173 19.6938 18.3917 14.6009 15.9712 14.4902 13.3088 24.1712 17.2673 14.6088 18.473 13.2796 14.6954 13.1062 12.7229 16.8032 14.0243 12.5034 11.5625 18.4153 11.1273 13.2076 11.6349 11.6451 10.8608
threshold=3.4000000000000008 3.5000000000000004 5.5000000000000009 0.2181666666666667 3.5000000000000004 0.0092592592592592882 -5.3216666666666628 0 -0.014814814814814821 -14.767916666666663 1 26.105000000000004 2 5.5000000000000009 8.5466666666666669 3 51.170000000000009 0.041753835425383544 4 2.5000000000000004 5 4.5634920634920642 6 36.850000000000009 0.17134964483030785 43.275000000000013 7 3.5550000000000002 0.13392857142857145 8
decision_type=2 2 2 10 8 10 2 1 8 2 1 2 1 2 2 1 2 10 1 2 1 8 1 2 10 2 1 2 10 1
left_child=4 8 3 6 23 18 7 -3 9 -2 -7 12 13 -10 29 16 -16 -18 -4 20 21 -8 -11 -1 -25 -5 27 -27 -29 -13
right_child=1 2 5 25 -6 10 19 -9 11 22 -12 14 -14 -15 15 -17 17 -19 -20 -21 -22 -23 -24 24 -26 26 -28 28 -30 -31
leaf_value=0.0043723572573538998 0.045437978180363596 0.00026925569400956367 7.1897364312085348e-05 -0.013458950654427903 -0.028346772585732212 0.0053590074768709844 0.012707657544410108 -0.0070864591349104012 0.017213555074223404 0.002091567417303989 -0.0072165175218509127 0.003204456198555714 0.0011734358837710936 -0.0087259506010867113 0.01447375371956575 0.0017509973877244407 0.026059004916598644 -0.0037650323639968398 -0.013342629890569942 -0.0008579528082298854 0.0013842513789402813 -0.023918909289266578 -0.0016077725303494154 0.0020337188553859859 0.15498336332043433 -0.018107220071245832 -0.010645318957155366 0.098928345456655936 0.027703833303563598 0.00052254417258045297
leaf_weight=13.277730038389565 12.441893275827168 1008.8500074595213 141.74524765834212 472.02353624626994 296.81789553910494 269.99136141687632 327.6872579716146 1180.2810921017081 379.17991441115737 2665.4589165076613 298.60954742133617 4189.0189738124609 517.24294213578105 46.046351362019777 480.05904077738523 796.57402908056974 32.321815900504589 145.12282659858465 985.18715370818973 4752.1808949410915 3470.8025251664221 17.626421183347702 3212.7096719034016 2.6220404542982569 2.4237877931445837 5.9252105802297619 36.313048299401999 4.9420869201421764 14.301242243498562 5722.1681401096284
leaf_count=224 106 8085 1427 4391 7847 2092 2338 9456 2450 19086 2371 26096 3367 326 2923 4846 194 873 9855 38290 25636 179 22978 40 49 70 311 44 118 35589
internal_value=3.54669e-05 0.000291552 -0.00182799 -0.000863081 -0.0253054 -0.00825352 -0.000341797 -0.00372776 0.00180407 0.000166342 -0.00127789 0.00258791 0.00715559 0.0140737 0.00220913 0.00595322 0.0108526 0.00166746 -0.0117731 0.000523289 0.00224334 0.010533 7.05183e-05 0.0239601 0.0755038 -0.0113741 0.00463237 0.022117 0.0459958 0.00165983
internal_weight=31500 31184.8 12986.5 11290.9 315.141 1695.53 10757.4 2189.13 18198.3 5890.61 568.601 12307.7 942.469 425.226 11365.3 1454.08 657.504 177.445 1126.93 8568.3 3816.12 345.314 5878.17 18.3236 5.04583 533.505 61.4816 25.1685 19.2433 9911.19
internal_count=231657 223497 104663 88918 8160 15745 83984 17541 118834 42170 4463 76664 6143 2776 70521 8836 3990 1067 11282 66443 28153 2517 42064 313 89 4934 543 232 162 61685
cat_boundaries=0 1 2 3 4 5 6 7 8 9
cat_threshold=7224066 7865631 2408097 5776252 8195 64 3224749 2128917 10114690
is_linear=0
shrinkage=0.04


Tree=53
num_leaves=31
num_cat=0
split_feature=1 31 14 25 14 6 1 1 31 18 9 6 32 18 3 17 1 30 13 11 32 0 11 17 6 3 30 9 9 14
split_gain=158.391 132.072 56.6194 39.2834 30.4403 29.1237 25.4136 23.5607 32.4308 27.9179 25.0428 22.9792 22.5216 21.3187 19.6731 21.2151 19.0852 17.9483 16.7851 15.9711 15.5823 15.1582 15.098 18.5171 18.9575 16.1636 14.2321 15.1881 13.8882 14.4149
threshold=4.5000000000000009 2.5000000000000004 4.6833333333333345 -7.1933333333333334 5.1055555555555561 -0.039166666666666565 5.5000000000000009 1.5000000000000002 1.5000000000000002 3.5000000000000004 8.0158333333333385 0.021666666666666948 1.385 4.5000000000000009 0.31752844199196134 0.38396164021164031 3.5000000000000004 -0.45166666666666683 11.500000000000002 63.500000000000007 6.205000000000001 0.19398858313817333 39.500000000000007 -0.3332936507936507 0.050833333333333293 0.10262133699633701 -0.14449999999999982 9.1324999999999985 -4.6333333333333302 2.4365079365079372
decision_type=2 2 10 2 10 2 2 2 2 8 2 2 2 10 10 10 2 2 2 2 2 10 2 10 2 10 2 2 2 8
left_child=3 13 5 4 16 -3 -7 8 -5 10 12 20 -9 -2 15 19 -1 -18 22 26 -11 -4 -10 -24 -25 -26 -8 -28 -13 -30
right_child=1 2 21 7 -6 6 14 9 18 11 -12 28 -14 -15 -16 -17 17 -19 -20 -21 -22 -23 23 24 25 -27 27 -29 29 -31
leaf_value=0.00044516521867956146 0.0018317594734622697 0.00018580010581083076 -0.017480363156274558 -0.0058250922190661155 -0.019438681659265319 -0.0067337790841668389 -0.019049070450394664 0.050084976389763634 -0.00037852026956995618 0.00075634793177256784 0.0097576292414151798 -0.010030481412590522 0.00361605076136917 -0.010902411150575855 0.01890740696500133 0.050827033738910073 -0.0099045758627949905 -0.00065474260900068445 -0.0091795588459358465 0.059285985177365108 0.0072137954134756993 -0.032912803972775295 0.034988112629660055 0.0035237592569418931 0.030946574714615316 -0.00055572352280334558 -0.012702729133249433 0.0094670811345970683 0.040743172761652784 -0.0016646594345483049
leaf_weight=4518.4360915608704 3049.1990024410188 567.08246310986578 259.60013855062425 1153.4798783287406 143.6467178016901 1960.294559283182 714.99702409282327 16.722446151077747 1329.1110770776868 2043.1336448565125 1270.0188266783953 390.1662631444633 8012.7734660580754 225.93431727588177 28.619406534358859 7.8769307509064665 630.12292519211769 718.19794972985983 200.59088820964098 4.6119053699076167 845.2551422342658 167.56853388808668 33.098616562783718 1465.425405845046 77.058011367917061 39.376702189445496 518.98588528484106 54.648702353239059 12.998037889599798 960.29087453708053
leaf_count=30997 20696 5987 5347 8990 2014 20309 11569 97 9003 13303 6912 2817 44899 1829 402 78 6696 5033 1400 54 4853 4498 217 9335 503 261 5705 539 78 6801
internal_value=-4.81327e-05 -0.00509378 -0.00971648 0.00155046 -0.00124654 -0.0081862 -0.00962923 0.00249228 -8.81531e-05 0.00331072 0.00453836 0.000625678 0.00371283 0.000953296 -0.0138977 -0.0146193 -0.000801104 -0.00497755 0.00201619 -0.0150179 0.00264605 -0.0235342 0.002779 0.00537764 0.00475807 0.0202929 -0.0152838 -0.0105907 -0.00365434 -0.00109831
internal_weight=31419.3 7559.42 4284.29 23859.9 6010.4 3857.12 3290.03 17849.5 4298.14 13551.4 9299.51 4251.84 8029.5 3275.13 1329.74 1301.12 5866.76 1348.32 3144.66 1293.24 2888.39 427.169 2944.07 1614.96 1581.86 116.435 1288.63 573.635 1363.46 973.289
internal_count=231222 77013 54488 154209 44740 44643 38656 109469 29709 79760 51908 27852 44996 22525 18347 17945 42726 11729 20719 17867 18156 9845 19319 10316 10099 764 17813 6244 9696 6879
is_linear=0
shrinkage=0.04


Tree=54
num_leaves=31
num_cat=5
split_feature=1 30 23 1 14 30 18 30 1 31 26 11 14 6 11 6 22 13 22 27 13 22 22 13 6 30 8 9 6 22
split_gain=148.878 84.347 52.1239 43.5904 54.7193 31.6002 27.1966 25.6491 25.4927 43.8837 32.9737 26.4098 25.5696 22.4464 21.5974 21.5313 21.062 19.9693 19.0187 18.8742 18.399 18.207 17.9341 25.0376 21.3196 17.6857 16.8448 23.7313 16.733 16.869
threshold=5.5000000000000009 0.44833333333333264 5.8050000000000006 3.5000000000000004 3.4142857142857146 -0.77500000000000002 4.5000000000000009 0.94833333333333358 1.5000000000000002 2.5000000000000004 2.5000000000000004 35.500000000000007 4.1055555555555561 1.0000000180025095e-35 62.500000000000007 0.053333333333334128 0 1.5000000000000002 1 2.5000000000000004 6.5000000000000009 2 3 10.500000000000002 0.0033333333333342989 -0.66291666666666627 28.175000000000004 -7.3516666666666639 0.0050000000000003384 4
decision_type=2 2 2 2 8 2 8 2 2 2 2 2 8 2 2 2 1 2 1 2 2 1 1 2 2 2 2 2 2 1
left_child=2 5 6 8 7 -2 -1 -5 9 13 16 19 -12 -4 -7 26 -10 -14 -15 -11 -18 -21 23 -9 -25 -13 -6 -28 -3 -30
right_child=1 28 3 4 15 14 -8 22 10 11 12 25 17 18 -16 -17 20 -19 -20 21 -22 -23 -24 24 -26 -27 27 -29 29 -31
leaf_value=0.0065333337806584924 -0.022535385503640978 0.0024776255872610937 -0.0066197279705695056 -0.00047457486101658579 -0.0082962796205850713 -0.011010216904672371 -0.023786697352410631 0.0080606936114874603 0.0082988457578328373 -0.0074836672868105912 0.0026776646628685762 0.012530728658459346 0.0079209150501874312 -0.0071875492045316153 0.063248583077381473 -0.012241268833013885 -0.00022186949641247748 -0.0050490720874530664 0.0061252809356990637 0.014794132572591427 0.0066188709576066084 -0.002216396260448005 0.0019324989405752112 0.015957666793464099 0.065648314483660902 0.003677456768393433 0.023683165759673681 -0.0024766898105440722 -0.015043256638027074 -0.0013823826003331078
leaf_weight=61.69826384447515 495.53159982897341 873.24470610916615 1690.2011169046164 3608.2874927483499 887.20044795796275 1279.9094036333263 203.31500575132668 693.49106432497501 2523.2876720353961 527.24475110322237 6449.6029908508062 460.08789788931608 223.1181194446981 249.16083608567715 6.2973431311547747 527.3974095210433 1295.1033896356821 1277.0724786706269 501.5135630145669 144.95068997144699 1223.2754118219018 285.35411853343248 1062.8744661509991 35.265620797872543 22.712268963456154 1676.7069676816463 56.762809928506613 2463.4869897402823 209.00594986230135 449.64120708405972
leaf_count=929 11188 6067 12574 27655 8042 16137 4469 3794 13194 3687 38637 3262 1481 1781 70 5243 6968 9650 3458 995 6479 1969 5865 191 128 10619 514 21564 1587 3292
internal_value=-1.59583e-05 -0.00803565 0.000928094 0.0010959 -0.00112944 -0.0139531 -0.0167278 0.00147617 0.00221987 -5.32896e-05 0.00318839 0.00310995 0.00158358 -0.00406339 -0.0106466 -0.00472025 0.00571889 -0.00312009 0.00169239 -0.0024103 0.00308868 0.003806 0.00535573 0.0100382 0.0354235 0.00558372 -0.00355616 -0.0018875 -0.00115308 -0.00596672
internal_weight=31462.8 3313.63 28149.2 27884.2 9357.48 1781.74 265.013 5422.63 18526.7 5535.22 12991.5 3094.34 7949.79 2440.88 1286.21 3934.85 5041.67 1500.19 750.674 957.55 2518.38 430.305 1814.34 751.469 57.9779 2136.79 3407.45 2520.25 1531.89 658.647
internal_count=231489 38341 193148 187750 72996 27395 5398 37633 114754 38345 76409 20532 49768 17813 16207 35363 26641 11131 5239 6651 13447 2964 9978 4113 319 13881 30120 22078 10946 4879
cat_boundaries=0 1 2 3 4 5
cat_threshold=15931201 2402720 10757130 1501346 10685984
is_linear=0
shrinkage=0.04


Tree=55
num_leaves=31
num_cat=2
split_feature=30 31 6 30 9 11 31 15 19 7 11 14 6 6 14 5 17 20 33 20 33 6 24 27 30 24 15 11 15 17
split_gain=105.713 58.4261 34.3155 24.6204 20.2487 19.7928 18.2396 15.525 14.2632 16.0288 14.9424 13.6676 13.2408 12.9926 12.8305 12.6131 11.7059 11.5807 11.1549 11.0207 13.411 10.6173 11.7102 11.5651 13.1906 13.2355 10.5253 10.3552 12.7222 13.3828
threshold=-2.2891666666666661 4.5000000000000009 -0.015000000000000123 -0.95333333333333325 -13.129166666666663 56.500000000000007 4.5000000000000009 0.22600000000000003 0.29166666666666669 5.5000000000000009 48.500000000000007 5.4142857142857155 0.06000000000000006 -0.0063333333333335231 3.2678571428571432 6.6750000000000007 0.11666666666666665 0.58571428571428574 0 0.10555555555555557 1 -0.064999999999999933 58.715000000000011 1.5000000000000002 -1.3249999999999997 75.25500000000001 0.18612500000000007 47.500000000000007 0.10950000000000004 -0.072222222222222146
decision_type=2 2 2 2 2 2 2 10 8 2 2 8 2 2 10 2 10 8 1 10 1 2 2 2 2 2 8 2 8 10
left_child=5 4 18 12 13 6 -1 -5 9 19 15 -8 14 17 -4 -11 -12 -2 -3 21 -21 22 -6 -23 26 -26 -25 -10 -29 -30
right_child=1 2 3 7 8 -7 11 -9 27 10 16 -13 -14 -15 -16 -17 -18 -19 -20 20 -22 23 -24 24 25 -27 -28 28 29 -31
leaf_value=0.08122553875972352 4.3589028631731967e-05 0.0042749239869358012 0.002993447095334497 -0.0021016736261563139 0.0076990739590579015 0.12483929245597027 -0.016900086323204912 -0.017541613740617246 0.0018550354149009952 0.053068293180391246 0.00073232147586303558 -0.034292197207171138 -0.017744555959753536 -0.0075104138293592606 -0.008740075065716741 -0.0078264819003820447 0.029008604956220672 0.033974245593446438 -0.001214613326000662 0.0014204978878508937 -0.0039204729005596689 0.0047097754630100706 0.043135624664106142 0.0025867522099192221 -0.00017068433052652016 0.050559740375884905 0.098426213254811823 -0.0084104960353191902 -0.0033282493092359018 0.0060030048989693063
leaf_weight=2.5918655209243289 438.17664880305529 1015.0695694051683 169.9281642716378 2930.1737955659628 283.96126268059015 1.4285657703876484 148.63066437840462 108.04016288369894 11756.851308308542 5.4826826192438594 288.09684452414513 140.76342262513936 225.94937166012824 654.84133489057422 1217.0895578712225 738.88593775033951 25.498302355408669 16.707962948828936 1397.266035027802 1766.0832790695131 1296.3534074909985 1370.7876014560461 15.747915707528589 3.4441276900470248 2522.7684157751501 8.2554958537220937 3.9203873090445995 116.57540068775415 272.9141600318253 2485.8922955729067
leaf_count=59 2781 8647 1848 25710 1857 24 3490 1007 74448 39 2207 4614 3044 4464 14454 5497 160 101 11876 11495 8460 9442 102 48 17180 53 51 722 1930 15742
internal_value=0.000210208 0.000435415 -0.00276333 -0.00477118 0.00137406 -0.0236869 -0.0244136 -0.00265072 0.00162911 0.00030775 -0.00429246 -0.0253597 -0.00876531 -0.00390312 -0.00730256 -0.00737796 0.00303146 0.00128987 0.00110798 0.000977073 -0.00084854 0.00230541 0.00956105 0.00174914 0.000150322 -5.2158e-06 0.0536054 0.00238128 0.00453298 0.00507991
internal_weight=31428.2 31134.8 7063.52 4651.18 24071.2 293.415 291.986 3038.21 22961.5 8329.29 1057.96 289.394 1612.97 1109.73 1387.02 744.369 313.595 454.885 2412.34 7271.32 3062.44 4208.89 299.709 3909.18 2538.39 2531.02 7.36451 14632.2 2875.38 2758.81
internal_count=231552 223365 66586 46063 156779 8187 8163 26717 149433 56591 7903 8104 19346 7346 16302 5536 2367 2882 20523 48688 19955 28733 1959 26774 17332 17233 99 92842 18394 17672
cat_boundaries=0 1 2
cat_threshold=83 205
is_linear=0
shrinkage=0.04


Tree=56
num_leaves=31
num_cat=9
split_feature=1 30 18 1 0 1 1 30 22 30 17 10 29 22 9 9 22 11 34 22 30 22 22 16 22 15 11 22 17 22
split_gain=160.212 71.6033 52.1593 52.28 41.0405 24.9901 30.0399 26.3876 24.5953 23.4275 21.258 21.1287 20.5157 18.2527 17.3357 17.2478 15.9286 15.5639 17.7225 17.0063 15.2576 14.5846 13.8133 13.745 13.5674 16.6404 12.7072 13.0409 12.6704 12.6331
threshold=5.5000000000000009 -0.63666666666666638 3.5000000000000004 3.5000000000000004 0.18170521390374336 1.5000000000000002 3.5000000000000004 -0.37499999999999972 0 1.7136666666666669 0.18888888888888899 1.5000000000000002 2.2150000000000003 1 27.417500000000008 8.9316666666666684 2 49.500000000000007 2.5000000000000004 3 0.20916666666666653 4 5 0.2678571428571429 6 0.22400000000000003 62.500000000000007 7 0.19401455026455025 8
decision_type=2 2 10 2 10 2 2 2 1 2 10 2 2 1 2 2 1 2 2 1 2 1 1 10 1 8 2 1 10 1
left_child=2 29 5 13 -5 7 -7 23 -8 11 15 16 -6 20 -14 -10 -3 18 24 -19 -4 28 -11 -1 25 -9 27 -13 -12 -2
right_child=1 9 3 4 12 6 8 17 10 22 21 26 14 -15 -16 -17 -18 19 -20 -21 -22 -23 -24 -25 -26 -27 -28 -29 -30 -31
leaf_value=0.022206032537908583 -0.012761995723458843 0.0084280437205027665 0.0013417845692881255 -0.0025437971995348886 -0.031673279423888138 0.0046774842234739962 0.0057822438359359943 -0.0031254303936950117 -0.0029736004066445512 -0.004895886862295664 0.050699290345101948 -0.01366072147019118 -0.011065686762551456 -0.0010748418979029629 0.055661706646945197 0.0058063876770058356 -0.0057859455354059451 0.011744879731595822 -3.6216614845559323e-06 -0.001965684225347842 0.0076140696381207318 -0.00042460980857296612 0.011683014802998213 0.0049295375253901241 -0.010478898822075091 0.040537519439944755 0.040892797741712054 -0.0064213156356778449 0.0075165717668118637 -0.026577605045578184
leaf_weight=95.527804389595985 268.57646490260959 218.50749918073416 2134.1886890828609 2465.0125055126846 80.731569254770875 8420.4366160705686 1330.4021585285664 581.091642357409 3100.8405047152191 134.38928866386414 11.055679239332674 630.58755658194423 843.34027338400483 3547.621946644038 6.2758421786129466 404.70993195287883 271.76412216573954 249.90601969510317 1395.729018419981 325.88568081706762 874.89900472760201 616.2293544113636 179.71632644534111 322.17158816754818 654.78793463855982 14.30948146432638 8.230958938598631 1280.9660837948322 652.66852286085486 315.72747737541795
leaf_count=654 5827 2005 15165 22690 2382 46037 9210 4146 23157 750 70 6447 9031 24225 60 2909 2590 1604 9884 2104 5062 3738 988 2142 4745 98 74 12887 3968 6962
internal_value=0.000131723 -0.00819446 0.00111107 -0.00121674 -0.00524549 0.00238565 0.00312779 -0.000578561 0.000994164 -0.00546915 -0.000348309 -0.00680831 -0.0124038 0.000869534 -0.0105728 -0.00195997 0.00060293 -0.00180496 -0.00310191 0.00415484 0.00315498 0.00406299 0.00480585 0.00888067 -0.00656088 -0.00204177 -0.00870098 -0.00891452 0.00811362 -0.0209005
internal_weight=31436.3 3308.47 28127.8 9952.07 3395.36 18175.8 14536.3 3639.41 6115.91 2724.16 4785.5 2410.06 930.348 6556.71 849.616 3505.55 490.272 3221.71 2645.92 575.792 3009.09 1279.95 314.106 417.699 1250.19 595.401 1919.78 1911.55 663.724 584.304
internal_count=231611 38530 193081 78615 34163 114466 89089 25377 43052 25741 33842 24003 11473 44452 9091 26066 4595 22581 18873 3708 20227 7776 1738 2796 8989 4244 19408 19334 4038 12789
cat_boundaries=0 1 2 3 4 5 6 7 8 9
cat_threshold=1574018 11481888 5785655 1753677 6607664 3344022 14683741 11675936 553399
is_linear=0
shrinkage=0.04


Tree=57
num_leaves=31
num_cat=8
split_feature=1 18 30 1 1 30 25 17 7 30 22 1 23 32 22 0 22 18 7 13 11 22 22 0 17 15 22 8 22 22
split_gain=136.798 83.7651 51.7029 31.6013 31.3677 40.4483 28.2322 25.0272 24.4673 24.2205 20.5556 16.4044 36.1835 27.2297 22.1855 20.5307 18.5896 17.8765 18.9662 16.4688 15.6684 21.0714 15.6601 17.5684 15.6246 16.5428 21.2206 19.0884 15.5873 15.5436
threshold=5.5000000000000009 3.5000000000000004 -1.3583333333333329 3.5000000000000004 3.5000000000000004 0.4250000000000001 -1.6083333333333305 0.29917328042328045 5.5000000000000009 -0.83499999999999963 0 1.5000000000000002 36.465000000000011 5.3050000000000006 1 0.1532158385093168 2 2.5000000000000004 1.5000000000000002 4.5000000000000009 46.500000000000007 3 4 0.17587126368748154 0.16679894179894186 0.15211111111111117 5 27.645000000000003 6 7
decision_type=2 10 2 2 2 2 2 10 2 2 1 2 2 2 1 8 1 10 2 2 2 1 1 8 10 10 1 2 1 1
left_child=2 7 3 6 11 8 -1 28 24 -3 -7 12 20 17 19 16 -14 -13 -19 -15 -4 -22 -17 -24 25 -6 27 -27 -2 -26
right_child=1 9 4 -5 5 10 -8 -9 -10 -11 -12 13 15 14 -16 22 -18 18 -20 -21 21 -23 23 -25 29 26 -28 -29 -30 -31
leaf_value=-0.0048752790026263494 -0.0090628129352054772 -0.025557407318342655 0.0015963146585511723 -0.015734689684384552 0.0007894183743860731 -0.0011901452486146197 0.023112830109874784 0.0064458988699129709 -0.0095792139885268659 -0.012735274347823039 0.0046355686227047034 0.0038916814027994181 -0.010963277331332516 0.0025957996688083748 0.0024424334986287901 -0.0051635672909820093 -0.0017357727074339671 0.0057894644698823182 -0.0019783060701149603 0.0088067974618515465 0.01474221169059969 0.0020492284719681895 0.00087679156174111893 0.014345689433354288 0.015537873570879131 -0.010308607676818458 -0.0083406548049645007 0.0018436693210623256 -0.0016118586621465087 -0.0011102745326911961
leaf_weight=470.4508149959147 839.97523166052997 343.11627621389925 1707.4985984638333 460.05603861808777 1420.7336449623108 1621.4546539187431 65.721447750926018 359.6318446174264 785.76660991832614 753.012281216681 2395.5739211812615 2124.5249613597989 665.54467833042145 955.61315666884184 3509.748642385006 486.44136597216129 752.06069950759411 600.69671862572432 3090.054058291018 2394.9197567850351 402.3376554697752 450.24345345050097 761.98433828353882 194.50015326589346 146.92694178968668 265.40935914590955 1217.5212328098714 936.7203335724771 985.46871916204691 213.82700746506453
leaf_count=4966 8312 8761 11196 8544 12061 9682 583 2383 7866 9379 14089 12030 5067 5041 18913 3517 5490 3669 20639 12634 2486 2795 5444 1355 1127 2477 11080 8326 9653 1627
internal_value=3.17727e-06 -0.00772538 0.00090575 -0.00804375 0.00123474 -0.000694526 -0.00144463 -0.00319878 -0.00310072 -0.0167489 0.00229262 0.00219467 0.000353023 0.00298224 0.00468915 -0.00273866 -0.00615753 0.000968589 -0.000714045 0.00701441 0.00380754 0.00823606 0.00062022 0.00357827 -0.00188901 -0.00263666 -0.00464833 -0.000832418 -0.00509888 0.00607007
internal_weight=31377.5 3281.2 28096.3 996.228 27100.1 9003.93 536.172 2185.08 4986.91 1096.13 4017.03 18096.2 5420.61 12675.6 6860.28 2860.53 1417.61 5815.28 3690.75 3350.53 2560.08 852.581 1442.93 956.484 4201.14 3840.38 2419.65 1202.13 1825.44 360.754
internal_count=231192 38488 192704 14093 178611 68335 5549 20348 44564 18140 23771 110276 37350 72926 36588 20873 10557 36338 24308 17675 16477 5281 10316 6799 36698 33944 21883 10803 17965 2754
cat_boundaries=0 1 2 3 4 5 6 7 8
cat_threshold=12850985 15178832 10246600 13191136 11112640 5017035 15084720 11846226
is_linear=0
shrinkage=0.04


Tree=58
num_leaves=31
num_cat=8
split_feature=30 26 14 14 15 6 22 9 25 19 22 6 22 9 24 6 22 9 22 30 22 5 23 16 32 3 15 8 22 22
split_gain=95.9986 47.0123 35.4749 30.9677 28.7724 27.154 26.7956 18.9717 14.5441 14.0564 17.0195 14.5646 12.7792 18.2208 14.3112 12.4356 25.0726 12.3977 12.3737 11.7208 12.4927 11.6655 11.5025 20.0502 13.9487 11.4612 11.3607 11.2366 25.4956 13.8547
threshold=-1.8600000000000003 3.5000000000000004 3.3541666666666674 5.0500000000000007 0.2181666666666667 0.053333333333334128 0 -13.129166666666663 -5.001666666666666 0.55000000000000016 1 0.0081666666666668792 2 6.8216666666666645 40.440000000000005 -0.015000000000000123 3 9.3441666666666681 4 0.070000000000000742 5 6.8350000000000009 47.305000000000007 0.31666666666666671 8.2250000000000032 0.096416121338144464 0.19387500000000005 40.920000000000009 6 7
decision_type=2 2 8 8 10 2 1 2 2 8 1 2 1 2 2 2 1 2 1 2 1 2 2 8 2 8 10 2 1 1
left_child=3 7 27 21 5 15 -7 8 -2 11 26 18 13 14 -13 16 17 -4 -9 20 -17 -1 -12 -24 -25 -19 -11 29 -29 -3
right_child=1 2 4 -5 -6 6 -8 9 -10 10 22 12 -14 -15 -16 19 -18 25 -20 -21 -22 -23 23 24 -26 -27 -28 28 -30 -31
leaf_value=-7.3621090120819382e-05 0.039758416408219921 0.0023791606963272428 -0.0062452072421552386 -0.028026597699210929 -0.012633206344973698 -0.020816804501917072 -0.0043339725162313096 0.0039135010348257324 -0.0049889185874403422 0.0010608842319801851 0.006805942594883963 0.0038496493043138204 -0.0024329710960299209 0.011281216647318258 -0.003576110002038729 -0.0087345125868100847 0.0039087516541107536 -0.0020912157833224937 0.0004974935806846552 0.00060756859971599156 -0.0028484408394628619 -0.017450882291509533 0.040017308364186086 0.001081821502007673 0.017896900037246283 0.023187475811962042 -0.012711236867495977 -0.0027540173815348975 0.0099930346431472486 -0.0021489025421704065
leaf_weight=138.24140839837492 11.788537491112946 2014.6179197728634 845.99820167943835 236.8449577447027 506.43612434715033 237.07668625190854 487.39550047367811 3365.351424779743 821.48174955323339 1853.9181573837996 2250.6345591247082 848.10535989329219 2777.5053001828492 277.80006939545274 813.62593232467771 815.04631128534675 1358.5983350723982 76.691650465130806 3434.7066471017897 928.21390268206596 2047.213914167136 111.79629562422633 22.406904302537441 1575.0871241986752 83.096609503030777 45.856061916798353 101.0588244497776 432.94934716820717 583.50738123059273 2310.1471789181232
leaf_count=2484 97 14518 6568 7449 4800 2406 4832 21652 5404 11448 14350 6220 19554 1896 5468 7542 10399 571 22137 6105 19064 2034 130 9254 491 365 637 3027 4089 16721
internal_value=-3.81564e-05 0.000239293 -0.0016303 -0.0176615 -0.00343338 -0.00275242 -0.010075 0.00154023 -0.00435586 0.00182254 0.00341268 0.00100984 -0.000698045 0.00178977 0.000213809 -0.00188526 0.000416383 -0.00447657 0.00219456 -0.00329834 -0.004565 -0.0078433 0.00492372 0.00243236 0.00192448 0.0073678 0.000347185 0.000850399 0.00463478 -3.90492e-05
internal_weight=31413.2 30926.3 12689.7 486.883 7348.53 6842.09 724.472 18236.6 833.27 17403.3 5886.2 11517.1 4717.04 1939.53 1661.73 6117.62 2327.14 968.546 6800.06 3790.47 2862.26 250.038 3931.23 1680.59 1658.18 122.548 1954.98 5341.22 1016.46 4324.77
internal_count=231712 219745 101007 11967 62652 57852 7238 118738 5501 113237 36310 76927 33138 13584 11688 50614 17903 7504 43789 32711 26606 4518 24225 9875 9745 936 12085 38355 7116 31239
cat_boundaries=0 1 2 3 4 5 6 7 8
cat_threshold=14883408 13771017 1273901 1626710 12262924 434328 15602216 16138763
is_linear=0
shrinkage=0.04


Tree=59
num_leaves=31
num_cat=8
split_feature=1 30 30 29 6 1 12 11 22 22 22 3 22 15 22 3 9 19 15 29 8 15 10 24 22 22 24 29 2 1
split_gain=130.306 87.6033 34.9131 23.0975 22.0256 22.0183 22.2349 18.7204 17.5285 17.4161 17.3846 17.0634 16.7396 24.6868 16.3903 15.5106 15.1925 14.9941 14.2987 13.4742 13.1508 24.6633 12.7173 14.8925 13.5405 13.1232 12.8462 14.4903 12.6909 12.5272
threshold=4.5000000000000009 -0.67500000000000038 0.4250000000000001 1.6150000000000004 -0.05000000000000026 3.5000000000000004 0 31.500000000000004 1 2 3 0.17421798631476054 4 0.13683333333333339 5 0.27303030303030307 -10.173333333333334 0.90000000000000013 0.23200000000000004 7.8050000000000006 45.955000000000005 0.18316666666666673 2.5000000000000004 27.255000000000003 6 7 29.185000000000006 4.7250000000000005 47.385000000000005 1.5000000000000002
decision_type=2 2 2 2 2 2 1 2 1 1 1 10 1 10 1 10 2 10 10 2 2 8 2 2 1 1 2 2 2 2
left_child=5 3 4 -2 20 7 12 19 -6 -5 18 14 13 -7 -4 -10 -16 -18 -9 29 -3 -22 23 24 -8 28 27 -27 -25 -1
right_child=1 2 11 9 8 6 22 10 15 -11 -12 -13 -14 -15 16 -17 17 -19 -20 -21 21 -23 -24 25 -26 26 -28 -29 -30 -31
leaf_value=-0.0039960625772142095 -0.031508508718200705 0.00169447995994073 -0.0054305642499359466 -0.0024340105136138922 -0.0032515584961371443 0.0072451083665453567 0.0057890478118017945 0.0051190122033281443 -0.010662571627912541 -0.015313856796367816 0.0017276347269893346 0.010523950441056336 0.0030753240095377178 -0.0090056371839531309 -0.01007447701041969 0.017493443870193144 0.0012101033480705231 0.017138778870869512 -0.012880468703143888 0.055098827431873831 0.012531410347043406 0.10998685671473774 -0.0061382408318075799 0.013025671003183898 -0.0082727540213150506 0.049870286804141059 -0.0051103757058780473 -0.0040625192094879709 0.068890612075374003 0.00085045414255760889
leaf_weight=1175.6313219405711 116.83159837685525 258.51811948418617 878.60116016864777 228.05259146355093 1087.4457445554435 215.51163617521524 146.63336038216949 4096.3922979049385 1483.0960222780704 870.27691590599716 10220.307659260929 226.8801582083106 2191.2596984356642 488.80350246280432 182.03102268278599 31.979438453912735 1942.5206224918365 99.392248906195164 71.853418357670307 6.9909917786717406 21.905767172575001 5.127393811941146 1486.6287760660052 147.06149137020111 376.12689202278852 15.723629843443634 172.03497597575188 16.164889194071293 6.8074804693460456 3112.5322724357247
leaf_count=8565 4566 2546 6103 3829 11599 1327 1339 24807 16428 14863 62859 1469 13328 3066 1257 337 13107 597 498 40 205 47 13160 1082 3436 134 1282 116 50 19240
internal_value=-0.000150171 -0.00477687 -0.00285706 -0.0145997 -0.00607536 0.00128589 -0.000999476 0.00192963 -0.00723245 -0.0128011 0.0026214 -6.53822e-05 0.00135223 -0.00397665 -0.000839749 -0.0100023 0.000993868 0.00198545 0.00479722 -0.000387794 0.00447033 0.0310158 -0.0038655 -7.2364e-05 -0.00437595 0.00621549 -0.000751164 0.0225307 0.0145515 -0.000478254
internal_weight=31379.1 7432.66 6217.5 1215.16 2888.07 23946.5 5262.76 18683.7 2602.52 1098.33 14388.6 3329.43 2895.57 704.315 3102.55 1515.08 2223.94 2041.91 4168.25 4295.15 285.551 27.0332 2367.18 880.553 522.76 357.792 203.923 31.8885 153.869 4288.16
internal_count=231282 76953 53695 23258 31162 154329 38320 116009 28364 18692 88164 22533 17721 4393 21064 16765 14961 13704 25305 27845 2798 252 20599 7439 4775 2664 1532 250 1132 27805
cat_boundaries=0 1 2 3 4 5 6 7 8
cat_threshold=3 6046735 1319042 8590852 15269889 10748744 12403 1935537
is_linear=0
shrinkage=0.04


Tree=60
num_leaves=31
num_cat=6
split_feature=1 31 30 1 30 1 30 1 13 29 31 7 22 22 26 5 22 13 30 24 22 8 22 11 29 26 34 22 29 19
split_gain=121.881 67.0141 44.0365 24.2781 23.6755 21.3843 31.7051 22.5433 28.5262 25.5586 20.4201 19.8978 19.1204 17.9809 20.7802 17.8608 17.5856 28.3486 18.3903 17.1489 15.8633 15.7811 15.6804 15.4148 15.3397 14.9447 15.5604 14.5228 14.3408 16.4194
threshold=5.5000000000000009 5.5000000000000009 -1.1116666666666664 3.5000000000000004 0.45833333333333331 3.5000000000000004 0.54666666666666719 1.5000000000000002 10.500000000000002 6.3850000000000007 4.5000000000000009 4.5000000000000009 0 1 1.5000000000000002 6.6550000000000011 2 1.5000000000000002 0.86000000000000065 38.115000000000009 3 8.4500000000000011 4 44.500000000000007 6.995000000000001 2.5000000000000004 2.5000000000000004 5 1.7950000000000002 0.22500000000000003
decision_type=2 2 2 2 2 2 2 2 2 2 2 2 1 1 2 2 1 2 2 2 1 2 1 2 2 2 2 1 2 10
left_child=2 4 3 19 15 7 11 9 16 23 -5 20 21 14 -11 -2 18 -18 -9 -1 -7 -13 -10 -4 27 26 -19 -8 29 -12
right_child=1 -3 5 10 -6 6 24 8 22 13 28 12 -14 -15 -16 -17 17 25 -20 -21 -22 -23 -24 -25 -26 -27 -28 -29 -30 -31
leaf_value=-0.0027884486934483654 0.011836839125286186 -0.023146688656309214 -0.00052055950669042765 0.035606503045397503 -0.0019418492428372092 0.0023769705297697324 -0.0018819622853105964 -0.0014651849516677388 -0.0021252577337988457 -0.0088383587903775127 -0.031407771722632802 -0.032498660809839632 -0.0085601981015935875 -0.0091791899295684039 0.0056667662918047082 -0.010255311015679841 0.011786151016778061 0.0089259433447489989 0.0041102429181841512 0.020023003000546664 -0.0030553749604191383 0.0028830932587113299 0.0083021460276471691 0.0046984026961036426 0.0084841449928383002 0.00067592216689706846 0.0019767000211623666 0.0036990655995743282 -0.01021429814954135 0.11300355065421373
leaf_weight=927.98492979630828 61.362542090937495 385.19682854413986 2481.9520607441664 14.595179229974745 1512.5435314327478 1470.5481017753482 1317.7165640592575 3300.1535528376698 264.7048604041338 261.45531111210585 72.328029539436102 21.188391003757715 1247.6620907969773 732.74725903570652 399.46346881240606 1278.5576382614672 587.32997936010361 935.58601489663124 1327.2645043581724 55.905724763870239 2044.6574892997742 419.49738413468003 1875.8445328176022 1425.6109006404877 558.36682799458504 2963.618983194232 1148.299827337265 1698.050512932241 617.41012531146407 1.282055353745817
leaf_count=8808 746 9463 16825 198 10845 11996 7826 19956 1490 2005 2440 206 11852 5644 2953 17340 3367 4850 6585 443 16922 3852 10303 8991 3063 17718 5946 9849 9107 25
internal_value=-0.000136493 -0.00748653 0.000708231 -0.00555296 -0.00537178 0.00110769 -0.000506599 0.00190805 0.00284122 -0.0002752 -0.0112151 -0.00249897 -0.00606805 -0.00492585 -7.03062e-05 -0.00924359 0.00196511 0.0034627 0.000133705 -0.00149228 -0.000784742 0.0011557 0.00704153 0.00138349 0.00239407 0.00250104 0.00509665 0.0012665 -0.012204 -0.0288926
internal_weight=31408.9 3237.66 28171.2 1689.51 2852.46 26481.7 8777.69 17704 12402.8 5301.23 705.615 5203.55 1688.35 1393.67 660.919 1339.92 10262.3 5634.83 4627.42 983.891 3515.21 440.686 2140.55 3907.56 3574.13 5047.5 2083.89 3015.77 691.02 73.6101
internal_count=231614 38394 193220 21021 28931 172199 65566 106633 70215 36418 11770 44828 15910 10602 4958 18086 58422 31881 26541 9251 28918 4058 11793 25816 20738 28514 10796 17675 11572 2465
cat_boundaries=0 1 2 3 4 5 6
cat_threshold=1057059 6398782 4758559 6065240 24584 10786601
is_linear=0
shrinkage=0.04


Tree=61
num_leaves=31
num_cat=1
split_feature=1 31 14 23 1 14 9 21 3 30 8 0 1 20 13 29 13 23 29 15 30 7 19 33 1 8 15 7 24 5
split_gain=103.954 63.0257 37.7248 25.5512 23.1897 42.8254 21.4049 22.7913 19.6446 16.7075 24.6068 15.8115 15.7893 31.3086 20.5996 23.1721 18.036 16.4297 21.4392 18.5506 16.5395 19.7042 17.6115 15.7252 15.7119 15.4977 15.3522 15.2188 14.9726 14.9651
threshold=5.5000000000000009 4.5000000000000009 4.7071428571428582 5.8050000000000006 3.5000000000000004 3.3541666666666674 10.248333333333333 0.29166666666666669 0.20743212149102627 0.8883333333333342 28.485000000000003 0.18236939571150099 1.5000000000000002 0.21111111111111114 7.5000000000000009 4.9050000000000011 1.5000000000000002 46.350000000000009 6.2750000000000012 0.09105555555555557 0.35083333333333316 2.5000000000000004 0.77500000000000013 0 2.5000000000000004 15.660000000000002 0.17788888888888893 1.5000000000000002 48.010000000000012 6.6850000000000014
decision_type=2 2 10 2 2 8 2 8 10 2 2 8 2 10 2 2 2 2 2 8 2 2 8 1 2 2 8 2 2 2
left_child=2 6 4 -4 12 9 7 8 29 10 -6 27 13 -1 16 -16 24 18 19 -17 21 -19 -22 -5 -14 -7 -18 -3 -15 -2
right_child=1 11 3 23 5 25 -8 -9 -10 -11 -12 -13 14 28 15 17 26 20 -20 -21 22 -23 -24 -25 -26 -27 -28 -29 -30 -31
leaf_value=0.0022082213661856957 0.005077677855551156 0.0031475880510381605 -0.021522621310323405 0.0016923902027421757 -0.006053453651851083 -0.012550572502400882 0.0079468136752095606 0.00065309689880953812 0.013784432411869859 0.0049895057167274586 0.0022099191774870466 -0.024585629435142843 0.011173887245211041 -0.0016542729322766689 -0.00056176330150518427 0.060085644726738149 0.0018140130021804897 0.0065322517512784234 0.015764256596027586 0.0059976886467321012 0.0022866788896096948 -0.011366605704488948 0.01394997917872977 -0.009869747262266226 0.0012502710042217359 -0.0028563574142571107 -0.0025678284070562974 -0.015746112446416907 -0.0096567655883180465 -0.010003573121059655
leaf_weight=3735.9937533289194 114.69099493324757 82.476093729957938 162.15061906166375 384.47075424529612 760.483812302351 283.58699165470898 232.31749477982521 793.4319803006947 64.67401335015893 1865.7744945287704 2384.2999264337122 270.48014574125409 520.29460448399186 1094.2151710391045 1099.0848667286336 10.189928308129309 4527.0095586962998 163.35646025836468 450.14815182238817 2332.4995077773929 850.34487743675709 247.5104249343276 273.85504025220871 358.55524386465549 501.16771364584565 3791.5304442048073 1783.2500359378755 394.4419923350215 568.40185706317425 1282.2787800710648
leaf_count=25216 1071 1419 4158 3504 5968 2625 1916 6381 620 10244 18194 6861 2921 7814 8021 55 25763 862 2329 13069 4152 1386 1310 3330 2959 33711 11172 7577 4325 12821
internal_value=0.000116584 -0.00667443 0.000897008 -0.00713657 0.00116393 -0.000485852 -0.00361388 -0.00480486 -0.00776763 0.00199077 0.000211638 -0.0168602 0.00198946 0.000176128 0.00275674 0.00462488 0.00137393 0.00594204 0.0077692 0.00623295 0.00261778 -0.0042502 0.00512786 -0.0039971 0.00630499 -0.00353098 0.000575725 -0.0124787 -0.0043901 -0.0087654
internal_weight=31383 3234.79 28148.2 905.177 27243 9085.68 2487.39 2255.08 1461.64 5010.56 3144.78 747.398 18157.3 5398.61 12758.7 5426.99 7331.72 4327.9 2792.84 2342.69 1535.07 410.867 1124.2 743.026 1021.46 4075.12 6310.26 476.918 1662.62 1396.97
internal_count=231754 38666 193088 10992 182096 70742 22809 20893 14512 34406 24162 15857 111354 37355 73999 31184 42815 23163 15453 13124 7710 2248 5462 6834 5880 36336 36935 8996 12139 13892
cat_boundaries=0 1
cat_threshold=199
is_linear=0
shrinkage=0.04


Tree=62
num_leaves=31
num_cat=1
split_feature=1 18 18 1 6 30 13 1 11 25 32 31 6 1 23 6 30 30 10 23 8 17 24 25 24 33 34 17 8 15
split_gain=94.0904 68.8255 38.7442 41.7758 30.2279 23.3202 22.6086 19.923 27.7951 20.5313 19.7939 18.3279 20.0998 18.1061 16.3783 16.2703 16.6821 15.5236 15.4275 14.542 14.2903 14.5111 13.9527 17.5457 13.867 13.5054 13.3846 12.8128 12.7109 12.5975
threshold=5.5000000000000009 3.5000000000000004 3.5000000000000004 2.5000000000000004 0.016666666666666167 -0.83499999999999963 7.5000000000000009 1.5000000000000002 48.500000000000007 10.499166666666667 5.3050000000000006 1.5000000000000002 0.023333333333332987 2.5000000000000004 51.765000000000008 -0.038333333333333545 1.9300000000000002 -1.3900000000000001 5.5000000000000009 1.655 39.725000000000001 0.027777777777777807 41.195000000000007 24.519166666666674 42.775000000000013 0 2.5000000000000004 -0.033333333333333333 46.170000000000009 0.19816666666666671
decision_type=2 10 8 2 2 2 2 2 2 2 2 2 2 2 2 2 2 2 2 2 2 8 2 2 2 1 2 10 2 10
left_child=2 6 7 25 10 -3 15 8 11 13 19 12 -1 14 -9 20 -17 24 -15 -5 -2 -22 23 -11 -6 -4 -13 -24 -21 -28
right_child=1 5 3 4 17 -7 -8 9 -10 22 -12 26 -14 18 -16 16 -18 -19 -20 28 21 -23 27 -25 -26 -27 29 -29 -30 -31
leaf_value=-0.0096237007713165998 0.0040120324483120182 -0.024027854186331809 -0.0013449511982740049 -0.02433734307105663 -0.019062591858222701 -0.011052700501762191 -0.0078011433260704666 0.004913062351749771 0.0059520928053574352 0.0076207582737122795 0.0024847984323729758 -0.0041330908364602065 0.0083240288084654637 0.00087128617768418646 -0.0058567338274928236 -0.0033328511246681946 0.012548797316393395 -0.0060755909329874456 -0.0049360322381980211 -0.0040586971730434572 0.073139524467180347 0.018024063458721932 -0.0072582406924767773 0.041194836831324397 0.056196625101235388 0.003250448722148858 0.0011430471151052065 0.0038171372696028483 0.0080990234778115597 0.016122682718560138
leaf_weight=798.8455675393343 208.53672526404262 318.40259927324951 1595.4379384405911 53.204092029482126 201.21963447146118 729.20540943369269 808.13024759851396 2549.8435221500695 748.46064621955156 1092.6770061179996 1395.3497896790504 878.22151471674442 114.09646258503199 5451.4538822639734 247.89550004899502 957.69959760271013 118.96876573562622 2119.0732424110174 845.43249045498669 1833.6321090850979 8.7292197495698911 61.430839821696281 174.48079445958138 25.485680565237999 3.9950396902859202 2830.078222297132 942.00386949628592 3965.7298598997295 148.75328509137034 99.294575676321983
leaf_count=6452 1696 8808 10614 1680 3745 9401 8277 14021 4802 6135 9390 5965 842 37510 1218 9209 644 18366 5989 16580 92 463 1023 134 53 18762 6290 21309 1273 645
internal_value=-9.39985e-05 -0.00658066 0.000646872 -0.00132394 -0.00357083 -0.0149963 -0.00250565 0.00176566 -0.000903488 0.00243159 -0.00118483 -0.00271503 -0.00738065 0.00128124 0.0039588 0.000651769 -0.00157797 -0.00709287 9.15841e-05 -0.00370028 0.00926577 0.0248815 0.00442118 0.00838599 -0.0175975 0.00159807 -0.00049602 0.00335039 -0.00314641 0.00257145
internal_weight=31325.8 3211.1 28114.7 10180.7 5755.23 1047.61 2163.5 17933.9 3580.92 14353 3430.94 2832.46 912.942 9094.63 2797.74 1355.37 1076.67 2324.29 6296.89 2035.59 278.697 70.1601 5258.37 1118.16 205.215 4425.52 1919.52 4140.21 1982.39 1041.3
internal_count=231388 38590 192798 80463 51087 18209 20381 112335 24996 87339 28923 20194 7294 58738 15239 12104 9853 22164 43499 19533 2251 555 28601 6269 3798 29376 12900 22332 17853 6935
cat_boundaries=0 1
cat_threshold=42
is_linear=0
shrinkage=0.04


Tree=63
num_leaves=31
num_cat=7
split_feature=1 31 1 14 30 18 7 17 22 9 30 22 6 15 5 8 17 9 1 23 6 32 22 22 22 30 22 3 15 22
split_gain=104.569 66.5775 34.8349 43.4944 20.6242 20.144 17.155 19.4896 18.8476 16.6484 16.1478 15.9539 19.7381 15.0005 19.58 14.6344 14.5437 13.1691 22.0783 24.8496 23.8674 19.7822 18.821 18.2635 15.323 14.3323 13.8323 13.0354 15.2832 14.1009
threshold=5.5000000000000009 4.5000000000000009 3.5000000000000004 3.5857142857142863 -2.4324999999999988 3.5000000000000004 4.5000000000000009 0.17592592592592599 0 11.646666666666668 0.94833333333333358 1 0.0050000000000003384 0.16050000000000006 6.6450000000000005 15.660000000000002 0.30013227513227519 -3.6349999999999993 1.5000000000000002 36.615000000000002 -0.023333333333333869 5.1650000000000009 2 3 4 -0.9199999999999996 5 0.078999375910131078 0.25527777777777788 6
decision_type=2 2 2 8 2 10 2 10 1 2 2 1 2 10 2 2 8 2 2 2 2 2 1 1 1 2 1 8 10 1
left_child=2 5 17 10 -5 9 -6 8 -8 11 -4 12 -2 14 -3 -10 -13 25 19 27 23 22 -20 -21 -23 -1 -27 29 -29 -19
right_child=1 13 3 4 6 -7 7 -9 15 -11 -12 16 -14 -15 -16 -17 -18 18 21 20 -22 24 -24 -25 -26 26 -28 28 -30 -31
leaf_value=-0.0069784710571497398 -0.002241020437909132 0.045780007662606391 -0.00075284681915160543 -0.0236259590218156 -0.0023815451107978363 -0.01066523908677147 -0.016823065052015578 0.043103971156713265 -0.023901814423223953 0.010575042741968082 0.0036988757810580285 -0.0023101403869056664 -0.016316345975071273 -0.022564660597867849 -0.012709935387491869 -0.003896127764323696 0.0095011623356212032 0.010865304756001585 -0.0029343538110495342 -0.0010901874311976302 0.00074887818412349772 0.0023583648023687374 0.0029975150431547967 -0.012476789673031318 0.0067719970023978043 -0.0017401339975958001 0.0024794755518592207 -0.00077085712649225201 0.062483370563874249 0.0012349024254918334
leaf_weight=441.40607386082411 382.41222425550222 9.4573804605752212 4047.5530183501542 92.08175696246326 2222.3768775239587 551.52913261204958 333.68237781710923 11.64513938128948 63.446988550946116 155.01911565288901 1923.1319603025913 910.39425352960825 273.35404083691537 423.86644168011844 288.669886354357 750.97928267158568 204.21799356862903 498.67276749014854 1209.7340200543404 389.42633118480444 1075.928775370121 2191.9648427963257 2868.1390063613653 560.46084512025118 3067.771057985723 2291.5027973279357 2694.1758126392961 933.03302139416337 6.1519128531217566 487.30753303319216
leaf_count=3930 3158 159 31502 3026 20230 6546 3545 81 697 1184 10479 8097 2549 9901 5703 7689 1365 3219 7976 2885 7661 11797 18538 4280 16117 13900 16254 6118 47 3152
internal_value=-0.000187663 -0.00704089 0.000590834 -0.00138956 -0.00494802 -0.00392536 -0.00443949 -0.00838303 -0.00890526 -0.00199472 0.000681034 -0.00309536 -0.00798649 -0.0177293 -0.0108545 -0.00538849 -0.000144788 0.00159024 0.00226832 -0.000238184 -0.00333062 0.00332889 0.00123793 -0.00795144 0.00495 -7.00791e-05 0.000541554 0.00301593 -0.000356525 0.00622833
internal_weight=31359.5 3198.92 28160.6 9444.9 3474.21 2476.93 3382.13 1159.75 1148.11 1925.4 5970.68 1770.38 655.766 721.994 298.127 814.426 1114.61 18715.7 13288.6 3950.98 2025.82 9337.61 4077.87 949.887 5259.74 5427.08 4985.68 1925.17 939.185 985.98
internal_count=231785 38662 193123 77249 35268 22899 32242 12012 11931 16353 41981 15169 5707 15763 5862 8386 9462 115874 81790 27362 14826 54428 26514 7165 27914 34084 30154 12536 6165 6371
cat_boundaries=0 1 2 3 4 5 6 7
cat_threshold=13108880 11998336 1577584 1157661 1368238 743582 14223005
is_linear=0
shrinkage=0.04


Tree=64
num_leaves=31
num_cat=10
split_feature=1 30 14 3 7 22 14 23 22 22 14 9 1 27 6 23 26 15 22 9 22 13 1 22 22 22 1 22 2 22
split_gain=92.0804 72.3885 43.6022 24.4412 26.4402 21.6129 19.3978 20.4167 16.9815 16.8285 16.9328 17.1522 16.0627 23.0584 19.2016 19.0775 17.048 16.6996 15.776 18.6893 15.7128 15.5576 22.2531 16.2556 15.0259 14.6919 16.5205 14.4965 18.605 16.996
threshold=4.5000000000000009 0.32000000000000078 5.2928571428571436 0.29894105782160468 2.5000000000000004 0 4.1833333333333345 3.4000000000000008 1 2 2.4722222222222228 9.5483333333333373 1.5000000000000002 2.5000000000000004 0.068333333333333815 36.465000000000011 2.5000000000000004 0.18387500000000004 3 2.1833333333333322 4 2.5000000000000004 1.5000000000000002 5 6 7 2.5000000000000004 8 34.195000000000007 9
decision_type=2 2 10 10 2 1 10 2 1 1 10 2 2 2 2 2 2 8 1 2 1 2 2 1 1 1 2 1 2 1
left_child=6 2 3 4 8 -6 12 -8 -2 10 11 -3 13 15 16 -1 24 25 -17 -20 -19 -9 27 -24 -14 -18 -27 -23 -29 -30
right_child=1 9 -4 -5 5 -7 7 21 -10 -11 -12 -13 14 -15 -16 18 17 20 19 -21 -22 22 23 -25 -26 26 -28 28 29 -31
leaf_value=0.0011872765667116341 0.0026909363958231712 0.0011154267754324933 -0.029527771585170226 0.012240705527261588 -0.0053164302448485169 -0.013270415899074477 -0.021517449704108578 0.0033789665973888265 -0.0071213660886437734 0.002379304171659533 -0.005689210024738065 0.028147066763951355 -0.0047233166839176482 0.0028192241981912429 -0.0038111248458852329 -0.010106975553848863 0.0049192914510364193 -0.0060264098668392696 0.0022346729649799098 -0.0097592584942196216 0.0012635223980478612 -0.0060686339309066585 -0.00043247637926022327 -0.0083191002058029193 0.004600933902601744 0.0041727203929731067 -0.0008561304534019658 0.016299242108301189 0.014743033126930974 -0.010700846856639381
leaf_weight=1141.4868203923106 533.99676702916622 322.24916677176952 142.45025899447501 103.01313440129161 1000.2771450690925 1338.7414453141391 80.745948370546103 875.99126589298248 581.76131537929177 2150.5375947728753 1091.1349536404014 42.512029901146889 284.08030802756548 2092.6528377383947 783.90053070709109 687.26556489616632 2383.916113499552 809.37292408570647 582.31850541383028 323.26359970122576 1116.287179607898 149.83568191155791 721.47456373646855 1012.3054592013359 6082.9696878381073 1672.0397223606706 2788.0654725804925 214.8977703563869 56.036644570529461 105.9930818118155
leaf_count=7324 6330 2079 5446 1818 13085 18322 1599 6254 6959 14686 8049 262 1542 14312 5264 5168 14877 5482 4290 2368 7533 1058 5871 8415 32509 9382 18360 1501 385 748
internal_value=3.36715e-05 -0.00389727 -0.00782787 -0.00695903 -0.00753152 -0.00994837 0.00123218 -0.00165776 -0.00246495 0.000135567 -0.00317325 0.0042659 0.00168031 -0.000340968 0.00229315 -0.00275954 0.00260928 0.00146546 -0.00558796 -0.00202442 -0.00182524 -0.00114649 -0.00290017 -0.00508773 0.00418472 0.00239134 0.00102682 0.00429993 0.00836081 -0.00165182
internal_weight=31271.6 7306.67 3700.24 3557.79 3454.78 2339.02 23964.9 3217.28 1115.76 3606.43 1455.9 364.761 20747.6 4826.99 15920.6 2734.33 15136.7 8769.68 1592.85 905.582 1925.66 3136.53 2260.54 1733.78 6367.05 6844.02 4460.11 526.763 376.927 162.03
internal_count=231278 77036 51960 46514 44696 31407 154242 25831 13289 25076 10390 2341 128411 33462 94949 19150 89685 55634 11826 6658 13015 24232 17978 14286 34051 42619 27742 3692 2634 1133
cat_boundaries=0 1 2 3 4 5 6 7 8 9 10
cat_threshold=6029375 9789849 10946344 12419488 1314645 8728933 2 3673410 933963 2107524
is_linear=0
shrinkage=0.04


Tree=65
num_leaves=31
num_cat=5
split_feature=1 30 30 1 14 22 30 3 15 17 22 11 6 22 30 17 11 3 22 25 24 20 15 22 6 9 30 6 3 15
split_gain=92.8322 48.0063 33.2087 23.8094 39.2681 21.6171 19.1495 23.0379 18.9635 17.8309 17.3252 14.7964 14.665 14.3408 14.1666 14.1569 13.9478 13.5465 13.4326 12.9916 15.7398 14.3952 12.9346 14.4022 13.7458 13.6305 12.6228 12.5561 12.5067 13.9985
threshold=5.5000000000000009 -0.65000000000000002 -2.4324999999999988 3.5000000000000004 3.3541666666666674 0 1.7136666666666669 0.20743212149102627 0.19183333333333338 0.17592592592592599 1 31.500000000000004 0.055000000000000167 2 1.0283333333333338 0.23346560846560852 38.500000000000007 0.061463961901273019 3 20.345833333333342 47.605000000000011 0.47222222222222227 0.22414285714285717 4 -0.094999999999999293 1.961666666666668 -0.19166666666666707 0.024999999999999915 0.19953703703703707 0.17316666666666672
decision_type=2 2 2 2 8 1 2 10 10 10 1 2 2 1 2 10 2 10 1 2 2 10 10 1 2 2 2 2 10 8
left_child=2 15 16 11 13 8 7 10 9 28 27 18 -7 14 -5 -2 -1 -11 -4 21 -21 -15 23 -13 25 -25 -10 -3 -6 -30
right_child=1 6 3 4 5 12 -8 -9 26 17 -12 22 -14 19 -16 -17 -18 -19 -20 20 -22 -23 -24 24 -26 -27 -28 -29 29 -31
leaf_value=-0.022804813451142297 -0.018249320685738233 -0.0076504495162691647 -0.0032418362311789389 0.0025568150925677148 0.00013560892127281903 -0.005080376644825713 0.005094025312390579 0.013470240574496068 -0.013742480387835465 -0.0014231344269475411 -0.0031264452486428553 0.0043714232226195349 -0.015496628479814397 0.00020933664677872735 0.011830621505830346 0.064077064554478799 0.041899596120396274 0.052493627758387118 0.0013876630941477466 0.019644392543703929 0.0028327351510302485 -0.009415147712422689 -0.0050801172780010027 0.00036008465667571819 0.0018925814136520084 -0.018841166533830448 0.00022241477059686596 -0.01786363544417012 0.027317551780357149 -0.0076752876749855131
leaf_weight=117.82000293955207 502.02450545877218 722.00455108657479 1580.2725721858442 843.20065542310476 1418.8353365976363 2093.3151952866465 309.87972064316273 98.287900757044554 247.4641892798245 12.210779301822187 1264.2301702350378 4632.9439465031028 241.17703825607896 2840.0185091383755 383.38608406484127 3.3644191510975352 5.5829730108380309 19.146982572972775 2705.2173062227666 106.42432296648622 547.49762766808271 272.50498382747173 365.09940569102764 139.91657992452383 9190.1879172362387 102.47692043334246 178.09345427155495 262.66498372703791 56.767391245812178 26.986722500994802
leaf_count=3491 12564 7376 10149 6315 12461 19205 1711 949 3042 79 12836 27746 2564 20458 2048 55 77 132 17305 595 3118 1715 2521 849 56180 628 1322 3082 596 292
internal_value=9.66135e-05 -0.00640108 0.000827193 0.000918434 -0.000737338 -0.00354208 -0.00425173 -0.00548557 -0.000425194 0.00164526 -0.00631403 0.00174004 -0.00613022 0.00167474 0.00541135 -0.0177013 -0.0198775 0.0314983 -0.000323789 0.000442321 0.00556879 -0.000633298 0.00235293 0.00254587 0.00164285 -0.00775765 -0.00789825 -0.0102706 0.00102225 0.0160424
internal_weight=31289 3162.46 28126.5 28003.1 9287.03 4294 2657.07 2347.19 1959.5 1533.95 2248.9 18716.1 2334.49 4993.03 1226.59 505.389 123.403 31.3578 4285.49 3766.45 653.922 3112.52 14430.6 14065.5 9432.58 242.394 425.558 984.67 1502.59 83.7541
internal_count=231461 38573 192888 189320 73942 39693 25954 24243 17924 13560 23294 115378 21769 34249 8363 12619 3568 211 27454 25886 3713 22173 87924 85403 57657 1477 4364 10458 13349 888
cat_boundaries=0 1 2 3 4 5
cat_threshold=5808527 12000576 1344130 30598 10688004
is_linear=0
shrinkage=0.04


Tree=66
num_leaves=31
num_cat=6
split_feature=1 30 30 7 6 17 21 8 22 1 3 24 22 8 22 22 6 20 8 14 2 30 11 6 9 23 1 22 22 0
split_gain=81.5047 50.9848 31.7308 26.4926 25.7519 22.0638 20.0976 20.5948 17.373 16.5981 16.1805 16.1598 15.5776 14.6427 14.1181 13.8841 13.8311 15.7941 13.2439 13.1583 17.72 12.9437 12.9205 13.3129 12.5904 12.3738 12.3176 30.232 17.3375 14.3686
threshold=5.5000000000000009 -0.32333333333333297 -1.9508333333333332 5.5000000000000009 -0.039166666666666565 0.19629629629629636 0.29166666666666669 58.860000000000007 0 3.5000000000000004 0.18106842248167257 45.720000000000006 1 42.285000000000004 2 3 0.010833333333333252 1.0000000180025095e-35 63.735000000000007 1.7638888888888891 42.475000000000001 2.0400000000000009 56.500000000000007 -0.043333333333333439 6.8216666666666645 7.8800000000000008 1.5000000000000002 4 5 0.19711625086625087
decision_type=2 2 2 2 2 10 8 2 1 2 10 2 1 2 1 1 2 8 2 10 2 2 2 2 2 2 2 1 1 10
left_child=2 16 11 24 -3 8 7 10 13 -10 21 22 -12 -5 -7 -8 17 -2 -9 20 -17 -6 23 -1 -4 -26 27 29 -28 -27
right_child=1 4 3 5 6 14 15 18 9 -11 12 -13 -14 -15 -16 19 -18 -19 -20 -21 -22 -23 -24 -25 25 26 28 -29 -30 -31
leaf_value=0.0062542206939614773 -0.019720719457092674 0.0051788492052121391 0.00070952202252519577 -0.0015488831964646545 -0.010839100813842427 0.016585652082160469 0.0092504205383685308 0.097096591443023003 -0.0032873972763145572 -0.011226310010392518 -0.010679791687051177 0.10384046797017343 0.022704810753525494 0.01343944697550116 0.00052942653966194973 0.0073603113814398116 -0.021079234682067859 -0.0038554816500425714 0.0052675427307105806 -0.0056304747138258629 0.081555319774527235 0.01152776362482478 0.052754243451632619 -0.019052042357014156 -0.025531755119281758 0.0088624743602325924 0.0081394870152626652 -0.0055110444864027944 0.0021216986481451304 0.051428621915835526
leaf_weight=39.187744352966547 168.89603260345757 457.25021301954985 20495.604128073901 954.84024535864592 1121.6569755300879 126.44983137026429 183.78322833031416 4.7520699463784677 1069.40436803177 695.33868635818362 33.872013527899981 1.8735532499849785 40.874114874750376 117.07468443363905 258.72046745941043 46.755177095532417 349.77284763008356 247.54649670422077 5.333024874329567 445.88456187769771 5.7878696843981734 42.9833954423666 4.5521171875298014 219.9291856456548 23.990444974973798 231.76472904533148 1231.2374574132264 635.66648196429014 2064.8844056501985 13.423282548785208
leaf_count=813 4544 3730 135828 7310 11445 744 1479 46 7165 6656 309 19 372 881 1532 336 8129 4263 47 3712 41 236 62 5206 265 1593 7751 4325 12951 86
internal_value=-0.000140057 -0.00623682 0.000542466 0.000673361 -0.00335714 -0.00273813 -0.0053777 -0.00839251 -0.00395788 -0.00637931 -0.00885576 -0.0132194 0.009185 8.73294e-05 0.00624497 0.000143942 -0.0152152 -0.0102899 0.0485371 -0.00333258 0.0155332 -0.0100136 -0.0140512 -0.0152248 0.00111841 0.0031133 0.00327782 -0.000924042 0.00440072 0.0107542
internal_weight=31339.1 3155.15 28183.9 27918.4 2388.93 3221.83 1931.68 1249.47 2836.66 1764.74 1239.39 265.543 74.7461 1071.91 385.17 682.211 766.215 416.443 10.0851 498.428 52.543 1164.64 263.669 259.117 24696.6 4200.97 4176.98 880.854 3296.12 245.188
internal_count=231876 38689 193187 187087 21753 24288 18023 12455 22012 13821 12362 6100 681 8191 2276 5568 16936 8807 93 4089 377 11681 6081 6019 162799 26971 26706 6004 20702 1679
cat_boundaries=0 1 2 3 4 5 6
cat_threshold=1204526 16336402 42772 4219925 11600648 4735197
is_linear=0
shrinkage=0.04


Tree=67
num_leaves=31
num_cat=0
split_feature=1 30 29 7 3 9 25 17 1 15 14 3 11 1 6 15 30 11 30 29 9 17 0 30 34 32 1 11 21 6
split_gain=74.4517 65.3101 34.7188 25.8954 30.2685 18.4371 17.4859 17.2784 16.5513 19.1822 16.3257 14.8249 15.2172 20.0155 19.2719 18.9431 18.0999 14.275 13.5847 13.5741 13.9441 16.0049 14.2054 13.5101 13.4418 14.6167 13.4219 15.3926 15.1263 13.0943
threshold=4.5000000000000009 0.61708333333333354 1.7950000000000002 2.5000000000000004 0.30787458986511124 -2.7208333333333345 -38.267499999999991 -0.051388888888888908 1.5000000000000002 0.17683333333333337 4.5277777777777786 0.22454436319982543 49.500000000000007 1.5000000000000002 -0.031666666666665837 0.16683333333333342 -0.67500000000000038 44.500000000000007 -0.34166666666666717 5.3550000000000013 -4.7191666666666654 -0.02 0.1753352059925094 1.0783333333333336 2.5000000000000004 6.4150000000000009 5.5000000000000009 63.500000000000007 0.70833333333333337 0.011666666666666272
decision_type=2 2 2 2 10 2 2 8 2 10 8 8 2 2 2 10 2 2 2 2 2 10 10 2 2 2 2 2 8 2
left_child=5 2 -2 -4 10 7 -7 8 9 -1 26 12 13 16 -15 -16 -8 -6 -10 20 -19 -22 -23 -11 25 -18 28 -28 -5 -26
right_child=1 -3 3 4 17 6 11 -9 18 23 -12 -13 -14 14 15 -17 24 19 -20 -21 21 22 -24 -25 29 -27 27 -29 -30 -31
leaf_value=-0.0030932427146524465 -0.028182536223968224 0.0012315616767055221 -0.0016161656310471207 -0.0058508073914687224 -0.0050232331135561491 0.025720515324579953 0.0072891434784563879 0.00079786501563076722 -0.0083806188766713651 0.0094179225760634595 -0.018574116420641568 -0.0040693224075918875 0.0047352360900369834 0.0052772663994427585 0.0028399704068974765 -0.0014268514771564325 -0.0030131237614949625 -0.00620702966775583 -0.0019311572460574073 0.0041699877576384806 0.034123526267046948 0.16845931858544058 0.065594115590550603 0.060948930449641121 -0.0021006978848428872 -0.012956070913325518 -0.011774502024419622 0.062772796636078279 0.047534827564928259 0.0073305703741543314
leaf_weight=379.99773108959198 115.96636340580881 2770.3463787734509 1439.9936710577458 1585.5991869457066 25.378946052864194 48.839979328215122 328.93602959811687 5384.6662337370217 940.16019799560308 243.480572771281 249.01660737767816 670.80343132093549 2690.4168496243656 2540.876315291971 4371.0059758685529 2688.9516832716763 831.31969697028399 5.2937161140143898 1176.3737858310342 15.842672646045683 10.823146954178812 3.5581657811999303 5.4199531488120556 8.4218839555978757 1043.2275738716125 330.64641258865595 1011.4766503833234 4.4511885046958914 8.5375894680619222 304.22532883286476
leaf_count=2630 5280 18099 16327 16733 565 347 2406 32723 8768 1692 4397 4594 17323 14539 26063 18049 5724 71 7296 140 160 38 58 60 7283 2543 15084 50 77 2062
internal_value=-4.49698e-05 -0.00359645 -0.00658109 -0.00600725 -0.00816871 0.00102891 0.0018234 -0.000519321 -0.00309992 0.00258104 -0.00878838 0.00174953 0.00200752 0.00141755 0.00228998 0.00121485 -0.00153344 0.0185469 -0.004796 0.033159 0.05146 0.0668769 0.106361 0.0111408 -0.00268991 -0.00584247 -0.00785476 -0.0114479 -0.00556489 2.86758e-05
internal_weight=31234.1 7251.7 4481.36 4365.39 2925.4 23982.3 15849.2 8133.1 2748.43 631.9 2859.08 15800.4 15129.6 12439.2 9600.83 7059.96 2838.36 66.3166 2116.53 40.9377 25.095 19.8013 8.97812 251.902 2509.42 1161.97 2610.06 1015.93 1594.14 1347.45
internal_count=231181 77079 58980 53700 37373 154102 100933 53169 20446 4382 36341 100586 95992 78669 58651 44112 20018 1032 16064 467 327 256 96 1752 17612 8267 31944 15134 16810 9345
is_linear=0
shrinkage=0.04


Tree=68
num_leaves=31
num_cat=0
split_feature=1 31 29 25 18 11 6 19 23 10 2 1 3 1 1 21 23 23 13 26 11 23 3 5 7 6 2 26 6 9
split_gain=67.553 68.3918 30.8509 23.6481 20.5946 21.6487 17.685 16.9202 14.8659 14.2999 15.7089 13.9346 13.7015 13.5046 13.3966 12.9754 12.6382 12.1764 12.411 12.0748 12.0354 11.9145 12.3079 11.8248 11.7972 11.5621 20.8852 11.4659 11.3327 11.3285
threshold=4.5000000000000009 4.5000000000000009 1.7950000000000002 -7.1933333333333334 4.5000000000000009 29.500000000000004 -0.028333333333333762 1.0000000180025095e-35 48.900000000000006 3.5000000000000004 41.07500000000001 2.5000000000000004 0.32588431127756978 5.5000000000000009 1.5000000000000002 0.55000000000000016 12.295000000000002 4.7900000000000009 1.5000000000000002 1.5000000000000002 56.500000000000007 40.555000000000007 0.076451854627201207 6.7650000000000006 4.5000000000000009 -0.039999999999999584 28.855000000000004 2.5000000000000004 0.021666666666666948 -27.96833333333333
decision_type=2 2 2 2 8 2 2 10 2 2 2 2 10 2 2 10 2 2 2 2 2 2 10 2 2 2 2 2 2 2
left_child=3 4 -3 7 5 16 -4 17 9 10 14 -11 24 -8 19 29 23 -1 -19 20 -5 -17 -23 -2 -7 26 -6 -9 -20 -13
right_child=1 2 6 8 25 12 13 27 -10 11 -12 15 -14 -15 -16 21 -18 18 28 -21 -22 22 -24 -25 -26 -27 -28 -29 -30 -31
leaf_value=-0.020273399029476162 0.11571047963481761 -0.031018372150462138 -0.00059269727232552692 -0.0065534060383258411 0.038993344239405425 -0.00049895344874274132 -0.0079523317266038968 0.053121857203192339 -0.00063314905049410527 0.0026562249418368646 -0.0011416759914934299 -0.027388215421728073 0.012354225364875713 -0.016485652381897899 0.0051347695474667976 -0.0048264119541847582 0.0049598669641662948 0.0062738492481670691 -0.0028785074282922465 0.0029423565179930479 0.026253263902241905 0.033460602670120278 0.0034937368738934709 0.022568368998664354 -0.0053065474482918004 -0.0096079515839647099 -0.0050109462121271063 -7.6804869815165673e-05 -0.011333056365211612 -0.0013016304390302495
leaf_weight=78.858013086020947 3.0133315641432983 109.20854561030865 317.27995497733355 384.26278341561556 22.537344954907894 2704.4324237108231 790.92020944878459 6.4914276190102091 3483.2050323113799 3522.7067719139159 1041.0645981878042 26.871424444019794 110.1779561303556 474.90210585482419 5167.397782869637 48.776163190603256 824.90558694303036 162.20738505572081 809.75806634500623 1241.9287737384439 18.765690430998802 48.105635292828083 40.299932770431042 7.89369136095047 1169.961401887238 618.77059164084494 73.658098474144936 4579.4609015621245 369.39247421547771 3032.7885076329112
leaf_count=1653 49 5142 4608 2724 210 20982 10895 40 20015 21436 6318 169 769 9939 30427 293 6801 1206 6444 8169 116 258 215 138 10197 6564 681 32167 3369 19526
internal_value=-2.73763e-05 -0.00341855 -0.0104557 0.000991237 -0.0012671 -0.00032745 -0.00903718 -0.00118298 0.00171446 0.00227559 0.00343461 0.000920984 -0.00155517 -0.0111538 0.00413396 -0.000991135 0.00552545 -0.00499804 -0.00410001 0.000990073 -0.00502587 0.0110439 0.0198001 0.0483012 -0.00195072 -0.00760233 0.00529869 -1.50202e-06 -0.00552706 -0.00153074
internal_weight=31290 7227.66 1692.31 24062.3 5535.35 4820.38 1583.1 6006.17 18056.2 14573 7853.42 6719.55 3984.57 1265.82 6812.36 3196.84 835.813 1420.22 1341.36 1644.96 403.028 137.182 88.4056 10.907 3874.39 714.966 96.1954 4585.95 1179.15 3059.66
internal_count=231520 76975 30584 154545 46391 38936 25442 44879 109666 89651 47754 41897 31948 20834 41436 20461 6988 12672 11019 11009 2840 766 473 187 31179 7455 891 32207 9813 19695
is_linear=0
shrinkage=0.04


Tree=69
num_leaves=31
num_cat=7
split_feature=1 18 18 1 6 22 3 3 11 32 29 13 7 1 31 32 29 22 25 22 15 22 9 32 9 22 1 18 22 22
split_gain=66.2157 47.6573 28.2389 29.2674 26.7835 23.5757 21.0463 19.1758 18.8843 18.5475 17.7445 16.8978 15.8473 26.984 23.692 17.2101 19.8823 18.4768 16.0838 15.7607 15.744 15.5691 14.9221 14.8459 14.765 14.3415 16.8522 16.7091 14.0575 14.0495
threshold=5.5000000000000009 3.5000000000000004 4.5000000000000009 4.5000000000000009 -0.038333333333333545 0 0.26336189310485519 0.05411036036036037 30.500000000000004 1.7850000000000004 3.4950000000000006 1.5000000000000002 4.5000000000000009 1.5000000000000002 2.5000000000000004 4.8650000000000011 3.7250000000000005 1 8.6908333333333321 2 0.11300000000000003 3 -15.509166666666667 3.6050000000000004 3.5500000000000029 4 1.5000000000000002 1.5000000000000002 5 6
decision_type=2 10 10 2 2 1 10 8 2 2 2 2 2 2 2 2 2 1 2 1 8 1 2 2 2 1 2 8 1 1
left_child=2 4 12 10 7 6 -6 -2 -9 -3 28 21 13 14 -1 25 -17 -18 22 -5 -7 23 -15 -12 -25 -14 -27 -28 -4 -13
right_child=1 9 3 19 5 20 -8 8 -10 -11 11 29 15 18 -16 16 17 -19 -20 -21 -22 -23 -24 24 -26 26 27 -29 -30 -31
leaf_value=-0.0043849708992632656 0.020405725178069902 -0.025240337608695575 0.00017942335437759336 -0.00034730839947386073 -0.013440023655207202 -0.017650389326436273 0.02799653639588565 0.018043345310215699 -0.004182200027216065 -0.010474799844701425 0.046286215756533071 0.0019314011532718738 0.0011815424935228216 -0.0090076504525979078 0.0019483384394065975 0.048420572181207752 -0.0030115091291388679 0.0027939417233776957 0.0043351166035818772 -0.012379989841395621 -5.0968075683116889e-05 -0.00035824688730223321 0.0017583538279384381 0.0039099843722731923 0.035167941319464997 0.0059066176738379848 0.0027198831252148131 -0.010487155427338886 -0.016314166017061361 -0.002835341708311896
leaf_weight=1906.0078863948584 116.87196178734303 163.22351413592696 148.95521176978946 256.68545717746019 497.07278281077743 87.914799105376005 20.417864231392741 82.120135581120849 239.72268179804087 819.56154406815767 26.442315250635147 1719.6262443885207 601.50393026322126 211.48062975332141 1874.5042365863919 13.993439003825186 1381.6483282074332 2364.4198069050908 5148.6389660388231 592.27100122347474 1085.4368466772139 152.39755747467279 7929.9208547752351 82.340466760098934 34.23007471114397 155.2168699093163 185.41701629757881 884.08745197206736 192.60013507306576 2304.4864224046469
leaf_count=14191 965 5322 2050 3374 4975 754 185 784 1959 12857 189 12360 4684 1415 12063 140 8869 15167 27888 8202 10734 1020 51797 559 222 1059 1259 7337 2652 16507
internal_value=-0.000104437 -0.00564097 0.000507331 -0.00206092 -0.00227845 -0.00456346 -0.0115813 0.00652818 0.00148878 -0.0129271 -0.000816764 -0.000122761 0.00113192 0.00173708 -0.0012447 -0.000717351 0.000829933 0.000652158 0.00258529 -0.00889178 -0.00135805 0.00911101 0.0014787 0.0179702 0.0130887 -0.00390309 -0.00635807 -0.00819749 -0.00959356 -0.000800613
internal_weight=31279.2 3112.34 28166.9 5510.03 2129.56 1690.84 517.491 438.715 321.843 982.785 4661.08 4319.52 22656.8 17070.6 3780.51 5586.29 3760.06 3746.07 13290 848.956 1173.35 295.41 8141.4 143.013 116.571 1826.23 1224.72 1069.5 341.555 4024.11
internal_count=231539 38535 193004 47135 20356 16648 5160 3708 2743 18179 35559 30857 145869 107354 26254 38515 24176 24036 81100 11576 11488 1990 53212 970 781 14339 9655 8596 4702 28867
cat_boundaries=0 1 2 3 4 5 6 7
cat_threshold=11141792 9672968 5775442 5547956 10561802 14725785 11360352
is_linear=0
shrinkage=0.04


Tree=70
num_leaves=31
num_cat=6
split_feature=1 18 29 30 22 22 7 11 14 1 22 11 23 22 22 0 8 22 0 29 0 9 9 5 21 7 10 0 25 30
split_gain=63.1645 56.2126 24.2073 23.3805 18.5415 17.4037 22.098 23.3333 15.1749 16.1847 15.6585 15.1859 13.5085 14.5911 12.3129 18.7714 13.3977 12.1555 23.4173 12.3543 12.2492 12.0483 11.9246 11.6183 13.2198 10.9759 10.7004 10.6739 12.4724 10.6294
threshold=4.5000000000000009 4.5000000000000009 1.7950000000000002 1.0283333333333338 0 1 2.5000000000000004 26.500000000000004 4.1055555555555561 2.5000000000000004 2 27.500000000000004 18.220000000000002 3 4 0.15037152058891193 45.245000000000012 5 0.13756831417052415 3.7650000000000001 0.19340720731782188 10.007500000000002 2.8816666666666664 6.5550000000000006 1.0000000180025095e-35 5.5000000000000009 3.5000000000000004 0.21003144654088055 -8.9426666666666677 0.44833333333333264
decision_type=2 10 2 2 1 1 2 2 8 2 1 2 2 1 1 8 2 1 8 2 8 2 2 2 8 2 2 10 2 2
left_child=8 3 -3 5 -4 6 7 -2 23 11 29 17 14 -14 15 -13 -16 18 -10 -20 22 -8 -21 24 -1 -6 -7 -9 -29 -11
right_child=1 2 4 -5 25 26 21 27 9 10 -12 12 13 -15 16 -17 -18 -19 19 20 -22 -23 -24 -25 -26 -27 -28 28 -30 -31
leaf_value=0.011449512651223974 0.01731290409699365 -0.030583861991786105 -0.014272485625092217 0.0022644087429678082 -0.0023262212415931837 0.0014009664659889317 -0.011257626058238004 -0.0047236022835192761 0.08826243439445515 -0.010445798601821203 -0.00076056132051461375 0.067113442717152069 -0.0041637248185332123 0.0047039703401376724 0.020543776629066736 -0.0016544829647948541 -0.017067056875270416 -0.010879751144264774 -0.016823530837275714 0.016041952230170461 0.050011375162856531 0.0036277218001598715 -0.028610151876118799 0.0013746321265129889 -0.030156666726144629 -0.014761198977700993 -0.0039951996755148659 -0.022558691315819109 0.069134479296509427 0.0025865994920925175
leaf_weight=17.967716082930565 100.33396395482123 89.724012028425932 604.78513116762042 1739.6674484312534 595.59753026254475 1283.1366247590631 965.00003132224083 480.15948465839028 5.2162943482398987 669.79006698355079 954.17240207456052 6.6190541684627533 526.10474783182144 656.0648930221796 170.3705395758152 156.84935255348682 16.633331291377544 250.78802065178752 37.188820019364357 34.772912047803402 11.320705302059649 95.622362490743399 13.202489525079725 20357.729536943138 38.189084850251675 140.33045770786703 1085.2442989312112 3.6936709750443697 6.640987176448105 117.7351888269186
leaf_count=113 1165 4520 8853 10383 8394 13121 11015 4621 35 6409 8452 51 3408 4183 1308 1201 125 2064 385 233 80 1005 86 125310 226 2244 11497 49 70 662
internal_value=-8.28532e-05 -0.00337226 -0.0104692 -0.00160965 -0.00912309 -0.00328622 -0.00642326 -0.000262705 0.000900919 -0.00148331 -0.00426324 0.0010851 0.00280682 0.000762121 0.00970375 0.00106488 0.0163254 -0.00640102 0.00520155 0.00125011 0.0125854 -0.00991561 0.00375401 0.00132451 -0.0168445 -0.00463441 -0.00106717 -0.00385792 0.0363628 -0.0083909
internal_weight=31230.7 7189.94 1430.44 5759.5 1340.71 4019.83 1651.45 590.828 24040.7 3626.83 1741.7 1885.13 1532.64 1182.17 350.472 163.468 187.004 352.489 101.701 96.4849 59.2961 1060.62 47.9754 20413.9 56.1568 735.928 2368.38 490.494 10.3347 787.525
internal_count=231268 76937 24011 52926 19491 42543 17925 5905 154331 28682 15523 13159 10276 7591 2685 1252 1433 2883 819 784 399 12020 319 125649 339 10638 24618 4740 119 7071
cat_boundaries=0 1 2 3 4 5 6
cat_threshold=10653513 10704544 6966810 1899592 4878758 13657120
is_linear=0
shrinkage=0.04


Tree=71
num_leaves=31
num_cat=0
split_feature=30 1 18 19 1 30 6 1 0 11 7 11 13 27 15 9 17 7 25 11 9 11 19 25 16 32 31 13 7 17
split_gain=55.822 38.1816 32.0106 26.946 27.426 26.9768 18.3385 18.2142 20.0522 18.116 17.1737 18.5281 16.323 15.2783 15.1271 15.037 14.879 14.8503 14.7295 14.2893 14.2302 13.2394 12.5736 11.7969 14.0553 15.9771 11.7213 11.6997 15.144 11.7032
threshold=-2.4324999999999988 5.5000000000000009 3.5000000000000004 0.55000000000000016 2.5000000000000004 -0.21166666666666664 -0.044999999999999478 1.5000000000000002 0.18947642543859652 43.500000000000007 2.5000000000000004 29.500000000000004 7.5000000000000009 1.5000000000000002 0.22400000000000003 8.1836666666666691 0.016798941798941844 1.5000000000000002 20.697500000000005 28.500000000000004 -1.6683333333333346 21.500000000000004 0.63333333333333341 15.008333333333336 0.18333333333333338 6.2950000000000008 4.5000000000000009 3.5000000000000004 1.5000000000000002 0.020019841269841302
decision_type=2 2 10 8 2 2 2 2 10 2 2 2 2 2 8 2 8 2 2 2 2 2 8 2 10 2 2 2 2 8
left_child=18 3 10 4 9 6 -6 8 13 21 11 22 -12 -5 -11 19 -10 -7 26 -8 -4 -2 27 -22 25 -25 -1 28 29 -3
right_child=1 2 20 7 5 17 15 -9 16 14 12 -13 -14 -15 -16 -17 -18 -19 -20 -21 23 -23 -24 24 -26 -27 -28 -29 -30 -31
leaf_value=0.071430598852597491 -0.015051694865397806 0.10252097344082324 -0.016294499810389673 -0.0080831809089680316 0.0036917626542265977 0.0041395703579365419 -0.00088185995755509254 0.0036654451721050956 -0.025912218484092017 0.004517970669908636 -0.00075837482333398988 5.3696925866593018e-05 -0.010143921745462499 0.00071107459307234006 -0.0090767751371358864 0.0019313280524770699 0.025956442949560576 -0.0007043377501944095 0.11666939909837037 -0.0074518693607985662 -0.0081057931400653135 0.00050104139431884887 0.032958472112470293 0.095511383866719715 -0.00041592394825849479 0.009109154735738853 -0.02323777662893765 0.0017233469444668977 -0.0016362806050866153 0.032604212950762809
leaf_weight=2.1160284318029872 88.954015899449587 5.4283839259296673 373.00610791891813 485.94516307860613 439.6180489435792 1219.3953931629658 682.89687110856175 6435.7340300790966 10.249247387051581 3209.9726137779653 799.68338580802083 667.35509898886085 471.1729080080986 904.22429035604 136.52853529900312 440.27357654087245 64.760119080543518 5973.0307337716222 1.2301081959158171 2360.4639511443675 462.74706332013011 5645.073113810271 44.582078658044338 5.9981320239603502 39.956179812550545 7.9799470640718937 189.05330588668585 101.38724866881967 14.325626138597725 13.013668633997439
leaf_count=55 658 72 6203 3611 3896 7239 7845 38064 68 19724 7540 5670 5218 6475 919 4129 429 38107 13 22843 7831 35667 361 73 428 86 7267 1033 150 120
internal_value=0.000177268 0.000310134 -0.00397408 0.000768582 -6.20108e-06 -0.00133848 -0.00400658 0.00274907 -0.00127606 0.00162467 -0.00129843 0.00311704 -0.00423809 -0.00236303 0.00396334 -0.00497807 0.0188691 0.000116893 -0.0213021 -0.00597763 -0.0103406 0.000259766 0.0145547 -0.00604235 0.0116616 0.0461852 -0.0221899 0.00843881 0.0292173 0.0531841
internal_weight=31296.2 31103.8 3006.64 28097.1 20196.2 11115.7 3923.25 7900.91 1465.18 9080.53 2116.95 846.092 1270.86 1390.17 3346.5 3483.63 75.0094 7192.43 192.399 3043.36 889.687 5734.03 178.737 516.681 53.9343 13.9781 191.169 134.155 32.7677 18.4421
internal_count=231794 224459 34785 189674 141027 84059 38713 48647 10583 56968 20164 7406 12758 10086 20643 34817 497 45346 7335 30688 14621 36325 1736 8418 587 159 7322 1375 342 192
is_linear=0
shrinkage=0.04


Tree=72
num_leaves=31
num_cat=1
split_feature=1 17 10 30 7 9 25 30 31 5 15 9 9 33 3 25 9 31 7 30 0 3 34 2 14 26 0 6 14 15
split_gain=55.6068 44.2147 27.0835 21.0931 19.9082 17.0719 16.2704 15.4645 16.2203 14.7008 13.7251 13.634 12.5967 12.2583 11.6895 12.2577 11.6549 20.3896 11.3045 15.5866 10.8293 10.6634 11.2848 10.394 10.3896 10.3723 10.3693 10.2876 16.3693 14.7354
threshold=5.5000000000000009 0.015555555555555574 4.5000000000000009 -0.9199999999999996 1.5000000000000002 9.5483333333333373 -3.9525000000000001 -2.2891666666666661 4.5000000000000009 6.955000000000001 0.1710555555555556 -1.6683333333333346 0.059166666666666153 0 0.21315636182075395 13.483333333333338 -0.44816666666666544 2.5000000000000004 5.5000000000000009 0.22 0.12295346320346322 0.11369021973287377 8.5000000000000018 43.290000000000006 3.0500000000000003 1.5000000000000002 0.11066869918699189 0.0083333333333341936 3.2361111111111116 0.13816666666666672
decision_type=2 8 2 2 2 2 2 2 2 2 10 2 2 1 10 2 2 2 2 2 8 8 2 2 8 2 10 2 10 8
left_child=2 4 7 20 -2 9 10 8 -1 13 -6 -5 16 -3 -7 -16 -13 -18 -9 -20 -4 22 -21 -11 -25 -10 -15 28 29 -22
right_child=1 5 3 11 6 14 -8 18 25 23 -12 12 -14 26 15 -17 17 -19 19 21 27 -23 -24 24 -26 -27 -28 -29 -30 -31
leaf_value=0.11554387666511964 0.0002713515177394941 -0.0058358019708063622 0.044907528104966968 -0.0010951762540807291 -0.011989844932592419 0.0074782501552601325 -0.0084329843180871028 0.0017698281774897184 0.073923201942425951 -0.015485501955543948 -0.025327042981892655 0.0065916245694812936 -0.018613866118587157 -0.027893770378767131 0.095942691270342342 0.010716728547284981 -0.0080072769775807011 0.054446940356774214 -0.0045586854704325894 0.0042219812281848032 0.062839978295375395 -0.0054391896823669274 0.056544221136506617 0.040820581201191843 -0.025094897459123161 -0.018081320875668851 0.0025833618940823682 -0.013502564866410304 -0.0069436094622151332 0.0069943251608859391
leaf_weight=1.5173565056174982 215.70699249580503 513.93653520569205 6.1739155892282724 7367.5062980279326 258.54419737122953 197.73232863284647 567.13843321055174 17573.042854240164 2.0007855705916873 180.5804318934679 236.27454091981053 280.90233691781759 28.115274786949158 18.249089701101184 5.0194016527384502 5.843626543879509 13.430662527680395 22.169904321432114 1117.7811908405274 729.6161460801959 9.4418836720287782 214.53325781971216 6.6555672138929358 10.80225955694914 5.9242964126169673 97.484175777062774 841.09467396512628 330.11569718644023 346.60239700786769 37.921632137149572
leaf_count=30 3397 4704 67 48128 5250 1623 7545 115456 20 1708 6162 1813 178 209 46 37 79 149 9991 4375 80 1275 40 93 68 2880 7526 4354 3884 350
internal_value=-6.2805e-06 -0.0051305 0.000549474 -0.00134668 -0.0108074 -0.00105384 -0.0130577 0.00136031 -0.0142513 -0.00248179 -0.0183583 -0.000731434 0.00704492 -0.00101492 0.00969768 0.0500965 0.00932422 0.0308855 0.00144059 -0.00135636 -0.00784419 0.00240835 0.00469495 -0.0126914 0.0174743 -0.016231 0.00191388 -0.00829398 -0.00392955 0.0181271
internal_weight=31241.9 3056.85 28185 8442.38 1277.66 1779.18 1061.96 19742.6 101.002 1570.59 494.819 7712.12 344.618 1373.28 208.595 10.863 316.503 35.6006 19641.6 2068.59 730.256 950.805 736.272 197.307 16.7266 99.485 859.344 724.082 393.966 47.3635
internal_count=231517 38368 193149 59082 22354 16014 18957 134067 2930 14308 11412 50347 2219 12439 1706 83 2041 228 131137 15681 8735 5690 4415 1869 161 2900 7735 8668 4314 430
cat_boundaries=0 1
cat_threshold=7
is_linear=0
shrinkage=0.04


Tree=73
num_leaves=31
num_cat=10
split_feature=23 7 17 17 22 31 15 23 22 8 22 22 7 22 29 29 12 22 25 29 33 2 22 22 14 29 25 17 0 17
split_gain=45.7651 31.3968 23.8727 22.3519 20.5786 19.7722 19.2921 17.763 17.2106 16.6537 16.6836 15.1742 14.2151 20.0366 15.0702 14.1487 13.1488 12.2641 12.5565 13.3135 11.0369 10.9041 15.2252 10.8097 10.6916 18.044 11.0903 10.5804 10.5739 10.5215
threshold=2.4850000000000008 5.5000000000000009 -0.099999999999999936 0.14454365079365084 0 3.5000000000000004 0.22050000000000006 35.965000000000011 1 42.605000000000011 2 3 1.5000000000000002 4 4.4850000000000012 3.9550000000000005 5 6 -9.3449999999999918 3.4450000000000007 7 23.445000000000004 8 9 2.5277777777777781 5.2150000000000007 22.227500000000006 -0.21111111111111103 0.19191635091809969 -0.25003306878306869
decision_type=2 2 10 10 1 2 10 2 1 2 1 1 2 1 2 2 1 1 2 2 1 2 1 1 10 2 2 10 10 10
left_child=2 5 -1 8 24 7 9 23 -3 12 28 -9 13 14 -7 -12 -13 18 -8 -20 -18 22 -14 -2 25 -5 -26 29 -11 -16
right_child=1 3 -4 4 -6 6 17 11 -10 10 15 16 21 -15 27 -17 20 -19 19 -21 -22 -23 -24 -25 26 -27 -28 -29 -30 -31
leaf_value=-0.023676102781734314 0.0066014279800865596 -0.0015031071161425091 0.02793429718072921 0.063892422393705767 -0.0040771190164077967 0.019116787598436269 -0.0097482262917203272 -0.0010986613676116153 -0.007687441787149172 -0.0047788039511028856 -0.0046218862417515376 0.0022865810464045419 -0.014090700550387183 -0.00030759852374896343 0.0071477010519036465 0.0088157618116645048 0.00061850466158287125 -0.011184608316685584 0.076636450491737576 0.011150886542639351 -0.0095628721008633663 -0.0012624970890694948 -0.0022863864436714633 0.0022893051564682725 0.0113893580589738 -0.0012143016201239328 0.03601170688572277 0.0012230597140642121 0.014050475959923628 0.060481152450030357
leaf_weight=175.77708277665079 1368.8104411959648 1343.7223816979676 15.613682879135011 7.1305044628679743 343.46795129030943 168.65462418831885 51.459044829010963 4694.5628862977028 1585.6065724417567 412.60041708499193 148.53584913536906 7165.7990339249372 255.05507142096758 1297.0635652672499 14.572872523218395 803.81451131030917 431.26114923134446 415.77211437560618 5.5361305829137555 48.344907145947218 273.487084813416 5949.9342234432697 553.19264003820717 2988.70860343799 181.02470779791474 151.93547023460269 34.913678750395775 238.37852696701884 53.959167001768947 9.9655601643025857
leaf_count=7053 8703 11717 306 60 2214 1477 596 28529 14153 3325 1565 43234 2272 10242 124 6140 2676 4159 60 412 1690 51942 4891 19095 1214 933 196 1698 463 82
internal_value=3.40809e-05 0.000154481 -0.0194657 -0.0033313 0.00299109 0.000619405 -0.000750752 0.00146362 -0.00488198 -0.000356117 0.00365501 0.000700455 -0.00102674 0.00221014 0.00956261 0.0066501 0.00177272 -0.00825229 0.00400315 0.0178794 -0.00341103 -0.00185468 -0.00621405 0.00366426 0.00932495 0.00170426 0.0153704 0.00379756 -0.00254655 0.0288075
internal_weight=31188.7 30997.3 191.391 3647.8 718.472 27349.5 10426.8 16922.6 2929.33 9905.73 1418.91 12565.1 8486.82 1728.64 431.572 952.35 7870.55 521.112 105.34 53.881 704.748 6758.18 808.248 4357.52 375.004 159.066 215.938 262.917 466.56 24.5384
internal_count=231221 223862 7359 30487 4617 193375 89448 103927 25870 84221 11493 76129 72728 13623 3381 7705 47600 5227 1068 472 4366 59105 7163 27798 2403 993 1410 1904 3788 206
cat_boundaries=0 1 2 3 4 5 6 7 8 9 10
cat_threshold=4321038 3289391 8854048 6488459 459152 3 6365248 188 1385060 3674500
is_linear=0
shrinkage=0.04


Tree=74
num_leaves=31
num_cat=8
split_feature=30 1 31 32 14 1 22 22 21 22 22 23 1 27 9 22 22 22 32 8 23 12 30 7 5 23 17 3 15 17
split_gain=55.4427 37.1204 29.0413 18.7407 16.8446 25.7004 23.1495 18.817 16.7747 15.782 15.6692 19.0397 14.5194 20.1703 16.829 21.0962 15.7065 14.6119 13.9436 13.8046 13.6937 13.665 12.9348 12.5314 12.2975 11.5256 11.524 11.1554 18.137 11.0373
threshold=-2.5758333333333323 5.5000000000000009 4.5000000000000009 5.0750000000000011 3.3166666666666669 3.5000000000000004 0 1 0.29166666666666669 2 3 25.48 1.5000000000000002 2.5000000000000004 6.9591666666666692 4 5 6 6.4150000000000009 45.245000000000012 45.250000000000007 7 -0.56999999999999995 4.5000000000000009 6.7550000000000008 49.445000000000007 0.39884259259259269 0.37530487804878054 0.15387500000000007 0.14080687830687835
decision_type=2 2 2 2 8 2 1 1 8 1 1 2 2 2 2 1 1 1 2 2 2 1 2 2 2 2 10 10 10 10
left_child=3 4 8 -1 12 7 21 -6 10 -4 26 -12 13 18 15 25 20 24 -2 27 -16 -7 -20 -8 -15 -14 -3 -13 -29 -23
right_child=1 2 9 -5 5 6 23 -9 -10 -11 11 19 14 17 16 -17 -18 -19 22 -21 -22 29 -24 -25 -26 -27 -28 28 -30 -31
leaf_value=-0.026536910276673775 -0.0012873364827837058 -0.011066842211864786 -0.0051692559936631667 0.059241707414462753 0.003517599143074519 0.0066586054654745588 -0.0038652801204722416 -0.00043065291421815269 0.0022331801727092726 -0.018835928599554332 0.014813738228334331 -0.0056024678444899223 0.00045947180689650364 -0.0020443777188216901 0.014142495895902803 0.0030280610715950167 0.0024065270452772883 -0.001287962008956212 0.045855450631483691 0.013190568842268956 0.0036792233451951816 -0.002197392828924026 -0.0098109999084776984 -0.010449324055954478 0.011216312025242203 -0.004484386403597179 0.032002165912365502 -0.013695006154526616 0.081761346394941925 0.013725504753755181
leaf_weight=147.13920338079333 1030.8485437333584 535.19591420516372 303.00973180122674 4.1912601608782998 2734.2818458676338 380.1409722995013 1408.7686526495963 6517.7334976792336 873.9832957573235 279.70974786765873 100.99733031354845 799.98360649496317 3088.9945580139756 154.10295769572258 481.29802291095257 5625.2078823521733 1160.9503674432635 656.91608493775129 6.7605895698070517 72.630284607410431 342.57064673304558 1791.6199667137116 551.38893846422434 688.60412477888167 408.51822591573 998.33043791353703 10.128301136195658 6.6390989795327169 6.1209374740719795 72.469904735684395
leaf_count=6361 7175 5684 6379 51 17533 3372 12623 42628 7061 6044 1396 7866 19118 1090 2897 33347 6672 4606 46 625 1808 16874 4261 7213 2820 5411 63 48 47 497
internal_value=-8.54625e-06 0.000109025 -0.00412936 -0.0241612 0.00055978 -0.000451907 -0.00299086 0.000739525 -0.00218866 -0.0121413 -0.00471175 -0.00162406 0.00150784 -0.00107481 0.00212794 0.00144207 0.00548416 0.00279455 -0.00404451 -0.00351751 0.00967436 -0.000152785 -0.00913674 -0.00599834 0.00745174 -0.000746241 -0.010082 -0.00501062 0.032095 -0.00156994
internal_weight=31239.2 31087.9 2988.4 151.33 28099.5 13593.6 4341.6 9252.02 2405.68 582.719 1531.7 986.371 14505.9 2808.54 11697.4 9712.53 1984.82 1219.54 1589 885.374 823.869 2244.23 558.15 2097.37 562.621 4087.32 545.324 812.744 12.76 1864.09
internal_count=231616 225204 35213 6412 189991 100740 40579 60161 22790 12423 15729 9982 89251 19998 69253 57876 11377 8516 11482 8586 4705 20743 4307 19836 3910 24529 5747 7961 95 17371
cat_boundaries=0 1 2 3 4 5 6 7 8
cat_threshold=1616374 15008288 8516019 14886160 616509 9519199 10231855 9
is_linear=0
shrinkage=0.04


Tree=75
num_leaves=31
num_cat=6
split_feature=1 30 14 10 17 22 23 7 1 32 22 22 26 17 30 15 29 21 22 15 20 30 11 2 34 8 22 2 22 14
split_gain=46.6616 38.0176 19.7486 16.4931 24.8045 19.8745 17.1981 16.0781 18.9114 24.4909 15.764 14.7024 16.2814 13.4995 13.1067 11.815 16.4161 36.7358 14.0462 20.7421 15.532 11.7174 11.3122 11.2301 14.5557 11.1971 11.4492 15.0096 10.7589 10.6706
threshold=5.5000000000000009 -0.27166666666666622 5.3166666666666673 1.5000000000000002 0.30965608465608474 0 15.205000000000002 5.5000000000000009 2.5000000000000004 4.6950000000000012 1 2 3.5000000000000004 -0.28353174603174591 2.1900000000000004 0.2131666666666667 4.3650000000000011 0.45000000000000007 3 0.12133928571428575 0.23611111111111113 -2.879166666666666 27.500000000000004 33.685000000000009 4.5000000000000009 26.115000000000006 4 39.955000000000005 5 3.4142857142857146
decision_type=2 2 10 2 8 1 2 2 2 2 1 1 2 8 2 8 2 10 1 10 10 2 2 2 2 2 1 2 1 10
left_child=2 11 7 5 6 -3 -5 13 28 -10 14 15 -13 -1 -11 16 17 18 20 -20 -2 -21 23 24 -18 -6 -27 -28 -9 -23
right_child=1 3 -4 4 25 -7 -8 8 9 10 -12 12 -14 -15 -16 -17 22 -19 19 21 -22 29 -24 -25 -26 26 27 -29 -30 -31
leaf_value=-0.0055849440586412747 -0.015274560667666826 -0.009664113547184305 -0.014423577945956768 0.068161403480112445 0.025009112276087188 0.0089752388652804844 -0.006106203821018375 0.005997775567920546 -0.010564803769948346 -0.009015393788661551 0.0013237360056982711 -0.0038244817420783534 -0.023635292403237682 0.0010239105243853958 0.047861712284070691 -0.025255687667503701 0.018850466061787328 0.18900900912446247 0.11810643495764613 -0.035640905990894305 0.086884035632816506 -0.024857768715945614 -0.0158576095214869 -0.015554860278980802 0.12882125357757893 -0.0076971562974862068 0.0047586072655226444 0.038986472228443772 -0.0018737112601570349 0.021332515721034478
leaf_weight=504.77587568387389 63.159549279138446 113.69421034306288 141.72635169886053 5.0050884447991839 47.082661420106888 358.9249960668385 1539.7920309454203 554.17825680971146 682.86032409779727 400.46740388870239 1019.9185595437884 87.649061119183898 273.47226097621024 24339.303620571271 6.5890982300043097 48.383420143276453 11.033445294946434 1.7266992665827263 2.9976577870547763 7.8081084061413994 2.4744945615530005 9.0880294851958734 164.23697881773114 11.754673052579163 2.3329226374626151 84.503927282989025 112.67033561691642 25.057820588350296 543.04597036167979 66.972713531926274
leaf_count=4726 1737 984 3354 68 308 3003 15040 3557 6960 3011 7516 1634 6979 160373 33 1502 190 32 76 435 48 179 2931 202 42 560 760 168 3543 1673
internal_value=-3.7364e-05 -0.00474584 0.000470315 -0.00217874 -0.00391265 0.00447674 -0.00586558 0.000545566 -0.00211982 -0.00433491 -0.00135368 -0.0125408 -0.0183196 0.000889633 -0.00790062 -0.00658142 -0.00414327 0.00554483 0.00346755 0.013199 -0.00991274 0.0110232 -0.012034 0.0129642 0.0380444 0.00728944 0.00353531 0.0102423 0.00213955 0.0158135
internal_weight=31232.7 3039.82 28192.9 2286.73 1814.11 472.619 1544.8 28051.1 3207.06 2109.84 1426.98 753.09 361.121 24844.1 407.057 391.969 343.585 154.227 152.501 86.8665 65.634 83.8689 189.358 25.121 13.3664 269.315 222.232 137.728 1097.22 76.0607
internal_count=231624 38551 193073 20891 16904 3987 15108 189719 24620 17520 10560 17660 8613 165099 3044 9047 7545 4180 4148 2363 1785 2287 3365 434 232 1796 1488 928 7100 1852
cat_boundaries=0 1 2 3 4 5 6
cat_threshold=2523776 2657472 96695 67622 2965665 1734189
is_linear=0
shrinkage=0.04


Tree=76
num_leaves=31
num_cat=4
split_feature=14 7 24 26 15 6 22 3 6 14 22 17 22 6 21 8 0 2 13 15 33 14 13 16 15 2 29 6 2 24
split_gain=37.1773 23.2951 18.0618 13.9462 22.2123 20.07 13.2566 13.628 12.9645 12.6333 14.1684 11.5297 11.3623 17.0622 11.3194 10.8512 10.6797 13.0504 17.6741 13.0192 10.6357 10.7659 10.5803 12.2912 11.7852 14.0387 11.5909 14.2548 15.9282 10.6584
threshold=5.4722222222222232 5.5000000000000009 18.545000000000005 4.5000000000000009 0.22645833333333337 -0.021666666666666053 0 0.039920318725099609 0.068333333333333815 2.8166666666666669 1 0.47519841269841273 2 -0.10499999999999997 0.22500000000000003 19.525000000000002 0.16500996015936259 32.935000000000009 6.5000000000000009 0.18707142857142861 3 2.2928571428571431 1.5000000000000002 0.47222222222222227 0.20211111111111116 35.385000000000012 5.8150000000000004 0.060000000000000948 37.235000000000007 21.070000000000004
decision_type=10 2 2 2 10 2 1 8 2 8 1 10 1 2 8 2 10 2 2 8 1 10 2 10 10 2 2 2 2 2
left_child=1 3 9 -1 5 12 7 -4 -7 -3 -11 22 13 14 15 -5 17 -2 19 -19 -15 -22 23 -9 25 -24 27 -27 -29 -30
right_child=16 2 6 4 -6 8 -8 11 -10 10 -12 -13 -14 20 -16 -17 -18 18 -20 -21 21 -23 24 -25 -26 26 -28 28 29 -31
leaf_value=0.0011090840916668007 -0.026287868431609716 0.0071787731478854802 0.011244053874592612 -0.037231567019917623 -0.013996798026354854 -0.0019956385444384918 -0.0038441850086103923 0.0069370835862652422 -0.019960212890646478 0.00041832822064054905 -0.013475765721118069 0.056229344949451199 0.0050058384564036053 0.0054099658159139545 -0.0073860334872556423 0.034519757803353437 -0.024352491377141239 0.03911300736076697 -0.032222824666578477 0.16626867950649815 0.013214832892266538 -0.0054977621651930396 -0.0040229487520401733 0.050421161994534891 -0.015980711543273868 0.025868640507739508 -0.00090467742699018149 -0.027949065667880826 0.069095903430372294 0.0076002947474502229
leaf_weight=20875.974596571177 8.2536001317203063 74.339173384010792 198.13386797532439 3.6470820140093556 204.05163428746164 3978.2350932527333 1590.3404185958207 70.732531234622002 65.33031889423728 161.92525284551084 490.08539623208344 5.7781095057725897 1224.8781809862703 234.40291564911604 18.897410955280066 44.777978440746665 124.96039824560285 3.3912521302700025 3.0927231293171644 2.0776630491018295 52.794322306290269 721.14310316555202 597.46501115709543 12.193455766886471 82.931073104962707 79.689166475087404 187.69364873692393 20.882707875221968 4.8342293724417678 67.12533974647522
leaf_count=138806 172 537 1561 31 2378 35301 12737 544 648 1805 5422 31 9680 1820 138 367 4901 90 57 32 357 5839 4649 79 708 698 1253 200 49 595
internal_value=0.000111363 0.000204622 -0.00280008 0.000603891 -0.0010067 -0.000588886 -0.00139505 0.00155634 -0.00228589 -0.00844421 -0.0102255 -0.000129537 0.00239386 -0.000621217 0.0188698 0.0291159 -0.0203253 0.00960239 0.0442014 0.08742 -0.00192871 -0.00416743 -0.000419376 0.013331 -0.00151513 -0.000262483 0.00597458 0.0134584 0.00280633 0.0117316
internal_weight=31210.1 31068.3 3644.15 27424.1 6548.16 6344.11 2917.8 1327.46 4043.57 726.35 652.011 1129.33 2300.54 1075.66 67.3225 48.4251 141.776 16.8152 8.56164 5.46892 1008.34 773.937 1123.55 82.926 1040.62 957.69 360.225 172.531 92.8423 71.9596
internal_count=231485 226233 30868 195365 56559 54181 23104 10367 35949 7764 7227 8806 18232 8552 536 398 5252 351 179 122 8016 6196 8775 623 8152 7444 2795 1542 844 644
cat_boundaries=0 1 2 3 4
cat_threshold=5337932 1572918 6837789 66
is_linear=0
shrinkage=0.04


Tree=77
num_leaves=31
num_cat=9
split_feature=1 12 18 23 9 22 22 23 30 7 5 11 5 26 23 21 31 22 8 22 22 15 22 9 22 20 22 2 0 11
split_gain=49.7369 49.3498 39.9836 29.4923 26.7288 22.6123 16.6671 17.5256 17.4138 15.4852 15.4445 14.5653 15.6541 13.1052 14.3551 20.6296 20.1523 19.0469 16.4426 14.8493 13.7017 14.7498 13.6683 15.4159 12.5051 12.8418 12.3912 12.1835 16.4606 11.9843
threshold=3.5000000000000004 0 4.5000000000000009 1.655 8.9316666666666684 1 2 43.975000000000001 0.91833333333333333 5.5000000000000009 6.8750000000000009 34.500000000000007 6.5550000000000006 5.5000000000000009 26.340000000000003 0.36666666666666675 2.5000000000000004 3 39.605000000000011 4 5 0.15472222222222229 6 4.7424999999999988 7 0.18333333333333338 8 24.940000000000001 0.18679128814348944 29.500000000000004
decision_type=2 1 8 2 2 1 1 2 2 2 2 2 2 2 2 8 2 1 2 1 1 10 1 2 1 10 1 2 8 2
left_child=11 6 4 -4 13 -6 7 9 -8 -2 24 26 -13 14 15 16 22 18 27 -16 -18 -22 -3 -24 -5 -26 -1 -17 -29 -10
right_child=1 2 3 10 5 -7 8 -9 29 -11 -12 12 -14 -15 19 17 20 -19 -20 -21 21 -23 23 -25 25 -27 -28 28 -30 -31
leaf_value=0.0016978887246767299 0.015350953606279765 -0.0011462868267641784 -0.028793681666581458 0.00025351992466488829 0.012353424827509741 -0.0013682507336042057 -0.0046352870997958366 0.0025363137638452107 0.01360426333952308 -0.008601168458922219 -0.012325262892654898 -0.025008677394391079 0.0020252403767138361 -0.0091815371228938878 -0.0066168655005004393 -0.013537931668971563 -0.0082029288675165464 0.001363993654103229 0.10097466567924468 -0.0016029365250590894 0.010919013553611424 -0.0022246723864703349 0.026601934157605395 0.091605520701537324 -0.009999418431366364 0.0040386407026949903 -0.0021427931104002853 0.026341623186496872 0.093867688141946973 0.0011403004414560543
leaf_weight=2345.9105430021882 331.5587888918817 46.047636702656746 108.68902976159006 490.64864724501967 340.26227056793869 427.8430784586817 956.52793311700225 1372.4194935671985 141.46801093965769 49.654205728322268 673.31615989096463 34.359739750623703 13313.905856858939 514.94550050422549 1610.2924453727901 7.4750477001070967 356.95105255395174 69.697958061471581 6.5228176452219477 2320.5389454215765 188.36313175223768 497.16691701859236 39.782537139952183 6.8411293774843207 705.43822459504008 122.34637733735144 3121.1916028261185 22.817659541964534 7.733588818460702 968.0419193431735
leaf_count=14906 2459 322 5500 6333 2835 3567 8018 8946 787 428 9185 205 80759 6010 12850 81 4198 762 65 18312 2185 5882 287 51 9271 1407 19986 249 81 5506
internal_value=-5.22632e-05 -0.00202091 -0.0037048 -0.0085036 -0.00215101 0.00485332 0.00175947 0.00461748 -0.000676941 0.0122311 -0.00739638 0.00124341 0.00195565 -0.00309568 -0.00249071 0.0012442 -0.000386412 0.0174459 0.0345456 -0.00367784 -0.00197545 0.00136688 0.017489 0.0297575 -0.00487923 -0.00783001 -0.000495586 0.0322354 0.0434348 0.00272952
internal_weight=31198.8 12383.4 8563.72 2100.44 6463.28 768.105 3819.67 1753.63 2066.04 381.213 1991.75 18815.4 13348.3 5695.18 5180.23 1249.4 1135.15 114.247 44.5491 3930.83 1042.48 685.53 92.6713 46.6237 1318.43 827.785 5467.1 38.0263 30.5512 1109.51
internal_count=231433 115577 89433 31696 57737 6402 26144 11833 14311 2887 26196 115856 80964 51335 45325 14163 12925 1238 476 31162 12265 8067 660 338 17011 10678 34892 411 330 6293
cat_boundaries=0 1 2 3 4 5 6 7 8 9
cat_threshold=1 191757 1878190 1391748 10843265 12846433 1709358 716966 8325633
is_linear=0
shrinkage=0.04


Tree=78
num_leaves=31
num_cat=7
split_feature=1 31 22 31 1 15 30 9 6 33 22 22 1 22 6 24 30 22 30 17 15 0 29 22 6 9 9 17 3 25
split_gain=45.2202 38.1953 20.6336 20.0616 28.0477 22.0299 21.3444 18.0525 19.4286 17.3992 19.3419 19.0252 17.2341 20.7611 24.825 17.4533 16.9824 14.9685 14.7783 14.5803 14.166 14.0829 15.1796 13.9643 13.6539 13.3774 13.0186 12.9104 13.124 14.2936
threshold=5.5000000000000009 5.5000000000000009 0 3.5000000000000004 2.5000000000000004 0.20414285714285718 -0.62333333333333318 -4.2366666666666655 -0.051666666666667187 1 2 3 1.5000000000000002 4 -0.028333333333333762 50.855000000000011 0.35083333333333316 5 0.83333333333333337 -0.074074074074074042 0.19950000000000004 0.19773634558093348 4.5050000000000008 6 -0.15183333333333324 3.1250000000000022 1.7483333333333333 0.30013227513227519 0.1540155879362928 27.621666666666666
decision_type=2 2 1 2 2 10 2 2 2 1 1 1 2 1 2 2 2 1 2 10 10 10 2 1 2 2 2 8 10 2
left_child=3 2 18 6 9 7 20 -6 24 11 16 21 13 15 -15 -8 -11 -10 -2 -16 -1 -5 -23 -3 -9 -13 -24 28 -4 -30
right_child=1 23 27 4 5 -7 12 8 17 10 -12 25 -14 14 19 -17 -18 -19 -20 -21 -22 22 26 -25 -26 -27 -28 -29 29 -31
leaf_value=0.022049050326091894 -0.011155522536065972 -0.0019607412391668376 -0.0028621751279970836 0.00074270905262154247 -0.005692175279263377 -0.0091168047242301785 0.0063055457153088443 0.056199545038197844 -0.0048159271663106339 0.00752930342987172 0.00027369938089895406 -0.0088336324965169397 0.0019023154598489451 -0.0083186041275806442 0.0080812723564452453 -0.0067647468588162294 -0.02033089050918091 0.00049367965386103282 -0.0018025502913857497 -0.0019266951793587026 0.094594580408765963 0.0064942616897556713 0.022360006084512673 -0.022665078711883977 0.0068387921624145876 0.0014534918633935829 0.078928969118468542 0.0088473660339950123 0.00714507351853832 0.060441631526323605
leaf_weight=18.613203182816509 667.66035528294742 81.870272235944867 1255.5198405832052 856.59721352159977 1404.121894383803 740.33587695471942 799.31936015188694 9.1791310124099237 1284.6282231286168 1349.09928689152 1572.2152851969004 650.66676856949925 13539.624754786491 943.85665587335825 284.80931577831507 205.48926346749067 35.939214557409286 2471.5401550345123 454.16944350302219 1278.255119279027 5.6031702496111384 71.686979085206985 20.420609652996067 228.40900108218193 386.64309086278081 293.48500018194318 9.5548515990376455 216.65514215454459 110.4235079465434 8.6844637691974622
leaf_count=136 9188 2429 13879 5580 13584 8584 5383 72 11854 8864 10569 4423 76112 6980 1886 1524 203 22609 3050 8924 44 552 130 7093 3143 1937 58 1446 1366 60
internal_value=-5.1803e-05 -0.0047011 -0.00318069 0.0004461 -0.000873084 -0.00263509 0.00130797 -0.00177142 -0.000445501 0.00140987 0.00332299 -0.00157323 0.00125468 -0.00124232 -0.00318355 0.0035968 0.00675759 -0.00133374 -0.00730389 -0.000103122 0.0388346 0.00238832 0.016489 -0.0179957 0.00798347 -0.00557686 0.0403917 -0.00022657 -0.00165836 0.0110311
internal_weight=31255.1 3023.39 2713.11 28231.7 11156.1 6296.45 17075.6 5556.11 4151.99 4859.67 2957.25 1902.41 17051.4 3511.73 2506.92 1004.81 1385.04 3756.17 1121.83 1563.06 24.2164 958.26 101.662 310.279 395.822 944.152 29.9755 1591.28 1374.63 119.108
internal_count=231662 38511 28989 193151 92162 59846 100989 51262 37678 32316 19636 12680 100809 24697 17790 6907 9067 34463 12238 10810 180 6320 740 9522 3215 6360 188 16751 15305 1426
cat_boundaries=0 1 2 3 4 5 6 7
cat_threshold=11734720 56 14929672 10634925 1049119 8800804 30723
is_linear=0
shrinkage=0.04


Tree=79
num_leaves=31
num_cat=9
split_feature=30 1 30 22 11 3 5 8 1 6 22 22 19 22 6 22 9 29 29 8 10 3 6 22 33 3 30 22 22 29
split_gain=43.8543 33.0728 29.4078 24.1129 21.2103 14.9572 14.7108 12.7763 17.5965 18.1738 21.8293 17.5114 15.7844 15.5614 16.1977 14.2618 15.8801 13.301 12.8784 12.6373 12.6354 14.9052 14.6916 13.0611 14.4343 13.6691 15.5072 12.8926 12.3745 12.7267
threshold=-2.5758333333333323 4.5000000000000009 0.4250000000000001 0 38.500000000000007 0.29894105782160468 6.7250000000000005 32.150000000000006 1.5000000000000002 0.016666666666667055 1 2 0.29166666666666669 3 0.040000000000000487 4 27.417500000000008 2.8850000000000002 2.7250000000000005 33.775000000000013 2.5000000000000004 0.36049006886914864 0.026666666666665954 5 6 0.072939020028612314 0.87499999999999944 7 8 7.9150000000000009
decision_type=2 2 2 1 2 10 2 2 2 2 1 1 8 1 2 1 2 2 2 2 2 10 2 1 1 10 2 1 1 2
left_child=4 7 3 -3 -1 6 -5 13 9 10 17 -11 15 14 -2 16 -10 -9 -15 -13 -4 22 23 24 -22 26 -25 -24 -14 -30
right_child=1 2 20 5 -6 -7 -8 8 12 11 -12 19 28 18 -16 -17 -18 -19 -20 -21 21 -23 27 25 -26 -27 -28 -29 29 -31
leaf_value=-0.024891270350799022 0.0027637449687152229 0.0001085482636196795 0.0035574252893207643 -0.00055932713583662589 0.070617960350200196 0.011709583918798991 -0.0088191691884034803 0.057071435721729111 0.0025982935943534781 -0.002889795730722693 0.00015326900341010777 0.026963302211069844 0.0013177480861117966 -0.026955745729799849 -0.0047087194054122889 -0.0016676810178514211 0.033223345234655866 -0.0081157622613530957 -0.0013369800077258826 0.0075188056785521623 0.0099710208544349262 0.021243551947293288 0.0035600191223869059 -0.020279458029714547 -0.0011087363600791893 0.0018950978819479824 -0.0031984240321005697 -0.010864584077486715 0.0048524868777854715 0.034911919872481247
leaf_weight=137.08894720952958 3357.7576892189682 1124.5848508682102 1249.5987697392702 413.20145991630852 3.8240623082965604 66.894734673202038 2090.0269312001765 5.0376758351922026 1853.643579216674 247.50651914998889 1697.047210175544 66.322147130966187 2335.8916611932218 31.545808076858521 538.58560465089977 2272.8865189552307 27.492479547858238 855.10757347941399 6581.0119290202856 276.16372654959559 322.54808487743139 44.962892651557922 128.06183413416147 130.35100473463535 435.05839402228594 345.17411379516125 244.64636270701885 420.57386077940464 3896.7394800074399 22.666879191994667
leaf_count=6337 21333 14458 8280 5183 59 1199 28598 49 12487 1695 11607 450 13399 518 3833 15390 178 5995 42356 1867 2189 268 910 1042 2946 2347 1523 3110 22028 110
internal_value=-3.50955e-05 6.58445e-05 -0.00235078 -0.00480605 -0.0222994 -0.00692994 -0.00745574 0.000770353 0.00158182 -0.00103907 -0.00249911 0.00528913 0.00237423 -0.00027644 0.00172641 0.000462823 0.00302977 -0.00764509 -0.00145699 0.0109641 0.000380798 -0.00153556 -0.002041 3.42404e-05 0.00367687 -0.00379608 -0.00913588 -0.00763075 0.00364355 0.00501354
internal_weight=31222 31081.1 7015.68 3694.71 140.913 2570.12 2503.23 24065.4 13556.5 3147.18 2557.19 589.992 10409.3 10508.9 3896.34 4154.02 1881.14 860.145 6612.56 342.486 3320.98 2071.38 2026.41 1477.78 757.606 720.171 374.997 548.636 6255.3 3919.41
internal_count=231744 225348 72053 49438 6396 34980 33781 153295 85255 21663 17651 4012 63592 68040 25166 28055 12665 6044 42874 2317 22615 14335 14067 10047 5135 4912 2565 4020 35537 22138
cat_boundaries=0 1 2 3 4 5 6 7 8 9
cat_threshold=1835147 283078 8292425 10752962 10743912 851904 408 20998 534063
is_linear=0
shrinkage=0.04


Tree=80
num_leaves=31
num_cat=7
split_feature=30 7 17 11 22 31 6 0 22 22 23 22 30 22 30 29 6 9 33 0 0 23 32 11 32 16 23 27 9 22
split_gain=32.8311 23.1066 19.3831 19.0889 14.8428 13.4583 17.291 31.3798 17.2615 15.0865 12.332 18.9501 19.3547 12.2431 11.4033 14.4146 11.1067 21.3003 10.8947 15.3411 10.3483 10.9212 15.535 20.4252 10.3148 12.3106 10.2829 10.2186 10.1028 10.0037
threshold=-2.7274999999999991 5.5000000000000009 -0.05000000000000001 28.500000000000004 0 4.5000000000000009 -0.015000000000000123 0.17083582834331343 1 2 18.895000000000003 3 -1.3900000000000001 4 1.583666666666667 6.5950000000000006 0.08666666666666735 5.4583333333333384 5 0.20100279329608942 0.12043863024240094 19.340000000000003 4.9650000000000007 24.500000000000004 5.1650000000000009 0.31666666666666671 13.660000000000002 17.500000000000004 -4.6333333333333302 6
decision_type=2 2 10 2 1 2 2 10 1 1 2 1 2 1 2 2 2 2 1 10 10 2 2 2 2 10 2 2 2 1
left_child=3 5 4 -1 -3 10 9 8 -8 28 11 12 -2 20 27 24 -12 -18 19 -14 -4 22 23 -22 -16 -26 -21 -15 -7 -17
right_child=1 2 13 -5 -6 6 7 -9 -10 -11 16 -13 18 14 15 29 17 -19 -20 26 21 -23 -24 -25 25 -27 -28 -29 -30 -31
leaf_value=-0.026159899726083333 0.085245217804731405 -5.7930242458218707e-05 0.030299586354892348 0.036413937225833984 -0.0091805226681552568 -0.0091789580824243704 -0.003685718156287935 -0.0066787734033739625 0.0043013743039140321 0.0044340603949393018 0.00071497550861486113 0.00025417672699945158 -0.013493358160440363 -9.8892252741339496e-05 0.062044956469530996 -0.010852552416861757 0.006413241689908691 0.062288477883644076 0.017527303525085903 -0.0029609903345038202 0.077322498860290356 -0.0070548875637588392 0.077085746862518123 -0.0087090377110884028 -0.021960983111486341 0.030757610257909462 0.072894477087395326 0.037115105029699447 1.1584589862205908e-05 0.012125802061917584
leaf_weight=104.84658855572343 6.1519485730677834 408.10465886350721 12.968155931681393 8.4273355202749354 999.94937402755022 241.15891673602164 755.80698130466044 1809.4033235805109 987.16653176024556 1248.1280020698905 20750.460981283337 345.20860320329666 46.187322564423084 1363.2443708479404 11.517402052879332 42.549282751977444 64.451708298176527 13.141944039613007 190.97894724458456 5.2810758277773839 5.2197095602750769 629.60556573793292 5.4893158338963977 28.655227800831199 9.0620797872543317 32.519882783293724 6.235257875174284 11.909055441617964 926.97359825577587 63.272514924407005
leaf_count=5315 77 4217 94 141 10372 2216 7221 19591 9405 11078 132019 2641 344 10191 65 229 452 91 1460 42 65 4584 52 298 51 174 46 85 8155 336
internal_value=-9.11086e-06 6.93807e-05 -0.00293222 -0.0215045 -0.00660208 0.000466435 -0.00121337 -0.00298897 0.000841457 0.0013971 0.000934334 0.00658784 0.0145853 -0.000600391 0.00138672 0.0115404 0.00077146 0.0158768 0.0134238 -0.0027228 -0.00501732 -0.00577695 0.0146628 0.00454736 0.0285468 0.0192685 0.0381092 0.000223387 -0.00186978 0.00300689
internal_weight=31134.1 31020.8 3624.07 113.274 1408.05 27396.7 5968.64 3552.38 1742.97 2416.26 21428.1 600.043 254.835 2216.01 1534.07 158.921 20828.1 77.5937 248.683 57.7037 681.938 668.97 39.3643 33.8749 53.0994 41.582 11.5163 1375.15 1168.13 105.822
internal_count=231107 225651 30813 5456 14589 194838 57666 36217 16626 21449 137172 4610 1969 16224 11131 855 132562 543 1892 432 5093 4999 415 363 290 225 88 10276 10371 565
cat_boundaries=0 1 2 3 4 5 6 7
cat_threshold=1192034 8762661 1762823 3904224 7245840 257 92166
is_linear=0
shrinkage=0.04


Tree=81
num_leaves=31
num_cat=6
split_feature=30 31 14 30 14 13 22 16 32 26 6 3 6 22 9 22 0 22 18 9 22 30 33 6 23 5 0 9 9 32
split_gain=36.3008 21.1588 15.7751 15.4501 15.163 17.7765 16.7094 16.3192 16.0564 14.5893 13.8494 13.7144 13.6683 23.4731 12.2061 14.039 10.8161 13.6783 12.402 10.7848 13.2481 10.6446 10.3435 9.95931 13.1823 14.3016 10.1333 9.90173 11.0339 12.1338
threshold=-1.8600000000000003 3.5000000000000004 4.7071428571428582 -0.62333333333333318 3.3541666666666674 1.5000000000000002 0 0.10555555555555557 4.9650000000000007 2.5000000000000004 0.0033333333333342989 0.069035604149144961 -0.046666666666666405 1 16.691666666666674 2 0.16625285388127858 3 1.5000000000000002 8.9316666666666684 4 -1.1833333333333331 5 0.041666666666667414 13.660000000000002 6.8250000000000011 0.16400460829493094 -0.70666666666666511 -0.44816666666666544 4.3050000000000006
decision_type=2 2 8 2 8 2 1 10 2 2 2 10 2 1 2 1 8 1 8 2 1 2 1 2 2 2 10 2 2 2
left_child=2 3 10 9 19 6 23 -8 12 -2 11 -1 13 -7 15 -13 17 -14 -18 -3 21 -21 -22 -6 -25 -26 -27 -19 -29 -30
right_child=1 4 -4 -5 5 8 7 -9 -10 -11 -12 14 16 -15 -16 -17 18 27 -20 20 22 -23 -24 24 25 26 -28 28 29 -31
leaf_value=0.035456944585272397 0.078354865357203873 -0.00023462702796839027 -0.019480508762111652 0.00065457559310124608 0.01012214469489532 0.009819979017435667 0.0073847187535979212 -0.0053256795669957765 -0.00046543295754859613 0.012365309259297694 -0.016156621025440111 0.015621690208751942 0.0029719075724656107 -0.0060644718399937431 0.078106172370917715 -0.017276782269051549 0.0092926902448859615 -0.0099463830363356875 -0.00723924735355629 0.041793550155421633 0.016858035643247744 -0.0047983662920325935 0.0016599673973680265 0.091072307377796702 0.084617614282849446 0.054529980948346185 -0.0090778960148299379 0.034791889159836713 0.002855880381311602 -0.011309498281312129
leaf_weight=21.217293549329042 7.5461684651672867 3419.8811916988343 220.55968566890806 19025.782126162201 138.5526794847101 264.03058561868966 281.03999036736786 380.36509204283357 2375.1979253068566 18.507185094058514 72.286275016143918 25.927515037357807 483.51980044133961 316.39290115050972 2.9687849115580311 41.004354119300842 74.659099828451872 408.59666564129293 2638.1446756180376 8.2113398499786836 185.65301984734833 176.18068560957909 130.58832516148686 5.5551135949790504 4.8578835688531425 5.5014183148741749 14.754953389987348 13.178259681910275 261.4630179759115 153.58547391742468
leaf_count=320 59 27401 8929 117563 1165 2128 2597 3116 19850 148 1423 462 4519 2610 51 766 621 3906 26000 88 1371 1289 967 64 46 47 133 120 2485 1356
internal_value=-0.000278791 -0.000126373 -0.0125019 0.000696728 -0.00146212 -0.00248002 0.00305212 7.40219e-05 -0.00313753 0.0314787 -0.00308232 0.00728987 -0.0045132 0.00122596 -0.00125982 -0.00478012 -0.00533914 -0.00236994 -0.00678427 0.000568064 0.00605133 -0.00258343 0.0108254 0.0138681 0.035313 0.0229794 0.00819734 -0.00542714 -0.0012418 -0.00238591
internal_weight=31175.7 30791.7 383.964 19051.8 11739.9 7819.4 830.627 661.405 6988.77 26.0534 163.404 91.1179 4613.57 580.423 69.9007 66.9319 4033.15 1320.34 2712.8 3920.51 500.633 184.392 316.241 169.222 30.6694 25.1143 20.2564 836.823 428.227 415.048
internal_count=231600 219649 11951 117770 101879 70763 7168 5713 63595 207 3022 1599 43745 4738 1279 1228 39007 12386 26621 31116 3715 1377 2338 1455 290 226 180 7867 3961 3841
cat_boundaries=0 1 2 3 4 5 6
cat_threshold=1253377 10955672 3817670 2444384 10844192 460
is_linear=0
shrinkage=0.04


Tree=82
num_leaves=31
num_cat=1
split_feature=30 1 18 7 17 17 9 2 5 21 11 10 32 3 8 2 30 0 3 9 18 1 11 33 1 3 25 30 30 14
split_gain=39.9462 25.0948 22.1743 14.1642 16.3694 14.0506 11.8861 11.6886 11.5226 13.5857 12.6347 11.398 11.0608 14.2397 9.89088 9.76554 10.2574 13.4201 11.5858 9.56981 13.9536 13.634 19.7042 15.351 12.5133 19.647 15.3268 13.4703 11.2586 12.3808
threshold=-2.5758333333333323 5.5000000000000009 3.5000000000000004 5.5000000000000009 0.14454365079365084 -0.2000661375661375 12.353333333333335 30.750000000000004 6.955000000000001 0.22500000000000003 24.500000000000004 3.5000000000000004 5.4850000000000012 0.052730883813306859 35.305000000000007 20.785000000000004 0.66550000000000031 0.14415964601769915 0.33409785932721719 -2.1836666666666669 4.5000000000000009 1.5000000000000002 46.500000000000007 0 2.5000000000000004 0.23224277633389392 -33.795833333333327 1.2850000000000006 -0.65000000000000002 3.183333333333334
decision_type=2 2 10 2 10 10 2 2 2 8 2 2 2 10 2 2 2 8 8 2 10 2 2 1 2 8 2 2 2 8
left_child=5 3 6 19 7 -1 8 -5 9 -3 12 14 13 -11 15 -4 18 -18 -17 20 -2 22 -21 28 25 26 -23 -26 -24 -30
right_child=1 2 11 4 -6 -7 -8 -9 -10 10 -12 -13 -14 -15 -16 16 17 -19 -20 21 -22 24 23 -25 27 -27 -28 -29 29 -31
leaf_value=-0.029653496818835553 0.00050581795709300575 -0.0041474395757383192 -0.016306589681274544 -0.0070522721237615618 0.0038513381665680551 -0.00030020902404899355 0.0097833128890538155 -0.0014399429551982391 -0.010143782414787099 0.0001140807836593275 0.0018309289328687828 -0.013641028816212796 -0.0071928494706454014 0.05888305202545021 -0.0087326913243338227 0.0018144243350642672 0.094094550527860532 0.015300490397126816 0.077541321649955405 -0.0028162625148174785 -0.0034923740552698784 0.033968711038399504 0.024686752394110424 -0.00075362431985921241 0.00046765360950728156 -0.010085984425715486 0.0041960166664233309 0.0049198295579913282 0.017012931320186376 0.0012139278967695703
leaf_weight=97.978073075413704 7217.3710723817348 919.02213849686086 31.111102104187012 921.35392898879945 609.22009614482522 35.561708131805062 146.70616198144853 1669.7685294542462 244.45527096651495 10.198590053245427 736.49061412550509 410.86072485800833 12.280910432338713 18.678070535883307 294.79725709371269 103.9504402782768 4.8200045004487038 12.24381259083748 3.3363100662827483 2398.6472796909511 1731.7273661084473 27.871539667248726 68.837600231170654 487.72826524823904 7425.1460147816688 155.64147550985217 3739.2714091092348 1273.8433031886816 124.7296407148242 218.1843296661973
leaf_count=4940 46373 9760 554 7535 3659 1433 1244 13546 2523 115 6213 7310 92 203 5015 1948 40 103 94 16943 14180 170 466 3115 53788 856 20486 6457 835 1319
internal_value=-6.40326e-06 8.75804e-05 -0.00342256 0.000456354 -0.00204844 -0.0218367 -0.00119497 -0.00343558 -0.00202469 -0.000854896 0.00303622 -0.00882348 0.0246042 0.0381272 -0.00442746 0.00373641 0.00875094 0.0375574 0.00416931 0.000778691 -0.000267867 0.001367 -0.000922968 0.00412589 0.00196537 0.0038409 0.00441629 0.00111961 0.00968877 0.00696057
internal_weight=31151.8 31018.3 2948.95 28069.3 3200.34 133.54 2087.83 2591.12 1941.13 1696.67 777.648 861.12 41.1576 28.8767 450.259 155.462 124.351 17.0638 107.287 24869 8949.1 15919.9 3298.13 899.48 12621.8 3922.78 3767.14 8698.99 411.752 342.914
internal_count=231315 224942 35214 189728 24740 6373 20150 21081 18906 16383 6623 15064 410 318 7754 2739 2185 143 2042 164988 60553 104435 22678 5735 81757 21512 20656 60245 2620 2154
cat_boundaries=0 1
cat_threshold=294
is_linear=0
shrinkage=0.04


Tree=83
num_leaves=31
num_cat=7
split_feature=14 7 18 22 15 15 26 15 23 12 30 14 22 3 22 22 23 25 30 23 23 5 11 30 22 24 13 22 16 9
split_gain=29.3943 16.2184 15.3641 14.2873 11.5732 10.9273 10.5078 16.2516 10.2215 16.4319 12.9179 18.1201 12.8195 11.8428 16.5395 11.5376 11.0855 10.6732 22.6875 10.0959 11.137 10.6693 10.0773 9.89714 9.68561 10.2181 9.59428 12.4011 12.1266 9.44397
threshold=5.4365079365079376 5.5000000000000009 3.5000000000000004 0 0.14387500000000006 0.18211111111111114 4.5000000000000009 0.22845238095238102 48.545000000000009 1 -0.01666666666666616 3.4365079365079372 2 0.048422623276964623 3 4 46.835000000000008 4.4616666666666687 -0.13499999999999931 12.295000000000002 23.110000000000003 6.6750000000000007 39.500000000000007 -2.1608333333333323 5 70.105000000000004 1.5000000000000002 6 0.15476190476190479 -16.352499999999996
decision_type=10 2 8 1 8 8 2 10 2 1 2 8 1 10 1 1 2 2 2 2 2 2 2 2 1 2 2 1 8 2
left_child=1 6 3 4 -3 22 8 -8 9 13 12 24 17 14 -1 -13 -15 18 -10 -16 -21 -22 -5 -2 25 -12 27 28 -4 -11
right_child=23 2 26 5 -6 -7 7 -9 10 29 11 15 -14 16 19 -17 -18 -19 -20 20 21 -23 -24 -25 -26 -27 -28 -29 -30 -31
leaf_value=0.00087529182647186278 -0.027486732474113179 0.0024396082019410978 0.032599390259713847 -0.00015503492804255401 -0.0069569755860708809 -0.005189886719407808 -0.00068032861447111332 -0.012852339765917185 0.063508339127401531 -0.0062065197521760434 0.00024970781431026641 -0.0016045099742062752 -0.015721964848807359 0.0034896358809484015 0.045844825981113502 0.010972751842302288 -0.0028476110840623143 -0.0089772113807518247 -0.017033225290799762 -0.015081760343771115 -0.0038474998726038892 0.013849210428723432 0.0081602248319415146 -0.0056364238844948365 -0.0031430759587484439 0.014647706002704469 -0.0065120931311330238 -0.0077286765373206882 -0.005193723572224751 0.00075907765731541578
leaf_weight=407.61720716767013 80.772639413364232 309.53560340590775 38.838283726945519 410.7489285171032 650.33280335925519 227.73437132127583 6348.5395699264482 180.49531934969127 12.889396633952858 319.4422227460891 1436.1831389442086 181.68727086111903 156.02436006814241 2241.899215221405 13.444458289071916 326.2749102935195 549.98942442983389 25.954237882047892 9.889159891754387 25.475989194586873 61.059488818049431 508.11341769993305 539.45256481692195 56.276405179873109 2121.9782673679292 83.447515822947025 1375.3599405363202 57.741147760301828 20.891000550240278 12413.342924047261
leaf_count=2613 4601 2205 404 2916 4909 1754 54327 2152 104 2285 8385 1113 1173 14786 156 2002 3367 194 71 210 382 3194 3810 840 12458 487 14239 563 195 85796
internal_value=-3.03031e-05 5.12706e-05 -0.00246105 -0.000286624 -0.0038863 0.00265709 0.000383877 -0.00101682 0.000821558 0.00127549 -0.000902738 -0.000418774 -0.0107107 0.00357737 0.00728526 0.00665856 0.00224123 0.00710239 0.0285418 0.0113804 0.0107926 0.0119508 0.00456574 -0.0185143 -0.00140598 0.00103354 -0.00557493 0.00539755 0.0166014 0.000583865
internal_weight=31191.4 31054.4 3630.63 2137.8 959.868 1177.94 27423.7 6529.03 20894.7 16540.4 4354.33 4149.57 204.757 3807.6 1015.71 507.962 2791.89 48.7328 22.7786 608.093 594.649 569.173 950.201 137.049 3641.61 1519.63 1492.83 117.47 59.7293 12732.8
internal_count=231691 226250 30995 15594 7114 8480 195255 56479 138776 112789 25987 24445 1542 24708 6555 3115 18153 369 175 3942 3786 3576 6726 5441 21330 8872 15401 1162 599 88081
cat_boundaries=0 1 2 3 4 5 6 7
cat_threshold=3054384 9 33218 9671425 156175 7837712 1912469
is_linear=0
shrinkage=0.04


Tree=84
num_leaves=31
num_cat=5
split_feature=1 30 22 10 17 22 29 15 6 22 30 22 2 25 22 26 6 24 30 17 16 17 15 5 9 23 19 30 20 25
split_gain=36.0972 24.1324 16.8206 16.7369 15.3675 16.8874 15.2583 14.8481 13.0709 14.3892 11.8424 11.5738 11.907 11.3878 11.1745 11.1435 10.8352 17.9113 12.6908 11.4951 11.4559 11.0507 11.2945 17.5198 10.7557 12.5639 10.4695 11.3037 14.4094 11.1605
threshold=5.5000000000000009 -0.63666666666666638 0 2.5000000000000004 0.30965608465608474 1 3.8350000000000004 0.17050000000000007 0.068333333333333815 2 -2.4324999999999988 3 39.955000000000005 33.930833333333347 4 3.5000000000000004 -0.008333333333333302 21.070000000000004 -0.9199999999999996 0.18888888888888899 0.35416666666666669 -0.12 0.16527777777777783 6.6550000000000011 -13.129166666666663 34.320000000000007 1.0000000180025095e-35 0.30999999999999989 1.0000000180025095e-35 -19.19083333333333
decision_type=2 2 1 2 8 1 2 8 2 1 2 1 2 2 1 2 2 2 2 8 10 10 8 2 2 2 8 2 10 2
left_child=8 2 -2 14 5 -5 15 16 10 13 -1 12 -6 -10 -3 -7 19 18 -18 21 -20 22 23 -4 25 -12 27 -27 -29 -28
right_child=1 3 7 4 11 6 -8 -9 9 -11 24 -13 -14 -15 -16 -17 17 -19 20 -21 -22 -23 -24 -25 -26 26 29 28 -30 -31
leaf_value=-0.013662454238611713 -0.021549444532192551 -0.0054279357059194575 0.1488246437740621 -0.012166693698594471 0.0086804106133741097 0.0020062825844175194 -0.0035246992945248664 -0.01455231485015104 -0.011106680289261149 -0.00078318243294119092 -0.0077914924000875956 -0.0046366980328646527 0.044389346507679485 0.043673367133656528 0.0040646670377782138 0.11415801319041592 -0.00073016606537860973 -0.02617563009774147 0.073421575588038038 0.12298721774860118 -0.025683593089377593 -0.0014994882631372301 0.11252781423075831 0.012355583756559768 0.00084640825000161153 -0.011364788548000439 0.023580755415325977 0.072539219528095805 0.014405673964380606 -0.0020031434459420886
leaf_weight=92.505875458940864 189.22646260261536 266.08299339935184 1.6762043256312669 546.50260126590729 85.952988155186176 2.6434957012534133 826.62374444678426 131.1346530886367 369.37180182244629 976.62557561136782 509.90548238530755 104.37796530872583 18.084120307117701 6.1732245981693259 701.03240330517292 3.0565096698701382 25.553259850479662 32.886414611712098 8.3014360405504686 1.6816970892250527 2.4073946103453627 24.350997894071043 2.8511703992262474 14.74948135204613 25535.376197051257 13.889458760619162 28.601238757371902 9.7165844365954381 22.900065496563911 591.32157645002007
leaf_count=3379 5792 2591 44 6173 587 39 8907 4173 3040 7722 4055 715 120 34 6550 51 862 754 172 24 48 455 85 406 170588 101 188 60 137 3612
internal_value=-1.26121e-05 -0.00419199 -0.012903 -0.00270914 -0.00523654 -0.00676675 -0.00303847 -0.00515379 0.000431085 -0.00340608 0.000624655 0.00488695 0.013582 -0.00994148 0.00143887 0.0621453 0.00516382 -0.00479847 0.0145887 0.0203676 0.0511423 0.016412 0.0390383 0.0262819 0.000674133 -0.00306555 0.000550412 0.018855 0.0317238 -0.000822785
internal_weight=31145.6 2989.18 434.819 2554.36 1587.24 1378.83 832.324 245.593 28156.4 1352.17 26804.2 208.415 104.037 375.545 967.115 5.70001 114.458 69.1485 36.2621 45.3096 10.7088 43.6279 19.2769 16.4257 26711.7 1176.33 666.429 46.5061 32.6166 619.923
internal_count=231464 38548 12815 25733 16592 15170 8997 7023 192916 10796 182120 1422 707 3074 9141 90 2850 1836 1082 1014 220 990 535 450 178741 8153 4098 298 197 3800
cat_boundaries=0 1 2 3 4 5
cat_threshold=16156232 11764836 11212952 4960096 6695424
is_linear=0
shrinkage=0.04


Tree=85
num_leaves=31
num_cat=1
split_feature=30 1 30 10 17 17 9 7 15 13 30 3 21 0 19 33 10 2 16 11 9 19 16 13 1 30 30 11 7 8
split_gain=29.209 23.7697 23.1519 19.5633 22.352 15.1863 12.6031 16.0739 12.6288 11.7285 10.324 12.0887 10.6505 12.1912 19.7088 12.6128 10.2792 14.8158 10.2237 10.1122 10.6111 10.092 15.2476 15.3511 10.225 16.9522 16.143 15.5363 15.3183 15.5174
threshold=-2.5758333333333323 5.5000000000000009 -0.83499999999999963 2.5000000000000004 0.30965608465608474 -0.2000661375661375 -6.6299999999999999 4.5000000000000009 0.22707142857142862 7.5000000000000009 -1.0283333333333329 0.19153907337442835 0.22500000000000003 0.15120096153846155 0.36666666666666675 0 4.5000000000000009 54.230000000000011 0.64583333333333337 27.500000000000004 -0.12333333333333128 1.0000000180025095e-35 0.15476190476190479 8.5000000000000018 1.5000000000000002 -0.45166666666666683 -0.20166666666666686 32.500000000000007 3.5000000000000004 36.010000000000012
decision_type=2 2 2 2 10 8 2 2 10 2 2 10 10 10 10 1 2 2 10 2 2 8 8 2 2 2 2 2 2 2
left_child=5 6 -3 9 18 -1 7 8 10 -4 11 -2 16 14 -14 -16 -12 -18 -5 -11 -21 -8 23 -23 25 27 -26 -24 -27 -30
right_child=1 2 3 4 -6 -7 21 -9 -10 19 12 -13 13 -15 15 -17 17 -19 -20 20 -22 22 24 -25 26 28 -28 -29 29 -31
leaf_value=-0.028605932672017959 -0.011680548414283788 -0.014731322843583361 0.0054409979768333004 -0.0059531141301469174 0.007776266807615684 0.0011765017131555901 -0.0013429358227601122 -0.0053109095885034855 -0.016887375167722173 0.013504891309469545 0.0092669063030484597 0.025958984886199504 -0.037086450996946331 -0.007678830181165856 -0.0060688198130823311 0.009606290430117511 0.0018251795588301279 -0.021570445582023794 -0.021235126432416249 0.049447544263437865 -0.0066990333490305788 0.0032714909316921936 -0.0066521829866421894 0.015144190365145358 -0.0010190470239011529 -0.0038959390731137982 0.0019680599279926097 0.0096192790435609948 0.0065760788259752222 -0.0041680935041248732
leaf_weight=87.194084129296243 174.63105241209269 265.41573547478765 622.29180788993835 1382.48410012573 192.48478421196342 39.942571577616036 3350.8337666615844 1329.8536159545183 69.867608355358243 49.626739479601383 298.14945810288191 14.810345634818075 19.302287168800831 424.08487269282341 117.77320509403944 232.18962679058313 1769.315098837018 44.395421870052814 73.781828656792641 5.4724979288876048 339.17405395954847 897.13979739323258 124.07178023457527 216.24544698745012 3865.7035636901855 2329.6786047518253 11524.057183451951 385.9452081695199 535.51064135879278 359.43598647415638
leaf_count=4721 1860 7289 5729 16044 1246 1642 26611 10172 578 568 1913 221 120 2585 702 1377 11477 290 705 60 3648 7113 871 1795 31853 16457 65258 2535 3599 2403
internal_value=-0.000115679 -3.72442e-05 -0.00346514 -0.00234324 -0.00503414 -0.0192492 0.00032049 -0.00162081 -7.00932e-05 0.00202108 0.000309589 -0.00873793 0.000899554 -0.00305189 0.00226195 0.00443222 0.00238397 0.00125251 -0.00672738 -0.00337668 -0.00580751 0.00069037 0.00102703 0.00557745 0.000762114 -0.00111543 0.00121774 0.00566092 -0.0021872 0.00226091
internal_weight=31140.9 31013.7 2930.73 2665.32 1648.75 127.137 28083 4494.37 3164.52 1016.57 3094.65 189.441 2905.21 793.35 369.265 349.963 2111.86 1813.71 1456.27 394.273 344.647 23588.6 20237.8 1113.39 19124.4 3734.64 15389.8 510.017 3224.63 894.947
internal_count=231442 225079 35289 28000 17995 6363 189790 31295 21123 10005 20545 2081 18464 4784 2199 2079 13680 11767 16749 4276 3708 158495 131884 8908 122976 25865 97111 3406 22459 6002
cat_boundaries=0 1
cat_threshold=324
is_linear=0
shrinkage=0.04


Tree=86
num_leaves=31
num_cat=7
split_feature=14 1 17 22 3 7 22 10 13 0 11 22 29 14 0 11 33 32 23 34 3 17 29 20 13 33 22 3 22 17
split_gain=29.3154 24.6415 32.6266 25.0579 24.2225 20.8619 19.9168 18.8491 15.7903 14.413 12.9609 16.719 14.615 12.5499 12.4346 12.3668 11.9757 13.1652 11.8226 13.0105 11.6068 11.1143 11.0249 12.1625 10.8571 10.6946 10.9208 10.6407 10.4553 12.8803
threshold=5.4722222222222232 3.5000000000000004 0.16490740740740747 0 0.47387914230019496 1.5000000000000002 1 3.5000000000000004 4.5000000000000009 0.17305644019815999 32.500000000000007 2 7.8050000000000006 2.3166666666666669 0.16500996015936259 53.500000000000007 3 5.0550000000000006 12.295000000000002 5.5000000000000009 0.080938618221855232 -0.28353174603174591 3.9850000000000008 0.21111111111111114 6.5000000000000009 4 5 0.078552729992520581 6 0.012962962962962997
decision_type=10 2 10 1 10 2 1 2 2 10 2 1 2 8 10 2 1 2 2 2 8 8 2 10 2 1 1 10 1 8
left_child=1 10 3 4 7 8 -4 -3 15 16 12 18 21 -11 -2 -5 17 -7 19 28 22 -1 -13 -24 -25 26 -23 -26 -12 -30
right_child=14 2 6 5 -6 9 -8 -9 -10 13 11 20 -14 -15 -16 -17 -18 -19 -20 -21 -22 25 23 24 27 -27 -28 -29 29 -31
leaf_value=-0.013587358336472073 0.013105478970068633 0.0019134345987051056 -0.0016278406870987106 0.011528351885801027 0.033996395796295868 -0.0011828432548408394 0.0050209769425883692 -0.003409706053996871 -0.0025591636174093408 0.03824737072882111 0.025610836141733633 -0.0082554861546482502 0.054336621578339052 -0.0094693456199859381 -0.024251350921114443 -0.021119141951198416 -0.002482598882161729 -0.012633639192993977 0.0027680672889806718 0.06877903008382788 -0.0015356986113838878 0.0072640928121364646 0.0037718699205263194 -0.0059335015999353626 0.00094482098247755718 -0.0021800382345242481 -4.4339850699549978e-05 0.026288624351071165 -0.017468859864651309 0.050954065787004094
leaf_weight=109.18943632021546 16.405424670316279 2287.1972300717607 1222.8686168640852 253.93307666294277 32.69622756075114 246.7144733434543 1739.4668571297079 1990.652919867076 565.34335805661976 8.8796493746340257 30.965954348444939 170.13650675490499 7.6557040140032759 1290.5849888240919 108.83353986777365 20.028411205857992 2093.3246256504208 460.51113640144467 6940.7933381907642 7.5593098476529113 3349.5820993483067 429.02416785433888 2444.3053495585918 464.72863188385963 684.50391764193773 2833.8642968162894 1292.6412234194577 27.573908537626266 27.215047109872103 5.2512828558683387
leaf_count=999 349 21719 7894 2305 302 2816 11244 19954 5059 76 256 1316 41 15715 4920 181 19625 3896 41507 62 20586 2748 14823 2671 3976 17975 8144 156 239 42
internal_value=-4.42501e-05 3.36828e-05 -0.00136566 -0.00253569 -0.000300792 -0.00447641 0.00228776 -0.000563633 0.00126014 -0.00566165 0.000941466 0.00154453 -0.000885201 -0.00914328 -0.0193579 0.0091416 -0.00404616 -0.0085186 0.00293 0.0191748 0.000179733 -0.000975831 0.0016958 0.00216335 -0.00117764 -0.000673551 0.00180829 0.00192621 0.0132634 -0.00489427
internal_weight=31162.4 31037.2 12212.2 9249.87 4310.55 4939.32 2962.34 4277.85 839.305 4100.01 18825 14152.6 4672.37 1299.46 125.239 273.961 2800.55 707.226 7011.78 70.9916 7140.83 4664.72 3791.25 3621.11 1176.81 4555.53 1721.67 712.078 63.4323 32.4663
internal_count=231596 226327 110786 91648 41975 49673 19138 41673 7545 42128 115541 85634 29907 15791 5269 2486 26337 6712 42106 599 43528 29866 22942 21626 6803 28867 10892 4132 537 281
cat_boundaries=0 1 2 3 4 5 6 7
cat_threshold=1614063 8597709 14800708 3 11 10232328 10535424
is_linear=0
shrinkage=0.04


Tree=87
num_leaves=31
num_cat=1
split_feature=14 1 31 7 8 8 15 10 9 29 31 8 5 15 14 32 24 23 3 13 25 27 5 3 2 32 15 33 25 9
split_gain=29.677 22.5341 30.0101 16.9202 16.99 15.6064 18.0456 14.2397 16.7599 17.0514 13.6639 10.9024 10.885 13.6966 10.1756 12.8384 16.2143 9.98421 9.64978 11.866 9.62707 9.55166 9.44617 17.4799 11.6147 9.2502 9.24907 9.23299 10.4115 9.99983
threshold=5.4722222222222232 3.5000000000000004 4.5000000000000009 4.5000000000000009 23.645000000000003 24.675000000000004 0.17950000000000005 3.5000000000000004 -1.2133333333333363 4.4850000000000012 2.5000000000000004 57.235000000000007 6.8350000000000009 0.14950000000000005 3.5857142857142863 4.535000000000001 14.915000000000001 26.540000000000003 0.36049006886914864 10.500000000000002 17.270833333333339 4.5000000000000009 6.8550000000000013 0.34835085175788333 38.835000000000008 7.3850000000000007 0.16950000000000007 0 17.270833333333339 6.5466666666666695
decision_type=10 2 2 2 2 2 10 2 2 2 2 2 2 10 10 2 2 2 10 2 2 2 2 10 2 2 10 1 2 2
left_child=1 -1 3 7 21 6 -4 8 10 11 25 12 13 -10 15 16 -15 -16 27 -20 -9 -5 -7 -24 -25 -3 -26 28 29 -6
right_child=-2 2 5 4 18 22 -8 20 9 -11 -12 -13 -14 14 17 -17 -18 -19 19 -21 -22 -23 23 24 26 -27 -28 -29 -30 -31
leaf_value=0.00085384617500052363 -0.019663750370811649 0.024629159042728947 -0.0059426355435287185 -0.012933880703199212 0.0042354917573708857 -0.0017784404949963135 -0.023798626930724806 -0.0025689244171145666 -0.0083769515484392824 0.0010241902044066896 0.0010893937247330558 0.070292279036545904 -0.00017569545115429382 0.060510435715625394 0.021224435889728395 0.086127027573403084 -0.022166368900028877 -0.038079779014310755 0.0079546499809265408 0.06468813682855426 0.0028031909152180642 0.0052490294837373667 -0.0077800506557875425 0.01816412910690883 0.036279879655650264 -0.012072578528128297 0.17775347778596259 -0.0031414416106244629 0.018222908574901903 -0.014782558162316382
leaf_weight=18819.093929857016 123.46956521645188 119.79497519135475 247.54093505907804 350.06720155477524 234.114880297333 1406.1355758160353 142.79585106484592 2265.4430560972542 25.114881493151188 3362.063099283725 90.63504988886416 5.0978244692087165 83.837279304862022 8.9503586031496543 78.820691779255867 8.7053968049585801 6.5896150618791571 4.8199167177081099 51.103599209338427 6.6682075560092917 698.23404227569699 53.256763577461243 883.13276109006256 13.105352805927398 1.5021806247532361 12.097000174224375 1.4560556691139934 1916.9760402403772 66.268447116017342 54.542401246726513
leaf_count=115484 5244 766 3708 3009 2042 19609 2422 17696 230 23312 833 43 791 78 753 75 61 44 350 48 4305 446 12857 316 30 74 52 16007 426 434
internal_value=-9.20879e-05 -1.41813e-05 -0.00135328 -0.000296628 -0.00295312 -0.00507836 -0.0124748 0.000775747 0.00239442 0.00173306 0.0130463 0.0124716 0.0111122 0.0182276 0.0244209 0.0472376 0.0254519 0.0178069 -0.00164087 0.014503 -0.00130327 -0.0105329 -0.00382599 -0.00702789 0.0343239 0.0212629 0.105914 -0.00205139 0.00381699 0.000641991
internal_weight=31141.4 31018 12198.9 9503.2 2733 2695.67 390.337 6770.2 3806.53 3584 222.527 221.936 216.838 133.001 107.886 24.2454 15.54 83.6406 2329.67 57.7718 2963.68 403.324 2305.33 899.196 16.0636 131.892 2.95824 2271.9 354.926 288.657
internal_count=231545 226301 110817 71823 22762 38994 6130 49061 27060 25387 1673 2075 2032 1241 1011 214 139 797 19307 398 22001 3455 32864 13255 398 840 82 18909 2902 2476
cat_boundaries=0 1
cat_threshold=8
is_linear=0
shrinkage=0.04


Tree=88
num_leaves=31
num_cat=7
split_feature=30 1 26 22 14 22 30 17 14 32 6 28 22 30 9 2 10 6 30 15 9 32 22 22 22 32 14 16 0 15
split_gain=23.8829 19.0135 16.7978 18.8511 17.9776 16.0854 13.5552 12.109 11.4706 18.346 10.7082 10.6374 12.8699 17.6274 13.4573 11.6761 10.4964 17.5836 14.1954 13.9554 14.8739 21.8976 11.9102 11.3133 10.9489 10.4493 10.3944 9.6546 9.74537 12.5011
threshold=-1.6533333333333329 5.5000000000000009 3.5000000000000004 0 3.683333333333334 1 2.0400000000000009 -0.28320105820105806 5.0500000000000007 4.7150000000000007 -0.021833333333333368 2 3 -1.9508333333333332 1.5358333333333329 29.275000000000002 3.5000000000000004 0.0083333333333341936 -0.9199999999999996 0.15788888888888894 -0.31999999999999845 4.1250000000000009 4 5 6 3.5650000000000004 4.3166666666666673 1.0000000180025095e-35 0.15660632372214944 0.14894444444444449
decision_type=2 2 2 1 10 1 2 8 8 2 2 9 1 2 2 2 2 2 2 10 2 2 1 1 1 2 10 10 8 8
left_child=8 16 5 -4 6 -3 -5 -7 11 10 -10 -1 13 14 -13 -15 -2 22 19 20 -19 -22 27 -20 -21 -9 -17 28 -18 -30
right_child=1 2 3 4 -6 7 -8 25 9 -11 -12 12 -14 15 -16 26 17 18 23 24 21 -23 -24 -25 -26 -27 -28 -29 29 -31
leaf_value=-0.0064979819567260811 0.0012308022924080681 -0.01091878108063885 0.00069292908224554014 -0.00729962230359117 -0.020317180688263759 0.037291820009673939 0.048525320447481354 0.027022230132685437 -0.0023113490998562633 0.075975840250007934 -0.025005295608582192 -0.028019796115801413 -0.0097252568963738656 0.017590886106605294 0.077557788912757858 0.16238898460133935 -0.010419078470087587 -0.0022428734059779642 0.00075953382167303989 -0.00032807452087527496 0.10867997874059024 -0.008060457241908155 0.0022251141148897325 -0.0031762886382266267 -0.018646239182889043 3.9590615833651088e-05 0.062338232511117808 -0.0014854208724268052 0.068484280914748327 0.011248936211683373
leaf_weight=342.83228341024369 14966.941685380414 203.71508149057627 349.24433660320938 454.95171754062176 220.98926430754364 14.387879248708485 7.0674793720245352 23.302176048979163 45.964151388034225 3.3379062125459305 120.42976605333388 5.4431445766240376 17.265342265367508 2.6176211740821582 2.994319086894393 3.6783775333315134 32.221494358032942 112.8381691724062 2023.3265810795128 79.968199320137501 4.943593963980673 5.3562737554311752 4447.6446855291724 2753.8249202668667 204.41903581656516 1580.0290996152908 3.0299432557076216 2989.9722170755267 6.4708519801497451 108.22026764601469
leaf_count=6158 97681 2010 5152 6199 4286 239 38 305 1971 56 5765 112 320 41 63 49 215 1242 13810 923 55 57 28522 19085 2382 14682 52 19145 48 840
internal_value=4.39664e-05 0.000192185 -0.00291682 -0.00699341 -0.0107761 -0.000606515 -0.00644567 0.00075491 -0.00823588 -0.0168738 -0.0187364 -0.0043558 0.0143644 0.032848 0.00944798 0.0892409 0.000512061 -0.000330384 -0.00212567 -0.00929172 0.00195727 0.0479711 0.000896852 -0.00151436 -0.0141625 0.000431746 0.117199 -0.000990367 0.00901758 0.0144781
internal_weight=31137.4 30589.8 2853.69 1032.25 683.008 1821.43 462.019 1617.72 547.593 169.732 166.394 377.861 35.0287 17.7634 8.43746 9.32594 27736.1 12769.2 5184.68 407.525 123.138 10.2999 7584.53 4777.15 284.387 1603.33 6.70832 3136.88 146.913 114.691
internal_count=231503 216916 32911 15675 10523 17236 6237 15226 14587 7792 7736 6795 637 317 175 142 184005 86324 37554 4659 1354 112 48770 32895 3305 14987 101 20248 1103 888
cat_boundaries=0 1 2 3 4 5 6 7
cat_threshold=290963 2229248 3 3165565 1171727 4547459 9482753
is_linear=0
shrinkage=0.04


Tree=89
num_leaves=31
num_cat=0
split_feature=1 18 29 6 31 9 29 27 17 10 0 29 6 0 25 26 23 24 6 8 9 1 13 23 14 16 6 9 2 25
split_gain=30.5773 27.4886 13.7972 13.1077 12.4821 15.4534 14.583 13.1057 11.6696 12.3393 10.6898 10.2753 10.0528 10.0048 9.99511 11.2064 10.5392 12.6499 14.1942 9.86905 9.70235 11.0293 9.59132 11.943 15.6938 25.1434 11.7615 10.5941 9.98284 12.5001
threshold=4.5000000000000009 4.5000000000000009 2.0150000000000001 -0.05000000000000026 2.5000000000000004 9.3441666666666681 4.9650000000000007 8.5000000000000018 0.050000000000000017 1.5000000000000002 0.17483956760466715 4.8850000000000007 -0.051666666666667187 0.13149094950778026 -7.7716666666666621 2.5000000000000004 19.340000000000003 42.775000000000013 0.048333333333334234 29.935000000000006 -9.4749999999999979 2.5000000000000004 5.5000000000000009 43.815000000000005 4.1339285714285721 0.18333333333333338 0.035000000000000593 11.336333333333334 34.865000000000002 33.930833333333347
decision_type=2 10 2 2 2 2 2 2 8 2 8 2 2 10 2 2 2 2 2 2 2 2 2 2 10 8 2 2 2 2
left_child=14 4 -3 12 6 -6 8 19 9 -2 13 -11 -4 -8 15 -1 17 -16 -19 -7 21 -17 28 24 25 27 -27 -24 -18 -30
right_child=1 2 3 -5 5 7 10 -9 -10 11 -12 -13 -14 -15 16 20 22 18 -20 -21 -22 -23 23 -25 -26 26 -28 -29 29 -31
leaf_value=0.049308025753999118 0.065539885580124094 -0.024353648691460159 0.0030746355367996209 -0.0078412257806524752 -0.0042395800985162366 0.066772876486563437 -0.0048464628202853997 0.054843629435761113 0.0022340724901177907 0.0094555443918078724 -0.0065972571015928171 0.068562060399180599 0.049459568397504032 0.0020302729026580985 0.0040961072214790294 -0.00022973787931353769 0.00097975567056196003 0.017245038994172235 0.084904554667399296 0.0031179748845486803 -0.00036402481971372367 -0.012136104592052077 0.016748453669235313 3.2167527839908208e-05 -0.003323709505743211 0.0036564336253287755 -0.0014870897302595709 -0.011024501093949908 -0.0025308498965584286 0.013766949913424505
leaf_weight=7.1281628534197798 11.688257824629543 73.650863701477647 107.42044279538095 1139.6409455789253 2346.5686001898721 3.9502765648066989 400.00133010745049 8.334632642567156 50.296291336417198 31.23710348829627 337.11968981847167 5.5406323224306098 8.0349323134869319 2201.6846615001559 1006.2776781059802 247.83109796047211 4159.2313397601247 36.788478791713715 5.7343428507447234 288.998580602929 5171.9547932706773 250.11026591807604 282.96216455101967 4300.8679102286696 604.92190273478627 4290.4580742642283 852.68240455538034 23.826018184423447 2783.5283085852861 77.390395730733871
leaf_count=44 94 5042 1427 17549 29008 49 2628 84 388 266 2400 47 101 14897 7593 1743 24622 257 46 3169 38869 2225 1808 24796 4161 25501 5583 145 16517 433
internal_value=-2.34056e-05 -0.00234777 -0.00752752 -0.00654013 -0.0011372 -0.00314463 0.000612667 0.00538351 0.0157312 0.0297381 0.000104588 0.01836 0.00630272 0.000972996 0.00065304 -0.000814431 0.0011052 0.00499915 0.0263691 0.00397633 -0.000877445 -0.00621017 0.000870161 0.00164393 0.00278879 0.00346725 0.00280369 0.0145915 -0.000271252 -0.00208998
internal_weight=31115.9 7014.17 1328.75 1255.1 5685.42 2647.85 3037.57 301.283 98.7623 48.466 2938.81 36.7777 115.455 2601.69 24101.7 5677.02 18424.7 1048.8 42.5228 292.949 5669.9 497.941 17375.9 10355.7 6054.85 5449.93 5143.14 306.788 7020.15 2860.92
internal_count=231492 77149 24119 19077 53030 32310 20720 3302 795 407 19925 313 1528 17525 154343 42881 111462 7896 303 3218 42837 3968 103566 61994 37198 33037 31084 1953 41572 16950
is_linear=0
shrinkage=0.04


Tree=90
num_leaves=31
num_cat=5
split_feature=30 25 9 31 22 6 30 0 32 2 3 14 6 9 6 30 17 22 21 0 15 22 3 22 0 13 22 17 8 23
split_gain=22.691 18.3739 15.5815 12.3304 18.0605 17.2846 16.4403 16.2876 12.4354 17.6103 12.3565 12.252 11.7126 11.4857 10.8062 14.8616 10.7661 11.055 12.7542 24.0097 10.7421 13.0494 11.7599 15.752 10.3557 11.4533 10.3279 10.3594 12.6676 10.4945
threshold=-2.7274999999999991 23.53166666666667 -13.129166666666663 4.5000000000000009 0 0.05549999999999989 -1.1583333333333337 0.16919501658566694 4.9650000000000007 28.540000000000003 0.12433832796527099 4.6458333333333348 0.0050000000000003384 2.1833333333333322 -0.0066666666666663757 -3.6166666666666663 0.27585978835978847 1 0.29166666666666669 0.19839350886339938 0.11612500000000003 2 0.40065789473684216 3 0.16184698996655519 5.5000000000000009 4 0.12705026455026455 26.705000000000002 15.860000000000001
decision_type=2 2 2 2 1 2 2 8 2 2 10 8 2 2 2 2 10 1 10 10 10 1 10 1 10 2 1 10 2 2
left_child=1 11 -2 6 -5 7 8 26 9 10 -4 14 16 -7 15 -1 17 18 -9 -20 21 -8 -22 -24 25 -25 27 29 -29 -6
right_child=2 -3 3 4 5 13 20 12 -10 -11 -12 -13 -14 -15 -16 -17 -18 -19 19 -21 22 -23 23 24 -26 -27 -28 28 -30 -31
leaf_value=0.13359689005350922 -0.0041272113931845192 0.15246760636201087 0.030833896201797214 -0.0042522519286865837 0.01497411603166262 -0.012239964611346401 -0.0056771245710155087 0.004092064224385834 0.10279609135835248 0.0012746993763569057 0.12587335069178071 -0.027096772800017242 -0.0049884443733432312 0.0023492094606860918 -0.020908208649121553 0.0084558167581296716 0.053157501416427826 -0.0017099001972880796 0.016403738690630651 0.11326440060547295 0.0007971543846952854 0.00074344733773618803 -0.004410235716538374 0.028206721990138208 0.03131123019000686 0.0017028123666822546 0.0059801530962216767 0.071836610467826939 0.0093953862924258998 -0.0035507106990440274
leaf_weight=2.240768326446414 1367.921420305036 0.98567195236682792 5.8006882295012492 2181.8105845702812 53.700955415144563 277.8471884727478 907.09807340800762 367.08355795871466 3.2340325750410548 22.445478001609445 3.515212332829833 81.558996663428843 861.46411010250449 125.26792434230447 7.2906530397012812 4.7099881935864687 6.3053323775529853 901.4274833695963 31.697929807007313 4.7019780576229087 20680.616267077625 1132.2150659263134 91.593421082943678 38.386049959808588 53.862203188240528 81.42333747819066 1174.6639384785667 5.6857729852199546 60.648563772439957 550.69327195733786
leaf_count=32 10414 7 68 22008 684 3567 5744 3606 35 275 45 5091 9908 1499 168 119 49 8693 264 39 134141 7145 547 221 334 458 10730 50 448 4813
internal_value=-1.38077e-05 -0.0193514 4.65843e-05 0.000239319 -0.00128444 0.000189333 0.000676387 0.000981945 0.0280719 0.0204632 0.0666956 -0.0211193 -0.00136512 -0.00770638 0.0131133 0.0487985 0.00101538 0.000763432 0.00617839 0.0289158 0.000634677 -0.00213665 0.000904497 0.00927312 0.015832 0.0101945 0.00374528 -0.000254088 0.0147475 -0.00190476
internal_weight=31087.9 96.7861 30991.1 29623.2 6603 4421.19 23020.2 4018.07 34.9954 31.7614 9.3159 95.8004 2172.68 403.115 14.2414 6.95076 1311.22 1304.91 403.483 36.3999 22985.2 2039.31 20945.9 265.265 173.672 119.809 1845.39 670.729 66.3343 604.394
internal_count=231202 5417 225785 215371 66358 44350 149013 39284 423 388 113 5410 22559 5066 319 151 12651 12602 3909 303 148590 12889 135701 1560 1013 679 16725 5995 498 5497
cat_boundaries=0 1 2 3 4 5
cat_threshold=405028 5341185 1477077 2644265 8425731
is_linear=0
shrinkage=0.04


Tree=91
num_leaves=31
num_cat=5
split_feature=1 30 31 30 22 25 5 30 17 21 19 22 23 5 22 25 25 13 3 22 23 5 22 8 16 3 6 20 3 32
split_gain=26.7615 28.264 21.5109 17.4429 16.8418 14.8599 14.5647 14.1035 13.1975 13.3034 13.1529 13.0939 13.8119 12.8317 12.3999 11.5057 12.5485 11.1695 11.0387 11.0025 10.8253 11.1807 10.8255 10.7565 12.9556 12.4673 30.1608 13.1725 9.6619 11.5538
threshold=4.5000000000000009 -0.48500000000000004 3.5000000000000004 -0.71774999999999956 0 13.483333333333338 6.745000000000001 2.2908333333333339 0.17976190476190482 0.36666666666666675 0.70833333333333337 1 25.100000000000005 6.7750000000000012 2 -15.318333333333328 4.1481666666666621 7.5000000000000009 0.12909946236559142 3 25.615000000000006 6.5850000000000009 4 39.505000000000003 0.29285714285714287 0.05411036036036037 0.015499999999999849 1.0000000180025095e-35 0.11943600581164973 5.3050000000000006
decision_type=2 2 2 2 1 2 2 2 8 10 10 1 2 2 1 2 2 2 8 1 2 2 1 2 10 8 2 8 10 2
left_child=18 2 3 -2 5 7 8 -3 11 -10 20 -4 -13 -7 15 -8 23 -5 28 -20 21 -6 -23 25 -25 26 -17 -28 29 -1
right_child=1 4 6 17 10 13 14 -9 9 -11 -12 12 -14 -15 -16 16 -18 -19 19 -21 -22 22 -24 24 -26 -27 27 -29 -30 -31
leaf_value=-0.00032106076150659998 0.10305462033789091 -0.0063834820220580717 -0.010767106993574634 -0.02904986031453597 0.07357717298909712 0.0087402875606582778 -0.015973962575060879 0.04240121386154512 0.01523348891260053 0.10709541067876581 0.0065836365524288842 0.015975871089107415 -0.0099699162486824103 -0.0026913508642799327 -0.011303615662467277 -0.043266256404616732 -0.02880567700664945 0.06147604508056221 -0.0055594268220777385 -0.0002828320308722639 -0.0010876925926581944 -0.0036345462920344303 0.012311204238157254 0.12302992212665455 0.022750621015814671 0.0012954355798930454 0.03698792055954804 0.15626184037308519 0.0049498978132481433 0.0016287931647737217
leaf_weight=8994.9080717936158 4.8753607869148246 1462.2080119810998 125.0923608308658 5.1859543696045858 4.0026143565773955 229.78371731936932 25.961945779621601 9.5434287190437299 9.5444966629147512 3.4284514412283889 521.86987928673625 92.578960908576846 50.863101426512003 496.69743819534779 972.15667318925261 3.2597891837358457 8.2050275132060033 3.763277355581522 807.39133086800575 2812.3255917746574 2670.3764606267214 109.79037394747138 164.1541538760066 3.6083212094381434 4.8082337658852339 26.211300387047231 2.5114665105938911 3.612364124506712 909.72759122028947 10583.010109521449
leaf_count=61801 59 14453 2541 63 36 1579 762 50 165 40 3620 2145 715 3632 20806 53 126 42 5431 18941 22635 1211 1805 63 68 469 48 61 5917 62244
internal_value=-7.22788e-05 -0.00224685 -0.00745824 0.0421805 -0.00100968 -0.00373952 -0.00797349 -0.00606714 0.000106364 0.0395105 0.00072824 -0.00179726 0.00633417 0.000924441 -0.010139 0.00513209 0.0166088 0.00901755 0.000560418 -0.00147594 -0.000305728 0.007207 0.00623726 0.0250754 0.0657421 0.0154596 0.0550246 0.107346 0.000920198 0.000732949
internal_weight=31121.5 7014.09 1345.67 13.8246 5668.43 2198.23 1331.84 1471.75 281.507 12.9729 3470.19 268.534 143.442 726.481 1050.34 78.1784 52.2165 8.94923 24107.4 3619.72 2948.32 277.947 273.945 44.0115 8.41655 35.5949 9.38362 6.12383 20487.6 19577.9
internal_count=231581 77247 28226 164 49021 19714 28062 14503 5606 205 29307 5401 2860 5211 22456 1650 888 105 154334 24372 25687 3052 3016 762 131 631 162 109 129962 124045
cat_boundaries=0 1 2 3 4 5
cat_threshold=14914368 545652 18 1114754 1589284
is_linear=0
shrinkage=0.04


Tree=92
num_leaves=31
num_cat=5
split_feature=29 14 10 6 22 32 31 22 32 23 14 22 22 24 17 29 5 14 0 22 6 3 19 6 5 24 6 0 17 16
split_gain=18.5549 17.772 14.6451 23.6859 17.419 12.7144 11.398 10.8929 10.1898 9.92668 15.6738 19.646 14.4398 16.654 19.1607 10.0142 13.3323 10.0809 9.95873 9.28312 10.6068 9.21799 16.2102 8.60172 8.73364 8.5629 10.5217 8.51971 8.29048 8.19884
threshold=1.6150000000000004 4.7888888888888896 3.5000000000000004 0.0083333333333333055 0 2.7350000000000008 2.5000000000000004 1 5.9150000000000009 49.100000000000009 3.1055555555555561 2 3 52.410000000000004 -0.14999999999999991 6.535000000000001 6.7250000000000005 2.0500000000000003 0.15197024994470251 4 -0.069999999999999826 0.33409785932721719 0.22500000000000003 -0.10499999999999997 6.7550000000000008 50.145000000000003 -0.00083333333333346349 0.21003144654088055 0.11666666666666677 0.29285714285714287
decision_type=2 8 2 2 1 2 2 1 2 2 8 1 1 2 8 2 2 8 10 1 2 10 8 2 2 2 2 8 10 10
left_child=1 5 9 7 21 -1 -6 23 -3 10 19 -12 13 14 -11 16 -14 -18 -15 28 -21 -5 -23 24 -4 26 -16 -8 -2 -13
right_child=2 8 3 4 6 -7 27 -9 -10 12 11 29 15 18 25 -17 17 -19 -20 20 -22 22 -24 -25 -26 -27 -28 -29 -30 -31
leaf_value=0.094495640897102148 0.0082275165711567771 -0.025853568135546547 -0.022752827502564459 -4.4223627825413721e-05 -0.0016274825862882267 -0.0027455252099379168 -0.005525001901024707 -0.00051277614993688869 0.12924832744065307 0.069004385564696014 -0.0025960601316878476 0.0028855013245576706 0.0065636422483773419 0.0029387896549540817 0.0010052252938984071 -0.001457867497987634 0.015652892179871428 -0.016493845568519863 -0.021243377078689778 -0.005452794260188909 0.0024987668667370544 0.067016607188245189 0.0027486789466911639 0.0028277284790573132 0.029983901928246705 0.041050605357067858 0.020356414830402292 -0.017155699999308598 0.0029029969397011998 -3.0836402069641928e-06
leaf_weight=3.4901775801554304 862.32531081140041 77.752093381248415 36.13086448982358 1938.4032737258822 1536.1472787931561 5.6084447838366032 2326.1580578247085 5569.3789472132921 0.68368233367800613 9.4425495229661447 2625.6067588590086 3320.4174256166443 64.757677920162678 80.459802318364382 116.1409902498126 2128.7626466937363 16.888531118631363 205.83884232118726 41.200653403997421 295.96045051887631 2883.4815684910864 9.0613087080419081 20.453634638339281 2750.256005320698 5.8360260799527159 13.873864024877546 73.348273608833551 105.33350920118392 1022.8876519240439 2986.031291525811
leaf_count=82 5911 5136 260 15543 9428 75 21768 38848 8 71 20761 28406 396 490 689 12694 99 1264 242 1827 18653 115 132 19168 38 78 448 1233 6318 21384
internal_value=2.72519e-05 -0.018363 7.91058e-05 -0.000861184 -0.00279357 0.0345556 -0.0043139 0.000510538 -0.0245016 0.000881825 0.00131354 0.000305603 -0.00131491 0.00636398 0.013303 -0.00239428 -0.00941153 -0.0140563 -0.00525057 0.00309114 0.00175308 0.000292103 0.0224794 0.00254437 -0.0154191 0.0107167 0.00849576 -0.00602885 0.00531035 0.00151539
internal_weight=31132.1 87.5344 31044.6 14297.2 5935.56 9.09862 3967.64 8361.6 78.4358 16747.4 13996.7 8932.06 2750.71 334.466 212.806 2416.25 287.485 222.727 121.66 5064.65 3179.44 1967.92 29.5149 2792.22 41.9669 203.363 189.489 2431.49 1885.21 6306.45
internal_count=231565 5301 226264 106533 48219 157 32429 58314 5144 119731 103260 70551 16471 2018 1286 14453 1759 1363 732 32709 20480 15790 247 19466 298 1215 1137 23001 12229 49790
cat_boundaries=0 1 2 3 4 5
cat_threshold=303879 7603904 13894402 35072 5587553
is_linear=0
shrinkage=0.04


Tree=93
num_leaves=31
num_cat=8
split_feature=30 9 15 17 22 23 23 12 23 22 23 17 9 22 26 22 22 6 22 15 9 6 6 6 22 23 15 25 3 32
split_gain=18.5141 12.1448 15.055 11.1467 15.066 11.9896 10.9093 14.8631 15.1858 14.1951 13.8778 13.1956 13.0921 12.5825 11.8097 17.8039 14.9 11.7837 11.5653 13.1312 11.0862 11.0021 10.8149 10.38 15.0562 14.3943 14.1044 10.0716 13.0443 15.1164
threshold=-1.8600000000000003 -13.129166666666663 0.22211111111111115 -0.21111111111111103 0 1.655 48.900000000000006 1 30.620000000000001 2 47.145000000000003 0.41696428571428584 -1.6683333333333346 3 3.5000000000000004 4 5 0.020000000000000021 6 0.21950000000000006 -9.2616666666666632 0.035000000000000593 0.039999999999999598 -0.0050000000000003366 7 33.655000000000008 0.19387500000000005 14.530833333333334 0.075049407114624517 6.0950000000000006
decision_type=2 2 10 10 1 2 2 1 2 1 2 10 2 1 2 1 1 2 1 10 2 2 2 2 1 2 10 2 10 2
left_child=3 2 23 5 -5 -1 7 8 17 -8 18 -11 14 -12 15 20 -16 -3 19 -10 27 -20 -18 24 25 -2 -27 -9 29 -29
right_child=1 6 -4 4 -6 -7 9 12 10 11 13 -13 -14 -15 16 -17 22 -19 21 -21 -22 -23 -24 -25 -26 26 -28 28 -30 -31
leaf_value=-0.02884796568107054 -0.004106319386423073 0.016197560181592702 -0.028562101234243627 -0.01397963442192875 0.008998903540775257 -0.0080046292901516537 0.0011501950101902288 -0.01300269362571828 0.0010032780246580853 -0.0037550518668105692 0.0028671469649072974 0.0082735616441609438 0.0010111392433955891 -0.0064663421378718736 0.0010258715265579466 -0.00116331149202111 -0.0032886884263682919 0.076358069928072633 0.0045909665320423704 0.049021342014064495 0.0069990094967339088 0.013070593981097972 -0.010167654496691983 -0.0057810992694801869 -0.003079644633636885 0.016182895963504827 0.07090417349617005 0.07531650161526493 -0.0098014104222057252 -0.0025584923554230151
leaf_weight=69.337267603725195 60.132658991962671 17.878777969628576 37.342660529538989 72.409736575558782 92.682321678847075 121.58537457045168 2144.4743274003267 89.118403423577547 1658.5302376262844 2804.1017149537802 456.31264997646213 153.93135415017605 12562.797121478245 451.06685173511505 1115.2636194191873 2766.1624821331352 1925.9498992823064 7.3511567004024974 1626.2391670420766 9.1623505130410177 801.29799058102071 288.20298953726888 451.37619617208838 775.65048868395388 376.26406958885491 100.95109781995416 8.144369497895239 8.5347887836396712 19.473893545567989 7.4864659868180743
leaf_count=4358 466 119 338 1984 2445 3132 12983 639 10720 17153 2844 823 93289 2828 9579 19184 16045 58 10246 62 5612 2001 4687 6109 2572 624 49 54 129 50
internal_value=7.66981e-05 0.000181792 -0.0035157 -0.00899265 -0.00138123 -0.0155743 0.000352847 0.000706415 0.00277421 -0.00132835 0.00260645 -0.00311856 0.000232144 -0.00181228 -0.00112965 0.00044765 -0.00279704 0.0337263 0.00372574 0.00125954 0.00521662 0.00583701 -0.00457553 -0.00280775 0.00142013 0.0109594 0.020268 -0.00582597 0.0121928 0.0389268
internal_weight=31079.2 30723.2 1358.49 356.015 165.092 190.923 29364.7 24262.2 4514.74 5102.51 4489.51 2958.03 19747.5 907.38 7184.66 3692.07 3492.59 25.2299 3582.13 1667.69 925.912 1914.44 2377.33 1321.14 545.492 169.228 109.095 124.614 35.4951 16.0213
internal_count=231182 219263 10158 11919 4429 7490 209105 178146 28878 30959 28701 17976 149268 5672 55979 25668 30311 177 23029 10782 6484 12247 20732 9820 3711 1139 673 872 233 104
cat_boundaries=0 1 2 3 4 5 6 7 8
cat_threshold=9902250 1 1489282 779806 8421913 6567970 6851470 1836434
is_linear=0
shrinkage=0.04


Tree=94
num_leaves=31
num_cat=5
split_feature=30 1 25 22 10 22 30 32 32 15 11 5 10 1 22 15 5 26 3 17 2 22 22 31 30 2 20 30 2 15
split_gain=21.9519 16.2057 19.4595 16.7147 14.7937 14.0453 13.6019 13.2209 12.8849 12.8744 16.2379 12.026 11.6019 14.8979 16.3995 17.4413 12.9508 16.7932 13.4599 17.4876 12.9323 12.1712 11.7975 10.3972 10.0157 11.3271 22.9175 10.7064 9.77276 9.71776
threshold=-2.7274999999999991 5.5000000000000009 0.77499999999999514 0 2.5000000000000004 1 1.8800000000000006 5.0750000000000011 3.7150000000000003 0.11900000000000002 26.500000000000004 6.745000000000001 3.5000000000000004 2.5000000000000004 2 0.16050000000000006 6.8850000000000007 3.5000000000000004 0.17732243300841985 -0.17043650793650789 57.465000000000011 3 4 4.5000000000000009 -0.66291666666666627 39.82500000000001 0.23611111111111113 -0.81916666666666671 22.190000000000001 0.11700000000000002
decision_type=2 2 2 1 2 1 2 2 2 8 2 2 2 2 1 8 2 2 8 8 2 1 1 2 2 2 8 2 2 10
left_child=7 12 3 6 9 -4 11 23 -7 10 -5 -3 29 21 -15 -16 17 20 -19 -20 22 28 24 -1 27 -26 -27 -17 -14 -2
right_child=1 2 5 4 -6 8 -8 -9 -10 -11 -12 -13 13 14 15 16 -18 18 19 -21 -22 -23 -24 -25 25 26 -28 -29 -30 -31
leaf_value=0.095902229051204171 -0.0023912959915968479 -0.00087230649886356764 -0.0049980090579375205 0.11090717243010552 -0.007293232284194217 0.058363660441448098 0.037911896845000487 0.045391777238751499 0.0020476492405378131 0.0026594041204485593 0.018223213775768476 -0.016610026695074501 -0.0098655377569263122 -0.0046049883494877052 0.0017094799546851416 0.01878393990322141 -0.0084780325015378181 -0.0071453302878165719 -0.023306001645292628 0.023377594164406809 0.052130816666794068 0.002541559720108698 -0.00070341850641016015 -0.024744621897537584 0.0036766617014068817 0.0078961853439301118 0.080005025308956465 0.093537604486958095 -0.00047174307438301581 0.0012587859208119101
leaf_weight=1.1581991557031859 1274.1926353015006 96.6769257793203 644.0309828761965 3.8248736253008273 395.75034131854773 6.5380792021751395 8.3674567192792875 4.7467713393270961 1126.856115071103 216.45829508639872 14.451514042913912 395.54315593838692 190.71485783159733 2376.4631266389042 2561.5615347307175 9.3559493385255319 546.33403984922916 737.63463842961937 17.222307302057743 50.441432486288249 8.2872575335204584 3088.6407443545759 672.82216586079448 86.434378574602306 159.50598362833261 23.957949742674828 9.9935128241777402 4.5593502447009078 2499.8717109076679 13875.937972649932
leaf_count=35 8038 1574 6025 47 6661 77 46 52 10525 3386 167 7114 1199 17818 17571 104 4616 6742 294 490 61 19252 4457 5378 1014 158 60 40 15702 92739
internal_value=-0.00015186 -9.38831e-05 -0.00293624 -0.00703773 -0.00253416 -0.000326236 -0.0124114 -0.019626 0.00235176 0.00538143 0.0376201 -0.013519 0.000200237 -0.00067851 -0.00189552 -0.000543812 -0.00312287 -0.00139554 -0.00557908 0.0114953 0.00239631 0.000833083 0.00192805 -0.0231494 0.0100168 0.00814214 0.0291212 0.043277 -0.00113338 0.000951798
internal_weight=31108.3 31016 2908.5 1131.07 630.485 1777.43 500.588 92.3393 1133.39 234.735 18.2764 492.22 28107.5 12957.4 7178.14 4801.68 2240.11 1693.78 805.298 67.6637 888.482 5779.23 880.195 87.5926 207.373 193.457 33.9515 13.9153 2690.59 15150.1
internal_count=231442 225977 35622 18995 10261 16627 8734 5465 10602 3600 214 8688 190355 89578 53425 35607 18036 13420 7526 784 5894 36153 5833 5413 1376 1232 218 144 16901 100777
cat_boundaries=0 1 2 3 4 5
cat_threshold=15437376 2504080 4866093 9554329 9472512
is_linear=0
shrinkage=0.04


Tree=95
num_leaves=31
num_cat=4
split_feature=1 30 23 11 16 9 32 3 22 17 2 11 15 8 24 7 15 24 11 25 15 22 25 22 29 2 8 24 22 25
split_gain=26.0968 17.5586 15.1633 20.705 15.2346 12.9316 16.1936 18.0315 16.5206 18.2729 10.9261 10.7869 21.0704 15.6294 18.8178 10.6585 10.5418 16.8426 16.2834 10.4793 13.0978 17.3631 12.7534 16.8111 11.5139 10.4315 13.5184 11.6118 10.2166 9.71399
threshold=5.5000000000000009 0.4250000000000001 29.430000000000003 42.500000000000007 0.31666666666666671 9.3441666666666681 1.7850000000000004 0.37530487804878054 0 -0.20363756613756609 42.475000000000001 25.500000000000004 0.12707142857142864 28.265000000000004 22.820000000000004 3.5000000000000004 0.16050000000000006 49.025000000000013 27.500000000000004 -7.1933333333333334 0.21800000000000003 1 -6.0866666666666651 2 7.0550000000000006 18.545000000000005 36.305000000000007 28.540000000000003 3 -3.2699999999999974
decision_type=2 2 2 2 10 2 2 10 1 10 2 2 8 2 2 2 8 2 2 2 8 1 2 1 2 2 2 2 1 2
left_child=19 5 3 -3 -5 6 -2 8 10 15 -8 12 13 -11 -15 16 17 18 -10 20 28 -22 23 -21 -25 -7 27 -27 -1 -12
right_child=1 2 -4 4 -6 25 7 -9 9 11 29 -13 -14 14 -16 -17 -18 -19 -20 22 21 -23 -24 24 -26 26 -28 -29 -30 -31
leaf_value=0.0016530625890332732 -0.020373156103777088 0.0025171076975368158 -0.001397190137231443 0.03160261778804109 0.11416580755613884 -0.027667874977273708 -0.015611939469946821 0.036345255065834359 0.12363239656076112 -0.012824394148035753 -0.01596860118989429 -0.0074472318345359754 0.00077541088956144851 0.18391437949467929 0.040823231413571019 0.001616530619608226 0.015755538691171293 0.1630280765913005 0.0076280613007673028 -0.0022687277363216043 0.00060655687131706067 -0.014434608651741209 0.00057396412610610553 0.010148197506953633 0.047421656151925166 0.12438298758209752 0.0048604601721636779 0.0053765824692861468 -0.0016891453273029846 0.021605128225677232
leaf_weight=2199.1402672091499 153.81679072417319 31.973400577902794 1470.1199907585979 11.352451823651792 5.2200906649231902 15.117815528064964 385.53850415535271 15.480579011142252 2.6540051195770484 2.6238912753760797 19.485734063200653 515.65474975481629 51.084834862500429 2.6444053370505571 3.3125193864107132 47.503679900430143 25.984408576972783 2.1329954527318469 7.1569050773978233 235.63809661474079 239.97810198087245 249.72544832155108 20504.364108708687 387.46882013045251 13.729870416224001 2.8727493658661833 137.55136664491147 2.4143411461263895 4329.9303585421294 25.306863274425268
leaf_count=17937 5653 285 10832 105 44 276 6894 247 64 42 380 8109 907 47 46 1119 516 32 131 1707 2700 2845 129133 2838 86 75 2332 31 35658 396
internal_value=-7.17244e-05 -0.00365977 -0.000670874 0.0213242 0.0576087 -0.0068601 -0.00821221 -0.0065218 -0.00713 -0.0029758 -0.0131342 -0.00558413 0.0105175 0.0685159 0.104344 0.0142411 0.0300528 0.0611569 0.0390091 0.000302499 -0.0010367 -0.0073461 0.000747105 0.00632174 0.011146 0.00392885 0.00727301 0.0700389 -0.000563469 0.00525976
internal_weight=31097 2937 1518.67 48.5459 16.5725 1418.34 1260.38 1106.56 1091.08 660.752 430.331 575.32 59.6657 8.58082 5.95692 85.432 37.9283 11.9439 9.81091 28160 7018.77 489.704 21141.2 636.837 401.199 157.956 142.838 5.28709 6529.07 44.7926
internal_count=231467 38563 11266 434 149 27297 24583 18930 18683 11013 7670 9151 1042 135 93 1862 743 227 195 192904 59140 5545 133764 4631 2924 2714 2438 106 53595 776
cat_boundaries=0 1 2 3 4
cat_threshold=11765064 11805177 5178136 5701922
is_linear=0
shrinkage=0.04


Tree=96
num_leaves=31
num_cat=3
split_feature=1 30 32 22 11 30 3 34 15 32 11 0 21 23 23 22 15 6 8 2 2 6 8 22 2 5 23 8 32 1
split_gain=22.32 21.8393 19.2739 15.7395 14.5804 13.7067 19.1341 17.8508 17.0277 13.59 12.4718 25.1975 30.5216 12.3665 12.2901 17.9774 14.5707 11.9861 13.6435 11.2297 13.1817 11.1924 11.2794 10.9819 12.4601 12.1461 11.4681 10.6854 10.655 10.45
threshold=5.5000000000000009 0.4250000000000001 5.3050000000000006 0 62.500000000000007 -2.879166666666666 0.37530487804878054 2.5000000000000004 0.1710555555555556 5.3550000000000013 25.500000000000004 0.14508523002421311 0.36666666666666675 30.270000000000007 19.340000000000003 1 0.24400000000000005 -0.029999999999999801 29.825000000000003 44.280000000000008 44.465000000000011 0.071666666666666781 72.315000000000012 2 40.315000000000005 7.0450000000000008 22.960000000000004 50.120000000000012 4.5050000000000008 1.5000000000000002
decision_type=2 2 2 1 2 2 10 2 8 2 2 8 8 2 2 1 8 2 2 2 2 2 2 1 2 2 2 2 2 2
left_child=2 3 21 27 5 -5 10 8 -8 -9 11 12 -7 -3 15 -4 17 18 -17 -12 -21 22 23 -1 -25 28 -27 -2 -26 -16
right_child=1 13 14 4 -6 6 7 9 -10 -11 19 -13 -14 -15 29 16 -18 -19 -20 20 -22 -23 -24 24 25 26 -28 -29 -30 -31
leaf_value=0.0007586763290869413 -0.013323073090899142 0.017895170573468056 -0.0090516857730148226 -0.040513861176556691 0.071454144690131907 0.0254102520235676 0.15833726193977879 -0.034853220474784855 0.028837840501777873 0.076891820120708346 -0.0073034082075622373 0.0018158315060355266 0.16859061811704873 -0.00075955504767741765 -0.00092259583869874144 -0.0036702393135932538 0.088670192501703729 0.011377859415035513 0.062738862685077404 0.089242004512523232 0.0068744411625203629 -0.006252842747613379 0.028961603772886646 -0.00096990884593998517 -0.0030429358367073749 -0.012350949776981691 0.028393468402534223 0.01527691383445514 -0.011544592712436057 0.0016913661732207124
leaf_weight=5265.7528864331543 549.23144487570971 59.182207390666008 43.69948960468173 15.889769995585082 4.1486668530851594 9.337229242548343 3.1608941340818983 5.2530928319320083 3.3425016952678561 2.6047942042350769 634.76885945256799 101.17377399653196 3.197967467829586 1447.4727089777589 3074.8516085967422 6.9637947455048588 4.9980682246386996 80.743545558303595 17.115369912236929 3.3286306615918866 47.052494270727038 581.33446756564081 20.654159578494728 6033.3430944550782 539.21602577809244 17.200205113738775 30.926146719604731 21.728497448377311 419.25918823108077 11984.329455241561
leaf_count=40115 11023 526 367 1339 60 169 54 159 83 25 10517 2555 43 10648 21690 48 47 652 119 58 756 5462 144 45992 4473 164 206 380 2923 70226
internal_value=-3.73396e-05 -0.00337165 0.00030781 -0.00696051 -0.00330691 -0.00372088 -0.00300197 0.0427593 0.0917794 0.0021889 -0.00382463 0.00844369 0.0619383 -2.67875e-05 0.00127243 0.0125328 0.0201143 0.0187643 0.0435331 -0.00586071 0.0123164 -0.000829067 -0.000573271 -0.000622843 -0.00165492 -0.00577718 0.0138315 -0.0120241 -0.00676176 0.00115764
internal_weight=31031.3 2910.87 28120.4 1404.22 833.259 829.11 813.22 14.3613 6.5034 7.85789 798.859 113.709 12.5352 1506.65 15212.7 153.52 109.821 104.823 24.0792 685.15 50.3811 12907.7 12326.4 12305.7 7039.94 1006.6 48.1264 570.96 958.475 15059.2
internal_count=231023 38395 192628 27221 15818 15758 14419 321 137 184 14098 2767 212 11174 93149 1233 866 819 167 11331 814 99479 94017 93873 53758 7766 370 11403 7396 91916
cat_boundaries=0 1 2 3
cat_threshold=7997250 149424 16008608
is_linear=0
shrinkage=0.04


Tree=97
num_leaves=31
num_cat=1
split_feature=1 31 30 29 5 30 7 10 9 11 26 0 2 27 8 6 8 0 14 27 33 8 11 6 20 30 6 25 6 9
split_gain=20.6528 26.0317 26.4739 16.7761 18.0415 15.9943 12.6981 12.2401 13.1258 11.456 14.0079 13.1005 13.9265 11.3688 13.1446 10.6962 10.6705 10.8276 10.2221 22.4097 10.194 10.94 9.86609 9.82469 9.56832 11.5915 12.0815 10.625 9.55962 20.0264
threshold=3.5000000000000004 4.5000000000000009 -1.1583333333333337 2.0150000000000001 6.8450000000000006 1.7136666666666669 4.5000000000000009 3.5000000000000004 -2.4463333333333313 24.500000000000004 1.5000000000000002 0.1647380892990771 48.850000000000009 2.5000000000000004 39.725000000000001 -0.010000000000000229 23.395000000000003 0.14051355311355315 4.3875000000000011 2.5000000000000004 0 33.395000000000003 25.500000000000004 0.071666666666666781 0.29285714285714287 -0.59666666666666635 0.0083333333333341936 -11.070833333333333 -0.0016666666666664829 -1.2133333333333363
decision_type=2 2 2 2 2 2 2 2 2 2 2 8 2 2 2 2 2 8 8 2 1 2 2 2 8 2 2 2 2 2
left_child=-1 2 13 18 9 6 7 8 -4 10 -5 12 -12 14 15 -2 -8 -18 19 -3 -7 -22 -23 -6 27 26 28 -11 -26 -30
right_child=1 3 5 4 23 20 16 -9 -10 24 11 -13 -14 -15 -16 -17 17 -19 -20 -21 21 22 -24 -25 25 -27 -28 -29 29 -31
leaf_value=0.00089141090885291332 0.11649044436072049 -0.041973100492042489 0.015495175222443964 0.089087904191329059 -0.0065026781806233336 -0.0010611018715650346 -0.0098042850774109052 -0.0019116260262858904 0.001264782704610688 -0.0094361832854167535 0.015100634660470303 -0.0012652566187498382 0.098029490826929438 0.012480617933039534 0.15348411638181031 0.014617735618246194 0.0041618960756663534 -0.0034866808030692897 -0.023114312319502461 0.15729770836873808 0.012942444327428217 0.036638853174105077 0.0006539615392938446 -0.018062963226476582 0.019061727862038837 -0.0036475194586983038 -0.005473732558912715 -0.0011639088088276294 0.13246312931579593 0.011146744107960831
leaf_weight=18891.416466977447 2.5006958991289148 2.0720082884654398 107.08065036311746 3.2688235379755488 993.31776329968125 334.1334834843874 344.54505330882967 2654.5596949234605 3292.9361736625433 393.34254331327975 79.976115627214313 152.3025869242847 3.3768519107252351 7.8593102116137734 2.6330006271600723 4.8421078603714713 354.89512807130814 1788.5708000548184 97.419613292440772 1.6003938317298887 314.8933138102293 12.74279862642288 281.31295973062515 133.4253760529682 56.072387499734759 109.35778461396694 30.157508188858628 674.29624568298459 3.8445992507040501 5.0196626894175989
leaf_count=115895 43 57 828 37 14374 1758 3136 20496 24000 5785 1237 2804 50 127 39 84 2832 15580 6494 39 1651 66 1446 2274 639 1137 431 8435 50 62
internal_value=6.20693e-05 -0.0012177 -0.000227508 -0.00465357 -0.00404071 -0.000319052 -0.000864797 0.0001238 0.00171296 -0.00118407 0.00685251 0.00571181 0.0184603 0.0484606 0.076807 0.0493119 -0.00327055 -0.0022203 -0.0206447 0.044867 0.00462439 0.00763607 0.00221335 -0.00787161 -0.0026935 0.00523398 0.0154477 -0.0042116 0.0251639 0.063764
internal_weight=31133.8 12242.4 9503.51 2738.85 2637.76 9485.67 8542.59 6054.58 3400.02 1511.02 238.924 235.656 83.353 17.8351 9.9758 7.3428 2488.01 2143.47 101.092 3.6724 943.083 608.949 294.056 1126.74 1272.09 204.452 95.0942 1067.64 64.9366 8.86426
internal_count=231886 115991 72086 43905 37315 71793 66872 45324 24828 20667 4128 4091 1287 293 166 127 21548 18412 6590 96 4921 3163 1512 16648 16539 2319 1182 14220 751 112
cat_boundaries=0 1
cat_threshold=7
is_linear=0
shrinkage=0.04


Tree=98
num_leaves=31
num_cat=0
split_feature=30 26 15 1 6 2 0 9 17 1 31 6 9 18 9 7 8 1 3 5 30 21 0 15 11 17 16 24 9 32
split_gain=18.2412 12.801 19.083 17.7898 19.6709 12.6098 12.7553 12.0392 14.6714 12.0546 16.6017 13.3553 11.217 11.1858 11.035 10.2116 10.0436 11.385 17.6412 10.008 9.89372 9.64965 14.904 9.6478 9.60556 9.91296 11.1217 9.43416 9.41658 9.04457
threshold=-2.7274999999999991 4.5000000000000009 0.22645833333333337 2.5000000000000004 -0.031666666666665837 33.395000000000003 0.12043863024240094 -2.1836666666666669 0.21666666666666673 1.5000000000000002 2.5000000000000004 -0.0016666666666664829 -5.9899999999999993 4.5000000000000009 8.9316666666666684 3.5000000000000004 39.400000000000006 3.5000000000000004 0.36049006886914864 6.5550000000000006 2.4208333333333338 0.36666666666666675 0.19148267622461176 0.21950000000000006 49.500000000000007 0.12962962962962971 0.58571428571428574 13.365000000000002 -0.70666666666666511 4.1250000000000009
decision_type=2 2 10 2 2 2 10 2 8 2 2 2 2 8 2 2 2 2 10 2 2 10 8 8 2 8 10 2 2 2
left_child=-1 7 3 -3 5 -5 29 8 15 10 11 20 -6 23 16 -2 17 19 -19 -11 -9 -15 -23 -14 25 26 -13 -8 -27 -7
right_child=1 2 -4 4 12 6 27 9 -10 14 -12 24 13 21 -16 -17 -18 18 -20 -21 -22 22 -24 -25 -26 28 -28 -29 -30 -31
leaf_value=-0.01832278844179857 -5.2034633080502528e-05 0.0014019083021315029 -0.012729872291614991 0.0069929948988577233 -0.0088667233899033613 0.074907780369721719 0.0030925377117860249 -0.0063886262345779366 0.0030422348523552523 -0.035143180000556523 0.0018261496809635902 0.0019705764386356616 -0.00084784516104460166 -0.0076974268544528195 0.0042393832286649535 -0.0030547426639770249 -0.0012236559743397455 -0.00017900032768474535 0.020681424320083307 0.0033749367050866638 -0.033624487254348183 0.0034873246068699362 0.079936091963599951 -0.021759295325023457 0.013733510889054907 0.01651417481204092 0.042480288864049344 -0.0086469574004209206 -0.013668292446532346 0.010367177281066595
leaf_weight=87.166143668815494 3899.101569827646 2804.0643170513213 232.43827679567039 478.84946451243013 638.77529350109398 5.4886412210762492 194.96868621464819 922.97123657912016 1386.0695570986718 10.821844168007372 1395.0645318850875 185.97027689218521 1855.9639026559889 845.85024478379637 2212.9219962023199 3385.5985501687974 2266.5513250073418 3613.1875952873379 66.04959656111896 4026.442758500576 21.845227621495724 47.831437202170491 4.4607184007763854 35.984850097447634 83.063543505966663 19.143564067780972 11.514956183731554 249.93304604105651 121.54990657418966 9.4651875514537078
leaf_count=5425 26126 18608 2935 4353 7228 44 1930 6922 8281 59 8869 1280 16864 11205 14039 25786 14926 29344 489 22010 184 506 52 400 533 137 85 2082 873 78
internal_value=-5.00653e-05 1.26128e-06 -0.00145003 -0.00108444 -0.00268073 0.00244981 -0.00228103 0.000456041 -0.00072984 0.00114351 -0.00124309 -0.00437749 -0.00408529 -0.00299061 0.00168382 -0.00144756 0.00111734 0.00180495 0.000195486 0.00327169 -0.00701835 -0.00666653 0.0100087 -0.00124558 0.00154577 -0.00144779 0.00433261 -0.00350237 -0.00956149 0.0340561
internal_weight=31119.1 31031.9 7404.07 7171.64 4367.57 938.705 459.856 23627.9 8670.77 14957.1 2761.12 1366.06 3428.87 2790.09 12196 7284.7 9983.05 7716.5 3679.24 4037.26 944.816 898.142 52.2922 1891.95 421.242 338.179 197.485 444.902 140.693 14.9538
internal_count=231653 226228 66285 63350 44742 8487 4134 159943 60193 99750 18883 10014 36255 29027 80867 51912 66828 51902 29833 22069 7106 11763 558 17264 2908 2375 1365 4012 1010 122
is_linear=0
shrinkage=0.04


Tree=99
num_leaves=31
num_cat=5
split_feature=1 30 17 22 23 14 17 17 14 1 17 22 6 15 9 22 33 11 30 0 9 5 5 30 27 5 15 1 27 22
split_gain=17.747 18.8752 15.4561 14.7483 14.4753 14.5196 12.5414 11.9972 11.5593 16.6737 17.4614 14.6287 14.7988 20.6369 13.451 12.5911 21.3822 13.5352 12.3263 25.1579 20.5768 11.853 12.0901 11.4603 14.1367 13.4852 16.6507 11.233 18.7843 13.7414
threshold=5.5000000000000009 -0.83499999999999963 0.20013227513227516 0 36.755000000000003 2.0500000000000003 -0.16643518518518513 -0.3332936507936507 3.3541666666666674 2.5000000000000004 -0.35727513227513213 1 0.06000000000000006 0.11105555555555557 15.965000000000003 2 3 49.500000000000007 1.4966666666666666 0.14691393298059968 -1.153333333333334 7.0050000000000008 6.6050000000000013 0.29000000000000031 5.5000000000000009 6.705000000000001 0.15788888888888894 1.5000000000000002 2.5000000000000004 4
decision_type=2 2 10 1 2 8 8 8 10 2 10 1 2 8 2 1 1 2 2 10 2 2 2 2 2 2 10 2 2 1
left_child=8 2 -2 6 5 -5 -3 -7 27 15 -11 -12 14 -14 -13 16 17 18 -10 -20 -21 22 -18 -9 25 26 -25 28 -1 -30
right_child=1 3 -4 4 -6 7 -8 23 9 10 11 12 13 -15 -16 -17 21 -19 19 20 -22 -23 -24 24 -26 -27 -28 -29 29 -31
leaf_value=-0.0041120866863848041 -0.013895289199438743 -0.021129799412681241 0.070445720114826832 0.07416186543559157 -0.0022889115267484741 0.077268478861954745 -0.0044859126370411315 0.00078688387825841114 0.0038722218936645659 -0.020912825627185275 -0.0053966433440408249 -0.00063509974112734447 0.057546819689222789 -0.0086649033232283641 0.01057284619006521 -0.00022365140928424167 0.033422231775296962 0.01609135120000944 -0.012948090764836384 0.11026303348267824 0.024425662734525899 0.033928755723916328 -0.0038854571223846117 0.0032036869033288703 -0.02278005606640314 0.013370332936577186 0.087085199146907988 0.0014563690234352417 0.0068024754466967045 -0.001534752847484665
leaf_weight=1653.0783514343202 282.9623651932925 78.198106439784169 3.5197365619242182 4.9330195672810069 1042.5731810592115 3.6708632968366146 983.07890293002129 360.37216263636947 681.01552994735539 77.322259057313204 1430.6378299929202 4959.3664108002558 7.6542437905445686 470.51870572846383 177.45670759864151 4461.3730638585985 14.252675771713255 234.11503344774246 13.117681741714479 7.5517912805080458 10.943439237773415 14.286521404981611 558.51874089427292 6.4089331626892081 15.244839273393152 124.05391602963209 9.2528954967856389 12196.200139206834 583.52854533493519 674.56538285315037
leaf_count=11910 10468 1315 60 44 9055 71 10405 5719 4390 1120 12517 42121 74 4864 1403 28675 91 1452 81 43 68 93 3551 54 137 1124 79 72157 3998 4713
internal_value=-0.00013766 -0.00310947 -0.0128591 -0.00204656 0.000434113 0.0058609 -0.00565896 0.00521172 0.000169178 -0.000699511 -0.00200782 -0.00180035 -0.000872888 -0.00760503 -0.00024791 0.000854914 0.00396773 0.00766601 0.00500566 0.0294226 0.0594739 -0.00202496 -0.0029571 0.00469843 0.013795 0.0177859 0.0527603 0.000923482 -0.00130902 0.00237409
internal_weight=31139.8 2914.27 286.482 2627.79 1566.51 523.937 1061.28 519.004 28225.5 13118.1 7122.96 7045.63 5615 478.173 5136.82 5995.17 1533.8 946.743 712.628 31.6129 18.4952 587.058 572.771 515.333 154.961 139.716 15.6618 15107.4 2911.17 1258.09
internal_count=231852 38531 10528 28003 16283 7228 11720 7184 193321 100543 62099 60979 48462 4938 43524 38444 9769 6034 4582 192 111 3735 3642 7113 1394 1257 133 92778 20621 8711
cat_boundaries=0 1 2 3 4 5
cat_threshold=11740960 20997 8455713 342 9314415
is_linear=0
shrinkage=0.04


Tree=100
num_leaves=31
num_cat=7
split_feature=30 29 10 15 22 17 22 23 22 3 10 17 30 17 25 22 30 32 24 29 3 17 22 3 17 30 22 33 25 15
split_gain=15.7764 12.493 10.4435 14.2807 19.7092 11.1291 10.3208 10.4616 13.4703 11.1543 12.0759 11.7124 10.5293 9.62056 9.59916 14.9586 10.8306 9.83332 12.201 9.71659 9.89655 9.69774 12.338 9.46196 16.2586 10.7126 9.21414 10.7923 10.5847 9.87971
threshold=-2.7274999999999991 1.0000000180025095e-35 3.5000000000000004 0.2181666666666667 0 0.096329365079365084 1 49.100000000000009 2 0.087610053427646939 2.5000000000000004 0.39884259259259269 -0.42999999999999922 0.20013227513227516 23.085833333333337 3 2.4208333333333338 7.2350000000000012 62.085000000000008 6.1750000000000007 0.13276172290970517 0.17976190476190482 4 0.092805254687024247 0.11666666666666665 1.5233333333333341 5 6 26.932500000000001 0.13788888888888895
decision_type=2 2 2 10 1 10 1 2 1 10 2 10 2 8 2 1 2 2 2 2 8 8 1 10 10 2 1 1 2 10
left_child=1 -1 6 26 5 -5 -2 14 12 -10 23 -12 -9 -7 -8 -16 17 18 19 -17 -21 22 -19 24 -11 -26 27 -4 -29 -30
right_child=2 -3 3 4 -6 13 7 8 9 10 11 -13 -14 -15 15 16 -18 21 -20 20 -22 -23 -24 -25 25 -27 -28 28 29 -31
leaf_value=0.018238391223403295 -0.0026323975386569171 -0.023728909364442108 -0.0013428967664727111 -0.0011797016682173289 -0.013877275222503349 0.04229776150277003 0.0011629733726860457 0.051885691607340613 -0.0066282245162772148 0.046817452511323146 -0.010272120302172415 0.030051323844526263 0.0018537919499940988 -0.01427480749320976 -0.0025283221955217554 0.0061348077274820381 -0.031470449640685828 -0.008408198439229379 0.034860358444195473 0.024795258320765848 -0.00498154714575529 -0.0094899923058723006 0.020521299884316151 0.00221272599355637 0.023775622717391053 -0.03164930479865883 -0.0012517000855177143 0.0020377743108644306 -0.00049363556603727052 0.021404131839365789
leaf_weight=13.457095065154133 1366.8484671041369 72.453254689462483 1868.0882404027507 191.44856412801892 292.43557520397007 18.186604499816895 12054.615667694248 6.7750515304505816 895.76054482907057 21.408555306494236 184.04124891012907 12.295253209769724 1015.3520353585482 6.5388463996350792 249.64922117814422 223.99478691071272 10.196991488337515 33.831483215093613 38.615157078951597 108.40082894265652 21.381045877933502 69.480585090816021 52.491506651043892 364.17801968753338 12.039416730403902 10.399000272154806 9359.4402054352686 2407.2867529029027 52.339505031704903 89.060104828327894
leaf_count=435 9913 5036 13826 1902 2796 125 89829 54 5401 133 1143 67 6024 43 1518 1333 56 208 229 603 120 385 320 2156 73 56 69201 17972 305 522
internal_value=-3.76054e-05 -0.0171551 9.77642e-06 -0.000784805 -0.00736699 0.00198988 0.000687345 0.000983354 -0.00137151 -0.00376994 0.000404126 -0.00774693 0.00216425 0.0273367 0.00144589 0.00566645 0.00921055 0.0101353 0.013511 0.0111807 0.0198896 0.00163342 0.0105866 0.00432631 0.021881 -0.00191085 -0.000541795 0.000963195 0.00265211 0.0132986
internal_weight=31122.5 85.9103 31036.6 14284.8 508.61 216.174 16751.8 15384.9 2522.25 1500.12 604.361 196.337 1022.13 24.7255 12862.7 808.042 558.392 548.195 392.392 353.777 129.782 155.804 86.323 408.025 43.847 22.4384 13776.2 4416.77 2548.69 141.4
internal_count=231784 5471 226313 106692 4866 2070 119621 109708 15107 9029 3628 1210 6078 168 94601 4772 3254 3198 2285 2056 723 913 528 2418 262 129 101826 32625 18799 827
cat_boundaries=0 1 2 3 4 5 6 7
cat_threshold=12640993 262656 1095986 106913 2115654 6591042 44
is_linear=0
shrinkage=0.04


Tree=101
num_leaves=31
num_cat=3
split_feature=1 6 22 21 22 11 15 30 30 5 29 17 8 6 9 5 17 32 24 9 22 8 5 9 16 2 15 11 0 29
split_gain=21.7797 16.7317 16.0189 17.909 14.4418 13.6089 20.3925 9.86054 12.457 15.5011 10.3884 14.9362 9.85541 22.3475 9.07322 12.6053 11.4216 18.929 23.0481 13.2652 10.0295 11.7794 12.8778 15.0494 10.4923 10.3497 10.2248 10.1914 10.1663 10.0225
threshold=5.5000000000000009 -0.031666666666666725 0 1.0000000180025095e-35 1 31.500000000000004 0.13788888888888895 -0.95333333333333325 -0.90083333333333282 6.8550000000000013 6.2250000000000005 -0.29976851851851843 42.285000000000004 -0.10999999999999986 13.176666666666666 6.9350000000000014 0.20000000000000001 5.285000000000001 44.380000000000003 18.700000000000003 2 28.485000000000003 6.7950000000000008 -3.2763333333333295 0.89444444444444449 23.895000000000003 0.19816666666666671 56.500000000000007 0.17208432069510274 4.4050000000000011
decision_type=2 2 1 10 1 2 8 2 2 2 2 10 2 2 2 2 10 2 2 2 1 2 2 2 8 2 10 2 10 2
left_child=-1 4 7 -4 -2 6 -6 -3 9 -9 -10 -12 -7 -14 15 20 17 -16 19 -19 24 22 23 28 27 -25 -23 -5 -22 -24
right_child=1 2 3 14 5 12 -8 8 10 -11 11 -13 13 -15 16 -17 -18 18 -20 -21 21 26 29 25 -26 -27 -28 -29 -30 -31
leaf_value=0.00033970073357241415 -0.0050581421692045946 -0.01540748126226912 -0.013411460107639286 -0.010234317229499711 0.043015377788439599 -0.0014316510487205889 0.0077459289732482173 0.13453375190386235 0.0048166857217645477 -0.0081974083763851797 0.062582808268054638 -0.0061756141655203234 0.1029406125732919 0.0097186502933530369 -0.012849823184144018 -0.01655669740827562 -0.015227866971684066 0.11400927517899756 0.002230268154322063 0.029780722611922772 0.029407205202283123 -0.00090053682590941742 0.071479055930123284 0.022281250702183106 0.042241076091558097 0.10392651890260439 -0.032147636146616643 0.033807580745917547 -0.026846777022016429 -0.0013833921577659767
leaf_weight=28141.474694750272 268.8208670290187 63.306875222362578 522.40291419718415 333.40384996589273 36.252301536500454 241.7100471612066 94.873943755403161 2.4920843690633765 404.15532010421157 2.3802086766809225 5.142743505537509 295.71662793308496 4.4896252937614909 49.236330449581146 13.798753255978225 131.45351006276906 17.171480141580105 7.9670513048768061 10.436235684901474 4.7905810233205557 21.532979888841513 272.37061852961779 3.1723795728757969 4.0669250544160587 6.4835683926939955 6.3832714213058352 17.85365797393024 8.6241212449967843 6.7518901247531167 63.118448218330741
leaf_count=192733 3125 2531 10164 3793 362 2282 1403 56 5230 60 56 2416 38 437 190 1619 118 77 92 53 228 3007 78 46 44 68 248 118 95 689
internal_value=-1.50538e-06 -0.00328947 -0.0049821 -0.00743456 0.00212632 0.00661744 0.0174968 -0.000277501 0.00106786 0.0648068 0.000627369 -0.00500029 0.00201272 0.0175088 -0.00415495 -0.00513815 0.0117322 0.0242467 0.0463166 0.0823809 -0.00312002 0.00129839 0.0128102 0.0311337 -0.00794041 0.0721525 -0.00282276 -0.00912382 0.0159788 0.00210348
internal_weight=31061.8 2920.36 2224.98 1451.78 695.383 426.562 131.126 773.194 709.887 4.87229 705.015 300.859 295.436 53.726 929.379 875.215 54.1641 36.9926 23.1939 12.7576 743.762 395.25 105.026 38.7351 348.512 10.4502 290.224 342.028 28.2849 66.2908
internal_count=231456 38723 31076 20727 7647 4522 1765 10349 7818 116 7702 2472 2757 475 10563 10033 530 412 222 130 8414 4459 1204 437 3955 114 3255 3911 323 767
cat_boundaries=0 1 2 3
cat_threshold=51247 5473603 10749584
is_linear=0
shrinkage=0.04


Tree=102
num_leaves=31
num_cat=10
split_feature=1 0 30 31 22 9 8 11 17 22 9 31 7 22 18 33 22 23 22 14 23 19 22 17 23 22 22 7 22 2
split_gain=15.2854 19.4275 21.2685 23.6798 17.1076 22.6332 15.0645 11.8462 12.2535 12.1866 16.3463 14.3233 18.6106 17.0645 12.534 11.7942 11.4874 11.4705 10.8095 10.693 9.92136 11.6418 14.2534 10.5217 20.7945 14.7854 11.5786 10.7737 10.4812 11.1349
threshold=3.5000000000000004 0.17034702151573541 -0.52166666666666595 3.5000000000000004 0 8.9316666666666684 25.535000000000004 32.500000000000007 -0.28320105820105806 1 27.417500000000008 1.5000000000000002 3.5000000000000004 2 2.5000000000000004 3 4 40.235000000000007 5 3.5857142857142863 12.805000000000001 0.36666666666666675 6 -0.13333333333333333 3.4000000000000008 7 8 3.5000000000000004 9 38.135000000000012
decision_type=2 8 2 2 1 2 2 2 10 1 2 2 2 1 10 1 1 2 1 10 2 10 1 10 2 1 1 2 1 2
left_child=7 20 3 -3 5 -4 -5 8 16 10 11 12 -9 -14 -12 18 -1 -15 -10 -16 23 22 -22 26 -25 -26 -2 -28 29 -23
right_child=1 2 4 6 -6 -7 -8 9 15 -11 14 -13 13 17 19 -17 -18 -19 -20 -21 21 28 -24 24 25 -27 27 -29 -30 -31
leaf_value=0.00290781882230776 -0.017909196410174709 0.04865786447832398 2.6739712996381292e-05 -0.017520784477945611 -0.0045179623957561071 0.016220208558772285 -0.006064165068015469 -0.0058213633513776253 0.0036579717982536428 0.0006164220078518968 0.002400155249007154 0.0041473551512112199 0.019965493305860608 0.020876460646161582 0.07370081896211389 -0.0029582291239202041 -0.018394062104281163 -0.0040339879287014917 -0.0014141351019369452 0.020543801553740117 -0.0060605529608180591 0.0070045911599787404 2.8607223795168733e-05 0.12120396123029892 -0.01287731934938895 0.030029856200858834 0.031784372046456427 -0.0091905551589713912 0.00014737997087418508 -0.0030337145033756526
leaf_weight=64.12457325309515 22.128200989216566 11.887876339256762 1187.9539784938097 222.3428808869794 1301.754336271435 156.26305166259408 1054.9107136521488 577.65487462282181 1361.6018774136901 9967.2202833574265 17.630955517292023 3309.3022104762495 89.580229610204697 35.124836012721062 11.934272550046446 1872.1370765995234 108.66709771379828 187.22314861416817 1312.6711672283709 12.289989136159418 975.64027708768845 771.70072052441537 1645.4600708596408 3.413323792628943 15.721965182572601 28.971797512844205 25.821800673380494 17.044111949391663 4476.6660638544708 229.34561401978135
leaf_count=573 634 123 10022 4735 11250 1179 20101 3395 8562 60430 98 19935 476 197 66 11904 948 1029 8324 77 9206 5689 15084 80 232 442 640 507 33830 1719
internal_value=9.57873e-05 -0.00101162 -0.0033225 -0.00753551 -0.00126988 0.00189511 -0.00805852 0.000806496 -0.000929856 0.00138323 0.00317655 0.00293609 -0.00156989 0.00630336 0.0280578 -0.000532496 -0.011385 -9.45722e-05 0.00117233 0.046732 9.57447e-05 -6.85586e-05 -0.00226095 0.011861 0.0260418 0.0187742 0.00136466 0.0125617 0.000980505 0.00465822
internal_weight=31074.2 12147 3935.11 1289.14 2645.97 1344.22 1277.25 18927.2 4719.2 14208 4240.74 4198.89 889.583 311.928 41.8552 4546.41 172.792 222.348 2674.27 24.2243 8211.91 8098.81 2621.1 113.101 48.1071 44.6938 64.9941 42.8659 5477.71 1001.05
internal_count=231487 115473 47410 24959 22451 11201 24836 116014 30311 85703 25273 25032 5097 1702 241 28790 1521 1226 16886 143 68063 65528 24290 2535 754 674 1781 1147 41238 7408
cat_boundaries=0 1 2 3 4 5 6 7 8 9 10
cat_threshold=1633327 10487396 8388672 143 15769684 12519977 3229281 11796936 9055760 1067010
is_linear=0
shrinkage=0.04


Tree=103
num_leaves=31
num_cat=6
split_feature=1 18 7 22 9 23 14 30 22 26 25 3 22 17 24 17 3 5 22 2 22 17 25 15 22 3 25 19 25 17
split_gain=17.3268 26.4134 30.0386 19.5693 19.545 17.0169 16.5716 15.0773 13.9587 11.5358 23.1195 13.7829 18.391 17.5206 12.7947 11.5237 11.3627 11.2937 16.2215 11.7275 11.2883 11.183 12.0324 12.0131 11.5773 11.1466 12.796 11.0683 10.9906 12.5772
threshold=2.5000000000000004 2.5000000000000004 1.5000000000000002 0 -7.7575000000000012 45.70000000000001 3.6125000000000003 0.49000000000000049 1 2.5000000000000004 -3.9525000000000001 0.061463961901273019 2 -0.022222222222222237 46.370000000000012 -0.28353174603174591 0.11239279303237819 6.7650000000000006 3 40.315000000000005 4 -0.21111111111111103 17.814166666666676 0.1152777777777778 5 0.093242293843857044 -18.884166666666662 1.0000000180025095e-35 -7.7716666666666621 -0.014814814814814821
decision_type=2 8 2 1 2 2 8 2 1 2 2 10 1 10 2 10 10 2 1 2 1 10 2 10 1 10 2 8 2 8
left_child=5 9 3 -3 -4 17 8 -5 15 10 -2 -11 13 -13 -14 -6 25 -1 19 -19 -16 22 24 -24 -7 26 -15 -9 29 -29
right_child=1 2 4 7 6 21 -8 27 -10 11 -12 12 14 16 20 -17 -18 18 -20 -21 -22 -23 23 -25 -26 -27 -28 28 -30 -31
leaf_value=0.00014319820326978182 0.072904982115309491 -0.0028813949944188318 -0.0080134075240042898 0.0034470590433200777 -0.039034446741774503 0.018943462579059364 -0.0040927375380322914 0.034902098430672386 -0.002024453928293 -0.0036544993685291532 0.0022279797737758686 0.049193305476083984 0.003920498878183091 0.015514037630968593 0.016605993643859153 0.0038282321364038713 -0.013071066462919367 0.008478641955165702 0.0020268843313380339 -0.0017506687398872736 -0.012656535625837378 -0.0017477345539578988 0.010863539577973289 0.074493785723279679 -0.0087171090288113897 0.0078690014314124687 -0.0090618889850322317 0.0074495204333147368 0.008287136668926472 0.064113371756194817
leaf_weight=3044.0327491723001 7.4170407354831687 566.89488931372762 1083.6700409259647 724.11249205470085 10.127358270809053 36.067907676100731 3714.2583862943575 36.827791646122932 2273.544366279617 1479.0531170107424 4675.5733429342508 9.5273186918348056 1884.2208796106279 38.771950155496597 17.370590016245842 1110.3683764431626 211.40391688421369 1192.601945778355 5048.3843694608659 211.05596220120788 120.77456305921078 2913.1651228964329 10.201872214674951 8.8790678307414037 43.508138716220856 133.33035127073526 269.65556405670941 12.301809698343275 207.93901453912258 12.777083687484266
leaf_count=18773 50 4994 11556 7189 106 224 42743 220 18655 10800 27844 90 14047 297 127 9043 1577 7340 31451 1299 829 17815 65 55 271 993 1972 77 1198 77
internal_value=0.000169404 -0.000604739 -0.0020404 0.00304526 -0.0030094 0.0013206 -0.00224653 0.00639018 -0.000226131 0.0009779 0.00233992 -0.000553839 0.00115415 -0.00458978 0.00304396 0.00341039 -0.00544456 0.0021515 0.00309901 0.00689145 -0.00869113 -0.00129919 0.0119456 0.040473 0.00510517 -0.00179488 -0.00597249 0.0145246 0.011304 0.0363184
internal_weight=31107.8 18599.9 9752.82 1560.85 8191.97 12507.9 7108.3 993.958 3394.04 8847.1 4682.99 4164.11 2685.06 662.689 2022.37 1120.5 653.162 9496.08 6452.04 1403.66 138.145 3011.82 98.657 19.0809 79.576 441.758 308.428 269.846 233.018 25.0789
internal_count=231777 154484 95858 13755 82103 77293 70547 8761 27804 58626 27894 30732 19932 4929 15003 9149 4839 58863 40090 8639 956 18430 615 120 495 3262 2269 1572 1352 154
cat_boundaries=0 1 2 3 4 5 6
cat_threshold=4638225 8422633 733440 4211237 4194368 12687651
is_linear=0
shrinkage=0.04


Tree=104
num_leaves=31
num_cat=5
split_feature=1 32 10 22 16 8 22 22 24 1 20 13 22 13 27 3 11 11 23 17 17 30 22 15 6 2 15 15 15 17
split_gain=14.2336 25.4231 26.3035 18.3118 26.6685 22.1654 17.6279 15.6787 15.4461 15.3801 22.6724 19.1641 25.3906 19.8439 18.4744 16.9832 15.5316 14.8697 14.5255 14.2679 13.826 13.8022 13.7008 13.5604 13.4474 14.0398 12.6521 12.6218 12.158 12.0633
threshold=2.5000000000000004 6.5950000000000006 3.5000000000000004 0 0.89444444444444449 41.465000000000011 1 2 51.915000000000006 1.5000000000000002 0.18333333333333338 1.5000000000000002 3 9.5000000000000018 2.5000000000000004 0.12433832796527099 32.500000000000007 57.500000000000007 12.805000000000001 -0.22394179894179889 -0.32018518518518507 -0.70333333333333259 4 0.13950000000000007 0.017083333333333343 32.875000000000007 0.22050000000000006 0.11050000000000003 0.13292857142857148 -0.22662698412698407
decision_type=2 2 2 1 10 2 1 1 2 2 10 2 1 2 2 8 2 2 2 10 8 2 1 10 2 2 10 8 8 10
left_child=9 2 7 4 -3 8 -4 29 -6 10 16 12 15 -13 -12 -11 -1 27 -18 -14 24 26 28 -8 -20 -26 -9 -15 -22 -2
right_child=1 3 6 -5 5 -7 23 21 -10 11 14 13 19 17 -16 -17 18 -19 20 -21 22 -23 -24 -25 25 -27 -28 -29 -30 -31
leaf_value=-0.0037167635647163016 -0.010529736369753621 0.0047901113916072185 -0.0063147396233285994 -9.4574764999525118e-05 0.0085674975070414699 -0.021193828977654969 0.001884425688514654 -0.001896172895289702 0.068282294377061584 0.024403015376723538 -0.0061932195124342771 7.6269924069323161e-05 0.039763055373498064 -0.0089898961259408747 0.00044498545331440978 -0.0033904969101253004 0.02391538972200349 -0.018592097208839014 0.010225542622518775 -9.8943914249994129e-05 -0.0072865322642486621 0.0025129076099595477 -0.00057436576071717639 -0.0032465664915499533 0.016071028378652527 0.093184005100292747 -0.021168789774224452 0.0064066835906709174 0.0074884136532438143 -0.0014136440832465348
leaf_weight=637.46626806072891 249.17968043964356 1319.0382286589593 2291.9299015328288 2292.2409563362598 9.6784778945147973 8.4055366292595846 1090.4972441084683 710.53714118152857 24.411638129502535 197.76969499513507 1544.3708354532719 4534.4995717126876 15.040060114115475 89.808957904577255 1185.8734677135944 42.786680225282907 53.708137825131416 41.56757515668869 37.000519976019859 320.95412014052272 99.516122050583363 3702.2492771111429 1163.4426044598222 3373.7568538803607 7.4820389971137029 7.6301720142364502 59.028299052268267 1656.613568322733 852.26088270545006 3419.9322392530739
leaf_count=4644 3851 8215 21019 14704 56 45 8817 10241 131 1094 11202 25747 101 451 8234 247 405 245 249 1774 655 26458 7601 31833 55 55 1316 8916 5425 27634
internal_value=-0.000187398 -0.000890189 -0.00162354 0.00209982 0.00575268 0.036984 -0.00346856 -9.23497e-05 0.0513287 0.000856614 -0.000703058 0.00212007 0.00910135 0.00148344 -0.00330993 0.0186829 0.00178685 0.00505215 0.00336645 0.00163668 0.00285723 0.00149639 0.00235577 -0.00198875 0.0232113 0.0550055 -0.00337445 0.00561492 0.00588177 -0.00202722
internal_weight=31038.7 18550.9 14897.1 3653.77 1361.53 42.4957 6756.18 8140.93 34.0901 12487.8 5588.75 6899.04 576.551 6322.49 2730.24 240.556 2858.51 1787.99 2221.04 335.994 2167.33 4471.81 2115.22 4464.25 52.1127 15.1122 769.565 1746.42 951.777 3669.11
internal_count=231420 154320 131169 23151 8447 232 61669 69500 187 77100 38525 38575 3216 35359 19436 1341 19089 9612 14445 1875 14040 38015 13681 40650 359 110 11557 9367 6080 31485
cat_boundaries=0 1 2 3 4 5
cat_threshold=9800896 10633396 7834369 3319712 4949533
is_linear=0
shrinkage=0.04


Tree=105
num_leaves=31
num_cat=3
split_feature=14 1 12 9 31 6 3 33 0 13 34 19 29 2 11 3 30 31 25 30 21 3 33 13 6 2 15 5 13 6
split_gain=15.8768 10.7411 19.5128 26.0298 18.8667 16.3764 14.0573 12.4706 11.6859 11.4922 11.201 10.7682 17.285 10.4056 10.0417 14.7137 12.0435 14.0197 12.4091 12.0063 10.8051 13.1581 14.4963 12.7675 11.6823 11.5868 10.4674 9.52112 14.1372 9.69466
threshold=5.4722222222222232 2.5000000000000004 0 8.1836666666666691 1.5000000000000002 -0.028333333333333762 0.078157150205761333 1 0.21699206349206351 1.5000000000000002 9.5000000000000018 0.29166666666666669 5.455000000000001 49.860000000000007 28.500000000000004 0.066790582403965307 -0.20166666666666686 2.5000000000000004 -23.83733333333333 1.9300000000000002 0.36666666666666675 0.044809584365169672 2 9.5000000000000018 0.065000000000000849 25.355000000000004 0.23527777777777781 6.9150000000000009 4.5000000000000009 0.089166666666666408
decision_type=10 2 1 2 2 2 8 1 8 2 2 8 2 2 2 10 2 2 2 2 10 10 1 2 2 2 8 2 2 2
left_child=1 4 11 14 5 -1 7 10 -5 -8 -6 -3 -13 -9 15 19 17 -16 -19 -4 -20 -22 -23 24 25 -24 -17 28 29 -11
right_child=-2 2 3 8 6 -7 9 13 -10 27 -12 12 -14 -15 16 26 -18 18 20 -21 21 22 23 -25 -26 -27 -28 -29 -30 -31
leaf_value=-0.0062423417942806935 -0.015422557946548886 -0.0020819646049157012 -0.0044421336748966221 0.0036722738075050708 0.0060965440999608492 0.00036954315964428749 0.0066642484460943856 0.0023267287818801753 -0.017606785373172198 -0.005524055473732541 0.05215705300826666 0.044959496628668959 0.0021302027152215706 -0.0095551122848973012 0.0660016416836465 0.0032469062418037228 -0.0016596686699444467 -0.013558998739940471 -0.0049820526800255123 0.040454850668910344 -0.013689670120309996 -0.0057475612767684094 -0.0057508279178878933 0.0036788390363981117 -0.026094327816388457 0.037458269611007088 -0.018469809080592727 0.0034336868537943343 0.00030256867052942714 0.043582584371152269
leaf_weight=964.49282889813185 106.71737331431359 1138.5927987508476 844.2693142760545 1675.728607872501 1434.1148145273328 1583.2015941888094 400.0202471986413 3575.3409120738506 42.336424049921334 1041.1082510519773 8.4973930567502958 15.127878636121748 4458.2000364940614 121.95121674239635 4.4762292429804793 1398.9954470023513 5750.578302886337 241.06761927343905 2574.7371293446049 9.6388071030378324 62.831125991418958 95.32345737144351 11.874367808923123 88.392380986362696 6.3756509106606236 60.628483006730676 36.436660599894822 833.99864559806883 2537.5576076637954 6.4723787531256667
leaf_count=6439 5264 7914 7808 13649 8674 9561 2386 21706 495 6527 51 111 27408 744 31 15652 40429 3070 29123 49 609 954 124 893 77 570 715 5253 15670 45
internal_value=-2.04991e-05 3.24842e-05 -0.000579231 -0.00143501 0.000938097 -0.00213355 0.00172388 0.00317903 0.00314792 0.000171867 0.00632402 0.00138858 0.00227504 0.0019296 -0.00214022 0.000222338 -0.00274819 -0.00473808 -0.00483888 -0.00393534 -0.00411405 0.00275354 0.00668792 0.0133218 0.0258167 0.0303816 0.00269565 -0.000415824 -0.00131132 -0.00522065
internal_weight=31129.1 31022.4 18515.6 12903.7 12506.8 2547.69 9959.06 5139.9 1718.07 4819.16 1442.61 5611.92 4473.33 3697.29 11185.6 2289.34 8896.28 3145.71 3141.23 853.908 2900.16 325.425 262.594 167.271 78.8785 72.5029 1435.43 4419.14 3585.14 1047.58
internal_count=232001 226737 149681 114248 77056 16000 61056 31175 14144 29881 8725 35433 27519 22450 100104 24224 75880 35451 35420 7857 32350 3227 2618 1664 771 694 16367 27495 22242 6572
cat_boundaries=0 1 2 3
cat_threshold=1 5 49
is_linear=0
shrinkage=0.04


Tree=106
num_leaves=31
num_cat=4
split_feature=1 31 22 30 19 11 30 23 22 15 5 30 8 22 11 20 20 11 15 20 7 32 22 2 29 18 7 25 5 25
split_gain=14.9051 20.1485 18.7603 14.3671 14.1671 13.7403 11.8291 18.5936 15.0888 11.5908 13.7628 13.3128 14.7589 11.0567 12.854 15.6663 15.1384 11.0048 26.6598 11.9807 10.6345 10.196 10.7884 9.7922 9.70988 10.6644 21.5821 10.9146 12.2301 12.1513
threshold=4.5000000000000009 4.5000000000000009 0 -0.81916666666666671 0.45000000000000007 48.500000000000007 1.583666666666667 57.025000000000013 1 0.17950000000000005 6.6550000000000011 -0.58333333333333248 28.075000000000003 2 44.500000000000007 1.0000000180025095e-35 0.10555555555555557 22.500000000000004 0.11732142857142859 1.0000000180025095e-35 2.5000000000000004 6.8250000000000011 3 23.665000000000003 1.7950000000000002 5.5000000000000009 1.5000000000000002 -24.240833333333327 6.7650000000000006 -17.940833333333327
decision_type=2 2 1 2 8 2 2 2 1 8 2 2 2 1 2 10 8 2 10 10 2 2 1 2 2 10 2 2 2 2
left_child=-1 3 -3 4 5 -2 7 8 -5 10 -4 12 -11 -13 -15 -16 -17 18 19 -12 -10 -9 -23 -22 -20 -26 -27 -28 -29 -30
right_child=1 2 9 6 -6 -7 -8 21 20 11 17 13 -14 14 15 16 -18 -19 24 -21 23 22 -24 -25 25 26 27 28 29 -31
leaf_value=0.00050232694690057855 0.031572693137798681 -0.012070528666330191 0.029492568940323063 0.001676200049761949 0.1004018915815911 -0.031955044263130859 0.0039158652536819124 -0.026885012970391781 0.00043744900674970487 -0.02893880696215597 0.042351844253856498 -0.0089680109686906279 -0.0072421972489397947 0.0048193352432693839 0.0045109723545186447 0.13844959855650715 0.034593143963496498 -0.0021471052496036588 -0.025360893975325149 0.18035598276537518 -0.013276861498379616 0.012076460897477723 -0.014880827203291957 -0.0037997970666152538 0.0056283396677065745 0.19087408442945555 -0.02098777456442719 0.17437259610590189 -0.041537681855684794 0.11074583099709365
leaf_weight=24188.921986585483 23.057666486129168 489.12315098196268 25.527332414872944 1964.5012334436178 3.6106469165533772 7.1324651837348929 779.72430568933487 66.712818615138531 906.79377379268408 66.686671462841332 1.8961704885587085 39.498638495802879 202.46271186042577 25.583893075585365 6.6999352462589732 4.3897766508161995 4.5974416956305513 558.43070545140654 10.51233839523047 2.1452192971482873 199.63676641881466 29.086042411625385 56.055369112640619 1382.2751624509692 29.046596292406321 1.546223985031246 3.8896826226264229 1.2924234215170134 1.7939700940623868 1.5738907158374797
leaf_count=154693 413 10284 358 17104 53 115 4244 502 7774 1930 61 566 5561 366 104 61 64 9425 837 37 1951 221 426 13577 623 42 134 31 59 47
internal_value=3.46725e-05 -0.00160588 -0.00574781 -0.0004771 0.0255198 0.0165642 -0.000640285 -0.00141173 -0.000942372 -0.00246909 0.000716053 -0.0083439 -0.0126179 0.00589849 0.0179502 0.0508076 0.0853215 -0.000484004 0.0168118 0.115606 -0.00300405 -0.0151758 -0.00600105 -0.0049958 0.00877105 0.0179377 0.0533514 0.028481 0.0697699 0.0296284
internal_weight=31084.2 6895.28 1476.7 5418.59 33.8008 30.1901 5384.79 4605.06 4453.21 987.574 637.655 349.919 269.149 80.7697 41.271 15.6872 8.98722 612.127 53.6965 4.04139 2488.71 151.854 85.1414 1581.91 49.6551 39.1428 10.0962 8.54997 4.66028 3.36786
internal_count=231663 76970 30590 46380 581 528 45799 41555 40406 20306 11654 8652 7491 1161 595 229 125 11296 1871 98 23302 1149 647 15528 1773 936 313 271 137 106
cat_boundaries=0 1 2 3 4
cat_threshold=659044 1598495 9798016 3181536
is_linear=0
shrinkage=0.04


Tree=107
num_leaves=31
num_cat=2
split_feature=14 15 7 22 32 9 14 13 2 34 9 14 9 30 5 11 25 0 0 27 0 29 32 27 0 25 3 15 22 2
split_gain=13.02 11.4462 11.0423 16.3 11.9516 10.9349 10.3834 12.6798 9.76101 8.83391 10.6429 9.67467 11.1856 15.753 16.2862 11.7872 9.79878 10.1291 9.29317 9.93423 8.72978 11.3408 9.96766 8.14536 8.64758 7.94228 7.15523 14.7853 7.08172 14.5749
threshold=5.6125000000000007 0.16612500000000005 5.5000000000000009 0 4.4750000000000005 -0.51000000000000323 4.1055555555555561 1.5000000000000002 33.945000000000007 8.5000000000000018 2.1083333333333365 4.354166666666667 0.52666666666666562 -0.59666666666666635 6.8250000000000011 44.500000000000007 22.227500000000006 0.18679128814348944 0.15525677655677658 2.5000000000000004 0.16672200027552006 4.035000000000001 4.6750000000000007 1.0000000180025095e-35 0.18140268896540421 6.0316666666666707 0.33265856950067479 0.1589444444444445 1 38.230000000000011
decision_type=10 10 2 1 2 2 8 2 2 2 2 10 2 2 2 2 2 10 10 2 8 2 2 2 10 2 10 8 1 2
left_child=2 28 -1 6 5 23 8 20 -4 11 -11 16 18 -14 -15 -16 -6 -18 19 -13 21 -8 -23 24 -5 -20 -7 -28 -2 -30
right_child=1 -3 3 4 9 26 7 -9 -10 10 -12 12 13 14 15 -17 17 -19 25 -21 -22 22 -24 -25 -26 -27 27 -29 29 -31
leaf_value=0.00017599338296007063 -0.013597455213444779 -0.028593070664233663 -0.0068548413535549696 -0.0027753864248298548 -0.00039767501045573117 -0.00014991449687683724 0.088871157855960989 -0.015612073696618774 0.00011153084410760055 0.0056515974975322406 0.066122895053851341 0.0034132832866801154 -0.0084594509450360757 0.10816279972493786 -0.0061633613181297422 0.072072018620273556 0.0074954743115024404 0.051209556518267654 0.0093282864570933578 0.078482564339199062 -0.0055594093217901045 -0.03105060812399835 0.045902114579600174 -0.012415501309278645 0.072169365715437611 -0.025671810386642128 0.13135092032530937 -0.013517397932430042 0.0329395389901685 0.17781794405845339
leaf_weight=27427.151487982832 7.1784073766320944 45.198853403329849 713.48176653683186 7.2023181263357383 1177.2994657251984 259.95018096547574 4.1559102088212958 243.86818632110953 586.22393338754773 12.234374191612007 7.5184752233326426 6.3299641609191877 8.7829055972397345 6.414981052279475 6.7275602556765062 5.6849271468818188 167.65417655184865 8.9328907765448076 28.115684384480119 5.0873613618314266 26.256016286090016 4.9063959643244726 5.9704045057296753 243.15768169704825 3.7438951060175896 16.438746768981218 2.0152796730399123 2.5579321905970573 4.7613024543970806 1.4491665884852407
leaf_count=196776 330 2888 5806 70 9245 2736 53 3037 4791 89 50 58 114 56 59 51 1003 57 305 44 290 45 49 2813 50 148 28 61 254 62
internal_value=-0.000131689 -0.0189704 -9.60709e-05 -0.0021917 0.000243524 -0.00496996 -0.00519645 -0.0121414 -0.0037127 0.00210068 0.0286686 0.0017356 0.0149429 0.0357773 0.0564134 0.0296685 0.00092025 0.00970681 0.00466546 0.0368628 0.00835773 0.0326653 0.0111897 -0.010896 0.0228577 -0.00358531 0.000722666 0.0503218 0.0135142 0.0255713
internal_weight=31046.5 58.5877 30987.9 3560.71 1975.85 518.627 1584.86 285.157 1299.71 1457.22 19.7528 1437.47 83.5821 27.6104 18.8275 12.4125 1353.89 176.587 55.9718 11.4173 41.2887 15.0327 10.8768 254.104 10.9462 44.5544 264.523 4.57321 13.3889 6.21047
internal_count=231418 3534 227884 31108 17037 5758 14071 3474 10597 11279 139 11140 835 280 166 110 10305 1060 555 102 437 147 94 2933 120 453 2825 89 646 316
cat_boundaries=0 1 2
cat_threshold=11507856 11359018
is_linear=0
shrinkage=0.04


Tree=108
num_leaves=31
num_cat=7
split_feature=14 1 7 22 12 23 22 23 29 25 22 15 24 15 0 22 22 22 32 2 18 23 17 18 16 20 16 16 17 25
split_gain=16.1947 10.6852 16.1099 25.4434 14.2444 12.8676 11.9229 11.3544 18.6925 14.9455 11.2648 10.916 10.7158 18.1798 13.8807 16.7301 12.3384 11.6527 11.8423 11.13 15.5108 11.7188 10.5999 10.4484 14.7978 10.291 10.0812 9.92912 11.0143 9.36071
threshold=5.4722222222222232 3.5000000000000004 4.5000000000000009 0 1 32.570000000000007 2 10.360000000000001 3.4450000000000007 11.453666666666669 3 0.20527777777777781 23.550000000000004 0.12050000000000001 0.14780052356020948 4 5 6 6.4150000000000009 35.385000000000012 1.5000000000000002 53.305000000000007 0.41696428571428584 2.5000000000000004 0.13392857142857145 0.5277777777777779 0.2678571428571429 0.11805555555555557 -0.17589947089947083 30.089166666666671
decision_type=10 2 2 1 1 2 1 2 2 2 1 8 2 8 10 1 1 1 2 2 10 2 10 8 10 8 10 8 10 2
left_child=1 10 4 -4 5 -3 25 8 9 -8 -1 27 13 -7 16 -16 -15 29 -19 20 22 26 -20 24 -9 -6 -22 28 -10 -14
right_child=-2 2 3 -5 6 12 7 23 11 -11 -12 -13 17 14 15 -17 -18 18 19 -21 21 -23 -24 -25 -26 -27 -28 -29 -30 -31
leaf_value=-0.0012352574717077425 -0.015795645268323437 0.040697244640207568 -0.0069378504656349392 -0.00013296024466853768 -0.0038090053032932111 -0.016065860158911951 0.004227634909403595 0.047574115599089584 0.059808668685164143 0.10562937672013765 0.0011393326338483474 -0.0093232917958846143 0.0035834672301296366 -0.0065896448007989753 0.025053182785128057 -0.0074739757603746893 0.034749051479444168 -0.0053777129332303756 -0.0045667179973925658 -0.0034696043063835846 0.034878600041189332 -0.0016746585167475452 0.01550667683048791 -0.0022355762604459534 0.0015285768566975846 -0.027225751589129991 0.012240384894878747 0.03298229226448722 0.16823682573346221 0.016466791964851523
leaf_weight=4065.9317377563566 103.74395875679329 13.954599883407353 1570.9552884278819 1992.1569983735681 1369.7017162162811 32.778659969568253 133.51819501630962 11.236053474247454 3.4885967802256337 2.3668548800051203 14833.901600858197 3.5100721791386613 931.80469243228436 17.074210986495018 31.562587283551693 58.305856071412563 58.688776876777411 554.40487255528569 256.86377969756722 384.94840123131871 37.236777041107416 83.156437739729881 50.338505178689957 2306.3030919153243 1820.5508034601808 30.700894126668572 203.35772830620408 5.6886733062565336 2.6282904148101771 99.909693688154221
leaf_count=25092 5210 115 16895 20407 13320 231 3579 86 57 27 90425 55 6143 117 208 409 391 3729 1531 2579 286 550 265 23666 13835 287 1445 77 32 539
internal_value=-1.8133e-05 3.47239e-05 -0.000895156 -0.00315304 5.08718e-05 0.00237361 -0.0011003 -5.07805e-05 0.0107156 0.00599386 0.000628435 0.0526079 0.00219112 0.0111517 0.016538 0.00590595 0.0291496 0.00150786 -0.000671266 0.00189056 0.00516083 0.01127 -0.00127747 -0.000444292 0.00181102 -0.00429172 0.0157441 0.0710215 0.106398 0.00478469
internal_weight=31070.8 30967 12067.2 3563.11 8504.08 2814.39 5689.69 4289.29 151.201 135.885 18899.8 15.3156 2800.43 198.41 165.631 89.8684 75.763 2602.02 1570.31 1015.9 630.953 323.751 307.202 4138.09 1831.79 1400.4 240.595 11.8056 6.11689 1031.71
internal_count=231588 226378 110861 37302 73559 18538 55021 41414 3827 3606 115517 221 18423 1356 1125 617 508 17067 10385 6656 4077 2281 1796 37587 13921 13607 1731 166 89 6682
cat_boundaries=0 1 2 3 4 5 6 7
cat_threshold=11476512 1 8651529 18570 13641152 12616128 1358124
is_linear=0
shrinkage=0.04


Tree=109
num_leaves=31
num_cat=7
split_feature=1 30 5 15 22 33 17 22 7 30 30 23 32 10 15 8 30 17 33 8 2 17 22 6 22 6 20 22 17 25
split_gain=11.881 16.9741 18.5446 16.3816 15.5105 13.8332 13.4303 12.4623 12.1434 11.1579 11.0753 10.9814 15.5378 18.2933 14.8857 12.5853 11.9586 34.3008 10.8645 10.658 9.74905 10.4685 9.13246 11.9157 8.81289 8.78406 9.31103 8.76111 9.0968 16.9729
threshold=3.5000000000000004 -0.32333333333333297 6.8550000000000013 0.21211111111111117 0 1 0.20000000000000001 2 2.5000000000000004 2.2908333333333339 -2.5758333333333323 9.6950000000000021 2.0050000000000003 4.5000000000000009 0.15816666666666671 38.355000000000011 -3.3744999999999994 -0.2757936507936507 3 22.255000000000003 27.455000000000002 -0.1407275132275132 4 -0.035000000000000579 5 0.0033333333333325226 0.41428571428571431 6 -0.19074074074074066 -22.65583333333333
decision_type=2 2 2 10 1 1 8 1 2 2 2 2 2 2 8 2 2 10 1 2 2 8 1 2 1 2 10 1 10 2
left_child=24 2 3 4 5 6 -2 -3 11 -9 -7 12 16 14 -14 -16 17 -6 27 -4 21 -18 -11 -24 -1 26 -13 28 -5 -30
right_child=1 7 19 18 8 10 -8 9 -10 22 -12 25 13 -15 15 -17 20 -19 -20 -21 -22 -23 23 -25 -26 -27 -28 -29 29 -31
leaf_value=0.0025359999053619245 -0.0049861002039205127 -0.0018803831660006848 -0.017751895100471354 -0.010545070370440633 -0.040487229613454377 -0.032662602370451696 0.035510167078716168 0.00082602347624381094 -0.0070176533485971837 -0.0027290934555773329 0.010225273809086825 -0.0016451504635327191 0.17875125581270371 -0.018511652866595167 0.10884700740605943 -0.010255354764995086 0.0093391624211569269 0.34300811819314797 -0.019708804524174638 -0.0061117265726971853 -0.014076743299477635 0.11939203041382936 0.045962238191796498 0.012234724725900901 0.0002477946071836146 0.060473086898574294 0.046842724056798721 -0.011908596106785265 0.12446645116848831 0.019787925052183734
leaf_weight=3244.6129877977073 239.68401771876961 3779.9886333048344 143.78422285942361 11.221954364329575 0.92503520380705595 9.8596621677279455 13.860942759551106 5320.5428170748055 546.56580464541912 46.77955986559391 420.84825775399804 328.24744766205549 2.3389008771628115 3.2653330909088245 3.4153047241270551 2.4291774481534958 4.6728568840771914 0.62550027295946964 106.64434077823535 1009.3987305904739 19.8889488754794 1.9642715379595816 23.552640408277512 58.110992938280106 15651.75460704416 3.7972058374434701 6.4612549878656855 30.544017928652465 2.8688766481354824 18.205490702763203
leaf_count=19524 3555 28565 2711 343 84 680 172 39490 8765 234 5630 3878 35 62 61 45 167 50 2428 16654 674 37 116 293 96167 45 64 687 72 297
internal_value=1.45484e-05 -0.000960715 -0.00361232 -0.0010504 0.000195657 0.00472214 -0.00266704 -0.000118452 -0.00317097 0.00110523 0.00903375 0.00230677 0.022258 0.0615325 0.0934717 0.0593438 0.00624316 0.114218 -0.0128788 -0.00756308 -6.83362e-05 0.0419095 0.012757 0.0195661 0.000642166 -2.28206e-05 -0.000709135 0.00159485 0.0141618 0.0340379
internal_weight=31056.9 12160.5 2931.52 1778.33 1608.85 684.253 253.545 9228.97 924.597 5448.99 430.708 378.031 39.5253 11.4487 8.18338 5.84448 28.0766 1.55054 169.485 1153.18 26.5261 6.63713 128.443 81.6636 18896.4 338.506 334.709 62.8403 32.2963 21.0744
internal_count=231585 115894 47196 27831 24004 10037 3727 68698 13967 40133 6310 5202 1215 203 141 106 1012 134 3827 19365 878 204 643 409 115691 3987 3942 1399 712 369
cat_boundaries=0 1 2 3 4 5 6 7
cat_threshold=3774595 13 15139347 21 1069188 10551808 4817764
is_linear=0
shrinkage=0.04


Tree=110
num_leaves=31
num_cat=3
split_feature=30 11 6 30 22 25 25 11 17 31 11 10 22 25 6 24 9 22 30 6 14 30 6 11 17 30 27 25 6 25
split_gain=9.979 10.9177 9.29769 13.1396 12.0868 14.0587 11.008 12.7045 12.6543 10.1852 9.18202 8.57859 16.6393 23.6816 12.4024 8.07163 8.40579 7.57263 7.69301 9.07311 9.43698 15.317 8.89676 8.61371 7.56727 12.8431 15.4973 7.87829 11.5395 11.2253
threshold=-2.7274999999999991 25.500000000000004 0.058333333333333133 -1.0283333333333329 0 11.846666666666668 31.114166666666669 43.500000000000007 0.40753968253968259 5.5000000000000009 42.500000000000007 1.5000000000000002 1 -13.981666666666666 0.074999999999999747 27.255000000000003 -2.5155000000000007 2 1.3066666666666671 0.063333333333333033 2.4142857142857146 0.25166666666666632 0.080000000000000529 44.500000000000007 0.16679894179894186 1.3508333333333338 1.5000000000000002 -4.2981666666666642 0.071999999999999634 -0.16183333333333569
decision_type=2 2 2 2 1 2 2 2 10 2 2 2 1 2 2 2 2 1 2 2 8 2 2 2 8 2 2 2 2 2
left_child=1 -1 -2 11 5 24 7 9 17 -6 -8 12 13 -4 -15 16 -11 18 19 -9 21 -21 23 -22 -5 26 -26 28 -28 -29
right_child=2 -3 3 4 6 -7 10 8 -10 15 -12 -13 -14 14 -16 -17 -18 -19 -20 20 22 -23 -24 -25 25 -27 27 29 -30 -31
leaf_value=-0.02034529901058953 0.00016586649211425947 0.020595214045203959 -0.014542266965847286 -0.0029909026658243021 -0.010763946541433063 0.0085260166129027502 0.042640390033185198 -0.011707306741917627 0.056345916145652063 0.0013275813264496891 0.00031312376029655385 -0.016979197641649547 -0.01713249448651611 0.14980696487834666 0.050089176805051636 -0.002834554074900793 0.075120516961758158 -0.0072614033117436062 -0.022307583646661754 0.08681373252552009 0.056029759519437124 0.0054590704028815995 -0.0029625235179684519 0.010825170309880542 -0.0073923286754016982 -0.017672000540233403 0.051025925670154425 0.076015165736844831 -0.019669068008976852 0.025598811320050614
leaf_weight=68.463533457834274 28587.244442709722 12.29317315481603 5.5067026652395716 710.03596819937229 525.21677128225565 311.7392077408731 13.947657983750103 44.285060143098235 6.1586570292711249 4.3757229931652546 19.899095389991999 146.48143390100449 18.532251354306936 3.4932770133018476 4.6548475446179509 15.877289043739436 5.6705182194709796 191.2331192754209 17.969770446419716 6.2201078087091437 7.2602638993412247 9.149285711348055 95.102488884702325 94.925676682963967 32.254295915365219 24.534808948636055 5.5251744091510799 8.9459228180348855 11.148457333445547 33.625113252550364
leaf_count=5239 205263 241 92 6268 4158 2017 86 359 34 61 112 2626 315 44 65 181 75 1586 99 52 59 58 846 812 243 133 42 67 90 224
internal_value=-7.0505e-05 -0.0141131 -3.38772e-05 -0.00243939 -0.00159034 0.00127693 -0.00464412 -0.00543029 -0.000616063 -0.00955588 0.0177555 -0.0128706 0.00582737 0.0285944 0.0928403 0.0149199 0.0429794 -0.00136864 0.00288948 0.00476414 0.00819425 0.0383839 0.00584238 0.0140369 -0.00144325 0.00802717 0.0149182 0.0270646 0.00375727 0.0361934
internal_weight=31041.8 80.7567 30961 2373.77 2195.1 1137.81 1057.29 1023.44 472.304 551.14 33.8468 178.669 32.1871 13.6548 8.14812 25.9235 10.0462 466.146 274.913 256.943 212.658 15.3694 197.288 102.186 826.07 116.034 91.499 59.2447 16.6736 42.571
internal_count=231547 5480 226067 20804 17662 9084 8578 8380 3905 4475 198 3142 516 201 109 317 136 3871 2285 2186 1827 110 1717 871 7067 799 666 423 132 291
cat_boundaries=0 1 2 3
cat_threshold=4499687 122915 677128
is_linear=0
shrinkage=0.04


Tree=111
num_leaves=31
num_cat=0
split_feature=1 6 31 26 25 29 9 11 9 5 8 17 17 16 0 20 16 14 29 14 2 6 30 6 1 30 6 17 7 30
split_gain=15.5138 13.3225 15.1476 11.227 15.5813 11.5256 11.1233 10.1442 10.4068 17.18 9.84883 9.7493 14.2666 9.41692 9.36657 9.22133 10.5728 17.2277 8.89185 9.74038 13.3038 10.5765 8.56413 7.54047 7.55061 23.187 17.5462 16.9435 12.9966 12.0892
threshold=5.5000000000000009 -0.024999999999999908 5.5000000000000009 3.5000000000000004 9.418333333333333 4.3650000000000011 -16.352499999999996 64.500000000000014 12.750833333333334 6.9050000000000011 50.120000000000012 0.016798941798941844 0.14080687830687835 0.21111111111111114 0.13661332991978156 0.47222222222222227 0.76388888888888895 2.2361111111111116 1.0000000180025095e-35 3.8660714285714293 33.085000000000008 0.0016666666666664833 -2.5758333333333323 0.068333333333333815 1.5000000000000002 -0.65000000000000002 -0.023333333333333869 0.21666666666666673 1.5000000000000002 1.2044999999999997
decision_type=2 2 2 2 2 2 2 2 2 2 2 8 10 10 10 8 10 8 2 8 2 2 2 2 2 2 2 8 2 2
left_child=6 3 7 4 15 -6 -1 8 -3 14 11 13 -13 -11 -10 -2 17 -17 19 -8 21 -21 -20 24 25 -24 27 -27 -26 -30
right_child=1 2 -4 -5 5 -7 18 -9 9 10 -12 12 -14 -15 -16 16 -18 -19 22 20 -22 -23 23 -25 28 26 -28 -29 29 -31
leaf_value=-0.0043612888381362484 0.011520559815946366 -0.0040884352027386493 -0.015129291136636719 -0.0045171956366124718 0.060611039767616857 -0.00070695881887728991 -0.0099891268686120756 0.055013792858752519 -0.0353327768965448 0.060044646888399347 0.0094333908941010985 0.12146334003818884 0.036301394186513083 -0.044774132760544427 0.0037655747829811893 0.10815868005550451 -0.0035053880718484134 0.01668398026691471 -0.015452685645983432 0.17799831870746846 -0.0083124164407239274 0.04953051787252058 0.0062629076899760683 -0.002309632820069866 0.0031590771239296128 -0.0026618798216508583 0.00062392363828722567 -0.012296479160495064 0.00021621124564258473 0.0032697107469197039
leaf_weight=726.0422569103539 167.19926051422954 1755.9930710582994 187.09323558444157 295.47349641332403 4.9763921387493602 340.22206873074174 4.2252463139593575 4.7785001099109641 11.622954066842793 2.6978092109784484 17.009351435117424 5.2341057956218737 7.8945842757821083 2.7891414687037468 62.62839437276125 6.360563501715661 5.9337375648319712 6.8329929672181615 52.805469636805356 1.9798721875995404 2.3228805642575026 2.1268120789900422 698.62348653376102 1293.4091051965952 4171.5988655071706 1666.1428877711296 2587.3437587544322 354.121636711061 14206.114046902396 2429.2847758829594
leaf_count=5252 1781 20729 7370 4872 72 2462 40 53 94 46 169 48 55 36 625 47 40 57 2826 37 72 50 4971 10298 25161 11507 17286 2712 100813 12162
internal_value=0.000239746 -0.00255418 -0.00427746 0.0017337 0.00520856 0.000177003 0.000525592 -0.00319211 -0.00334118 0.00860113 0.0314358 0.0515397 0.0702535 0.00676288 -0.0023547 0.0145303 0.0408396 0.0607836 0.000654753 0.0371889 0.0681924 0.111466 0.000640577 0.000671585 0.000819247 -0.000527644 -0.00155725 -0.00435068 0.00116273 0.000662117
internal_weight=31080.9 2884.74 2057.74 826.999 531.525 345.198 28196.1 1870.65 1865.87 109.876 35.625 18.6156 13.1287 5.48695 74.2513 186.327 19.1273 13.1936 27470.1 10.6548 6.42956 4.10668 27459.4 27406.6 26113.2 5306.23 4607.61 2020.26 20807 16635.4
internal_count=231743 38556 29225 9331 4459 2534 193187 21855 21802 1073 354 185 103 82 719 1925 144 104 187935 199 159 87 187736 184910 174612 36476 31505 14219 138136 112975
is_linear=0
shrinkage=0.04


Tree=112
num_leaves=31
num_cat=1
split_feature=1 21 9 15 34 5 3 5 6 7 3 9 14 14 4 33 6 3 6 9 2 32 14 5 29 13 3 6 6 32
split_gain=13.3044 14.1233 12.5543 11.2413 10.6452 9.64209 8.74458 12.6842 10.0874 10.6575 18.0268 10.1284 8.87889 8.51104 8.57199 8.3767 10.2682 19.5592 10.5266 8.76975 9.16012 8.49844 8.37153 8.3296 18.0244 27.7243 14.0284 9.42715 9.3422 10.5862
threshold=5.5000000000000009 0.29166666666666669 10.007500000000002 0.22527777777777783 1.5000000000000002 6.6850000000000014 0.12909946236559142 6.5950000000000006 0.026666666666666842 3.5000000000000004 0.16699092088197148 -4.6333333333333302 2.0500000000000003 5.1339285714285721 1500.0000000000002 0 -0.064999999999999933 0.20743212149102627 -0.079166666666666594 -2.9966666666666675 40.435000000000009 5.0550000000000006 4.5857142857142863 6.8150000000000004 4.1150000000000011 3.5000000000000004 0.09533688994269908 0.05549999999999989 0.095499999999999932 4.7150000000000007
decision_type=2 8 2 10 2 2 8 2 2 2 8 2 8 10 2 1 2 10 2 2 2 2 10 2 2 2 8 2 2 2
left_child=6 2 3 5 -3 -2 13 -8 12 10 -10 -11 -9 -1 -15 16 17 -14 21 22 -21 -19 -18 24 25 -6 -27 -25 29 -29
right_child=1 4 -4 -5 23 -7 7 8 9 11 -12 -13 15 14 -16 -17 19 18 -20 20 -22 -23 -24 27 -26 26 -28 28 -30 -31
leaf_value=0.00056499806645199824 0.0047677219755126723 -0.0062574918480863481 0.0051525869541078455 -0.024638411254030657 -0.042776824316067982 -0.0060483274513450412 -0.021249350387642269 -0.0092263979059892722 0.088970499119198576 -0.01183448158671274 -0.011989355945015347 -0.0027361717635629541 0.0039840758660281816 0.041099863749663672 -0.011974708976065927 -0.00056955991180274081 0.014270966510919404 0.074639621715218082 0.10196506258565868 0.0019099328455666783 -0.019065017494168147 0.011298554928667822 -0.021193610855413877 -0.0032424422309773621 0.0067418166366239205 0.18972783198338497 0.051206939391663764 -0.020610959081604437 -0.012713324983952865 0.035293526151170394
leaf_weight=23701.604398155585 144.1469552651979 224.29442426841706 190.15456300461665 48.603336205706 2.2870832197368136 1548.6568865850568 51.177255654707551 161.77478764206171 5.1782866977155182 262.89005574211478 6.2391017414629468 766.71723969187587 36.64045962318778 5.072510899975895 121.28219770733267 2504.7062089871615 130.2588757108897 5.5191727364435819 5.2510324809700242 278.79422265384346 37.834301578812301 8.7816029712557775 11.59786171838641 308.47840429656208 356.10477046109736 2.5794685119763017 2.1404197178781033 6.5609852094203225 13.981015279889105 31.153320197016001
leaf_count=158426 1856 2124 2563 1677 62 23741 343 942 36 2302 48 6298 250 75 1654 18606 879 56 44 2054 277 52 202 2879 2993 51 59 107 153 318
internal_value=-5.43441e-05 -0.00264402 -0.00460625 -0.00567187 0.00135583 -0.00512731 0.000210983 -0.00145521 -0.00121528 -0.00463306 0.0338004 -0.00505925 -9.68263e-05 0.000509801 -0.00984403 0.000392325 0.00498755 0.021223 0.0535291 0.0031065 -0.000596388 0.0357441 0.0113715 0.00371675 0.00799192 0.0715241 0.12691 -0.000593287 0.0152149 0.0255681
internal_weight=30980.5 2879.14 1931.56 1741.41 947.58 1692.8 28101.3 4273.36 4222.18 1041.02 11.4174 1029.61 3181.16 23828 126.355 3019.38 514.678 56.1923 19.5518 458.485 316.629 14.3008 141.857 723.285 363.112 7.00697 4.71989 360.174 51.6953 37.7143
internal_count=231127 38583 29837 27274 8746 25597 192544 32389 32046 8684 84 8600 23362 160155 1729 22420 3814 402 152 3412 2331 108 1081 6622 3165 172 110 3457 578 425
cat_boundaries=0 1
cat_threshold=66
is_linear=0
shrinkage=0.04


Tree=113
num_leaves=31
num_cat=1
split_feature=14 1 14 8 3 9 26 17 30 14 23 3 15 25 9 8 15 23 33 23 15 23 2 23 15 30 3 32 23 2
split_gain=13.2706 10.0497 14.5925 13.0698 14.7367 13.4401 13.1865 12.4677 12.0833 12.2043 12.1917 11.9559 11.9061 11.6045 10.926 13.3191 10.6385 16.7836 10.5805 10.4236 10.3001 10.1332 10.0798 9.84746 9.47583 9.37376 10.6421 10.5595 13.0929 13.3292
threshold=5.4365079365079376 3.5000000000000004 3.3875000000000006 15.660000000000002 0.17732243300841985 -13.129166666666663 4.5000000000000009 -0.011011904761904749 -0.77500000000000002 4.2111111111111121 12.805000000000001 0.22454436319982543 0.1070714285714286 -16.457499999999996 -10.6755 22.255000000000003 0.1152777777777778 66.220000000000013 0 27.090000000000003 0.14950000000000005 52.190000000000005 40.435000000000009 26.885000000000002 0.21105555555555561 0.62999999999999934 0.16699092088197148 5.705000000000001 25.295000000000005 33.165000000000006
decision_type=10 2 8 2 10 2 2 8 2 10 2 10 8 2 2 2 8 2 1 2 10 2 2 2 10 2 8 2 2 2
left_child=1 11 16 20 6 7 19 -6 -8 13 -11 21 -7 -10 15 -12 17 23 -16 -5 25 -1 -13 -3 -24 26 27 28 -4 -30
right_child=-2 2 3 4 5 12 8 -9 9 10 14 22 -14 -15 18 -17 -18 -19 -20 -21 -22 -23 24 -25 -26 -27 -28 -29 29 -31
leaf_value=0.000936278065487294 -0.014194115439494639 0.023221617131514351 -0.00065155811971456866 0.0019017295203436332 0.022167940520289049 0.062378676481139886 -0.010661711064242813 0.13336204693920292 0.0011800499911751494 0.065408600849275522 0.11103450956287113 -0.0027640589662250815 0.0035581341641167902 -0.0095523184410870737 0.013173937305969372 -0.0048865825660908864 0.00068013874031158314 0.06236751639602358 -0.0066334419785345211 -0.0029711556060818545 -0.014351740302773865 -0.0023975607586516142 -0.019960145530420543 -0.0064339175250053681 0.029956705456855234 -0.017946511799573826 -0.028973264169316754 -0.018740241930532482 0.018399365369705167 0.075022968813871549
leaf_weight=16659.321523444727 107.61362724052742 18.483581960201263 20.369763804599643 1078.6526985969394 4.8070267289876938 5.590108427219092 537.18345053587109 2.4284821916371575 263.84203703328967 5.4716810453683129 3.3455201685428611 572.66367629170418 365.75369018409401 414.34620663151145 69.166217109188437 3.0151510685682297 6236.1157084684819 5.8832362219691268 86.327177142724395 2013.4193560201675 252.81463119201362 1598.7195319160819 91.552358206361532 583.08613273687661 6.517945358529686 29.771438740193844 10.158942056819795 11.700913514941929 16.188108427450064 11.291118934750555
leaf_count=102198 5444 192 312 12748 97 89 9851 21 2776 70 45 3518 5870 4398 808 37 47445 33 1018 16945 3183 9278 552 4122 46 195 167 121 171 127
internal_value=-0.000171847 -0.000123136 -0.00102614 -0.0026222 -0.00208221 0.00549563 -0.00272332 0.0594885 -0.00597046 -0.00298995 0.00668504 0.000451678 0.0044436 -0.005377 0.00469982 0.0560844 0.000187919 -0.00486521 0.00259786 -0.00127128 -0.0100614 0.000644359 -0.00479328 -0.00552273 -0.0166426 0.000842006 0.00886626 0.0153215 0.0236509 0.0416658
internal_weight=31085.6 30978 12049.2 5205.64 4853.35 378.579 4474.77 7.23551 1382.7 845.514 167.326 18928.8 371.344 678.188 161.854 6.36067 6843.57 607.453 155.493 3092.07 352.295 18258 670.734 601.57 98.0703 99.4803 69.7088 59.5499 47.849 27.4792
internal_count=231877 226433 110841 59049 54773 6077 48696 118 19003 9152 1978 115592 5959 7174 1908 82 51792 4347 1826 29693 4276 111476 4116 4314 598 1093 898 731 610 298
cat_boundaries=0 1
cat_threshold=337
is_linear=0
shrinkage=0.04


Tree=114
num_leaves=31
num_cat=6
split_feature=14 23 21 22 1 6 22 29 9 22 26 22 22 3 24 6 34 9 24 32 15 15 16 25 15 22 6 14 5 9
split_gain=10.9727 9.91916 13.2509 20.1127 15.122 20.9331 25.4467 17.179 15.1044 15.2028 14.7985 17.7554 12.5772 13.0936 12.5162 12.0464 11.8453 11.713 11.1779 10.6139 10.5831 10.5788 11.2417 11.6837 12.207 10.407 10.1882 10.0549 16.45 9.85883
threshold=5.4722222222222232 47.785000000000004 0.29166666666666669 0 2.5000000000000004 -0.05000000000000026 1 6.8050000000000006 8.1836666666666691 2 1.5000000000000002 3 4 0.040080321285140573 60.685000000000009 0.023333333333333876 1.0000000180025095e-35 27.417500000000008 39.945000000000007 6.955000000000001 0.15105555555555558 0.19950000000000004 0.38750000000000007 0.92499999999999816 0.16950000000000007 5 0.048333333333333346 3.8944444444444448 6.6950000000000012 -7.1044999999999972
decision_type=10 2 10 1 2 2 1 2 2 1 2 1 1 10 2 2 2 2 2 2 8 10 10 2 8 1 2 8 2 2
left_child=1 2 4 -4 12 6 7 17 9 -7 11 18 13 -1 -8 -15 -17 20 -10 -12 -6 22 -22 -24 -25 -3 -11 -27 -29 -18
right_child=-2 25 3 -5 5 8 14 -9 10 26 19 -13 -14 15 -16 16 29 -19 -20 -21 21 -23 23 24 -26 27 -28 28 -30 -31
leaf_value=0.0078913358281801956 -0.013159372407903916 -0.0032647342014911415 0.0090895027816990364 0.0013563329098775928 0.00031181869195951887 -0.00031642988332165412 -0.00087284339061204444 0.073475117771334697 0.066409452963618526 -0.002801598387910532 0.00034138268982362427 0.002006473446131344 -0.00025766226725289253 0.00059889644200852366 0.031831773006042438 -0.020856955686135711 -0.00251319817636833 0.064273918496594473 0.02411489750650618 0.032476542527689306 0.026040908190142816 -0.0013356987568798535 -0.010640256766069441 0.0023101893355048199 0.045869955929616346 -0.00039648815114126125 -0.0077937605566892844 -0.020553131684158663 0.014943964544845255 0.0091064923244627248
leaf_weight=689.03870623186231 99.951963275671005 2558.2066363245249 609.14162020757794 4212.1631104648113 111.49270250834525 4244.1157420873642 761.35937648080289 7.3090983703732482 12.222746027633546 4061.2494903868064 1118.2494623111561 115.28429606929421 4150.0857759304345 2742.8120777457952 19.195033695548773 25.195995964109898 142.63762260600924 6.6264484664425245 54.928953431546688 16.690520446747541 132.93474640976638 50.765450632199645 34.083847869187593 24.166030183434486 17.931048192083836 3471.0686071105301 779.66680103633553 24.516443014144897 141.14225481450558 645.72832953184843
leaf_count=4181 5267 15648 4080 28223 829 39044 6132 44 82 36515 9820 723 26113 16603 123 160 944 49 344 131 1140 465 259 147 111 21026 8404 157 914 4092
internal_value=7.2483e-05 0.000115173 0.000473006 0.00235504 1.84905e-05 -0.000919359 0.00416324 0.0124138 -0.001489 -0.00206941 0.0025137 0.0130878 0.00131077 0.0028379 -6.7719e-05 0.00186679 0.0061413 0.0115616 0.0276898 0.000813965 0.010621 0.0150438 0.0190201 0.00676893 0.0208643 -0.00131647 -0.00359819 6.28228e-05 0.00969062 0.00700416
internal_weight=31080 30980 24785.1 4821.3 19963.8 11568.3 1165.86 385.309 10402.4 9085.03 1317.38 182.436 8395.5 4245.41 780.554 3556.37 813.562 378 67.1517 1134.94 371.374 259.881 209.116 76.1809 42.0971 6194.93 4840.92 3636.73 165.659 788.366
internal_count=231770 226503 188758 32303 156455 104362 9299 3044 95063 83963 11100 1149 52093 25980 6255 21799 5196 3000 426 9951 2951 2122 1657 517 258 37745 44919 22097 1071 5036
cat_boundaries=0 1 2 3 4 5 6
cat_threshold=656 11475120 1890403 9463116 14837541 6832317
is_linear=0
shrinkage=0.04


Tree=115
num_leaves=31
num_cat=2
split_feature=31 30 29 1 0 6 9 15 11 29 1 14 30 11 3 14 2 25 5 25 15 11 32 5 5 14 12 17 33 17
split_gain=9.80588 22.271 15.5183 16.8946 17.1484 15.2944 15.3285 13.1181 12.0721 15.4562 11.2484 14.0077 12.9591 12.3407 12.9612 19.9306 10.9006 10.7238 10.6302 10.0141 11.1419 9.83921 9.71087 10.3165 9.57049 9.45031 9.86744 18.459 9.10764 14.3872
threshold=3.5000000000000004 -0.77500000000000002 5.2550000000000008 1.5000000000000002 0.1534294019933555 -0.046666666666666405 8.9316666666666684 0.22645833333333337 44.500000000000007 6.6250000000000009 1.5000000000000002 4.5277777777777786 -0.65000000000000002 30.500000000000004 0.15632405213270145 3.3875000000000006 23.445000000000004 18.699166666666674 6.8850000000000007 -15.603333333333332 0.18292857142857147 26.500000000000004 7.5050000000000008 6.785000000000001 7.0650000000000004 4.8944444444444457 0 -0.033333333333333333 1 -0.072222222222222146
decision_type=2 2 2 2 8 2 2 10 2 2 2 10 2 2 10 10 2 2 2 2 10 2 2 2 2 10 1 10 1 10
left_child=1 19 -3 4 22 17 7 10 -8 -10 12 16 13 -7 -15 -16 -12 -2 25 -1 -21 -19 23 -4 -6 26 -5 -28 -25 -30
right_child=5 2 3 18 24 6 8 -9 9 -11 11 -13 -14 14 15 -17 -18 21 -20 20 -22 -23 -24 28 -26 -27 27 -29 29 -31
leaf_value=0.099016689919184164 0.0019686476769001562 0.0029518869563203085 -0.0091594497165430767 0.0024372795601885163 -0.0004305047534698983 -0.0046084919339172041 -0.00043295695996231832 -0.0097207123044897887 0.0066988341481842763 0.05175227845091241 -0.0064174340874861456 -0.0076717717985239136 -0.0013937658765568442 0.0079126958706665605 -0.03005493746062116 0.050700183646241744 -0.0012980552704639587 0.062783182512898592 -0.0013670521787484732 -0.0064089792109563769 0.07135951944913474 0.013256543897822786 -0.015615115860795645 -0.0084812756293853216 0.02296197938948414 0.033938113547286645 -0.004903856416623855 0.0011826260640035854 0.018116025657416008 -0.0014678672315732372
leaf_weight=4.3661015480756786 1587.1690016905777 3190.9712304621935 522.77084659785032 4780.8455514758825 1541.0752030983567 119.84060177952051 720.94770336989313 350.97180224535987 424.6801965162158 12.543215572834013 750.75864764861763 743.13610227499157 923.84533648937941 351.0521982498467 6.0813543796539333 24.958909071981907 5858.9078555069864 7.4230163730680934 3505.526020783931 6.6199774928390962 5.3135023377835751 47.405506961047649 153.71080426126719 205.58245457708836 28.500987082719803 14.096748597919939 1020.3397341631353 3646.434026516974 70.55783062428236 401.88740880042315
leaf_count=41 13047 20931 3944 26622 10755 989 6789 5012 3530 86 7243 13098 5910 2430 39 176 54948 51 21092 51 40 310 1220 1512 182 93 6646 21208 486 2976
internal_value=-0.00011577 0.000446232 0.000406311 -0.000104839 -0.00285136 -0.0010155 -0.00158768 -0.00213762 0.00274732 0.00799134 -0.00183444 -0.00246495 0.00141713 0.00659078 0.0101034 0.0348788 -0.00187954 0.00256946 0.000514495 0.0471827 0.0282182 0.0199618 -0.0061488 -0.00493705 -5.73475e-06 0.0012116 0.00116277 -0.000147801 -0.0016815 0.00142671
internal_weight=31028.3 19098.6 19082.3 15891.3 2924.09 11929.7 10287.7 9129.55 1158.17 437.223 8778.58 7352.8 1425.78 501.933 382.092 31.0403 6609.67 1642 12967.2 16.2996 11.9335 54.8285 1354.51 1200.8 1569.58 9461.72 9447.62 4666.77 678.028 472.445
internal_count=231457 117799 117667 96736 21075 113658 100250 89845 10405 3616 84833 75289 9544 3634 2645 215 62191 13408 75661 132 91 361 10138 8918 10937 54569 54476 27854 4974 3462
cat_boundaries=0 1 2
cat_threshold=1 392
is_linear=0
shrinkage=0.04


Tree=116
num_leaves=31
num_cat=9
split_feature=1 26 15 21 30 3 22 22 6 11 22 22 25 2 22 9 25 3 6 22 2 22 32 32 20 22 22 16 0 30
split_gain=11.7614 16.7839 22.13 14.9591 13.0163 17.0464 19.095 13.8086 17.5239 13.072 12.8713 12.4809 11.9635 11.6948 11.319 12.3801 12.1781 11.8882 11.0454 15.7054 11.0439 10.9287 10.2821 14.2596 12.2828 15.6748 11.8798 10.5632 11.0995 11.915
threshold=2.5000000000000004 3.5000000000000004 0.20316666666666672 0.36666666666666675 1.583666666666667 0.061463961901273019 0 1 0.033333333333333666 46.500000000000007 2 3 5.546666666666666 39.140000000000008 4 -8.8916666666666657 -16.457499999999996 0.08983205464071857 0.0083333333333341936 5 44.465000000000011 6 6.2250000000000005 6.4350000000000014 0.21111111111111114 7 8 0.43650793650793657 0.16425637244575525 0.32000000000000078
decision_type=2 2 8 10 2 10 1 1 2 2 1 1 2 2 1 2 2 10 2 1 2 1 2 2 10 1 1 10 10 2
left_child=4 14 18 12 5 6 -1 20 -9 -7 13 -5 -4 -11 -2 -16 -17 -18 21 -20 -6 -3 24 26 27 -26 -24 -8 -29 -30
right_child=1 2 3 11 7 9 22 8 -10 10 -12 -13 -14 -15 15 16 17 -19 19 -21 -22 -23 23 -25 25 -27 -28 28 29 -31
leaf_value=-0.00043784967117953255 -0.0015808203476712665 -0.0029338491800626138 -0.009846676460188648 0.027001396320933454 -0.011287237678705507 -0.00082080030530871917 0.0044415105387479795 -0.0019444403251690555 0.021414769754493111 0.0078937989660731907 -0.00024123369476555616 -0.0060209588283993256 0.050296262459887046 -0.0025504528729319896 -0.0034843545669871719 0.052432598102342513 0.00048923065836260586 0.0039297075419715459 -0.0066338822626280805 -0.00061295770771000119 0.019997373643583862 0.001638484879968272 0.0036468085149958208 0.0064697609359905487 0.006690360179742433 -0.0077684997915757961 0.028012731245989266 0.0057552462043162301 0.039730319289752673 0.0094362598514173453
leaf_weight=1355.8310556337237 3195.0784859657288 1224.5319540146738 807.48127618897706 25.335062662139535 351.02735312283039 5374.5302308443934 1346.3634223639965 471.78228715062141 57.665453135967255 898.04970811679959 1110.0214165039361 36.052621370181441 5.3267950322479001 212.03977122157812 794.90311049018055 7.5874102599918833 4459.3370035719126 2512.2291842112318 1181.0381367523223 1679.2103403438814 19.03316780179739 2583.7066454412416 65.785049140453339 550.01979836076498 198.76216892153025 273.51759565621614 94.988687880337238 101.49055103957653 44.077398270368576 39.289778858423233
leaf_count=8335 22086 11256 12271 232 2199 33551 8390 2978 332 5403 6737 332 48 1275 5700 82 30149 17188 13188 18265 114 23635 383 3311 1165 1614 558 593 257 219
internal_value=6.31028e-05 -0.000577991 -0.00203045 -0.00801454 0.00100767 0.00136519 0.00345395 -0.00362862 0.000588639 0.000245782 0.0028278 0.0110253 -0.00945253 0.00584616 0.000420764 0.00124383 0.00178414 0.00172902 -0.00124598 -0.00312442 -0.00942354 0.000164858 0.00537975 0.00953285 0.00393318 -0.00170622 0.0200119 0.00567256 0.0146386 0.0254532
internal_weight=31076.1 18511.8 7542.68 874.196 12564.3 11664.8 4070.13 899.508 529.448 7594.64 2220.11 61.3877 812.808 1110.09 10969.1 7774.06 6979.15 6971.57 6668.49 2860.25 370.061 3808.24 2714.29 710.794 2003.5 472.28 160.774 1531.22 184.858 83.3672
internal_count=231846 154432 79227 12883 77414 71791 24825 5623 3310 46966 13415 564 12319 6678 75205 53119 47419 47337 66344 31453 2313 34891 16490 4252 12238 2779 941 9459 1069 476
cat_boundaries=0 1 2 3 4 5 6 7 8 9
cat_threshold=826504 9660516 11106184 13801554 6308611 9355952 2138893 8520515 4211222
is_linear=0
shrinkage=0.04


Tree=117
num_leaves=31
num_cat=5
split_feature=7 5 6 1 33 3 2 22 22 26 33 6 8 24 26 11 17 11 6 22 9 32 3 30 11 17 29 3 8 25
split_gain=11.515 15.4401 13.5651 11.3609 10.992 14.1268 10.5641 14.2363 13.5837 11.6022 12.428 11.2335 11.3909 10.964 9.85246 9.77727 9.43223 11.132 9.52343 9.40158 9.31957 9.2432 9.10437 20.4465 18.0836 8.9641 12.0148 9.09964 9.21173 8.96246
threshold=5.5000000000000009 6.8150000000000004 0.090833333333333335 5.5000000000000009 0 0.36049006886914864 34.195000000000007 1 2 3.5000000000000004 3 0.085500000000000145 43.695000000000007 59.285000000000004 1.5000000000000002 61.500000000000007 0.14454365079365084 48.500000000000007 0.10500000000000088 4 -1.0881666666666658 6.0750000000000011 0.062378404669260708 -0.90083333333333282 42.500000000000007 -0.033333333333333333 7.3850000000000007 0.07992395437262359 21.070000000000004 22.67166666666667
decision_type=2 2 2 2 1 10 2 1 1 2 1 2 2 2 2 2 10 2 2 1 2 2 10 2 2 10 2 10 2 2
left_child=-1 2 4 6 5 19 7 -3 13 10 11 12 -9 20 21 -5 17 -4 -19 -2 -8 -10 23 24 -22 -6 27 -27 -29 -21
right_child=1 3 16 15 25 -7 8 9 14 -11 -12 -13 -14 -15 -16 -17 -18 18 -20 29 22 -23 -24 -25 -26 26 -28 28 -30 -31
leaf_value=0.00036622541807699942 -0.0067735776037592963 -0.0009492036077185295 -0.00018326273393000185 -0.011765790514795312 -0.0089100979822273312 0.069492701498808054 -0.002008193201770714 0.0083731398381735617 0.027826714114553581 -0.015753460499813004 -0.0094214112606626453 -0.02230947550326905 0.061034815689006344 0.029618468807749175 -0.0065722762384573556 0.042422532969359716 0.060745373092812235 0.076179469627643367 0.0030142918819716902 0.0070393754952211701 0.027027850983826179 -0.00026684361386458309 0.0038241573966405519 0.014469310836336678 0.16349773393149075 0.0096426960042826013 -0.042904962913873995 -0.03391943662982088 -0.00067685892829650305 0.031109899281626153
leaf_weight=27424.853202923201 69.224709357600659 695.12133184075356 25.273498034104705 302.31650523003191 204.00681613292545 5.6958867795765391 226.8016595588997 85.130292229354382 26.42819107323885 267.01755860820413 255.04988952726126 17.750161780975759 7.1216654255986205 27.875445675104856 436.58005308918655 5.4230989329516879 8.8609397262334806 7.0908454339951259 4.7554014008492231 234.39535288559273 3.3741122540086499 64.398053146898746 158.8565918719396 72.230564761906862 2.8793256133794785 163.22162850759923 9.259975850582121 15.117575936019419 113.26505498215556 27.671953409910202
leaf_count=199370 600 5611 270 4967 2261 63 1855 587 173 2600 1771 136 49 171 3716 69 55 70 47 2070 48 385 1286 523 35 1139 59 113 818 163
internal_value=8.90173e-05 -0.00205722 0.00250905 -0.00358456 0.00135354 0.00683037 -0.00263689 -0.00498905 0.000425382 -0.0092702 -0.00478196 0.00626223 0.0124385 0.00514871 -0.00400274 -0.0108109 0.0236652 0.0148137 0.046809 0.0059592 0.00379004 0.00790769 0.0093308 0.0204766 0.0898639 -0.00239005 0.00195156 0.00337599 -0.00459131 0.00922885
internal_weight=30967 3542.19 887.84 2654.35 841.859 336.988 2346.61 1327.19 1019.42 632.07 365.052 110.002 92.252 492.018 527.406 307.74 45.9807 37.1197 11.8462 331.292 464.142 90.8262 237.341 78.484 6.25344 504.871 300.864 291.604 128.383 262.067
internal_count=231080 31710 7728 23982 7286 2896 18946 10754 8192 5143 2543 772 636 3918 4274 5036 442 387 117 2833 3747 558 1892 606 83 4390 2129 2070 931 2233
cat_boundaries=0 1 2 3 4 5
cat_threshold=13 2504350 15902824 104 34440
is_linear=0
shrinkage=0.04


Tree=118
num_leaves=31
num_cat=5
split_feature=23 9 22 14 19 23 0 6 11 23 22 0 33 11 23 1 0 34 19 22 3 2 33 9 29 6 31 29 6 6
split_gain=12.8235 9.49093 11.955 9.33385 8.29436 17.5506 10.5307 10.6844 8.60676 7.20836 17.8371 8.33095 7.91778 10.5348 9.23393 9.12477 7.79154 7.76819 7.6582 11.4489 7.77427 11.0198 9.58408 11.7725 11.5246 13.3211 9.32849 8.64201 10.4181 7.77035
threshold=1.0000000180025095e-35 -15.509166666666667 0 4.4722222222222232 0.22500000000000003 23.295000000000005 0.18107802988378532 0.043333333333334341 40.500000000000007 57.455000000000005 1 0.12043863024240094 2 42.500000000000007 63.565000000000005 5.5000000000000009 0.11408223644487382 3.5000000000000004 0.55000000000000016 3 0.076451854627201207 29.825000000000003 4 6.9591666666666692 6.6250000000000009 1.0000000180025095e-35 3.5000000000000004 6.4650000000000007 -0.011666666666666268 -0.052916666666666494
decision_type=2 2 1 10 10 2 10 2 2 2 1 10 1 2 2 2 8 2 10 1 10 2 1 2 2 2 2 2 2 2
left_child=3 2 4 -1 5 -2 7 -6 -8 18 11 16 14 -14 -12 -16 -11 -15 29 -20 21 22 -21 24 25 27 -25 28 -24 -3
right_child=1 9 -4 -5 6 -7 8 -9 -10 10 12 -13 13 17 15 -17 -18 -19 19 20 -22 -23 23 26 -26 -27 -28 -29 -30 -31
leaf_value=0.01189264792814438 -0.016603471773757709 0.0017166181804845228 -0.0074771589488029713 -0.021685598968946739 -0.010882006463859296 0.018539893476176843 -0.0035145011714489884 0.021031942551519342 0.044578793513889596 -0.0023020779816331806 -0.020056286289766145 0.0012054183740707316 -0.0095887015931293181 0.010899904335978608 -0.0072205943243215691 0.042490217890434709 0.038110687743434596 -0.0089090015751262103 0.002593277741761252 0.0064205271153999679 0.0013645868121576908 -0.0040536354092906152 -0.0035582778746654259 0.0056737746236679969 -0.026062245154393492 -0.017292740722822386 0.055794007070130144 0.046456837676668084 0.0437771756691391 -0.00067676059323382393
leaf_weight=16.229810275137424 29.841262189671397 2454.6570002995431 601.21300591900945 72.030946303158998 137.59932409971952 95.498083399608731 11.429574629291894 19.116264233365655 12.427152197808025 12.49437841773033 149.23914755880833 396.76133425533772 240.2227512486279 93.323026098310947 35.335503794252872 7.0941155403852454 19.619060665369034 47.950076378881931 3904.4340117424726 355.10895533487201 1894.3424058351666 1443.4264847580343 47.222935788333416 28.086465023458004 46.060442823916674 53.298937687650323 7.5358031950891009 8.838060222566126 8.8304577842354757 18741.360754957888
leaf_count=376 350 17001 4677 5247 939 709 90 148 103 74 881 2341 1433 541 204 40 114 271 25156 2286 12241 9379 298 169 274 385 57 52 60 145455
internal_value=-0.000285967 -0.000242482 -0.00427347 -0.0155111 0.00219545 0.0101728 -0.00322024 -0.00698912 0.0215377 -0.000120576 -0.00345605 0.00272788 -0.00799139 -0.00437655 -0.0146126 0.00109092 0.0223873 0.00417648 -5.29831e-06 0.00106655 -0.000470213 -0.00221182 0.00257847 -0.00435113 -0.00908972 -0.0024753 0.0162766 0.00969509 0.00389879 -0.000399589
internal_weight=30990.6 30902.4 907.125 88.2608 305.912 125.339 180.572 156.716 23.8567 29995.2 1002.04 428.875 573.165 381.496 191.669 42.4296 32.1134 141.273 28993.2 7797.18 3892.75 1998.41 554.982 199.873 164.251 118.19 35.6223 64.8915 56.0534 21196
internal_count=231351 225728 7016 5623 2339 1059 1280 1087 193 218712 5899 2529 3370 2245 1125 244 188 812 212813 50357 25201 12960 3581 1295 1069 795 226 410 358 162456
cat_boundaries=0 1 2 3 4 5
cat_threshold=4940224 11374336 324 7137430 316
is_linear=0
shrinkage=0.04


Tree=119
num_leaves=31
num_cat=2
split_feature=9 6 18 30 6 17 30 14 23 23 6 11 3 29 33 0 21 30 29 23 26 32 32 27 5 3 26 23 15 33
split_gain=9.63136 12.9804 11.1963 9.56579 8.77071 7.98434 7.60961 12.7397 11.6149 8.29823 12.0977 8.25841 7.26961 7.2333 6.51679 9.75767 12.4225 11.2059 8.75764 9.67282 8.67737 8.17073 10.3102 7.74117 7.48752 6.27766 6.07627 10.6007 10.5272 9.40469
threshold=-13.129166666666663 0.0049999999999994502 3.5000000000000004 1.9826666666666666 -0.034999999999999691 -0.016666666666666701 -2.7274999999999991 4.3875000000000011 6.7600000000000007 1.655 -0.0066666666666672638 38.500000000000007 0.063878363936655982 1.3550000000000002 0 0.15390856844305123 0.22500000000000003 0.059999999999999838 4.3450000000000006 33.805000000000007 1.5000000000000002 5.955000000000001 5.205000000000001 1.5000000000000002 6.7750000000000012 0.062622549019607857 3.5000000000000004 34.320000000000007 0.2181666666666667 1
decision_type=2 2 10 2 2 10 2 8 2 2 2 2 10 2 1 10 8 2 2 2 2 2 2 2 2 8 2 2 10 1
left_child=1 2 4 -3 -1 -4 7 9 11 10 -2 -9 -5 -8 15 17 18 -6 -17 24 -21 22 -22 25 -20 -19 27 -15 -28 -29
right_child=6 3 5 12 14 -7 13 8 -10 -11 -12 -13 -14 26 -16 16 -18 23 19 20 21 -23 -24 -25 -26 -27 28 29 -30 -31
leaf_value=-0.0026550860467898303 0.10053786792224641 -0.008040846743911808 -0.0046326944132192146 -0.0073246543752072592 -0.044331793913885247 -0.034660535213114303 -0.040884017522491822 -0.024521428381162669 0.089434945322117876 -0.028280337884423207 -0.002118363945837276 0.076053300627342613 0.041396945655832684 0.0023003158092278178 0.0027962316805507765 0.08468219231711048 -0.001218432424054378 0.01627759310320008 -0.025494528075996642 0.079003456944140557 0.01313614116223143 -0.0048619629026814574 0.085157423740832267 0.02537829804510949 0.028746757659132049 -0.035935435913876414 -0.00013550954175150205 0.0012888888875119114 -0.005814604069907742 -0.00091258945588464622
leaf_weight=179.5603612344712 3.8211820926517248 642.21885252092034 208.25811637565494 8.702687546610834 6.9457999840378752 15.202309865504501 6.8256002943962804 59.132782267872244 1.526106004603206 2.9428808316588402 3.5368245318531972 1.3357955180108536 11.213480010628698 5141.5936623783782 165.0030719190836 5.4308369597420088 19.044011544436216 6.8870113566517803 6.7802702412009266 8.5257076099514979 6.2954253181815165 6.7744225561618796 6.4271097667515278 23.14600545167923 10.193845249712465 7.9227935597300538 11523.963629762642 5941.7839716039598 547.03541454300284 6481.1770563982427
leaf_count=1152 48 5625 1849 48 51 103 453 4893 49 82 49 23 58 37430 1097 47 123 41 49 51 43 42 41 138 74 52 95661 36289 6126 39875
internal_value=0.000107102 -0.00320427 0.00066717 -0.00719419 0.0042424 -0.00667553 0.000256935 -0.0127046 -0.0195491 0.0284884 0.0511934 -0.0222997 0.0201073 0.000288548 0.00867554 0.0155531 0.0263058 0.00238035 0.0367004 0.0309093 0.0453432 0.0306241 0.0495195 0.0109285 0.0070802 -0.0116548 0.00029803 0.000772846 -0.000392876 0.00014066
internal_weight=31059.2 1344.53 682.397 662.135 458.937 223.46 29714.7 72.2956 61.9947 10.3009 7.35801 60.4686 19.9162 29642.4 279.376 114.373 69.4716 44.9016 50.4276 44.9968 28.0227 19.497 12.7225 37.9558 16.9741 14.8098 29635.6 17564.6 12071 12423
internal_count=231662 10684 4953 5731 3001 1952 220978 5144 4965 179 97 4916 106 215834 1849 752 470 282 347 300 177 126 84 231 123 93 215381 113594 101787 76164
cat_boundaries=0 1 2
cat_threshold=154 312
is_linear=0
shrinkage=0.04


Tree=120
num_leaves=31
num_cat=4
split_feature=1 30 29 22 5 20 20 6 22 20 31 15 3 8 3 20 3 25 29 8 22 22 6 9 11 2 14 15 8 2
split_gain=12.209 14.6708 15.754 17.2541 11.8553 12.0474 13.4365 11.4532 12.0886 12.8455 12.0333 11.5392 13.2006 11.316 11.0468 10.9563 10.325 10.1798 14.9744 9.90332 13.2343 9.98985 12.2501 13.6843 9.59892 15.4615 15.8993 14.1457 11.4918 11.3433
threshold=5.5000000000000009 -0.83499999999999963 4.035000000000001 0 6.7750000000000012 0.15476190476190479 1.0000000180025095e-35 -0.009999999999999341 1 0.29285714285714287 4.5000000000000009 0.12100000000000002 0.075974683544303812 49.235000000000007 0.098623128907977017 1.0000000180025095e-35 0.080938618221855232 -3.6116666666666695 4.3450000000000006 39.095000000000006 2 3 0.0050000000000003384 -23.931666666666661 51.500000000000007 41.32500000000001 4.5277777777777786 0.16683333333333342 33.025000000000013 11.565000000000001
decision_type=2 2 2 1 2 8 10 2 1 10 2 8 10 2 10 10 10 2 2 2 1 1 2 2 2 2 8 10 2 2
left_child=-1 7 3 -3 14 6 -6 8 9 17 -9 12 -12 -10 -5 -14 -8 -2 -19 21 -21 24 23 -23 -4 26 28 -27 29 -26
right_child=1 2 19 4 5 -7 16 10 13 -11 11 -13 15 -15 -16 -17 -18 18 -20 20 -22 22 -24 -25 25 27 -28 -29 -30 -31
leaf_value=5.6652081459092793e-05 0.0020849148116586017 -0.010437295920572092 -0.001788198454708776 0.12601178768862609 0.017211380597183537 -0.043129610004607431 0.15131152712955526 0.033089872749589994 -0.016163243401492215 0.095871207534713482 -0.041642191413330316 -0.023214473310332991 0.0021330181950536837 0.050609640046036367 0.03088906419650967 0.13319219738642724 0.041725438303867844 0.11489457026760785 -0.022722998487881351 -0.0066441876791375459 0.0058485999404167526 0.066030727737947881 -0.011005761707405633 -0.0029638392538268504 -0.045955182038532202 0.021498819630563045 0.086358289440530284 0.10696509730380195 -0.018117746753798892 0.020711826240254746
leaf_weight=28165.454097665846 28.393915114924312 19.335496354848146 739.4800625834614 4.9607570506632346 9.9955718033015746 2.966758430004119 2.6782296597957602 6.9210172099992624 67.508944618050009 3.1676034294068804 2.5092304470017543 144.59385848604143 1.8436422133818267 4.320729572325944 3.2221522089093924 2.2860931819304824 2.8283630274236202 3.3047909531742325 2.0497417487204075 184.60921018198133 444.47151992470026 4.6344468630850306 472.91810352168977 610.63326157256961 4.5467751622200003 8.9270306043326837 3.6683568842709056 4.7457384951412669 29.927073590457439 40.081179415807128
leaf_count=193065 1052 361 7712 79 183 48 47 170 2388 57 72 6461 78 135 49 62 49 68 42 1849 4255 51 6068 6130 50 101 53 59 329 457
internal_value=-0.000196261 -0.00268564 -0.00176704 0.0214364 0.0352503 0.0307189 0.0448518 -0.0116156 -0.00162292 0.0148352 -0.0184866 -0.0208469 0.0307175 -0.0106623 0.0885557 0.0746833 0.0950246 0.011625 0.0622139 -0.00218572 0.00216984 -0.00361313 -0.00610883 -0.00244414 -0.000269796 0.0119193 0.00505972 0.0511637 0.00105956 0.0139197
internal_weight=31027 2861.53 2594.63 45.9873 26.6518 18.4689 15.5022 266.9 108.746 36.9161 158.154 151.233 6.63897 71.8297 8.18291 4.12974 5.50659 33.7484 5.35453 2548.64 629.081 1919.56 1088.19 615.268 831.376 91.8962 78.2234 13.6728 74.555 44.628
internal_count=231580 38515 27930 816 455 327 279 10585 3742 1219 6843 6673 212 2523 128 140 96 1162 110 27114 6104 21010 12249 6181 8761 1049 889 160 836 507
cat_boundaries=0 1 2 3 4
cat_threshold=10946091 225473 6760450 5007375
is_linear=0
shrinkage=0.04


Tree=121
num_leaves=31
num_cat=3
split_feature=1 22 33 29 3 6 29 23 22 18 3 6 34 32 15 15 2 6 15 20 29 14 2 2 14 8 20 14 14 2
split_gain=10.0523 13.1491 14.0446 12.4701 11.8177 13.7939 10.3984 11.4974 13.098 18.1272 20.3946 15.6807 20.8372 13.5109 12.5902 14.6044 10.3234 13.7205 9.7198 9.09627 10.6208 12.2615 9.89906 10.6957 8.88095 7.90272 8.34591 11.8107 14.9247 8.44735
threshold=5.5000000000000009 0 1 8.0250000000000004 0.26336189310485519 -0.0066666666666663757 1.0000000180025095e-35 3.4000000000000008 2 4.5000000000000009 0.17134964483030785 -0.028166666666666892 3.5000000000000004 1.2550000000000001 0.21707142857142861 0.17788888888888893 30.750000000000004 0.0033333333333325226 0.23527777777777781 1.0000000180025095e-35 4.2650000000000006 2.9500000000000006 33.755000000000003 37.525000000000006 3.0500000000000003 21.505000000000006 0.31666666666666671 4.0500000000000007 3.5277777777777781 44.010000000000012
decision_type=2 1 1 2 10 2 2 2 1 8 10 2 2 2 8 10 2 2 10 8 2 10 2 2 10 2 8 10 8 2
left_child=6 2 -2 4 5 19 16 8 9 10 -8 12 14 -12 15 -11 17 -1 -3 -4 21 -21 -23 -24 -20 -6 27 28 -27 -29
right_child=1 18 3 -5 25 -7 7 -9 -10 11 13 -13 -14 -15 -16 -17 -18 -19 24 20 -22 22 23 -25 -26 26 -28 29 -30 -31
leaf_value=0.14479144785319156 -0.020220191160389894 -3.9344217769999016e-05 -0.017881182816735033 0.069295030090057344 -0.044834042643575746 -0.010826707231408151 -0.0037544419483839988 0.00035911215107595136 -0.020638426533434739 0.044346542680552319 0.050636119901053545 -0.026769231565480688 -0.042215604220882302 0.1914176523769516 -0.0025543552496741467 0.24934803014175963 -0.0023118017899123903 0.024991482640613127 0.043714837829493515 0.12244430830546142 0.0007734839179818696 -0.0080746178385664533 0.125244562136752 0.015119655250605579 -0.034694809484934516 0.030260701159394058 -0.013768198113338776 -0.008708003184536281 0.11394007296921711 0.13725576698507266
leaf_weight=2.5252056643366796 93.753658837173134 1959.721587639302 39.274019662756473 3.6609480902552596 3.160313641652464 404.98059706110507 3.9253346556797641 28069.772796516307 72.57546063605696 0.93452662695199595 2.1544462898746133 16.389839482028037 2.2880753148347139 2.2091033235192299 1.0180566189810631 1.3728059995919464 5.5487355962395668 3.8795706480741501 2.6002883836627033 2.1768404534086612 274.78941349126399 8.1541687715798599 2.3874646984040728 3.4504856653511524 20.789936726912856 13.745565026998525 8.6090030474588257 11.091383582446721 4.5355541184544554 0.6728661525994547
leaf_count=36 1392 24886 816 24 142 6259 63 188956 2771 47 66 814 84 43 39 54 119 59 23 47 2752 174 53 70 814 121 63 757 65 57
internal_value=9.68241e-05 -0.00216378 -0.00621679 -0.00430065 -0.00470274 -0.00587917 0.000326021 0.000310195 -0.0130381 0.00900993 0.0623988 -0.00700744 0.0506918 0.121909 0.114618 0.166317 0.0376255 0.0722249 -0.000343551 0.00018825 0.00262729 0.0341325 0.0203933 0.0601559 -0.025978 0.015982 0.0209542 0.0309034 0.0510216 -0.000359483
internal_weight=31042.1 2857.55 874.442 780.689 777.028 735.213 28184.6 28172.6 102.868 30.2922 8.28888 22.0033 5.61346 4.36355 3.32539 2.30733 11.9535 6.40478 1983.11 330.232 290.958 16.169 13.9921 5.83795 23.3902 41.8147 38.6544 30.0454 18.2811 11.7642
internal_count=231666 38515 12792 11400 11376 10171 193151 192937 3981 1210 172 1038 224 109 140 101 214 95 25723 3912 3096 344 297 123 837 1205 1063 1000 186 814
cat_boundaries=0 1 2 3
cat_threshold=14878016 2 13836544
is_linear=0
shrinkage=0.04


Tree=122
num_leaves=31
num_cat=1
split_feature=9 29 29 9 8 14 23 29 17 6 25 32 6 15 15 8 24 6 32 33 11 16 21 9 14 23 18 25 15 25
split_gain=9.02339 12.5605 10.8096 9.35557 8.21658 25.9459 7.56368 9.19429 9.94547 9.06611 8.83022 12.5034 10.2888 8.80489 13.288 14.293 15.8812 10.739 9.22882 8.73374 9.92403 11.3522 8.23405 11.09 15.0098 13.9672 13.3452 10.1212 9.86408 12.1958
threshold=-2.1836666666666669 2.8850000000000002 3.3050000000000002 -9.6699999999999982 20.055000000000003 4.6125000000000007 49.100000000000009 6.4350000000000014 0.11250000000000003 -0.0049999999999994485 23.085833333333337 7.0750000000000011 -0.10999999999999986 0.11950000000000004 0.1470714285714286 39.725000000000001 26.300000000000004 0.056666666666667094 6.3350000000000009 0 26.500000000000004 0.43650793650793657 0.29166666666666669 0.059166666666666153 3.8166666666666669 43.975000000000001 5.5000000000000009 -10.403333333333329 0.18316666666666673 -15.318333333333328
decision_type=2 2 2 2 2 8 2 2 10 2 2 2 2 10 10 2 2 2 2 1 2 10 10 2 10 2 10 2 8 2
left_child=1 3 -3 -1 5 -5 10 9 -9 -8 22 12 -12 -10 15 16 -15 19 -19 -18 -21 -22 28 27 26 -26 -25 -24 -2 -30
right_child=6 2 -4 4 -6 -7 7 8 13 -11 11 -13 -14 14 -16 -17 17 18 -20 20 21 -23 23 24 25 -27 -28 -29 29 -31
leaf_value=-0.035649358457928181 0.00082353694830685246 0.012318321619110416 -0.0009197444481966481 0.19009281137288114 -0.011340044000381735 -0.0051644467050830636 -0.002056346326327329 0.0017953357302424922 -0.0090423989689614077 -0.018861473753112191 -0.032298813752803752 -0.0013467559413948391 0.0083494056962360452 0.032195737203652007 -0.0055591669640151567 -0.0050337437368371783 -0.0050349437567273414 -0.0098556219779508576 0.045800368997215735 -0.018851389791309871 0.047558376071589803 0.0078657759742394601 -0.0041128091508255494 0.00011042775408571404 0.024076071721371616 -0.043966833375968982 0.024910284438230294 0.0085765167480811137 -0.0068354782228865416 -0.00059552056583084983
leaf_weight=24.878143548499793 8867.1915055830032 99.577370539307594 11094.458523284644 1.3667147774249304 88.470036493148655 5.3560546971857548 117.32004328072071 1364.3798835836351 298.12000945582986 91.363779038190842 10.118432100862263 384.79736816883087 649.58921336196363 36.084045328199863 652.40055495500565 261.68831297382712 138.00508956238627 6.5742939263582256 17.340238582342863 20.791313700377941 12.200500935316084 209.379753831774 119.1068493258208 2246.5869757756591 66.213437693193555 5.2063855528831473 35.26220329105854 646.24770770967007 608.87997154798359 2832.4417011244223
leaf_count=1022 67321 1391 81474 21 3144 221 717 8599 1733 579 62 2283 3831 210 3725 1518 812 40 100 121 68 1204 931 14651 541 33 300 4249 8730 22120
internal_value=-3.97367e-05 -0.000940016 -0.000801984 -0.0138085 -0.00810053 0.0345306 0.000477383 -0.00129388 -0.000732226 -0.00941379 0.00082425 0.00438355 0.00772595 -0.00281899 -0.00144921 0.00237002 0.00676963 0.00450028 0.0305001 0.00286565 0.00727192 0.0100513 0.000583265 0.00241915 0.00105884 0.0191159 0.000493669 0.00660176 0.000118105 -0.00169957
internal_weight=31011.4 11314.1 11194 120.071 95.1928 6.72277 19697.3 3225.65 3016.96 208.684 16471.6 1044.51 659.708 1652.58 1354.46 702.064 440.375 404.291 23.9145 380.377 242.372 221.58 15427.1 3118.62 2353.27 71.4198 2281.85 765.355 12308.5 3441.32
internal_count=231751 87273 82865 4408 3386 242 144478 19426 18130 1296 125052 6176 3893 9531 7798 4073 2555 2345 140 2205 1393 1272 118876 20705 15525 574 14951 5180 98171 30850
cat_boundaries=0 1
cat_threshold=37
is_linear=0
shrinkage=0.04


Tree=123
num_leaves=31
num_cat=5
split_feature=26 1 30 30 25 22 6 22 6 1 22 20 11 30 0 32 24 34 22 11 22 0 23 13 32 32 23 24 2 25
split_gain=10.2948 14.2005 15.9642 15.2517 13.7723 13.3053 12.6272 19.2631 11.8992 11.5363 21.9193 17.8984 17.4608 14.4575 11.3028 12.3953 13.8699 11.2672 11.1747 12.6881 18.2926 17.2555 20.7126 17.8993 11.9522 17.2728 15.2501 10.7186 13.7637 11.4988
threshold=2.5000000000000004 2.5000000000000004 1.8800000000000006 -2.879166666666666 -3.6116666666666695 0 0.068333333333333815 1 -0.0033333333333334099 1.5000000000000002 2 0.21111111111111114 58.500000000000007 -0.4183333333333325 0.20002232142857149 5.3050000000000006 52.410000000000004 1.5000000000000002 3 22.500000000000004 4 0.14602997305792548 24.755000000000006 7.5000000000000009 7.0550000000000006 7.2950000000000008 60.065000000000005 47.605000000000011 42.82500000000001 -6.2683333333333318
decision_type=2 2 2 2 2 1 2 1 2 2 1 10 2 2 8 2 2 2 1 2 1 8 2 2 2 2 2 2 2 2
left_child=4 -2 3 -3 8 -4 18 -8 -1 10 14 13 -13 -12 15 -6 -17 -18 -5 20 -20 23 -23 -22 26 -26 27 -21 29 -29
right_child=1 2 5 6 9 -7 7 -9 -10 -11 11 12 -14 -15 -16 16 17 -19 19 24 21 22 -24 -25 25 -27 -28 28 -30 -31
leaf_value=0.0030768135329516466 0.00061553289721825587 -0.023909540735879191 -0.0055562160529994487 0.0012087978290739392 -0.0091593619014629715 0.019922594826198209 -0.0021862159332210252 -0.01680429238685829 0.056831471720457494 0.0012772559864569712 0.017494432886827928 -0.012452368202933137 0.049884968803165286 -0.003217649974200364 0.023593529597946833 0.0069540884901663725 -0.017067549235118142 0.0008496035363576318 -0.0065680943137333718 -0.0022355617726289301 0.025125055741551768 0.019892358160667312 -0.0067911763816581828 0.11606096366495917 0.022476689014008427 -0.0026862375950970131 -0.027324275732150856 0.036057040011349753 0.019519954156766148 -0.015807645400776161
leaf_weight=13.334089620038869 7465.8807467631996 49.792118516284972 48.42829455435276 2123.0779799837619 146.41094093769789 88.142275094985962 455.90395589824766 208.54242658661678 13.02471935097128 10252.553217679262 58.013279382139444 469.44244308769703 7.3011419624090186 764.59388405829668 38.886258639395237 591.81021928787231 74.6419463083148 226.74763059616089 124.0236657243222 7110.8878650194965 11.710904974490406 120.42903968505561 75.865712083876133 4.9175179498270145 74.824693977832794 104.75384837016463 39.84805503487587 7.0768787562847129 21.508971940726042 203.98028009012341
leaf_count=96 46964 4434 249 19490 944 449 5185 2552 101 62130 368 3663 51 5279 242 4026 568 1643 1942 64226 152 2590 592 62 554 778 254 58 166 1600
internal_value=-0.000122152 -0.000727744 -0.00165004 -0.00182289 0.000755348 0.0119397 -0.00171999 -0.00706004 0.0296387 0.000695071 -0.00181513 -0.00529021 -0.0114977 -0.00175696 0.00239838 0.00162865 0.00339699 -0.00358775 -0.00136598 -0.00205688 0.00553526 0.0123153 0.00957947 0.0520175 -0.00239785 0.00779836 -0.00264584 -0.00251193 -0.0109621 -0.0140686
internal_weight=30996.4 18339.6 10873.7 10737.1 12656.8 136.571 10687.4 664.446 26.3588 12630.4 2377.85 1299.35 476.744 822.607 1078.5 1039.61 893.2 301.39 10022.9 7899.83 336.947 212.923 196.295 16.6284 7562.88 179.579 7383.3 7343.45 232.566 211.057
internal_count=231408 152297 105333 104635 79111 698 100201 7737 197 78914 16784 9361 3714 5647 7423 7181 6237 2211 92464 72974 5338 3396 3182 214 67636 1332 66304 66050 1824 1658
cat_boundaries=0 1 2 3 4 5
cat_threshold=14757925 6087695 730655 4458562 8914476
is_linear=0
shrinkage=0.04


Tree=124
num_leaves=31
num_cat=5
split_feature=7 6 22 14 1 33 32 1 22 22 17 16 1 11 22 19 3 16 11 6 17 0 6 23 23 32 32 32 0 11
split_gain=9.167 18.1387 15.2615 12.0469 18.2243 11.7621 10.8386 11.0872 11.5095 9.3641 10.4134 9.6562 9.89047 15.5173 15.8935 12.9271 11.3129 10.4103 17.9785 9.72932 9.60984 9.55522 17.2034 9.5241 25.6824 16.2841 9.41444 9.10121 9.02132 8.78671
threshold=4.5000000000000009 0.051666666666666312 0 4.1833333333333345 3.5000000000000004 1 6.7950000000000008 1.5000000000000002 2 3 -0.28320105820105806 0.10555555555555557 1.5000000000000002 46.500000000000007 4 0.36666666666666675 0.25066844919786102 0.18333333333333338 29.500000000000004 0.011666666666666272 -0.033333333333333333 0.1572346683354193 -0.031666666666666725 44.650000000000006 47.145000000000003 6.3650000000000011 4.995000000000001 7.3850000000000007 0.16768682099705556 62.500000000000007
decision_type=2 2 1 8 2 1 2 2 1 1 8 8 2 2 1 8 10 10 2 2 10 10 2 2 2 2 2 2 10 2
left_child=1 9 -2 -4 5 6 7 -5 -9 -1 -11 20 13 16 23 -14 17 18 -13 -16 27 -20 -23 -15 -25 -26 -18 -12 -22 -6
right_child=2 -3 3 4 29 -7 -8 8 -10 10 11 12 15 14 19 -17 26 -19 21 -21 28 22 -24 24 25 -27 -28 -29 -30 -31
leaf_value=-0.00033649111835082671 0.0010847545624326246 0.016556302809729206 -0.001542607893621662 0.018145245580951121 -0.015632025460773094 -0.0088357658836727675 0.052027954478750589 0.010943287867285208 -0.0089145915626950498 -0.0064774127807045402 0.0040158413370975834 -0.019601570702133739 -0.00050881417735039924 0.011918029241431 0.0028489190056510119 0.0027383436646744828 0.06553613360465381 -0.0041922373365514409 0.0094513725487029281 -0.015858410905720013 -0.0013207251830967917 0.00062992278522457372 0.079736957110138396 0.10938129914483861 0.074426167594098022 -0.0039077077146256996 0.0074933922896262915 0.045088039945927652 0.03972667693325066 0.0485566525704305
leaf_weight=10370.51035220921 3402.2811965136789 113.89404675643891 3799.9510794719681 55.594523675739765 289.63617509696633 210.37137537822127 7.2716783732175818 62.03507823497057 124.59464312158525 270.42306028399616 1031.8902870072052 18.096872635185719 2883.3549199979752 94.288195289671421 392.53327821940184 6136.3116230508313 6.634650997817519 1584.919403642416 19.855044424533844 50.166205830872059 13.344466295093296 7.1412278637290028 11.452284432947634 6.3276768699288395 5.8540388569235828 15.457930065691469 13.711298510432242 8.7050603143870813 23.927914296276867 3.4528373330831519
leaf_count=73865 28530 880 29635 396 5582 1704 43 508 1046 3548 10299 131 20891 559 2507 39010 45 11349 135 317 84 46 75 44 41 114 101 54 167 55
internal_value=0.000229183 0.000632804 -0.000941761 -0.00245312 -0.00708081 -0.00211278 0.00375941 0.00246557 -0.0022052 0.000553831 0.00128619 0.00145759 0.00111096 -0.00127662 0.00445229 0.00170031 -0.00322311 -0.00359055 0.0132743 0.000712922 0.00507423 0.0287482 0.0493542 0.0166087 0.0386191 0.0176093 0.0264207 0.00435943 0.0250307 -0.0148758
internal_weight=31034 23078.8 7955.19 4552.91 752.956 459.867 249.496 242.224 186.63 22964.9 12594.4 12324 11246.1 2226.44 564.627 9019.67 1661.81 1641.46 56.5454 442.699 1077.87 38.4486 18.5935 121.928 27.6396 21.312 20.3459 1040.6 37.2724 293.089
internal_count=231761 164262 67499 38969 9334 3697 1993 1950 1554 163382 89517 85969 75365 15464 3582 59901 11882 11736 387 2824 10604 256 121 758 199 155 146 10353 251 5637
cat_boundaries=0 1 2 3 4 5
cat_threshold=287151 391 5276224 6381903 557568
is_linear=0
shrinkage=0.04


Tree=125
num_leaves=31
num_cat=5
split_feature=18 13 23 22 9 14 34 31 23 22 23 15 9 11 8 22 32 30 6 22 15 29 31 13 13 6 10 2 0 22
split_gain=10.1794 12.5429 14.6389 16.0874 12.1734 15.5771 12.9132 12.2309 11.8642 13.8395 12.34 25.8224 11.5316 11.3472 11.2541 10.4765 11.7276 10.9953 9.76329 11.3397 9.68165 9.67302 11.5112 20.9151 14.5932 11.3723 10.0867 23.876 9.37924 11.5601
threshold=4.5000000000000009 1.5000000000000002 6.7600000000000007 0 3.9933333333333345 4.4722222222222232 4.5000000000000009 5.5000000000000009 9.6950000000000021 1 8.8400000000000016 0.15050000000000005 -8.2149999999999963 43.500000000000007 26.625000000000004 2 4.6750000000000007 1.373666666666667 -0.010000000000000229 3 0.2310555555555556 2.4150000000000005 5.5000000000000009 2.5000000000000004 7.5000000000000009 -0.0081666666666668757 1.5000000000000002 32.435000000000009 0.15887607206967627 4
decision_type=10 2 2 1 2 10 2 2 2 1 2 10 2 2 2 1 2 2 2 1 8 2 2 2 2 2 2 2 10 1
left_child=8 2 -2 4 5 -4 7 14 9 -1 12 -12 -11 21 -7 17 18 20 19 -17 -3 22 23 -14 25 -25 27 -24 -10 -30
right_child=1 15 3 -5 -6 6 -8 -9 28 10 11 -13 13 -15 -16 16 -18 -19 -20 -21 -22 -23 26 24 -26 -27 -28 -29 29 -31
leaf_value=-0.0039503411798438859 -0.021606958866971549 1.2699537732855397e-05 -0.0014834665100469772 -0.00043257533670233711 0.033140001969301405 0.015811437426559102 -0.021420321147304484 -0.004544637507728798 -0.00054745259647644953 -0.034105625623901688 0.13978697787525035 0.025980848508487343 0.005817642260567496 0.059841168232267726 0.063172530571165522 -0.012363385651048726 -0.0015760232596444376 0.022213924470333622 -0.0095337890151211153 0.0016842209296346123 -0.013526061259533042 0.0011540897595066345 -0.012603402593368567 0.070240356708117763 0.038482823909144259 0.20184306724915885 -0.0076602162883570258 0.1850944342471858 -0.00044430623951819201 0.0020194674773547664
leaf_weight=74.361432165373117 30.797254096716642 2359.2641895324923 77.446485683321953 225.69601799640805 49.954531408846378 12.552934419363735 7.5956505350768557 9.7711444366723281 12428.458683449775 7.6083355322480193 3.8992521222680834 17.536320064216852 7.1411552825011295 8.9819011967629176 22.2682119384408 115.46997032081708 1710.235043742694 34.666781730949879 749.79600989446044 340.20960222324356 87.65041405428201 48.923152844421566 2.5500488393008736 1.755855727009475 3.3991193678230047 2.6156456414610147 14.483552736230193 1.5848869425244627 5190.1570678278804 7368.514747004956
leaf_count=1264 1275 23724 634 1887 389 111 70 125 80340 156 48 184 120 88 188 1362 13781 201 10468 4042 1406 616 67 31 66 66 430 53 36674 51691
internal_value=-4.05402e-05 -0.00154617 0.00497916 0.00699942 0.0155005 0.00989878 0.0267899 0.0350019 0.000308236 0.0101405 0.0176966 0.0466828 0.01321 0.0171471 0.046099 -0.00207339 -0.00369318 -0.000154728 -0.00672747 -0.00210982 -0.00047227 0.0124963 0.0290454 0.0552338 0.100647 0.148984 0.00807087 0.0631726 0.000231568 0.00100251
internal_weight=31015.3 5833.37 436.082 405.285 179.589 129.634 52.1879 44.5923 25182 194.841 120.479 21.4356 99.0437 91.4353 34.8211 5397.29 2915.71 2481.58 1205.48 455.68 2446.91 82.4534 33.5303 14.9118 7.77062 4.3715 18.6185 4.13494 24987.1 12558.7
internal_count=231557 59663 4679 3404 1517 1128 494 424 171894 3189 1925 232 1693 1537 299 54984 29653 25331 15872 5404 25130 1449 833 283 163 97 550 120 168705 88365
cat_boundaries=0 1 2 3 4 5
cat_threshold=5809557 3426905 10287152 7 10850736
is_linear=0
shrinkage=0.04


Tree=126
num_leaves=31
num_cat=6
split_feature=30 22 0 15 17 13 23 12 0 22 21 22 30 15 0 19 33 17 22 11 15 16 17 2 6 0 23 6 15 25
split_gain=6.97818 10.0753 9.13347 10.3376 9.04506 11.8163 7.33103 17.8929 12.9455 18.1862 12.7081 9.23384 10.5371 11.7176 11.987 13.0719 9.12576 11.4674 9.01987 12.6576 20.0242 12.9422 12.2568 10.8325 10.873 10.5848 10.7303 12.1266 9.51778 9.51486
threshold=-2.879166666666666 0 0.18236939571150099 0.18585714285714292 -0.21679894179894174 4.5000000000000009 43.975000000000001 1 0.13460356749960714 2 0.55000000000000016 3 -0.36366666666666653 0.2070714285714286 0.17158578637510516 0.36666666666666675 4 -0.067658730158730182 5 50.500000000000007 0.10118055555555558 0.18333333333333338 -0.051388888888888908 39.140000000000008 -0.015499999999999845 0.18300289017341045 36.905000000000008 -0.051666666666667187 0.23800000000000004 -25.064166666666662
decision_type=2 1 10 10 8 2 2 1 10 1 10 1 2 10 10 8 1 8 1 2 8 8 10 2 2 10 2 2 10 2
left_child=1 2 3 -1 -4 -6 7 8 9 10 -2 12 -10 14 -14 -16 17 -9 19 -18 -21 25 -23 24 28 26 27 -22 -20 -25
right_child=6 -3 4 -5 5 -7 -8 16 11 -11 -12 -13 13 -15 15 -17 18 -19 23 20 21 22 -24 29 -26 -27 -28 -29 -30 -31
leaf_value=0.023909519803622336 -0.0041973598132511751 -0.026071816719460319 -0.030739208088223592 0.15912533932598777 -0.031030913818577401 0.069679493930153505 -0.00081587122722407215 -0.0034221836564435407 0.019105066590737418 0.018195488157439373 0.036531113281209081 -0.00029046270111950388 0.0029807009821411147 -0.026554246280355038 0.040478632286254826 0.0088159977988887354 0.0010723566697296949 0.00014833559223926957 0.0030981819181060649 0.082446564295886357 0.074808332283672341 -0.0046769232435343233 0.0064734384277621614 0.011290294648506193 -0.00059074443851472186 0.0044855727414182109 0.074571160644612874 0.016612146968105052 -0.018373078498233875 -0.0037785843395281389
leaf_weight=9.4341253195889312 132.59639433212578 28.440705579239875 12.169962933287023 1.0006044898182143 3.3511119564063874 4.2005577003583312 9397.5666227713227 2227.0723320599645 82.596279449760914 206.60023169592023 13.50615982711315 896.54857821390033 704.56671765446663 19.453836500644684 28.69913013651967 76.400220382958651 3907.0385331362486 4068.217429548502 2339.4181331498548 5.4700435250997534 6.0733858086168757 218.38104701414704 567.9482677411288 70.239493987988681 4210.3290040418506 90.342829527333379 6.0728092119097701 100.99245158210397 33.505527956876904 1473.7087354161777
leaf_count=456 896 2433 1224 76 194 193 57908 21645 690 1364 84 5854 4386 130 183 463 31441 28843 16774 45 41 1922 3972 799 35469 831 43 877 338 11551
internal_value=8.98173e-05 -0.0137007 0.0049655 0.0368756 -0.00940036 0.0249885 0.000115983 0.000523563 0.00396664 0.0109951 -0.000404604 0.00261768 0.00542116 0.00412337 0.00486046 0.017462 0.000136423 -0.00111303 0.000740495 0.00209394 0.00612526 0.00570348 0.00337674 -7.74705e-05 0.000629645 0.0146949 0.0228472 0.0199134 0.00279501 -0.00309305
internal_weight=30941.9 58.5971 30.1564 10.4347 19.7216 7.55167 30883.3 21485.8 2160.97 352.703 146.103 1808.26 911.716 829.12 809.666 105.099 19324.8 6295.29 13029.5 4902.32 995.281 989.811 786.329 8127.2 6583.25 203.481 113.139 107.066 2372.92 1543.95
internal_count=231125 4576 2143 532 1611 387 226549 168641 14050 2344 980 11706 5852 5162 5032 646 154591 50488 104103 39172 7731 7686 5894 64931 52581 1792 961 918 17112 12350
cat_boundaries=0 1 2 3 4 5 6
cat_threshold=14569216 1 3808024 3234877 168 2132968
is_linear=0
shrinkage=0.04


Tree=127
num_leaves=31
num_cat=6
split_feature=19 1 22 10 22 11 30 1 27 22 2 19 6 30 6 0 22 8 25 29 0 11 22 22 30 26 25 16 16 0
split_gain=10.1297 12.2763 19.7873 19.0527 11.4614 11.4002 11.6326 10.7121 18.2179 16.6631 15.3586 13.1473 10.6706 10.6207 10.178 10.1637 11.9902 12.6977 11.5517 12.8748 14.1572 10.241 10.8061 10.6585 17.1913 12.4111 10.1819 9.67916 9.50569 13.6864
threshold=0.55000000000000016 3.5000000000000004 0 3.5000000000000004 1 22.500000000000004 1.4466666666666668 1.5000000000000002 1.5000000000000002 2 44.465000000000011 0.77500000000000013 0.053333333333334128 -0.7599999999999999 -0.021666666666666053 0.17428974979822442 3 22.190000000000001 -18.244499999999995 5.6050000000000013 0.17587126368748154 54.500000000000007 4 5 -0.77500000000000002 5.5000000000000009 -8.1591666666666676 0.61250000000000016 0.41428571428571431 0.14313293172690766
decision_type=8 2 1 2 1 2 2 2 2 1 2 10 2 2 2 8 1 2 2 2 8 2 1 1 2 2 2 8 10 10
left_child=1 4 12 13 -1 6 -5 8 11 10 14 -2 -3 -4 -10 21 -17 -18 19 20 -19 23 -23 -9 -25 28 -27 -12 29 -26
right_child=7 2 3 5 -6 -7 -8 15 9 -11 27 -13 -14 -15 -16 16 17 18 -20 -21 -22 22 -24 24 25 26 -28 -29 -30 -31
leaf_value=-0.0015189012130572728 -0.0037485823785750241 -0.0035046140583681351 -0.0037151029921658318 0.0088811472536361215 0.00091587975226290277 -0.0034952320287056429 0.1055740836133806 0.00073043668234823846 -0.013257237977213223 0.0059352972190258512 0.038193662489525729 -0.017476207728864046 -0.011279105185954432 0.00323802469800487 -0.00063945274293919344 -0.007130284823706803 -0.01393763816037866 0.096784611028690598 0.0011418362505204419 -0.01180759860504782 0.021835780060332332 0.0049678458229626115 -0.010366152581358975 0.020708368462242058 0.019245322652066372 -0.003863277407349206 -0.041367843721168106 -0.0091902083791677077 0.0032226766490047461 0.0049688182698369478
leaf_weight=4646.8813598211855 332.11902455985546 3031.3913430674002 419.11865099146962 87.313089167699218 9204.2058432437479 2156.1980385310017 2.0371549874544135 2737.8253819020465 198.12630496919155 509.03262756764889 20.731092505156997 168.13810011744499 311.48920155176893 2178.259472720325 211.44968361407518 420.91357581643388 81.083549935370684 4.4042838774621487 681.17540812306106 17.126391228288412 47.762914535589516 110.38053026795387 192.45053740218282 97.147986255586147 152.60789924114943 175.98209331557155 12.397863548249004 10.33680225163698 2467.7724623382092 363.00368748232722
leaf_count=29497 2440 32197 8518 2445 57093 21957 12 16730 1456 3587 146 1307 4156 17732 1457 3055 594 36 4757 110 548 693 1226 1042 946 1218 88 77 14299 2370
internal_value=-0.00016515 -0.000627181 -0.00185527 -0.000216305 9.86032e-05 -0.00291506 0.0110857 0.00096465 -0.00218479 0.00106941 -0.00458238 -0.00836248 -0.00421643 0.00211605 -0.00674312 0.00156852 -0.0017229 0.00108688 0.00272467 0.0182843 0.0281634 0.00222187 -0.00495524 0.00258371 0.00412105 0.00362599 -0.00633157 0.0224283 0.00425474 0.0091943
internal_weight=31048.9 22036.9 8185.81 4842.93 13851.1 2245.55 89.3502 9011.97 1449.93 949.677 440.644 500.257 3342.88 2597.38 409.576 7562.03 1252.47 831.553 750.469 69.2936 52.1672 6309.57 302.831 6006.74 3268.91 3171.76 188.38 31.0679 2983.38 515.612
internal_count=231789 173607 87017 50664 86590 24414 2457 58182 10470 6723 3136 3747 36353 26250 2913 47712 9100 6045 5451 694 584 38612 1919 36693 19963 18921 1306 223 17615 3316
cat_boundaries=0 1 2 3 4 5 6
cat_threshold=15015456 567506 16127617 1067832 2229212 4416845
is_linear=0
shrinkage=0.04


Tree=128
num_leaves=31
num_cat=8
split_feature=6 22 13 14 0 30 8 22 6 32 11 22 8 23 12 1 22 18 22 0 8 2 23 8 22 25 32 30 33 31
split_gain=9.03102 12.5367 9.39541 14.1359 9.18361 8.40019 9.89216 12.9917 14.3637 17.1036 8.05594 14.8713 13.0816 8.27876 11.8918 14.6269 14.0438 11.004 10.5523 13.2876 10.919 10.5866 15.4547 10.5266 10.2096 11.0428 13.9376 10.464 9.67196 9.13621
threshold=0.068333333333333815 0 1.5000000000000002 4.3875000000000011 0.14807080200501258 -0.35333333333333322 41.615000000000002 1 0.10083333333333312 4.3250000000000011 56.500000000000007 2 25.535000000000004 43.975000000000001 3 1.5000000000000002 4 3.5000000000000004 5 0.12527149877149882 24.945000000000004 38.045000000000009 31.440000000000001 29.735000000000003 6 31.114166666666669 6.9350000000000014 1.0116666666666672 7 3.5000000000000004
decision_type=2 1 2 8 8 2 2 1 2 2 2 1 2 2 1 2 1 10 1 10 2 2 2 2 1 2 2 2 1 2
left_child=10 -2 3 -3 -5 -4 -7 8 9 -8 13 -12 -13 14 15 16 -1 24 19 -19 -20 22 -22 -23 25 26 -17 -28 -26 -16
right_child=1 2 5 4 -6 6 7 -9 -10 -11 11 12 -14 -15 29 17 -18 18 20 -21 21 23 -24 -25 28 -27 27 -29 -30 -31
leaf_value=-0.012062006675227353 -0.012872924351726087 0.0023007169363833142 -0.0080074031029652611 0.10080076784405045 0.027651401179721122 -0.0022191645332177053 0.10305668804358999 -0.0055045569940233496 -0.0057487478316671685 0.026543439722656666 -0.0075905444568763868 -0.012659848637645837 0.003487770176974049 -0.00069920032637452905 0.0014154414731052062 0.005610994409096846 0.0027702411918928546 0.056379908564775282 -0.0051259477343321173 -0.0078176120419997958 0.089344039881683171 0.036563303414781902 0.019484327120398968 -0.0029909859211053533 -0.0084371626480613023 -0.015950246925748767 0.030550724709379348 0.0034846427175781636 0.0027458891824647443 -0.00042411951981533171
leaf_weight=155.68102672696114 171.020227055531 83.345619751140475 336.34842597926036 3.2148526776582003 18.832413600757722 799.56336433812976 5.258283168077468 51.983799293637276 19.503748264163733 42.104667097330093 578.37364177778363 93.622859830036759 562.91459945589304 8853.1595049016178 8124.4489407651126 391.3727011308074 261.64196931570768 5.5593580342829219 41.430361073464155 71.558520346879959 5.1848472096025935 12.998282123357056 222.41481488570571 62.66167401149869 152.62760516628623 29.869594052433968 72.204970173537731 33.437809832394123 507.51165670901537 9224.2341684103012
leaf_count=1116 1673 652 4802 30 247 5891 39 369 135 272 4297 712 4209 54438 51256 2334 1824 38 301 520 42 100 1632 463 898 159 468 173 2966 89485
internal_value=2.01817e-05 -0.00297494 -0.00162383 0.00983517 0.0383178 -0.00259926 -0.000618647 0.0101488 0.0201307 0.035038 0.000175837 -0.00298646 0.00116732 0.00031418 0.000777235 0.00366932 -0.00298553 0.00541836 0.0109679 -0.00282354 0.0137368 0.0167667 0.0210758 0.00380439 0.00344636 0.0075286 0.00909111 0.0219838 7.2991e-05 0.000437101
internal_weight=30994.1 1531.18 1360.16 105.393 22.0473 1254.76 918.414 118.85 66.8667 47.363 29462.9 1234.91 656.537 28228 19374.8 2026.16 417.323 1608.83 421.808 77.1179 344.69 303.26 227.6 75.66 1187.02 526.885 497.015 105.643 660.139 17348.7
internal_count=231541 14110 12437 929 277 11508 6706 815 446 311 217431 9218 4921 208213 153775 13034 2940 10094 3096 558 2538 2237 1674 563 6998 3134 2975 641 3864 140741
cat_boundaries=0 1 2 3 4 5 6 7 8
cat_threshold=2297872 827437 1140919 1 13142410 4211008 6612137 96
is_linear=0
shrinkage=0.04


Tree=129
num_leaves=31
num_cat=4
split_feature=14 11 22 9 8 22 9 3 7 16 32 30 21 2 1 22 3 26 3 6 29 14 2 3 6 2 33 5 20 25
split_gain=8.89297 11.7822 14.1564 10.4201 12.5497 11.5673 11.0346 10.1952 9.32149 8.27535 7.92848 10.3022 7.86112 16.0598 7.27263 19.255 19.6549 14.7435 13.5005 12.4328 11.0678 21.6108 10.4587 11.7515 10.9219 27.5207 9.90372 9.6074 10.4978 9.29796
threshold=4.7071428571428582 51.500000000000007 0 0.52666666666666562 26.835000000000004 1 0.65999999999999848 0.025450717909964379 1.5000000000000002 0.18333333333333338 3.1150000000000007 -1.2633333333333332 1.0000000180025095e-35 27.915000000000003 4.5000000000000009 2 0.1522290885014346 3.5000000000000004 0.14536164327425471 -0.036666666666667506 2.2150000000000003 4.5277777777777786 38.900000000000006 0.15800719748088171 -0.10999999999999986 32.360000000000007 3 6.5550000000000006 0.10555555555555557 38.285000000000011
decision_type=10 2 1 2 2 1 2 10 2 8 2 2 10 2 2 1 10 2 8 2 2 8 2 10 2 2 1 2 8 2
left_child=14 3 -3 12 -5 9 -7 -4 -9 -6 -10 -12 -2 -14 27 16 18 19 -16 26 21 -19 24 -24 25 -18 -17 28 -1 -26
right_child=1 2 7 4 5 6 -8 8 10 -11 11 -13 13 -15 15 17 22 20 -20 -21 -22 -23 23 -25 29 -27 -28 -29 -30 -31
leaf_value=0.0090578244826557928 -0.010731650591291575 -0.0083461573880219235 0.071421980669202342 0.07792061280213286 0.006231129903873373 0.065347036325672306 -0.0091082550243545331 0.052411833097219071 -0.024487426477308977 0.061644596094471177 -0.02224899590323845 0.024632589722865451 0.07452136642477257 -0.005883265550392083 0.00058287737817486077 0.018173778367535091 0.10156312695264927 0.13819258846783022 -0.018461377011625112 -0.0025243499513273753 -0.00673733451982776 -0.026072206719151354 0.076547434762170338 0.018837923904288789 0.0039387620431431689 -0.013193107699997611 0.0021116501974900318 0.00066865970709923273 -0.025349532556922391 0.065015564582409466
leaf_weight=20.629003845155239 426.29944276902825 51.373300425708294 5.6616144292056552 3.2622698592022052 135.21592684229836 3.242592711467295 178.77235066797584 9.4655602984130365 9.1890704967081529 4.45400471612811 9.2030883431434614 40.520300982519984 5.3006037082523134 15.888939125463365 2995.3822043519467 68.317631680518389 6.4322391934692842 2.4448009300976983 60.766255863942206 1593.7077053673565 1242.4133955156431 2.693001895211637 6.1707874257117501 66.351055262610316 258.51409186329693 6.9636259190738201 327.55934246629477 23433.098287696019 45.439117327332497 4.050484098494052
leaf_count=131 8535 499 47 71 2735 63 3389 71 100 56 146 380 66 204 29759 507 56 80 682 14336 16497 153 67 685 2682 61 2434 147029 276 23
internal_value=0.000178531 -0.00374437 0.00762747 -0.00559071 -0.000138789 -0.000930404 -0.00737656 0.0174776 0.0155672 0.00746385 0.00964726 0.0159555 -0.00954966 0.0142301 0.000295388 -0.000873336 0.00122689 -0.00307651 0.000204215 -0.00094841 -0.00649506 0.0520925 0.0102308 0.0237483 0.00667841 0.0419089 0.00539596 0.000625714 -0.0146062 0.00488097
internal_weight=31038.8 897.849 125.413 772.436 324.947 321.685 182.015 74.0396 68.378 139.67 58.9125 49.7234 447.489 21.1895 30140.9 6641.77 3404.63 3237.14 3056.15 1989.58 1247.55 5.1378 348.482 72.5218 275.96 13.3959 395.877 23499.2 66.0681 262.565
internal_count=231820 16362 1243 15119 6314 6243 3452 744 697 2791 626 526 8805 270 215458 68022 34015 34007 30441 17277 16730 233 3574 752 2822 117 2941 147436 407 2705
cat_boundaries=0 1 2 3 4
cat_threshold=11743242 9529217 6058195 288
is_linear=0
shrinkage=0.04


Tree=130
num_leaves=31
num_cat=3
split_feature=1 22 33 6 3 30 11 18 5 15 22 8 24 13 8 19 10 15 15 6 25 3 14 0 9 14 8 3 3 30
split_gain=8.78167 13.4907 13.0715 11.5881 12.0216 14.2967 11.5878 10.6455 10.5285 10.8428 9.25363 10.0966 9.21782 9.15148 8.97527 14.4874 11.8622 10.4067 16.0792 9.68116 9.13938 10.9527 9.91887 9.02781 8.75814 9.20004 8.66995 8.75334 10.1927 11.1749
threshold=5.5000000000000009 0 1 -0.036666666666667506 0.10609152752009897 1.7136666666666669 50.500000000000007 5.5000000000000009 6.6050000000000013 0.10050000000000002 2 47.835000000000008 40.555000000000007 11.500000000000002 28.375000000000004 1.0000000180025095e-35 3.5000000000000004 0.19894444444444451 0.21050000000000005 -0.10166666666666611 -28.000833333333329 0.085775597792765182 3.9500000000000006 0.13935578192793815 -1.3463333333333301 2.8944444444444448 28.175000000000004 0.10262133699633701 0.099800796812749018 2.1091666666666673
decision_type=2 1 1 2 10 2 2 8 2 8 1 2 2 2 2 8 2 10 8 2 2 8 10 8 2 10 2 10 8 2
left_child=-1 2 13 6 5 -5 7 8 -3 -10 -11 -12 -13 -2 15 -4 19 26 -19 -16 21 -18 -23 -21 25 -25 27 28 29 -17
right_child=1 3 14 4 -6 -7 -8 -9 9 10 11 12 -14 -15 16 17 20 18 -20 23 -22 22 -24 24 -26 -27 -28 -29 -30 -31
leaf_value=0.00026939968696277055 0.0078060260473733194 -0.024877751275242086 -0.02323338039851346 -0.010178460632167952 0.00013487798425856022 0.0058187030609668754 -0.022804203319942477 -0.024427268948384633 0.058829146779243259 -0.0021190965632100719 0.011059920497630143 0.081235437887022283 0.010269830311815711 -0.013375379272147811 0.031873884885506548 0.0056756617086913411 -0.02520774017154518 0.097672170135668021 0.0022688191187567146 -0.015132544693689276 -0.01458696700671981 0.17705721123861681 0.019966191048855358 0.095645966706916358 -0.00023085581363060386 0.012525703799898393 0.069535961586600636 -0.011242251761517228 0.074548659168382547 0.062951849274452049
leaf_weight=28166.043714500032 450.77565286913887 15.97614532895386 24.1410555052571 847.80064558051527 355.37387887248769 99.92098268866539 26.856135819107294 18.860326808411628 6.6933269742876282 106.0508787012659 134.56527381576598 6.5634792987257224 5.2879859656095505 35.183671017177403 14.055178030394016 92.216625266708434 2.1285033719614139 5.3173669036477778 6.0340938717126855 67.683323706500232 177.70579659193754 1.2690100679174068 1.3038691901601849 3.0554303750395757 283.49553205212578 7.0386982993222773 3.4775619544088832 36.425564930774271 3.9561621239408842 5.7926052808761588
leaf_count=193100 5896 153 652 11916 6430 567 281 485 57 1088 1331 69 37 514 138 1087 42 72 100 605 2398 24 72 28 3749 115 41 453 45 30
internal_value=5.54711e-05 -0.00206246 0.00112037 -0.00443523 -0.0061392 -0.00849183 0.00234694 0.00464446 0.00663729 0.00858005 0.00724787 0.0132708 0.0495714 0.00614601 -0.0022399 0.00556747 -0.00476282 0.0101053 0.0469586 -0.000696111 -0.0131306 0.0419166 0.0974475 -0.00196323 0.00107278 0.0376857 0.0071565 0.005589 0.0116017 0.00906084
internal_weight=31011 2845 1221.06 1623.95 1303.1 947.722 320.854 293.997 275.137 259.161 252.468 146.417 11.8515 485.959 735.096 177.361 557.735 153.22 11.3515 375.328 182.407 4.70138 2.57288 361.273 293.59 10.0941 141.869 138.391 101.965 98.0092
internal_count=231575 38475 16061 22414 18913 12483 3501 3220 2735 2582 2525 1437 106 6410 9651 2480 7171 1828 172 4635 2536 138 96 4497 3892 143 1656 1615 1162 1117
cat_boundaries=0 1 2 3
cat_threshold=553295 275 5409792
is_linear=0
shrinkage=0.04


Tree=131
num_leaves=31
num_cat=10
split_feature=30 23 22 1 26 22 33 25 22 1 33 6 34 22 30 6 14 17 19 5 2 22 22 22 21 14 3 32 22 2
split_gain=9.26077 12.8143 15.1178 13.4418 14.5804 14.5328 14.7985 13.9858 13.2916 12.4552 14.685 13.0419 14.3231 13.9706 12.9751 12.3382 17.0985 13.0762 12.2687 11.8729 11.5364 11.4948 11.474 11.2428 11.3592 11.2476 10.4821 10.3016 10.163 10.0972
threshold=0.84666666666666746 51.765000000000008 0 2.5000000000000004 3.5000000000000004 1 2 -17.940833333333327 3 1.5000000000000002 4 0.041666666666666526 1.5000000000000002 5 2.4208333333333338 0.0033333333333325226 5.3166666666666673 -0.1407275132275132 0.29166666666666669 6.7150000000000007 48.295000000000009 6 7 8 0.29166666666666669 3.6458333333333335 0.068766534391534406 8.1450000000000014 9 38.595000000000006
decision_type=2 2 1 2 2 1 1 2 1 2 1 2 2 1 2 2 8 10 8 2 2 1 1 1 8 10 10 2 1 2
left_child=1 3 20 5 7 -1 19 -5 -9 11 21 12 -2 18 -15 23 22 -18 -14 -7 -3 -11 -17 24 26 -26 -6 -8 -13 -25
right_child=9 2 -4 4 15 6 27 8 -10 10 -12 28 13 14 -16 16 17 -19 -20 -21 -22 -23 -24 29 25 -27 -28 -29 -30 -31
leaf_value=0.003299395719675708 -0.010186339440307442 0.0015181410381150927 -0.0086747451153616744 0.057274764899668276 -0.004375252631279857 -0.0037637395846965532 -0.0020278371388333608 0.0027637121325547976 -0.0011116344037194971 0.0063349989678337165 -0.00014840902975072921 -0.0030304077157701603 0.0036470543264119628 0.0027646401630422412 -0.026226682406188577 -0.0062023674899619706 -0.025831745549173502 0.043167194797385136 -0.01464693358158186 0.003419588649881183 -0.031116339063110017 0.0018007195795668321 -0.0013633877036822043 -0.0012765533083013603 0.0064326189004687345 0.034960475478659332 0.0029330486096179544 0.032629632390895613 0.020703555069193347 -0.0089480535366276235
leaf_weight=2993.9472418259829 346.49852406978607 530.41243246197701 618.27112262323499 6.915899875573813 506.7842421522364 445.76263330690563 3310.5490523632616 2271.6444459296763 3723.7607389064506 1466.7508925721049 3100.9004899486899 52.066036432981491 85.946126505732536 781.09060020744801 25.506488353013992 1441.4768588929437 78.364899307955056 4.6556360628455868 184.71270088851452 2114.4883665647358 17.91705634817481 2340.0293884649873 1747.0875665624626 1260.9123586942442 290.87552651576698 23.932141064666212 825.45937660522759 13.779553137719629 58.660855352878571 350.9066640813835
leaf_count=18294 2690 3547 4141 74 4700 2745 20687 17791 29441 7767 16582 355 636 5764 212 16630 3422 208 1475 13172 117 12407 19732 12879 2310 230 9450 86 389 3642
internal_value=4.57002e-05 -0.000376917 -0.00445942 -0.000154481 -0.000998036 0.00103627 -0.000120566 0.000425059 0.000359481 0.00117596 0.0019001 -0.00208387 -0.00311226 -0.000836886 0.00182524 -0.00230604 -0.00404132 -0.0219624 -0.00852289 0.00216047 0.000443694 0.0035598 -0.00357471 -0.000563993 0.00175708 0.00860135 0.000152978 -0.00187853 0.0111395 -0.00292853
internal_weight=31020.1 22577.9 1166.6 21411.3 12532.8 8878.53 5884.58 6002.32 5995.41 8442.16 6907.68 1534.48 1423.75 1077.26 806.597 6530.46 3271.58 83.0205 270.659 2560.25 548.329 3806.78 3188.56 3258.87 1647.05 314.808 1332.24 3324.33 110.727 1611.82
internal_count=231575 183298 7805 175493 120509 54984 36690 47306 47232 48277 36756 11521 10777 8087 5976 73203 39992 3630 2111 15917 3664 20174 36362 33211 16690 2540 14150 20773 744 16521
cat_boundaries=0 1 2 3 4 5 6 7 8 9 10
cat_threshold=7264528 10621825 325 1612428 440 2118032 4516736 247484 7192818 15060488
is_linear=0
shrinkage=0.04


Tree=132
num_leaves=31
num_cat=3
split_feature=30 33 22 1 3 34 32 0 16 15 29 23 17 25 3 17 13 14 25 21 3 29 29 13 1 30 22 7 14 0
split_gain=8.70907 10.8311 11.0324 9.5628 16.9183 8.48496 13.2916 9.19038 16.1077 16.1051 14.7803 13.5405 10.7111 7.88352 7.78536 16.4967 8.83328 7.67882 7.6225 7.84113 12.703 9.3375 7.51862 13.9134 7.26926 12.0476 10.6307 12.8531 12.2385 13.8508
threshold=-1.6533333333333329 0 1 1.5000000000000002 0.094844623142973969 3.5000000000000004 5.4450000000000012 0.1753352059925094 0.10555555555555557 0.17950000000000005 3.9850000000000008 3.4000000000000008 -0.19444444444444434 -16.170833333333331 0.1876467136150235 -0.15181878306878302 7.5000000000000009 4.6833333333333345 -12.72583333333333 1.0000000180025095e-35 0.082499249324391968 3.4450000000000007 2.2150000000000003 6.5000000000000009 5.5000000000000009 -0.95333333333333325 2 4.5000000000000009 2.2111111111111117 0.15847889651665398
decision_type=2 1 1 2 10 2 2 8 8 10 2 2 8 2 10 10 2 10 2 8 8 2 2 2 2 2 1 2 8 10
left_child=1 2 3 4 -1 6 7 8 9 11 13 12 -5 14 -9 16 -16 -13 -4 21 -21 -20 23 -2 -24 -26 -27 28 -28 -30
right_child=22 -3 18 5 -6 -7 -8 10 -10 -11 -12 17 -14 -15 15 -17 -18 -19 19 20 -22 -23 24 -25 25 26 27 -29 29 -31
leaf_value=-0.0041502537985874527 0.0046318085023965248 -0.0096706035120835178 -0.011798033125012413 0.061138056715872122 0.1103067966064834 -0.011597340190925995 0.14919560847184449 -0.0091856805295405762 0.00031750228231648708 0.20273133757180339 0.13099728760202212 0.072039316509029908 0.24916270206033622 -0.037486629245244943 -0.013918509192937561 0.15596479876211777 0.11716134788285944 -0.042018070834615007 0.018087846720140736 0.079839259920042996 -0.0037201888757917496 -0.038918760579746102 0.00032911134571815342 0.10222226126481772 -0.013749171527964793 0.0024014130792344179 0.0087081406929042007 -0.0084808541958728816 -0.0067943761191886047 0.0022471380622037197
leaf_weight=3.9226853642612678 8.165411143563686 305.82119666039944 84.564464187249541 1.1754954378120599 4.3661987166851759 19.386069080792367 1.2412095684558142 12.059272109530868 7.3252971731126317 1.4677105396986005 1.3752407506108273 1.7400897908955815 0.82495722780004266 7.7480185860767987 4.4340106700547048 1.6152372192591409 1.0099171395413575 2.0654236599802971 11.73764706542716 5.720849031582472 5.9266131101176152 7.5571917463093987 27747.559898616746 3.2748909201472989 129.22709179110825 858.10929543711245 182.13781693205237 496.12271148711443 570.18334489874542 516.79808229394257
leaf_count=44 132 9157 2776 70 49 623 18 329 133 37 23 31 29 217 347 54 76 55 286 68 90 107 183964 51 3871 9319 1243 6538 5665 6213
internal_value=6.1552e-05 -0.00521201 0.00245468 0.0138095 0.0561404 0.0104569 0.0201558 0.0164172 0.0421853 0.0843503 0.0030969 0.0544243 0.138677 -0.00345007 0.0103437 0.0437061 0.0103985 0.0101352 -0.00513759 0.0114049 0.0373215 -0.00423988 0.000146776 0.032568 0.000134615 -0.00182602 -0.00123868 -0.00300477 -0.000887735 -0.00249565
internal_weight=31004.7 493.085 187.264 71.7568 8.28888 63.4679 44.0819 42.8407 14.599 7.27368 28.2417 5.80597 2.00045 26.8665 19.1184 7.05917 5.44393 3.80551 115.507 30.9423 11.6475 19.2948 30511.6 11.4403 30500.1 2752.58 2623.35 1765.24 1269.12 1086.98
internal_count=231615 14619 5462 2135 93 2042 1419 1401 355 222 1046 185 99 1023 806 477 423 86 3327 551 158 393 216996 183 216813 32849 28978 19659 13121 11878
cat_boundaries=0 1 2 3
cat_threshold=163 1241293 4223245
is_linear=0
shrinkage=0.04


Tree=133
num_leaves=31
num_cat=3
split_feature=1 25 22 22 6 21 33 14 11 7 5 10 24 25 23 8 9 8 5 0 23 29 5 2 13 8 18 11 9 14
split_gain=8.18566 13.0487 14.1146 13.7164 15.1473 13.2444 10.6489 8.88822 13.1626 13.237 9.09638 7.94533 7.95922 7.71589 8.81615 9.45149 7.50801 9.84872 12.1166 16.0621 13.509 8.56327 7.4645 7.26545 12.3917 9.42591 7.21126 7.59925 7.17099 7.06608
threshold=5.5000000000000009 0.77499999999999514 0 1 0.020000000000000909 0.36666666666666675 2 3.2111111111111117 53.500000000000007 4.5000000000000009 6.6050000000000013 5.5000000000000009 35.205000000000005 1.2266666666666686 30.450000000000003 35.245000000000012 9.7800000000000011 54.585000000000001 6.8650000000000011 0.14415964601769915 39.405000000000008 5.2550000000000008 7.0750000000000011 36.945000000000007 10.500000000000002 1.0000000180025095e-35 2.5000000000000004 37.500000000000007 9.3441666666666681 3.0500000000000003
decision_type=2 2 1 1 2 10 1 8 2 2 2 2 2 2 2 2 2 2 2 10 2 2 2 2 2 2 8 2 2 10
left_child=-1 3 13 7 22 6 -4 8 23 -10 -9 -8 -13 14 -3 -16 -15 18 20 -20 21 -18 28 25 26 -2 27 -25 -5 -22
right_child=1 2 5 4 -6 -7 11 10 9 -11 -12 12 -14 16 15 -17 17 -19 19 -21 29 -23 -24 24 -26 -27 -28 -29 -30 -31
leaf_value=0.00024914066984436478 0.045244333592261821 0.08154722820524396 -0.014002792834983348 -3.8631896907407166e-05 -0.010464525800836452 0.002899552587298659 -0.00033173147378824723 0.073190910169200318 -0.0013031544507818688 0.1103601135150771 -0.019626852759253861 0.012572252719079097 -0.025529095295946071 0.0020958829198387584 0.04661744307435163 -0.02457601155737844 0.0082719983616083952 -0.014040572846536883 0.090822884008871091 0.022749281264456019 -0.018112528983380283 0.07174634623070722 -0.043702784001205468 -0.019362740593813904 -0.026684672286010531 -0.018202083314777091 0.06300659644172954 0.032356724372804395 0.013712959830713521 0.025422629337983435
leaf_weight=28117.390551556367 3.9514162000268689 4.1632537413388517 206.31776699796319 454.52179694082588 261.64382597245276 350.8492461014539 321.37854781467468 1.7057727137580503 3.7566727045923463 3.1005053371191025 175.74145863298327 11.208890981040893 40.353078976273537 701.3646188583225 6.5134389195591194 5.5054796636104584 6.5940158888697606 15.90156797133386 7.6408967971801784 20.225870799273252 22.938351094722751 7.0220767632126808 5.8331676181405774 7.6715412568301025 11.874863861128686 72.254850469529629 5.5939499009400597 11.155072826892136 70.019386279862374 8.061494689434765
leaf_count=192745 50 73 2256 8401 5891 2769 3417 32 59 51 4633 153 431 6657 72 55 69 122 54 171 147 57 131 89 189 978 83 119 1099 61
internal_value=4.29248e-05 -0.00200965 0.000143346 -0.00544243 -0.00255641 -0.00319922 -0.0069484 -0.0126319 -0.00461763 0.0491859 -0.0187346 -0.00260058 -0.0172464 0.00399111 0.0313826 0.014006 0.00348038 0.014467 0.0207211 0.0414146 0.00779602 0.0410069 0.00129661 -0.00789705 0.00683222 -0.0149123 0.0231303 0.0112819 0.00179703 -0.00679123
internal_weight=30942.3 2824.86 1736.04 1088.82 792.018 930.108 579.258 296.806 119.359 6.85718 177.447 372.941 51.562 805.931 16.1822 12.0189 789.749 88.3843 72.4827 27.8668 44.6159 13.6161 530.374 112.502 36.2954 76.2063 24.4206 18.8266 524.541 30.9998
internal_count=231114 38369 16564 21805 15522 9026 6257 6283 1618 110 4665 4001 584 7538 200 127 7338 681 559 225 334 126 9631 1508 480 1028 291 208 9500 208
cat_boundaries=0 1 2 3
cat_threshold=13160527 14778440 7
is_linear=0
shrinkage=0.04


Tree=134
num_leaves=31
num_cat=4
split_feature=15 22 3 15 24 0 2 33 3 22 29 29 0 16 22 2 9 20 2 29 14 15 8 2 15 14 15 0 15 5
split_gain=8.25697 12.9429 8.34308 10.3942 9.80569 15.6003 8.41221 7.94317 7.85894 13.9216 8.75333 14.5474 9.61512 8.20906 12.7098 11.9219 8.17459 11.5122 8.13003 7.63478 12.0943 14.5588 17.1177 11.9514 11.4669 9.79395 9.81145 11.9685 13.6616 9.57031
threshold=0.2010555555555556 0 0.099800796812749018 0.20211111111111116 23.455000000000002 0.17560104712041888 10.170000000000002 1 0.22454436319982543 2 7.0850000000000009 7.205000000000001 0.16002032520325207 0.95000000000000007 3 29.825000000000003 -7.3516666666666639 0.58571428571428574 45.015000000000008 3.9850000000000008 4.5857142857142863 0.15612500000000004 26.265000000000004 32.565000000000005 0.12472222222222222 5.4142857142857155 0.1470714285714286 0.15765184453227934 0.15950000000000006 6.8150000000000004
decision_type=10 1 10 10 2 10 2 1 8 1 2 2 8 8 1 2 2 10 2 2 8 8 2 2 10 10 8 8 8 2
left_child=8 2 -2 -4 7 -6 -7 -5 13 -10 19 12 -12 -1 -15 16 -16 -18 -17 20 21 24 -23 25 -11 26 -22 -28 -29 -24
right_child=1 -3 3 4 5 6 -8 -9 9 10 11 -13 -14 14 15 18 17 -19 -20 -21 23 22 29 -25 -26 -27 27 28 -30 -31
leaf_value=0.00031941399812689336 -0.0015749008019024717 -0.0047866702073583586 -0.0232024419808202 0.0066123302837915437 -0.0053764341438819353 0.056767526671263648 0.015496363228860721 -0.0087961271604179887 0.0034757013301280112 0.053749615704262177 0.004614962192722105 -0.0055848284886640233 0.045284716263173624 -0.0052948574745317516 -0.0057591236002193496 0.0055427306727391665 0.030779819591236136 0.092254403619003625 0.043395946387428518 -0.0088988155236431853 -0.04318519061595022 0.09660335812772633 0.041143814148986477 -0.024692366474416277 -0.031281819572134641 -0.02928192892912556 0.13479879024052377 0.12607527747814637 0.0110902726409407 -0.012711136171434385
leaf_weight=26826.205021713395 873.36270686751232 1367.698512527626 19.971551799681038 107.73036840744317 65.318590341135859 8.2637592107057554 180.50437740981579 88.211334379389882 379.42282321536914 3.2401260752230874 18.419931843876839 72.937265940010548 18.787857048213482 81.776268500834703 6.8079355489462605 116.81553838727996 25.368700237013403 6.0331237316131583 9.843320405110715 643.66891959309578 2.8206441160291496 5.8970665503293302 13.383425908163192 33.403477378655225 11.701904387213288 7.0140767344273618 1.8032936695963115 1.8937913454137767 13.016103064641356 8.7190224602818471
leaf_count=192034 7422 13096 188 1763 479 62 1379 1519 3777 45 102 412 102 584 43 832 186 36 75 4397 86 77 169 1491 167 642 45 55 355 127
internal_value=4.18343e-05 -0.002067 0.00073213 0.00503468 0.00628779 0.0114728 0.0173031 -0.000435881 0.00024379 -0.00287521 -0.0056624 0.00479793 0.0251509 0.000386202 0.00765032 0.0135694 0.0339761 0.0425907 0.0084845 -0.00728153 0.00283576 0.0190396 0.0360539 -0.00877065 -0.0128431 0.0112626 0.0258211 0.0374671 0.0256952 0.019899
internal_weight=31020 2711.06 1343.36 470 450.028 254.087 188.768 195.942 28309 1236.13 856.707 110.145 37.2078 27072.8 246.645 164.869 38.2098 31.4018 126.659 746.562 102.893 42.9415 27.9995 59.9514 14.942 26.5479 19.5338 16.7132 14.9099 22.1024
internal_count=231747 25908 12812 5390 5202 1920 1441 3282 205839 12049 8272 616 204 193790 1756 1172 265 222 907 7656 3259 585 373 2674 212 1183 541 455 410 296
cat_boundaries=0 1 2 3 4
cat_threshold=6462067 103 12985600 142648
is_linear=0
shrinkage=0.04


Tree=135
num_leaves=31
num_cat=6
split_feature=25 22 29 14 20 9 22 6 14 30 22 32 20 32 6 17 8 3 30 23 33 22 8 26 25 8 24 9 22 30
split_gain=7.61957 16.386 16.623 11.4774 12.8236 10.9607 11.0322 9.50865 9.36136 9.31579 13.3534 9.14658 11.4518 12.2063 11.8345 10.8759 8.55759 8.99592 8.53872 8.52582 15.8853 10.8992 13.1984 11.7347 20.9141 13.1444 10.0502 12.4286 9.32175 16.3141
threshold=23.085833333333337 0 6.7750000000000012 3.9500000000000006 0.10555555555555557 -2.9266666666666636 1 0.026666666666666842 1.5277777777777779 0.50166666666666726 2 7.0050000000000008 0.29285714285714287 7.1950000000000012 -0.029999999999999801 0.14454365079365084 31.515000000000004 0.18336972343522565 0.52400000000000058 57.455000000000005 3 4 28.375000000000004 1.5000000000000002 5.0733333333333333 39.725000000000001 41.945000000000007 -4.2366666666666655 5 1.9826666666666666
decision_type=2 1 2 8 10 2 1 2 8 2 1 2 8 2 2 8 2 10 2 2 1 1 2 2 2 2 2 2 1 2
left_child=19 2 5 9 7 6 -2 -5 -4 10 -3 -7 13 -13 15 -14 17 -8 -11 -1 21 23 -23 -21 26 -26 27 -25 29 -22
right_child=1 3 8 4 -6 11 16 -9 -10 18 -12 12 14 -15 -16 -17 -18 -19 -20 20 28 22 -24 24 25 -27 -28 -29 -30 -31
leaf_value=-6.6630621944038456e-05 0.014934839427462515 0.00074952290827628662 0.029190349668817873 0.010710977309835796 -0.015028982351277404 0.016918139892206221 -0.0016986215642335878 0.039964472495604329 -0.0027081243247289071 0.036810758086512484 -0.019335998755974255 -0.0092599246729727722 0.05347063504165276 0.022909593862678452 -0.016405878817109216 -0.001549092371008642 -0.022894512834290111 0.04042537644706256 -0.00050532623161224355 -0.0062293118178194939 -0.0066215255597579471 0.021401876291030679 -0.012582039473862355 -0.033438374855146814 0.028651891672379051 0.081532749028437074 -0.020323935377612047 0.029518310098132425 -0.01299519011109251 0.022478092699008311
leaf_weight=27532.265403356403 68.130735948681831 113.46965448558331 15.397143170237539 80.749831814318895 24.500862263143063 309.47366150841117 141.72035032883286 22.797058353200555 334.90586669743061 9.8859796822071058 95.497414998710155 25.382248632609844 8.5274243578314763 73.576030146330595 53.890590682625771 17.638993553817276 29.369471270591021 8.6040632203221303 1296.5654757171869 37.978757053613663 196.57899068295956 23.160212107002735 86.863177068531513 6.303556181490424 32.810890275985003 9.7573565319180471 18.96309070289135 24.584708340466022 287.72244303300977 36.558091573417187
leaf_count=211111 408 762 79 515 162 1801 851 152 1865 62 648 148 48 450 312 103 174 53 7364 220 1221 138 530 39 195 56 122 143 1738 193
internal_value=1.26338e-05 0.0020307 0.00581319 -0.000502504 0.010994 0.00927915 0.00242738 0.0171515 -0.00130607 -0.00147724 -0.00931895 0.0127552 0.00555863 0.0146583 -0.00568945 0.0163814 -0.0029801 0.000712414 -0.000222954 -0.000182092 -0.00435782 0.00411836 -0.00497606 0.0115996 0.0201813 0.0407731 0.002598 0.0166704 -0.0081921 -0.00197377
internal_weight=31023.6 2730.08 1086.62 1643.47 128.048 736.314 247.825 103.547 350.303 1515.42 208.967 488.489 179.015 98.9583 80.057 26.1664 179.694 150.324 1306.45 28293.5 761.281 240.422 110.023 130.398 92.4196 42.5682 49.8514 30.8883 520.86 233.137
internal_count=231663 15957 6292 9665 829 4348 1486 667 1944 8836 1410 2862 1061 598 463 151 1078 904 7426 215706 4595 1443 668 775 555 251 304 182 3152 1414
cat_boundaries=0 1 2 3 4 5 6
cat_threshold=13029908 8421392 2688035 145 2666284 15060608
is_linear=0
shrinkage=0.04


Tree=136
num_leaves=31
num_cat=5
split_feature=14 15 32 2 8 5 6 15 30 6 25 22 23 23 15 22 0 30 6 23 33 30 17 22 26 16 22 3 0 0
split_gain=9.29933 6.73045 11.805 13.2803 11.048 19.357 7.23799 6.83137 15.0166 6.59435 11.1734 14.5371 10.5281 20.919 10.9633 10.1765 9.93203 8.50351 8.49082 8.24312 10.013 10.1947 8.50625 10.4803 10.883 8.25883 9.19878 11.774 9.10705 10.7584
threshold=5.4722222222222232 0.16950000000000007 3.7550000000000003 38.230000000000011 39.605000000000011 6.8250000000000011 -0.098166666666666721 0.30757142857142861 -1.5999999999999992 0.066666666666666888 22.227500000000006 0 51.010000000000012 54.225000000000001 0.12400000000000003 1 0.18597172262190251 -0.95333333333333325 0.070000000000000742 43.975000000000001 2 0.52400000000000058 0.37981481481481488 3 2.5000000000000004 0.47222222222222227 4 0.47387914230019496 0.16600469483568078 0.12787016920139577
decision_type=10 8 2 2 2 2 2 10 2 2 2 1 2 2 10 1 8 2 2 2 1 2 8 1 2 10 1 10 10 10
left_child=9 2 3 -2 5 -5 -3 -8 -9 19 15 -12 14 -14 -13 17 18 -11 -16 -1 22 -22 25 -24 -25 26 -21 28 29 -28
right_child=1 6 -4 4 -6 -7 7 8 -10 10 11 12 13 -15 16 -17 -18 -19 -20 20 21 -23 23 24 -26 -27 27 -29 -30 -31
leaf_value=0.00060822816791224448 -0.022802824408719329 0.097242563581054001 0.10406572722805243 0.20470316749827544 -0.043504610136917032 0.005412558127900439 -0.021773320815737511 -0.040888376276102624 0.17349004483651884 -0.012752061694080398 -0.0086878154742429537 -0.036123448328230577 0.085391992566304795 0.016219838838812565 -0.030857166969248433 -0.0073659713880767919 0.065441942038835896 0.00062813305720996746 0.015807007489294853 0.0036413801330461197 -0.0025589466587272571 0.0011459103214668388 -0.0050399841866244953 0.005573964164284061 0.031465354276266767 -0.0052053293084149852 -0.014350738500604268 0.033576892987312736 -0.013421897501451528 0.00015598847726466873
leaf_weight=20271.190995243844 12.562840363010769 0.85810153186321159 1.8668215256184328 1.4570107399485999 1.2278702757321296 1.6777473744004963 69.86405395809561 1.2216352559626105 0.9138882327824821 84.101348807103932 52.014609020203352 7.8510679006576529 9.7134537622332555 24.996212303638458 7.3647349514067164 617.41419249167666 5.4933150932192794 788.58646808564663 40.808935586363077 452.68656470626593 1645.0231664329767 4280.8500836864114 105.21685315668583 104.68056300655007 34.547666173428297 1607.0114077124745 96.887045573443174 13.452722504734991 139.20504298433661 525.10838139802217
leaf_count=156255 838 36 20 78 69 97 4006 110 14 1507 317 51 53 137 46 5904 37 6475 262 2867 11539 24821 576 579 204 9784 623 78 887 3338
internal_value=-1.504e-05 -0.0127377 0.00860574 -0.00192318 0.0582029 0.0980413 -0.0182428 -0.0196192 0.050854 2.26783e-05 -0.00244688 0.00802613 0.0162724 0.0355776 0.00802525 -0.00348878 0.0144839 -0.000653831 0.00867304 0.00016088 -0.000846183 0.000117244 -0.00269216 0.00445846 0.0111945 -0.00331836 -0.00084766 -0.00347311 -0.00417352 -0.0021037
internal_weight=31005.9 91.65 18.7923 16.9255 4.36263 3.13476 72.8577 71.9996 2.13552 30914.2 1638.34 148.242 96.2277 34.7097 61.5181 1490.1 53.667 872.688 48.1737 29275.9 9004.67 5925.87 3078.8 244.445 139.228 2834.35 1227.34 774.653 761.2 621.995
internal_count=231608 5268 1102 1082 244 175 4166 4130 124 226340 14789 903 586 190 396 13886 345 7982 308 211551 55296 36360 18936 1359 783 17577 7793 4926 4848 3961
cat_boundaries=0 1 2 3 4 5
cat_threshold=2781364 5269991 324 9152084 14160460
is_linear=0
shrinkage=0.04


Tree=137
num_leaves=31
num_cat=6
split_feature=1 30 31 8 5 30 22 12 7 6 22 22 17 14 22 15 23 9 23 24 24 5 16 9 15 22 17 13 24 3
split_gain=8.10651 12.6549 16.2518 15.9697 10.9446 9.71015 15.2261 9.78772 13.1935 9.64006 12.6091 11.0134 12.197 12.1741 11.2808 10.5756 15.2765 10.7091 10.5196 10.8811 13.5413 10.2928 10.056 20.0295 9.02203 10.3449 11.419 13.8351 11.5003 13.0011
threshold=3.5000000000000004 -0.14449999999999982 2.5000000000000004 15.660000000000002 6.5550000000000006 1.7520833333333339 0 1 1.5000000000000002 0.071666666666666781 2 3 0.16490740740740747 3.6458333333333335 4 0.13387500000000005 35.020000000000003 0.46000000000000268 43.320000000000007 48.160000000000004 52.920000000000009 6.6050000000000013 0.5277777777777779 0.19916666666666674 0.14950000000000005 5 -0.0088425925925925946 2.5000000000000004 24.830000000000002 0.063525692762980909
decision_type=2 2 2 2 2 2 1 1 2 2 1 1 10 8 1 8 2 2 2 2 2 2 10 2 8 1 8 2 2 10
left_child=4 2 -2 24 -1 -6 7 -7 -9 11 -11 15 -13 14 -14 18 21 -18 19 -5 -21 -17 23 -16 25 -4 27 -27 -29 -30
right_child=1 -3 3 9 5 6 -8 8 -10 10 -12 12 13 -15 22 16 17 -19 -20 20 -22 -23 -24 -25 -26 26 -28 28 29 -31
leaf_value=-0.01747515681280825 0.059195772838177403 2.0918528644982853e-05 -0.014387390248604935 0.005621838673350853 0.00075963701220989528 -0.0095697965375328275 -0.0074503174773731164 -0.0063693478522774153 0.011173853575154324 -0.021806746502699762 -0.0018260624864276794 -0.00057578026005514291 -0.0034976845974530875 0.081096473606852584 0.10161501922501787 0.035318065612323993 -0.0275257301425243 -0.0069233401591832213 -0.017843357722857969 0.097942782839321382 0.012964450205082646 -0.0046000852431605285 0.014120121314155199 0.011091370381707219 -0.018015643922800511 0.12525567661285184 -0.013119282906874349 -0.0078681532775532539 0.12378695546882189 0.015043558116040469
leaf_weight=54.059568770229816 6.7524584457278243 8441.3100647218525 27.63262386014685 123.90415680687875 17934.671947667375 75.164563827216625 572.73209868371487 98.388503827154636 226.47333858162165 80.662678989116102 133.40397954452783 1877.7262425003573 51.801092680543661 4.1015548072755328 7.3350917212665072 10.45838139625266 82.970488177612424 78.619182633236051 27.516298715025187 4.7457982972264281 8.1574704200029355 876.24583227047697 31.238510591909289 8.3772711493074876 165.53001378104091 2.6050255172885981 10.136044470593335 7.8983935224823636 3.1017299182713032 4.0639513619244099
leaf_count=331 57 60527 407 1643 109964 449 3281 610 1254 1494 2475 28283 526 43 79 135 1005 863 303 55 84 14246 308 83 2956 43 127 144 47 57
internal_value=-1.87567e-05 -0.000828787 -0.00280201 -0.00291739 0.000497139 0.000548525 -0.00334373 0.00265569 0.00568566 -0.00224158 -0.010459 -0.0016907 0.000158077 0.013571 0.0107664 -0.00467309 -0.0061906 -0.0175019 0.00472336 0.00926224 0.0442193 -0.00412926 0.0224643 0.053351 -0.0133382 0.000628192 0.0152429 0.04014 0.025421 0.0621141
internal_weight=31037.8 12076.3 3634.98 3628.23 18961.5 18907.4 972.759 400.026 324.862 3407.26 214.067 3193.2 1980.58 102.854 98.752 1212.62 1048.29 161.59 164.324 136.807 12.9033 886.704 46.9509 15.7124 220.968 55.4378 27.8051 17.6691 15.0641 7.16568
internal_count=231879 115990 55463 55406 115889 115558 5594 2313 1864 51625 3969 47656 29322 1039 996 18334 16249 1868 2085 1782 139 14381 470 162 3781 825 418 291 248 104
cat_boundaries=0 1 2 3 4 5 6
cat_threshold=13468297 2 9048938 11485700 1057131 6630064
is_linear=0
shrinkage=0.04


Tree=138
num_leaves=31
num_cat=2
split_feature=15 23 8 22 14 8 22 25 17 6 30 24 6 30 29 2 25 29 0 17 5 6 17 0 9 10 8 9 9 30
split_gain=6.57913 11.9039 10.1991 14.5015 14.204 17.6329 11.5221 15.9988 14.9713 13.71 9.52936 9.92661 18.2835 9.63592 9.4879 9.2872 9.18209 14.3317 13.0133 9.26766 9.14686 9.11833 8.45057 8.1603 12.2917 13.7764 14.7743 21.9824 13.5289 12.3625
threshold=0.18472222222222226 1.0000000180025095e-35 42.285000000000004 0 2.4142857142857146 52.655000000000008 1 20.000833333333336 -0.2000661375661375 -0.031666666666666725 1.3508333333333338 55.270000000000003 -0.010000000000000229 1.3291666666666668 5.3950000000000005 33.085000000000008 -3.9525000000000001 3.4950000000000006 0.19839350886339938 -0.15416666666666656 7.1550000000000011 0.046666666666667307 -0.19986772486772483 0.20619225302061125 7.554166666666668 1.5000000000000002 51.170000000000009 20.095833333333335 5.4583333333333384 -0.31291666666666668
decision_type=10 2 2 1 10 2 1 2 10 2 2 2 2 2 2 2 2 2 10 10 2 2 10 10 2 2 2 2 2 2
left_child=-1 22 3 10 5 15 -6 8 23 -9 13 21 -13 20 -11 -4 -5 18 -18 -20 -3 -12 -2 24 28 26 29 -28 -8 -26
right_child=1 2 4 16 6 -7 7 9 -10 14 11 12 -14 -15 -16 -17 17 -19 19 -21 -22 -23 -24 -25 25 -27 27 -29 -30 -31
leaf_value=0.00021585002678717276 -0.035238288845156236 -0.00023288955710507056 0.068141722657636072 -0.0067461718805987801 -0.0059199003592478741 -0.028887690503648922 0.021693363750999121 0.064311315310952036 0.00067712713960466867 -0.021708513307540946 0.0077080641058270387 -0.00094106846403282506 0.056621295449126044 -0.043074776991033306 0.030575684079429979 0.019516434988893393 0.0012525503803837575 -0.0024415248183303896 0.0112175054639064 0.080194530608059172 0.044472591489016521 -0.030435118092280181 3.2184043051385823e-05 -0.007703886663199151 -0.0033785108380863915 -0.030633367094432755 0.14212607191231064 0.020547038939359594 0.1085138035713656 0.066643705494714586
leaf_weight=24880.505696894601 28.045764693059027 2402.3012916701846 12.974690660834318 1044.4165391060524 205.41993441805243 6.5954573638737193 5.8033401286229473 12.585689630359409 456.93547645490617 8.3392069414258021 122.91500344127417 17.300886161625385 18.029426366090775 8.3757646232843381 16.622757934033871 12.188445448875425 15.810535578057172 1573.5772560294718 4.9294462269172064 8.4745970182120782 7.3450766466557971 10.918461412191389 17.746197702363133 12.655783234629778 18.603843269869682 7.6348051913082591 4.0141080906614643 5.8431041017174721 5.6846553832292557 5.1511905044317308
leaf_count=178345 2587 20305 79 10689 1576 41 60 73 3460 58 700 98 99 49 94 73 160 10987 64 77 69 64 834 170 217 89 47 56 71 36
internal_value=-7.23427e-05 -0.00125222 -0.00109796 -0.00173982 0.00311725 0.0293295 0.00202948 0.00496323 0.00323896 0.0302715 0.000395081 0.00957475 0.0284336 -0.00024549 0.0131088 0.0445887 -0.00381341 -0.00192615 0.0258335 0.0548277 -9.66184e-05 0.00459625 -0.0215696 0.0211404 0.0280627 0.0178711 0.0288885 0.0700571 0.0646551 0.0118055
internal_weight=30957.7 6077.24 6031.45 5234.39 797.052 31.7586 765.294 559.874 522.326 37.5477 2587.19 169.164 35.3303 2418.02 24.962 25.1631 2647.21 1602.79 29.2146 13.404 2409.65 133.833 45.792 65.3908 52.735 41.2471 33.6122 9.85721 11.488 23.755
internal_count=231327 52982 49561 43361 6200 193 6007 4431 4206 225 21384 961 197 20423 152 152 21977 11288 301 141 20374 764 3421 746 576 445 356 103 131 253
cat_boundaries=0 1 2
cat_threshold=9622442 1082080
is_linear=0
shrinkage=0.04


Tree=139
num_leaves=31
num_cat=3
split_feature=10 12 1 24 8 15 15 33 0 32 16 1 0 33 30 2 29 15 3 7 15 15 18 8 15 10 6 32 19 5
split_gain=8.5139 14.0528 14.2051 13.6672 11.1242 10.3105 9.806 13.0734 11.3987 9.721 9.59391 8.68835 12.6159 11.127 13.2845 10.3896 11.1114 10.368 9.94788 9.04708 12.0603 8.87947 13.1736 10.0879 8.73178 10.6346 8.49833 8.23634 9.43798 13.2304
threshold=4.5000000000000009 0 1.5000000000000002 33.975000000000001 16.935000000000006 0.19316666666666674 0.2010555555555556 1 0.207294481981982 5.285000000000001 0.31666666666666671 1.5000000000000002 0.19002604166666673 2 -0.48500000000000004 37.525000000000006 6.0750000000000011 0.11900000000000002 0.13164313222079591 4.5000000000000009 0.11732142857142859 0.11950000000000004 1.5000000000000002 29.425000000000004 0.12100000000000002 5.5000000000000009 0.020000000000000021 5.4250000000000007 0.55000000000000016 6.5950000000000006
decision_type=2 1 2 2 2 10 8 1 10 2 10 2 8 1 2 2 2 8 10 2 8 10 10 2 10 2 2 2 8 2
left_child=-1 3 5 4 -2 -3 -4 8 -8 -6 -9 12 17 18 15 16 -15 19 21 20 -5 22 23 26 25 -23 -13 -16 29 -29
right_child=1 2 6 11 9 -7 7 10 -10 -11 -12 13 -14 14 27 -17 -18 -19 -20 -21 -22 24 -24 -25 -26 -27 -28 28 -30 -31
leaf_value=0.00026033061963965119 -0.013816713478340063 3.441481701514474e-05 -0.0024446357482436633 -0.0032137522852379113 0.0037286483233870842 0.0099567161968839458 0.012239145009768923 -0.0072225956802087175 -0.018768958870188701 0.016421482701613775 -0.019442457744199778 -0.017001174292447203 0.040651302990105512 0.080072582199811684 -0.031738526238608657 -0.011997174157606346 0.016493805357885843 -0.008697354950273694 0.013622803681467651 0.049188265587808068 0.058383920024715062 0.0067267996970611322 -0.018317293682455226 0.023868645879698846 0.0036056983695477128 0.073468643674879597 0.028365077499178978 0.052811620022595068 0.0020529795008281011 -0.0068371946235462767
leaf_weight=21811.314307646826 34.919067986309528 968.06524553894997 4519.4387894314714 48.974504128098488 203.29303768277168 202.63668764196336 86.311108735855669 449.12274065753445 24.310896238777786 183.84908671118319 133.31040884368122 30.697855267673731 9.4327719807624799 7.5307997297495666 15.422937825322149 7.9156788587570182 10.572618734091519 364.40316923707724 149.72778304293752 7.8176037296652785 5.6749784424901 9.483748506754635 74.316302265971899 29.084126349538565 684.7503602989018 6.3960065618157378 8.4185888879001123 6.0246872827410689 429.57938479632139 477.61377565190196
leaf_count=160380 222 6456 37854 381 1346 1360 876 5308 364 1233 1030 167 67 70 94 71 92 2754 891 57 44 60 498 160 4152 44 53 35 2442 2969
internal_value=-0.000169934 -0.00119122 -0.00222629 0.00116727 0.00780602 0.00175187 -0.00312403 -0.00755442 0.00497491 0.00975632 -0.00985042 -3.23181e-06 -0.00510521 0.00113976 -0.00194112 0.0262279 0.0429418 -0.00611632 0.00408051 0.00894023 0.00318275 0.00243436 -0.00666714 0.00602771 0.00428572 0.0336089 -0.00723751 -0.00275128 -0.00226172 -0.00609415
internal_weight=31000.4 9189.09 6383.2 2805.9 422.061 1170.7 5212.49 693.055 110.622 387.142 582.433 2383.84 436.303 1947.53 954.66 26.0191 18.1034 426.87 992.875 62.4671 54.6495 843.147 142.517 68.2006 700.63 15.8798 39.1164 928.641 913.218 483.638
internal_count=231530 71150 53248 17902 2801 7816 45432 7578 1240 2579 6338 15101 3303 11798 5773 233 162 3236 6025 482 425 5134 878 380 4256 104 220 5540 5446 3004
cat_boundaries=0 1 2 3
cat_threshold=1 144 433
is_linear=0
shrinkage=0.04


Tree=140
num_leaves=31
num_cat=1
split_feature=11 17 15 30 1 30 3 23 18 8 3 33 3 15 10 5 29 15 0 16 3 31 30 25 0 11 30 5 3 1
split_gain=6.6461 9.51388 9.12565 8.98717 8.33391 13.6952 11.0322 12.2341 11.0249 10.1036 10.6084 18.1403 11.275 11.197 13.0057 13.9838 10.0158 17.0002 14.4106 14.4167 9.89109 9.74077 13.9132 9.54546 8.97045 8.50937 8.90098 10.0867 12.7543 8.49302
threshold=32.500000000000007 -0.28320105820105806 0.10950000000000004 2.1091666666666673 2.5000000000000004 -0.42999999999999922 0.068398560503823688 12.805000000000001 2.5000000000000004 32.235000000000007 0.11704722366372601 0 0.1177754944772669 0.18816666666666673 1.5000000000000002 6.7150000000000007 4.2250000000000005 0.15585714285714292 0.16649319874438362 0.15476190476190479 0.19153907337442835 3.5000000000000004 -0.58333333333333248 -29.249166666666664 0.21003144654088055 47.500000000000007 -1.3900000000000001 6.745000000000001 0.12007751937984497 5.5000000000000009
decision_type=2 10 8 2 2 2 10 2 8 2 8 1 10 10 2 2 2 8 8 8 8 2 2 2 10 2 2 2 8 2
left_child=1 -1 3 -2 6 8 23 24 21 -10 29 12 -12 16 15 -15 17 -13 19 -19 -18 22 -6 -4 -8 26 27 -9 -29 -11
right_child=2 -3 4 -5 5 -7 7 25 9 10 11 13 -14 14 -16 -17 20 18 -20 -21 -22 -23 -24 -25 -26 -27 -28 28 -30 -31
leaf_value=-0.0078631673035701091 -0.0048832826229765055 -0.0008403401367757889 0.019000163112039774 0.013265887362152423 0.090095324546567712 0.00034469919747984922 0.023785524487749884 0.049654066413148935 -0.0076630660630166202 -0.0024483329414866652 0.041008614126382674 -0.005248602024053685 -0.02132584332054659 0.10533538779629283 -0.017289694711556152 0.0086666469396158782 0.019718454246374497 0.14252653368297682 0.032112147150354931 0.043341117001085533 -0.010187573743041757 0.0016390303244994975 -0.00078025122183804992 0.0026822866005825324 -0.0065567298762408991 0.0020578774883553393 -0.0015267218138684544 -0.0091412867990966155 0.055212972860753474 -0.014726195911377325
leaf_weight=321.67638800712302 791.29405571706593 7616.3274547555484 58.240785881876945 46.203498169779778 4.8795391656458378 10591.008744217455 58.364355951547623 11.203312166035174 825.06470154039562 818.95114022213966 5.1195635795593253 13.062152426689861 49.85623924061656 2.9183774013072279 34.924868712201715 13.332036936655639 55.279365237802267 4.4746082853525886 23.952866799198087 4.9259303659200677 26.025590837001801 460.53447695448995 6.0226384848356229 3781.6847212743014 21.271591942757368 1863.7229048684239 3367.4922190085053 22.533334188163284 6.3065379820764056 101.29363181767985
leaf_count=6190 5230 62045 381 244 38 72863 450 94 10870 8357 63 167 597 36 455 163 598 54 325 58 291 4740 52 22608 172 11176 20435 198 57 2510
internal_value=-0.0001266 -0.00112493 0.00021691 -0.00388202 0.000371317 -0.000278816 0.00129385 0.000119859 -0.0029735 -0.00428292 -0.00186649 0.00574069 -0.0131323 0.0116247 -0.00353467 0.0260272 0.018609 0.0334342 0.0485835 0.0905529 0.0101456 0.00252368 0.0398934 0.00292978 0.0156808 -0.000115229 -0.00130379 0.0174439 0.00493133 -0.00379979
internal_weight=31007.9 7938 23069.9 837.498 22232.4 13041.6 9190.82 5350.89 2450.62 1979.18 1154.12 233.872 54.9758 178.896 51.1753 16.2504 127.721 46.4156 33.3534 9.40054 81.305 471.437 10.9022 3839.93 79.6359 5271.26 3407.54 40.0432 28.8399 920.245
internal_count=231517 68235 163282 5474 157808 102237 55571 32582 29374 24544 13674 2807 660 2147 654 199 1493 604 437 112 889 4830 90 22989 622 31960 20784 349 255 10867
cat_boundaries=0 1
cat_threshold=17
is_linear=0
shrinkage=0.04


Tree=141
num_leaves=31
num_cat=5
split_feature=15 22 25 30 30 6 30 2 6 18 22 8 25 32 6 29 32 22 3 33 15 15 25 6 6 24 31 33 3 11
split_gain=9.30402 11.4361 9.9391 9.09532 9.19252 9.88466 9.13519 8.91915 8.74588 8.18326 13.4963 14.7623 12.3571 13.5055 10.8671 10.5874 13.0522 12.6876 10.4442 13.0266 9.00466 15.7714 13.1033 11.0081 8.77497 10.5782 9.22978 10.34 14.3432 10.2939
threshold=0.11300000000000003 0 26.932500000000001 -1.2949999999999995 0.57083333333333341 0.081666666666667456 -1.7818333333333334 35.945000000000007 0.041666666666667414 4.5000000000000009 1 45.045000000000009 22.67166666666667 8.2250000000000032 0.041666666666666526 3.4450000000000007 5.1850000000000014 2 0.045548849490758207 3 0.16788888888888895 0.1658571428571429 -14.767916666666663 -0.034500000000000412 -0.068333333333332899 7.9050000000000002 5.5000000000000009 4 0.33409785932721719 22.500000000000004
decision_type=8 1 2 2 2 2 2 2 2 10 1 2 2 2 2 2 2 1 10 1 8 8 2 2 2 2 2 1 10 2
left_child=1 2 3 6 5 -5 -1 -7 -6 15 11 12 13 18 -13 16 17 20 -11 -20 21 22 23 -2 25 -19 -26 28 29 -28
right_child=9 -3 -4 4 8 7 -8 -9 -10 10 -12 14 -14 -15 -16 -17 -18 24 19 -21 -22 -23 -24 -25 26 -27 27 -29 -30 -31
leaf_value=0.099452334135646081 0.074082062499513809 -0.00029818369343973775 -0.024925662310753362 -0.012525421991148609 0.0014809506753532965 0.066861436095049895 0.0071738541595341614 -0.011388168056028462 -0.021540323751761618 0.0060428439238603381 -0.0026778339979670451 0.016003951728526939 0.018335463440497791 0.074377752663586649 -0.019743853075496406 0.00031307674737168848 0.048258875010804926 0.020160983314191649 0.0015820409914369768 -0.0062667807010262991 -0.010210437702824799 0.079514397632422976 -0.015011529758519489 0.0098087608459432474 0.018060898734125801 0.093532799439151312 -0.026160632992179873 -0.014257339194250018 0.11302686368593115 0.022855945237584416
leaf_weight=2.5295544904656708 5.6903827236965325 983.24917233129963 47.399250578135252 293.6060580406338 238.44874438643456 4.8527354598045331 5.3400576412677756 4.4844399318099022 29.691462345421314 321.75022251298651 3718.1247958703898 152.38183128274977 59.181986153125763 3.8698052614927283 14.940210776403545 23372.411122461781 11.995977638289331 10.307938992045818 745.29757781513035 606.96607935149223 99.752650380600244 4.7603453658521167 27.880667017772794 17.003793205134571 104.98453592741862 4.5236509069800368 9.382086912635712 34.543848153203726 2.2887012651190153 25.451702002435923
leaf_count=65 73 6582 270 2175 1396 43 65 41 176 3021 38472 1424 406 29 175 157457 108 133 8120 6533 1449 57 292 267 1197 38 237 694 71 371
internal_value=-6.97321e-05 -0.00303077 -0.00720067 -0.00587388 -0.00646242 -0.0112369 0.0368352 0.0292799 -0.00106822 9.26367e-05 -0.00127946 0.00145712 0.000371755 -0.000261857 0.012812 0.000417725 0.00723898 0.00581914 -0.000434401 -0.00197556 -0.00284813 0.00990917 0.0033576 0.0259248 0.0123432 0.0425395 0.0105066 -0.000559686 0.0126259 0.00965388
internal_weight=30963.1 1609.6 626.352 578.953 571.083 302.943 7.86961 9.33718 268.14 29353.5 5622.51 1904.39 1737.07 1677.88 167.322 23731 358.566 346.57 1674.01 1352.26 155.088 55.3352 50.5748 22.6942 191.482 14.8316 176.651 71.6663 37.1225 34.8338
internal_count=231437 10813 4231 3961 3831 2259 130 84 1572 220624 58180 19708 18109 17703 1599 162444 4987 4879 17674 14653 2138 689 632 340 2741 171 2570 1373 679 608
cat_boundaries=0 1 2 3 4 5
cat_threshold=1203271 10244144 901781 356 165
is_linear=0
shrinkage=0.04


Tree=142
num_leaves=31
num_cat=0
split_feature=14 32 23 32 17 8 23 8 15 25 3 15 5 0 3 15 17 2 11 0 17 16 17 30 0 8 13 24 19 5
split_gain=7.77018 12.3778 10.7032 11.8254 12.8257 11.9974 11.9506 10.3425 9.54711 11.9084 11.435 9.06284 8.52066 8.29629 8.28208 10.9733 7.9297 10.2451 9.43804 11.0969 10.5268 7.82373 7.81675 13.0664 8.88344 19.0044 9.8986 12.1556 8.83761 13.0097
threshold=3.3541666666666674 9.115000000000002 45.250000000000007 6.6550000000000011 0.057407407407407428 35.730000000000011 43.050000000000004 55.635000000000012 0.22527777777777783 -8.1591666666666676 0.43252827295380497 0.08316666666666668 7.1950000000000012 0.14051355311355315 0.022079135521611965 0.25527777777777788 0.016666666666666653 36.855000000000011 37.500000000000007 0.14973332806573961 0.03333333333333334 0.23611111111111113 -0.12962962962962954 0.10999999999999967 0.12295346320346322 29.425000000000004 9.5000000000000018 30.795000000000005 0.22500000000000003 6.8850000000000007
decision_type=10 2 2 2 10 2 2 2 8 2 10 10 2 10 10 10 8 2 2 10 10 10 10 2 10 2 2 2 8 2
left_child=2 8 3 14 5 6 16 11 10 21 -2 -6 22 -14 -1 -16 -5 18 19 -18 -20 -10 23 -4 25 -25 28 -28 -26 -30
right_child=1 -3 12 4 7 -7 -8 -9 9 -11 -12 -13 13 -15 15 -17 17 -19 20 -21 -22 -23 -24 24 26 -27 27 -29 29 -31
leaf_value=-0.002783255958670463 -0.00070060960967869657 0.063135629878469102 -0.0089265154826346088 0.0048504452704140324 0.04563230286247804 0.018451556124825817 -0.0070285095886759097 -0.030033480464337577 -0.008941952405987932 -0.0012919761966047841 0.013935410870521961 0.002086602994909135 0.015770337571725215 -0.03672971347626925 0.0011383803977741162 0.047471622206336654 -0.01241003955364749 -0.0013702793864647531 0.021658387051967959 0.051954949111725324 0.069854727900349689 -0.026909568553531219 -0.00094510011262584424 0.044603221239829668 0.0065667245327351419 -0.015108754351954417 0.04765663135937092 0.0029508620686214335 0.028285736717734284 0.08566186383981092
leaf_weight=942.32763339113444 13330.61709566135 4.8405976332724086 69.642731543630362 133.63677550666034 7.7198699675500384 174.59980619512498 88.957163527607918 15.941564559936522 207.65298749320209 409.85077940579504 85.961197298485786 810.6338829472661 6.4060173779726055 19.402768716216087 7781.0301087908447 8.1870370618998987 12.39341024681926 21.59929458424449 14.270507778972389 6.5510927513241759 14.740412160754202 47.678045593202114 6599.6693765670061 10.711167968809603 17.840282067656517 41.841904647648335 11.042800292372702 81.937502223998308 28.888340272009373 8.0948039218783361
leaf_count=6939 112368 31 568 946 47 1157 594 95 4112 3424 991 4880 37 112 53396 59 85 143 92 42 93 466 39785 65 113 256 78 549 165 50
internal_value=-0.000122707 -0.00081676 0.000454845 0.0012887 0.00484633 0.0101561 0.00519834 0.00187579 -0.000838744 -0.00551629 -0.000606835 0.00249739 -0.000758371 -0.0236986 0.000758593 0.00118708 0.0105512 0.0215043 0.0318071 0.00984766 0.0461469 -0.0122971 -0.000672186 0.00599872 0.0111866 -0.00293849 0.016209 0.00826034 0.0296898 0.0408441
internal_weight=31014.7 14086.6 16928.1 10032.6 1301.04 466.748 292.149 834.295 14081.8 665.182 13416.6 818.354 6895.48 25.8088 8731.54 7789.22 203.191 69.5547 47.9554 18.9445 29.0109 255.331 6869.67 270 200.357 52.5531 147.804 92.9803 54.8234 36.9831
internal_count=231738 121392 110346 68568 8174 3152 1995 5022 121361 8002 113359 4927 41778 149 60394 53455 1401 455 312 127 185 4578 41629 1844 1276 321 955 627 328 215
is_linear=0
shrinkage=0.04


Tree=143
num_leaves=31
num_cat=4
split_feature=19 22 32 30 8 17 11 33 16 25 11 17 14 30 33 22 15 8 0 8 18 8 30 15 17 26 32 14 17 25
split_gain=7.36264 15.6135 9.57109 7.8589 12.8972 8.78493 8.27514 10.5962 8.12248 9.97366 14.2377 14.1626 12.8338 11.1337 10.8002 10.2236 9.71447 8.8632 10.6031 11.5175 9.4258 10.9838 14.2863 11.6899 9.32696 9.55059 8.78725 8.6358 8.55499 12.7142
threshold=1.0000000180025095e-35 0 8.2250000000000032 0.5583333333333339 15.660000000000002 -0.10370370370370365 40.500000000000007 1 0.15476190476190479 -4.6483333333333343 54.500000000000007 -0.15181878306878302 3.5277777777777781 0.16833333333333325 2 3 0.21707142857142861 34.515000000000008 0.15907179675994113 35.305000000000007 5.5000000000000009 38.355000000000011 -1.5049999999999994 0.17292857142857146 -0.23882275132275127 4.5000000000000009 2.8350000000000004 2.8819444444444451 -0.16219576719576717 -15.888999999999998
decision_type=8 1 2 2 2 10 2 1 10 2 2 10 10 2 1 1 10 2 10 2 10 2 2 10 10 2 2 10 10 2
left_child=1 2 -1 8 5 -5 -6 -8 9 12 -11 14 -3 -13 -12 16 17 26 -19 -20 24 22 23 -22 -21 -26 28 -10 -14 -30
right_child=-2 3 -4 4 6 -7 7 -9 27 10 11 13 15 -15 -16 -17 -18 18 19 20 21 -23 -24 -25 25 -27 -28 -29 29 -31
leaf_value=0.00081187293001707891 0.00025481809086438961 0.03823643486682015 0.055121189361948035 -0.0028254082490244614 -0.0060103233263219006 0.042237524590366123 -0.015071415567433639 0.0098173338788825303 0.026146264973087086 -0.0016389563045858255 0.023445450325342693 0.059391536269075396 -0.00088156488404154314 -0.00016423223564459918 -0.0090432090431014529 -0.011032028541535456 -0.019906105191156383 -0.015006147057590201 0.089346695480629873 0.041387443914830895 0.26912349302160404 0.015547039222187666 0.041067109117779624 0.081287730034995731 0.022887685482591808 -0.021369968229867264 -0.01181852999155349 -0.0094073983662465808 0.063411620066528548 -0.012070519555412043
leaf_weight=2120.3666867669672 26608.287413835991 10.195251598954199 5.2047224193811408 10.724534600973131 217.67444803565741 19.520991779863834 24.807872511446476 142.66835487261415 11.134354416280983 457.73455529008061 17.39059042185545 17.3718680664897 44.06085088616237 7.0649886690080157 32.904450042173266 391.0721891913563 37.34331734944135 18.836489611770958 3.5093057742342344 8.293376886751501 0.89896771544590626 18.251386880408973 6.8762867935001868 1.2920328932814298 12.000666278880088 22.295003884471953 90.652576766908169 598.06215778272599 9.1850432734936458 5.8409219654276958
leaf_count=21557 187039 87 34 68 1326 120 151 862 84 3870 148 140 1145 45 282 6191 909 204 48 149 37 322 74 60 128 298 940 4960 156 82
internal_value=5.07628e-06 -0.00151792 0.000940432 -0.00384017 0.00110765 0.026259 -0.000867457 0.0058169 -0.00498913 -0.00309664 0.00100394 0.0171918 -0.00630471 0.0421732 0.00505399 -0.00698207 -0.000885461 0.00201313 0.011766 0.0186348 0.0150852 0.0334242 0.0694087 0.158357 0.00332164 -0.00588343 -0.00399552 -0.00875758 0.00800674 0.0340701
internal_weight=30971.5 4363.23 2125.57 2237.66 415.396 30.2455 385.151 167.476 1822.27 1213.07 532.466 74.7319 680.604 24.4369 50.295 670.408 279.336 241.993 92.2535 73.417 69.9077 27.3187 9.06729 2.191 42.589 34.2957 149.739 609.197 59.0868 15.026
internal_count=231516 44477 21591 22886 2527 188 2339 1013 20359 15315 4485 615 10830 185 430 10743 4552 3643 1320 1116 1068 493 171 97 575 426 2323 5044 1383 238
cat_boundaries=0 1 2 3 4
cat_threshold=11989029 384 84 4196112
is_linear=0
shrinkage=0.04


Tree=144
num_leaves=31
num_cat=5
split_feature=32 23 6 17 24 22 21 3 14 13 8 3 24 9 22 6 7 20 22 8 32 8 21 8 24 3 22 8 22 23
split_gain=5.75766 16.0187 10.8586 10.5738 9.47103 17.5411 14.9179 9.00733 11.0447 12.1582 8.88415 10.3692 8.59969 8.54463 8.46367 8.07024 7.90213 12.9803 11.1909 13.5584 12.3164 10.4185 9.85876 8.80532 8.51532 7.78319 10.2316 8.61757 7.74968 14.5391
threshold=5.3350000000000009 19.340000000000003 -0.068333333333332899 -0.23320105820105816 29.390000000000004 0 0.22500000000000003 0.12826185613796234 3.5634920634920637 8.5000000000000018 72.315000000000012 0.060474493623405859 17.670000000000005 0.65999999999999848 1 -0.10499999999999997 1.5000000000000002 0.10555555555555557 2 39.505000000000003 3.6750000000000003 11.190000000000001 1.0000000180025095e-35 37.895000000000003 22.045000000000005 0.052263193834747833 3 28.375000000000004 4 47.785000000000004
decision_type=2 2 2 8 2 1 10 8 8 2 2 10 2 2 1 2 2 8 1 2 2 2 10 2 2 10 1 2 1 2
left_child=10 2 -2 -4 5 7 -7 -3 9 13 14 -12 -8 -9 16 -6 17 25 19 21 -21 -19 -18 -23 -22 -1 27 -27 29 -17
right_child=1 4 3 -5 15 6 12 8 -10 -11 11 -13 -14 -15 -16 28 22 18 -20 20 24 23 -24 -25 -26 26 -28 -29 -30 -31
leaf_value=0.017542831366429978 0.05265497181271294 0.011170458687932544 -0.017835330262523406 0.014899212903579762 -0.006323208156084067 -0.0063291413921965469 -0.018555794617393831 0.014781232555430176 0.081457772336179929 -0.011477258180044339 -0.012475927567557559 0.041938000273274427 0.015654482933431774 0.079043557724667451 -0.0013003919308864002 0.0029577400594431483 -0.001847641756672907 0.039344694288626594 -0.0048168693572381857 0.054455953489262097 -0.02731375992677439 0.00047391490316581403 0.00199981831843097 -0.041685096782483944 0.022507370397613122 -0.029089194956080242 0.0087458551780262624 3.9705154012671791e-05 -0.00027671222271285876 -0.0012390900610667669
leaf_weight=110.86308861710131 10.588726852089165 209.27111815288663 18.150707807391882 121.31339962687343 289.57452697306871 230.04566681757569 13.368213482201098 6.5923127941787296 6.3602702859789124 9.9415583126246911 8.5079387938603777 16.412785561289638 97.534757131710649 6.6501441448926926 8861.6801093802787 3956.0555321648717 2284.7879195054993 10.266121581196783 347.91480111982673 16.049803867004812 7.0478773750364807 103.42527789529413 1996.957036210224 8.5844692401587945 24.816551428288221 20.810261160135269 344.13526240875944 74.157705399207771 9782.6509274691343 1982.6358607895672
leaf_count=826 80 1423 199 1035 1796 1602 89 42 45 64 65 132 614 38 76945 26015 22430 74 2353 114 49 714 15568 57 158 196 2940 646 63026 12147
internal_value=9.04134e-05 0.000593306 0.0136039 0.0106389 0.000475633 0.00549801 -0.000504898 0.013523 0.0347643 0.0219544 -0.000500943 0.0233611 0.0115308 0.0470527 -0.000542786 0.00029377 0.000713244 0.00379261 -0.000750586 0.00740965 0.0258808 0.000777649 -5.32302e-05 -0.00275717 0.0114878 0.0080726 0.00568159 -0.00573898 0.00041565 0.00155401
internal_weight=30977.2 16740.7 150.053 139.464 16590.7 579.764 340.949 238.815 29.5443 23.184 14236.4 24.9207 110.903 13.2425 14211.5 16010.9 5349.82 1068.07 518.105 170.19 47.9142 122.276 4281.74 112.01 31.8644 549.966 439.103 94.968 15721.3 5938.69
internal_count=231482 108215 1314 1234 106901 3917 2305 1612 189 144 123267 197 703 80 123070 102984 46125 8127 3519 1166 321 845 37998 771 207 4608 3782 842 101188 38162
cat_boundaries=0 1 2 3 4 5
cat_threshold=437030 3425704 3407872 1310720 4866396
is_linear=0
shrinkage=0.04


Tree=145
num_leaves=31
num_cat=3
split_feature=1 5 22 2 9 3 15 14 3 30 30 30 30 15 15 22 30 17 33 5 15 9 5 11 8 8 17 17 3 6
split_gain=6.54765 11.9613 12.6054 10.9801 11.981 10.6568 11.4626 12.8191 18.7218 9.41764 15.1185 14.7273 11.3289 9.67832 20.06 9.18178 16.8291 13.4162 9.87628 9.36185 20.8823 10.0905 9.05532 10.7168 7.87548 7.78773 7.57555 11.0482 21.1381 9.22961
threshold=5.5000000000000009 6.955000000000001 0 32.505000000000003 12.353333333333335 0.29894105782160468 0.15472222222222229 3.2928571428571431 0.33265856950067479 -0.29083333333333344 0.77999999999999969 1.6481666666666663 0.62999999999999934 0.13707142857142862 0.14950000000000005 1 -1.0000000180025095e-35 0.30013227513227519 2 6.9450000000000012 0.11900000000000002 12.353333333333335 6.6450000000000005 50.500000000000007 1.0000000180025095e-35 34.335000000000008 -0.062929894179894141 0.0041666666666666597 0.058932059908834385 -0.0039999999999991145
decision_type=2 2 1 2 2 10 10 10 8 2 2 2 2 10 10 1 2 10 1 2 8 2 2 2 2 2 10 10 8 2
left_child=-1 15 3 4 -3 25 -7 -8 -9 -5 12 -12 13 -11 -15 16 17 -2 24 22 -21 -22 23 -17 -18 -4 -27 28 -28 -29
right_child=1 2 5 9 -6 6 7 8 -10 10 11 -13 -14 14 -16 19 18 -19 -20 20 21 -23 -24 -25 -26 26 27 29 -30 -31
leaf_value=0.00014152237086599131 -0.012624895446892839 -0.016913605988824399 -0.022662320060291424 -0.016055338196154754 0.056549353847159624 -0.01499905957899534 0.18645181163110519 0.24172652711439177 -0.011788725582651545 -0.0117974061229159 -0.018820983483460986 0.052670818899074892 0.10689577729353543 0.11357100275721055 0.019346356440365597 0.01097632801962666 0.031941157465416301 0.078139740488897227 0.0019322309670263425 0.097274644772061478 0.0021450202598708957 0.077168063413117202 -4.1517307574362541e-05 0.072396099880224912 -0.013052061133553958 -0.02680251944334722 0.11717455053690586 0.014651853669218116 -0.00039211556900009916 -0.018506083930549328
leaf_weight=28164.689837552607 296.67504776408896 47.711608426645398 126.9975276091136 13.967777621001003 3.8377342866733661 4.7924483236856741 1.1914999485015867 0.56565388944000039 2.6476768320426345 6.1713360473513665 19.059900663793091 6.08127138018608 3.661553442478179 5.0703799873590496 12.59555885568261 48.173986917827278 6.5584048368036738 2.6287394762039176 550.96383223682642 4.9476340748369685 30.336275700479746 3.1679747169837347 1406.5956632690504 5.0189273785799733 122.25147721543908 24.806194723118097 3.4705606848001453 19.668155997991562 8.295921353623271 42.359324121847749
leaf_count=193127 7658 699 1986 426 43 81 9 56 164 78 141 34 33 63 163 496 59 37 4854 42 477 30 18513 48 1094 563 51 167 130 440
internal_value=-4.27748e-05 -0.00187676 -0.00876595 0.00222768 -0.0114445 -0.0138052 0.0278121 0.0743906 0.0328385 0.0131433 0.020891 -0.00152819 0.0413881 0.0313258 0.0463902 -0.000895233 -0.00388475 -0.0118277 -0.000444617 0.00107711 0.0205664 0.00923878 0.000571128 0.0167715 -0.00998597 -0.0161139 -0.0076794 -0.00125108 0.0342845 -0.00799211
internal_weight=30995 2830.27 352.952 118.157 51.5493 234.795 9.19728 4.40483 3.21333 66.6078 52.64 25.1412 27.4988 23.8373 17.6659 2477.32 979.078 299.304 679.774 1498.24 38.4519 33.5043 1459.79 53.1929 128.81 225.598 98.6002 73.794 11.7665 62.0275
internal_count=231762 38635 5327 1680 742 3647 310 229 220 938 512 175 337 304 226 33308 13702 7695 6007 19606 549 507 19057 544 1153 3337 1351 788 181 607
cat_boundaries=0 1 2 3
cat_threshold=840746 7931488 66
is_linear=0
shrinkage=0.04


Tree=146
num_leaves=31
num_cat=0
split_feature=15 23 2 23 30 32 23 6 8 14 30 9 15 11 8 20 14 7 1 6 30 3 20 32 0 17 32 15 0 24
split_gain=7.52348 9.85221 6.55803 11.8271 12.7149 9.08884 8.91895 7.47204 7.09123 6.60098 8.95291 9.82276 7.1787 7.13233 7.07892 6.53801 6.51748 9.28672 8.81234 14.7006 12.9562 11.5174 10.8629 14.8617 10.31 10.5638 11.1263 9.85507 10.2511 10.6394
threshold=0.11700000000000002 9.6950000000000021 29.065000000000001 48.375000000000007 1.3291666666666668 6.3150000000000004 60.065000000000005 0.0054999999999996172 30.020000000000003 1.7071428571428573 2.2908333333333339 -5.9899999999999993 0.10118055555555558 38.500000000000007 35.010000000000012 0.43650793650793657 3.3541666666666674 5.5000000000000009 1.5000000000000002 -0.033333333333332764 1.1850000000000001 0.060042918454935625 0.18333333333333338 4.0550000000000006 0.19340720731782188 0.12037037037037045 5.205000000000001 0.15816666666666671 0.16969103983708797 33.430000000000007
decision_type=8 2 2 2 2 2 2 2 2 10 2 2 10 2 2 10 10 2 2 2 2 10 10 2 10 10 2 10 10 2
left_child=1 -1 3 4 5 15 -5 -6 -8 12 -11 -12 14 -13 -4 -3 18 -18 19 20 21 27 23 -21 -25 26 -26 28 -2 -30
right_child=16 2 9 6 7 -7 8 -9 -10 10 11 13 -14 -15 -16 -17 17 -19 -20 22 -22 -23 -24 24 25 -27 -28 -29 29 -31
leaf_value=0.034337946734351331 -0.0054887862197112837 0.0028859347345487731 0.036505786648026457 -0.010015428449164426 -0.0028384673961429525 0.020444263579514711 -0.0094174189960036011 -0.037188710529570373 0.032517148323218309 -0.0036720918773915806 0.058865119124442547 0.029200084845983857 -0.0266319089252233 -0.01099131186673568 -0.016020298565757821 0.031127832629958385 -4.5729742159912026e-05 -0.0031849151630961481 0.0011990745505848564 -0.013375601534806134 -0.013090105982389733 -0.0061963182961087705 -0.0010220131296288858 0.0070569268181567921 0.04487386058182638 0.069666925742685931 -0.011248399693825564 0.013692835542397006 -0.0061257238519418413 0.065382697017762573
leaf_weight=11.720830971375106 137.72418123483658 208.96885448880494 6.6979720741510418 166.08506670221686 32.606227785348892 79.046457687392831 11.095368161797525 14.700006105005739 15.417375534772871 1549.3682413995266 7.0480498746037474 12.340993501245977 39.102687563747168 16.523248516023159 10.605234786868094 13.993538375943897 11760.991931298282 1729.5526109770872 12609.530400501564 54.338750623166561 249.33559869974852 480.14411962777376 1207.9666491225362 366.91517359018326 11.352023996412759 8.3121589273214322 11.256377585232256 105.36437626928091 6.3725838363170606 6.9705085605382919
leaf_count=242 985 1518 40 1009 179 509 67 82 93 10450 39 67 232 90 61 89 98517 18418 80981 360 2089 3365 8487 2407 71 51 70 708 41 47
internal_value=1.99291e-05 -0.00223711 -0.00243344 0.00138197 0.0057698 0.00879016 -0.00657626 -0.0135125 0.0149679 -0.00369288 -0.00321444 0.01653 -0.0171394 0.00619264 0.00431225 0.00465845 0.000192298 -0.000448188 0.000758681 -0.00133998 -0.00520883 -0.00254097 0.000957628 0.00624616 0.00892622 0.031108 0.0169314 0.00430334 -0.00224552 0.0312307
internal_weight=30941.4 2195.32 2183.6 541.913 349.315 302.009 192.598 47.3062 26.5127 1641.69 1585.28 35.9123 56.4059 28.8642 17.3032 222.962 28746.1 13490.5 15255.6 2646.05 985.911 736.576 1660.14 452.174 397.836 30.9206 22.6084 256.432 151.067 13.3431
internal_count=231364 14767 14525 3546 2377 2116 1169 261 160 10979 10646 196 333 157 101 1607 216597 116935 99662 18681 7235 5146 11446 2959 2599 192 141 1781 1073 88
is_linear=0
shrinkage=0.04


Tree=147
num_leaves=31
num_cat=0
split_feature=30 7 29 25 2 23 15 15 14 32 5 2 25 15 25 29 7 23 17 16 14 3 20 16 14 18 34 34 15 1
split_gain=9.17431 9.03249 12.3238 9.2863 7.9512 7.87423 7.96218 12.4694 11.0928 8.70076 12.6032 8.12398 11.4198 7.99804 13.0658 8.16435 15.8522 8.02533 11.3373 7.73434 7.61228 7.07674 7.66114 8.09341 6.60534 6.40591 6.96117 6.76387 9.67689 6.45727
threshold=-1.3583333333333329 3.5000000000000004 1.0000000180025095e-35 12.650000000000002 30.790000000000003 12.805000000000001 0.23316666666666672 0.22950000000000007 5.1833333333333345 2.2850000000000006 6.9350000000000014 48.295000000000009 -19.840833333333325 0.13707142857142862 -15.888999999999998 2.4150000000000005 1.5000000000000002 7.8800000000000008 -0.32018518518518507 0.31666666666666671 5.7321428571428585 0.19153907337442835 0.10555555555555557 0.23611111111111113 1.9500000000000002 3.5000000000000004 1.5000000000000002 2.5000000000000004 0.2010555555555556 4.5000000000000009
decision_type=2 2 2 2 2 2 8 8 10 2 2 2 2 10 2 2 2 2 10 8 8 10 8 10 10 10 2 2 10 2
left_child=1 2 4 20 -1 6 7 9 -9 11 13 21 -13 14 -11 16 -15 -17 -19 25 -3 -4 -23 -24 -7 -20 -27 -28 29 -29
right_child=-2 3 5 -5 -6 24 -8 8 -10 10 -12 12 -14 15 -16 17 -18 18 19 -21 -22 22 23 -25 -26 26 27 28 -30 -31
leaf_value=0.090664661368141733 7.8937101051818219e-05 -0.0078757193264587331 -0.010797129727580231 0.037124889003356774 0.010791380135191118 0.045139101879387189 -0.016768906718609956 0.029507871302830838 0.17061830838856964 0.11993194646081007 -0.030833578083454501 0.00094526228306456787 0.11446229983075643 0.16149789806664963 0.0050397457249436294 -0.010104324013200707 0.010607262386724811 0.084682130034144681 0.053731042800409828 -0.044736231047259468 -0.034637889877855717 0.0024964830940027364 0.099677835566139475 0.006424670375250202 -0.0068152897422164996 0.046103020549560163 -0.026143772937771776 0.043041523725890637 -0.030599968047230114 -0.01868379632598352
leaf_weight=3.8063096012920132 30008.591031949967 400.22930744243786 82.593699962832034 7.0984574742615214 4.188397859223187 3.9738299697637549 27.643304900731891 2.7428011437878004 1.3204510495997963 3.1623031701892614 8.9209877084940654 3.7128945612348616 2.2939949473366132 1.7644146624952544 3.1725369468331328 18.910837701521814 3.0220207581296563 4.0353806875646105 7.2271070834249249 3.2454276904463759 17.760233944747597 54.40077189495787 2.8065322488546363 3.1722441893070936 266.06891552731395 7.9491239655762902 8.5428050365299004 13.510460920631891 5.4596829172223797 3.3926454912871113
leaf_count=69 210507 8864 1778 83 125 46 994 54 78 44 138 141 67 43 37 302 81 60 79 38 1486 2791 62 46 3063 111 107 136 67 75
internal_value=-4.52006e-05 -0.0038615 -0.000481955 -0.00824239 0.0488193 -0.00120777 0.00358271 0.00587562 0.0753651 0.00470547 0.0143546 -0.00127365 0.0442967 0.0191886 0.062393 0.0156369 0.0662298 0.0122862 0.0202211 0.0149476 -0.00901283 -0.00318825 0.00722 0.0501992 -0.00605075 0.019151 0.012719 0.00413246 0.0156983 0.0306526
internal_weight=30984.7 976.128 551.04 425.088 7.99471 543.045 273.002 245.359 4.06325 241.296 92.3157 148.98 6.00689 83.3947 6.33484 77.0599 4.78644 72.2735 53.3626 49.3273 417.99 142.973 60.3795 5.97878 270.043 46.0818 38.8547 30.9056 22.3628 16.9031
internal_count=231572 21065 10632 10433 194 10438 7329 6335 132 6203 1318 4885 208 1180 81 1099 124 975 673 613 10350 4677 2899 108 3109 575 496 385 278 211
is_linear=0
shrinkage=0.04


Tree=148
num_leaves=31
num_cat=2
split_feature=13 22 30 6 14 17 0 8 17 10 6 6 15 25 6 15 12 25 23 17 9 30 23 6 8 31 25 30 23 29
split_gain=6.50139 12.1229 12.2468 9.42611 8.86611 8.1144 9.80501 7.84478 7.35666 9.59716 14.1957 8.41823 10.8021 9.13229 11.0119 8.27842 7.50717 7.98826 9.44054 9.08226 15.2718 8.12252 8.84603 8.53165 8.05229 10.2728 8.22389 7.13004 12.1641 11.1757
threshold=1.5000000000000002 0 1.1850000000000001 -0.024500000000000185 2.3875000000000006 -0.22394179894179889 0.18170521390374336 14.375000000000002 0.12705026455026455 2.5000000000000004 0.034999999999999705 0.0016666666666664833 0.10527777777777782 18.399166666666673 0.035000000000000593 0.097071428571428572 1 -5.5366666666666662 19.580000000000002 -0.034722222222222189 1.2583333333333349 -1.0683333333333338 11.160000000000002 0.013333333333333199 32.360000000000007 3.5000000000000004 -10.640833333333331 0.84666666666666746 51.765000000000008 4.7650000000000006
decision_type=2 1 2 2 8 8 10 2 10 2 2 2 10 2 2 10 1 2 2 10 2 2 2 2 2 2 2 2 2 2
left_child=1 2 3 5 -3 6 -1 -4 11 10 -10 15 -13 16 -15 -5 17 18 19 21 -21 22 -14 -23 25 26 -20 28 -2 -29
right_child=27 4 7 8 -6 -7 -8 -9 9 -11 -12 12 13 14 -16 -17 -18 -19 24 20 -22 23 -24 -25 -26 -27 -28 29 -30 -31
leaf_value=0.080892388356415823 -0.00032381958556283133 -0.018922963025272948 0.027892634373866954 0.043473950914918014 0.00018583324860486707 0.012512672494052969 0.0011140897775013649 -0.0074894754279110996 -0.013077395109785388 0.024684345977583424 0.042771093804373335 -0.038757938275048268 0.050190627883694994 0.060337722894246902 -0.0079564191437403314 -0.0063487248493951185 -0.010717469553969152 0.0032130176458277314 0.018395778330277782 -0.034493408362730661 0.06468238190462032 0.013897073473146296 -0.043930317117830124 0.073216258828242134 -0.0065181441045484437 -0.0018499238353424749 0.073158237955132058 0.019943659375721585 -0.004648749347404754 0.00074468404842964171
leaf_weight=6.1452681282535178 19498.010946106631 39.893478211015463 10.782476760447024 5.5198541274294248 1484.7056450396776 222.90362247033045 4.1157341557554901 142.9326613470912 31.910280928015709 60.347046386450529 9.4351758845150453 8.3314211997203511 3.4277553269639602 10.73787657916546 5.8278137519955626 160.17546141659841 32.130928064230829 191.71707684732974 10.026116866618397 6.7681589331477863 3.9249383509159088 5.2248170077800813 2.992554766125977 15.06510063447058 31.917601052671671 15.916458128020166 7.8019444644451132 48.815827146172523 1099.1592770963907 7762.1858875863254
leaf_count=59 160261 236 75 41 11060 1619 67 1024 199 409 64 93 71 71 45 1299 512 1483 76 72 37 48 51 160 257 150 55 276 7390 44156
internal_value=8.68871e-06 0.00195143 0.0053317 0.00725884 -0.00031213 0.0141137 0.048893 -0.00500757 0.00467759 0.0145131 -0.000332577 0.00274485 0.00624602 0.00733764 0.0363118 -0.00468897 0.00586943 0.00777713 0.0170216 0.0330616 0.00190941 0.045533 0.00632015 0.0579411 0.00788471 0.0215078 0.042361 -0.000164376 -0.000554618 0.00086467
internal_weight=30938.8 2530.68 1006.08 852.363 1524.6 233.165 10.261 153.715 619.198 101.693 41.3455 517.506 351.811 343.479 16.5657 165.695 326.913 294.783 103.065 37.4033 10.6931 26.7102 6.42031 20.2899 65.6621 33.7445 17.8281 28408.2 20597.2 7811
internal_count=231416 19333 8037 6938 11296 1745 126 1099 5193 672 263 4521 3181 3088 116 1340 2972 2460 977 439 109 330 122 208 538 281 131 212083 167651 44432
cat_boundaries=0 1 2
cat_threshold=7546752 5
is_linear=0
shrinkage=0.04


Tree=149
num_leaves=31
num_cat=0
split_feature=14 16 15 11 34 6 13 0 16 15 25 6 23 17 0 25 30 17 16 25 23 32 24 20 11 20 15 29 23 10
split_gain=6.09417 10.0411 8.93456 10.126 8.63778 8.33447 7.95248 10.739 10.875 10.1877 11.6872 8.40874 8.45991 8.33425 8.02533 14.6468 7.75456 12.6466 16.6423 9.37713 11.2109 9.07474 10.6564 13.9521 7.87021 7.63775 8.4644 8.41756 13.5377 10.5632
threshold=3.3166666666666669 0.31666666666666671 0.22845238095238102 32.500000000000007 1.5000000000000002 -0.13333333333333328 1.5000000000000002 0.14280945305970846 0.11805555555555557 0.22645833333333337 -19.524166666666662 0.14333333333333401 37.055000000000007 -0.2334821428571428 0.25780780780780788 -10.854999999999997 1.5233333333333341 0.11111111111111108 0.41428571428571431 25.675500000000003 48.730000000000011 5.1850000000000014 39.145000000000003 0.2678571428571429 49.500000000000007 0.10555555555555557 0.088166666666666685 6.6350000000000007 46.010000000000012 1.5000000000000002
decision_type=10 8 8 2 2 2 2 10 10 8 2 2 2 8 8 2 2 10 10 2 2 2 2 10 2 10 10 2 2 2
left_child=1 2 -1 -4 -5 -3 7 8 13 11 -11 16 -13 -2 -9 -16 25 19 21 20 -18 -19 -23 -24 -22 27 -27 -8 29 -29
right_child=6 5 3 4 -6 -7 9 14 -10 10 -12 12 -14 -15 15 -17 17 18 -20 -21 24 22 23 -25 -26 26 -28 28 -30 -31
leaf_value=0.0028559515305591259 -0.034165082083227195 -0.011151375677787236 0.074544945781555585 0.053451115066558884 -0.0026538194561299879 0.00022003578404263273 -0.00053649759253315485 0.0026177175088892947 -0.015573435154899203 -0.020442930148334086 -0.0038972350437157478 0.0070728996725753024 0.052308888317128821 0.018698933582799421 -0.027801076489130914 0.10250650017041879 -0.0030444521780173222 0.05473753551082048 -0.011675103061807982 -0.011190393892221316 0.02019020122486816 -0.012337693643512239 0.037738802255070147 -0.014198410861569491 -0.0152407427436792 -0.03641610880527435 -0.0023665802251289824 -0.016618552798510808 0.0018439601565932401 0.029053235345972688
leaf_weight=1959.9283897019923 5.6859460538253188 103.86161749064922 5.4907864369452026 6.1857430748641518 15.128749741241334 14566.378862936515 7510.1717644422315 1628.374529519584 101.10862598568201 80.145006936974823 462.40078346896917 24.62447630148381 9.0443814471364004 29.673598009161651 2.3112727706320584 3.4258207483217111 121.766248062253 14.047466084361075 25.301007807254791 80.594418987631798 77.7330222427845 13.516625069081782 41.997999019920826 10.306579470634459 11.517129361629484 11.718259502202271 3711.085247926414 9.4818121977150422 238.97688760980964 55.700331835076213
leaf_count=13564 51 643 44 43 111 94129 68549 13170 706 2029 4643 286 71 225 84 34 692 79 139 459 445 75 237 60 64 84 28598 65 1658 406
internal_value=-1.88745e-05 0.000500942 0.00316965 0.0261067 0.0136286 0.000139529 -0.000625187 0.00188386 -0.00889588 -0.000980297 -0.00634137 -0.000737255 0.0192245 0.0101982 0.0027841 0.0500102 -0.000793573 0.00470463 0.0165959 0.000416037 0.00484893 0.0255517 0.0193228 0.0275046 0.0156181 -0.000982665 -0.00247376 -0.000272298 0.00625122 0.0224095
internal_weight=30937.7 16657 1986.73 26.8053 21.3145 14670.2 14280.7 1770.58 136.468 12510.1 542.546 11967.6 33.6689 35.3595 1634.11 5.73709 11933.9 396.78 105.17 291.611 211.016 79.8687 65.8212 52.3046 89.2502 11537.1 3722.8 7814.33 304.159 65.1821
internal_count=231443 108534 13762 198 154 94772 122909 14270 982 108639 6672 101967 357 276 13288 118 101610 2250 590 1660 1201 451 372 297 509 99360 28682 70678 2129 471
is_linear=0
shrinkage=0.04


Tree=150
num_leaves=31
num_cat=1
split_feature=30 3 3 23 9 14 9 24 13 5 24 19 2 9 14 9 15 16 25 33 32 17 13 23 34 13 8 10 19 15
split_gain=6.59883 6.6844 9.00944 12.4683 13.4598 21.3969 15.1009 12.6717 10.0107 11.9301 9.764 9.13303 8.07368 15.2332 7.78673 11.0734 7.08495 7.01369 9.38103 12.7264 11.1067 10.7583 10.5196 9.37449 10.5873 9.35501 9.57184 8.72637 9.76766 8.79326
threshold=-2.7274999999999991 0.43252827295380497 0.22454436319982543 21.755000000000003 4.938333333333337 4.4142857142857155 8.3655000000000026 43.705000000000005 5.5000000000000009 6.705000000000001 6.2000000000000011 0.77500000000000013 49.860000000000007 -0.83333333333333381 5.3875000000000011 8.9316666666666684 0.21527777777777782 0.18333333333333338 -9.5366666666666617 0 7.8850000000000007 -0.28353174603174591 2.5000000000000004 16.740000000000006 6.5000000000000009 8.5000000000000018 37.895000000000003 2.5000000000000004 1.0000000180025095e-35 0.20211111111111116
decision_type=2 10 8 2 2 8 2 2 2 2 2 10 2 2 10 2 10 10 2 1 2 10 2 2 2 2 2 2 8 10
left_child=-1 2 17 4 7 6 10 12 9 -7 -6 -5 -4 -14 -11 -16 -3 18 22 23 25 -22 -2 24 -20 -21 -27 28 -25 -30
right_child=1 16 3 11 5 8 -8 -9 -10 14 -12 -13 13 -15 15 -17 -18 -19 19 20 21 -23 -24 27 -26 26 -28 -29 29 -31
leaf_value=-0.012503100472731865 0.0052988303164598098 0.0045269937010523143 -0.0041916009681763908 -0.0047778748068427294 0.1232407821487726 0.089479516074166168 0.021943645034018047 0.068526000448683067 -0.035577101822242711 -0.012900748200160824 0.04640430375896476 -0.01974022739129043 0.14189277502675107 -0.02225830654318799 -0.04095024950957691 0.14442315150614898 0.039844921386044681 -0.00023921961062619144 0.0060815932832144412 0.0033053479865919055 -0.0083879021668478368 0.059054013642532183 -0.0031223017262153548 -0.0030090900373545473 0.05496198647726739 0.0069619523456453305 0.023652573755590042 -0.0053639652859002063 0.0075523586229820942 0.039019578392512896
leaf_weight=68.29442570451647 307.80686358641833 335.22707855748013 147.12161368271336 719.4826763626188 5.4542150627821702 2.940065708011395 13.291469395160673 4.1007636822760096 9.2445489317178708 11.204396557994185 5.1396865602582693 71.785809867084026 1.7333974642679097 1.8916296456009138 0.85958772664889638 1.2883754298090933 9.3412019489333016 25464.677168674767 139.53983781859279 1448.8381431307644 5.6298719532787826 11.545493494719265 1036.7905116151087 172.77330871298909 7.4693457828834644 219.3182251015678 73.366030963137746 549.50183219276369 108.03905679285526 16.360261524096131
leaf_count=5424 3407 2225 2819 4887 68 48 138 35 211 210 48 433 46 45 52 64 108 176820 1412 11432 40 73 12504 1323 83 1857 582 4304 779 129
internal_value=-8.31061e-05 -5.56573e-05 -0.000118129 -0.00386085 0.00494954 0.0231243 0.0503383 -0.000851251 -0.00232967 0.0165354 0.0859632 -0.0061353 -0.00273852 0.0562346 0.00047376 0.0702391 0.00548446 7.91386e-06 0.00154397 0.00288178 0.00491078 0.0369474 -0.00119453 -0.000751157 0.00856514 0.00462302 0.0111457 -0.00237763 0.0031444 0.0116907
internal_weight=30970.1 30901.8 30557.2 995.538 204.27 49.4223 23.8854 154.847 25.537 16.2924 10.5939 791.268 150.747 3.62503 13.3524 2.14796 344.568 29561.7 4096.98 2752.38 1758.7 17.1754 1344.6 993.684 147.009 1741.52 292.684 846.674 297.173 124.399
internal_count=231606 226182 223849 9104 3784 839 254 2945 585 374 116 5320 2910 91 326 116 2333 214745 37925 22014 13984 113 15911 8030 1495 13871 2439 6535 2231 908
cat_boundaries=0 1
cat_threshold=11
is_linear=0
shrinkage=0.04


Tree=151
num_leaves=31
num_cat=1
split_feature=9 15 14 25 2 0 0 32 16 11 21 6 15 18 0 9 2 0 23 17 1 9 6 10 2 33 32 24 31 6
split_gain=7.48228 6.31065 13.8809 14.7534 9.56151 9.46837 14.7121 12.0547 16.6647 12.1737 9.56125 10.698 9.32599 8.98433 8.36484 9.5524 13.5379 11.4082 9.56094 8.62059 8.21914 10.9599 8.26837 9.81964 12.7129 9.58362 8.48103 8.34089 12.8901 14.2244
threshold=-27.96833333333333 0.19527777777777786 4.154761904761906 17.814166666666676 26.685000000000006 0.15887607206967627 0.16117829740591891 7.1550000000000011 0.68333333333333346 37.500000000000007 0.36666666666666675 1.0000000180025095e-35 0.21612500000000004 3.5000000000000004 0.16050568980948729 -10.6755 38.900000000000006 0.15993265916923638 47.305000000000007 -0.27030423280423271 3.5000000000000004 -8.2149999999999963 0.04500000000000038 4.5000000000000009 38.900000000000006 0 6.8050000000000006 44.705000000000005 3.5000000000000004 0.0066666666666663774
decision_type=2 8 10 2 2 10 10 2 10 2 8 2 10 10 10 2 2 10 2 10 2 2 2 2 2 1 2 2 2 2
left_child=-1 5 3 -3 12 -2 7 14 9 -9 -11 -12 13 -5 15 16 18 -18 -7 -16 21 -17 25 24 -24 26 27 28 29 -22
right_child=1 2 -4 4 -6 6 -8 8 -10 10 11 -13 -14 -15 19 20 17 -19 -20 -21 22 -23 23 -25 -26 -27 -28 -29 -30 -31
leaf_value=-0.010387691283456074 -0.00044087361627408666 -0.0010542072426242724 -0.0052051995313375232 0.0056812871870873475 0.0043820017378014961 0.00011859024342943416 0.0006066889951656776 0.0026245533141177032 -0.01496046492151472 0.025640383940157736 0.093190472386806 0.029853612840492857 0.046205884884729105 0.053916872789360165 -0.035027684604269325 -0.027949103946557648 0.076812633842162706 0.0073223791543867572 0.055893363956511996 0.010227931607878953 0.067537258639291817 -0.0010805848160850343 -0.0041596209854031256 0.050667031305747692 0.053908379591998415 -0.0011125468222772839 0.071111270118506612 -0.015767061632591648 -0.0011655634943041129 0.00086088071264370214
leaf_weight=110.10845144931227 13887.716362408362 2612.9870180613361 1117.4021102641709 44.823804464191198 312.46992981433868 43.922359719872475 11493.264317416586 24.726633798331022 19.538890689611435 40.808672606945038 8.4725943356752413 8.5957075580954534 17.339102525264025 7.166061256080865 6.8744030431844285 25.597401313483715 9.4296174272894842 6.3090177271515122 5.5374791845679274 331.15552180726081 14.234759591519834 475.85981170274317 25.114019141066819 13.139595683664082 7.9394930079579344 213.78606965951622 4.5971744805574408 11.440122166648505 19.231467184610665 7.994355756789445
leaf_count=887 93258 20514 14653 261 1873 333 90403 154 110 260 50 49 103 45 78 158 68 49 33 2345 94 2801 263 139 80 1833 31 78 238 59
internal_value=2.09033e-05 5.80924e-05 -0.00140059 1.897e-05 0.00736367 0.000282706 0.0010667 0.00505899 0.0182599 0.0261178 0.0361548 0.0612936 0.0208022 0.0123299 0.00395572 0.00190954 0.016645 0.0489566 0.00636308 0.00930758 0.000736394 -0.00245212 0.00577267 0.0214163 0.00978838 0.00310894 0.0161839 0.0144699 0.0228131 0.0435581
internal_weight=30927.6 30817.5 4112.19 2994.79 381.799 26705.3 12817.6 1324.31 102.142 82.6036 57.877 17.0683 69.329 51.9899 1222.16 884.133 65.1985 15.7386 49.4598 338.03 818.934 501.457 317.477 46.1931 33.0535 271.284 57.4979 52.9007 41.4606 22.2291
internal_count=231300 230413 37449 22796 2282 192964 99706 9303 623 513 359 99 409 306 8680 6257 483 117 366 2423 5774 2959 2815 482 343 2333 500 469 391 153
cat_boundaries=0 1
cat_threshold=272
is_linear=0
shrinkage=0.04


Tree=152
num_leaves=31
num_cat=7
split_feature=14 11 33 1 1 24 26 15 11 6 23 22 33 22 30 17 2 30 32 29 2 6 22 16 30 15 22 33 30 6
split_gain=5.69073 10.5096 9.508 13.1523 10.8402 13.0352 13.5367 8.88816 10.0175 9.15397 14.9643 7.73406 7.63933 14.9617 15.4751 10.8667 10.6282 9.48275 7.6287 7.60072 17.1013 6.99019 6.56328 7.58504 6.51333 6.43038 18.6784 8.32808 8.40174 7.5886
threshold=4.7071428571428582 52.500000000000007 0 1.5000000000000002 3.5000000000000004 16.720000000000002 4.5000000000000009 0.12816666666666673 47.500000000000007 -0.10499999999999997 16.475000000000005 1 2 3 -1.0683333333333338 -0.3332936507936507 52.790000000000006 0.27000000000000096 1.0000000180025095e-35 3.8350000000000004 33.685000000000009 -0.0033333333333334099 4 0.13392857142857145 -0.74633333333333318 0.1152777777777778 5 6 2.1900000000000004 0.11166666666666682
decision_type=10 2 1 2 2 2 2 10 2 2 2 1 1 1 2 10 2 2 2 2 2 2 1 10 2 10 1 1 2 2
left_child=25 7 19 21 24 -6 -7 8 11 10 -9 -2 13 14 15 -11 -15 -16 -13 20 -3 -4 23 -14 -5 26 29 -28 -29 -1
right_child=1 2 3 4 5 6 -8 9 -10 12 -12 18 22 16 17 -17 -18 -19 -20 -21 -22 -23 -24 -25 -26 -27 27 28 -30 -31
leaf_value=0.0013747821504603314 -0.011186738271273004 -0.031642453956355301 0.019533846221989625 -0.027941809465939573 -0.017067468377851298 0.029881687475119569 0.12304482153869861 -0.0085079033158152999 0.061123253087907288 -0.020818411036552829 0.10489084698306918 0.095258432979107022 -0.0050548569473753578 -0.010054251428463694 -0.0087060293501539376 0.026028246025568795 0.067815591653801369 0.024399890806056864 0.017833804547918577 -0.020725539936575395 0.067841421643543967 0.069286812567826386 -0.015359708876230374 0.041506493307821246 0.0098257301461527665 0.00023484464275698479 -0.010581475666534284 -0.0039778056880784788 0.017728735226946235 0.032634284193336187
leaf_weight=1131.0844719521701 19.988193620461971 5.4629580043256265 7.9931830838322666 13.340253133326771 6.0445387801155475 9.6253812443464977 3.3687961455434552 4.5885890852659932 5.8562447205185881 9.0153243597596866 3.1333245187997818 2.2905789003707495 102.98616601573303 244.28625807305798 88.263478422537446 65.356663252227008 2.8369848867878309 16.418510634452105 18.332098424434662 26.718444243073463 5.5973730254918337 10.393099769949911 199.25925024366006 5.9196941098198286 16.152279295027256 27740.80206236802 351.81791930226609 808.00312057277188 29.57469667494297 12.563619915395973
leaf_count=7820 336 66 51 132 108 127 61 113 51 351 24 74 2168 4729 828 2237 59 106 253 247 63 69 4028 72 108 199039 2453 5615 156 95
internal_value=-2.8229e-05 -0.00317458 0.00873276 0.0163964 0.00793154 0.0314607 0.0540346 -0.00475556 0.0122153 -0.00581826 0.037506 0.00516261 -0.00627383 -0.00256342 0.00605975 0.0203495 -0.00880404 -0.00351364 0.0178014 -0.00726017 0.018704 0.0476574 -0.0109661 -0.0023117 -0.00725753 6.52212e-05 -0.00195167 -0.00543467 -0.00317346 0.00170329
internal_weight=30967.1 893.228 104.696 66.9175 48.5312 19.0387 12.9942 788.531 46.4671 742.064 7.72191 40.6109 734.342 426.177 179.054 74.372 247.123 104.682 20.6227 37.7788 11.0603 18.3863 308.165 108.906 29.4925 30073.8 2333.04 1189.4 837.578 1143.65
internal_count=231639 16461 1032 656 536 296 188 15429 714 14715 137 663 14578 8310 3522 2588 4788 934 327 376 129 120 6268 2240 240 215178 16139 8224 5771 7915
cat_boundaries=0 1 2 3 4 5 6 7
cat_threshold=296 8103448 103 2211656 10249347 15263365 321
is_linear=0
shrinkage=0.04


Tree=153
num_leaves=31
num_cat=0
split_feature=1 3 30 23 7 17 21 23 13 3 3 10 31 29 7 2 2 0 0 2 20 10 32 32 2 13 30 8 27 30
split_gain=8.86196 9.25379 10.4974 12.6912 9.98666 10.5876 12.6724 11.8921 11.3944 9.72875 13.6254 10.4216 9.72855 10.0812 19.2075 13.1302 36.0739 12.4922 18.474 9.18636 8.87624 8.84131 10.2503 10.5035 9.11516 8.98053 8.19417 8.17716 7.94482 13.41
threshold=5.5000000000000009 0.12826185613796234 1.7136666666666669 56.610000000000007 2.5000000000000004 -0.20363756613756609 1.0000000180025095e-35 47.145000000000003 6.5000000000000009 0.12099342510786934 0.11868276449191241 3.5000000000000004 5.5000000000000009 3.8950000000000005 4.5000000000000009 23.175000000000004 28.540000000000003 0.17403385217723458 0.16649319874438362 45.015000000000008 1.0000000180025095e-35 2.5000000000000004 6.6950000000000012 7.6250000000000009 45.480000000000011 9.5000000000000018 -2.879166666666666 39.815000000000005 2.5000000000000004 1.1650000000000007
decision_type=2 10 2 2 2 8 10 2 2 8 8 2 2 2 2 2 2 8 10 2 8 2 2 2 2 2 2 2 2 2
left_child=-1 2 3 4 5 6 7 -2 -8 10 20 -12 13 14 15 -6 -17 18 -18 -4 -7 22 24 25 -15 27 -3 28 29 -24
right_child=1 26 19 -5 12 9 8 -9 -10 -11 11 -13 -14 21 -16 16 17 -19 -20 -21 -22 -23 23 -25 -26 -27 -28 -29 -30 -31
leaf_value=0.00017096761920640472 -0.0012552525271426207 -0.025346727594142738 0.0028290549629919315 -0.021514417024121969 -0.042185000216876212 -0.013780790963877966 0.12507906071274427 0.10206614601313005 0.032617497968644445 -0.0237574165665859 0.0079288272302695771 0.10425922678154201 -0.017800651258484356 -0.0050115078296005438 -0.015644209100322676 0.22890238084538544 0.013824367324448077 -0.0030408892422707553 0.18995177216245832 0.041646340018375756 0.00083790068708725052 -0.0080218501040560265 0.080127670874952747 -0.023253277077372233 0.022829287266552273 -0.0046362650754829997 0.003778694088311984 0.049223916055171561 -0.015494149997651665 -0.010432943621087085
leaf_weight=28177.40528458776 26.161070774309341 15.977290431037543 251.01285017281771 65.381522141396999 1.911245079711082 74.471403040923178 2.8518269043415776 1.9126757122576226 8.4545070230960828 29.134431621059775 3.7091773971915236 3.485472472384572 99.709599759429693 324.57372809760273 12.165545301046221 1.919073556549846 2.1402752632275233 5.1294313785620007 1.7174767702817915 10.149091586470602 617.41360645648092 713.83969611860812 5.3831607792526501 10.244216356426476 19.973601642996073 15.732252825051544 473.17275259830058 19.778314661234617 8.7678578756749612 5.0898146629333496
leaf_count=193362 611 2156 1376 570 46 1078 48 24 152 347 40 42 3389 3975 337 47 52 136 35 56 6469 9639 52 98 241 179 7234 165 74 33
internal_value=-4.33856e-05 -0.0021766 -0.00322164 -0.00417028 -0.00360769 -1.75235e-05 0.020184 0.00578408 0.0559393 -0.00110998 -0.000166135 0.0545964 -0.00581573 -0.00477511 0.0203563 0.0545256 0.0714735 0.037857 0.0922365 0.00433754 -0.00073559 -0.00533401 -0.000649058 0.013921 -0.00339756 0.0208765 0.00282736 0.031163 0.0125976 0.0361157
internal_weight=31008.8 2831.36 2342.21 2081.05 2015.67 767.594 39.3801 28.0737 11.3063 728.214 699.08 7.19465 1248.08 1148.37 24.983 12.8175 10.9063 8.98718 3.85775 261.162 691.885 1123.38 409.543 64.9956 344.547 54.7514 489.15 39.0191 19.2408 10.473
internal_count=232063 38701 29311 27879 27309 8811 835 635 200 7976 7629 82 18498 15109 653 316 270 223 87 1432 7547 14456 4817 601 4216 503 9390 324 159 85
is_linear=0
shrinkage=0.04


Tree=154
num_leaves=31
num_cat=5
split_feature=6 30 11 22 9 0 22 19 19 2 20 23 12 1 11 22 22 20 29 0 32 23 5 9 23 15 2 9 30 3
split_gain=6.55271 12.719 11.1178 10.1944 9.30596 10.0842 8.52859 7.91463 7.58667 10.1768 7.42324 6.67928 14.4177 13.4489 16.293 15.4698 13.2002 12.0842 12.0702 12.3993 11.2521 10.8054 13.637 9.47412 10.4246 13.476 8.94908 8.90419 8.14574 8.13834
threshold=0.068333333333333815 -1.2363333333333328 48.500000000000007 0 8.7358333333333338 0.16232185172647259 1 0.36666666666666675 0.90000000000000013 30.885000000000002 0.41428571428571431 43.975000000000001 2 1.5000000000000002 37.500000000000007 3 4 0.41428571428571431 6.3850000000000007 0.15525677655677658 5.8850000000000007 38.785000000000004 6.8050000000000006 3.6333333333333386 32.365000000000009 0.14585714285714288 32.935000000000009 -9.9216666666666633 1.6481666666666663 0.12747051011639718
decision_type=2 2 2 1 2 10 1 10 8 2 8 2 1 2 2 1 1 8 2 10 2 2 2 2 2 10 2 2 2 10
left_child=11 -2 6 4 -4 -6 -3 -5 -8 -10 -11 12 13 14 28 -16 18 21 19 -15 -20 22 -17 24 25 -18 -24 -21 -1 -22
right_child=1 2 3 7 5 -7 8 -9 9 10 -12 -13 -14 16 15 17 23 -19 20 27 29 -23 26 -25 -26 -27 -28 -29 -30 -31
leaf_value=-0.015698817768457562 -0.019710633607967785 -0.010723682773302793 0.0093465696736598526 -0.0072635547435714997 0.0074317377342673239 0.074118124735103555 -0.0027659303099993606 0.0057734108290350824 -0.023554639465939151 0.075037466675769798 0.017209795689518012 -0.000929597494131797 2.0569909541037812e-05 -0.0080026562450318511 -0.0097778809102507646 0.0053293947392728793 -0.014476664877074608 0.042417977374088082 -0.020277507586240553 -0.021907405497946616 0.015162578857382442 0.0010552905997971848 0.085375556631074934 0.0022323594543166066 0.01043545649637643 0.057237846273214987 0.026457699812577978 0.0055808839895449261 0.021889849153839191 -0.0084285460400758613
leaf_weight=142.45993984490633 67.355024906806648 235.94101314246655 119.83863996714354 152.14518859330565 6.7676802761852723 7.8210437782108784 755.7016314426437 146.00936376303434 5.7737833037972477 5.6748045906424496 9.4936154522001743 8985.1368370819837 18386.388387704734 264.54776428453624 93.315258398652077 23.933557368814945 5.6634059213101891 16.662663698196411 18.815932549536228 20.168529521673918 177.25319469347596 129.05833121389151 7.3687947615981129 253.26664013788104 576.13837078213692 16.141540821641684 9.3696458935737592 289.4313794542104 9.8630021512508375 26.954857431352139
leaf_count=1019 1783 2111 1062 1465 45 65 6274 1145 38 38 71 55209 148905 1684 660 154 41 115 126 133 1114 904 46 1490 3623 105 58 1814 79 172
internal_value=-0.000152324 -0.00272003 -0.00192814 0.00343961 0.0121172 0.0431824 -0.00422128 -0.000850686 -0.00208101 0.0216408 0.0388443 -2.04583e-05 0.000378663 0.00352639 -0.00273869 0.00299366 0.00518982 0.00940744 0.00140645 -0.00164355 0.00932135 0.00672101 0.0246992 0.00861528 0.0114629 0.0386114 0.0523952 0.00379019 -0.0132649 0.0120486
internal_weight=30964.5 1512.52 1445.17 432.582 134.427 14.5887 1012.58 298.155 776.644 20.9422 15.1684 29451.9 20466.8 2080.41 432.031 279.708 1648.38 186.393 797.172 574.148 223.024 169.73 40.672 851.21 597.943 21.8049 16.7384 309.6 152.323 204.208
internal_count=231548 14097 12314 3782 1172 110 8532 2610 6421 147 109 217451 162242 13337 3035 1937 10302 1277 5043 3631 1412 1162 258 5259 3769 146 104 1947 1098 1286
cat_boundaries=0 1 2 3 4 5
cat_threshold=4743268 2824880 1 11020704 6509506
is_linear=0
shrinkage=0.04


Tree=155
num_leaves=31
num_cat=5
split_feature=9 30 32 22 20 30 22 30 15 1 19 13 23 9 3 2 24 20 0 19 29 22 30 22 6 33 27 15 29 15
split_gain=6.23756 8.85897 15.3352 11.6726 8.34633 10.397 8.12321 7.62948 7.61199 7.51823 10.6744 7.14806 9.40217 9.38105 12.4521 7.56587 6.84811 6.60092 6.44876 6.21621 8.84134 13.3465 21.5089 8.95911 9.16171 8.96193 8.30532 10.4753 8.95629 12.2589
threshold=27.417500000000008 -0.02500000000000013 3.2950000000000004 0 0.10555555555555557 -0.67500000000000038 1 0.33000000000000057 0.20950000000000005 1.5000000000000002 0.45000000000000007 8.5000000000000018 29.280000000000005 33.569166666666675 0.10103696539866754 32.360000000000007 41.105000000000011 1.0000000180025095e-35 0.15571750321750324 0.55000000000000016 3.4450000000000007 2 -1.9508333333333332 3 -0.15183333333333324 4 4.5000000000000009 0.13816666666666672 5.7550000000000008 0.12236111111111114
decision_type=2 2 2 1 10 2 1 2 10 2 8 2 2 2 8 2 2 10 10 8 2 1 2 1 2 1 2 8 2 10
left_child=19 3 -3 8 -5 -6 7 -4 11 16 18 13 -13 14 15 -2 -9 -8 -11 -1 21 -21 -23 -22 -25 -26 -27 28 29 -28
right_child=1 2 6 4 5 -7 17 9 -10 10 -12 12 -14 -15 -16 -17 -18 -19 -20 20 23 22 -24 24 25 26 27 -29 -30 -31
leaf_value=-0.00046243602725888454 -0.017317620373462256 -0.04510514797697783 -0.029157229481961148 -0.019285933252914479 -0.023215941090824633 0.039953537797405632 -0.019398817837203538 -0.003476461667244361 0.076721126066406187 -0.0076958746012222735 -0.025185210965784681 0.08158283186310937 0.021865105550561943 -0.0088733973588949796 0.090878622616478305 0.046140323972219656 0.054324147328063281 0.017672649964385757 0.033341611498943512 -0.01234020328219851 0.0022140180178347904 -0.0053692672753261773 0.076704692448208059 -0.031287490174438812 -0.0028955293108564573 0.0014641011057529455 -0.010950775867983478 -0.0087722156833915307 -0.00049859715502349169 0.043994922071930898
leaf_weight=21670.308737232815 6.2031638696789759 10.993034064769743 17.558927483856678 23.055665771942586 6.5415106117725399 11.493539243936537 8.6395408734679204 6.1175716966390592 5.1304378262720993 12.6759125366807 24.503733187913895 7.0806298926472691 10.435178745537995 14.930525857489558 4.5882841567508867 5.8327315859496593 7.069725289940834 69.55861484259367 11.858570538461207 13.600678979884831 3699.2090777400881 8.0566288265399617 13.963402405381204 15.276078492403029 1474.8116203285754 3310.1709526460618 10.075001103803517 292.59322953037918 120.596276383847 18.293151147663593
leaf_count=171421 51 65 108 206 60 79 53 42 48 66 125 62 73 122 45 45 55 397 64 247 23748 213 146 94 9531 21154 72 1877 740 133
internal_value=-4.30203e-05 0.00607599 0.000576209 0.0158285 -0.00268757 0.0170413 0.00375489 -0.00521784 0.0256325 0.000698897 -0.00651125 0.0255146 0.0460055 0.0141403 0.0348094 0.0134348 0.0275105 0.0120375 0.0121393 -9.57843e-05 0.000789341 0.0206779 0.0320987 0.000710106 -0.000354769 -0.000265038 0.000774666 -0.0043762 0.00425838 0.0244809
internal_weight=30911.2 264.267 168.976 95.2917 41.0907 18.035 157.983 79.7844 54.201 62.2255 49.0382 49.0705 17.5158 31.5547 16.6242 12.0359 13.1873 78.1982 24.5345 30647 8976.65 35.6207 22.02 8941.03 5241.82 5226.54 3751.73 441.558 148.964 28.3682
internal_count=231142 1766 975 791 345 139 910 460 446 352 255 398 135 263 141 96 97 450 130 229376 57955 606 359 57349 33601 33507 23976 2822 945 205
cat_boundaries=0 1 2 3 4 5
cat_threshold=3838579 13883459 12862339 11300998 196
is_linear=0
shrinkage=0.04


Tree=156
num_leaves=31
num_cat=1
split_feature=1 5 11 23 11 1 0 6 34 8 24 3 23 15 15 6 5 3 14 23 34 15 2 23 11 4 15 33 5 0
split_gain=5.8923 9.50916 10.0473 13.3489 9.44492 9.72009 17.26 13.5408 13.5106 10.5061 9.63959 9.59516 13.2813 9.33377 9.18199 8.6089 15.0382 8.60353 8.81781 14.3535 11.7158 9.80616 8.53957 16.829 12.6249 9.85029 10.7305 9.16653 10.1994 8.49571
threshold=3.5000000000000004 6.8850000000000007 26.500000000000004 1.0000000180025095e-35 42.500000000000007 1.5000000000000002 0.19289664378337151 0.068333333333333815 1.5000000000000002 60.305000000000007 66.540000000000006 0.21884245562130181 14.870000000000003 0.19414285714285717 0.16211111111111118 0.066666666666666888 6.8950000000000005 0.34835085175788333 5.2111111111111121 18.220000000000002 3.5000000000000004 0.16788888888888895 21.545000000000005 11.695000000000002 51.500000000000007 1500.0000000000002 0.17050000000000007 0 7.1050000000000013 0.2028619047619048
decision_type=2 2 2 2 2 2 10 2 2 2 2 8 2 10 8 2 2 10 8 2 2 10 2 2 2 2 10 1 2 10
left_child=4 2 3 14 5 6 -1 8 9 10 -7 22 -13 -14 -2 -10 -17 -3 19 20 21 -19 23 24 -6 26 -25 28 -24 -29
right_child=1 17 -4 -5 11 7 -8 -9 15 -11 -12 12 13 -15 -16 16 -18 18 -20 -21 -22 -23 27 25 -26 -27 -28 29 -30 -31
leaf_value=-0.0028798415191970818 0.020400416220712394 -0.0027233780647979472 -0.00048657377228907277 0.0042876081404066299 0.10513709415901916 0.0039348123162777603 0.008002343537268166 -0.0078325209595218291 -0.00018426824037025307 0.034879025531537634 -0.01426071979430279 0.040281057544382728 -0.0067308507036927335 0.0091559426624445231 -0.029965502107015159 0.064288902184212862 -0.0060582607113429466 0.04359814446961674 -0.035251908315328463 0.0099859538454377377 0.0085811526336753048 0.18303542307447707 -0.00018033770593158191 0.0052804242800941151 0.016265610630970481 0.0047995502428165512 0.073756565657374873 0.0031129175489122561 -0.018372023158585753 -0.0048192885407378067
leaf_weight=3073.702222654596 7.1924705225974312 3351.3304868368432 7383.4154675202444 1126.9038468855433 4.7327308133244497 1839.9928042460233 252.34609312191606 300.5199664812535 6105.4898841064423 17.199038006365299 47.795427821576595 10.784151419997213 437.06929825246334 68.43519315123558 29.730414480436593 9.0252037383615988 10.540557309985159 1.3806607248261564 5.8534456696361294 56.212451217696071 2.3624754273332655 1.9421180095523594 2006.6326674968004 7.6738645136356336 5.5646514855325222 622.09772969037294 7.0029140487313271 3802.726617064327 50.553635694086552 229.05150406807661
leaf_count=21995 578 33873 63485 13316 42 10567 1805 2018 35004 89 238 82 2552 419 2961 60 67 34 491 412 74 54 12139 46 46 3733 42 22779 314 1569
internal_value=3.93678e-05 -0.000655257 5.79121e-05 0.00351218 0.000478954 -0.00022619 -0.00205421 0.000503664 0.000815641 0.00375767 0.00347413 0.00161233 -0.00364304 -0.0045801 -0.0201544 -9.93762e-05 0.0263912 -0.00243808 0.0116741 0.0161117 0.0766797 0.125097 0.00201513 0.00638402 0.0571114 0.0055637 0.0379533 0.00155085 -0.000624348 0.00265569
internal_weight=30875.3 11966.3 8547.24 1163.83 18908.9 11656.6 3326.05 8330.56 8030.04 1904.99 1887.79 7252.32 516.289 505.504 36.9229 6125.06 19.5658 3419.08 67.7512 61.8977 5.68525 3.32278 6736.04 647.072 10.2974 636.775 14.6768 6088.96 2057.19 4031.78
internal_count=230884 115278 80340 16855 115606 71843 23800 48043 46025 10894 10805 43763 3053 2971 3539 35131 127 34938 1065 574 162 88 40710 3909 88 3821 88 36801 12453 24348
cat_boundaries=0 1
cat_threshold=266
is_linear=0
shrinkage=0.04


Tree=157
num_leaves=31
num_cat=8
split_feature=15 1 22 13 22 23 20 1 11 22 7 22 26 22 11 22 14 6 17 11 6 22 6 17 22 2 0 0 30 8
split_gain=5.27624 12.0889 21.0446 11.8485 12.2577 11.4224 10.8942 10.5742 16.0928 15.3237 11.8139 18.3062 11.4856 12.526 14.9134 11.5676 11.1052 10.6301 12.4225 10.5083 14.834 10.2068 10.1661 10.1476 13.0503 15.4051 10.1027 9.94691 9.70825 12.541
threshold=0.1770714285714286 3.5000000000000004 0 7.5000000000000009 1 55.455000000000005 0.38750000000000007 1.5000000000000002 41.500000000000007 2 2.5000000000000004 3 1.5000000000000002 4 56.500000000000007 5 3.1055555555555561 -0.0416666666666674 -0.051388888888888908 23.500000000000004 -0.026666666666666835 6 -0.0050000000000003366 -0.16219576719576717 7 50.135000000000012 0.22401149425287362 0.10487681013676591 -0.50999999999999945 24.450000000000006
decision_type=10 2 1 2 1 2 10 2 2 1 2 1 2 1 2 1 10 2 8 2 2 1 2 10 1 2 10 8 2 2
left_child=7 3 5 4 -2 -3 -6 8 9 -1 11 17 13 16 -15 -14 -10 -9 19 20 -19 -12 27 24 -13 -26 -5 -20 29 -4
right_child=1 2 28 26 6 -7 -8 10 12 -11 21 23 15 14 -16 -17 -18 18 22 -21 -22 -23 -24 -25 25 -27 -28 -29 -30 -31
leaf_value=-0.0078919891936735983 0.0015244429458487819 -0.0060120961762727219 -0.021245345851941693 0.0034549405824008082 -0.0028073062781858184 -0.032512074817150169 -0.021194691704213339 0.0082611964531309999 0.012952436439137252 -0.0011666060993518459 -0.001679963136460986 -0.0010956683455421317 0.0081073649081286354 -0.013875478192280053 0.020284762057621891 0.00035165329625595494 -0.0073870728475673277 -0.012980400895364515 0.049615478123433768 -0.0052145678185769586 0.050288579483100636 0.00085033123818420431 0.017250001473399477 3.3745715516709843e-05 0.011537699766387634 0.078400117173532569 -0.01731668009152354 0.0034421740146509299 0.0021661572279898567 -0.0020429495242154021
leaf_weight=831.54316736757755 1571.6895778849721 1314.2683181548491 63.126916395034641 1767.2798617221415 1648.2961878757924 26.55049741640687 53.220361799001694 927.4003221411258 97.995572075247765 1557.5438394863158 3784.0677073108964 208.97476538689807 495.97996331006289 210.5976010710001 22.647069178521633 800.06278560310602 76.462858587503433 10.682992182206364 7.5165320858359337 352.7678215005435 13.324562973808495 7773.8257793276571 97.311360264196992 4335.6641811025329 227.44736673729494 5.6503799846395841 38.275513594970107 1087.6217439742759 1186.7360906749964 394.44199236342683
leaf_count=6099 10200 15979 1655 11236 10718 161 299 5820 714 11182 28481 1978 3199 1519 143 5147 499 170 50 2781 257 58792 609 26817 2158 50 318 6612 9881 8173
internal_value=0.000105963 -0.000774077 -0.0027942 0.000413285 -0.00102165 -0.00648845 -0.00336267 0.000415516 -0.00142724 -0.00354535 0.000816003 0.00207884 0.00154291 -0.00431272 -0.0101246 0.00338494 0.00381899 0.00484662 0.00285951 -0.0034719 0.0221349 2.11921e-05 0.00486003 0.000621086 0.00639553 0.0126172 0.00301461 0.00375909 0.000256107 -0.00469214
internal_weight=30989 8063.89 2985.12 5078.76 3273.21 1340.82 1701.52 22925.1 4092.83 2389.09 18832.3 7274.36 1703.75 407.703 233.245 1296.04 174.458 2496.63 1569.23 376.775 24.0076 11557.9 1192.45 4777.74 442.073 233.098 1805.56 1095.14 1644.3 457.569
internal_count=231697 68620 35849 32771 21217 16140 11017 163077 28502 17281 134575 47302 11221 2875 1662 8346 1213 16299 10479 3208 427 87273 7271 31003 4186 2208 11554 6662 19709 9828
cat_boundaries=0 1 2 3 4 5 6 7 8
cat_threshold=16605697 9828224 10240770 12402704 3834965 5835586 226448 36673
is_linear=0
shrinkage=0.04


Tree=158
num_leaves=31
num_cat=5
split_feature=13 23 15 25 2 6 22 33 14 22 32 16 6 6 23 0 15 21 15 22 25 22 6 3 17 14 0 17 11 18
split_gain=5.33217 12.2284 9.54836 10.4752 11.1678 8.76851 9.05557 8.36088 12.2355 10.272 12.0964 10.9747 9.8738 10.9404 9.87144 14.494 15.8725 11.7052 9.74721 9.45221 8.55775 7.82911 7.52661 7.17007 11.7414 10.7868 10.86 11.2472 9.53206 8.29528
threshold=1.5000000000000002 18.675000000000004 0.12236111111111114 -20.858166666666659 40.750000000000007 -0.12333333333333261 0 1 3.5634920634920637 2 1.0200000000000002 0.10555555555555557 -0.0066666666666663757 -0.0049999999999994485 9.6950000000000021 0.19515544458762887 0.18950000000000006 1.0000000180025095e-35 0.18414285714285716 3 3.5316666666666685 4 0.080000000000000529 0.12331784442701106 0.29319444444444448 3.1180555555555558 0.15296389354178302 1.0000000180025095e-35 31.500000000000004 5.5000000000000009
decision_type=2 2 8 2 2 2 1 1 8 1 2 10 2 2 2 8 10 10 8 1 2 1 2 10 10 8 10 10 2 10
left_child=1 2 -1 4 -4 -3 23 8 -5 -9 -11 14 -10 -14 15 18 -17 -16 -12 20 -15 -13 -21 24 25 26 28 -28 -7 -25
right_child=-2 5 3 7 -6 6 -8 9 12 10 11 21 13 19 17 16 -18 -19 -20 22 -22 -23 -24 29 -26 -27 27 -29 -30 -31
leaf_value=0.043545636836153812 -0.00015782866933998168 -0.032479916526861816 -0.023452832044157317 0.050199809991625564 0.040126605159642809 -0.023469969577032665 -0.0017410325905203631 -0.0058351327147339298 0.001432352279699995 -0.024107349373164579 0.052846869703593716 0.014777337815796434 0.080991355269835349 -0.029265046908180246 0.011807012549180864 0.17334069494620777 0.045295392638523516 0.07531224299434601 -0.044708140692156284 0.022582683757304683 0.032566637273634791 -0.010449826003438191 0.07812291939099697 -0.0072604589030730825 -0.014623679404565579 0.0039378480858668387 0.078024299499587488 0.021043389155704504 0.013181416827541637 0.039622550004128024
leaf_weight=11.482513895723967 28411.05105128279 12.883630499243734 30.452074309345335 14.826780272647737 5.1709138611331573 16.29112596809864 1142.5474269520491 109.87079789908603 74.60996228037402 14.324084723833947 4.5051397285424155 28.162454456090927 4.612544607371091 13.597826607059689 46.70208790525794 2.7316327174194157 3.5776013317517936 5.156623274087905 2.5755373886786401 66.88136421982199 4.8620057404041281 31.161970304325223 4.1459508403204373 125.19720331951976 45.428726673126221 584.54391277208924 5.9441394992172709 82.028307747095823 37.458519823849201 6.344371084123849
leaf_count=130 212239 82 790 111 131 112 7528 1122 691 260 77 247 41 171 411 41 78 42 54 733 36 266 44 870 320 4053 43 539 264 52
internal_value=-9.02012e-07 0.00175572 0.00750923 0.00662493 -0.0142239 0.000415883 0.000623049 0.00834292 0.0145678 0.00304243 0.00998504 0.0147067 0.0122998 0.0209164 0.0260275 0.0566462 0.100734 0.0181217 0.017362 0.0178199 -0.00841895 0.00225546 0.0226375 0.00359299 0.00510416 0.00633816 0.0162384 0.0248935 0.00207265 -0.00499925
internal_weight=30949.1 2538.08 479.41 467.927 35.623 2058.67 2045.78 432.304 183.536 248.768 138.897 124.573 168.71 94.0997 65.2486 13.3899 6.30923 51.8587 7.08068 89.4871 18.4598 59.3244 71.0273 903.236 771.695 726.266 141.722 87.9724 53.7496 131.542
internal_count=231578 19339 5476 5346 921 13863 13781 4425 1827 2598 1476 1216 1716 1025 703 250 119 453 131 984 207 513 777 6253 5331 5011 958 582 376 922
cat_boundaries=0 1 2 3 4 5
cat_threshold=7398292 198 13156383 2361484 3354688
is_linear=0
shrinkage=0.04


Tree=159
num_leaves=31
num_cat=4
split_feature=23 22 33 3 2 1 15 23 29 16 15 9 6 3 32 8 22 17 3 13 5 6 31 23 13 25 22 16 2 6
split_gain=5.46076 13.9483 8.30606 11.4456 13.6035 15.3515 8.44886 9.92174 6.83974 7.34804 6.21091 7.38535 7.06764 6.16164 5.88008 5.44695 5.3493 9.24319 7.77744 7.31285 5.2589 5.80238 5.25232 16.1967 14.2581 14.7382 14.4751 14.4034 11.753 11.3412
threshold=57.455000000000005 0 1 0.18336972343522565 40.435000000000009 3.5000000000000004 0.14105555555555563 60.065000000000005 6.9650000000000007 0.43650793650793657 0.18387500000000004 1.7483333333333333 -0.0016666666666673711 0.63006849315068503 8.2250000000000032 40.040000000000006 2 -0.048148148148148141 0.094844623142973969 5.5000000000000009 6.995000000000001 0.041666666666666526 3.5000000000000004 19.775000000000002 8.5000000000000018 -1.9400000000000028 3 0.23611111111111113 40.040000000000006 -0.0039999999999991145
decision_type=2 1 1 10 2 2 8 2 2 10 8 2 2 8 2 2 1 10 10 2 2 2 2 2 2 2 1 10 2 2
left_child=22 13 3 4 14 -6 -5 -8 9 -4 20 12 -12 -2 16 -11 17 -3 19 -19 -10 -22 23 24 26 -26 -1 -28 29 -29
right_child=1 2 8 6 5 -7 7 -9 10 15 11 -13 -14 -15 -16 -17 -18 18 -20 -21 21 -23 -24 -25 25 -27 27 28 -30 -31
leaf_value=-0.0050926283146033938 -0.0098339940444453888 -0.038103840854134104 0.010353597852682996 0.056336340979737484 0.062230164911596261 -0.0066317428578246667 0.044339862358455905 -0.015609506513237429 -0.0013013447692354246 -0.045071619215022216 0.0081237109997631275 -0.012334350846424881 0.052332968238866108 0.025498754163547473 0.02986633546054385 -0.0024925514332415862 -0.009581103308727381 0.029220375641627761 0.038332295300783518 -0.013222874036730765 -0.037713539058997381 0.0079194442105694086 -0.00074249655998965354 0.00019681680133905926 0.079384353027156337 0.012228639211471508 0.0077785378460748069 0.0051280817931656014 0.083429429697562979 0.050760918977011578
leaf_weight=92.480677582323551 382.78557781130075 6.1600318960845462 9.0411394499242324 12.181106716394426 12.331340603530409 8.9314874894916993 8.4638490527868289 9.2384964078664762 364.079156126827 15.963845703750851 12.876475110650063 10.544885225594042 10.507056005299091 8.0633340328931791 9.0825217589735967 6.8782791495323172 73.533038292080164 10.17167364805937 14.315223228186367 17.969877891242504 13.266154780983927 6.7149458974599829 11807.025863429066 17885.660861045122 9.3007899858057517 11.942748036235569 106.17964032292366 18.946332007646561 6.8411502428352824 16.135299075394869
leaf_count=615 2290 41 58 66 71 60 46 51 2153 96 75 60 59 45 54 38 443 60 83 107 77 42 113505 110297 69 75 727 114 44 105
internal_value=-0.000183984 -0.00305764 0.0006702 0.00764124 0.00362434 0.0333046 0.0306965 0.0130535 -0.00226057 -0.020169 -0.000948642 0.0154562 0.0279885 -0.00887792 -0.00118458 -0.0322501 -0.00349339 0.00637396 0.0143285 0.0021181 -0.00239787 -0.0223779 -8.5834e-05 0.0003414 0.0102181 0.0416306 0.00744433 0.014629 0.0354689 0.0261163
internal_weight=30977.6 1023.1 632.251 182.379 152.495 21.2628 29.8835 17.7023 449.872 31.8833 417.989 33.9284 23.3835 390.849 131.232 22.8421 122.15 48.6168 42.4568 28.1416 384.06 19.9811 29954.5 18147.5 261.827 21.2435 240.583 148.102 41.9228 35.0816
internal_count=231626 6075 3740 1082 919 131 163 97 2658 192 2466 194 134 2335 788 134 734 291 250 167 2272 119 225551 112046 1749 144 1605 990 263 219
cat_boundaries=0 1 2 3 4
cat_threshold=1228903 146 6828304 9045669
is_linear=0
shrinkage=0.04


Tree=160
num_leaves=31
num_cat=1
split_feature=23 12 1 17 1 2 29 9 1 25 9 11 15 31 23 23 14 17 17 23 3 8 15 21 8 15 17 19 29 9
split_gain=9.843 19.6641 14.1857 14.5465 14.7331 14.5827 12.0642 11.7877 11.7687 12.2267 10.8248 10.0294 12.4095 10.02 20.8136 14.267 22.2639 10.449 9.45668 9.46068 12.7652 15.3457 11.1416 10.4042 16.0457 13.7044 15.6009 14.5048 12.2029 12.1969
threshold=45.565000000000005 0 1.5000000000000002 0.015555555555555574 2.5000000000000004 29.640000000000004 6.7150000000000007 -3.9350000000000009 3.5000000000000004 -38.267499999999991 4.166666666666667 50.500000000000007 0.1589444444444445 5.5000000000000009 9.6950000000000021 8.8400000000000016 4.3166666666666673 0.14454365079365084 -0.15737433862433856 36.905000000000008 0.27303030303030307 36.495000000000012 0.22527777777777783 0.29166666666666669 42.285000000000004 0.1589444444444445 -0.024074074074074071 0.63333333333333341 5.455000000000001 8.9316666666666684
decision_type=2 1 2 10 2 2 2 2 2 2 2 2 10 2 2 2 8 8 10 2 10 2 8 8 2 10 10 10 2 2
left_child=1 2 -1 4 6 11 -4 -8 9 -3 13 -5 -13 14 15 -10 -17 -15 -12 20 23 -22 -21 -20 25 28 -27 -28 29 -25
right_child=-2 8 3 5 -6 -7 7 -9 10 -11 18 12 -14 17 -16 16 -18 -19 19 22 21 -23 -24 24 -26 26 27 -29 -30 -31
leaf_value=-0.002001772797047201 -0.0010668029443769188 0.032869806648316645 0.013873706714574488 0.010686782947821646 0.0058709907290488443 7.9229746001216065e-05 0.0074463944161649014 0.057188166618331017 0.012604753018677599 0.00080907734745433739 -0.0049883503603412663 -0.038734511322639643 0.012720405961843649 -0.0076444583614092296 -0.001720565307222251 0.015555691893706028 0.13016377927100142 0.015418949613311259 0.0020938587250763246 -0.0025851998541825761 0.1023228336711044 0.01893505219667321 0.051023554316046583 -0.013291243679609295 0.00068121278035992994 0.079834111548839529 0.01468726924813525 0.076821704124046583 0.047091354540476138 0.040252296282421544
leaf_weight=576.10472301393747 8030.4679717402905 19.060848604887724 210.29850555956364 382.8254172988236 641.36354028433561 1059.6048228535801 11.744417354464529 21.719763413071632 50.23564255097881 12554.042208929546 316.30900590308011 15.189012080430986 14.812956981360911 664.11390169057995 4682.8760787369683 6.6203993596136543 4.5938536040484914 32.991645521484315 941.65002609789371 514.64213224127889 4.0665595619939294 26.812613677699119 6.2785963192582122 31.064599039033055 98.780114602297544 11.136349225416778 32.286293810233474 7.386585045605897 10.407506957650183 8.7171547748148424
leaf_count=4111 49428 146 1096 2158 4935 6163 63 112 1207 78830 5750 84 81 16144 45475 83 70 606 9375 3686 66 358 41 295 882 122 291 62 77 82
internal_value=0.000138565 0.000560195 0.00361271 0.00500002 0.00905252 0.00256393 0.0174234 0.039731 0.000111121 0.000857681 -0.00114851 0.00894141 -0.0133295 -0.00207503 -0.00141707 0.0217111 0.0625042 -0.00655295 0.00136033 0.00254631 0.00453941 0.0299166 -0.00193906 0.00385288 0.0121439 0.0233549 0.0379992 0.0262559 0.00852975 -0.00155855
internal_weight=30988.2 22957.7 2933.66 2357.56 885.126 1472.43 243.763 33.4642 20024.1 12573.1 7450.97 412.827 30.002 5441.43 4744.33 61.4499 11.2143 697.106 2009.54 1693.23 1172.31 30.8792 520.921 1141.43 199.779 100.998 50.8092 39.6729 50.1893 39.7818
internal_count=231879 182451 18803 14692 6206 8486 1271 175 163648 78976 84672 2323 165 63585 46835 1360 153 16750 21087 15337 11610 424 3727 11186 1811 929 475 353 454 377
cat_boundaries=0 1
cat_threshold=1
is_linear=0
shrinkage=0.04


Tree=161
num_leaves=31
num_cat=5
split_feature=1 22 33 33 7 23 28 15 14 9 23 25 22 24 17 17 29 32 32 15 16 0 0 9 0 6 13 13 17 2
split_gain=7.61504 12.6026 16.6812 14.0029 12.359 10.2962 18.9944 19.3762 14.0776 11.2024 11.5425 11.2132 11.6357 12.1349 10.9243 10.5217 10.496 15.5309 15.6492 19.9359 20.5641 15.2914 21.7269 21.2881 9.86286 9.74221 9.68261 9.56102 9.37927 9.70896
threshold=5.5000000000000009 0 1 2 2.5000000000000004 28.270000000000007 3 0.19316666666666674 2.9500000000000006 -1.4116666666666668 37.220000000000006 -15.888999999999998 4 31.230000000000004 0.059391534391534391 0.064814814814814867 4.4050000000000011 1.7850000000000004 3.0150000000000001 0.1710555555555556 0.18333333333333338 0.18515244469232203 0.19002604166666673 -8.7083333333333339 0.14944597912829963 -0.10166666666666611 5.5000000000000009 9.5000000000000018 1.0000000180025095e-35 41.32500000000001
decision_type=2 1 1 1 2 2 9 10 10 2 2 2 1 2 8 10 2 2 2 8 10 10 10 2 8 2 2 2 8 2
left_child=-1 2 -2 5 26 6 -3 16 9 11 15 -7 -13 -14 -15 27 17 24 19 20 -19 23 -23 -20 -8 -5 -4 -11 -28 -30
right_child=1 3 4 25 -6 8 7 -9 -10 10 -12 12 13 14 -16 -17 -18 18 21 -21 -22 22 -24 -25 -26 -27 28 -29 29 -31
leaf_value=0.0001106489358002819 -0.018274763849544878 -0.00038150852787487784 0.013089380030213179 0.018709782866844903 -0.0080850328527092789 -0.024818893192530767 0.12376726412295457 -0.0091142778935023091 -0.0045783036385447359 0.11172000548543606 -0.0024338403210638158 0.0035572819945492956 0.071186297064875462 -0.012101383650417042 0.031606155827408416 0.010794315573840719 0.018680364291565565 0.090295225811985361 0.15087774463264084 0.018318539047938464 0.27550900376321674 0.20013576599350949 0.046364585527863031 0.014458474784973044 -0.011650649339349159 -0.004617950982788048 -0.017374225287912576 0.020535078939360147 0.0081940876708862832 -0.030432988125568359
leaf_weight=28070.761796313338 144.64232080150396 129.81747197685763 99.478448681998998 29.545194330159575 373.02182111795992 11.118714369833468 0.96381334681063713 20.383794164750725 408.65507301315665 3.5792813561856738 234.02210748009384 79.662149479612708 10.124599333852528 11.058552755042912 53.00361992418766 26.462866216897964 33.966492414474487 2.1144616706296833 2.0650702528655591 1.9823227883316574 1.7554193772375581 2.3040496017783871 4.0621563028544188 16.09384280629456 8.0310626490972918 938.98269555531442 48.981677266769111 3.7858345359563828 92.511152846738696 11.731705501675604
leaf_count=192498 2188 3479 1271 296 6017 122 32 716 4759 43 1790 684 97 142 412 251 549 58 43 60 33 45 95 352 387 12624 929 67 818 108
internal_value=-8.78918e-05 -0.00207554 -0.00639422 -0.000406055 -0.00340365 0.0027475 0.010404 0.0229366 0.000746189 0.00577343 0.00072315 0.0139733 0.0167769 0.0268706 0.0240613 0.0225632 0.0349724 0.0490276 0.0626981 0.121471 0.17431 0.0486737 0.102017 0.0299724 0.00285957 -0.00386641 0.00337197 0.0648489 -0.0029369 0.00384692
internal_weight=30874.7 2803.91 770.367 2033.54 625.725 1065.01 223.54 93.7225 841.473 432.818 267.85 164.968 153.849 74.1868 64.0622 33.828 73.3387 39.3722 30.3773 5.8522 3.86988 24.5251 6.36621 18.1589 8.99488 968.528 252.703 7.36512 153.225 104.243
internal_count=230965 38467 11331 27136 9143 14216 5849 2370 8367 3608 2151 1457 1335 651 554 361 1654 1105 686 151 91 535 140 395 419 12920 3126 110 1855 926
cat_boundaries=0 1 2 3 4 5
cat_threshold=11732000 18 339 1 809097
is_linear=0
shrinkage=0.04


Tree=162
num_leaves=31
num_cat=2
split_feature=23 17 31 9 0 14 5 2 11 24 9 24 23 33 21 29 14 0 0 33 3 13 8 5 6 23 0 17 23 19
split_gain=8.89764 7.55166 7.77235 6.22744 7.93943 7.79752 8.21381 6.53594 6.44972 9.00548 6.72523 6.02511 11.1699 9.74298 8.88275 8.61431 7.52579 5.69114 8.06712 11.7409 9.71201 9.54011 9.42644 11.2098 8.55749 13.8206 9.79847 9.45414 10.8984 9.07356
threshold=1.0000000180025095e-35 -0.19986772486772483 3.5000000000000004 27.417500000000008 0.207294481981982 4.4142857142857155 6.8850000000000007 63.965000000000011 26.500000000000004 23.550000000000004 15.298333333333334 45.480000000000011 41.695000000000007 0 0.36666666666666675 6.9050000000000011 2.7888888888888892 0.15887607206967627 0.17752907369844492 1 0.34835085175788333 1.5000000000000002 29.535000000000004 6.785000000000001 -0.044999999999999478 31.440000000000001 0.18002262443438918 0.25849867724867731 40.965000000000011 0.63333333333333341
decision_type=2 8 2 2 10 10 2 2 2 2 2 2 2 1 8 2 10 10 10 1 10 2 2 2 2 2 10 10 2 10
left_child=1 2 -1 7 5 11 -7 17 9 -9 -10 -5 -13 15 16 -14 -15 -2 19 20 -19 -20 -22 -24 25 -23 -27 -26 -29 -28
right_child=3 -3 -4 4 -6 6 -8 8 10 -11 -12 12 13 14 -16 -17 -18 18 21 -21 22 24 23 -25 27 26 29 28 -30 -31
leaf_value=0.14435218793410687 -0.00077344702879510619 -0.00041952304915062632 -0.027242758004106929 -0.00071504263859625882 0.046529947801522378 0.054852267022730779 -0.0083334998027026243 -0.018887998837431232 -0.0090340523828810956 0.049179899986915084 -0.042337993661616863 0.051794662921172331 -0.036172381473013486 0.072123054869134798 0.00011624755767352377 0.019244395739388676 0.018502738322910807 0.0029302436589491525 0.0032152653548358557 0.00014944266094990774 -0.0063946416712403146 0.0062519580605121285 -0.0022316783801188413 0.046714277016836191 -0.0022579829231618603 0.0086103804501097697 -0.0046879193072265008 0.015900428260727462 -0.0037977448237224432 -0.027253097145932426
leaf_weight=0.42676094546914001 14279.648715103511 36.16651682369411 40.779692084528506 178.13408639840782 7.4947973890230051 9.5833930987864715 5.0139642721042028 5.7167855203151685 107.84244617260993 6.8197189290076494 10.660441065207122 10.293021347373722 14.410260990262033 7.6127295047044816 14.696094132959841 6.5181036815047255 9.3097059428691846 2779.0726350750774 862.37819735985249 6513.3752056374215 14.538268405944107 553.98029405158013 10.749104651622472 24.66607602359727 4904.2594396397471 80.077969279140234 254.43691530451179 99.871247220784426 81.704657062888145 32.10964222624898
leaf_count=7 96257 1545 3972 1181 61 77 45 66 776 48 77 61 86 44 83 37 52 20399 6745 47859 135 4529 90 182 43908 490 1590 641 462 198
internal_value=-0.000210782 -0.0137583 -0.0254656 -0.000176843 0.00595124 0.00476124 0.0331489 -0.000229488 -0.00914367 0.0181402 -0.0120301 0.00304162 0.0136907 0.00622682 0.0173725 -0.0127978 0.0426244 -0.000191178 0.000321714 0.00108682 0.00323303 -0.000718924 0.0207253 0.0318584 -0.00128378 0.00226492 -0.00375961 -0.00192614 0.00703674 -0.00721651
internal_weight=30962.3 77.373 41.2065 30885 263.066 255.571 14.5974 30621.9 131.039 12.5365 118.503 240.974 62.8399 52.5469 31.6185 20.9284 16.9224 30490.9 16211.2 9342.4 2829.03 6868.82 49.9534 35.4152 6006.44 920.605 366.625 5085.84 181.576 286.547
internal_count=231703 5524 3979 226179 1727 1666 122 224452 967 114 853 1544 363 302 179 123 96 223485 127228 68665 20806 58563 407 272 51818 6807 2278 45011 1103 1788
cat_boundaries=0 1 2
cat_threshold=210 200
is_linear=0
shrinkage=0.04


Tree=163
num_leaves=31
num_cat=4
split_feature=11 22 25 20 24 22 17 30 2 3 0 0 20 26 0 29 0 0 30 32 10 11 8 1 30 33 33 14 5 2
split_gain=6.08065 15.6583 10.8386 10.1741 10.8513 9.95252 12.7825 9.35419 10.074 9.38373 9.12969 8.81993 9.0004 9.72651 12.8889 10.5026 8.72685 10.5418 8.60161 10.8735 11.7553 9.03578 8.43486 8.43374 15.0105 10.2055 8.70497 8.42618 10.0241 8.26799
threshold=43.500000000000007 0 7.9999999999999991 0.10555555555555557 27.255000000000003 1 -0.28353174603174591 1.373666666666667 21.165000000000003 0.048834688346883474 0.19148267622461176 0.22148542159180459 1.0000000180025095e-35 1.5000000000000002 0.1750621141975309 5.5850000000000009 0.1563670033670034 0.15887607206967627 -0.44000000000000011 5.0950000000000006 2.5000000000000004 27.500000000000004 17.670000000000005 1.5000000000000002 0.47999999999999982 2 3 1.5634920634920637 6.8250000000000011 26.330000000000002
decision_type=2 1 2 8 2 1 8 2 2 10 10 10 8 2 10 2 10 10 2 2 2 2 2 2 2 1 1 8 2 2
left_child=5 2 7 10 -5 11 16 8 -2 -9 -4 12 13 14 22 -16 -7 -18 -19 21 -21 -20 -1 24 25 -14 -26 28 -6 -12
right_child=1 -3 3 4 27 6 -8 9 -10 -11 29 -13 23 -15 15 -17 17 18 19 20 -22 -23 -24 -25 26 -27 -28 -29 -30 -31
leaf_value=0.043881785124210787 0.0090592623161574477 -0.00043323524145659666 0.0080689610983817068 -0.035332671925325208 0.0022647739974522205 -0.022042875660215788 -0.00099828784158324693 -0.017832161558104211 -0.00019813147569640747 0.022230904395150682 0.051990546241058463 -0.01126893130363232 0.010732130739783541 0.0023794490833737576 0.019811532426948913 0.063946554547804305 0.046398063468588678 -0.012576120941554626 -0.011285537745879688 0.030599735924500025 -0.033449551576343106 0.049390082162127591 0.0025390824631433611 0.00075870402481836049 0.0017125251604794682 -0.0013780964582098976 -0.009955684729322371 0.0030215355148777438 0.06384771342606807 0.016088982804920444
leaf_weight=8.4844438359141332 206.10939067602158 6664.7498851530254 475.59703827649355 11.656889617443083 8.927448436617853 71.651324462145567 11273.870626011631 11.193670026957987 2150.133141387254 56.923388250172138 13.979598533362148 98.988315520808101 136.1508828215301 1363.4941929881461 39.836929202079773 11.011313185095785 6.0714779472909859 120.64086189237423 5.6222038120031383 7.0180203020572689 13.224116522818802 13.023670060560105 113.82109189219773 5861.1168495360762 134.14012832939625 462.9372062087059 457.8175043836236 1061.4679494444281 8.0357432551681978 38.609495010226965
leaf_count=58 1668 48138 3025 71 47 718 84043 62 17079 319 95 1583 909 14399 283 67 85 2873 51 56 103 103 728 40302 1001 3144 3524 6384 44 256
internal_value=-1.13617e-05 0.000759247 0.00271954 0.00526131 0.00305359 -0.000419859 -0.00119062 0.0010341 0.000611648 0.0156473 0.00981769 0.000602056 0.000739573 0.00351352 0.0124437 0.0293691 -0.0103801 -0.00533386 -0.00730272 0.00905676 -0.0112434 0.0310948 0.00540706 0.000135137 -0.00293342 0.00153025 -0.00745087 0.00346851 0.0314376 0.0256326
internal_weight=30906.3 10707.4 4042.63 1618.27 1090.09 20198.9 11511.1 2424.36 2356.24 68.1171 528.186 8687.8 8588.81 1536.65 173.154 50.8482 237.252 165.6 159.529 38.888 20.2421 18.6459 122.306 7052.16 1191.05 599.088 591.958 1078.43 16.9632 52.5891
internal_count=231218 77188 29050 9922 6546 154030 88032 19128 18747 381 3376 65998 64415 15535 1136 350 3989 3271 3186 313 159 154 786 48880 8578 4053 4525 6475 91 351
cat_boundaries=0 1 2 3 4
cat_threshold=3802697 11807014 10 40
is_linear=0
shrinkage=0.04


Tree=164
num_leaves=31
num_cat=3
split_feature=5 25 17 17 29 0 30 9 22 2 14 11 19 22 15 3 3 25 14 16 30 19 14 5 5 23 24 9 22 3
split_gain=4.81288 10.4708 6.94101 10.9492 6.48747 5.4997 5.07053 9.29759 16.8505 11.5464 11.2525 10.8309 12.373 10.7892 8.92668 8.84441 10.2206 14.8063 13.3994 12.0558 10.0065 9.42692 8.86843 17.4418 26.4044 8.7227 9.33573 8.64682 11.2414 9.03268
threshold=6.5550000000000006 -12.239999999999998 0.061111111111111137 -0.06666666666666661 6.9450000000000012 0.19102683920440935 0.83333333333333337 8.9316666666666684 0 34.695000000000007 2.5277777777777781 43.500000000000007 0.90000000000000013 1 0.24707142857142861 0.037123169681309222 0.020067114093959736 11.453666666666669 4.154761904761906 0.5277777777777779 -0.4066666666666669 0.29166666666666669 5.2111111111111121 6.8050000000000006 6.7550000000000008 51.765000000000008 75.25500000000001 -10.173333333333334 2 0.081261042402826875
decision_type=2 2 10 8 2 8 2 2 1 2 10 2 10 1 8 10 10 2 8 10 2 10 10 2 2 2 2 2 1 8
left_child=1 2 3 -1 5 -3 7 25 9 10 -9 14 -13 -11 15 16 18 20 19 -10 21 -18 -17 24 -24 -2 27 29 -29 -27
right_child=6 4 -4 -5 -6 -7 -8 8 11 13 -12 12 -14 -15 -16 22 17 -19 -20 -21 -22 -23 23 -25 -26 26 -28 28 -30 -31
leaf_value=0.0017609953282540223 -0.00046274859050069529 -0.0072129330609555101 -0.01678530146467062 0.08841234602454226 -0.052299122675729705 -0.041237928069518905 0.00078405821649563459 0.015750932542354455 -0.014715822780693007 -0.0011958916182228175 -0.00028361119591797376 0.0097371560324184293 -0.045743274578088251 -0.013587494871862199 -0.024580870026912748 0.0005300962678402029 0.011535353643082178 0.068143501896131012 0.050165331136510886 0.035859650309614806 0.0041930778816914992 0.078647203668223309 0.024515377495337321 -0.0090060234307688808 0.24451224733842231 -0.034553109507558778 0.018391687266265021 -0.011519849370618099 -0.0013533490953571931 -0.0029382198273359547
leaf_weight=4.9999320735223591 18660.232356471941 59.163097530603409 4.8407822158187619 4.3745596604421717 6.8979087918996802 8.7213169801980239 8574.4904649369419 78.989453001879156 43.84799321833998 274.53343202685937 617.04826400242746 558.2667538523674 6.5064979195594779 191.21555828815326 19.748948608525097 738.41939069796354 6.7581810653209669 10.296112760901449 7.7912895353510967 9.107483044266699 35.341313604265451 6.6381614692509174 2.3474244102835642 4.7843154887668788 1.3896416099742053 31.193328242748976 28.234897907823324 226.48113821446896 694.33816821500659 26.953779987990856
leaf_count=57 155371 397 34 33 42 60 49050 495 316 2029 4739 3957 42 1464 231 5464 62 63 78 60 229 58 101 255 64 225 188 1539 4709 187
internal_value=-6.93086e-05 -0.00935786 0.0221111 0.0421964 -0.0153398 -0.0115842 -4.25168e-05 -0.000360619 0.00188112 -0.00171117 0.00153606 0.00473607 0.00909799 -0.00660074 0.0020105 0.00261641 0.0127067 0.0245594 0.00118829 -0.00601766 0.015352 0.0447906 0.00099831 0.0415713 0.106322 -0.000658458 -0.00428432 -0.00493834 -0.00399366 -0.0198982
internal_weight=30944 88.9976 14.2153 9.37449 74.7823 67.8844 30855 22280.5 2613.03 1161.79 696.038 1451.24 564.773 465.749 886.47 866.721 119.781 59.0338 60.7468 52.9555 48.7377 13.3963 746.941 8.52138 3.73707 19667.4 1007.2 978.966 920.819 58.1471
internal_count=231599 623 124 90 499 457 230976 181926 19707 8727 5234 10980 3999 3493 6981 6750 866 412 454 376 349 120 5884 420 165 162219 6848 6660 6248 412
cat_boundaries=0 1 2 3
cat_threshold=4545208 20664 2097845
is_linear=0
shrinkage=0.04


Tree=165
num_leaves=31
num_cat=0
split_feature=19 8 23 20 24 2 3 3 20 9 9 3 0 30 11 2 3 8 5 15 1 3 11 11 27 27 2 29 23 13
split_gain=6.32596 14.5774 8.87902 10.8588 12.2235 8.94427 8.11716 11.7998 9.89294 7.39785 13.7059 8.16627 8.62664 7.83088 7.26445 7.48328 8.1544 8.75619 6.96142 9.16702 10.4552 7.96585 6.78181 8.44041 8.42324 8.22416 7.81926 11.1075 8.04261 13.5914
threshold=0.90000000000000013 55.635000000000012 59.225000000000001 0.73214285714285732 43.495000000000005 39.735000000000007 0.078552729992520581 0.040862708719851586 0.43650793650793657 -0.83333333333333381 -3.3463333333333334 0.1876467136150235 0.11906095297029705 1.4708333333333334 56.500000000000007 36.945000000000007 0.014545646884586904 26.495000000000001 6.9850000000000012 0.16105555555555559 4.5000000000000009 0.16558400472434306 52.500000000000007 30.500000000000004 1.5000000000000002 4.5000000000000009 35.445000000000007 6.9750000000000005 44.480000000000011 5.5000000000000009
decision_type=8 2 2 10 2 2 10 10 10 2 2 10 8 2 2 2 8 2 2 10 2 10 2 2 2 2 2 2 2 2
left_child=2 9 3 -1 -5 -4 7 -7 -8 10 14 12 13 -11 15 -2 17 -17 19 21 -21 22 23 24 -12 26 27 28 29 -25
right_child=1 -3 5 4 -6 6 8 -9 -10 11 18 -13 -14 -15 -16 16 -18 -19 -20 20 -22 -23 -24 25 -26 -27 -28 -29 -30 -31
leaf_value=-3.1875502225434189e-05 -3.5408928084422075e-05 -0.027354011897911423 -0.0070678267681743281 0.067823632734257538 0.005761292187003263 0.030032833115912969 0.0064904070201661449 -0.018402365008496523 0.045412338984323938 -0.0055916171885592794 0.027990069177483031 -0.018832981098709196 0.003503549649562932 -0.047119861613149738 -0.033102517212251416 0.07680165187633424 0.0076511150853434563 0.017025026684277658 -0.021155895225918011 0.025576801147410268 0.084522341093284548 -0.025357155345172574 -0.018960676628647369 0.067365605554300684 -0.019779451153473487 0.059839030825540304 0.004138905736561593 -0.0088848361665924292 0.068734591036729964 -0.0019936044602955729
leaf_weight=29325.262225018581 205.91643230710179 24.467912477441132 505.72851623594761 7.9207274317741421 14.14584296569228 10.574338681995867 42.495106421411037 33.681265365332365 13.855252899229525 28.009231921285391 10.178567969705911 32.001562769990414 464.3123011062853 9.8095783218741399 8.7489541172981244 6.2478571063838926 58.455282937269658 10.526697516441343 6.9420698387548319 16.542623914778236 6.7908613327890626 7.2537269415333858 7.3971361499279729 7.8058988582342925 14.070218371227382 10.733283601701258 24.261049097403884 8.0274216011166555 12.477681562304495 10.739890210330485
leaf_count=221042 1437 162 3008 45 82 63 247 207 74 195 86 209 3073 51 60 49 400 77 55 92 50 46 52 56 119 70 165 46 76 81
internal_value=-5.69625e-06 0.00313739 -0.000109759 -1.07692e-05 0.0280384 -0.00490097 0.00599142 -0.00682936 0.0160604 0.00390872 0.0077935 0.000758638 0.00200724 -0.0163634 0.00279207 0.00390907 0.0147057 0.0392895 0.017917 0.0199074 0.042732 0.015192 0.0179749 0.0207545 0.000272081 0.0274622 0.0219734 0.0330534 0.043905 0.0271996
internal_weight=30945.4 991.716 29953.7 29347.3 22.0666 606.334 100.606 44.2556 56.3504 967.248 433.116 534.133 502.131 37.8188 289.895 281.146 75.2298 16.7746 143.22 136.278 23.3335 112.945 105.691 98.294 24.2488 74.0452 63.3119 39.0509 31.0235 18.5458
internal_count=231475 6707 224768 221169 127 3599 591 270 321 6545 3017 3528 3319 246 2023 1963 526 126 994 939 142 797 751 699 205 494 424 259 213 137
is_linear=0
shrinkage=0.04


Tree=166
num_leaves=31
num_cat=5
split_feature=9 6 22 20 22 23 13 6 29 6 24 20 26 10 31 17 16 33 22 13 20 29 31 33 7 9 17 17 18 6
split_gain=5.10032 8.35983 15.4075 8.27438 8.01054 13.5168 14.3196 9.59572 9.23218 8.86393 8.55864 7.83061 8.30254 7.61491 12.8499 7.51788 7.32054 7.28797 9.54869 9.48799 12.3354 8.09929 7.12458 7.62324 7.04311 7.99264 7.02835 12.2383 14.7477 7.01563
threshold=-13.129166666666663 -0.0050000000000003366 0 0.58571428571428574 1 33.655000000000008 2.5000000000000004 -0.05666666666666708 4.5050000000000008 -0.008333333333333302 61.565000000000005 0.35416666666666669 3.5000000000000004 5.5000000000000009 3.5000000000000004 0.15535714285714286 0.70714285714285718 2 3 9.5000000000000018 0.2678571428571429 6.8250000000000011 1.5000000000000002 4 2.5000000000000004 -19.762499999999996 0.20013227513227516 0.03333333333333334 4.5000000000000009 0.078333333333333602
decision_type=2 2 1 10 1 2 2 2 2 2 2 10 2 2 2 10 10 1 1 2 8 2 2 1 2 2 10 8 10 2
left_child=1 3 13 4 5 7 -7 8 -1 15 17 22 -13 14 -3 -9 -5 18 -6 -20 -21 -19 -8 -24 -4 -26 27 28 -25 -15
right_child=-2 2 24 16 10 6 11 9 -10 -11 -12 12 -14 29 -16 -17 -18 21 19 20 -22 -23 23 26 25 -27 -28 -29 -30 -31
leaf_value=0.046969334464463948 0.00014111690727632069 0.0079655298548395002 -0.027945354824300779 0.058855006459699592 0.017653772293571162 0.052552395675230193 -0.00063323570948816852 -0.020741867875550921 -0.0050665356095516336 0.035481597559367924 -0.031549676963136306 -0.023590776500941529 0.027108452808501209 -0.018554301386797974 -0.020333707750985208 0.022775038887600709 0.002251516326656234 -0.0043240161208424619 -0.01449881886825744 -0.010861518936547538 0.057332880058658039 -0.030596043073914676 -0.002401628045553105 0.070561170061294545 0.0077863131289080435 -0.0033646104337071332 0.072595445034588035 0.0052440788135282536 0.0007830565226345027 0.011996713767597006
leaf_weight=9.6653235107660311 29615.393225994892 63.533977266401052 14.320447582285849 7.4379629492759687 47.089335560798645 13.776520825922487 33.770292453467846 62.200742696877569 12.524201784282921 5.7269747252576044 16.900934007018805 19.114846736192707 7.0831328704953185 192.51701691374183 43.080589244607836 7.0742420963942996 7.1892785131931305 151.62470262311399 47.158975292462856 9.2942311987280863 7.8105119839310637 21.42838341742754 23.347492210566998 15.109036345034843 158.43873985647224 293.11224105302244 6.4129261672496787 20.330190680921074 7.1346957124769679 12.827738120686261
leaf_count=94 220910 431 107 42 342 84 201 552 88 53 103 113 44 1656 488 47 43 1119 352 74 55 126 150 100 1383 2489 38 124 51 146
internal_value=3.20171e-05 -0.00238455 -0.00506637 0.00134576 0.000548325 0.00581249 0.0137422 -0.00550791 0.0175993 -0.0123442 -0.00376968 0.00970099 -0.00988325 -0.0117656 -0.00346957 -0.016298 0.0310344 -0.00225139 0.00552885 -0.00453653 0.020278 -0.00716323 0.0145365 0.0216187 -0.000320979 0.000547989 0.0278683 0.0276768 0.0481798 -0.0166458
internal_weight=30952.4 1337.04 777.831 559.205 544.578 243.271 146.079 97.1915 22.1895 75.002 301.307 132.303 26.198 311.959 106.615 69.275 14.6272 284.406 111.353 64.2637 17.1047 173.053 106.105 72.3343 465.871 451.551 48.9868 42.5739 22.2437 205.345
internal_count=231605 10695 6700 3995 3910 1739 905 834 182 652 2171 821 157 2721 919 599 85 2068 823 481 129 1245 664 463 3979 3872 313 275 151 1802
cat_boundaries=0 1 2 3 4 5
cat_threshold=3998105 3933598 203 8589377 97
is_linear=0
shrinkage=0.04


Tree=167
num_leaves=31
num_cat=1
split_feature=25 9 3 15 0 6 15 33 5 17 11 13 25 17 34 0 13 2 6 5 6 11 29 9 17 2 29 29 9 10
split_gain=4.80601 8.60403 10.7095 13.7251 18.0073 12.8108 8.91612 8.34415 10.9039 9.34978 6.32589 8.47288 7.98782 8.96802 7.55485 5.77493 8.22438 5.67447 5.82462 6.6318 7.56448 19.764 5.97056 6.88503 8.69277 6.74572 5.39681 5.02643 4.79666 4.72392
threshold=-33.795833333333327 -3.5616666666666652 0.093242293843857044 0.16316666666666671 0.15868093711843714 -0.021666666666666053 0.14816666666666672 0 6.6650000000000009 -0.13654100529100524 51.500000000000007 3.5000000000000004 -35.472499999999989 0.020019841269841302 2.5000000000000004 0.13002127659574472 11.500000000000002 14.565000000000003 0.068333333333333815 6.9750000000000005 0.034999999999999705 40.500000000000007 4.4450000000000012 -1.3463333333333301 -0.034722222222222189 32.225000000000001 4.6050000000000013 5.6750000000000007 2.8066666666666706 2.5000000000000004
decision_type=2 2 8 10 8 2 8 1 2 10 2 2 2 10 2 10 2 2 2 2 2 2 2 2 10 2 2 2 2 2
left_child=1 2 -1 4 5 -4 7 8 -3 29 11 12 13 14 -8 -11 28 -13 19 20 22 -22 23 -19 25 -25 -12 -5 -17 -10
right_child=-2 6 3 27 -6 -7 10 -9 9 15 26 17 -14 -15 -16 16 -18 18 -20 -21 21 -23 -24 24 -26 -27 -28 -29 -30 -31
leaf_value=-0.016315922961378074 0.00010528430995228661 0.0675072308589309 0.059711458672090656 -0.044081768470591393 0.10541836836244917 -0.024310345453893104 0.049681231105112758 -0.012914568497219116 0.012803039905340562 0.02791685568339632 -0.045131257100805934 0.056079972105109732 0.10013628768299655 0.086286089144106251 -0.045994772962959597 -0.039436981028521834 0.030961221569345596 0.092949404869868038 -0.035209328950174 0.061999969902391636 -0.010763280934891666 0.10865125135003298 0.00096143468463425797 0.043671867641604412 0.079858702435647383 -0.024667162652325131 0.013200252696633826 0.019674594877763203 -0.0029799721847313292 0.073095401143768599
leaf_weight=51.442767306696624 30703.094921678538 5.0804405752569428 5.0569719336926946 6.2456807186827046 4.5018981001339879 6.8179258247837433 2.4963916009291989 34.293562860228121 4.0238929605111462 7.6536935791373244 4.4688868187367898 5.4043297423049799 3.8153202109970143 2.928999736905098 2.8034146707504988 12.004815770313149 5.9127170089632264 2.3423392507247547 3.7108412645757189 4.7253059446811667 4.5395094100385887 4.3355023954063654 46.42573120072484 3.6695976951159412 2.8538709692657163 6.2424633107148111 5.8727160766720772 2.8958112336695194 11.125657171010969 4.3022483270615339
leaf_count=479 228888 37 38 167 69 66 39 278 49 52 57 67 63 21 53 93 45 56 61 53 76 39 351 101 31 165 52 21 80 44
internal_value=0.000151837 0.00548523 -0.00580667 0.0153791 0.0372964 0.0114707 0.0100344 0.000320758 0.00996787 0.00568902 0.0177223 0.020915 0.0522965 0.0301153 -0.000928074 -0.0029936 -0.0111394 0.0164288 0.013711 0.0161271 0.0130485 0.0475715 0.00806928 0.0299108 0.0183442 0.000632999 -0.0120064 -0.0238852 -0.0219013 0.0439571
internal_weight=30971.1 267.993 76.9611 25.5183 16.3768 11.8749 191.032 84.397 50.1035 45.023 106.635 96.2936 12.0441 8.22881 5.29981 36.6969 29.0432 84.2495 78.8452 75.1343 70.409 8.87501 61.534 15.1083 12.7659 9.91206 10.3416 9.14149 23.1305 8.32614
internal_count=231691 2803 840 361 173 104 1963 678 400 363 1285 1176 176 113 92 270 218 1000 933 872 819 115 704 353 297 266 109 188 173 93
cat_boundaries=0 1
cat_threshold=103
is_linear=0
shrinkage=0.04


Tree=168
num_leaves=31
num_cat=3
split_feature=10 30 3 14 0 3 33 23 15 33 14 14 15 29 21 25 2 0 3 11 2 15 15 9 21 13 2 0 15 33
split_gain=6.67623 9.74255 8.72776 9.49239 12.2517 9.07247 11.6185 12.2898 8.35277 11.2493 8.50682 15.5132 12.9689 11.4444 16.4389 8.43393 8.07498 7.85792 7.53666 10.6813 10.1989 11.204 8.4398 7.80586 15.1374 11.7486 14.3664 11.4915 14.9136 12.7891
threshold=4.5000000000000009 -0.9199999999999996 0.09737386507298014 5.2928571428571436 0.18555826558265587 0.10020920502092052 0 50.160000000000004 0.15816666666666671 1 4.2361111111111116 3.4722222222222228 0.21707142857142861 4.5050000000000008 1.0000000180025095e-35 8.5158333333333314 63.965000000000011 0.15681934731934735 0.040862708719851586 34.500000000000007 38.230000000000011 0.13585714285714293 0.10527777777777782 0.13083333333333161 0.70833333333333337 5.5000000000000009 34.865000000000002 0.21308883309421334 0.22527777777777783 2
decision_type=2 2 8 10 10 8 1 2 8 1 8 10 10 2 8 2 2 10 8 2 2 10 8 2 8 2 2 10 10 1
left_child=16 8 3 -3 -5 6 7 -4 17 10 11 13 15 14 -10 -12 18 -2 19 20 -1 -22 -21 24 27 26 -26 28 29 -24
right_child=1 2 5 4 -6 -7 -8 -9 9 -11 12 -13 -14 -15 -16 -17 -18 -19 -20 22 21 -23 23 -25 25 -27 -28 -29 -30 -31
leaf_value=0.0011520709900826008 -0.0086861731243285355 -0.0012908387222653609 0.017318817185510017 0.079645479947318729 -0.0046297112399442814 0.00088467103399208612 0.0015698223375666311 0.063280937685375807 0.090518451740646655 -0.012888242313685188 0.011858586688529231 -0.017457743827677882 -0.022510235157303035 -0.01937529915844035 0.0097206849555804293 0.088206195362244999 -0.010679262169256343 0.0071966998029876642 0.0002654422698461185 -0.012628987959745888 -0.02085094810071671 -0.0025084613424183584 -0.0019991500477859461 0.0025642933529953661 0.097695258280356662 0.015005279441075395 0.015497293555989234 0.034651463079056505 -0.039206173410310248 0.0097099810509945744
leaf_weight=951.62499069096521 78.466388592030853 5804.8980994522572 60.546388579532504 5.3056093119084817 5.7526837401092052 2356.5415093675256 130.98382006771863 10.999167226254938 5.8768014349043431 293.49484938220121 84.113200416788459 80.66866546869278 19.034091721056029 9.1984343994408828 12.813657997176049 2.3805623166263095 102.14195523038507 136.60667389957234 18212.880365326302 48.613090494647622 74.817023501265794 185.10843360377476 217.67464677803218 1525.4560747146606 7.7693164981901628 22.908670648932457 6.0523117929697037 22.103285256773233 11.812339831143616 471.31935912743211
leaf_count=6960 1038 40913 440 44 64 16628 934 67 71 4979 1688 1015 540 114 138 25 740 1980 135081 324 545 1385 1513 10487 51 158 41 203 92 3326
internal_value=0.000162276 -0.000748271 -0.000363765 -0.00122031 0.0358043 0.00158288 0.00970698 0.0213945 -0.00520441 -0.00800372 -0.000673925 -0.00856687 0.00738177 0.01715 0.0351258 0.0139599 0.000541222 0.00140206 0.000593895 0.00228124 -0.000765964 -0.00778817 0.0038632 0.00421406 0.007527 0.0325772 0.0617018 0.00625423 0.00535858 0.00612262
internal_weight=30958 9097.68 8375.03 5815.96 11.0583 2559.07 202.529 71.5456 722.653 507.58 214.085 108.558 105.528 27.8889 18.6905 86.4938 21860.3 215.073 21758.1 3545.26 1211.55 259.925 2333.71 2285.1 759.64 36.7303 13.8216 722.91 700.806 688.994
internal_count=231584 70678 59090 41021 108 18069 1441 507 11588 8570 3591 1338 2253 323 209 1713 160906 3018 160166 25085 8890 1930 16195 15871 5384 250 92 5134 4931 4839
cat_boundaries=0 1 2 3
cat_threshold=276 166 19
is_linear=0
shrinkage=0.04


Tree=169
num_leaves=31
num_cat=1
split_feature=9 22 29 29 29 8 29 5 9 20 30 9 32 25 1 8 5 29 15 29 1 30 19 25 15 19 8 17 15 21
split_gain=4.62132 8.48511 10.2174 11.104 8.47814 8.65186 6.91599 8.27849 10.1524 9.59905 11.1968 6.77965 5.76445 5.76587 6.91301 5.66761 7.87732 6.24118 7.66648 9.46543 10.8576 7.71185 6.76365 19.667 6.7034 6.71601 8.3208 9.92791 7.82863 7.42268
threshold=15.965000000000003 0 4.0950000000000006 4.9050000000000011 4.035000000000001 45.245000000000012 7.245000000000001 6.7550000000000008 20.095833333333335 0.31666666666666671 0.070000000000000742 16.691666666666674 4.205000000000001 -13.723333333333329 3.5000000000000004 41.615000000000002 6.6950000000000012 6.6750000000000007 0.14183333333333339 7.1550000000000011 2.5000000000000004 1.6481666666666663 0.70833333333333337 3.3766666666666674 0.17387500000000003 0.22500000000000003 45.745000000000012 0.040039682539682563 0.18211111111111114 0.22500000000000003
decision_type=2 1 2 2 2 2 2 2 2 10 2 2 2 2 2 2 2 2 10 2 2 2 8 2 8 10 2 10 10 10
left_child=-1 2 4 11 5 -2 7 8 9 10 -5 -4 13 -13 -15 16 -3 22 19 20 -19 -21 24 -24 -17 26 -26 28 -28 -27
right_child=1 15 3 6 -6 -7 -8 -9 -10 -11 -12 12 -14 14 -16 17 -18 18 -20 21 -22 -23 23 -25 25 29 27 -29 -30 -31
leaf_value=-0.00014661055653652599 0.058534072114625052 -0.05267901287480066 0.015033837968134836 0.0024743219797213885 0.072538390920309739 0.0036669139921098079 -0.026451915819901133 -0.002724704490505258 -0.00037574681937751396 -0.013481157655805502 0.056939382694164035 -0.027731817933833881 -0.029053712175763229 0.022754432389616653 -0.025083719789929734 0.009871986187960223 -0.0020823854155530221 -0.033803824291665958 -0.015017581088645196 0.060425186790433835 0.013259026914233901 0.0049024084447315402 0.053010105345753684 0.0035962972403662647 0.046540900417157104 -0.015838254829033484 -0.024143589773646956 0.037366567255017025 0.0059433128661576283 0.011664786362319475
leaf_weight=29800.158606618643 5.3232823470607391 5.6335223531350485 10.013575550168751 8.9640042558312434 3.9629793670028439 33.767845896538347 15.381282687187193 236.76544875279069 44.54060098528862 6.9403268918395034 18.509089604020119 13.674818040803073 46.516543731093407 13.504917062819006 7.5270842947065821 315.20467118173838 39.051096898503602 12.544743455946444 45.573555432260036 8.1073687970638293 20.927809439599514 7.9053587839007369 19.918409014120698 36.508208312094212 7.949829608667641 58.345801142975688 18.736549022607505 12.015111587941645 52.918732913210988 21.481264038011432
leaf_count=223679 78 36 81 58 31 379 97 1461 275 40 108 116 349 82 74 2110 287 78 253 48 117 41 135 211 75 388 151 73 505 143
internal_value=-5.06647e-05 0.00243947 -0.00173539 -0.00366502 0.0167902 0.0111385 -0.000260356 0.00101565 0.0122321 0.0285503 0.0391684 -0.0160206 -0.0198492 -0.00751259 0.00563377 0.0052337 -0.00846125 0.00627468 -0.00318053 0.00772081 -0.00437905 0.033014 0.00792969 0.0210392 0.00640966 4.42085e-05 0.00743396 0.00371826 -0.00192386 -0.00843726
internal_weight=30948.4 1148.21 465.392 422.338 43.0541 39.0911 331.101 315.719 78.954 34.4134 27.4731 91.2369 81.2234 34.7068 21.032 682.822 44.6846 638.137 95.0588 49.4853 33.4726 16.0127 543.079 56.4266 486.652 171.447 91.6202 83.6704 71.6553 79.8271
internal_count=231559 7880 3229 2741 488 457 2039 1942 481 206 166 702 621 272 156 4651 323 4328 537 284 195 89 3791 346 3445 1335 804 729 656 531
cat_boundaries=0 1
cat_threshold=12900808
is_linear=0
shrinkage=0.04


Tree=170
num_leaves=31
num_cat=6
split_feature=9 6 22 22 3 2 22 33 30 34 15 15 17 8 0 0 5 10 22 5 33 15 11 15 17 17 8 30 9 8
split_gain=5.75273 10.0037 16.8151 11.4474 11.2375 10.6352 10.2955 9.908 9.72348 14.2001 9.15753 11.4786 10.5965 8.72171 8.46447 17.8106 8.26183 9.07777 8.20081 8.00655 7.5234 8.36252 10.8239 11.0118 7.77947 17.476 7.41273 7.36343 9.21112 10.3071
threshold=-6.9833333333333316 0.011666666666666272 0 1 0.11293696855176139 44.280000000000008 2 3 1.9300000000000002 1.5000000000000002 0.15950000000000006 0.12400000000000003 -0.17589947089947083 14.375000000000002 0.16232185172647259 0.15660632372214944 6.785000000000001 3.5000000000000004 4 6.8650000000000011 5 0.11800000000000002 40.500000000000007 0.16788888888888895 0.28004629629629635 0.18888888888888899 1.0000000180025095e-35 0.59366666666666645 -9.0766666666666644 20.660000000000004
decision_type=2 2 1 1 8 2 1 1 2 2 10 8 10 2 10 8 2 2 1 2 1 8 2 10 10 10 2 2 2 2
left_child=1 3 -3 -1 16 8 -6 10 -4 -10 11 -7 -12 -11 15 -13 17 -5 26 -15 21 -18 23 24 25 -23 -19 -8 29 -29
right_child=-2 2 5 4 6 7 27 -9 9 13 12 14 -14 19 -16 -17 20 18 -20 -21 -22 22 -24 -25 -26 -27 -28 28 -30 -31
leaf_value=0.0032400793910803117 0.00029144887422344562 0.0033117438602054418 -0.0074528225888096603 0.017357990636160902 -0.0035372704328141161 -0.011185253263267428 0.0050290070689468763 -0.0059737219271398115 0.058054500761049975 0.035524368282084648 0.05849642232031059 0.035980992492427644 -0.0072166282230182567 -0.030323149497972716 0.0024541474074793795 0.12519107160173698 -0.022609217183259461 0.016971755524435653 -0.011822313337926091 0.015470736413627503 -0.0039380618033753017 0.021383379971246636 -0.0030267975842190259 -0.001181768431618235 -0.0072292041036648219 0.079528660678379021 -0.0046098124850294225 0.017080055422058392 0.0031464819969232063 0.058141935062183112
leaf_weight=1176.8391355294734 26462.533388179261 434.37625120254233 1223.7530909937341 23.996124245226383 139.2832050928846 7.292823554947975 111.16714213555679 62.651016715914011 8.5652652531862241 8.4548269808292371 4.5963976089842644 13.993638643994926 26.930602328851819 14.802179887890818 5.5151557363569728 4.8120429143309655 15.310317799448965 28.15360365062952 340.41442047804594 10.40120806545019 316.90291694970801 55.516896596178412 81.929967245087028 39.270675685722381 10.384789124131201 9.7182589471340162 266.58210884267464 24.096089534461498 25.717176839709282 16.46382537484169
leaf_count=8560 196182 3748 10935 161 1167 57 1098 570 47 45 60 111 230 78 49 36 100 189 2360 57 2246 382 579 293 59 59 1881 142 151 93
internal_value=6.64428e-05 -0.0012544 -0.00353787 0.000300531 -0.0020064 -0.0056588 0.00467508 0.00539321 -0.00680166 0.0120708 0.0152093 0.0328305 0.00236384 0.000368945 0.046029 0.0588083 -0.00380433 -0.00679252 -0.00770493 -0.0114244 -8.12183e-05 0.00560209 0.00808122 0.0160025 0.0249266 0.0300454 -0.00246468 0.0107167 0.0218736 0.0337476
internal_weight=30970.4 4507.89 1826.14 2681.75 1504.91 1391.77 316.727 125.792 1265.98 42.2235 63.1407 31.6137 31.527 33.6582 24.3208 18.8057 1188.18 659.146 635.15 25.2034 529.034 212.131 196.821 114.891 75.6199 65.2352 294.736 177.444 66.2771 40.5599
internal_count=231725 35543 16023 19520 10960 12275 2651 1113 11162 227 543 253 290 180 196 147 8309 4591 4430 135 3718 1472 1372 793 500 441 2070 1484 386 235
cat_boundaries=0 1 2 3 4 5 6
cat_threshold=274947 16649728 359 454 65642 84
is_linear=0
shrinkage=0.04


Tree=171
num_leaves=31
num_cat=4
split_feature=0 22 25 5 30 8 8 34 11 22 23 1 26 24 29 8 23 16 1 6 22 15 27 8 14 20 22 16 23 24
split_gain=6.12113 12.5908 12.0411 10.6835 8.58037 7.95183 7.78414 8.18532 8.0851 8.38739 12.8828 11.6262 9.01667 12.0458 8.66178 9.66512 7.58483 7.03889 6.87589 16.7571 12.1993 10.9843 7.92445 7.87604 8.47425 7.04718 9.39325 7.99633 7.46441 6.72625
threshold=0.20193157894736843 0 1.0708333333333331 6.6350000000000007 0.97999999999999987 63.735000000000007 29.935000000000006 2.5000000000000004 53.500000000000007 1 29.615000000000006 4.5000000000000009 4.5000000000000009 17.670000000000005 4.745000000000001 40.920000000000009 11.160000000000002 0.11805555555555557 1.5000000000000002 0.033333333333332778 2 0.17472222222222231 1.5000000000000002 25.535000000000004 3.7888888888888892 0.18333333333333338 3 0.35416666666666669 56.610000000000007 6.705000000000001
decision_type=8 1 2 2 2 2 2 2 2 1 2 2 2 2 2 2 2 10 2 2 1 10 2 2 8 10 1 10 2 2
left_child=29 2 3 -2 6 18 17 -8 9 10 11 14 -11 -14 15 -9 -4 -5 19 20 -3 -21 -23 -22 -25 28 27 -27 -20 -1
right_child=1 5 16 4 -6 -7 7 8 -10 12 -12 -13 13 -15 -16 -17 -18 -19 25 21 23 22 -24 24 -26 26 -28 -29 -30 -31
leaf_value=0.0021186859230790077 0.063121311462334517 -0.015739553213881683 0.048385899587214926 -0.002348284250965386 0.059376413886977258 0.048367086246285329 -0.007734894534424842 0.048405818307220801 -0.021367774496087601 -0.026326413535141951 -0.039977672400704579 -0.010257563972859597 -0.0042841541620233349 0.06848182572324861 0.08951601228177726 0.0017777521943713548 0.0097585898766266617 -0.025660100413803195 -0.0084246119457278973 -0.021637122312895527 0.027539493208942476 0.0034129906150031793 0.053349052396335396 -0.015880699083130716 0.0089719442548183131 0.0042607811237278014 0.010176568245593454 -0.018854444687434132 0.040824920394808679 2.7887738206513227e-05
leaf_weight=2712.2595202603843 4.0018179621547452 63.764454949647188 8.5599666852503997 42.449135258793831 3.5165079012513152 4.5130988224409512 90.538859838619828 22.560820112004876 12.361156206578015 16.395889692474157 4.3811521567404261 8.5965343657881004 14.496121856849642 4.8604492563754311 5.1439930573105803 10.387487277388571 163.24877919442952 40.492721862159669 725.07469938718714 5.6941669881343868 20.762606456875801 6.9837765023112324 18.697975244373083 33.514177143573761 63.630946058779955 44.723262151703238 80.777816634625196 51.539278568699956 4.957591123878955 26669.646729541011
leaf_count=27189 46 432 68 752 19 55 1174 208 126 178 35 296 288 52 34 84 1118 399 9634 37 144 52 133 209 440 397 649 378 25 186913
internal_value=9.06008e-05 -0.00233747 0.00327338 -0.00176665 -0.00270686 -0.00458085 -0.00350754 0.000961131 0.00889922 0.0132084 0.0214129 0.0317599 -0.00351667 0.0139874 0.0412422 0.0337056 0.0116831 -0.0137293 -0.00483508 0.00163149 -0.00303053 0.0286254 0.0397697 0.00477263 0.00039801 -0.00635391 0.000805569 -0.00735149 -0.00809016 0.00022089
internal_weight=30958.5 1576.63 451.991 280.183 276.181 1124.63 272.664 189.722 99.1836 86.8224 51.07 46.6888 35.7525 19.3566 38.0923 32.9483 171.809 82.9419 1120.12 213.048 181.672 31.3759 25.6818 117.908 97.1451 907.073 177.04 96.2625 730.032 29381.9
internal_count=231564 17462 4877 3691 3645 12585 3626 2475 1301 1175 657 622 518 340 326 292 1186 1151 12530 1447 1225 222 185 793 649 11083 1424 775 9659 214102
cat_boundaries=0 1 2 3 4
cat_threshold=2457737 2130056 663602 4865044
is_linear=0
shrinkage=0.04


Tree=172
num_leaves=31
num_cat=4
split_feature=1 32 11 24 22 17 2 25 32 6 30 2 23 17 25 24 22 17 22 5 32 14 13 2 20 23 30 11 22 9
split_gain=5.89109 11.7359 12.0779 11.4865 25.0797 11.1593 12.5189 12.4924 11.0528 28.9218 9.22068 9.0512 8.93666 8.75764 8.31391 8.28469 8.26869 8.47166 14.6835 15.8758 17.6701 15.5529 32.2725 11.742 9.75075 8.86505 8.71042 7.94343 9.63116 10.5762
threshold=5.5000000000000009 1.7850000000000004 64.500000000000014 7.4300000000000006 0 -0.22662698412698407 26.165000000000003 -19.524166666666662 2.2850000000000006 0.0033333333333325226 0.5583333333333339 37.475000000000009 63.565000000000005 -0.18320105820105811 -11.070833333333333 6.705000000000001 1 -0.22037037037037027 2 6.8250000000000011 3.6050000000000004 4.0500000000000007 10.500000000000002 46.645000000000003 1.0000000180025095e-35 55.110000000000007 -1.0099999999999993 25.500000000000004 3 -6.8600000000000003
decision_type=2 2 2 2 1 10 2 2 2 2 2 2 2 10 2 2 1 10 1 2 2 8 2 2 10 2 2 2 1 2
left_child=-1 -2 3 4 15 -6 -7 10 9 -9 13 14 16 -8 -10 -3 -5 18 25 20 -20 22 -22 -21 -23 -18 -19 28 29 -28
right_child=1 2 -4 12 5 6 7 8 11 -11 -12 -13 -14 -15 -16 -17 17 26 19 23 21 24 -24 -25 -26 -27 27 -29 -30 -31
leaf_value=0.00013091120640194027 -0.01071162951712471 -0.018963744626006047 0.056403369134746195 -0.0061192741688522873 -0.010491328893944628 -0.011475561247614723 0.096112774949237395 0.056049906936158148 0.0054568954537968376 0.26567379475733499 0.11163251022043585 0.11991211415271862 0.01966866893350978 0.0059879401988850878 0.090809261765170693 0.058555646647670274 -0.022382615644362721 -0.01710677458573797 0.14835424704953137 -0.00098645195018715916 0.13386678006793915 0.0013184129636160701 0.00037185193526410794 0.099256323426489074 0.086078678219353721 0.062856329070711189 -0.023280766200301627 -0.001492526536200628 -0.0036064961958096014 0.028415328544226057
leaf_weight=28088.551559008658 217.65553113422357 34.471486747730523 5.8429808914661399 564.39951553661376 6.4196169208735219 5.0694159767590454 2.0273939077742371 2.8016661256551769 4.8618260370567432 1.6873041936196385 1.9890324696898449 2.9377266634255648 31.086041487753391 11.570451256353408 2.9242403991520396 2.3566522868350139 27.128022329881791 53.914374383632094 2.3060239204205564 37.269057363271713 6.0889701321721095 17.234981037676338 5.52809545584023 1.968384226784109 2.4846242964267722 2.1035822406411162 7.2120335437357417 1640.1495756637305 54.617221852764487 51.887262234464288
leaf_count=192504 6946 765 58 7057 268 120 71 49 85 49 15 52 189 264 36 47 581 1676 61 832 103 269 100 38 51 16 92 17621 585 561
internal_value=-4.37257e-05 -0.00179063 -0.00104104 -0.00117091 0.0138352 0.0307966 0.0467718 0.056359 0.0821451 0.134843 0.0311918 0.0600858 -0.00164478 0.0194253 0.037513 -0.0110129 -0.00191255 -0.000634051 0.0105718 0.0187558 0.0414911 0.0336271 0.0703419 0.00404232 0.011998 -0.0121069 -0.00127052 -0.000783707 0.0094397 0.0189075
internal_weight=30896.5 2807.99 2590.34 2584.49 79.1168 42.2887 35.8691 30.7996 15.2128 4.48897 15.5869 10.7238 2505.38 13.5978 7.78607 36.8281 2474.29 1909.89 102.112 72.8801 33.6427 31.3367 11.6171 39.2374 19.7196 29.2316 1807.78 1753.87 113.717 59.0993
internal_count=231161 38657 31711 31653 1821 1009 741 621 271 98 350 173 29832 335 121 812 29643 22586 2051 1454 584 523 203 870 320 597 20535 18859 1238 653
cat_boundaries=0 1 2 3 4
cat_threshold=14425864 2491472 1147648 1137189
is_linear=0
shrinkage=0.04


Tree=173
num_leaves=31
num_cat=3
split_feature=5 1 22 11 30 2 14 3 0 29 2 9 30 14 5 2 29 22 22 17 5 6 26 2 3 15 30 29 5 29
split_gain=7.15643 7.4911 13.5479 17.7398 14.0719 11.9032 11.7912 10.7909 11.9993 11.1499 10.5755 10.2337 17.0521 9.48943 12.105 9.43775 12.5532 15.3691 11.0999 13.5103 17.4669 9.7014 10.3022 9.35995 11.1478 9.33783 10.8946 13.9384 18.3689 9.30837
threshold=6.5550000000000006 3.5000000000000004 0 24.500000000000004 1.7933333333333334 52.790000000000006 5.1055555555555561 0.093813775510204103 0.13002127659574472 6.0050000000000008 36.485000000000007 20.095833333333335 0.44833333333333264 5.0500000000000007 6.8350000000000009 47.385000000000005 4.4250000000000007 1 2 -0.15912698412698409 6.8350000000000009 0.038333333333332671 3.5000000000000004 32.505000000000003 0.10148605900095639 0.17387500000000003 -1.1349999999999993 3.6450000000000005 6.8150000000000004 4.8450000000000006
decision_type=2 2 1 2 2 2 8 10 10 2 2 2 2 10 2 2 2 1 1 10 2 2 2 2 10 10 2 2 2 2
left_child=-1 -2 3 6 5 11 7 -3 -9 13 -6 -5 -13 23 -15 -4 17 -17 19 20 -18 22 -21 24 -10 26 27 28 -19 -24
right_child=1 2 15 4 10 -7 -8 8 9 -11 -12 12 -14 14 -16 16 18 25 -20 21 -22 -23 29 -25 -26 -27 -28 -29 -30 -31
leaf_value=-0.011215192265907278 0.00061130302585055433 0.0013065684331493119 6.0944867730758576e-05 -0.0038333579840990886 0.00092069574113804538 -0.021757356905136426 -0.014704115804728664 0.095113671262583188 0.082857314640444102 -0.017520806482493038 0.018793464198160727 -0.005769103857641217 0.030400338318075613 -0.0062388420695951409 0.16677681935173982 -0.011512669835085148 0.096497309298039693 0.16528564407567017 -0.0059292181797023806 0.01013192244862776 0.0097658310418452677 0.028905756727776778 0.023946263786126912 0.0073411196819536065 0.023393104486056724 0.023092188584043508 0.09000228152572079 -0.031687265167000531 -0.017608605723176164 -0.024409127727246027
leaf_weight=89.437710624188185 18909.053729488514 141.20418157987297 7223.2253193974029 3644.7313887970522 203.25798806548119 58.11672305688262 37.140473146457225 3.0610541943460694 5.5707426024600855 15.045490469783543 71.641588285565376 47.103480946272612 37.425347775220871 1.1198110044933849 1.532448712736368 14.59568386687897 6.440755993127822 1.9198020352050691 110.53688484244049 83.96107005700469 8.7794229276478273 26.436807550489902 7.9823962710797778 69.461405651643872 53.371775305364281 16.085372429806739 10.928227748721836 3.4153661709278822 1.6200697012245653 31.52276249602437
leaf_count=632 115547 1480 68587 34746 1062 569 2565 31 66 115 374 471 221 47 58 278 68 42 903 574 106 219 79 1098 828 300 122 56 56 281
internal_value=8.32665e-05 0.000116026 -0.000668513 -0.00243238 -0.00315993 -0.00379419 0.00651752 0.00923196 0.0167345 0.0150923 0.00557852 -0.00351425 0.010245 0.0188364 0.0937278 0.000360143 0.00703694 0.0257887 0.00373334 0.00995769 0.0464682 0.00691493 0.00220621 0.0172894 0.0290132 0.0349242 0.0650953 0.025961 0.0815816 -0.0146385
internal_weight=30935.7 30846.3 11937.2 4389.78 4062.28 3787.38 327.507 290.367 149.163 146.102 274.9 3729.26 84.5288 131.056 2.65226 7547.45 324.225 48.5645 275.66 165.123 15.2202 149.903 123.466 128.404 58.9425 33.9688 17.8835 6.95524 3.53987 39.5052
internal_count=231581 230949 115402 43731 37443 36007 6288 3723 2243 2212 1436 35438 692 2097 105 71671 3084 854 2230 1327 174 1153 934 1992 894 576 276 154 98 360
cat_boundaries=0 1 2 3
cat_threshold=10700545 4202508 538780
is_linear=0
shrinkage=0.04


Tree=174
num_leaves=31
num_cat=2
split_feature=1 30 11 6 25 30 33 20 24 6 6 8 18 6 25 7 11 23 3 20 3 32 33 3 9 17 30 25 10 3
split_gain=6.47443 10.3626 11.5796 12.3045 11.2307 9.8716 9.11413 8.8924 8.68474 8.14674 13.2365 12.8608 11.8587 7.97864 7.96147 7.93686 10.9181 8.67231 8.93513 8.50823 8.56153 14.9824 8.49323 9.78448 8.02713 9.23394 12.0512 18.2527 11.5926 7.93128
threshold=3.5000000000000004 1.583666666666667 62.500000000000007 0.030000000000000696 -3.9525000000000001 0.77999999999999969 0 0.13392857142857145 74.27500000000002 -0.034999999999999691 -0.066666666666665972 33.025000000000013 1.5000000000000002 0.071999999999999634 -38.267499999999991 5.5000000000000009 56.500000000000007 36.755000000000003 0.63006849315068503 0.18333333333333338 0.17421798631476054 3.9950000000000006 1 0.43252827295380497 1.3966666666666703 0.093425925925925954 0.91833333333333333 10.320833333333335 3.5000000000000004 0.033403068340306839
decision_type=2 2 2 2 2 2 1 8 2 2 2 2 8 2 2 2 2 2 10 10 10 2 1 8 2 8 2 2 2 8
left_child=14 2 15 7 -5 13 8 -4 9 10 -3 12 -12 -6 -1 16 17 -2 -19 20 -17 -22 23 -21 25 26 27 28 -23 -8
right_child=1 6 3 4 5 -7 29 -9 -10 -11 11 -13 -14 -15 -16 19 -18 18 -20 22 21 24 -24 -25 -26 -27 -28 -29 -30 -31
leaf_value=0.015775564053483446 0.00098208533494687422 -0.0097067742228469367 -0.020418339566158655 -0.0099719179187498438 0.090776102945583831 0.0046070170281249734 0.01531885675261266 0.02662691716572602 -0.038619754207703097 -0.0044549451867947091 0.022320059852880623 0.0026366516748914 0.077427109378736189 0.025836701317273798 0.00064149932409502796 -0.0080343244853028923 -0.0077108566159534717 -0.0015856504863825951 0.04671921609902812 0.0042699810026961896 -0.018823655017510672 0.093882722878164931 -0.0038782103891568361 0.066358651060710885 -0.0026449847828328805 -0.025383322753583525 -0.02566954392641245 0.12206242081054469 0.012328712606773451 0.0038278081066489547
leaf_weight=55.780192546546459 4339.6642385434825 37.467537939548492 15.5175280533731 5.8970934692770269 9.6203257385641354 4.9420846179127684 110.56634059548378 10.975157279521225 10.142553761601446 292.9074724316597 19.656177788972858 30.72437484562397 9.1594668030738813 4.4169962666928759 18927.621317324229 680.95637654350139 329.51260319631547 4522.4013283047825 6.1351876705884925 254.3102641608566 22.371371266432106 3.7683861535042587 453.43666330166161 4.1268993914127341 13.85877658985555 3.5179004147648838 3.3660524562001219 5.0149592924863091 10.72764542326331 734.76230011880398
leaf_count=363 53246 194 167 90 94 29 578 79 53 1560 100 158 49 44 115523 9474 3335 33610 38 2508 1196 55 4454 30 154 30 23 54 167 3811
internal_value=0.000226831 -0.000502545 -0.000904318 0.0180414 0.0382441 0.0532253 0.00295083 -0.000928843 -0.0020274 -0.00112755 0.00891929 0.0206404 0.0398366 0.0703422 0.000685969 -0.000995674 -0.000561359 -0.000295708 -0.00152021 -0.00374031 -0.0067327 0.00742058 -0.000614645 0.00506545 0.022006 0.0349492 0.0442268 0.0562853 0.0335295 0.00526848
internal_weight=30933.3 11949.9 10704.5 51.3692 24.8765 18.9794 1245.39 26.4927 400.058 389.915 97.0076 59.54 28.8156 14.0373 18983.4 10653.2 9197.71 8868.2 4528.54 1455.46 743.581 62.6251 711.874 258.437 40.2537 26.3949 22.877 19.511 14.496 845.329
internal_count=231266 115380 108877 503 257 167 6503 246 2114 2061 501 307 149 138 115886 108374 90229 86894 33648 18145 11153 1679 6992 2538 483 329 299 276 222 4389
cat_boundaries=0 1 2
cat_threshold=70 104
is_linear=0
shrinkage=0.04


Tree=175
num_leaves=31
num_cat=3
split_feature=2 22 5 25 2 22 5 17 2 14 0 5 5 33 23 30 0 23 30 2 30 15 0 30 3 29 24 25 14 10
split_gain=6.35934 17.9114 8.44701 8.34716 7.46182 16.4011 15.9036 13.0094 12.9194 12.5046 10.7335 7.72329 12.6247 10.3869 7.32428 7.12081 7.11822 11.065 9.76501 7.28884 13.3506 7.03087 9.87608 11.7472 11.9829 9.05099 6.60371 9.20156 6.54826 7.85579
threshold=52.790000000000006 0 6.6750000000000007 18.699166666666674 47.385000000000005 1 6.6950000000000012 0.28346560846560859 48.295000000000009 3.683333333333334 0.16117829740591891 7.0450000000000008 6.8850000000000007 2 42.560000000000009 0.50166666666666726 0.18077152014652018 16.140000000000004 1.2433333333333336 47.865000000000002 -0.44000000000000011 0.18211111111111114 0.16768682099705556 0.71633333333333316 0.087610053427646939 4.705000000000001 35.690000000000005 -26.904166666666665 4.0500000000000007 2.5000000000000004
decision_type=2 1 2 2 2 1 2 8 2 10 8 2 2 1 2 2 8 2 2 2 2 8 10 2 10 2 2 2 8 2
left_child=4 2 -2 15 -1 6 7 8 -6 -10 -8 12 13 21 28 -4 17 -7 26 20 -19 22 -12 24 -24 -26 27 -18 29 -15
right_child=1 -3 3 -5 5 16 10 -9 9 -11 11 -13 -14 14 -16 -17 18 19 -20 -21 -22 -23 23 -25 25 -27 -28 -29 -30 -31
leaf_value=-0.00015863788345203342 0.027411998591685298 0.0005579847072878718 -0.020400048897523459 -0.040425658878304377 -0.025228427537115565 0.047857025158781784 0.013883092998714586 0.096676162556731435 0.021438421696431714 0.086227014553163367 0.0020414597936638042 0.038893096338580423 -0.019911490780406948 0.032724355848681365 -0.040404787138730337 -0.0014838578504639186 0.05993744813367035 0.067073578490887409 0.061044704238993365 -0.0096191210122110442 -0.0011075823489092164 -0.00024522891969231168 0.025027211320501987 -0.010507199105011336 0.052821600965160712 0.13124724386742623 0.024529906910816801 -0.008206840096145895 -0.028881350650128632 -0.0065831444025295366
leaf_weight=29692.012144775596 6.9984467402100554 386.44657911453396 92.653789671137929 21.929024025797844 6.3111200444400337 6.0134133999235919 180.74606104940176 4.784145161509513 17.513812631368641 6.5486395293846718 13.342824373394249 7.7121786836069068 45.425449708011001 12.09599290974438 9.3926552981138212 48.511856876313686 3.4090628582052878 5.577558375895026 5.2324375808238974 220.76097825542092 26.085664290934801 20.301482364535332 8.1244114954024607 4.7125161141157141 4.7962139844894391 4.6249261572957039 18.692721102386713 45.298414835706353 10.990668930113314 24.842717358842492
leaf_count=222204 44 2898 821 130 50 88 1227 27 112 58 90 70 370 87 56 291 60 53 29 1532 168 182 66 28 51 34 132 466 135 186
internal_value=-0.00013907 -0.00437627 -0.0147523 -0.0174661 -6.1512e-05 0.00398127 0.00948335 0.0353672 0.0257105 0.0390708 0.00713484 -0.000196873 -0.00209709 0.00505002 -0.0069018 -0.0138995 -0.00258015 -0.00576746 0.00840555 -0.00704493 0.0109027 0.0157267 0.0292523 0.0455641 0.0606241 0.0913215 0.00431904 -0.00343738 -0.00177626 0.00628854
internal_weight=30961.9 556.54 170.093 163.095 30405.3 713.336 382.266 35.1577 30.3736 24.0625 347.108 166.362 158.65 113.224 57.322 141.166 331.07 258.438 72.6326 252.424 31.6632 55.9024 35.6009 22.2581 17.5456 9.42114 67.4002 48.7075 47.9294 36.9387
internal_count=231745 4184 1286 1242 227561 5357 2829 247 220 170 2582 1355 1285 915 464 1112 2528 1841 687 1753 221 451 269 179 151 85 658 526 408 273
cat_boundaries=0 1 2 3
cat_threshold=8408579 3153567 369
is_linear=0
shrinkage=0.04


Tree=176
num_leaves=31
num_cat=6
split_feature=7 1 30 22 0 30 22 22 13 1 16 22 11 20 0 29 9 14 11 11 13 33 6 33 6 6 14 6 14 11
split_gain=7.28603 15.923 17.4485 15.9141 13.8417 13.7169 14.0398 13.0856 14.7584 17.6806 23.6485 12.5084 11.2601 10.8487 10.6266 12.4687 15.1431 15.2348 10.3688 10.3422 11.7835 11.2018 13.8592 10.2367 10.0456 10.2461 10.6774 9.95785 10.0727 9.72068
threshold=2.5000000000000004 1.5000000000000002 -0.17333333333333353 0 0.15413094509083489 1.8800000000000006 1 2 9.5000000000000018 2.5000000000000004 0.21111111111111114 3 55.500000000000007 0.35416666666666669 0.24369924812030078 1.6150000000000004 16.691666666666674 4.7888888888888896 30.500000000000004 48.500000000000007 2.5000000000000004 4 -0.041666666666666512 5 -0.028333333333332874 -0.0049999999999994485 1.5277777777777779 -0.048333333333333332 1.6125000000000003 50.500000000000007
decision_type=2 2 2 1 10 2 1 1 2 2 10 1 2 8 8 2 2 8 2 2 2 1 2 1 2 2 8 2 8 2
left_child=1 2 3 4 29 -2 18 24 14 10 -10 19 -12 -8 15 16 17 -9 -7 -4 -21 -22 -23 -5 -3 26 -26 28 -13 -1
right_child=5 7 11 23 -6 6 13 8 9 -11 12 27 -14 -15 -16 -17 -18 -19 -20 20 21 22 -24 -25 25 -27 -28 -29 -30 -31
leaf_value=-0.012888537009838774 -0.00076920182746789082 0.0050089481203457629 -0.0022759056460590855 0.0085189604567057851 0.015469517824845323 -0.031637673748518676 0.012290793758920037 0.12834485209952218 0.03592056741281844 0.00079605219216390024 0.0081353010843031419 0.034924715333568057 -0.034961949079314929 0.00032068620963637004 -0.023594545531885971 -0.00081705434598459709 0.24159925369733651 0.0087402752068645624 -0.001588072331581017 -0.010981289155892636 0.0012176303467123109 0.047147271571181724 0.0088218224525264139 -0.0044742867316415573 0.042339836911642559 0.009752387469830353 -0.00062486961598173102 -0.0037688627069213609 -0.012246182193414982 0.031912195907033071
leaf_weight=51.188745524734259 17698.1078978593 2259.6560734505765 789.56155222654343 120.23135225847363 225.12698496691883 20.931764543056488 351.10488123446703 2.0667694220319346 51.248391207307577 991.77702890895307 392.42605022341013 7.3696128651499739 9.9456813484430295 184.96289756149054 32.689419192727655 4332.7713953126222 0.56572496891021806 9.7069452828727663 150.27697033435106 37.975940436124802 70.114138297736645 32.386933766305447 28.278176851570606 373.02514490671456 9.317437529563902 182.33930705231614 1373.5542310294695 736.6614868491888 421.49323584884405 9.1313276886939985
leaf_count=334 141348 14930 5685 791 1437 113 1890 30 310 7479 1946 63 52 956 374 29031 43 896 800 232 441 205 176 2444 48 1299 9722 5278 3169 54
internal_value=-4.41565e-05 0.000698988 -0.0018986 0.00322322 0.0105408 -0.000550905 0.0049115 0.00148045 0.000282956 0.003788 0.0103295 -0.00377651 0.00707004 0.00801123 -0.00087364 -0.000702705 0.0394491 0.0297358 -0.00497152 -0.000351148 0.00863348 0.0143293 0.0251386 -0.00120084 0.00329423 0.000839791 -0.000335384 -0.00653383 -0.0114356 -0.00610655
internal_weight=30956 12550.6 2902.54 778.704 285.447 18405.4 707.277 9648.06 5823.2 1445.4 453.62 2123.84 402.372 536.068 4377.8 4345.11 12.3394 11.7737 171.209 958.317 168.755 130.779 60.6651 493.256 3824.87 1565.21 1382.87 1165.52 428.863 60.3201
internal_count=231576 86469 20309 5060 1825 145107 3759 66160 40161 9787 2308 15249 1998 2846 30374 30000 969 926 913 6739 1054 822 381 3235 25999 11069 9770 8510 3232 388
cat_boundaries=0 1 2 3 4 5 6
cat_threshold=10588032 10530820 9390224 5809741 23 131
is_linear=0
shrinkage=0.04


Tree=177
num_leaves=31
num_cat=3
split_feature=14 16 0 21 16 30 33 33 14 21 6 23 32 5 23 3 27 5 32 30 24 23 9 11 30 25 32 32 0 33
split_gain=6.12479 9.55673 9.45563 13.2902 9.17722 10.6882 11.0054 10.3703 9.3197 8.91517 7.9787 9.21366 10.3522 9.00739 7.96243 12.9669 7.99547 10.0492 7.54781 7.4071 9.34323 8.25773 7.34863 9.37858 11.0949 11.0359 10.0497 8.06382 7.2238 7.18406
threshold=3.3541666666666674 0.31666666666666671 0.21926878911233977 1.0000000180025095e-35 0.21111111111111114 1.2044999999999997 0 1 3.6125000000000003 0.70833333333333337 0.023333333333333876 54.225000000000001 6.4850000000000012 6.8650000000000011 37.055000000000007 0.085775597792765182 1.5000000000000002 6.7550000000000008 7.2750000000000012 -1.7818333333333334 35.205000000000005 9.6950000000000021 1.058333333333332 27.500000000000004 1.3966666666666672 30.089166666666671 5.205000000000001 6.035000000000001 0.22775254978144735 2
decision_type=10 8 10 10 10 2 1 1 10 8 2 2 2 2 2 10 2 2 2 2 2 2 2 2 2 2 2 2 10 1
left_child=1 2 29 -4 -2 6 28 8 22 -8 11 14 -13 -12 15 -9 -16 -18 -14 20 -3 -21 23 -7 26 -26 -25 -28 -6 -1
right_child=4 19 3 -5 5 7 9 10 -10 -11 13 12 18 -15 16 -17 17 -19 -20 21 -22 -23 -24 24 25 -27 27 -29 -30 -31
leaf_value=0.0062927694913135395 0.00021554729022155606 -0.034853488176387434 -0.0013399177050406981 0.076444871758311203 -0.0052570185001397105 -0.011297013890845356 -0.001318518143314556 0.035377539949896369 -0.00055068455897530144 0.04450439772043633 0.0013291922073627078 -0.0083672865102491362 0.065107807342857371 -0.024228597916605754 -0.01469961991396399 -0.022030562731251896 0.018107614747753194 -0.0054226391894622514 0.010747547653662697 0.041701708345944541 0.024955892545236443 6.4893130972453196e-05 0.0040572889897980031 0.011048158341957963 0.0097728901964682039 0.059405045491338106 0.095895348331365149 0.043338507326061516 0.038466607141281146 0.001136003443057598
leaf_weight=619.14802215620875 7586.0688606495969 19.265805891249332 7.399018216878174 6.6942157354205847 1690.948813656345 12.511198095977305 4107.9412825293839 21.451530911028389 99.105631485581398 6.804603485390543 42.634846314787865 9.8666293174028414 10.119568407535555 45.726902715861797 67.136411964893341 8.9099171832203847 43.097307965159416 89.032506220042706 6.8551869541406623 7.6251616999506941 5.3366665747016659 14830.81317669712 63.211750410497189 9.4044362381100672 56.024866253137589 8.2197533398866636 6.990454554557803 14.076884299516676 6.0674869883805505 1429.5208637081087
leaf_count=4267 72801 487 61 51 13034 73 31628 116 577 53 241 59 59 260 390 50 247 506 39 73 48 95439 352 55 324 50 40 81 60 9856
internal_value=-0.000108063 0.000404017 0.00295536 0.0356075 -0.000726622 -0.00183885 -0.00236925 0.00317848 0.00887406 -0.00123973 -0.0014878 0.00204045 0.0242157 -0.0118969 -0.00055163 0.0185305 -0.0034591 0.00225232 0.0431546 4.99293e-05 -0.0218799 8.62894e-05 0.0148749 0.021252 0.0255515 0.0161231 0.0454297 0.0607776 -0.00507081 0.00273074
internal_weight=30938 16925.8 2062.76 14.0932 14012.2 6426.14 5811.76 614.376 269.545 4114.75 344.831 256.469 26.8414 88.3617 229.628 30.3614 199.266 132.13 16.9748 14863 24.6025 14838.4 170.439 107.228 94.7164 64.2446 30.4718 21.0673 1697.02 2048.67
internal_count=231377 110282 14235 112 121095 48294 44775 3519 1552 31681 1967 1466 157 501 1309 166 1143 753 98 96047 535 95512 975 623 550 374 176 121 13094 14123
cat_boundaries=0 1 2 3
cat_threshold=176 165 388
is_linear=0
shrinkage=0.04


Tree=178
num_leaves=31
num_cat=4
split_feature=15 22 2 32 24 20 25 24 15 24 24 9 31 1 15 9 14 22 25 22 9 26 25 15 22 14 24 24 24 17
split_gain=5.72469 12.0524 11.1333 13.8872 10.3552 10.2393 11.0667 8.96349 8.2842 10.1346 10.1983 9.55287 7.91549 7.87208 9.05046 7.97201 12.0191 11.2665 8.87777 7.56313 8.29634 8.81445 7.69124 8.02623 7.56034 13.2183 12.1378 9.71486 10.2525 9.70695
threshold=0.18472222222222226 0 38.305000000000007 5.1650000000000009 24.020000000000003 0.10555555555555557 10.679166666666669 37.540000000000006 0.21050000000000005 35.205000000000005 36.680000000000007 15.965000000000003 3.5000000000000004 1.5000000000000002 0.26105555555555565 -4.4749999999999952 2.183333333333334 1 7.8383333333333338 2 -4.0866666666666669 2.5000000000000004 5.7175000000000002 0.23050000000000001 3 2.0500000000000003 61.565000000000005 44.985000000000007 35.690000000000005 0.24983465608465616
decision_type=8 1 2 2 2 8 2 2 10 2 2 2 2 2 10 2 8 1 2 1 2 2 2 8 1 8 2 2 2 10
left_child=-1 8 13 4 -4 6 -5 -8 -2 11 -11 19 -7 14 -3 16 -15 -18 -19 22 21 -21 -10 -24 26 -26 27 28 29 -17
right_child=1 2 3 5 -6 12 7 -9 9 10 -12 -13 -14 15 -16 24 17 18 -20 20 -22 -23 23 -25 25 -27 -28 -29 -30 -31
leaf_value=0.00041907137809928276 0.0025247792598872675 0.0024493800112957357 -0.0068080758322746297 -0.0022794982955168471 -0.019462252154333604 -0.010421328260348887 0.048325246366499319 0.011888836279538812 -0.016304874067290854 0.031605956071816224 0.0018522416880892361 0.022827722900624715 0.0074521067826998823 -0.049351388940615304 0.048219493927538666 -0.0045583013201871293 -9.4480511615907317e-05 -0.016064241903391795 -0.00031193842026761481 0.053787082261204794 -0.0065679581776763515 0.0050586171430795825 -0.0091561379452961521 0.040978093630944137 0.038504412470261852 0.00080563619967219868 0.030100281894537104 -0.016517701305447489 0.0063575409883611239 -0.036791642118085631
leaf_weight=24480.900574808475 1929.3755533690564 573.30324678868055 311.92384746205062 92.936641009524465 154.82819536235183 172.97843403369188 13.270332016050814 58.08960928209126 170.41201745858416 20.669605927541852 170.23349834606051 17.836775191593915 51.431936331093311 10.13669081032276 6.9967249855399123 520.034307341557 317.53123051766306 197.80611030012369 80.558172419667244 6.5706177903339258 184.68965200474486 61.836212716065347 14.361430168151857 7.93085510469973 15.095204707235096 1050.1579321920872 16.504156678915024 95.469347760081291 149.66479543782771 15.390720080584286
leaf_count=175126 15881 3784 3473 707 1281 1059 86 375 2115 165 1168 174 405 61 53 5391 3138 2281 527 52 2092 791 94 58 86 9594 94 595 1046 96
internal_value=0.000139099 -0.000917306 -0.0023164 -0.00635476 -0.0110056 -0.00077006 0.00681731 0.0186647 0.00120095 -0.00268294 0.00507376 -0.00587677 -0.00632497 -0.00119083 0.00300123 -0.00217637 -0.00616129 -0.00542659 -0.0111066 -0.00702526 -0.00207838 0.00973909 -0.0127528 0.00867996 -0.000879603 0.00132739 -0.00379819 -0.0045636 -0.00289776 -0.00548484
internal_weight=30968.9 6488.02 3904.11 855.459 466.752 388.707 164.297 71.3599 2583.92 654.541 190.903 463.638 224.41 3048.65 580.3 2468.35 606.032 595.896 278.364 445.801 253.096 68.4068 192.704 22.2923 1862.32 1065.25 797.063 780.559 685.09 535.425
internal_count=231848 56722 34132 7386 4754 2632 1168 461 22590 6709 1333 5376 1464 26746 3837 22909 6007 5946 2808 5202 2935 843 2267 152 16902 9680 7222 7128 6533 5487
cat_boundaries=0 1 2 3 4
cat_threshold=324490 8916068 16770 13631557
is_linear=0
shrinkage=0.04


Tree=179
num_leaves=31
num_cat=2
split_feature=14 0 2 13 6 16 14 22 22 6 29 29 6 1 8 11 26 0 23 2 7 8 24 2 9 2 6 29 8 24
split_gain=5.19871 13.0054 10.1139 9.33178 9.60282 5.72751 11.4428 12.0665 9.97053 11.9742 9.70191 11.2559 13.6554 9.54115 11.4527 11.4643 14.5835 12.9056 11.2721 10.3742 9.55076 10.1308 9.39664 9.83301 12.9883 10.7309 12.0629 10.2952 11.0536 10.0275
threshold=5.4722222222222232 0.16500996015936259 33.615000000000002 6.5000000000000009 -0.011666666666667156 0.21111111111111114 3.3541666666666674 0 1 -0.061666666666666085 6.7150000000000007 6.8250000000000011 0.012249999999999874 1.5000000000000002 34.335000000000008 26.500000000000004 2.5000000000000004 0.19148267622461176 28.095000000000002 30.885000000000002 1.5000000000000002 27.075000000000003 31.270000000000003 21.165000000000003 -5.5008333333333335 35.280000000000008 -0.079166666666666594 4.1750000000000007 34.665000000000006 28.215000000000003
decision_type=10 10 2 2 2 8 10 1 1 2 2 2 2 2 2 2 2 10 2 2 2 2 2 2 2 2 2 2 2 2
left_child=5 2 -2 4 -4 8 -7 -8 13 22 -11 12 -12 20 15 -15 17 -17 -19 -20 21 -1 23 24 -10 29 -27 -28 -29 -25
right_child=1 -3 3 -5 -6 6 7 -9 9 10 11 -13 -14 14 -16 16 -18 18 19 -21 -22 -23 -24 25 -26 26 27 28 -30 -31
leaf_value=0.016229543726994235 -0.010179444409675987 -0.017065085859974613 0.02517091953957333 -0.010099834654902488 0.13588581681071549 0.00028184143331231053 -0.0047458521132543998 -0.00071343694862039493 0.10712071317984866 0.0012856328324072439 0.05489817434235273 0.0062533587212947163 -0.0051657368780329005 0.0039544724841044567 0.0013569403465364591 -0.0016634588298101568 -0.0083499590001190182 0.0056256164537150941 0.085706501818469422 0.021315525751902736 0.0064239141571245922 -0.0095862368840270093 0.0009048264714839753 -0.002370020144989409 0.026083091845805002 0.0059591881304056765 0.066010197633590714 0.047484341729610274 -0.0053710463642786107 0.03066232112955769
leaf_weight=29.837896596640348 6.7955212565138918 69.444802285637707 2.2257667714729905 2.2624991317279637 2.8693151795305312 16578.959227886051 1568.0415449272841 4844.4299077913165 3.8548677843064096 4215.4223439851776 18.444343201816086 99.651029255241156 9.0167864896357042 240.05866047833115 1061.3958742599934 332.22474593296647 896.34352857619524 27.412535592913628 6.7256939001381424 9.8905340246856195 483.62568996101618 131.55615517124534 120.85955208726227 83.026327765546739 17.668807424604893 33.568109980784357 14.080527895130215 13.89584466814995 11.628137588500975 17.868533734232187
leaf_count=199 175 4887 39 48 75 107868 11729 36483 33 38104 119 674 71 3379 9809 2307 8783 230 46 64 3225 868 792 725 147 299 145 94 80 125
internal_value=1.88216e-05 -0.00994263 0.025005 0.0575016 0.0875204 4.57983e-05 -0.000273138 -0.001708 0.000976588 0.00215674 0.00161395 0.0125018 0.0351764 -0.000735862 -0.00182826 -0.00406325 -0.00557569 0.00103342 0.0213831 0.0473788 0.00361213 -0.00481352 0.00967337 0.0150916 0.0405968 0.0119379 0.0236 0.0385521 0.0234046 0.00348003
internal_weight=30953.1 83.5979 14.1531 7.35758 5.09508 30869.5 22991.4 6412.47 7878.06 4658.99 4342.53 127.112 27.4611 3219.07 2574.05 1512.66 1272.6 376.254 44.0288 16.6162 645.02 161.394 316.451 195.591 21.5237 174.067 73.1726 39.6045 25.524 100.895
internal_count=231622 5224 337 162 114 226398 156080 48212 70318 41408 38968 864 190 28910 24618 14809 11430 2647 340 110 4292 1067 2440 1648 180 1468 618 319 174 850
cat_boundaries=0 1 2
cat_threshold=405507 5293657
is_linear=0
shrinkage=0.04


Tree=180
num_leaves=31
num_cat=2
split_feature=1 22 5 33 3 6 2 24 29 29 16 20 2 32 2 32 29 24 2 27 2 21 9 14 19 9 15 11 32 29
split_gain=4.86215 10.2883 11.3257 10.638 13.5049 11.4205 9.68174 10.5603 11.3406 13.9394 9.06694 8.55352 7.93482 9.45858 8.62667 13.0968 9.65991 7.8449 7.63228 8.42477 7.73417 7.53796 12.1887 7.2055 12.6476 8.35722 7.08315 6.87441 8.05545 9.41915
threshold=5.5000000000000009 0 6.6550000000000011 1 0.10609152752009897 -0.026666666666666835 37.150000000000006 59.285000000000004 6.5850000000000009 6.3650000000000011 0.89444444444444449 0.18333333333333338 32.085000000000008 6.3850000000000007 30.295000000000005 5.5050000000000008 5.3350000000000009 13.175000000000002 26.010000000000002 5.5000000000000009 26.495000000000001 1.0000000180025095e-35 -1.543333333333331 2.7638888888888893 0.22500000000000003 -3.3463333333333334 0.19612500000000005 27.500000000000004 4.205000000000001 5.6550000000000011
decision_type=2 1 2 1 10 2 2 2 2 2 10 10 2 2 2 2 2 2 2 2 2 10 2 8 8 2 10 2 2 2
left_child=-1 3 12 4 5 6 7 8 9 17 27 -7 13 14 15 21 -16 -2 -4 20 23 22 -3 -20 25 -25 -21 -5 -29 -30
right_child=1 2 18 10 -6 11 -8 -9 -10 -11 -12 -13 -14 -15 16 -17 -18 -19 19 26 -22 -23 -24 24 -26 -27 -28 28 29 -31
leaf_value=9.3308468795362848e-05 0.055281926732222098 0.099348922451866578 -0.0066394661646270248 0.0011338057188714475 0.011126422519851627 -0.018054068367034961 -0.01286418139251946 0.073685897808652603 -0.015512167506019772 0.088427114236163826 0.025355258857387576 -0.0027727896917889134 0.004101590977384828 -0.0033155458955666916 0.12640347955843464 0.069767177752402335 0.03835273632962153 0.0064140868224255585 -0.0099044597478440358 -0.006483676158284598 0.001351298530890216 -0.021893412150509502 -0.012093836423244566 0.065925155002551861 0.086025812812417474 -0.043246718878156599 -0.040268176939209067 -0.023696979913449483 -0.0001489873666752033 -0.01225313371408215
leaf_weight=28155.400881104171 6.3755749156698576 2.7646052124910057 269.09385628649034 98.504647518275306 128.46454402175732 93.156787614803761 24.716305680572987 4.8034944683313361 16.986091453582048 4.6678243130445471 12.831746868789194 158.01869477331638 63.769158505834639 12.150771178305147 3.290760940872131 7.0995869766920796 5.0572343841195107 29.933216409757733 5.0704283975064728 96.685772525612265 1180.3518464800436 8.1886856239289028 3.6347677824087503 1.8262018729001273 6.0858737491071233 2.9091060697101057 11.065503324847667 63.859096644446254 147.53958225343376 339.70477774180472
leaf_count=193149 97 44 3651 2419 2366 1733 261 33 115 37 78 1819 679 92 54 59 41 343 41 1204 15995 84 62 44 79 65 252 1211 2538 3179
internal_value=-6.50022e-05 -0.00165202 0.00034442 -0.00458212 8.18519e-05 -0.00410531 0.00834126 0.0166916 0.0119684 0.0233599 -0.00782324 -0.00844036 0.0130048 0.026463 0.0385097 0.0252098 0.0730621 0.0149949 -0.000506134 0.000759548 0.00172449 0.00352507 0.0360508 0.0294436 0.0478807 -0.00114389 -0.00995317 -0.00859905 -0.0103387 -0.00858795
internal_weight=30964 2808.61 1679.04 1129.56 467.123 338.658 87.4825 62.7662 57.9627 40.9766 662.44 251.175 105.956 42.1864 30.0356 21.6876 8.348 36.3088 1573.09 1303.99 1196.24 14.5881 6.39937 15.8916 10.8212 4.73531 107.751 649.608 551.103 487.244
internal_count=231824 38675 22446 16229 6804 4438 886 625 592 477 9425 3552 1115 436 344 249 95 440 21331 17680 16224 190 106 229 188 109 1456 9347 6928 5717
cat_boundaries=0 1 2
cat_threshold=11767424 232
is_linear=0
shrinkage=0.04


Tree=181
num_leaves=31
num_cat=5
split_feature=6 3 22 3 2 11 17 15 5 1 3 22 2 2 6 5 15 3 15 22 3 3 14 3 33 6 23 30 33 2
split_gain=5.2219 10.3651 7.19117 7.84984 6.54717 7.2965 8.57439 6.25878 6.01838 5.44397 5.29144 5.11803 11.4408 10.3926 10.8434 11.2551 8.34123 8.31167 7.49179 9.69886 8.46452 14.481 10.5913 10.5229 15.539 11.1804 9.18358 13.992 8.38802 7.39992
threshold=-0.13333333333333328 0.14257481648786 0 0.031320067264574002 40.665000000000006 47.500000000000007 -0.14999999999999991 0.16050000000000006 6.8750000000000009 4.5000000000000009 0.093813775510204103 1 52.790000000000006 49.860000000000007 0.0033333333333325226 6.8650000000000011 0.12707142857142864 0.054583651642475174 0.10527777777777782 2 0.13936910084451071 0.17732243300841985 2.3541666666666674 0.43252827295380497 3 -0.035000000000000579 43.050000000000004 1.1291666666666667 4 40.315000000000005
decision_type=2 8 1 10 2 2 10 10 2 2 10 1 2 2 2 2 8 8 8 1 10 10 10 10 1 2 2 2 1 2
left_child=1 2 -1 -4 5 6 -5 10 -9 -3 -8 12 13 18 15 16 -15 -14 19 -2 -20 28 -23 24 26 -25 27 -24 -22 -28
right_child=11 9 3 4 -6 -7 7 8 -10 -11 -12 -13 17 14 -16 -17 -18 -19 20 -21 21 22 23 25 -26 -27 29 -29 -30 -31
leaf_value=-0.014985687246370014 0.0038571947702767439 -0.032826558796706443 -0.028033633013949261 0.063347129146982789 -0.016513472156587838 -0.021797725017796945 0.035834958749509011 0.011524223180055502 -0.030262837472926477 -0.0031540839469813113 0.00016277827917491071 -0.000397852702974403 0.00416783458536912 0.06772016895645791 -0.0021338590760849314 -0.0037466241765673888 0.024816567491207007 -0.01604967140310613 0.0013319438449146607 -0.012499657065656658 -0.0021071029117464193 -0.01225039999211156 0.010776956087842548 0.060246598829777176 -0.0057736060860057352 0.011604389969096499 0.0013627428701011616 0.065856889277916636 -0.012229916942489837 -0.035917172636820073
leaf_weight=32.323966199532151 92.207823858596385 31.046401904895902 10.291435768827794 6.0982159841805617 13.634469067677854 8.2216716036200506 22.666613496840007 18.47581430524588 7.8609405495226374 14.519754665903745 9.4175647757947427 20562.072356118588 46.248502336908132 8.6589344441890699 48.562600121833384 19.469441505149007 44.571981408633292 109.72542028175667 8552.4824516361114 140.08928802609444 290.89971558889374 76.743513412773609 174.2372937919572 8.3208743711002153 246.56225399067625 82.737939305370674 56.657908899709582 7.705627813935279 253.26453054184094 10.026810258626936
leaf_count=222 618 190 65 53 86 54 139 119 54 142 63 153533 351 53 399 141 309 865 62440 961 2279 468 2333 91 2655 666 347 43 1984 63
internal_value=-7.27544e-05 -0.00697165 -0.00117843 0.00452106 0.00892331 0.0136912 0.0182135 0.0135023 -0.000948293 -0.0233714 0.0253642 -3.3695e-05 0.000695172 0.000861656 0.0125012 0.0222772 0.0317956 -0.0100549 0.000720397 -0.00637903 0.000889376 -0.00224614 0.00172293 0.00355213 0.00125407 0.0160493 0.00812864 0.0131097 -0.00708192 -0.00424272
internal_weight=31005.8 174.557 128.991 96.6667 86.3753 72.7408 64.5191 58.4209 26.3368 45.5662 32.0842 30831.2 10269.2 10113.2 121.263 72.7004 53.2309 155.974 9991.94 232.297 9759.64 1207.16 662.992 586.249 495.19 91.0588 248.628 181.943 544.164 66.6847
internal_count=231786 1187 855 633 568 482 428 375 173 332 202 230599 77066 75850 902 503 362 1216 74948 1579 73369 10929 6666 6198 5441 757 2786 2376 4263 410
cat_boundaries=0 1 2 3 4 5
cat_threshold=4489832 3360257 2098688 354 488
is_linear=0
shrinkage=0.04


Tree=182
num_leaves=31
num_cat=2
split_feature=9 22 0 15 29 2 16 13 27 9 27 14 17 5 2 9 17 30 3 14 29 6 15 14 11 27 22 23 6 3
split_gain=8.59698 10.9038 8.83508 13.7607 7.35083 7.15737 10.5746 8.05978 8.41539 13.1006 8.38387 6.96943 10.201 6.87274 8.15882 6.86602 14.5909 10.4722 19.3417 10.2187 10.0538 13.9507 9.34612 7.84747 7.16886 6.78551 6.64091 12.2367 9.07725 8.75894
threshold=15.965000000000003 0 0.19191635091809969 0.17414285714285718 4.1350000000000007 36.755000000000003 1.0000000180025095e-35 11.500000000000002 1.5000000000000002 20.095833333333335 5.5000000000000009 3.7638888888888893 -0.099999999999999936 6.6650000000000009 40.920000000000009 17.634166666666669 -0.16643518518518513 -0.44000000000000011 0.030368906455862984 4.2928571428571436 5.0850000000000009 -0.0063333333333335231 0.14816666666666672 1.7321428571428574 46.500000000000007 2.5000000000000004 1 19.775000000000002 0.023333333333332987 0.10486690728626215
decision_type=2 1 10 8 2 2 10 2 2 2 2 10 8 2 2 2 8 2 10 10 2 2 8 10 2 2 1 2 2 8
left_child=-1 2 5 -4 11 7 -7 10 -9 -10 -2 -5 -13 14 -3 16 24 26 22 20 21 -18 -19 -20 25 -15 27 -17 29 -29
right_child=1 13 3 4 -6 6 -8 8 9 -11 -12 12 -14 15 -16 17 19 18 23 -21 -22 -23 -24 -25 -26 -27 -28 28 -30 -31
leaf_value=-0.0002278421444487112 -0.0027421207082081989 -0.020100412133707515 0.067552046136571703 -0.023023797739308988 -0.0056019982942222138 0.037508455593980534 -0.013240822649818098 -0.0050721328949261185 0.081726884909529077 0.0079020200899101688 0.040546075872174993 0.0080347171578507987 0.083790260267654362 0.11593656644670315 0.024024387246321856 -0.019986066200062051 0.061804666021055721 0.072259134911861395 -0.036496547942192342 -0.036884390151257385 0.0076359365013333284 0.0054312221935262899 0.024581353920124838 0.0067531358334553251 0.011002369490850948 0.040973668948779539 -0.015285321876964688 0.015946651426424305 -0.020372816667925595 0.066690701253957374
leaf_weight=29829.495481987251 279.19628889113665 28.918384723830968 6.82565236929804 3.1724490318447343 28.035766877233982 6.9218062772415569 129.02732385508716 11.270141035318376 6.8502935208380213 8.7694022431969625 7.3469313308596602 5.9898902890272439 5.4151965938508493 4.13206669827923 8.7284208340570313 20.908853600267321 14.938249442726375 9.2692270725965518 6.8447037711739531 6.5119393430650225 82.617268420755863 13.256881462410091 22.660794783383608 347.50327165424824 3.3678240049630404 3.6286373627372086 45.722092078998685 22.115833101794127 7.6964742783457032 7.2190974652767173
leaf_count=223872 1865 192 62 28 186 58 848 78 46 62 48 119 43 51 50 268 102 56 38 57 497 106 133 2064 29 47 466 168 79 51
internal_value=-9.67418e-05 0.00328951 -0.00120211 0.0148235 0.00637758 -0.00299192 -0.0106569 0.000332718 0.0212714 0.0402792 -0.00163222 0.0294169 0.0440039 0.00662211 -0.00987007 0.00773322 0.0159647 0.00557507 0.00860455 0.0118128 0.0146745 0.0352988 0.0384221 0.00591771 0.0597375 0.0808865 -0.00571369 0.00381858 0.0182905 0.0284344
internal_weight=30984.4 1154.86 498.821 49.439 42.6133 449.382 135.949 313.433 26.8898 15.6197 286.543 14.5775 11.4051 656.04 37.6468 618.393 128.453 489.94 386.278 117.324 110.812 28.1951 31.93 354.348 11.1285 7.7607 103.662 57.9403 37.0314 29.3349
internal_count=231769 7897 3443 438 376 3005 906 2099 186 108 1913 190 162 4454 242 4212 889 3323 2291 762 705 208 189 2102 127 98 1032 566 298 219
cat_boundaries=0 1 2
cat_threshold=12882920 1197074
is_linear=0
shrinkage=0.04


Tree=183
num_leaves=31
num_cat=5
split_feature=2 14 22 9 5 11 11 2 30 25 9 6 24 23 14 22 15 22 29 6 30 22 3 22 29 25 25 3 30 15
split_gain=8.96811 14.0102 10.4323 10.3347 7.16896 7.12453 7.79824 12.3255 7.71686 5.339 5.31389 7.6709 7.20927 4.93093 10.1303 15.9942 7.81699 9.53676 8.01882 11.3238 11.2303 10.4715 9.85981 11.0562 10.8661 12.9378 9.10763 9.41919 9.00934 8.78516
threshold=60.265000000000008 4.7071428571428582 0 -3.2763333333333295 6.5450000000000008 27.500000000000004 49.500000000000007 63.965000000000011 0.11999999999999945 3.9941666666666671 -7.895833333333333 0.014999999999999238 28.540000000000003 48.375000000000007 3.9500000000000006 1 0.099500000000000019 2 6.4850000000000012 -0.0016666666666664829 0.69000000000000072 3 0.086719948094844887 4 6.6750000000000007 29.16416666666667 33.930833333333347 0.1540155879362928 0.72833333333333294 0.18211111111111114
decision_type=2 8 1 2 2 2 2 2 2 2 2 2 2 2 8 1 10 1 2 2 2 1 10 1 2 2 2 10 2 10
left_child=4 2 10 -3 -1 -4 8 -8 -7 -10 11 -2 -13 -6 16 -16 17 -15 19 21 -20 -18 23 -22 25 -25 27 28 29 -23
right_child=1 3 5 -5 13 6 7 -9 9 -11 -12 12 -14 14 15 -17 18 -19 20 -21 22 26 -24 24 -26 -27 -28 -29 -30 -31
leaf_value=-0.013138762871470883 -0.023706782833097295 -0.001587611652335571 0.02922218846713575 0.087041169491152259 0.00039366306652380869 -0.026734081480739472 0.067829061053882644 -0.00044054385458695226 0.02246918469038138 -0.0088991667718938024 -0.028628240835374363 -0.018195844036140576 0.050688984983382 -0.017254266028029368 0.017856216886930208 -0.0033655372443728631 -0.010868416454202764 0.00075997528468695801 -0.003429929918554371 -0.011837807676447772 -0.0046791254336845511 0.01156633702117158 0.0034253353310796466 0.0064825714543502045 -0.00028350752787538062 0.039250608336124197 0.047462054760017004 -0.020966049970588072 -0.00078053617912770884 0.054372755706342327
leaf_weight=65.057929638773203 16.690182767808441 4.2574894167482853 11.073346307501195 4.1638361527584475 25075.492043485399 29.913445044308901 5.4886212814599302 18.470586039125919 11.911383315920828 32.016725987195969 60.357579603791237 4.3000031094998103 5.5923606641590595 95.292890001088381 104.81189885735512 111.99655836448073 100.34133905544877 92.039821542799473 1381.6283738706261 249.31491597183049 766.06985206529498 66.470163032412529 1389.2837754637003 173.18521375954151 903.91694410145283 21.693757019937038 7.5014609992504111 24.157853960990906 134.71590445190668 8.6717610061168653
leaf_count=462 122 40 88 66 195363 258 45 131 75 191 433 46 44 602 677 743 628 580 9491 1581 4425 433 7910 1004 5186 120 43 146 788 55
internal_value=6.99081e-05 -0.00828436 -0.010457 0.042234 0.000125357 -0.00108731 -0.00463024 0.0151988 -0.0110641 -0.000393441 -0.0197893 -0.00716416 0.0207462 0.000153459 -0.000916179 0.00756208 -0.00125568 -0.00928404 -0.000967946 -0.00535522 -0.000408463 -0.000627518 0.000874375 -0.00102603 0.00154935 0.0101303 0.00391509 0.00268648 0.00540925 0.0165064
internal_weight=30975.9 204.236 195.814 8.42133 30771.6 108.874 97.8008 23.9592 73.8416 43.9281 86.9401 26.5825 9.89236 30706.6 5631.09 216.808 5414.28 187.333 5226.95 591.173 4635.78 341.858 3254.15 1864.87 1098.8 194.879 241.517 234.016 209.858 75.1419
internal_count=231776 1539 1433 106 230237 788 700 176 524 266 645 212 90 229775 34412 1420 32992 1182 31810 3674 28136 2093 18645 10735 6310 1124 1465 1422 1276 488
cat_boundaries=0 1 2 3 4 5
cat_threshold=9983271 11704738 485495 8416772 10521068
is_linear=0
shrinkage=0.04


Tree=184
num_leaves=31
num_cat=7
split_feature=15 22 2 15 9 22 22 23 16 3 3 33 15 6 8 1 15 8 0 3 17 1 22 23 17 8 22 30 0 33
split_gain=4.57578 12.4166 10.0289 9.84475 11.9192 13.784 11.8596 10.655 19.262 16.3005 15.4644 10.0934 11.682 9.33048 10.2421 10.3318 9.21971 10.95 9.15423 8.96986 13.8467 10.4115 8.83324 11.1437 8.60575 8.1016 12.9419 10.119 9.37581 9.26116
threshold=0.11400000000000002 0 26.985000000000003 0.13683333333333339 2.5633333333333348 1 2 19.110000000000003 0.2678571428571429 0.083168642951251662 0.12331784442701106 3 0.1152777777777778 0.020000000000000909 52.655000000000008 2.5000000000000004 0.13105555555555562 34.665000000000006 0.11667517006802723 0.19153907337442835 0.090740740740740775 4.5000000000000009 4 46.695000000000007 0.13333333333333341 31.265000000000004 5 -0.9199999999999996 0.16527864044168397 6
decision_type=8 1 2 10 2 1 1 2 10 10 8 1 10 2 2 2 8 2 8 10 10 2 1 2 10 2 1 2 8 1
left_child=1 19 22 4 5 -2 7 8 -6 -10 11 12 -9 -8 16 -16 -15 -18 -5 -1 21 -21 -3 -24 -17 -7 27 28 -27 -28
right_child=3 2 -4 18 6 25 13 10 9 -11 -12 -13 -14 14 15 24 17 -19 -20 20 -22 -23 23 -25 -26 26 29 -29 -30 -31
leaf_value=-0.0076714120351897754 0.005280537898411649 0.015819235592602659 -0.0011747106121707779 -0.024581391738909164 0.0039584160907537649 -0.0019578121053543621 -0.0058325402800717486 -0.01512129911899668 0.026051424866004529 0.1208174052714409 -0.0110680900422297 -0.0010170585606415581 0.011130008548397234 -0.0058944722996766346 0.066602437351351101 -0.011252733203309769 0.05432000518065621 0.0060748416798229931 -0.0002343337924132144 0.01990796968465745 -0.0077533660431758069 0.094385358378319267 0.008806183216028763 -0.021899616377040673 0.05113044194639893 0.054030810353193452 0.0036766778455763435 0.0071869880739741879 -0.0014752942003561282 -0.0079820297874131016
leaf_weight=596.02743001002818 1907.8042244976386 106.19945727195591 909.20138179883361 24.73461589217186 26.012097843922675 1018.5084419022314 822.04502751119435 29.647172456607223 7.0174713861197215 4.9545459002256393 129.48822429403663 337.05006831139326 318.55873040109873 139.63432533107698 7.5824202001094845 10.477973653003572 8.3621598603203875 75.372833342291415 23539.351076208521 8.9114848077297193 19.512580685317516 4.5297531816177061 55.477941310498863 28.690609496086836 5.3419729247689238 14.399341019336132 238.01212579570711 367.88116949424148 7.356740863062444 185.56678180908784
leaf_count=4002 13425 700 6162 160 333 7204 5273 194 61 42 840 2157 2036 999 41 86 65 586 180583 58 117 70 391 172 31 169 1702 2440 121 1312
internal_value=-1.83281e-05 -0.00201807 0.000568125 9.99485e-05 0.00159777 0.00291345 -0.000962691 0.00254481 0.0232828 0.0652697 0.00160922 0.00400476 0.00864658 -0.00374979 0.00303633 0.0282125 0.000398622 0.0108928 -0.00025989 -0.00644574 0.0137667 0.0450072 0.00892178 -0.00148419 0.0098124 0.000416949 0.00339633 0.00853552 0.0352616 -0.00149721
internal_weight=30953.7 1728.55 1099.57 29225.2 5661.07 3739.53 1921.55 852.728 37.9841 11.972 814.744 685.256 348.206 1068.82 246.772 23.4024 223.369 83.735 23564.1 628.981 32.9538 13.4412 190.368 84.1686 15.8199 1831.72 813.216 389.637 21.7561 423.579
internal_count=231532 11672 7425 219860 39117 26373 12744 5663 436 103 5227 4387 2230 7081 1808 158 1650 651 180743 4247 245 128 1263 563 117 12948 5744 2730 290 3014
cat_boundaries=0 1 2 3 4 5 6 7
cat_threshold=1251414 12925796 11862205 339 15254144 1098881 43
is_linear=0
shrinkage=0.04


Tree=185
num_leaves=31
num_cat=1
split_feature=7 30 24 30 29 10 33 20 2 27 23 25 13 0 27 14 5 17 11 27 30 5 0 18 2 29 23 31 19 30
split_gain=5.71409 9.75857 8.01085 7.88349 12.1212 9.60425 8.73989 8.26348 11.9826 8.84455 10.0187 8.32604 7.85962 7.81717 9.13057 12.0009 7.7219 7.49504 6.682 8.81924 13.0191 9.60941 7.92612 6.68167 7.22671 10.4126 10.0136 8.90346 19.4281 15.1227
threshold=5.5000000000000009 -1.1116666666666664 43.705000000000005 1.5536666666666668 7.1450000000000005 4.5000000000000009 0 0.31666666666666671 31.195000000000004 5.5000000000000009 25.615000000000006 9.0483333333333391 10.500000000000002 0.18444699286442409 6.5000000000000009 3.3541666666666674 7.0850000000000009 0.079999999999999988 57.500000000000007 2.5000000000000004 -0.62333333333333318 6.8850000000000007 0.16277926322043973 2.5000000000000004 28.405000000000005 4.705000000000001 18.220000000000002 5.5000000000000009 0.55000000000000016 -0.74633333333333318
decision_type=2 2 2 2 2 2 1 8 2 2 2 2 2 10 2 8 2 10 2 2 2 2 8 10 2 2 2 2 10 2
left_child=-1 2 -2 6 5 16 23 9 -9 18 11 -11 -10 14 15 17 -5 -12 -8 21 -21 -20 -22 24 25 26 -3 -26 29 -29
right_child=1 3 -4 4 -6 -7 7 8 12 10 13 -13 -14 -15 -16 -17 -18 -19 19 20 22 -23 -24 -25 27 -27 -28 28 -30 -31
leaf_value=0.00022057613918230511 -0.01129981724194557 -0.029033724867552031 0.03352855513023411 0.0072200722748312993 -0.0093504212091908828 0.02313386778491474 -0.0039398895574517699 -0.024050597558075194 0.0027095289322442003 -0.027308263405811765 -0.013526516904392747 0.035594887200048081 -0.017462607529884901 -0.015514495232608255 0.011693450956100781 0.083053333535862944 -0.03001382866769664 0.052134979631466197 0.014230925313357868 -0.035294950232897908 0.074597613532311507 -0.028945051339700028 0.020316355103990186 -0.0015232563852223097 0.0055405595526379046 -0.0079106122612504267 0.038584321104442973 0.023747755044782038 -0.018399793493085129 0.13340161369079423
leaf_weight=27475.19647064805 202.15265576238744 4.5370186064392355 6.5859076157212249 110.08415373414755 62.653799511492252 66.817782886326313 1211.838869234547 73.187052765861154 92.269492622464895 16.553463712334636 5.6652851849794406 4.2263646163046351 46.46794268861413 9.940259972587226 38.549246232956648 7.9520104229450217 9.6968438997864705 5.4641807563602924 21.707873037084937 3.9231941476464298 8.0032891370356047 13.301447678357361 9.311954446136955 863.10583706013858 428.29811712168157 126.83569423295557 15.39250675216317 4.0500884223729363 5.676755439490079 3.9995957799255839
leaf_count=199988 4713 43 91 593 332 371 10477 520 668 173 46 32 348 87 294 68 51 39 186 47 55 128 76 7992 3064 871 148 49 59 38
internal_value=2.72062e-05 -0.00150025 -0.00988544 -0.000964908 0.00587232 0.0109836 -0.00152916 -0.00358654 -0.010955 -0.00246176 0.00977502 -0.0145145 -0.00404681 0.0172447 0.022895 0.045525 0.00420581 0.018711 -0.00331433 0.0101631 0.0304986 -0.00217336 0.0454057 0.000713044 0.00400334 -0.00368728 0.0231909 0.00655686 0.0382679 0.0782308
internal_weight=30953.4 3478.25 208.739 3269.51 249.253 186.599 3020.26 1568.36 211.924 1356.44 88.3508 20.7798 138.737 67.571 57.6307 19.0815 119.781 11.1295 1268.09 56.2478 21.2384 35.0093 17.3152 1451.9 588.79 146.765 19.9295 442.025 13.7264 8.04968
internal_count=231647 31659 4804 26855 1347 1015 25508 13244 1536 11708 739 205 1016 534 447 153 644 85 10969 492 178 314 131 12264 4272 1062 191 3210 146 87
cat_boundaries=0 1
cat_threshold=105
is_linear=0
shrinkage=0.04


Tree=186
num_leaves=31
num_cat=1
split_feature=22 1 18 25 14 15 23 24 8 0 21 11 24 30 1 5 15 5 5 17 32 0 31 1 23 27 5 14 8 23
split_gain=4.40634 7.25516 11.0311 9.707 7.99157 7.63501 12.1265 8.26257 11.9526 18.1828 9.81402 8.04606 8.00051 7.78028 7.67325 7.63712 7.34923 8.67594 7.14353 12.468 7.86054 10.3059 7.01387 13.5982 12.4629 11.3928 11.16 10.0282 10.6874 8.47148
threshold=0 4.5000000000000009 4.5000000000000009 24.519166666666674 4.0500000000000007 0.15788888888888894 62.090000000000011 66.785000000000011 30.755000000000003 0.17257202133965624 0.36666666666666675 66.500000000000014 71.585000000000022 1.583666666666667 2.5000000000000004 6.6450000000000005 0.1070714285714286 6.7250000000000005 6.8750000000000009 -0.29976851851851843 4.8350000000000009 0.16672200027552006 2.5000000000000004 1.5000000000000002 33.015000000000008 6.5000000000000009 6.8950000000000005 1.8452380952380956 37.445000000000007 31.600000000000005
decision_type=1 2 10 2 10 8 2 2 2 10 10 2 2 2 2 2 10 2 2 10 2 8 2 2 2 2 2 10 2 2
left_child=1 5 -3 18 -5 6 22 11 10 12 -9 13 14 -7 -10 -15 -8 -18 -4 20 -20 -22 23 25 26 -1 29 28 -26 -25
right_child=-2 2 3 4 -6 7 16 8 9 -11 -12 -13 -14 15 -16 -17 17 -19 19 -21 21 -23 -24 24 27 -27 -28 -29 -30 -31
leaf_value=-0.0067471872581748782 0.00057947822224377853 -0.0010100192782232385 -0.0048897073498408682 0.0029936609123441928 0.066560279341884285 -0.00080300226746488556 0.010504744308951042 -0.027881455090676854 0.084727377100914728 -0.013647695638230633 0.026396526348820171 0.036984427736770679 0.019638266244874941 -0.036015601916735099 0.032703954975060005 -0.0060556594857401535 0.0053665144341713735 -0.028478313281718851 -0.0019237641859126021 -0.018271065896551916 0.014603550330163004 0.12661192384112716 0.0028946990409416794 0.013612335571848029 0.0039533026832808951 0.017944621371930911 -0.004683972819991963 9.2117705559142089e-05 0.038139832873441276 0.040767852679260072
leaf_weight=552.30226796120405 17015.591785072116 2490.9304708051495 334.51361051481217 8.8489406742155534 4.9259639829397193 5309.196889529936 15.561971776187418 16.82413670420647 8.6126944497227687 15.079358316957949 7.8014030978083602 8.8660707026720029 17.854251869022846 14.322430379688738 9.5843919962644559 275.00339892506599 16.108057945966721 48.930595114827156 10.072115564951671 157.76880569243804 3.4492787122726432 2.1234674910083413 2622.1916982959956 72.311881676316261 40.560713112354279 31.609388798475266 39.607694692909718 1719.1256191208959 22.887410193681717 24.645255878567696
leaf_count=4219 127359 23800 6642 84 46 35668 91 93 50 86 42 69 100 76 50 1521 93 286 530 3314 57 44 17135 381 196 215 212 8597 108 127
internal_value=0.000148045 -0.000380173 -0.00211773 -0.00740664 0.0257254 0.000100205 0.00120688 -0.000913525 0.0122083 0.0232347 -0.0106861 -0.0010908 0.0386617 -0.0011511 0.0573267 -0.00753876 -0.0141878 -0.020096 -0.00830518 -0.0148936 0.0191661 0.0572838 0.00144898 -6.55557e-05 0.00156069 -0.00541052 0.0132065 0.00066849 0.0162853 0.0205149
internal_weight=30917.2 13901.6 3012.63 521.702 13.7749 10889 5205.84 5683.15 75.7562 51.1307 24.6255 5607.39 36.0513 5598.52 18.1971 289.326 80.6006 65.0387 507.927 173.414 15.6449 5.57275 5125.24 2503.05 1919.14 583.912 136.565 1782.57 63.4481 96.9571
internal_count=231291 103932 34517 10717 130 69415 31660 37755 421 286 135 37334 200 37265 100 1597 470 379 10587 3945 631 101 31190 14055 9621 4434 720 8901 304 508
cat_boundaries=0 1
cat_threshold=2524124
is_linear=0
shrinkage=0.04


Tree=187
num_leaves=31
num_cat=2
split_feature=0 0 22 17 17 22 11 32 20 7 17 26 24 34 25 5 11 2 11 3 8 9 3 0 1 32 0 3 14 20
split_gain=6.27496 9.47635 14.2734 12.3427 12.4065 9.29352 8.77247 10.2297 8.5034 9.91134 11.419 14.6309 8.06115 14.7937 9.76351 8.05582 7.91831 9.69512 9.65539 7.73385 9.59781 8.42038 7.45681 7.37999 10.1847 11.8118 15.8114 12.2823 11.0703 10.0498
threshold=0.15887607206967627 0.15948014413332337 0 8.3266726846886753e-17 0.03333333333333334 1 47.500000000000007 6.3650000000000011 0.5277777777777779 3.5000000000000004 0.27585978835978847 4.5000000000000009 12.435 3.5000000000000004 -0.16183333333333569 6.8350000000000009 38.500000000000007 38.765000000000008 33.500000000000007 0.039258498159088974 40.040000000000006 1.058333333333332 0.15632405213270145 0.13460356749960714 4.5000000000000009 8.1050000000000022 0.13280727164437708 0.12007751937984497 3.0500000000000003 0.23611111111111113
decision_type=10 10 1 10 10 1 2 2 10 2 10 2 2 2 2 2 2 2 2 10 2 2 10 10 2 2 8 10 8 10
left_child=5 2 3 16 -5 8 7 -6 -1 10 19 -12 13 -4 -14 -9 18 -18 -2 -10 21 -21 -16 24 25 27 28 -7 29 -27
right_child=1 -3 12 4 6 23 -8 15 9 -11 11 -13 14 -15 22 -17 17 -19 -20 20 -22 -23 -24 -25 -26 26 -28 -29 -30 -31
leaf_value=-0.0015969065624271373 0.0014202195905741427 0.0003008700061098262 -0.0024091352182836374 0.061728084588847397 0.026271529441023657 0.0047307587855243494 0.048818048761922431 -0.031456471662523397 -0.023846777661046085 -0.022147227546831197 -0.016925278811406954 0.029695339573607343 -0.015208952380560399 0.057227435148169484 0.0056379599655373694 0.022070425388593141 -0.02217869011058856 0.027901729970071589 0.049947767004166289 0.01704282431402725 0.040901124148851421 -0.028645688677306273 -0.029585445633959921 -0.00049593052081881711 -0.0028452382248297619 -0.006168544552363299 0.074537342343429208 -0.0054198085332125522 -0.012413665671159263 0.041695143505761048
leaf_weight=5737.2985255448148 17.720903533510867 16117.501522918697 17.172016356140379 14.126365050673483 33.311017276719213 1243.3207370517775 13.775704778730868 11.527621701359751 8.8822721242904645 68.696130950003862 96.032833486795425 12.131051070988176 64.139198379591107 10.867175868246703 146.21373283863068 7.3779426142573348 24.510729923844337 8.2723931148648244 10.416091306135057 21.808053806424144 17.034566506743431 9.1671737283468229 10.293329145759342 6443.7366673750803 472.6414793706499 10.133941993117331 7.8012763261795035 225.28941558301449 17.454690724611282 22.833648160099983
leaf_count=38808 151 131369 154 93 210 7415 83 70 59 418 539 75 493 90 939 42 179 62 77 134 104 63 62 43866 4259 58 45 1344 101 128
internal_value=-8.25693e-05 0.0004499 0.0066132 0.0162374 0.027707 -0.000692353 0.0204244 0.0129336 -0.00189841 -0.00937996 -0.00406624 -0.0116966 0.000482653 0.0207043 -0.00206519 -0.0105675 0.00381855 -0.00954155 0.0193847 0.0104407 0.0167842 0.00352123 0.00332135 0.000162631 0.0022858 0.00387415 0.0215437 0.00317363 0.0133446 0.0269823
internal_weight=30921.5 16507.2 389.724 141.039 80.1187 14414.3 65.9923 52.2166 5971.05 233.752 165.056 108.164 248.685 28.0392 220.646 18.9056 60.9201 32.7831 28.137 56.8921 48.0098 30.9752 156.507 8443.21 1999.48 1526.83 58.2236 1468.61 50.4223 32.9676
internal_count=231490 134074 2705 967 498 97416 405 322 40200 1392 974 614 1738 244 1494 112 469 241 228 360 301 197 1001 57216 13350 9091 332 8759 287 186
cat_boundaries=0 1 2
cat_threshold=5809171 5771387
is_linear=0
shrinkage=0.04


Tree=188
num_leaves=31
num_cat=3
split_feature=7 22 17 11 23 22 15 6 17 5 0 23 24 29 6 32 25 13 22 14 0 6 32 11 0 23 8 11 6 11
split_gain=7.0152 10.5661 8.17998 9.19783 8.54016 8.15544 9.24164 9.92726 12.1231 11.7007 7.86311 9.4618 7.32814 10.7756 7.43818 9.66827 7.29784 8.25804 7.20498 10.6003 12.7583 12.6646 10.5481 9.82073 9.31646 8.8862 7.62813 7.59713 7.14296 7.50352
threshold=5.5000000000000009 0 0.027777777777777807 36.500000000000007 18.220000000000002 1 0.16387500000000005 0.068333333333332927 0.36679894179894185 7.035000000000001 0.18266828478964406 40.840000000000011 17.670000000000005 5.9850000000000012 0.14333333333333401 1.0200000000000002 27.621666666666666 1.5000000000000002 2 4.6833333333333345 0.15614631116207953 0.070000000000000742 7.1750000000000007 45.500000000000007 0.12787016920139577 25.295000000000005 52.655000000000008 40.500000000000007 0.10500000000000088 55.500000000000007
decision_type=2 1 10 2 2 1 10 2 8 2 10 2 2 2 2 2 2 2 1 10 10 2 2 2 8 2 2 2 2 2
left_child=-1 -2 12 4 -4 6 7 8 -5 -9 -7 -12 13 14 -3 -16 17 -8 19 26 -21 25 28 -23 -24 -22 -14 -26 29 -20
right_child=1 2 3 5 -6 10 16 9 -10 -11 11 -13 18 -15 15 -17 -18 -19 22 20 21 23 24 -25 27 -27 -28 -29 -30 -31
leaf_value=0.00024262280609673535 -0.0045157702997729232 -0.011112085246038112 0.048677263385178242 0.0044994043564215921 0.0076488415523102947 0.0016449444031456017 0.015942454072650793 -0.0034849073742772136 0.062187509602936022 -0.047512447172076262 0.0087146191738179009 0.047243839976368544 0.00094132688772384239 0.021791276766609233 0.10110874695150318 -0.0074201055174390983 0.019580651412721008 -0.021931939532570732 -0.0050930702569265008 -0.029569537224445365 -0.0047026848555680118 0.041102170023400129 0.059135360726900822 0.13626486404809016 -0.013808565712377811 0.061932440285774305 0.037773821649377329 0.024244141250269712 -0.016526926308517795 0.013095219951342923
leaf_weight=27444.565438314341 1291.2749306256883 247.46333351312205 8.3670450951904041 102.4284707326442 272.05413948558271 373.48351378552616 10.331708531826733 46.430501578375697 6.1802485138177863 12.194428689777849 44.917733792215586 13.193328954279421 399.35253323800862 18.179016273468733 2.1907056078780434 3.2793150916695595 9.147488206624983 84.913029801100492 356.39499800093472 4.9294333327561644 8.7091153049841541 3.6785180661827317 6.6464457549154758 3.2842915570363402 15.092757701873778 5.0638895239680997 9.2038834858685714 18.915136370807886 77.370653599500656 40.405623646453023
leaf_count=199864 12051 3832 83 702 1908 2485 77 321 34 88 365 79 3688 150 39 62 49 627 3325 60 99 45 50 41 129 41 77 142 793 391
internal_value=2.76803e-05 -0.00166012 3.34259e-05 0.00274776 0.00887302 0.000305212 -0.00502252 0.000621934 0.00778208 -0.012643 0.00368914 0.0174622 -0.00215449 -0.00795435 -0.0100923 0.036045 -0.0145459 -0.0178235 -0.000497651 0.00326237 0.0282729 0.0420235 -0.00366124 0.0859895 0.0158215 0.0197969 0.00177108 0.00735629 -0.00540885 -0.00324098
internal_weight=30939.6 3495.08 2203.8 983.642 280.421 703.22 271.626 167.234 108.609 58.6249 431.595 58.1111 1220.16 271.112 252.933 5.47002 104.392 95.2447 949.047 434.222 25.6652 20.7358 514.826 6.96281 40.6543 13.773 408.556 34.0079 474.171 396.801
internal_count=231697 31833 19782 6818 1991 4827 1898 1145 736 409 2929 444 12964 4083 3933 101 753 704 8881 4051 286 226 4830 86 321 140 3765 271 4509 3716
cat_boundaries=0 1 2 3
cat_threshold=10258640 2241280 2241312
is_linear=0
shrinkage=0.04


Tree=189
num_leaves=31
num_cat=2
split_feature=1 22 9 23 9 33 32 32 14 8 30 26 23 15 32 25 8 10 30 5 14 9 30 5 14 30 29 32 5 6
split_gain=5.09922 7.46745 14.2219 13.3694 11.8627 11.0945 11.2805 15.6363 11.2685 30.8826 10.2282 9.75789 9.68514 9.25394 9.09245 10.2616 9.03209 9.9493 9.13575 8.72196 8.43357 10.0442 17.9825 17.0943 8.01887 7.86179 10.7953 25.1364 7.7203 7.84572
threshold=5.5000000000000009 0 -10.173333333333334 60.065000000000005 13.176666666666666 1 1.7850000000000004 4.8650000000000011 3.0500000000000003 35.82500000000001 2.0400000000000009 4.5000000000000009 36.615000000000002 0.22845238095238102 3.4450000000000007 0.92499999999999816 26.955000000000002 2.5000000000000004 -0.3850000000000004 6.8750000000000009 3.7888888888888892 16.691666666666674 0.66550000000000031 6.9350000000000014 3.9500000000000006 -0.6883333333333338 4.5850000000000009 5.245000000000001 7.0050000000000008 -0.010833333333333249
decision_type=2 1 2 2 2 1 2 2 10 2 2 2 2 10 2 2 2 2 2 2 8 2 2 2 8 2 2 2 2 2
left_child=-1 2 3 -2 13 6 10 8 9 12 -3 -11 -8 19 15 -7 18 24 -16 -4 21 22 23 -6 -18 -9 27 -27 29 -20
right_child=1 5 4 -5 20 14 7 25 -10 11 -12 -13 -14 -15 16 -17 17 -19 28 -21 -22 -23 -24 -25 -26 26 -28 -29 -30 -31
leaf_value=0.00018267684968590968 -0.021277666755900877 -0.019956907655850436 -0.00073691273365968394 0.070135334223210027 0.038380715012340402 0.0066986286866062622 0.046612003336218559 -0.028665297334928026 0.014377950045125796 0.15369874075896428 0.091701556204579357 0.06512642324528814 -0.024036067766399376 -0.033510784940763254 -0.01868321880205356 0.10087326750517556 -0.0024380861243865968 -0.0095226806275421228 0.017485238719681166 -0.0083102169666306146 -0.01751639261987389 0.0042075466660089419 0.0082723788687935704 0.13619969352298816 0.017099986511423408 -0.031495968523655556 0.0031808672873880907 0.11616027852453945 0.053802929421301472 -0.00069896068930937443
leaf_weight=28190.552225079387 92.609074088744819 35.258805148536339 696.08834628458135 2.6326297447085372 9.0893117319792491 123.9345497507602 5.7534366399049777 11.989674886688588 78.450080910231918 3.9691983778029671 1.3633718043565739 3.9913524184376001 6.7440411895513535 16.565906398929656 24.037327113561332 1.8793329950422037 292.20022027380764 409.51680498849601 60.567677475512028 374.06246817321517 13.884757769294081 45.211278222501278 18.741284132003784 4.1696965321898452 37.97855758946389 3.2720278818160287 308.3688578736037 4.228680744767189 5.6131167057901612 101.7215629722923
leaf_count=193366 1515 1144 9009 17 106 3606 92 301 1535 36 7 51 60 658 613 19 2957 5035 534 5532 340 389 113 44 634 49 2951 55 62 1069
internal_value=2.1132e-05 -0.00160886 -0.00385305 -0.0187509 -0.00268108 0.000293096 0.00538825 0.00733274 0.0212726 0.0477115 -0.0158001 0.109289 0.00848803 -0.00384335 -0.00196924 0.00810535 -0.00335091 -0.00535717 0.00438079 -0.0033841 0.011184 0.0163451 0.0334935 0.0691429 -0.000190734 0.00312738 0.00433416 0.0517483 0.0076827 0.00608753
internal_weight=30984.4 2793.89 1273.05 95.2417 1177.81 1520.84 463.39 426.767 98.9081 20.458 36.6222 7.96055 12.4975 1086.72 1057.45 125.814 931.635 739.696 191.94 1070.15 91.0963 77.2116 32.0003 13.259 330.179 327.859 315.87 7.50071 167.902 162.289
internal_count=231899 38533 17723 1532 16191 20810 6281 5130 1774 239 1151 87 152 15199 14529 3625 10904 8626 2278 14541 992 652 263 150 3591 3356 3055 104 1665 1603
cat_boundaries=0 1 2
cat_threshold=12190332 400
is_linear=0
shrinkage=0.04


Tree=190
num_leaves=31
num_cat=2
split_feature=11 17 22 32 14 6 22 8 8 9 9 14 0 13 14 20 13 6 23 0 30 21 11 6 14 17 0 32 17 32
split_gain=5.43209 13.9649 12.1148 8.5642 9.87472 11.0776 7.85553 12.9862 11.4388 11.7416 11.9552 10.5273 24.6138 9.06186 8.05945 7.90003 9.46854 8.64307 9.85213 24.4539 8.65585 11.5089 12.1505 7.86138 7.79224 10.3783 9.74384 9.00023 12.4518 8.54148
threshold=32.500000000000007 -0.28353174603174591 0 7.8850000000000007 3.683333333333334 -0.05666666666666708 1 44.865000000000002 58.860000000000007 20.095833333333335 27.417500000000008 4.2111111111111121 0.16449356782283017 9.5000000000000018 4.154761904761906 0.47222222222222227 8.5000000000000018 0.0033333333333325226 12.295000000000002 0.16139685343411111 0.20916666666666653 0.36666666666666675 25.500000000000004 0.080000000000000529 3.8452380952380958 0.020019841269841302 0.11906095297029705 2.7350000000000008 -0.099999999999999936 3.8250000000000006
decision_type=2 10 1 2 8 2 1 2 2 2 2 10 10 2 10 10 2 2 2 8 2 10 2 2 10 10 10 2 10 2
left_child=1 2 -1 6 5 -5 7 11 -8 -10 -11 14 13 -13 15 16 17 18 19 -3 21 -19 -23 -14 25 -18 -27 28 -26 -29
right_child=-2 3 -4 4 -6 -7 8 -9 9 10 -12 12 23 -15 -16 -17 24 20 -20 -21 -22 22 -24 -25 27 26 -28 29 -30 -31
leaf_value=0.00095668266601863633 0.0002569491640137908 0.1025480519724954 -0.01589957269846029 0.037779096881140464 0.058319464027265594 0.0011333499158658479 -0.00015646876028496521 -0.011682492073144106 0.048977779921538254 -0.014889812491099377 0.025750394867312468 0.021294409011575807 -0.00020854417538067289 0.069964434477107013 -0.020953796167493755 -0.013055127952662201 -0.0053838586296202839 0.0035237916644534268 -0.0076149227587454116 -0.0040598360967835185 -0.0046330090040382467 0.081812300315321135 0.015728596740663542 -0.044402722090106143 0.10393046509416491 0.059903188351360603 0.005574028622932021 -0.029249214548370234 0.0048078932588779631 0.01993884101842907
leaf_weight=115.90934313298203 23034.159203663468 4.5469899978488684 171.3084472999908 16.104406572878361 6.6367782466113558 73.138356152921915 5277.6132663425524 235.86815811088309 14.294888752512632 20.964004062581807 25.877354000229388 63.416288611944765 180.32156286388636 6.7747830916196099 38.642411990091205 105.54743760451674 206.63174442946911 151.91755317337811 626.24553866311908 14.174213448539378 210.7308697104454 6.2288252655416754 15.602993980050085 6.6785633983090511 4.2712773289531469 5.3996357172727576 242.08130754716694 7.0351690966635934 3.8603464607149345 28.657439716160297
leaf_count=2277 163375 49 3348 93 46 460 43673 1754 101 160 191 658 3095 62 351 651 1731 1435 4142 148 1289 61 129 168 51 36 1662 82 38 242
internal_value=-5.32744e-05 -0.000959349 -0.00961734 -0.000632116 0.011247 0.0077463 -0.000783909 -0.00280991 4.273e-05 0.0172456 0.00756174 -0.00173945 0.00579435 0.025992 -0.00289862 -0.00247135 -0.00173997 -0.00393032 -0.00676015 0.021833 0.000816727 0.00742641 0.0345829 -0.0017869 0.0027884 0.00123394 0.0067594 0.0188959 0.0568738 0.0102437
internal_weight=30920.6 7886.48 287.218 7599.26 95.8795 89.2428 7503.38 2164.63 5338.75 61.1362 46.8414 1928.76 257.191 70.1911 1671.57 1632.93 1527.38 1029.45 644.967 18.7212 384.48 173.749 21.8318 187 497.937 454.113 247.481 43.8242 8.13162 35.6926
internal_count=231558 68183 5625 62558 599 553 61959 17834 44125 452 351 16080 3983 720 12097 11746 11095 7253 4339 197 2914 1625 190 3263 3842 3429 1698 413 89 324
cat_boundaries=0 1 2
cat_threshold=14262321 8410126
is_linear=0
shrinkage=0.04


Tree=191
num_leaves=31
num_cat=4
split_feature=14 14 22 17 24 34 32 2 15 1 16 22 25 6 2 17 5 9 22 30 15 6 32 25 32 9 12 15 32 0
split_gain=5.8046 5.36505 16.6078 9.84754 13.2895 9.49142 20.689 11.1542 8.30638 5.13595 4.35278 10.6925 11.5067 11.2844 9.81821 9.24262 10.6162 10.0717 9.90693 11.8464 12.5347 12.7518 14.0067 16.0093 10.5608 10.4605 8.61644 8.36387 11.5318 9.81494
threshold=5.9500000000000011 1.4722222222222225 0 0.500462962962963 42.120000000000012 2.5000000000000004 6.7950000000000008 35.57500000000001 0.123875 3.5000000000000004 0.15476190476190479 1 -11.779166666666665 -0.10166666666666611 33.395000000000003 -0.1407275132275132 7.0850000000000009 -0.18666666666666562 2 -1.0683333333333338 0.22950000000000007 -0.015499999999999845 1.905 -8.1591666666666676 4.6650000000000009 1.1933333333333345 3 0.16950000000000007 3.6750000000000003 0.17305644019815999
decision_type=10 8 1 10 2 2 2 2 8 2 10 1 2 2 2 10 2 2 1 2 10 2 2 2 2 2 1 8 2 10
left_child=1 2 5 4 -4 6 -1 9 -6 -7 11 12 13 14 -3 26 18 -18 25 20 21 22 -20 -24 -23 -17 -13 -14 29 -29
right_child=-2 10 3 -5 8 7 -8 -9 -10 -11 -12 15 27 -15 -16 16 17 -19 19 -21 -22 24 23 -25 -26 -27 -28 28 -30 -31
leaf_value=-0.046461844020847139 -0.030849377453755485 0.0927059322566611 -0.034684889655895369 -0.031568125507078673 -0.011911205496810767 0.043756904082272098 0.041307501884275004 0.0079743589703225922 0.042012190321101262 0.090761926433131759 -0.0002445373825165483 -0.0095440742630883754 0.0016808699235416127 -0.002991562597627007 -0.0050218663657284682 0.0033579036995729484 0.074454297440922523 0.0069808343997810841 -0.0016316140596560041 0.0049349429776959939 0.10796990339998704 -0.0090932355942237204 0.12034477939598405 0.018458259508331826 0.084561502331276309 -0.0092229140886648086 -0.0006398894717012289 0.057799951337456953 0.0080203597735623577 0.018233643114661555
leaf_weight=6.6300391405820873 9.7751065113116038 3.7276780367828897 9.0084063932299632 18.375330112874508 6.9278444349765804 6.9985480979084986 12.211929723620413 7.1467748358845702 13.43317987769842 7.9373569302260876 26375.90616247803 179.06496699363925 288.68275283835828 312.04924226761796 2.9436943116597831 267.84980850759894 6.4700467577204108 7.8151624193415028 5.6953723998740307 451.54361246526241 2.8938743378967038 18.40580646367744 5.7782370466738939 4.3065589163452369 2.1516462806612244 174.72297478280962 2227.8764894735068 12.832931440323589 444.81616739090532 45.94832828361541
leaf_count=42 800 45 56 96 44 43 74 42 82 42 183405 6349 2289 5120 51 2248 53 64 129 3334 63 364 66 42 27 1411 21154 118 3572 502
internal_value=-3.05013e-05 -2.07614e-05 0.00980433 -0.00711219 0.00576731 0.0251359 0.0104236 0.0490717 0.0236647 0.0687367 -4.90086e-05 0.00110588 0.00448675 -0.00189106 0.0495843 -2.71222e-05 0.00331899 0.0375409 0.00279522 0.00663162 0.0278503 0.0214697 0.0485153 0.0768357 0.00070914 -0.00157332 -0.00134463 0.00710907 0.0102207 0.0268716
internal_weight=30939.9 30930.2 88.6694 47.7448 29.3694 40.9246 18.842 22.0827 20.361 14.9359 30841.5 4465.58 1111 318.721 6.67137 3354.57 947.633 14.2852 933.348 490.775 39.2315 36.3376 15.7802 10.0848 20.5575 442.573 2406.94 792.28 503.597 58.7813
internal_count=231727 230927 521 278 182 243 116 127 126 85 230406 47001 11697 5216 96 35304 7801 117 7684 4025 691 628 237 108 391 3659 27503 6481 4192 620
cat_boundaries=0 1 2 3 4
cat_threshold=8998576 569476 2376243 8
is_linear=0
shrinkage=0.04


Tree=192
num_leaves=31
num_cat=1
split_feature=5 17 14 25 5 25 31 16 17 14 15 23 21 7 14 2 3 14 5 32 13 8 23 25 33 5 2 11 23 0
split_gain=5.56797 7.37914 6.06704 6.11763 7.9283 4.47214 5.77133 4.45338 10.2858 11.4065 10.7671 9.72984 8.69241 11.2225 8.1366 13.2216 8.27676 8.31714 12.0843 7.9545 7.83187 13.6039 12.0139 11.7689 10.5734 14.6777 10.2642 12.3559 14.3132 9.62774
threshold=6.5550000000000006 0.051851851851851836 3.0500000000000003 -12.008166666666661 6.5050000000000008 9.0483333333333391 2.5000000000000004 0.31666666666666671 -0.033333333333333277 3.7638888888888893 0.23400000000000004 22.325000000000003 1.0000000180025095e-35 1.5000000000000002 4.7071428571428582 60.265000000000008 0.19550972403074726 3.7321428571428577 6.8650000000000011 8.0550000000000015 7.5000000000000009 26.375000000000004 17.060000000000006 -17.052666666666664 0 6.8850000000000007 23.665000000000003 45.500000000000007 15.860000000000001 0.17897843228200375
decision_type=2 8 10 2 2 2 2 10 10 10 10 2 8 2 10 2 10 10 2 2 2 2 2 2 1 2 2 2 2 10
left_child=1 2 -1 -4 -5 6 -3 12 9 10 -9 -11 13 -2 16 -16 -15 -18 -19 -10 22 -22 23 24 25 -14 27 28 -25 -23
right_child=7 5 3 4 -6 -7 -8 8 19 11 -12 -13 20 14 15 -17 17 18 -20 -21 21 29 -24 26 -26 -27 -28 -29 -30 -31
leaf_value=0.035629729651649691 0.00288478086133255 0.010183035920104642 0.029049692994756095 0.02128865866589431 -0.025413927846381294 -0.037777895779683497 -0.028609276716724877 -0.0044300868791945893 -0.00021573428132051078 -0.023264703788385181 0.040471019013489838 0.017879805573499673 0.037149035588001304 -0.0008185487288921606 -0.0055171708073591119 0.068976984164702618 -0.0044348568261123981 0.017570517955262269 -0.0020402818331948908 0.0061624521398497504 -0.0028263551315042944 0.0036489523030963796 -0.00010856354188450731 0.040556917917367125 -0.01269644188478216 -0.032475522506568877 0.0096351116057068389 0.076053625883395731 -0.029508397357598533 0.010857814401794714
leaf_weight=6.948294296860694 1490.9336081286892 11.10199110209942 6.812165322713553 7.9280729293823269 21.83030777098611 17.241431422531605 13.719045410864053 1529.9406223325059 14890.423221107572 10.760632898658512 8.5928193256258947 63.247484300285578 19.413701954297725 5888.1438271263614 676.11633427953348 3.8336645658127955 87.292672408744693 133.96703825891018 80.475289667956531 319.56586691364646 417.35863741254434 1366.583859004546 3240.4503905680031 15.091686708852654 59.923568498808891 6.4554569767788044 190.01661769812927 8.3712306674569827 6.7521162163466206 378.52786578796804
leaf_count=46 12090 70 67 59 161 106 100 12068 95511 127 79 529 280 48857 13208 64 684 1363 829 1892 3485 10566 22952 156 914 100 1834 74 62 3428
internal_value=7.21133e-06 -0.0101815 0.00136588 -0.00514415 -0.0129717 -0.0221286 -0.0112582 3.54372e-05 -0.000403778 -0.00344146 -0.00417931 0.0118975 0.000560587 -0.000260979 -0.000943692 -0.00509716 -0.000487438 0.00597394 0.010211 -8.17269e-05 0.00176377 0.00366108 0.000606885 0.00818267 -0.00438527 0.0142617 0.0130786 0.0347341 0.0188991 0.00521261
internal_weight=30977.8 85.5813 43.5188 36.5705 29.7584 42.0625 24.821 30892.2 16822.5 1612.54 1538.53 74.0081 14069.7 8360.76 6869.83 679.95 6189.88 301.735 214.442 15210 5708.95 2162.47 3546.47 306.024 85.7927 25.8692 220.232 30.215 21.8438 1745.11
internal_count=231761 609 333 287 220 276 170 231152 110206 12803 12147 656 120946 77095 65005 13272 51733 2876 2192 97403 43851 17479 26372 3420 1294 380 2126 292 218 13994
cat_boundaries=0 1
cat_threshold=196
is_linear=0
shrinkage=0.04


Tree=193
num_leaves=31
num_cat=2
split_feature=5 1 22 2 11 2 25 2 17 22 6 5 8 25 20 18 17 5 15 6 1 20 25 0 25 2 9 25 24 32
split_gain=6.3064 8.12597 8.18686 8.79521 10.8755 8.98839 8.05068 10.4072 12.0898 9.31107 10.8869 8.47378 8.86065 7.88348 10.5724 6.81028 11.8455 8.79572 7.30394 10.8157 7.23763 6.79863 6.76523 20.4512 12.7604 7.93112 7.13312 6.65008 8.07933 11.0888
threshold=6.995000000000001 2.5000000000000004 0 38.385000000000012 35.500000000000007 16.755000000000006 -28.000833333333329 30.445000000000004 -0.12 1 -0.038333333333332657 7.0550000000000006 30.755000000000003 3.6749999999999994 0.11805555555555557 4.5000000000000009 -0.27030423280423271 7.0950000000000006 0.18585714285714292 0.029166666666666789 4.5000000000000009 0.10555555555555557 -2.4333333333333313 0.14002212389380533 2.4516666666666631 39.265000000000008 -2.1836666666666669 10.679166666666669 46.480000000000011 5.6250000000000009
decision_type=2 2 1 2 2 2 2 2 10 1 2 2 2 2 10 8 8 2 10 2 2 10 2 8 2 2 2 2 2 2
left_child=-1 6 3 5 -5 13 7 -2 -9 11 -11 -8 21 14 -3 -4 17 18 19 -17 -18 -13 23 -6 26 -26 -24 -7 29 -29
right_child=1 2 15 4 22 27 9 8 -10 10 -12 12 -14 -15 -16 16 20 -19 -20 -21 -22 -23 24 -25 25 -27 -28 28 -30 -31
leaf_value=0.00012282820669942682 -0.016256580357686644 0.012655489142252903 -0.0049088212205090813 -0.01034637711742346 0.085384804117771107 -0.0076762053782380834 -0.018059322698052091 -0.00057276866303327615 0.078602809998785536 0.016891682469500482 0.00056272985522784361 0.0028090252167231777 -0.011405641072503022 0.0018850048098531108 0.097464975966602627 0.083536195541816335 -0.011603040977709431 0.069205954988625584 -0.03615358696189367 -0.0072852707771045144 -0.031007596611859898 0.050920900939494328 0.095086803651868501 -0.013651734648020162 0.056783678871596348 0.007518386301333062 0.036043701939514582 -0.010500363892838626 -0.0045263810803558456 0.027899395565056159
leaf_weight=28809.114014359657 6.0963708534836796 5.4818695448339003 607.58794302819297 33.597537309397012 3.8705026246607304 294.507835006807 77.256681568920612 5.1170933842659005 7.7730970531702015 73.555420944467187 584.13223045505583 10.391935680061581 25.935644365847111 13.863795948214827 4.1189174726605415 3.1164346067234892 86.346506015397608 3.8655682802200309 5.3058365567121646 6.4195825289934874 47.768531193258241 8.5787224322557432 5.0357257965952149 24.165487026795748 5.9806348346173754 41.571213133633137 9.3573424108326417 18.089972585439682 90.033591421321034 35.931792967021465
leaf_count=214611 46 78 4781 365 31 2985 484 43 51 443 3549 65 159 102 38 52 802 85 142 108 938 52 44 267 44 308 73 134 576 228
internal_value=-3.29571e-05 -0.00212542 -0.00402214 -0.00039879 0.00907297 -0.00294083 0.00107049 0.0268058 0.047172 0.000443925 0.00235317 -0.00926877 0.00379044 0.0211791 0.0490403 -0.00671895 -0.0143553 0.0154624 0.00146489 0.0223958 -0.0185145 0.0245657 0.0163239 2.07338e-05 0.0237026 0.0137145 0.0567012 -0.00423133 0.0028114 0.0150407
internal_weight=30954 2144.85 1346.02 585.606 123.578 462.028 798.837 18.9866 12.8902 779.851 657.688 122.163 44.9063 23.4646 9.60079 760.41 152.822 18.7074 14.8419 9.53602 134.115 18.9707 89.9809 28.036 61.9449 47.5518 14.3931 438.563 144.055 54.0218
internal_count=231684 17073 12181 5273 1132 4141 4892 140 94 4752 3992 760 276 218 116 6908 2127 387 302 160 1740 117 767 298 469 352 117 3923 938 362
cat_boundaries=0 1 2
cat_threshold=2490410 1050664
is_linear=0
shrinkage=0.04


Tree=194
num_leaves=31
num_cat=3
split_feature=15 22 6 6 6 13 0 9 9 34 9 0 6 34 29 1 34 11 11 31 17 7 9 15 33 22 17 15 14 17
split_gain=8.09847 12.2126 8.15303 14.1175 9.37348 9.22601 10.8513 7.80537 10.4706 7.2388 8.26229 7.67349 7.23455 9.37064 7.25907 6.66273 6.61243 6.49045 10.0407 8.3069 16.6413 8.45144 10.4168 11.2193 7.24734 9.22086 8.16259 10.2786 9.0039 6.94882
threshold=0.11700000000000002 0 -0.069999999999999826 -0.079166666666666594 -0.10166666666666611 7.5000000000000009 0.13280727164437708 6.9591666666666692 10.007500000000002 2.5000000000000004 9.1324999999999985 0.12419521978940332 0.068333333333332927 7.5000000000000009 7.4450000000000012 2.5000000000000004 1.5000000000000002 36.500000000000007 42.500000000000007 5.5000000000000009 0.016666666666666653 4.5000000000000009 -6.2041666666666666 0.11050000000000003 1 2 0.16490740740740747 0.1070714285714286 2.3166666666666669 0.25849867724867731
decision_type=8 1 2 2 2 2 10 2 2 2 2 8 2 2 2 2 2 2 2 2 10 2 2 10 1 1 10 10 10 10
left_child=1 -1 3 4 -3 -5 -7 12 9 10 -9 -11 13 14 17 -15 -10 24 -19 21 -21 -20 23 -23 25 -4 -27 29 -29 -28
right_child=-2 2 7 5 -6 6 -8 8 16 11 -12 -13 -14 15 -16 -17 -18 18 19 20 -22 22 -24 -25 -26 26 27 28 -30 -31
leaf_value=0.00063219308800478724 0.00018814330988609472 0.013190155409363394 0.016322565842090041 0.007014763446594045 -0.018206455326967845 0.090160319572178932 0.017473286624496077 -0.010787968086098405 0.0086731511434407476 0.063477003612566196 0.037231944931706104 0.016993152378861291 -0.024412443322154954 0.058117953362178704 0.0069994173384283513 0.0031132064930151668 -0.014318895287495526 -0.018353343942485261 -0.012626710454629066 -0.015056717113024743 0.082967008055696609 0.0027196314185817727 -0.0039497435522341008 0.078065757986654868 -0.0097533154737363664 -0.013068929142881283 0.0067132165097003706 -0.036401589371407368 0.01383725471796517 0.059250533135352668
leaf_weight=1106.719152867794 28803.157521277666 27.543650351464748 41.126999499741942 12.977177895605566 33.989222135394812 6.7085328474640828 6.4414911344647408 23.458224643021826 29.825362725183368 7.509306957013905 7.5871692597866049 23.351854466833178 40.555785638280213 5.7433301284909239 50.362143363803625 9.1161607503890973 60.836751519702375 202.66490963660181 152.91140902042389 6.3933755997568351 4.8908933587372303 6.8686625696718675 41.583891252055764 5.8594342619180679 165.22792962938547 66.640220218338072 7.6415573023259666 9.7646457701921481 13.738605868071316 8.5182047933340055
leaf_count=7463 217008 172 290 86 224 42 44 156 197 44 48 155 335 33 309 71 399 1352 974 66 41 49 281 40 1153 503 51 59 82 50
internal_value=9.98218e-06 -0.00233691 -0.00533636 0.00630744 -0.00415255 0.0309421 0.0545548 -0.00641889 0.00190389 0.014585 0.000947596 0.0283039 -0.00793125 -0.00709475 -0.00769103 0.024373 -0.00675514 -0.00869922 -0.0119404 -0.00599243 0.0274293 -0.0078124 0.00574193 0.0374055 -0.00433311 0.00225034 -0.00412932 0.00984957 -0.00703494 0.0344069
internal_weight=30989.7 2186.56 1079.84 87.6601 61.5329 26.1272 13.15 992.177 152.569 61.9066 31.0454 30.8612 839.608 799.052 784.193 14.8595 90.6621 733.831 421.173 218.508 11.2843 207.223 54.312 12.7281 312.658 147.43 106.303 39.663 23.5033 16.1598
internal_count=231777 14769 7306 568 396 172 86 6738 999 403 204 199 5739 5404 5300 104 596 4991 2803 1451 107 1344 370 89 2188 1035 745 242 141 101
cat_boundaries=0 1 2 3
cat_threshold=15525032 114 6147
is_linear=0
shrinkage=0.04


Tree=195
num_leaves=31
num_cat=4
split_feature=9 15 6 22 22 14 31 3 24 0 14 22 9 15 30 11 30 25 6 23 33 0 3 29 32 6 0 6 3 1
split_gain=6.43138 9.78305 9.45374 11.9139 10.4225 11.9651 13.1735 11.581 10.3235 10.2855 9.66586 10.439 14.1466 15.0493 9.06299 13.0736 13.9312 8.7724 9.23063 8.75543 7.86872 13.6309 9.65679 10.1641 10.6866 10.5887 9.06178 10.6006 16.116 21.6675
threshold=-13.129166666666663 0.22316666666666671 -0.0050000000000003366 0 1 3.8944444444444448 5.5000000000000009 0.09533688994269908 37.300000000000004 0.16207710888145674 3.8819444444444451 2 -15.509166666666667 0.18050000000000005 0.27000000000000096 46.500000000000007 0.38166666666666732 9.2300000000000004 -0.063333333333333894 44.955000000000005 3 0.16350141242937857 0.049896265560165985 5.5950000000000006 4.7550000000000008 -0.034500000000000412 0.15367495623519722 -0.043333333333333439 0.061463961901273019 2.5000000000000004
decision_type=2 10 2 1 1 8 2 8 2 10 10 1 2 10 2 2 2 2 2 2 1 10 10 2 2 2 8 2 10 2
left_child=1 2 3 14 5 6 19 9 -7 -8 -6 12 -12 -14 17 16 -16 18 -1 -4 21 26 23 24 -22 -25 27 -5 29 -29
right_child=-2 -3 4 20 10 8 7 -9 -10 -11 11 -13 13 -15 15 -17 -18 -19 -20 -21 22 -23 -24 25 -26 -27 -28 28 -30 -31
leaf_value=0.03529197367064086 0.00015302160745623479 -0.023857333872772724 0.0088307364921074594 -0.016762477342417453 -0.01248833943823701 -0.0062705261268770195 0.029097747670774651 -0.009742531157867813 -0.045470521118773297 0.12842262210694641 0.0027295348736483061 -0.0065717610590918666 0.020068508608440734 0.11207336847655089 0.074495688232843471 -0.019393174409902299 0.019477209637588703 0.035932044857873768 -0.010472937771841889 -0.0081684817029057007 -0.0028206632439898537 -0.0093826912637937614 -0.011805519646387198 -0.03357806050005073 0.05318567276198808 0.011818402362961434 0.033433582435646279 0.0024656104713147117 -0.0017709464533107427 0.10509432672386904
leaf_weight=8.0541850202716869 29612.463171318639 34.023246990516782 149.70125628076494 20.555097050964832 331.60436784941703 64.595212248852476 3.2121850252151463 3.4294177349656829 12.895072039216755 3.4703053217381239 21.634669131133705 90.242991563398391 7.0596379744820279 4.7642212784849107 8.1747002676129323 12.224071010947226 74.217989578843117 9.7456874735653383 56.646949770860374 71.693933397531509 9.7603901978582162 59.639597501605749 168.99946085177362 13.696784168481825 12.346684772521256 20.562544409185648 29.593282548710704 6.5098303630948049 21.632212734781206 6.6577169485390186
leaf_count=61 220796 427 1138 130 2540 752 39 49 106 51 243 984 70 50 49 74 438 68 499 467 85 473 1198 90 83 129 195 39 139 43
internal_value=3.04845e-05 -0.00268282 -0.00213006 0.00192659 -0.00499097 0.000785812 0.00536512 0.0500125 -0.0127938 0.0806785 -0.00873681 0.00061356 0.0169051 0.0571403 0.0103798 0.0192088 0.0249359 0.00055302 -0.00477599 0.00332592 -0.00215863 0.0049338 -0.00672521 0.00731359 0.0284586 -0.00633098 0.0155658 0.00601348 0.0194665 0.0543563
internal_weight=30949.8 1337.34 1303.32 539.017 764.303 308.997 231.507 10.1119 77.4903 6.68249 455.306 123.702 33.4585 11.8239 169.064 94.6168 82.3927 74.4468 64.7011 221.395 369.954 144.588 225.366 56.3664 22.1071 34.2593 84.9481 55.3549 34.7998 13.1675
internal_count=231505 10709 10282 3793 6489 2602 1744 139 858 90 3887 1347 363 120 1189 561 487 628 560 1605 2604 1019 1585 387 168 219 546 351 221 82
cat_boundaries=0 1 2 3 4
cat_threshold=3670426 584421 4329728 75
is_linear=0
shrinkage=0.04


end of trees

feature_importances:
stadium_code=708
win_rate_all_diff_mean=552
boat_number=451
exhibition_time_diff_mean=346
recent_st_10=252
motor_win_rate_diff_mean=243
recent_top2_10_diff_mean=238
top2_rate_all=232
recent_rank_10=226
course_change_rate=193
player_age=192
top2_rate_local_diff_mean=180
avg_st=175
win_rate_all=169
motor_win_rate=162
boat_win_rate=161
win_rate_local=152
exhibition_time_rank_in_race=135
win_rate_all_rank_in_race=131
exhibition_time=130
race_number=110
top2_rate_local=106
wind_direction=106
recent_top2_10=72
recent_win_10=71
recent_top2_10_rank_in_race=65
motor_win_rate_rank_in_race=64
top2_rate_local_rank_in_race=59
recent_top2_5=52
recent_win_5=52
wave_height=34
wind_speed=33
player_class=23
distance=3
weather=2

parameters:
[boosting: gbdt]
[objective: binary]
[metric: auc,binary_logloss]
[tree_learner: serial]
[device_type: cpu]
[data_sample_strategy: bagging]
[data: ]
[valid: ]
[num_iterations: 1500]
[learning_rate: 0.04]
[num_leaves: 31]
[num_threads: 10]
[seed: 42]
[deterministic: 0]
[force_col_wise: 0]
[force_row_wise: 0]
[histogram_pool_size: -1]
[max_depth: -1]
[min_data_in_leaf: 40]
[min_sum_hessian_in_leaf: 0.001]
[bagging_fraction: 0.8]
[pos_bagging_fraction: 1]
[neg_bagging_fraction: 1]
[bagging_freq: 1]
[bagging_seed: 400]
[bagging_by_query: 0]
[feature_fraction: 0.8]
[feature_fraction_bynode: 1]
[feature_fraction_seed: 30056]
[extra_trees: 0]
[extra_seed: 12879]
[early_stopping_round: 0]
[early_stopping_min_delta: 0]
[first_metric_only: 0]
[max_delta_step: 0]
[lambda_l1: 0]
[lambda_l2: 0]
[linear_lambda: 0]
[min_gain_to_split: 0]
[drop_rate: 0.1]
[max_drop: 50]
[skip_drop: 0.5]
[xgboost_dart_mode: 0]
[uniform_drop: 0]
[drop_seed: 17869]
[top_rate: 0.2]
[other_rate: 0.1]
[min_data_per_group: 100]
[max_cat_threshold: 32]
[cat_l2: 10]
[cat_smooth: 10]
[max_cat_to_onehot: 4]
[top_k: 20]
[monotone_constraints: ]
[monotone_constraints_method: basic]
[monotone_penalty: 0]
[feature_contri: ]
[forcedsplits_filename: ]
[refit_decay_rate: 0.9]
[cegb_tradeoff: 1]
[cegb_penalty_split: 0]
[cegb_penalty_feature_lazy: ]
[cegb_penalty_feature_coupled: ]
[path_smooth: 0]
[interaction_constraints: ]
[verbosity: -1]
[saved_feature_importance_type: 0]
[use_quantized_grad: 0]
[num_grad_quant_bins: 4]
[quant_train_renew_leaf: 0]
[stochastic_rounding: 1]
[linear_tree: 0]
[max_bin: 255]
[max_bin_by_feature: ]
[min_data_in_bin: 3]
[bin_construct_sample_cnt: 200000]
[data_random_seed: 175]
[is_enable_sparse: 1]
[enable_bundle: 1]
[use_missing: 1]
[zero_as_missing: 0]
[feature_pre_filter: 1]
[pre_partition: 0]
[two_round: 0]
[header: 0]
[label_column: ]
[weight_column: ]
[group_column: ]
[ignore_column: ]
[categorical_feature: 12,22,28,33]
[forcedbins_filename: ]
[precise_float_parser: 0]
[parser_config_file: ]
[objective_seed: 16083]
[num_class: 1]
[is_unbalance: 0]
[scale_pos_weight: 1]
[sigmoid: 1]
[boost_from_average: 1]
[reg_sqrt: 0]
[alpha: 0.9]
[fair_c: 1]
[poisson_max_delta_step: 0.7]
[tweedie_variance_power: 1.5]
[lambdarank_truncation_level: 30]
[lambdarank_norm: 1]
[label_gain: ]
[lambdarank_position_bias_regularization: 0]
[eval_at: ]
[multi_error_top_k: 1]
[auc_mu_weights: ]
[num_machines: 1]
[local_listen_port: 12400]
[time_out: 120]
[machine_list_filename: ]
[machines: ]
[gpu_platform_id: -1]
[gpu_device_id: -1]
[gpu_use_dp: 0]
[num_gpu: 1]

end of parameters

pandas_categorical:[["A1", "A2", "B1", "B2"], ["01", "02", "03", "04", "05", "06", "07", "08", "09", "10", "11", "12", "13", "14", "15", "16", "17", "18", "19", "20", "21", "22", "23", "24"], ["\u6674", "\u66c7\u308a", "\u96e8", "\u96ea", "\u9727"], ["\u5317", "\u5317\u6771", "\u5317\u897f", "\u5357", "\u5357\u6771", "\u5357\u897f", "\u6771", "\u7121\u98a8", "\u897f"]]
