tree
version=v4
num_class=1
num_tree_per_iteration=1
label_index=0
max_feature_idx=31
objective=binary sigmoid:1
feature_names=boat_number boat_win_rate distance exhibition_time exhibition_time_diff_mean exhibition_time_rank_in_race motor_win_rate motor_win_rate_diff_mean motor_win_rate_rank_in_race player_age player_class race_number recent_rank_10 recent_top2_10 recent_top2_10_diff_mean recent_top2_10_rank_in_race recent_top2_5 recent_win_10 recent_win_5 stadium_code top2_rate_all top2_rate_local top2_rate_local_diff_mean top2_rate_local_rank_in_race wave_height weather win_rate_all win_rate_all_diff_mean win_rate_all_rank_in_race win_rate_local wind_direction wind_speed
feature_infos=[1:6] [0:100] [1200:1800] [6.3399999999999999:8.2699999999999996] [-0.55333333333333279:0.92166666666666774] [1:6] [0:100] [-50.276666666666664:81.481666666666669] [1:6] [17:77] -1:2:0:1:3 [1:12] [1:6] [0:1] [-0.625:0.83333333333333337] [1:6] [0:1] [0:1] [0:1] -1:11:7:19:14:23:5:1:8:9:16:4:20:0:6:10:2:17:21:22:13:18:3:12:15 [0:100] [0:100] [-60.064999999999998:73.498333333333335] [1:6] [0:20] -1:0:1:2:3 [0:9.1600000000000001] [-5.3883333333333328:4.2366666666666672] [1:6] [0:10] -1:2:3:4:0:5:1:8:6:7 [0:15]
tree_sizes=3390 3538 3488 3516 3535 3545 3496 3553 3537 3538 3561 3530 3523 3520 3512 3546 3525 3523 3557 3512 3532 3550 3538 3501 3536 3554 3495 3501 3505 3491 3522 3546 3512 3525 3485 3540 3529 3546 3507 3529 3549 3543 3525 3518 3565 3527 3539 3544 3549 3516 3525 3534 3502 3494 3491 3504 3531 3510 3498 3505 3486 3481 3497 3500 3475 3509 3506 3505 3513 3514 3487 3470 3480 3483 3493 3498 3486 3479 3465 3502 3515 3527 3502 3513 3473 3467 3487 3512 3495 3501 3540 3473 3487 3533 3511 3503 3461 3466 3504 3462 3489 3495 3516 3475 3465 3500 3474 3491 3473 3484 3477 3502 3516 3502 3467 3455 3486 3506 3476 3513 3504 3457 3477 3472 3473 3521 3463 3514 3461 3448 3450 3511 3505 3482 3500 3459 3463 3488 3481 3448 3479 3470 3424 3472 3430 3492 3480 3496 3487 3503 3485 3438 3451 3501 3487 3426 3454 3450 3447 3493 3457 3441 3487 3455 3517

Tree=0
num_leaves=31
num_cat=7
split_feature=0 27 27 27 26 0 0 0 27 0 0 12 5 4 0 19 5 23 19 26 19 19 0 19 14 26 14 19 19 4
split_gain=1898.44 1995.08 485.699 351.726 195.048 140.195 125.101 73.4207 89.7546 70.6247 49.0002 46.0332 35.3186 32.8081 30.1843 30.0533 30.3278 28.6678 28.3987 26.8599 25.8333 25.6576 25.3882 24.1628 20.9956 20.5128 20.224 19.93 19.318 18.6432
threshold=1.5000000000000002 -0.73166666666666613 -1.9508333333333332 -0.088333333333333583 5.6850000000000014 4.5000000000000009 4.5000000000000009 2.5000000000000004 0.62999999999999934 3.5000000000000004 5.5000000000000009 5.2361111111111116 4.5000000000000009 0.0016666666666664833 5.5000000000000009 0 5.5000000000000009 2.5000000000000004 1 5.9750000000000005 2 3 5.5000000000000009 4 0.083333333333333412 5.1550000000000011 -0.18320105820105811 5 6 -0.076666666666665759
decision_type=2 2 2 2 2 2 2 2 2 2 2 10 2 2 2 1 2 2 1 2 1 1 2 1 10 2 8 1 1 2
left_child=4 2 11 5 25 13 12 19 10 17 -9 24 23 18 -7 -12 -17 -10 -3 -5 26 -16 -8 -4 -2 -1 -15 -11 -14 -24
right_child=1 3 6 7 -6 14 22 8 9 27 15 -13 28 20 21 16 -18 -19 -20 -21 -22 -23 29 -25 -26 -27 -28 -29 -30 -31
leaf_value=-1.604469652152269 -1.6213138900669395 -1.5890358039807162 -1.5984460812834238 -1.5809075540862714 -1.6220434787063436 -1.5935522881545234 -1.6054266611653065 -1.5790607288033611 -1.585392142138198 -1.5767772170771401 -1.5942006890790184 -1.6345855417396118 -1.5954987316848275 -1.5971692976031808 -1.5953828664654077 -1.5779450160781774 -1.6001403280880984 -1.5736393458767195 -1.5782587248687856 -1.5883213529733216 -1.5930909158512121 -1.6073440083215116 -1.5859967083614965 -1.5893431796021986 -1.5615723440737268 -1.611923217345494 -1.5815520471192126 -1.5692730997576925 -1.6073519479109488 -1.6155236188819144
leaf_weight=1823.3695631921291 662.73712754249573 611.48732848465443 843.86655434966087 1603.627274081111 2735.335165604949 1296.970942184329 1041.8452301621437 4484.287212356925 962.37293902039528 974.5886445492506 631.28519606590271 819.99678492546082 373.63209669291973 159.0849926918745 514.18291547894478 551.67249451577663 119.91048875451088 507.02198465168476 1220.3068592101336 1525.8399078398943 1167.2317248433828 685.34320329129696 35.523833319544792 1018.8179231882095 9.5479077696800214 873.91438174247742 799.07563407719135 2923.6255232393742 587.33673824369907 927.97238896787167
leaf_count=12986 4720 4355 6010 11421 19481 9237 7420 31937 6854 6941 4496 5840 2661 1133 3662 3929 854 3611 8691 10867 8313 4881 253 7256 68 6224 5691 20822 4183 6609
internal_value=-1.59294 -1.58861 -1.60828 -1.58261 -1.61452 -1.59036 -1.60212 -1.57911 -1.57759 -1.57386 -1.58104 -1.62822 -1.59669 -1.58568 -1.59778 -1.58787 -1.58207 -1.58134 -1.58175 -1.58452 -1.58906 -1.60236 -1.60975 -1.59348 -1.62047 -1.60688 -1.58424 -1.57105 -1.60292 -1.61443
internal_weight=32491.8 27059.2 6321.28 20737.9 5432.62 6453.68 4828.99 14284.2 11154.8 5367.61 5787.16 1492.28 2823.65 3957.19 2496.5 1302.87 671.583 1469.39 1831.79 3129.47 2125.39 1199.53 2005.34 1862.68 672.285 2697.28 958.161 3898.21 960.969 963.496
internal_count=231406 192715 45020 147695 38691 45963 34392 101732 79444 38228 41216 10628 20110 28183 17780 9279 4783 10465 13046 22288 15137 8543 14282 13266 4788 19210 6824 27763 6844 6862
cat_boundaries=0 1 2 3 4 5 6 7
cat_threshold=11748066 288846 6729504 1641103 1091501 2629646 2279591
is_linear=0
shrinkage=1


Tree=1
num_leaves=31
num_cat=5
split_feature=27 28 27 5 27 5 27 12 28 11 28 21 4 12 26 19 4 19 19 4 26 12 19 7 19 12 27 8 23 4
split_gain=1340.57 290.601 219.661 107.464 49.1514 56.9831 48.1153 47.1383 39.8989 39.3346 36.2461 33.2428 25.2561 20.2558 20.1984 17.5334 17.8364 17.3421 17.0601 19.1506 16.8753 25.797 22.0397 21.5502 18.2614 21.9863 18.165 16.6713 16.2209 16.8387
threshold=-1.2099999999999995 4.5000000000000009 -1.9508333333333332 1.5000000000000002 0.029999999999999586 4.5000000000000009 -0.83499999999999963 4.6125000000000007 4.5000000000000009 8.5000000000000018 1.5000000000000002 41.695000000000007 -0.023333333333332981 3.8166666666666669 1.6150000000000004 0 -0.049999999999999371 1 2 -0.081833333333333411 5.1750000000000007 2.7638888888888893 3 27.417500000000008 4 4.1833333333333345 1.8341666666666667 3.5000000000000004 4.5000000000000009 0.058333333333333133
decision_type=2 2 2 2 2 2 2 8 2 2 2 2 2 8 2 1 2 1 1 2 2 8 1 2 1 10 2 2 2 2
left_child=2 3 7 11 5 28 -3 27 -4 20 -11 -2 -10 -8 -9 16 -13 -7 -12 -20 24 22 23 26 -6 -26 -22 -1 29 -5
right_child=1 6 8 4 9 17 13 14 12 10 18 15 -14 -15 -16 -17 -18 -19 19 -21 21 -23 -24 -25 25 -27 -28 -29 -30 -31
leaf_value=-0.011450536039527707 0.0028008548393042621 -0.0088531010693710475 0.023769758357540697 0.0082826209418252611 0.01812222774542965 0.0021619254824344816 0.00031348259852105159 -0.042413719568999628 -0.0072395607672516814 -0.0005702816416955957 0.00039640183121320168 -0.01329530264784794 -0.017737998659316946 -0.0051347523888664931 -0.032021519318456912 -0.00054658441053748619 -0.0019856902703095222 -0.0059296934500441545 0.068488438592900505 0.0085981542687364361 0.0091757430766290851 0.0070925068308191072 0.0157240219420808 0.076313491993454094 0.012697519314780763 -0.0010290846130464233 -0.0068696945751049376 -0.030630178009125004 0.0022065472397142355 0.047644648820789053
leaf_weight=161.16999953985214 2639.8890347778797 2282.3664633631706 42.874791786074638 1995.2652586996555 708.7916262447834 726.34264409542084 2872.067643404007 695.99949741363525 481.97787682712078 1343.3156571686268 476.877535328269 497.28640103340149 1532.0756252557039 1761.468487650156 524.93576423823833 1064.9955604225397 404.6866719275713 999.33553746342659 8.5736942589282972 2355.7508109360933 593.85515689849854 4820.230508223176 1259.1156125068665 7.0666162669658652 793.3313335031271 244.16150373220444 139.38537552952766 131.81734111905098 916.7279527336359 17.541814684867859
leaf_count=1167 18769 16355 307 14190 5015 5169 20468 5090 3450 9553 3389 3545 10986 12557 3821 7583 2880 7115 61 16713 4203 34173 8900 50 5615 1728 988 955 6522 125
internal_value=0.000198936 0.00305318 -0.0229241 0.00530035 0.0067382 0.00322036 -0.0040993 -0.0344881 -0.0144128 0.00802256 0.00484386 -0.000132148 -0.0152256 -0.0017577 -0.0379456 -0.00406856 -0.00813089 -0.00254574 0.00740366 0.00877821 0.00957538 0.00867697 0.0124968 0.00670499 0.0130839 0.00937675 0.00612559 -0.0200796 0.00661696 0.00862566
internal_weight=32499.3 28928.4 3570.85 22012.5 17405.7 4655.21 6915.9 1513.92 2056.93 12750.5 4184.52 4606.86 2014.05 4633.54 1220.94 1966.97 901.973 1725.68 2841.2 2364.32 8565.94 6819.65 1999.42 740.307 1746.28 1037.49 733.241 292.987 2929.54 2012.81
internal_count=231442 205666 25776 156286 123509 33121 49380 11033 14743 90388 29716 32777 14436 33025 8911 14008 6425 12284 20163 16774 60672 48314 14141 5241 12358 7343 5191 2122 20837 14315
cat_boundaries=0 1 2 3 4 5
cat_threshold=7041360 6384012 11599872 11674371 2508593
is_linear=0
shrinkage=0.04


Tree=2
num_leaves=31
num_cat=11
split_feature=28 20 28 4 10 12 15 29 10 7 4 20 19 28 20 12 19 4 12 11 29 19 5 19 14 19 19 19 19 19
split_gain=1096.51 338.302 150.93 110.26 45.6349 44.896 33.5897 31.6042 29.9041 28.2816 27.7119 28.5348 29.1064 25.5137 25.3512 23.8804 23.1367 22.188 19.6103 23.8737 26.7425 20.2868 19.3937 18.9116 19.2902 18.8649 17.7656 17.1983 16.8828 15.8459
threshold=5.5000000000000009 4.7900000000000009 4.5000000000000009 -0.056666666666666192 0 3.3541666666666674 4.5000000000000009 1.905 1 -4.6333333333333302 -0.026666666666666835 41.545000000000009 2 3.5000000000000004 34.160000000000004 3.7888888888888892 3 0.026666666666666842 3.2361111111111116 10.500000000000002 6.9750000000000005 4 4.5000000000000009 5 -0.14999999999999991 6 7 8 9 10
decision_type=2 2 2 2 1 8 10 2 1 2 2 2 1 2 2 10 1 2 8 2 2 1 2 1 10 1 1 1 1 1
left_child=2 7 3 8 -4 -3 10 -2 -1 -7 11 12 -5 14 16 -6 -12 -11 19 21 -21 -16 23 -15 -25 -8 -17 -10 -22 -13
right_child=1 5 4 6 15 9 25 -9 27 17 13 29 -14 22 18 26 -18 -19 -20 20 28 -23 -24 24 -26 -27 -28 -29 -30 -31
leaf_value=-0.0088265279924232536 -0.040001329188768732 -0.0039220964072169658 -0.016937530871702935 0.012363669063913261 0.00075601694269661584 -0.020897087255021256 -0.0021736835345035465 -0.018863844919118217 -0.0054701724754568437 -0.0094175151690813214 0.0066278556295769619 0.005300586820195954 0.0017019689357498132 0.0020935619300440733 0.0060783960600635338 0.0019777754805954573 0.014962702274023441 -0.018028361259634633 0.0037959437126024167 0.0068427477164207245 -0.015527276602155393 0.011761399941361215 -4.035356910913815e-05 0.030176389006577008 0.0086882402666687546 0.0043340415897839268 -0.0064381907679758286 0.0034525408344882897 0.0020435014135923107 -0.0032909881575499452
leaf_weight=981.90705901384354 927.01745638251305 874.22764214873314 338.65668527781963 755.3324032574892 2552.6867393404245 758.83602967858315 1241.6168647408485 128.91611151397228 536.40348416566849 1605.3156361281872 959.88620562851429 474.67523771524429 907.79755964875221 905.17461781203747 1743.5094240307808 502.5909743309021 1381.5709426701069 682.28540945053101 2308.4660554379225 947.58230102062225 153.11079455912113 2679.0221411883831 1236.0038639754057 71.982246622443199 936.27900923788548 1651.3776101768017 1981.1888503730297 930.68766650557518 189.99995967745781 1170.98611587286
leaf_count=7011 6940 6280 2458 5345 18227 5493 8799 951 3815 11595 6763 3368 6430 6404 12293 3606 9727 4943 16304 6712 1089 18865 8782 511 6623 11697 14217 6609 1350 8317
internal_value=-4.5476e-05 -0.0173248 0.00307715 0.00453547 -0.002936 -0.0119125 0.00552985 -0.0374207 -0.00346928 -0.0142055 0.00621458 0.00293365 0.00662869 0.00701797 0.00797615 -0.00195701 0.011638 -0.0119857 0.00690728 0.00816444 0.00337811 0.00956131 0.00386509 0.00638786 0.0101219 0.00154852 -0.00475318 0.000175237 -0.00619032 -0.000800619
internal_weight=32515.1 4976.6 27538.5 22163.4 5375.12 3920.66 19714.4 1055.93 2449 3046.44 16821.4 3308.79 1663.13 13512.6 10363.1 5036.47 2341.46 2287.6 8021.69 5713.22 1290.69 4422.53 3149.44 1913.44 1008.26 2892.99 2483.78 1467.09 343.111 1645.66
internal_count=231524 36202 195322 156814 38508 28311 139379 7891 17435 22031 118883 23460 11775 95423 73103 36050 16490 16538 56613 40309 9151 31158 22320 13538 7134 20496 17823 10424 2439 11685
cat_boundaries=0 1 2 3 4 5 6 7 8 9 10 11
cat_threshold=8 1 9467661 2136190 6464267 11110337 12927571 8519691 15083682 12911088 2101899
is_linear=0
shrinkage=0.04


Tree=3
num_leaves=31
num_cat=5
split_feature=0 27 27 27 20 0 0 0 27 12 27 0 27 0 0 4 26 19 12 19 23 19 0 20 19 29 20 19 20 4
split_gain=1840.42 1652.21 389.238 343.074 182.652 136.872 122.001 79.897 116.371 47.9693 46.4578 36.8256 33.5609 32.8946 29.4967 27.7057 26.5729 25.6536 25.3074 24.476 22.7082 25.5722 23.5468 22.7113 30.457 21.1256 20.4707 19.9771 19.8931 19.6813
threshold=1.5000000000000002 -0.81916666666666671 -1.9508333333333332 0.029999999999999586 32.720000000000006 4.5000000000000009 5.5000000000000009 3.5000000000000004 0.57083333333333341 5.4365079365079376 1.2636666666666667 4.5000000000000009 -0.36366666666666653 5.5000000000000009 4.5000000000000009 0.028333333333333769 5.955000000000001 0 3.3166666666666669 1 1.5000000000000002 2 2.5000000000000004 38.945000000000007 3 1.7850000000000004 50.82500000000001 4 35.165000000000006 0.018333333333333982
decision_type=2 2 2 2 2 2 2 2 2 10 2 2 2 2 2 2 2 1 8 1 2 1 2 2 1 2 2 1 2 2
left_child=4 2 9 5 -1 12 14 10 11 25 20 -9 -3 19 18 27 -6 -15 -4 29 21 28 23 -22 -25 -2 -14 -13 -5 -7
right_child=1 3 6 7 16 13 -8 8 -10 -11 -12 15 26 17 -16 -17 -18 -19 -20 -21 22 -23 -24 24 -26 -27 -28 -29 -30 -31
leaf_value=-0.011760633634710653 -0.032189581790393482 0.003543910280086732 0.0064743896721233402 0.017255732562034151 -0.022302883842782954 0.01029037078566271 -0.023133817325121826 0.01588900778799968 0.020265548963829715 -0.041975903718179053 0.0025388413159800173 0.023449128907848706 0.010660781882122099 0.0010669643995025939 -0.012003961403655835 -0.00015220218156101136 -0.02972462386233184 -0.010632838442046504 -0.0051426220890689834 -0.0045570206938761086 0.014185261920238421 0.010556478208987126 0.016240810870312265 -0.0056971451286378519 0.010044653574961968 -0.018671089173568783 -0.0065646138211332451 0.0081568429708415088 -0.0082549469253706906 -0.0018916467346130855
leaf_weight=1957.6335604041815 489.13811419904232 2504.300940990448 352.38703441619873 60.34858837723732 1191.3033619970083 495.45853574573994 804.37458443641663 1158.7947162538767 4249.9241487979889 617.09697918593884 1173.6780481338501 153.26165333390236 2641.3963587880135 407.19669489562511 876.53546145558357 612.916080519557 2192.3624624162912 1171.9708289206028 2019.7854288220406 824.15770706534386 917.86200724542141 623.49800419807434 1750.6559882760048 278.58000695705414 629.41092196106911 297.42078760266304 115.20035998523235 1294.8476713448763 257.98032030463219 371.15272241830826
leaf_count=14064 3714 17799 2535 422 8562 3521 5892 8111 29624 4762 8264 1072 18640 2903 6380 4302 15875 8396 14619 5863 6424 4383 12252 1964 4436 2220 814 9091 1819 2645
internal_value=-2.21221e-05 0.0042005 -0.0154739 0.00914958 -0.0214853 0.00290132 -0.009187 0.0131994 0.0159199 -0.0336276 0.00962925 0.010184 0.0068958 -0.00352529 -0.00573379 0.00697638 -0.0271116 -0.00767656 -0.00341691 0.000351963 0.011471 0.0059451 0.0129262 0.00974815 0.0052628 -0.0270778 0.00994092 0.00999357 -0.00331453 0.00501518
internal_weight=32490.6 27149.3 5456.74 21692.6 5341.3 8530.83 4053.08 13161.8 7469.74 1403.66 5692.01 3219.82 5260.9 3269.94 3248.71 2061.03 3383.67 1579.17 2372.17 1690.77 4518.34 941.827 3576.51 1825.85 907.991 786.559 2756.6 1448.11 318.329 866.611
internal_count=231368 192867 40122 152745 38501 60581 29426 92164 52200 10696 39964 22576 37253 23328 23534 14465 24437 11299 17154 12029 31700 6624 25076 12824 6400 5934 19454 10163 2241 6166
cat_boundaries=0 1 2 3 4 5
cat_threshold=1638414 876919 14705170 49497 9217
is_linear=0
shrinkage=0.04


Tree=4
num_leaves=31
num_cat=5
split_feature=0 27 27 27 20 0 0 0 27 0 0 12 20 28 0 19 22 4 28 19 4 4 4 28 20 27 20 19 19 19
split_gain=1752.92 1610.83 399.721 266.988 196.136 147.424 109.711 77.8756 58.1754 54.2532 43.3503 40.3267 37.4931 33.5632 30.1192 29.7814 29.5614 29.1472 28.9669 23.7997 22.9095 22.664 21.6747 21.6557 21.0356 20.8487 28.1956 20.6831 20.3451 19.7328
threshold=1.5000000000000002 -0.7899999999999997 -1.9508333333333332 0.029999999999999586 35.815000000000005 4.5000000000000009 4.5000000000000009 2.5000000000000004 0.53500000000000048 4.5000000000000009 5.5000000000000009 5.2361111111111116 34.160000000000004 4.5000000000000009 5.5000000000000009 0 15.008333333333336 0.0066666666666663774 4.5000000000000009 1 0.018333333333333982 -0.034999999999999691 -0.051666666666666299 1.5000000000000002 24.755000000000006 0.7533333333333333 37.870000000000012 2 3 4
decision_type=2 2 2 2 2 2 2 2 2 2 2 10 2 2 2 1 2 2 2 1 2 2 2 2 2 2 2 1 1 1
left_child=4 2 11 5 24 20 13 12 10 16 -9 -2 -5 -4 28 -12 19 27 -8 -10 -3 -20 -18 -6 -1 26 -11 -15 -7 -16
right_child=1 3 6 7 23 14 18 8 9 25 15 -13 -14 17 29 -17 22 -19 21 -21 -22 -23 -24 -25 -26 -27 -28 -29 -30 -31
leaf_value=-0.0080758196860058959 -0.026085962594383342 0.0097846677851011494 0.01579039006113013 0.014957668990035131 -0.031863099469059179 -0.004284438368286304 0.0062789377294641315 0.012901120096537995 0.0098234288813449158 0.025802649948610965 0.010190941580407609 -0.039847977434091603 0.0043420040154959908 0.0052741990610812627 0.00056753162815095608 -0.0039338677867440741 -0.0044090236615777481 -0.0088956930021085751 -0.0064567935094228084 0.019602064927076567 0.0042158886362925812 -0.019542229500005157 0.010660640503963464 -0.02489903712099829 -0.015684980303610568 0.022659055404267565 0.0084352828976402977 -0.0052948166078168385 0.0045400555365258492 -0.0099322267191953011
leaf_weight=1037.7720795720816 625.36561334133148 3285.8247167170048 138.17548914253712 703.65421102941036 1234.6957519203424 758.13603353500366 85.518903061747551 3269.9146823883057 684.78956340253353 230.79472854733467 466.73215848207474 748.37689715623856 2186.2772264033556 584.123500213027 390.93524979054928 472.54515424370766 176.84476824104786 1190.3796364665031 248.91175198554993 1297.8501147180796 1846.0695225894451 1419.5520866662264 1118.9438480436802 1695.5591101944447 1321.5747952163219 2235.2561710774899 424.96065859496593 580.90742747485638 907.46255841851234 1118.9584160894156
leaf_count=7542 4784 23101 980 4875 9118 5400 617 22697 4737 1591 3259 5931 15348 4213 2787 3324 1244 8663 1830 8971 13057 10496 7763 12463 9557 15371 2938 4204 6443 8068
internal_value=0.000146758 0.00424442 -0.0148273 0.00921327 -0.0209219 0.00358985 -0.00876126 0.0127341 0.0143511 0.0168248 0.0107255 -0.0335831 0.00692676 -0.0033697 -0.00318415 0.00315144 0.0133023 -0.00449368 -0.0164263 0.016373 0.00778144 -0.0175901 0.00860398 -0.0278334 -0.012338 0.0208192 0.0145478 4.10216e-06 0.000524916 -0.0072757
internal_weight=32486.9 27197.3 5621.31 21575.9 5289.6 8307.39 4247.57 13268.6 10378.6 6169.44 4209.19 1373.74 2889.93 2493.59 3175.49 939.277 3278.43 2355.41 1753.98 1982.64 5131.89 1668.46 1295.79 2930.25 2359.35 2891.01 655.755 1165.03 1665.6 1509.89
internal_count=231372 192692 41718 150974 38680 58856 31003 92118 71895 42615 29280 10715 20223 18060 22698 6583 22715 17080 12943 13708 36158 12326 9007 21581 17099 19900 4529 8417 11843 10855
cat_boundaries=0 1 2 3 4 5
cat_threshold=834333 25774 15161952 10722472 1114127
is_linear=0
shrinkage=0.04


Tree=5
num_leaves=31
num_cat=0
split_feature=0 27 27 27 26 0 0 27 0 0 12 22 27 12 5 9 4 26 12 4 4 5 0 6 14 22 6 4 14 4
split_gain=1589.19 1414.96 339.997 258.951 179.787 102.644 97.7982 60.5127 83.1668 55.8529 48.2987 46.452 35.429 28.1793 26.931 25.3291 24.7666 23.7008 22.909 22.8855 22.8193 22.453 19.9083 19.6498 19.0623 18.3317 18.2412 18.0935 16.7702 16.583
threshold=1.5000000000000002 -0.85166666666666624 -1.9508333333333332 -0.23166666666666599 5.7350000000000012 4.5000000000000009 4.5000000000000009 0.27000000000000096 3.5000000000000004 4.5000000000000009 4.9500000000000011 12.240833333333336 0.7533333333333333 3.4722222222222228 4.5000000000000009 39.500000000000007 -0.033333333333333652 5.2350000000000012 4.2361111111111116 0.015000000000000126 -1.0000000180025095e-35 4.5000000000000009 4.5000000000000009 63.735000000000007 0.26679894179894187 -7.5808333333333335 44.865000000000002 -0.0081666666666668757 0.17592592592592599 0.041666666666666526
decision_type=2 2 2 2 2 2 2 2 2 2 10 2 2 8 2 2 2 2 10 2 2 2 2 2 8 2 2 2 10 2
left_child=4 2 10 5 17 29 13 9 11 19 -2 15 21 -4 -11 -9 -13 -1 25 -5 -8 24 -14 -17 -10 -7 -15 -27 -18 -3
right_child=1 3 6 7 -6 18 20 8 12 14 -12 16 22 26 -16 23 28 -19 -20 -21 -22 -23 -24 -25 -26 27 -28 -29 -30 -31
leaf_value=-0.010742236158712835 -0.021582387047544192 0.0064552930467851989 0.0055833462635872791 0.012930786972843684 -0.028033514331659432 -0.0088201171606218775 -0.010780839722700209 0.0083175877213363288 0.013369117866258351 0.0056071431222632293 -0.037939631184148878 -0.0040768253689140582 0.014117087829148771 -0.0071453945722598187 -0.0038142744581958865 0.015672144028894393 0.009391278316509993 -0.018872587665372424 -0.014834333240873472 0.0063737302205047813 -0.020702797281131318 0.0066245752410240945 0.020421231070620948 0.074695050809196403 0.028764963800149049 0.0066629422270678886 0.0069540181365871289 -0.0042918985561137052 0.00012992010904048986 -0.00048037203681872728
leaf_weight=1912.9048335701227 426.7168715596199 2859.0591100603342 422.49878099560738 2254.4743802398443 2494.1874319761992 752.48008394241333 612.37754249572754 1469.7688189297915 1571.2397413849831 1378.3097080290318 893.79333616793156 487.91956761479378 1236.2117513269186 1648.4548635035753 749.37941494584084 1212.6953935921192 957.97738093137741 819.41014529764652 376.720324203372 1368.6905521899462 940.42662754654884 833.63865606486797 2279.2361461818218 9.0924695879220945 140.15076068043709 358.27120074629784 161.16931429505348 738.41121323406696 464.52074298262596 683.4261579066515
leaf_count=13966 3311 20110 3042 15607 18756 5421 4557 10165 10816 9679 7234 3439 8434 12011 5300 8382 6660 6042 2722 9506 7048 5745 15447 63 964 2571 1171 5315 3230 4849
internal_value=-6.22573e-05 0.00380802 -0.015178 0.00817793 -0.0202686 0.000887662 -0.0090809 0.0107401 0.0125238 0.00743295 -0.0326539 0.00846972 0.0156022 -0.00371804 0.00228889 0.0118555 0.00369962 -0.0131805 -0.00584371 0.0104538 -0.0167899 0.0120077 0.0182044 0.0161114 0.0146299 -0.00401209 -0.00588967 -0.000713101 0.00636696 0.00511725
internal_weight=32513.6 27287.1 5105.44 22181.7 5226.5 5768.37 3784.93 16413.3 10662.5 5750.85 1320.51 4601.97 6060.48 2232.12 2127.69 2691.56 1910.42 2732.31 2225.88 3623.16 1552.8 2545.03 3515.45 1221.79 1711.39 1849.16 1809.62 1096.68 1422.5 3542.49
internal_count=231563 192799 38374 154425 38764 40988 27829 113437 73345 40092 10545 31939 41406 16224 14979 18610 13329 20008 16029 25113 11605 17525 23881 8445 11780 13307 13182 7886 9890 24959
is_linear=0
shrinkage=0.04


Tree=6
num_leaves=31
num_cat=6
split_feature=0 27 27 27 20 0 0 0 27 0 12 0 5 19 27 5 7 19 20 28 28 22 0 19 19 19 28 19 0 28
split_gain=1518.31 1373.11 318.904 281.008 171.615 106.421 95.6806 56.75 55.2317 47.313 43.4798 36.4972 35.0175 32.0909 32.0146 27.4017 26.0614 26.0017 24.4725 22.915 22.7463 21.6974 21.2655 21.0712 20.6942 20.4 20.3109 20.3076 19.899 19.0698
threshold=1.5000000000000002 -0.90083333333333282 -1.9508333333333332 -0.088333333333333583 35.815000000000005 4.5000000000000009 4.5000000000000009 2.5000000000000004 0.43666666666666681 4.5000000000000009 5.4365079365079376 4.5000000000000009 4.5000000000000009 0 1.4708333333333334 5.5000000000000009 5.2455000000000025 1 25.100000000000005 4.5000000000000009 1.5000000000000002 23.085833333333337 5.5000000000000009 2 3 4 1.5000000000000002 5 5.5000000000000009 4.5000000000000009
decision_type=2 2 2 2 2 2 2 2 2 2 10 2 2 1 2 2 2 1 2 2 2 2 2 1 1 1 2 1 2 2
left_child=4 2 10 5 24 13 15 18 9 17 29 20 25 -3 -13 19 22 -9 -5 -4 -10 27 -7 -16 -1 -11 -6 -14 -8 -2
right_child=1 3 6 7 26 16 28 8 11 12 -12 14 21 -15 23 -17 -18 -19 -20 -21 -22 -23 -24 -25 -26 -27 -28 -29 -30 -31
leaf_value=-0.0073429894130021024 0.044066071477963709 0.010527633273995127 0.0200185608770901 0.018738132472205519 -0.030430594448734718 -0.002515851224859257 -0.012796316744712866 0.0081463208924989778 0.0085219031087858509 0.014240256830974825 -0.040800459848738674 0.015531352851319744 -0.012165737870124448 0.0032900692809655586 0.012488206104337334 -0.014274993251540555 0.0031876184025177866 0.016668259215007544 0.0054551995616757701 -0.0026928013257167677 0.014796742587585284 0.032723648491983399 -0.010134005977639571 0.029023737774453967 -0.015231907029344585 0.0042523547730150511 -0.023578858751530755 0.0016305518231740919 -0.022287114049101872 -0.026706538462693438
leaf_weight=1035.832638040185 6.1423567011952391 1388.0658279210329 74.343421936035156 239.74069264531136 1200.2456083148718 1232.311146363616 744.35551011562347 1144.4306912571192 1684.8376643210649 561.15677969157696 570.41242857277393 2500.664262548089 267.84651160240173 3397.9004639387131 226.54252715408802 331.26920069754124 601.9814705401659 1318.4789612591267 2986.7555201947689 1619.7331861555576 2047.749869197607 27.135890260338783 1118.2953442782164 559.48732426762581 1273.7754198908806 836.94552458822727 1635.4456784129143 442.34565092623234 673.08349004387856 738.01009380072355
leaf_count=7634 48 9714 522 1638 9232 8835 5594 7830 11533 3878 4792 16861 1881 23846 1518 2443 4345 9024 20707 11803 13932 190 8144 3743 9389 5810 12443 3100 5127 5906
internal_value=4.76819e-05 0.00379915 -0.0157315 0.00791356 -0.0198861 0.0017337 -0.00933208 0.0111353 0.0124386 0.0090311 -0.0324914 0.0146709 0.00467366 0.00541804 0.0177447 -0.00375355 -0.0042384 0.0128092 0.00644217 -0.00169613 0.0119644 -0.00237974 -0.00614017 0.0247861 -0.0117916 0.00839347 -0.026479 -0.00372101 -0.0173031 -0.0261224
internal_weight=32485.3 27340 4757.35 22582.7 5145.3 7738.55 3442.78 14844.1 11617.6 4598.34 1314.56 7019.28 2135.43 4785.97 3286.69 2025.35 2952.59 2462.91 3226.5 1694.08 3732.59 737.328 2350.61 786.03 2309.61 1398.1 2835.69 710.192 1417.44 744.152
internal_count=231462 192764 36235 156529 38698 54884 25489 101645 79300 31713 10746 47587 14859 33560 22122 14768 21324 16854 22345 12325 25465 5171 16979 5261 17023 9688 21675 4981 10721 5954
cat_boundaries=0 1 2 3 4 5 6
cat_threshold=12748064 5269414 794956 5780842 1892501 9162882
is_linear=0
shrinkage=0.04


Tree=7
num_leaves=31
num_cat=3
split_feature=0 28 26 28 0 26 0 0 12 12 29 22 4 12 20 0 5 19 4 14 29 23 4 19 19 4 9 0 6 12
split_gain=1424.69 1153.59 288.764 273.205 161.339 156.197 72.9693 68.0393 45.3118 40.4275 35.7678 35.4377 34.5157 33.2877 29.3879 27.1048 25.9982 26.0377 25.9282 21.3077 21.08 19.7128 19.1434 18.6964 18.1231 17.6764 17.2619 17.6372 17.2349 17.2126
threshold=1.5000000000000002 5.5000000000000009 2.7250000000000005 3.5000000000000004 4.5000000000000009 5.7550000000000008 5.5000000000000009 3.5000000000000004 3.3166666666666669 4.5277777777777786 5.0050000000000008 10.143333333333334 0.038333333333332671 5.4142857142857155 28.820000000000004 5.5000000000000009 4.5000000000000009 0 -0.033333333333332764 0.16679894179894186 4.1050000000000013 3.5000000000000004 0.031833333333333165 1 2 -0.036666666666667506 30.500000000000004 2.5000000000000004 26.955000000000002 4.1833333333333345
decision_type=2 2 2 2 2 2 2 2 8 10 2 2 2 10 2 2 2 1 2 8 2 2 2 1 1 2 2 2 2 10
left_child=5 3 13 7 9 14 8 11 23 16 15 26 19 20 -1 -6 17 -5 -13 21 -3 -9 24 -4 -10 -12 27 -2 -18 -23
right_child=1 2 6 4 10 -7 -8 12 22 -11 25 18 -14 -15 -16 -17 28 -19 -20 -21 -22 29 -24 -25 -26 -27 -28 -29 -30 -31
leaf_value=-0.0090465207191051476 -0.00099765672875809161 -0.027931461245082577 -0.0050280449225558847 0.0034405547771389922 -0.0041337767908530727 -0.027018968867443618 -0.021139052398693962 0.014726211499392412 -0.00041988086106141208 -0.0039328798420784246 0.011103624167183506 -0.0032123613251248107 0.0078867688776837492 -0.040803168293546584 -0.017410704583266351 -0.013344670080390472 -0.004623484804075071 0.011032541428363745 0.006211419780310431 0.017886358134084585 0.020420153581095148 0.01032915336823359 -0.015494839213505775 0.0092389673601751925 -0.0099629521376253562 -0.0018500090216051431 0.011684665985345417 0.011043950633805621 0.0050812063294562275 -0.0051151350849210717
leaf_weight=1440.925358787179 397.65909419953823 530.7753217369318 245.79999032616615 1041.8820525929332 1126.4753009527922 2369.9172572046518 682.04092275351286 2913.8789055943489 485.10228920727968 600.99220414459705 195.12327176332474 627.34705190360546 1580.9076948910952 513.97970424592495 1259.6880246698856 935.81606295704842 379.19666098058224 2605.0546128451824 1829.1535723358393 2016.6803376078606 14.829806782305239 1189.9822508692741 570.28629382699728 341.32047440111637 966.70783448964357 1237.6563024371862 2598.4492495954037 381.15642003715038 1285.0406382903457 127.86578562855721
leaf_count=10684 2736 4329 1767 7251 8160 18508 5234 19682 3571 4293 1390 4391 10736 4441 9466 6923 2668 18075 12572 13480 117 8098 4275 2454 7140 8872 17728 2584 9035 879
internal_value=-4.63202e-05 0.00355547 -0.0153368 0.00711836 0.00187245 -0.0195246 -0.00948978 0.0107303 -0.0064447 0.00590012 -0.00494063 0.00746021 0.0131668 -0.0334985 -0.012948 -0.00831345 0.00701278 0.0089033 0.00380475 0.0145027 -0.0266172 0.0128902 -0.00928505 0.00333776 -0.00684578 -8.59168e-05 0.0101191 0.00489557 0.00286999 0.00883065
internal_weight=32491.7 27421.2 4350.84 23070.3 9407.24 5070.53 3291.26 13663.1 2609.22 5912.17 3495.07 5833.77 7829.31 1059.58 2700.61 2062.29 5311.17 3646.94 2456.5 6248.41 545.605 4231.73 2022.1 587.12 1451.81 1432.78 3377.26 778.816 1664.24 1317.85
internal_count=231539 192881 33328 159553 66667 38658 24441 92886 19207 41322 25345 40011 52875 8887 20150 15083 37029 25326 16963 42139 4446 28659 14986 4221 10711 10262 23048 5320 11703 8977
cat_boundaries=0 1 2 3
cat_threshold=303239 8462943 10969152
is_linear=0
shrinkage=0.04


Tree=8
num_leaves=31
num_cat=4
split_feature=0 27 27 27 0 20 0 0 27 27 0 29 0 4 19 22 19 19 27 5 7 9 4 19 22 28 27 22 20 28
split_gain=1322.99 1197.55 369.169 163.742 163.328 152.793 56.7833 51.5184 45.0254 37.4715 39.2525 32.9254 31.0717 31.0345 29.3464 28.8945 25.2959 24.7842 22.4042 22.0872 21.9755 21.9202 21.2028 27.2704 22.4437 20.2466 22.4124 19.7805 19.7062 19.6433
threshold=1.5000000000000002 -1.2099999999999995 0.029999999999999586 -2.4324999999999988 4.5000000000000009 35.815000000000005 5.5000000000000009 2.5000000000000004 -0.53366666666666684 0.62999999999999934 4.5000000000000009 2.0050000000000003 5.5000000000000009 0.016666666666667055 0 15.008333333333336 1 2 -1.7116666666666664 5.5000000000000009 -1.7333333333333287 30.500000000000004 0.0081666666666668792 3 15.958333333333336 2.5000000000000004 0.30999999999999989 -3.4408333333333334 24.755000000000006 5.5000000000000009
decision_type=2 2 2 2 2 2 2 2 2 2 2 2 2 2 1 2 1 1 2 2 2 2 2 1 2 2 2 2 2 2
left_child=5 3 4 11 13 28 18 25 16 12 15 -2 -9 29 27 17 20 -11 -5 -16 -6 -18 -10 24 -24 -4 -27 -14 -1 -3
right_child=1 2 7 6 8 -7 -8 9 22 10 -12 -13 14 -15 19 -17 21 -19 -20 -21 -22 -23 23 -25 -26 26 -28 -29 -30 -31
leaf_value=-0.0071086073207744698 -0.038098642661694444 0.0080174864788787777 0.003550425010590236 -0.017882865094055275 -0.024311290521394562 -0.02536308060951872 -0.026482419659464639 0.011166961629954586 0.0022466583947982465 0.008850429230920628 0.017710962751129534 -0.0093497256938859415 -0.015475910111448554 0.0012013098581202938 0.013346783878404624 0.0064382995671117774 0.0038046612960105858 0.018779625902914338 -0.0079575082094719037 -0.0074364817323792414 -0.010261902936025451 -0.0094724141151714212 0.0022782853033379838 -0.0089448908318898214 0.04986903606355951 0.0049237296983863131 0.016500886740414743 0.0016293071873887573 -0.014615401414258164 0.00051707690668268834
leaf_weight=1002.0807887464762 751.2536431029439 3486.870872631669 1875.9888598918915 535.79523047059774 306.43239369243383 2715.5821147933602 502.18684224039316 3860.4500526338816 1100.7488130480051 810.41853134334087 2722.2864011526108 69.648575969040394 154.08203074336052 2538.2350000143051 479.08178892731667 1251.9811997413635 266.21092550456524 956.33966828882694 1134.0651444196701 98.664372324943542 425.45537877082825 787.53868764638901 298.09131936728954 891.80354765057564 16.745789349079132 561.48058344423771 511.08675268292427 363.00118248164654 1266.8985683768988 665.27646757662296
leaf_count=7481 6564 24089 12945 4215 2298 21524 4021 26036 7854 5431 17870 569 1071 17924 3249 8495 1990 6384 8433 689 3179 5870 2140 6437 120 3822 3486 2511 9518 4768
internal_value=-5.15872e-06 0.00344069 0.00636664 -0.0204407 0.000835269 -0.0189616 -0.0146889 0.010738 -0.00545857 0.0120285 0.014228 -0.0356595 0.00948016 0.0046857 0.00353239 0.0110871 -0.0102276 0.0143815 -0.0111422 0.00963083 -0.0159266 -0.00606068 -0.00176793 -0.0054302 0.00466152 0.0060567 0.0104403 -0.00340197 -0.0113001 0.00681574
internal_weight=32405.8 27421.2 24428.3 2992.95 10783.4 4984.56 2172.05 13644.9 4093.03 10696.3 5741.03 820.902 4955.28 6690.38 1094.83 3018.74 1785.64 1766.76 1669.86 577.746 731.888 1053.75 2307.39 1206.64 314.837 2948.56 1072.57 517.083 2268.98 4152.15
internal_count=230983 192460 168658 23802 76669 38523 16669 91989 29888 71736 38180 7133 33556 46781 7520 20310 13337 11815 12648 3938 5477 7860 16551 8697 2260 20253 7308 3582 16999 28857
cat_boundaries=0 1 2 3 4
cat_threshold=14893794 10933536 1221310 8350
is_linear=0
shrinkage=0.04


Tree=9
num_leaves=31
num_cat=4
split_feature=0 27 27 27 26 0 27 0 28 0 0 27 29 0 28 28 8 19 7 19 14 12 19 19 28 21 14 27 14 8
split_gain=1197.22 1050.54 328.079 162.276 137.286 109.835 53.902 68.3827 50.5787 49.178 45.9143 37.7198 31.9625 25.0216 24.924 23.753 22.9891 24.3136 21.6319 21.4765 21.4026 20.8702 20.8566 19.6368 18.6419 18.6044 18.4339 18.3496 18.4538 17.406
threshold=1.5000000000000002 -1.2099999999999995 -0.24083333333333365 -2.4324999999999988 5.6750000000000007 4.5000000000000009 0.36166666666666686 3.5000000000000004 1.5000000000000002 5.5000000000000009 5.5000000000000009 0.74000000000000055 2.1650000000000005 5.5000000000000009 4.5000000000000009 4.5000000000000009 5.5000000000000009 0 -5.6859999999999973 1 0.37981481481481488 3.4722222222222228 2 3 1.5000000000000002 36.390000000000008 -0.072222222222222146 -1.7116666666666664 0.066732804232804269 1.5000000000000002
decision_type=2 2 2 2 2 2 2 2 2 2 2 2 2 2 2 2 2 1 2 1 10 8 1 1 2 2 8 2 10 2
left_child=4 3 5 12 25 16 9 8 20 -4 15 -9 -2 14 21 -5 17 -3 -15 -20 -8 -7 -13 -11 -6 -1 -25 28 -17 -10
right_child=1 2 6 10 24 13 7 11 29 23 -12 22 -14 18 -16 27 -18 -19 19 -21 -22 -23 -24 26 -26 -27 -28 -29 -30 -31
leaf_value=-0.0098564681673888113 -0.037052083009015378 0.010011447537167904 0.0078150815791403396 0.023061092137184085 -0.028872132593104116 0.01654916787407909 0.0030261140897863189 0.0092896026299820623 0.0038979268691445999 -0.0064676202660917696 -0.024488569618658956 0.019217988873762946 -0.0074252697368934707 -0.021113842582834864 -0.0067922232809673336 -0.01846667845751418 -0.0040265388280469857 0.0023132482673604766 -0.00036152306596209108 -0.012372650536713801 -0.013889712587291403 -0.001860836611446196 0.012791057802120922 -0.0065298138737322391 -0.021826740144777299 -0.018174197366560028 0.0081841321683834532 -0.0082677277115017506 0.03285404832846775 0.01229771495450222
leaf_weight=1954.8268196135759 739.78038083016872 822.0133672952652 5768.7457181811333 33.071026086807251 1105.0156889036298 150.32723534107208 1604.6597398668528 1996.6820461452007 490.92884835600853 561.44895252585411 484.51964412629604 1865.5498799979687 63.243558153510094 273.08315204828978 1116.3185365200043 513.09283886104822 682.67323058843613 3219.356045871973 361.58839958906174 736.5697778314352 129.31863339245319 285.89855742454529 1845.9720368534327 195.25966183841228 1317.1468388214707 551.68065390735865 450.64455299079418 1110.6789789125323 11.460800178349016 2013.9904778301716
leaf_count=14782 6643 5757 39231 233 9011 1073 11005 13317 3319 3984 3952 12147 519 2061 8248 4098 4816 22647 2698 5540 893 2054 12076 1372 10586 4221 3136 8316 87 13599
internal_value=-9.39745e-05 0.00315681 0.00586712 -0.0193731 -0.0182498 -0.00100847 0.00897429 0.0108648 0.00701616 0.00627864 -0.013649 0.0137228 -0.0347188 -0.00710166 -0.00362405 -0.0105009 0.00276271 0.00390956 -0.0110391 -0.00853373 0.00176455 0.00448341 0.0161077 -0.00106248 -0.0250409 -0.0116872 0.00367908 -0.0111797 -0.0173454 0.0106515
internal_weight=32455.5 27526.9 24571 2955.85 4928.67 7647.83 16923.2 9947.1 4238.9 6976.1 2152.82 5708.2 803.024 2923.79 1552.54 1668.3 4724.04 4041.37 1371.24 1098.16 1733.98 436.226 3711.52 1207.35 2422.16 2506.51 645.904 1635.23 524.554 2504.92
internal_count=231421 192821 168973 23848 38600 54894 114079 66356 28816 47723 16686 37540 7162 21674 11375 12734 33220 28404 10299 8238 11898 3127 24223 8492 19597 19003 4508 12501 4185 16918
cat_boundaries=0 1 2 3 4
cat_threshold=165632 1613870 8888208 14861026
is_linear=0
shrinkage=0.04


Tree=10
num_leaves=31
num_cat=1
split_feature=0 27 27 27 26 0 0 27 0 0 28 27 5 28 12 12 20 29 5 27 12 20 28 4 30 22 20 26 8 20
split_gain=1149.22 993.204 308.581 156.765 147.313 103.16 52.3096 43.9698 65.0594 50.1238 48.9722 35.1323 29.7888 27.1508 26.2779 25.3956 23.9735 23.1783 19.4706 17.9479 17.9334 17.2474 16.9318 16.3613 17.0847 17.3875 15.8946 15.8258 15.7982 17.5407
threshold=1.5000000000000002 -1.2363333333333328 -0.23166666666666599 -2.4324999999999988 5.6750000000000007 4.5000000000000009 5.5000000000000009 0.36166666666666686 3.5000000000000004 4.5000000000000009 1.5000000000000002 0.7533333333333333 4.5000000000000009 4.5000000000000009 4.1055555555555561 3.7888888888888892 34.160000000000004 2.1650000000000005 4.5000000000000009 -1.0483333333333333 2.5634920634920637 30.450000000000003 1.5000000000000002 0.018333333333333982 0 5.546666666666666 39.255000000000003 7.0250000000000012 5.5000000000000009 19.110000000000003
decision_type=2 2 2 2 2 2 2 2 2 2 2 2 2 2 8 10 2 2 2 2 10 2 2 2 1 2 2 2 2 2
left_child=4 3 5 17 21 15 13 9 10 23 -9 26 -11 -5 19 -3 -12 -2 -15 -7 -21 -1 -6 24 25 -4 -10 -26 29 -17
right_child=1 2 7 6 22 14 -8 8 11 12 16 -13 -14 18 -16 28 -18 -19 -20 20 -22 -23 -24 -25 27 -27 -28 -29 -30 -31
leaf_value=-0.0086722804452486375 -0.036590198851541196 0.0055178407059625172 0.020843494899031114 0.029101813095232233 -0.028775795682645367 -0.015456246948849759 -0.025292144060305999 0.0015124890487091126 0.012759077217850513 0.0048924187132659645 0.016888156117510652 0.015498409122227908 -0.0042985429526734304 -0.0074784541320906672 -0.013032972347500043 0.0063002595639555436 0.0079315149729750328 -0.010778685391597232 -0.016953236924269335 0.011651693203907946 -0.0042764677575390219 -0.015568038518939243 -0.021998017968026203 0.0053926911693027218 0.0096156492197485757 0.007364385004055291 0.0057381404011891306 -0.0043893117802668771 -0.0081718495593555603 -0.0015819287918203389
leaf_weight=1596.5327161997557 723.80096903443336 2501.6671678572893 462.6979752779007 27.851857379078865 1079.2528722658753 215.93855980038643 467.18545973300934 1751.7241177707911 962.26923979818821 1632.53736358881 643.17926575243473 3698.1509040892124 862.21256487071514 1005.6093579828739 781.39929651468992 683.14110895991325 1863.4764054268599 60.301388047635555 529.88229832053185 120.34436749666929 1878.0910503566265 911.75984152406454 1300.1556144431233 1477.2693667709827 2072.6880753487349 228.85694076120853 1112.2344175726175 137.67354126274586 345.25069046020508 1333.4897554963827
leaf_count=12086 6681 17437 3104 194 8985 1683 3882 12006 6361 11249 4262 23893 6077 7710 5896 4863 12555 497 4130 879 13866 7087 10614 10008 13909 1536 7385 929 2460 9391
internal_value=-6.60494e-05 0.0031021 0.00566121 -0.019414 -0.0179424 -0.000887353 -0.0135478 0.00870572 0.0103944 0.00624138 0.00664379 0.0131612 0.00171592 -0.0100382 -0.00672646 0.00270933 0.0102297 -0.0346052 -0.0107481 -0.00450104 -0.00331729 -0.0111789 -0.0250723 0.00881946 0.0105639 0.0161493 0.00899484 0.00870396 -0.000265405 0.00108819
internal_weight=32466.6 27578.9 24764.3 2814.63 4887.7 7859.32 2030.53 16905 10031 6873.94 4258.38 5772.65 2494.75 1563.34 2995.77 4863.55 2506.66 784.102 1535.49 2214.37 1998.44 2508.29 2379.41 4379.19 2901.92 691.555 2074.5 2210.36 2361.88 2016.63
internal_count=231615 192843 169749 23094 38772 56475 15916 113274 66462 46812 28823 37639 17326 12034 22324 34151 16817 7178 11840 16428 14745 19173 19599 29486 19478 4640 13746 14838 16714 14254
cat_boundaries=0 1
cat_threshold=33
is_linear=0
shrinkage=0.04


Tree=11
num_leaves=31
num_cat=0
split_feature=0 27 27 27 26 0 0 12 0 5 5 27 0 0 28 27 28 14 9 22 7 9 5 11 27 21 28 12 28 15
split_gain=1072.25 956.64 247.699 156.405 150.716 83.1152 67.142 42.9277 41.6206 37.3768 33.8436 30.0437 28.2856 27.5683 26.747 26.1121 21.8718 20.7131 20.2101 19.3356 19.3331 18.7557 16.1363 16.1005 16.4732 15.7466 15.7244 15.5287 15.3713 16.9539
threshold=1.5000000000000002 -0.90083333333333282 -1.9508333333333332 0.029999999999999586 5.4050000000000011 5.5000000000000009 5.5000000000000009 5.4365079365079376 2.5000000000000004 3.5000000000000004 4.5000000000000009 0.62999999999999934 5.5000000000000009 4.5000000000000009 4.5000000000000009 1.5536666666666668 1.5000000000000002 -0.15912698412698409 34.500000000000007 12.240833333333336 5.140833333333334 46.500000000000007 1.5000000000000002 7.5000000000000009 -0.70333333333333259 26.300000000000004 4.5000000000000009 3.8166666666666669 4.5000000000000009 3.5000000000000004
decision_type=2 2 2 2 2 2 2 10 2 2 2 2 2 2 2 2 2 10 2 2 2 2 2 2 2 2 2 10 2 8
left_child=4 2 7 5 25 9 10 26 18 23 14 12 -10 15 -4 -13 -6 -15 -5 -20 -7 -19 -21 -3 -25 -1 -2 -11 29 -8
right_child=1 3 6 8 16 20 28 -9 11 27 -12 13 -14 17 -16 -17 -18 21 19 22 -22 -23 -24 24 -26 -27 -28 -29 -30 -31
leaf_value=-0.006092983547027077 0.046642934228358544 0.0044401716251063188 0.019946183804052935 -0.0003878519889769698 -0.027804297965997257 -0.0082274147045828545 0.054705014060871297 -0.038762707660321728 0.0093971610510112501 0.0031661481563588141 -0.011691157845871401 0.01146074989844984 0.0021618409140113778 -0.0030247686491570967 -0.0034075634294091213 0.002802908534777391 -0.02057221175784248 0.017250986173847394 0.0098533395060297745 -0.0087258860543263702 0.0025254047692782259 0.0090788731837541867 0.0049864380885881274 0.00017528517520298351 0.01135053043588647 -0.013108048044965797 -0.023739008309809854 -0.0021089576878082221 -0.02128303931679898 -0.014859599378344454
leaf_weight=1139.4874583408237 5.1180700734257689 2046.1234818100929 82.326478242874146 869.29585003852844 1126.5470241159201 1286.5533645674586 9.0173992514610308 492.2252247557044 3976.1226874291897 2394.4536578804255 948.04228994250298 2348.1997466832399 1104.7006047070026 99.685931861400604 1673.4212600588799 730.84284634888172 1647.6605860814452 2146.5406925231218 1308.0735616236925 176.44277995824814 337.76951687037945 568.32089807093143 619.10116636753082 247.21024239063263 1442.8134218752384 929.66080278903246 664.0772859826684 1423.8150267004967 611.21873906999826 14.814850881695746
leaf_count=8701 40 14092 568 5907 9545 9535 69 4738 26358 16710 7218 15443 7532 640 12434 4872 13532 13682 8797 1231 2476 3621 4220 1753 9884 7146 5814 10069 4992 114
internal_value=-5.48483e-05 0.0029887 -0.0138848 0.00627223 -0.0174152 0.00221725 -0.00835001 -0.0297961 0.00894081 0.00398225 -0.00560099 0.0100781 0.00782402 0.0120213 -0.00231251 0.00940572 -0.023509 0.0148827 0.00474256 0.00686265 -0.00599142 0.0155403 0.0019452 0.0068266 0.00971586 -0.00924483 -0.0232007 0.00119909 -0.0200542 0.0114615
internal_weight=32469.7 27626.3 4500.26 23126.1 4843.36 9178.74 3338.84 1161.42 13947.3 7554.42 2703.79 10974.4 5080.82 5893.59 1755.75 3079.04 2774.21 2814.55 2972.91 2103.62 1624.32 2714.86 795.544 3736.15 1690.02 2069.15 669.195 3818.27 635.051 23.8323
internal_count=231733 192809 35987 156822 38924 64519 25395 10592 92303 52508 20220 72148 33890 38258 13002 20315 23077 17943 20155 14248 12011 17303 5451 25729 11637 15847 5854 26779 5175 183
is_linear=0
shrinkage=0.04


Tree=12
num_leaves=31
num_cat=6
split_feature=27 28 26 5 27 29 28 20 8 14 28 5 20 27 28 19 19 11 19 27 20 23 11 29 14 19 19 27 30 27
split_gain=670.829 183.092 79.301 50.493 47.88 34.5904 29.7252 27.4195 22.9338 22.3467 20.4616 19.3112 19.0885 20.551 19.887 18.0785 17.875 17.8686 22.0174 17.3451 16.8933 15.9208 15.5838 15.2294 14.3711 14.2729 14.0362 15.0668 14.9123 13.6316
threshold=-1.5999999999999992 4.5000000000000009 1.6150000000000004 1.5000000000000002 -0.7899999999999997 2.1650000000000005 4.5000000000000009 31.935000000000006 5.5000000000000009 -0.15737433862433856 4.5000000000000009 4.5000000000000009 26.885000000000002 0.18833333333333371 3.5000000000000004 0 1 7.5000000000000009 2 -2.5758333333333323 34.160000000000004 5.5000000000000009 7.5000000000000009 7.1350000000000007 0.10787037037037038 3 4 -1.1583333333333337 5 -1.0683333333333338
decision_type=2 2 2 2 2 2 2 2 2 8 2 2 2 2 2 1 1 2 1 2 2 2 2 2 10 1 1 2 1 2
left_child=2 3 5 7 8 10 -4 25 11 26 -1 -3 13 21 20 -10 -9 18 -16 -8 -14 29 -18 -24 -21 -2 28 -28 -5 -11
right_child=1 4 6 9 -6 -7 19 16 15 12 -12 -13 14 -15 17 -17 22 -19 -20 24 -22 -23 23 -25 -26 -27 27 -29 -30 -31
leaf_value=0.035509343596604188 -0.00030632701091947866 -0.003558772283390358 0.042099676659979456 0.0046607699504083566 -0.00086430903897159468 0.017470335888831089 -0.029689996871101094 -0.0061305435922791073 -0.0021938241758919642 0.035408222639619479 -0.039592219009524969 -0.01009570227922397 0.0082779490022323165 0.014131786690698396 0.0053096253477778075 -0.018969737571187157 0.0028990884637575109 0.0041284464240241604 -0.0063943036785821137 -0.01742469459610298 0.0041312983879042923 -0.0079251597220881525 -0.0016382264795014429 -0.014821314697741537 0.024261344149826339 0.0092875133895733292 0.054669228036402784 0.0024776404939159317 -0.0080459657792764892 0.0063235326791275769
leaf_weight=5.8709712922573081 432.84382119774818 2152.821030177176 12.864592306315897 201.60493461042643 4289.6044923737645 18.128233350813389 202.96177785843611 1184.38159263134 155.6291880235076 26.233927309513092 512.33116819709539 1088.7563762739301 1875.6273255497217 640.37115621566772 368.12914694100618 393.06167189031839 1270.1999047398567 1262.3874965906143 804.49912647157907 988.35372609645128 9709.0707914158702 126.83867341279984 953.6688689738512 164.37180940061808 13.41164245456457 586.17917197197676 8.9312769174575788 971.50738383829594 507.51003478467464 1501.0104378536344
leaf_count=51 3023 16190 93 1406 30772 151 1879 8461 1195 183 5033 8387 12660 4266 2574 3011 8938 8824 5649 8145 66574 895 6891 1220 103 4085 63 6793 3565 10471
internal_value=3.34413e-05 0.0014091 -0.0240261 0.00325706 -0.00375873 -0.0368414 -0.0183811 -0.000487179 -0.00703446 0.00421198 -0.0387414 -0.00575435 0.00466549 0.00804765 0.00411197 -0.0145972 -0.00213801 0.000825978 -0.00272928 -0.019027 0.00480266 0.0056922 -0.000131809 -0.00357637 -0.0168666 0.00530053 -0.000167094 0.00292326 -0.0044188 0.00682313
internal_weight=32429.2 30675.2 1753.92 22595.4 8079.87 536.33 1217.59 4591.65 3790.27 18003.7 518.202 3241.58 16314.2 2294.45 14019.7 548.691 3572.62 2435.02 1172.63 1204.73 11584.7 1654.08 2388.24 1118.04 1001.77 1019.02 1689.55 980.439 709.115 1527.24
internal_count=231551 216096 15455 156541 59555 5235 10220 32618 28783 123923 5084 24577 112096 15815 96281 4206 25510 17047 8223 10127 79234 11549 17049 8111 8248 7108 11827 6856 4971 10654
cat_boundaries=0 1 2 3 4 5 6
cat_threshold=2117988 4859169 8257541 8874536 13060673 74
is_linear=0
shrinkage=0.04


Tree=13
num_leaves=31
num_cat=6
split_feature=0 27 27 20 27 0 0 12 0 7 5 5 19 12 27 19 27 19 21 14 29 0 22 27 0 27 19 19 22 19
split_gain=1014.33 831.046 239.151 133.615 123.261 84.5314 80.5621 49.9211 43.8034 30.567 27.8982 25.4445 23.1131 22.4285 20.0368 19.0876 18.8691 18.508 18.4647 18.383 17.8973 16.8499 36.6757 29.5611 20.8263 20.271 19.0372 18.7194 17.3921 16.7891
threshold=1.5000000000000002 -0.81916666666666671 -1.9508333333333332 35.815000000000005 0.029999999999999586 5.5000000000000009 5.5000000000000009 5.4365079365079376 2.5000000000000004 -0.44816666666666544 4.5000000000000009 5.5000000000000009 0 3.2111111111111117 1.0283333333333338 1 -0.35333333333333322 2 36.82500000000001 -0.15416666666666656 2.0050000000000003 3.5000000000000004 10.499166666666667 0.72833333333333294 4.5000000000000009 1.7136666666666669 3 4 -35.472499999999989 5
decision_type=2 2 2 2 2 2 2 10 2 2 2 2 1 10 2 1 2 1 2 8 2 2 2 2 2 2 1 1 2 1
left_child=3 2 7 15 6 9 10 20 14 -4 16 19 -8 -11 -6 -1 -3 -13 -5 -10 -2 22 25 -23 -25 26 -21 -26 -28 -15
right_child=1 4 5 18 8 -7 12 -9 11 13 -12 17 -14 29 -16 -17 -18 -19 -20 21 -22 23 -24 24 27 -27 28 -29 -30 -31
leaf_value=-0.0037647161466158371 -0.025495204837583049 0.0034277050528870407 -0.0084356247456690691 -0.018047955750997605 0.0063985641076544329 -0.019449880206389322 -0.00046954836653490071 -0.038140541628181299 0.0032502552592046825 0.011031533307339208 0.00071073972494741433 0.010156271661412673 -0.0103672786012152 -0.0077791127390106889 -0.00078173452372369112 -0.01217590561766917 0.0084522114160366577 0.0011538109633998446 -0.025518705334196597 0.0180758772395452 -0.011297230204237004 0.0092570490292561477 0.0024113320011949703 0.01036094312928262 0.010940121975059176 -0.013916967655581057 0.075609404618518991 0.01961462076074369 0.0077075470060935852 0.0010793267587532089
leaf_weight=636.38407922536135 446.93146423250437 2299.9691481143236 1468.1929895803332 754.2318349853158 2113.1059655547142 717.97875100374222 708.80957034230232 463.07085809856653 527.8071107417345 231.68623203039169 2338.6564150303602 620.85454691946507 816.06804030388594 551.1224523037672 881.09670035541058 1569.7743728458881 2491.1552460342646 892.39674670994282 1775.2531746923923 663.67255187034607 208.24297644942999 3218.9858535677195 1041.8782991617918 1179.1565983593464 689.24291749298573 45.638438329100609 6.088275507092475 1460.7742020785809 695.42695997655392 877.35946108400822
leaf_count=4899 4146 15990 11071 6334 14152 5930 5188 4721 3495 1695 16440 4071 6091 4138 6040 12135 16840 5858 15124 4327 1784 21236 6995 7583 4336 305 40 9180 4547 6585
internal_value=8.92635e-05 0.00301838 -0.0118056 -0.0170163 0.00626178 -0.00707196 0.00250732 -0.0280877 0.00857677 -0.00423115 0.00429208 0.00974038 -0.00583758 -0.000512857 0.00428564 -0.00982189 0.00604021 0.00492207 -0.0232911 0.0105056 -0.0209825 0.010931 0.0081032 0.0119902 0.014633 0.0123066 0.0131832 0.0169759 0.00818024 -0.00238525
internal_weight=32391 27655.4 4964.59 4735.64 22690.8 3846.34 8654.66 1118.25 14036.1 3128.36 7129.78 11041.9 1524.88 1660.17 2994.2 2206.16 4791.12 1513.25 2529.49 9528.67 655.174 9000.86 2452.7 6548.16 3329.17 1410.83 1365.19 2150.02 701.515 1428.48
internal_count=231276 192784 40070 38492 152714 29419 60549 10651 92165 23489 49270 71973 11279 12418 20192 17034 32830 9929 21458 62044 5930 58549 16214 42335 21099 9219 8914 13516 4587 10723
cat_boundaries=0 1 2 3 4 5 6
cat_threshold=1681551 5252138 6574533 10982993 7147777 9003660
is_linear=0
shrinkage=0.04


Tree=14
num_leaves=31
num_cat=8
split_feature=27 28 12 27 5 27 7 27 5 28 27 29 19 28 26 19 11 12 11 26 19 19 27 19 21 19 19 12 19 21
split_gain=602.864 156.117 69.2171 45.4838 42.5422 24.3205 22.6307 19.669 35.0419 27.9407 22.4436 19.5134 18.8296 18.3479 17.6596 17.2253 16.5546 16.3782 19.6763 21.4346 17.1724 16.207 15.9962 18.4817 18.6087 14.0871 13.9585 13.9441 13.8187 13.3983
threshold=-1.6533333333333329 4.5000000000000009 5.4365079365079376 -0.85166666666666624 1.5000000000000002 0.93333333333333302 -3.136666666666668 0.3000000000000001 4.5000000000000009 1.5000000000000002 -1.0683333333333338 2.1650000000000005 0 4.5000000000000009 5.1250000000000009 1 3.5000000000000004 3.2361111111111116 10.500000000000002 6.2550000000000008 2 3 1.3508333333333338 4 60.685000000000009 5 6 3.5634920634920637 7 33.430000000000007
decision_type=2 2 10 2 2 2 2 2 2 2 2 2 1 2 2 1 2 8 2 2 1 1 2 1 2 1 1 10 1 2
left_child=2 4 11 6 5 28 -3 8 10 17 -6 13 -12 -1 -11 -5 22 18 19 -9 -21 -19 23 -16 -25 -20 -24 -17 -2 -27
right_child=1 3 -4 15 7 -7 -8 9 -10 14 12 -13 -14 -15 16 27 -18 21 25 20 -22 -23 26 24 -26 29 -28 -29 -30 -31
leaf_value=0.036852976161920931 -0.0025874164192571276 -0.011820385174280853 -0.036967866063341751 0.0018520516259539193 0.034380019142125531 -0.0045830600907265408 -0.0048124892212472233 -0.0014602858402731277 -0.0012474252398831987 0.01178925960857252 0.00058698158336950904 -0.0125613533251116 0.0058621993626267943 -0.024079327570999079 -0.0068614012517806489 3.3581268047619253e-05 0.0069493344468591215 -0.0071671718497094347 0.00467923885408869 0.00300870079813239 0.010668005037815202 0.0024105799048028333 0.026797079425908428 0.0030101355763955803 0.043175715941098182 0.010507676034946394 -0.0027133868515529232 -0.0057186197533922491 0.0032980991414279844 -0.012164088347225406
leaf_weight=8.0095607340335828 895.40472426265478 1073.9623220041394 470.94294573366642 2007.1875390335917 39.483630150556564 1537.7007107064128 2351.9716844260693 557.35339342057705 2823.0841331928968 923.54887993633747 1641.3621824905276 477.6110558360815 3237.1765219047666 617.35413701832294 388.19110564142466 1262.3827532678843 4120.7803540453315 477.11916831880808 221.35852466523647 848.59373676031828 1115.0987978950143 666.77201813459396 59.184875547885895 581.97445715218782 19.060042060911655 49.564143963158131 45.389960862696171 1447.37393797189 2170.1125240847468 263.05710101872683
leaf_count=58 6356 8367 4896 14429 271 11047 18042 3796 19778 6076 11362 3928 22329 5602 2579 9040 27958 3286 1608 5720 7489 4608 397 3899 127 355 304 10487 15297 1919
internal_value=1.65391e-05 0.00124951 -0.0241305 -0.00350148 0.00295518 -0.000477885 -0.00700933 0.00382933 0.00230468 0.0049711 0.00434369 -0.0186493 0.0041006 -0.0232989 0.00669111 -0.000953722 0.00578818 0.00245673 0.00398538 0.00546278 0.00742775 -0.0016259 0.00141366 -0.00015911 0.00421376 -0.00298975 0.0162913 -0.00302769 0.00158132 -0.008304
internal_weight=32398.2 30824.2 1573.92 8142.88 22681.4 4603.22 3425.93 18078.2 7741.11 10337 4918.02 1102.97 4878.54 625.364 6138.13 4716.94 5214.58 4198.92 3055.03 2521.05 1963.69 1143.89 1093.8 989.226 601.034 533.98 104.575 2709.76 3065.52 312.621
internal_count=231410 216926 14484 60365 156561 32700 26409 123861 53740 70121 33962 9588 33691 5660 41340 33956 35264 28781 20887 17005 13209 7894 7306 6605 4026 3882 701 19527 21653 2274
cat_boundaries=0 1 2 3 4 5 6 7 8
cat_threshold=12683842 9151235 12714982 4542652 2524445 4661914 6622169 156450
is_linear=0
shrinkage=0.04


Tree=15
num_leaves=31
num_cat=0
split_feature=27 27 12 4 4 8 21 12 20 12 26 27 20 21 11 14 21 11 22 8 26 27 20 4 12 27 14 20 21 18
split_gain=526.658 137.669 78.2064 52.8812 40.7262 23.9692 23.9301 19.6919 18.4015 21.175 17.9543 17.6709 15.5365 17.6233 12.6408 15.0158 13.1841 12.5953 12.785 12.4333 16.1673 12.2744 12.242 21.4578 14.3245 13.2093 13.4533 12.0739 14.4211 12.0698
threshold=-1.6533333333333329 -0.36366666666666653 5.4365079365079376 -0.051666666666666299 0.010833333333333252 5.5000000000000009 41.695000000000007 4.6125000000000007 28.095000000000002 3.4722222222222228 4.8850000000000007 -1.2099999999999995 43.975000000000001 37.300000000000004 10.500000000000002 -0.20363756613756609 16.720000000000002 1.5000000000000002 13.052666666666665 5.5000000000000009 4.9250000000000007 0.26083333333333331 17.355000000000004 -0.10999999999999986 4.2111111111111121 -0.42999999999999922 -0.084444444444444391 12.295000000000002 7.4300000000000006 0.22500000000000003
decision_type=2 2 10 2 2 2 2 8 2 10 2 2 2 2 2 10 2 2 2 2 2 2 2 2 8 2 10 2 2 8
left_child=2 4 7 6 19 11 -3 27 10 17 -5 -6 21 -14 -13 -16 -17 18 -10 22 -21 -11 23 24 -2 -25 -27 28 -1 -30
right_child=1 3 -4 8 5 -7 -8 -9 9 12 -12 14 13 -15 15 16 -18 -19 -20 20 -22 -23 -24 25 -26 26 -28 -29 29 -31
leaf_value=-0.011782923198495948 0.10087014332972499 0.00089406349854564287 -0.036555529998589027 0.0049088202801372974 -0.011462363000907989 -0.013553498395782996 -0.0064940889615716282 -0.022044421268858302 0.0026528037411358623 -0.00062564526973677467 0.012986708870838023 -0.0048518516425937195 -0.012924800736752947 -0.00073505907087494462 -0.012770320693703865 0.021321802488807409 0.0022151748278800669 0.0041194997458473279 -0.010198209300882936 -0.0097591468757903879 0.0057083704321679342 0.0040847546656320385 -0.0011005449498344409 0.0025933149167577754 0.0174332717706191 0.065426984345131625 0.0066521998645786926 -0.018168309485051794 0.002936270306356438 0.054806577223996768
leaf_weight=203.59064695239067 5.9336204007267925 1589.6481843590736 461.93329793214798 2438.6975613981485 548.75329806655645 610.96600753068924 1255.3993556946516 574.80411166697741 327.5194364413619 1647.3823717981577 537.22675689309835 2227.6050406768918 249.19135172665119 795.75990221649408 86.135446704924107 70.629125751554966 317.7023076415062 11396.669107802212 199.2002881243825 457.91028844565153 141.54382202029228 1912.9236671999097 3169.0823029950261 852.71639010310173 7.3954361975193033 10.904407367110254 14.539462491869925 230.10529049485922 80.804482094943523 7.8773632347583762
leaf_count=1774 45 11199 4942 16643 4367 4636 9131 5277 2234 11471 3636 16434 1723 5543 645 521 2318 77939 1433 3439 1027 12974 23118 6394 56 77 102 1887 670 64
internal_value=-6.65003e-05 0.00107903 -0.0227488 0.00272845 -0.00324679 -0.00628439 -0.00236602 -0.0169359 0.00347156 0.00295024 0.00636708 -0.00491822 0.000646537 -0.00364197 -0.0035892 0.0023389 0.00569026 0.00384001 -0.00220732 -0.000729518 -0.00610694 0.00190521 6.43403e-05 0.0042053 0.0545764 0.00344074 0.0318411 -0.0113147 -0.00591878 0.00754377
internal_weight=32430.6 30871.4 1559.12 22349.6 8521.82 3861.79 2845.05 1097.18 19504.6 16528.6 2975.92 3250.83 4605.26 1044.95 2702.07 474.467 388.331 11923.4 526.72 4660.03 599.454 3560.31 4060.57 891.489 13.3291 878.16 25.4439 522.378 292.272 88.6818
internal_count=231719 217105 14614 153926 63179 28921 20330 9672 133596 113317 20279 24285 31711 7266 19918 3484 2839 81606 3667 34258 4466 24445 29792 6674 101 6573 179 4395 2508 734
is_linear=0
shrinkage=0.04


Tree=16
num_leaves=31
num_cat=0
split_feature=0 27 27 27 20 0 0 0 27 12 28 27 5 5 5 23 20 28 26 21 0 20 1 28 27 7 7 23 27 20
split_gain=885.448 716.504 183.589 152.91 133.574 100.35 62.3576 47.1742 33.2967 30.6019 30.017 28.2052 25.5601 20.7971 19.6603 19.4397 18.4082 17.266 16.9646 16.7706 16.3162 16.0948 16.0316 15.2784 15.2385 15.0799 18.0049 14.4698 13.9278 13.5639
threshold=1.5000000000000002 -1.0283333333333329 -2.4324999999999988 0.16833333333333325 35.815000000000005 5.5000000000000009 4.5000000000000009 3.5000000000000004 0.7533333333333333 3.5634920634920637 1.5000000000000002 -0.52166666666666595 4.5000000000000009 5.5000000000000009 4.5000000000000009 5.5000000000000009 27.950000000000006 4.5000000000000009 6.995000000000001 2.9650000000000003 4.5000000000000009 61.040000000000006 19.265000000000004 1.5000000000000002 -1.5049999999999994 2.5633333333333348 3.5500000000000029 2.5000000000000004 1.2636666666666667 29.120000000000001
decision_type=2 2 2 2 2 2 2 2 2 10 2 2 2 2 2 2 2 2 2 2 2 2 2 2 2 2 2 2 2 2
left_child=4 2 19 5 16 9 12 10 14 20 27 -7 -4 15 25 -11 -1 -8 29 -2 -3 22 -10 -6 -14 -9 -27 -5 -29 -12
right_child=1 3 6 7 23 11 17 8 21 13 18 -13 24 -15 -16 -17 -18 -19 -20 -21 -22 -23 -24 -25 -26 26 -28 28 -30 -31
leaf_value=-0.0058930949970012695 -0.03463582602625534 0.0070676651794216736 -0.001102373661707333 -0.0012798128308110423 -0.026204318375052431 -0.013148657171609065 0.012355770418203118 0.007143986953886715 0.022092541822470804 0.0034625791769631806 0.013930662438715413 -0.0030693080158244136 -0.021251932616161019 -0.0045677435793497105 0.0029447911135848616 -0.0048765234339923002 -0.013334631261734384 -0.017166424801246468 -0.0056149673469432426 -0.012200806644890328 0.0016214764588643232 -0.00060970120463193253 0.012511188923206878 -0.019874097945930844 -0.0070183899357128456 0.028855287443056828 0.011497298508818334 0.011414676209805304 -0.0018841530883630631 0.0069204114892072238
leaf_weight=1280.258538775146 626.24087065458298 3593.8956742882729 1106.9714602455497 1261.1605938822031 1041.8186672851443 657.55201264470816 32.535812258720398 1510.310888916254 304.75523506104946 3523.7823478877544 523.37000289559364 1369.0876016318798 178.81507501751184 824.41691748797894 1096.9093982279301 512.29567129909992 909.8671048656106 1228.9832431301475 152.75756031274796 58.271233886480331 1165.5944847539067 137.94936741888523 3359.7728810161352 1471.9491796195507 368.06174348294735 111.96001213788986 654.80978785455227 343.27949616312981 199.06980374455452 2826.7957482933998
leaf_count=9886 6732 24264 8444 8606 9172 5123 238 9811 1910 24409 3359 9906 1491 5888 7225 3616 7145 10457 1014 530 8186 868 21051 12469 2844 728 4252 2282 1338 18594
internal_value=-0.000159225 0.00256288 -0.0140839 0.0050464 -0.016206 0.00174984 -0.00970681 0.00812211 0.0102366 0.00345405 0.00526249 -0.0063396 -0.00459756 0.00122157 0.00734412 0.0024041 -0.00898461 -0.016405 0.00742116 -0.032726 0.0057339 0.0128031 0.013308 -0.0224976 -0.0116724 0.00946336 0.0140318 0.00106975 0.00653333 0.00801557
internal_weight=32433.3 27729.4 3599.88 24129.5 4703.89 11646.6 2915.37 12482.9 7176.47 9619.99 5306.43 2026.64 1653.85 4860.49 3373.99 4036.08 2190.13 1261.52 3502.92 684.512 4759.49 3802.48 3664.53 2513.77 546.877 2277.08 766.77 1803.51 542.349 3350.17
internal_count=231838 193166 30736 162430 38672 81392 23474 81038 45845 66363 35193 15029 12779 33913 22016 28025 17031 10695 22967 7262 32450 23829 22961 21641 4335 14791 4980 12226 3620 21953
is_linear=0
shrinkage=0.04


Tree=17
num_leaves=31
num_cat=7
split_feature=0 27 27 26 0 12 27 0 5 0 22 15 5 19 4 4 27 23 19 19 23 19 22 19 22 19 19 0 4 0
split_gain=815.706 653.869 240.235 120.862 88.1897 62.4055 29.6304 53.5105 51.839 37.3486 30.1613 25.4386 22.6385 18.5644 18.089 17.5782 17.236 17.1468 23.6996 17.0258 16.6813 16.9771 16.5695 21.6385 16.1179 19.3629 16.9905 23.1258 16.1804 16.1143
threshold=1.5000000000000002 -1.5999999999999992 -0.35333333333333322 5.6850000000000014 4.5000000000000009 5.4365079365079376 0.51333333333333309 3.5000000000000004 4.5000000000000009 4.5000000000000009 12.240833333333336 4.5000000000000009 5.5000000000000009 0 -0.028333333333333762 -0.020000000000000014 1.2044999999999997 5.5000000000000009 1 2 3.5000000000000004 3 -1.7750000000000037 4 6.830000000000001 5 6 4.5000000000000009 0.05333333333333324 5.5000000000000009
decision_type=2 2 2 2 2 10 2 2 2 2 2 10 2 1 2 2 2 2 1 1 2 1 2 1 2 1 1 2 2 2
left_child=3 5 4 22 12 29 8 10 17 19 16 15 -3 -12 -15 -6 -8 24 -19 -10 21 -17 -1 -24 26 -26 27 28 -4 -2
right_child=1 2 6 -5 11 -7 7 -9 9 -11 13 -13 -14 14 -16 20 -18 18 -20 -21 -22 -23 23 -25 25 -27 -28 -29 -30 -31
leaf_value=-0.0060491209472527223 -0.014595845180787843 0.002595738022118722 0.01469552903083229 -0.022313746670692955 0.002965359588609078 -0.035680244674846776 0.01007623792955223 0.010857965203700911 -0.00069006672356397005 -0.0046153306247101187 -0.0041970578513069526 -0.011902981073523165 -0.0050799866494936731 -0.0040849785229216048 0.0076883439472473815 0.0094103019546769636 0.0013011086832068924 0.010312246421271758 -0.0054801475530466652 0.0071751018794672288 -0.0095395350426698139 -0.0078454932467739106 -0.0048903825277102474 -0.016480568724437438 0.0088725257244026828 0.0010087528858550394 0.0065906674672187894 0.0056346100705596111 0.077368424842733638 -0.025151624538567244
leaf_weight=1202.3920515105128 774.89906964451075 3959.3412979096174 1255.1303899288177 2211.7193110734224 405.09485545009375 431.88808429986238 1465.5890595763922 5055.0059730559587 700.71264216303825 1251.47129753232 722.53625786304474 1214.5678710713983 727.80565139651299 296.51807269454002 705.85609562695026 172.46663358807564 473.95615682005882 237.25855077803135 385.02771630883217 1189.3314410597086 887.83035715669394 172.60661938786507 420.59721978753805 800.67763467133045 926.24955588579178 1100.2145274877548 2313.3675318062305 628.76461640000343 6.6257788240909568 329.90857981145382
leaf_count=9434 6782 28092 8208 19462 3065 4881 9544 31652 4682 8772 4888 9566 5359 2059 4718 1296 3165 1594 2585 7926 6876 1309 3311 6353 6120 7290 15362 4281 43 3171
internal_value=-1.83152e-05 0.00257278 0.00405722 -0.0155524 -0.00197098 -0.0227878 0.00648597 0.00819001 0.00499928 0.000744524 0.00450964 -0.00751632 0.00140388 0.00066154 0.00416407 -0.00426362 0.00793191 0.00694982 0.000618656 0.00429349 -0.00663885 0.000824251 -0.00938232 -0.012664 0.00758218 0.00465186 0.00899472 0.011839 0.0150246 -0.0177479
internal_weight=32425.4 27790 26253.3 4635.39 7539.71 1536.7 18713.6 8719.46 9994.15 3141.52 3664.46 2852.57 4687.15 1724.91 1002.37 1638 1939.55 6852.64 622.286 1890.04 1232.9 345.073 2423.67 1221.27 6230.35 2026.46 4203.89 1890.52 1261.76 1104.81
internal_count=231846 193286 178452 38560 55563 14834 122889 56026 66863 21380 24374 22112 33451 11665 6777 12546 12709 45483 4179 12608 9481 2605 19098 9664 41304 13410 27894 12532 8251 9953
cat_boundaries=0 1 2 3 4 5 6 7
cat_threshold=11564336 9589786 9446582 207711 5252142 12334372 10957961
is_linear=0
shrinkage=0.04


Tree=18
num_leaves=31
num_cat=1
split_feature=27 28 4 12 27 8 27 22 4 15 20 29 12 23 8 4 29 15 27 28 20 22 26 22 30 26 12 20 7 12
split_gain=443.842 158.122 51.0181 47.5225 44.1376 26.5586 20.1157 19.4389 18.2704 17.2286 16.0953 15.9707 15.6858 15.6569 18.4269 17.1346 15.469 20.1841 14.9813 14.8926 14.5144 14.1607 13.7801 13.7141 13.2658 14.607 12.1073 12.922 11.7403 11.6629
threshold=-1.9508333333333332 4.5000000000000009 -0.056666666666666192 5.4365079365079376 -0.81916666666666671 5.5000000000000009 -1.0483333333333333 -1.7750000000000037 -0.0016666666666664829 5.5000000000000009 38.945000000000007 2.0050000000000003 3.4722222222222228 4.5000000000000009 4.5000000000000009 0.036666666666666632 3.5650000000000004 3.5000000000000004 0.040000000000000265 4.5000000000000009 38.785000000000004 12.650000000000002 1.3550000000000002 -14.23833333333333 0 6.0050000000000008 3.8660714285714293 24.255000000000003 -2.7208333333333345 5.0500000000000007
decision_type=2 2 2 10 2 2 2 2 2 10 2 2 8 2 2 2 2 8 2 2 2 2 2 2 1 2 10 2 2 8
left_child=3 2 21 11 5 8 7 16 29 10 13 19 -12 14 23 20 17 -4 -16 -1 24 -2 -13 -8 25 -15 -6 -28 -18 -3
right_child=1 4 6 -5 26 -7 9 -9 -10 -11 12 22 -14 15 18 -17 28 -19 -20 -21 -22 -23 -24 -25 -26 -27 27 -29 -30 -31
leaf_value=0.048205133710526996 -0.00075610496019004017 -0.0013422872676979922 0.054530890728313006 -0.036332504362952808 0.00043138221948498803 -0.014834795188694645 0.019157851759301795 -0.03068319185686523 -0.0081392372573789364 -0.0021740067751234433 0.0029795596325606034 0.026512365780879867 -0.0012003393474398437 0.0076087574140178737 -0.0020075656005283105 -0.005660542273175884 0.095924304973565994 -0.0077856107906732622 0.004793506302671488 -0.024162219678907228 0.049069807451135081 -0.0072057251523851371 -0.012805587990054506 0.0063857933778441933 0.00035993448513829815 0.070242153674434926 -0.00061484380284166956 -0.0078047444947104833 0.03796322701540699 -0.015603525807878193
leaf_weight=4.5999088138341895 1608.1076721847057 1412.9732889607549 13.167931303381918 407.94128070771694 2876.1610534563661 577.20459523797035 138.22887177020311 8.956139534711836 1933.1103862375021 940.24819166213274 8275.2162594795227 15.3529886752367 1738.1879476383328 511.66869287192822 798.68654564023018 430.18789859861135 8.0191641375422495 22.570365756750107 1475.7416249215603 418.82856438308954 11.034740187227724 823.64317293465137 200.76089251041412 5004.8655227124691 1029.8056688681245 6.0277469977736464 875.54807590693235 736.27733998000622 18.469621196389198 98.122513085603714
leaf_count=35 11429 10871 90 4781 20599 4648 940 62 15348 6580 56457 129 12027 3502 5589 2991 55 157 9844 4217 76 6044 1803 33919 7043 40 6362 5380 127 781
internal_value=-5.12924e-05 0.000803913 0.00253639 -0.0256648 -0.00385086 -0.0068942 0.00318827 0.0244149 -0.00556346 0.00311406 0.00337009 -0.0188602 0.00225399 0.00455824 0.00540326 0.00140653 0.032345 0.0151752 0.00240525 -0.0233761 0.00335719 -0.00294062 -0.0100124 0.00672906 0.00303122 0.00818002 -0.0011239 -0.00389917 0.0555103 -0.00226834
internal_weight=32419.7 31372.2 22862.8 1047.48 8509.4 4021.41 20431.1 71.1832 3444.21 20359.9 19419.7 639.542 10013.4 9406.25 7417.52 1988.72 62.2271 35.7383 2274.43 423.428 1558.54 2431.75 216.114 5143.09 1547.5 517.696 4487.99 1611.83 26.4888 1511.1
internal_count=231926 220961 156972 10965 63989 31648 139499 491 27000 139008 132428 6184 68484 63944 50292 13652 429 247 15433 4252 10661 17473 1932 34859 10585 3542 32341 11742 182 11652
cat_boundaries=0 1
cat_threshold=266
is_linear=0
shrinkage=0.04


Tree=19
num_leaves=31
num_cat=7
split_feature=0 27 27 26 0 12 27 0 0 22 27 5 19 0 18 4 9 19 4 26 19 19 19 12 19 28 6 19 26 12
split_gain=824.652 577.867 218.567 126.95 78.6537 61.2629 41.7561 52.2123 43.5242 30.3711 25.4168 25.3303 23.5531 22.047 24.0546 21.9059 19.8897 19.0686 18.2313 18.0654 17.302 17.0576 16.6801 15.5645 20.9399 15.4737 14.7473 14.622 14.6483 13.921
threshold=1.5000000000000002 -1.5999999999999992 -0.35333333333333322 5.7350000000000012 4.5000000000000009 5.4365079365079376 0.49000000000000049 5.5000000000000009 3.5000000000000004 12.240833333333336 -0.546333333333333 4.5000000000000009 0 5.5000000000000009 0.22500000000000003 0.058333333333334021 38.500000000000007 1 -0.00083333333333346349 5.1550000000000011 2 3 4 3.5277777777777781 5 3.5000000000000004 42.895000000000003 6 4.705000000000001 3.7888888888888892
decision_type=2 2 2 2 2 10 2 2 2 2 2 2 1 2 10 2 2 1 2 2 1 1 1 8 1 2 2 1 2 8
left_child=3 5 4 19 15 13 7 11 9 16 18 17 -9 14 -2 23 22 -4 21 -1 -11 -6 -8 24 -3 -14 -27 28 -17 -10
right_child=1 2 6 -5 10 -7 8 12 29 20 -12 -13 25 -15 -16 27 -18 -19 -20 -21 -22 -23 -24 -25 -26 26 -28 -29 -30 -31
leaf_value=-0.0072593132956646055 -0.014907030543960725 -0.0040466794518284107 0.010185634134295107 -0.02302194203506553 -0.011046283500364858 -0.035034920959408557 0.010979751966952016 -0.010082935549077481 0.011245124660870643 -0.0040710413213468893 -0.00069405791359884717 0.0023558226287713792 0.0046846989716519327 -0.025735630208493551 0.015172534615214853 -0.0040058127745577193 0.01220764860755057 0.005310410149712742 -0.012321136463979761 -0.014445096064118722 0.0040870571164184607 0.00053475145172143096 0.00034842572820533379 0.00047682990037993485 0.0080411000679221512 -0.0066837619021101269 0.01409614042549928 -0.010840606442624719 0.02657183197327111 0.0048409381364954056
leaf_weight=1659.8412628471851 696.09603568166494 283.91509130597115 2130.6628788858652 2097.6417935490608 360.23046144098043 410.82798790931702 364.3395789116621 424.92647291719913 4641.9552370905876 660.94396477937698 726.75947234779596 2511.3975671678782 697.23661790788174 312.5371373295784 45.306430883705616 77.934516467154026 1001.0053676068783 3481.1348171681166 1294.1281158104539 844.63675985485315 1086.4954415410757 457.9422969147563 653.23389939963818 2763.8255287706852 1128.1070936918259 480.9622917920351 61.648348122835159 348.66514623910189 36.95193000882864 615.03078012168407
leaf_count=12988 6246 1980 13906 18778 2828 4917 2381 3006 28841 4480 5355 16869 4716 3101 376 582 6484 22824 10406 6923 7316 3582 4273 19901 7837 3468 438 2577 264 3851
internal_value=-8.07335e-05 0.00251961 0.003882 -0.0157627 -0.00190244 -0.0219325 0.00618166 0.00437222 0.0081445 0.00486221 -0.00714637 0.00569478 -0.00208114 -0.0168251 -0.0130689 0.00130656 0.00820437 0.00718903 -0.00936636 -0.00968272 0.00100146 -0.0046927 0.00426627 0.00222233 0.0056389 0.000736658 -0.00432287 -0.00694304 0.00536239 0.0104959
internal_weight=32356.3 27754.2 26289.4 4602.12 7478.46 1464.77 18811 9787.97 9023 3766.02 2839.06 8123.2 1664.77 1053.94 741.402 4639.4 2018.58 5611.8 2112.3 2504.48 1747.44 818.173 1017.57 4175.85 1412.02 1239.85 542.611 463.552 114.886 5256.99
internal_count=231494 192805 178165 38689 55312 14640 122853 65227 57626 24934 22171 53599 11628 9723 6622 33141 13138 36730 16816 19911 11796 6410 6654 29718 9817 8622 3906 3423 846 32692
cat_boundaries=0 1 2 3 4 5 6 7
cat_threshold=10633376 9376816 14692658 7247114 11539989 8388637 8426529
is_linear=0
shrinkage=0.04


Tree=20
num_leaves=31
num_cat=5
split_feature=0 28 20 28 20 0 12 0 12 0 19 12 4 21 4 21 0 19 23 22 12 19 4 20 20 0 19 11 4 19
split_gain=751.554 520.763 194.571 112.572 100.784 82.6361 44.5954 35.5073 30.583 28.8968 24.3707 23.2735 22.2139 20.4125 19.6403 19.4449 19.2508 16.614 16.4033 28.4591 20.497 18.7058 18.6906 17.3279 16.181 16.1757 15.8212 18.9181 17.0864 15.7599
threshold=1.5000000000000002 5.5000000000000009 3.4000000000000008 3.5000000000000004 37.055000000000007 4.5000000000000009 3.5634920634920637 2.5000000000000004 4.3875000000000011 4.5000000000000009 0 4.2111111111111121 0.11500000000000067 6.2000000000000011 0.0066666666666672656 36.82500000000001 5.5000000000000009 1 3.5000000000000004 -10.403333333333329 3.8819444444444451 2 0.025000000000000803 58.565000000000005 28.820000000000004 5.5000000000000009 3 7.5000000000000009 0.024500000000000192 4
decision_type=2 2 2 2 2 2 8 2 10 2 1 8 2 2 2 2 2 1 2 2 10 1 2 2 2 2 1 2 2 1
left_child=4 3 13 7 24 8 16 -2 12 29 -7 25 26 -3 -11 -6 -4 -10 19 -9 21 22 -20 -21 -1 -12 -5 28 -28 -8
right_child=1 2 6 5 15 10 9 18 17 14 11 -13 -14 -15 -16 -17 -18 -19 20 23 -22 -23 -24 -25 -26 -27 27 -29 -30 -31
leaf_value=-0.0063827003922569386 0.003086965787395997 -0.033453867513653 0.0023641359448440635 0.0015768141240886228 -0.015164978944254021 0.0011223721765654053 -0.012629070007461005 0.042780833625012331 0.002954501332558865 -0.0097020602731461205 -0.0005702117093303483 -0.014151223089706193 -0.024767326413132146 -0.0011132792340907815 -0.021357668235260325 -0.0234345699972331 -0.010939242591563647 -0.007672794839315899 0.013241127219844327 0.0091133892528864717 -0.0018120849208212823 0.0035057869898450808 0.0022505604470187124 0.00011972621138010865 -0.01319217252014834 -0.0081455222484154467 0.0066272733047383634 0.0099801942943344643 -0.0012521694420838622 -0.0032505036468073825
leaf_weight=1356.890465028584 3053.8821862339973 582.51571573317051 831.39380971342325 1240.1769115403295 634.45081189274788 1133.7998385205865 440.57365573942661 39.43812969326973 449.16430143266916 441.48012552410364 981.28136035054922 456.96094593405724 38.955061443150043 32.994994096457958 485.89604485034943 1607.9437785148621 220.11566755920649 477.77139799296856 961.3188254982233 7836.7110819220543 514.73720993101597 1337.4695042818785 333.44611731171608 358.43942041695118 948.72600695490837 834.59225212782621 1506.0374401807785 1702.7958273515105 622.26760923117399 855.56321843713522
leaf_count=10650 20249 6825 6120 8445 5650 8371 3464 257 3194 3808 7022 3617 273 296 4255 14653 1833 3422 6130 49813 3378 8586 2166 2281 7726 6318 10101 11481 4322 6701
internal_value=1.58544e-05 0.00248442 -0.0110862 0.00469541 -0.015057 0.0012999 -0.00720822 0.00691679 0.00411062 -0.0104181 -0.0036812 -0.00605575 0.00532313 -0.0317202 -0.015809 -0.0210948 -0.000420701 -0.00257404 0.0079444 0.00888315 0.005488 0.00691554 0.0103309 0.00872002 -0.00918469 -0.00405189 0.00555427 0.00681991 0.0043235 -0.00656091
internal_weight=32317.8 27769.8 3890.53 23879.2 4548.01 9443.8 3275.02 14435.4 6037.17 2223.51 3406.63 2272.83 5110.23 615.511 927.376 2242.39 1051.51 926.936 11381.6 8234.59 3146.97 2632.23 1294.76 8195.15 2305.62 1815.87 5071.28 3831.1 2128.31 1296.14
internal_count=231407 192728 33302 159426 38679 66566 26181 92860 41238 18228 25328 16957 34622 7121 8063 20303 7953 6616 72611 52351 20260 16882 8296 52094 18376 13340 34349 25904 14423 10165
cat_boundaries=0 1 2 3 4 5
cat_threshold=5775375 15375626 13080689 1048719 5804088
is_linear=0
shrinkage=0.04


Tree=21
num_leaves=31
num_cat=4
split_feature=0 27 27 20 12 0 0 27 0 0 14 22 28 19 5 6 27 14 28 14 19 19 21 19 5 20 29 22 29 12
split_gain=705.179 493.229 155.963 113.102 81.1617 54.1681 29.6218 26.0663 46.2412 27.3229 32.7068 23.6196 23.0772 21.5092 20.3842 19.8782 19.1465 18.4357 17.8947 17.4527 20.4763 17.3169 16.9708 18.5833 20.0469 16.8222 20.7362 16.0879 15.9021 15.7116
threshold=1.5000000000000002 -1.3900000000000001 -0.35333333333333322 32.720000000000006 5.4365079365079376 4.5000000000000009 5.5000000000000009 0.27000000000000096 4.5000000000000009 3.5000000000000004 0.3264550264550265 12.240833333333336 1.5000000000000002 0 5.5000000000000009 30.305000000000003 0.7533333333333333 -0.18356481481481471 4.5000000000000009 -0.14616402116402114 1 2 49.695000000000007 3 4.5000000000000009 38.945000000000007 6.9350000000000014 -21.222499999999993 5.6750000000000007 1.788888888888889
decision_type=2 2 2 2 10 2 2 2 2 2 10 2 2 1 2 2 2 8 2 10 1 1 2 1 2 2 2 2 2 8
left_child=3 4 5 21 6 17 14 8 22 10 11 -9 -5 -7 18 -15 25 -3 -2 20 -10 -1 23 29 27 26 -11 -25 -26 -4
right_child=1 2 7 12 -6 13 -8 9 19 16 -12 -13 -14 15 -16 -17 -18 -19 -20 -21 -22 -23 -24 24 28 -27 -28 -29 -30 -31
leaf_value=-0.00072265550547720415 0.030940530991113189 -0.0036432426978914847 0.067590020912245641 -0.024782602477917366 -0.033307448409163228 -0.0099808635454078018 -0.022477013917010707 0.0076902403158402022 0.0023963085029703709 0.0083323009876023861 -0.0074407148824272096 0.0017646933960132514 -0.017162149432201103 -0.0091963238820946119 -0.022353218120919074 0.00075222237534762558 0.010192331422780579 0.0026436356446370439 -0.008315155584802815 0.00096879574026324116 -0.01447702419475393 -0.0095123093824050643 5.0952157205406065e-05 -0.002293361331933095 9.8126112336047096e-05 0.0028944695509990149 0.039826212164854026 0.012874817970352804 0.013547296603091332 0.003564752052206379
leaf_weight=512.25253984332085 18.949458748102188 955.87059672921896 6.1546017974615088 1014.0279128327966 399.47767262905836 1184.7420579940081 398.46271513402462 2729.8281741142273 198.20749908685684 1244.6960792243481 344.07514320313931 1776.8917185813189 1704.7949740067124 489.07757995277643 175.74708657711744 937.01839209347963 3907.1112786233425 3403.8109425678849 952.35315272957087 2215.1141778305173 267.26842260360718 1275.2734223380685 647.87138468027115 120.67626261711121 519.06692190468311 1458.9855967462063 34.373753577470779 1534.8346112966537 192.95333623886108 1708.3654692023993
leaf_count=4029 125 6936 40 9516 4990 9346 3982 17561 1394 7886 2310 11874 15076 3833 1563 7248 23841 23968 8239 15313 1894 10131 4261 786 3469 9338 218 9911 1283 11208
internal_value=-0.000186927 0.00219066 0.00365079 -0.014866 -0.0172356 -0.00146351 -0.0130814 0.00553635 0.00368648 0.00672882 0.00444639 0.00535394 -0.0200043 -0.00602007 -0.00981751 -0.0026411 0.00839493 0.00126522 -0.0075493 -0.000510745 -0.00755161 -0.00705071 0.00606517 0.0070197 0.00931592 0.0058301 0.00917867 0.0117692 0.00374277 0.00377258
internal_weight=32328.3 27822 25877 4506.35 1944.99 6970.52 1545.51 18906.5 7410.51 11496 4850.8 4506.72 2718.82 2610.84 1147.05 1426.1 6645.17 4359.68 971.303 2680.59 465.476 1787.53 4729.92 4082.05 2367.53 2738.06 1279.07 1655.51 712.02 1714.52
internal_count=231569 192817 173918 38752 18899 51331 13909 122587 49559 73028 31745 29435 24592 20427 9927 11081 41283 30904 8364 18601 3288 14160 30958 26697 15449 17442 8104 10697 4752 11248
cat_boundaries=0 1 2 3 4
cat_threshold=10935840 1335707 1582154 1624666
is_linear=0
shrinkage=0.04


Tree=22
num_leaves=31
num_cat=7
split_feature=0 27 27 20 27 0 0 26 19 23 4 5 0 4 8 27 19 23 19 29 19 4 12 27 0 19 4 20 19 19
split_gain=633.544 446.137 161.829 103.84 81.4113 57.5723 55.2265 26.8849 26.7657 23.9124 23.623 23.3275 22.7096 26.1492 21.4058 20.2911 20.0104 24.077 18.7394 18.2729 17.8829 17.5434 17.1038 16.4928 16.097 16.0622 15.9886 17.1842 15.6389 15.3563
threshold=1.5000000000000002 -0.90083333333333282 -2.5758333333333323 30.450000000000003 -0.10666666666666601 5.5000000000000009 5.5000000000000009 5.9750000000000005 0 5.5000000000000009 0.017083333333333343 4.5000000000000009 2.5000000000000004 0.038333333333332671 5.5000000000000009 2.4208333333333338 1 4.5000000000000009 2 2.7350000000000008 3 -0.00083333333333346349 3.5857142857142863 0.72833333333333294 3.5000000000000004 4 -0.024500000000000185 28.820000000000004 5 6
decision_type=2 2 2 2 2 2 2 2 1 2 2 2 2 2 2 2 1 2 1 2 1 2 8 2 2 1 2 2 1 1
left_child=3 2 19 18 5 10 11 -5 -7 12 29 -4 26 15 16 20 17 -12 -1 -2 -14 -8 -15 -22 -25 -13 -6 -28 -17 -3
right_child=1 4 6 7 9 8 21 -9 -10 -11 14 25 13 22 -16 28 -18 -19 -20 -21 23 -23 -24 24 -26 -27 27 -29 -30 -31
leaf_value=-0.00052833824297375358 -0.032363930586572526 0.0011155117590520907 -0.0018360122504807888 -0.013999540171631093 -0.00072198135909856947 0.0021276072823418666 -0.00955445493523366 -0.021734619428813402 -0.010377138256832728 -0.00061304260925203777 0.011859081201797026 -0.0023036753218473082 0.0061184974018653297 0.0056453375054061885 -0.0089614961865060634 0.0080993249889901708 -0.0019151184729566757 -0.0027443513323531549 -0.0095043507588003957 0.0058555428881809724 0.0078137109363250658 -0.022201463113879587 -0.0017538144009726895 0.006783633719304313 0.014021995767048394 -0.013185025019997403 0.013413206656472967 0.0037699924358401034 -0.017732542285982873 0.0063887969241728749
leaf_weight=689.45503926277161 494.83597494661808 1397.1718771904707 1915.6488754674792 1267.7347766384482 1033.9730406105518 391.41185215860605 306.2179155126214 1660.8287482336164 910.23278507590294 830.82907056808472 473.86641185730696 354.01067827641964 3861.9819070547819 1616.5053798854351 401.36561777442694 59.797185391187668 1285.5742799416184 291.9209908619523 819.49007041752338 20.85883254557848 3176.1488429605961 411.07941243797541 723.61995458602905 665.09962530434132 1884.0668189078569 627.72609957307577 351.62011507153511 1858.0723050683737 77.633646070957184 2472.4651507660747
leaf_count=5442 6157 9537 15033 10934 6913 2931 2842 15685 7042 5400 3311 2927 24452 10330 2869 374 9088 2069 6531 188 20413 3888 4717 4331 11396 5188 2238 12209 491 16822
internal_value=4.45064e-05 0.00227784 -0.00985604 -0.013994 0.00438686 0.000980431 -0.00686546 -0.0183862 -0.00668027 0.00599602 0.00255761 -0.0044054 0.0063547 0.00715354 -0.000513521 0.00806704 0.00113939 0.00621109 -0.00546959 -0.030818 0.0082858 -0.0168024 0.00335735 0.00972007 0.0121334 -0.00941902 0.00338344 0.00530448 -0.00719385 0.00450422
internal_weight=32331.2 27893.7 4130.38 4437.51 23763.4 7624.01 3614.68 2928.56 1301.64 16139.3 6322.36 2897.39 15308.5 12064.9 2452.73 9724.73 2051.36 765.787 1508.95 515.695 9587.3 717.297 2340.13 5725.32 2549.17 981.737 3243.67 2209.69 137.431 3869.64
internal_count=231748 193156 36223 38592 156933 53669 29878 26619 9973 103264 43696 23148 97864 76504 17337 61457 14468 5380 11973 6345 60592 6730 15047 36140 15727 8115 21360 14447 865 26359
cat_boundaries=0 1 2 3 4 5 6 7
cat_threshold=1574927 435493 7353962 4874526 3252359 1246430 4765710
is_linear=0
shrinkage=0.04


Tree=23
num_leaves=31
num_cat=7
split_feature=0 27 27 27 20 0 0 21 21 8 0 27 0 26 5 19 19 12 19 28 5 19 19 25 28 11 19 26 18 7
split_gain=604.666 432.074 120.878 110.145 99.8179 55.2117 36.7362 26.7228 22.5262 21.5587 20.4175 23.6378 29.2715 22.8953 19.0417 18.486 17.9812 16.4335 16.1557 16.1537 15.4256 17.4096 15.1288 16.6479 14.883 15.8242 16.653 14.6459 18.0463 15.7017
threshold=1.5000000000000002 -1.2099999999999995 -0.25083333333333341 -2.5758333333333323 30.450000000000003 5.5000000000000009 5.5000000000000009 38.485000000000007 9.9550000000000018 5.5000000000000009 2.5000000000000004 0.26083333333333331 5.5000000000000009 4.1150000000000011 4.5000000000000009 0 1 3.5634920634920637 2 4.5000000000000009 4.5000000000000009 3 4 5 5.5000000000000009 7.5000000000000009 6 6.1850000000000014 0.55000000000000016 -3.4144999999999999
decision_type=2 2 2 2 2 2 2 2 2 2 2 2 2 2 2 1 1 8 1 2 2 1 1 9 2 2 1 2 8 2
left_child=4 3 5 8 -1 9 14 -6 -2 24 13 12 20 17 16 27 -5 -4 -14 -18 22 -22 -12 -24 25 -3 -27 28 29 -7
right_child=1 2 10 6 7 15 -8 -9 -10 -11 11 -13 18 -15 -16 -17 19 -19 -20 -21 21 -23 23 -25 -26 26 -28 -29 -30 -31
leaf_value=-0.0056037235494635811 -0.032388088510194174 0.00088702293588242723 0.073278328686724153 0.0037056214488714336 -0.013717056471278558 -0.0165712659606508 -0.019790416301194408 -0.021537546796932868 0.011465455903075522 -0.0048816857542103125 0.0031141993812794679 0.007277080491718697 -0.009189448209261087 0.002341164765897171 -0.01292913934878274 -0.0122209441517309 0.027858012545860369 0.017200748472987363 0.0013585888344522332 -0.008473695715237815 0.0099183019630126306 -0.00098582354123661372 0.016754012796233068 0.0071057541726610978 -0.0020074662227151023 0.010524175174204783 0.0025146032674173702 0.021436660409429511 0.039279936089765426 -0.00082782789173408301
leaf_weight=1513.2275227531791 476.31183551251888 2354.6708310246468 9.4304191321134549 352.73378779739141 1194.9358103945851 144.98989454656839 443.66005509346724 1684.7395145222545 19.508848510682583 884.36775140464306 951.7797569334507 9266.5046157985926 335.32731104642153 3749.1501878648996 530.97435320168734 747.81247410178185 20.16765508055687 73.747893080115318 707.38054130971432 672.35187459737062 303.38407838344574 926.31879065930843 398.16810058057308 1210.4324499368668 1223.0682678595185 721.13765409588814 1011.5681612938643 38.318732090294361 14.798311948776243 336.83671180903912
leaf_count=12052 6077 16496 60 2869 10655 1162 4413 15877 176 6419 6157 57715 2401 24652 4607 6034 132 476 4936 5584 2035 6224 2566 7795 9037 5006 7024 290 115 2637
internal_value=-0.000126671 0.00204341 0.003609 -0.0137694 -0.0139215 -0.000663365 -0.0096226 -0.0182924 -0.0306626 0.000900694 0.0053906 0.0060943 0.0038264 0.00280168 -0.00676067 -0.00821668 -0.00362718 0.0235586 -0.00210868 -0.00731008 0.00545922 0.00177701 0.00722772 0.00958269 0.00186366 0.00302201 0.00592337 -0.00234668 -0.00422901 -0.0055653
internal_weight=32317.8 27924.9 25409.2 2515.71 4392.9 7477.57 2019.89 2879.68 495.821 6194.81 17931.6 14099.3 4832.79 3832.33 1576.23 1282.76 1045.25 83.1783 1042.71 692.52 3790.08 1229.7 2560.38 1608.6 5310.44 4087.38 1732.71 534.944 496.625 481.827
internal_count=231679 193095 169237 23858 38584 54220 17605 26532 6253 43982 115017 89829 32114 25188 13192 10238 8585 536 7337 5716 24777 8259 16518 10361 37563 28526 12030 4204 3914 3799
cat_boundaries=0 1 2 3 4 5 6 7
cat_threshold=5776030 10637410 10667104 6455812 2654799 2 1174352
is_linear=0
shrinkage=0.04


Tree=24
num_leaves=31
num_cat=6
split_feature=0 27 27 26 0 12 4 27 0 27 4 19 0 14 19 26 8 19 4 14 7 27 19 14 22 3 6 19 19 21
split_gain=542.716 406.684 147.315 113.981 91.2679 51.8044 44.8334 28.8509 22.1956 31.4754 27.6011 25.5726 25.0382 23.5172 21.4063 20.7963 19.7852 19.2019 18.3628 17.5523 16.5001 16.4052 16.3347 24.088 16.0772 17.163 15.3534 14.9936 14.9294 14.4924
threshold=1.5000000000000002 -1.7116666666666664 0.029999999999999586 5.5850000000000009 5.5000000000000009 4.7888888888888896 0.017083333333333343 -0.52166666666666595 3.5000000000000004 0.72833333333333294 -0.028333333333332874 0 4.5000000000000009 0.3264550264550265 1 1.6150000000000004 5.5000000000000009 2 -0.076666666666665759 -0.15737433862433856 6.4191666666666665 2.6326666666666676 3 0.079999999999999988 12.240833333333336 6.7250000000000005 44.865000000000002 4 5 41.695000000000007
decision_type=2 2 2 2 2 10 2 2 2 2 2 1 2 10 1 2 2 1 2 10 2 2 1 10 2 2 2 1 1 2
left_child=3 5 4 28 6 22 -3 18 13 10 27 21 -12 24 -15 -7 17 -8 26 -13 -9 -11 23 -2 25 -4 -6 -10 -1 -5
right_child=1 2 8 29 7 15 16 20 9 11 12 19 -14 14 -16 -17 -18 -19 -20 -21 -22 -23 -24 -25 -26 -27 -28 -29 -30 -31
leaf_value=-0.010591780721747547 -0.0047720439085843624 0.0035918565252125285 0.00041943861683980824 -0.015713169027157928 0.0035563598389044284 -0.034345881102550928 -0.0041945917266639193 -0.0053088753526877872 0.0050788537742194537 0.016073340316170096 0.0076718012878746744 -0.0084419460405554866 0.0005503697815473623 0.0087582140881995972 -0.012142676195038395 -0.020700692770734642 -0.0084287175588360977 0.0019805851813556098 -0.013667645743710889 0.0084088266276766584 0.0083082763135986747 -0.029007965716521519 -0.017667100066379275 0.072006321935808068 0.0017348051997723376 0.0074134112081498714 0.072885882780405239 0.015698404502833229 -0.0037762619383011594 -0.022354600109327764
leaf_weight=891.09769836813211 228.4463225454092 6169.8357477635145 683.44608949124813 903.66661183536053 34.195347622036934 360.62926442176104 1390.9939809292555 892.37793049961329 428.49040086567402 984.20620104670525 1245.9010906666517 102.28843422234058 2158.4218357056379 105.91853278875351 247.67384666204453 354.26452112942934 621.81846263259649 1887.2990273758769 972.75141566246748 2989.3351606577635 169.40290714800358 13.087198227643965 233.93368330597878 6.7306037098169318 1994.1654834896326 3143.5115040242672 6.0088870748877516 489.98378391563892 1294.4173407554626 1256.8659949973226
leaf_count=7330 2173 42686 4380 8519 279 4864 10089 6659 2734 5876 7813 629 13957 711 1660 3834 4601 13608 8338 17999 1235 80 2206 55 13203 20016 48 3125 10496 12242
internal_value=8.69928e-05 0.00213407 0.00315017 -0.0130616 -0.000104122 -0.0208063 0.00146984 -0.0077435 0.0058597 0.00719655 0.00481684 0.00971238 0.00315664 0.00403852 -0.00597753 -0.027584 -0.00188712 -0.000646323 -0.0125728 0.00782599 -0.00313631 0.0153281 -0.0104775 -0.00246969 0.00464692 0.00616438 0.0139183 0.0109703 -0.00662089 -0.0195767
internal_weight=32261.2 27915.1 26731.1 4346.05 12144.7 1184 10069.9 2074.74 14586.4 8411.71 4322.8 4088.92 3404.32 6174.72 353.592 714.894 3900.11 3278.29 1012.96 3091.62 1061.78 997.293 469.111 235.177 5821.12 3826.96 40.2042 918.474 2185.52 2160.53
internal_count=231445 192858 179726 38587 87543 13132 70984 16559 92183 52213 27629 24584 21770 39970 2371 8698 28298 23697 8665 18628 7894 5956 4434 2228 37599 24396 327 5859 17826 20761
cat_boundaries=0 1 2 3 4 5 6
cat_threshold=8690176 4735363 9180778 6744856 6476429 8866689
is_linear=0
shrinkage=0.04


Tree=25
num_leaves=31
num_cat=2
split_feature=0 28 26 26 12 0 0 12 15 23 12 8 23 0 12 20 22 28 5 0 8 29 30 4 29 30 4 22 14 4
split_gain=541.43 366.347 152.479 89.4649 55.8524 31.594 29.7798 24.0642 22.4464 23.1536 21.415 19.703 18.2481 19.5147 20.5873 16.6701 15.5711 15.3904 15.3431 15.2442 19.4233 14.5861 13.9876 13.6896 13.0469 14.0493 12.9139 12.7047 12.0012 11.9524
threshold=1.5000000000000002 5.5000000000000009 2.4150000000000005 5.6850000000000014 3.8819444444444451 4.5000000000000009 5.5000000000000009 3.5277777777777781 5.5000000000000009 3.5000000000000004 5.4142857142857155 5.5000000000000009 4.5000000000000009 4.5000000000000009 2.9500000000000006 30.450000000000003 -12.485833333333328 1.5000000000000002 5.5000000000000009 2.5000000000000004 5.5000000000000009 4.2550000000000008 0 0.039999999999999598 4.4450000000000012 1 0.043333333333334341 -22.282499999999999 0.31679894179894191 0.064999999999999961
decision_type=2 2 2 2 10 2 2 8 10 2 10 2 2 2 8 2 2 2 2 2 2 2 1 2 2 1 2 2 10 2
left_child=3 4 10 15 12 11 7 -4 9 16 21 27 19 24 -15 -1 -7 -5 22 28 -21 -3 -9 -22 25 -14 -19 -6 -2 -29
right_child=1 2 6 17 5 8 -8 18 -10 -11 -12 -13 13 14 -16 -17 -18 26 -20 20 23 -23 -24 -25 -26 -27 -28 29 -30 -31
leaf_value=-0.0052836993221727123 0.003720871950238291 -0.021781641464969383 0.0016086835932534516 -0.023346067463583114 -0.0055854741706372448 0.057825020537066348 -0.013831193625849348 -0.00035185571056706318 -0.013224552316788332 -0.0061436039981121737 -0.035193281074541977 -0.0042828515601681669 -0.003872283687118333 0.0055194661220096955 -0.0043995338030762251 -0.012362410886549895 0.0030069853058989093 -0.017382652852411213 -0.014788677455318368 0.0069508506152967144 0.0041947231975777996 0.028304925768064822 -0.0083853693829959702 -0.0046090511661405625 0.0079272623445678283 0.0048760177324385151 0.00027181717743978036 0.0052411205280620552 -0.0072009944479575119 -0.0044021801700790111
leaf_weight=1488.2097815051675 2888.3159265145659 286.66090628504753 818.19797103106976 879.8495779633522 214.36172543466091 8.392351567745207 618.03009504079819 617.12544483691454 332.47594946622849 864.11408453434706 310.17976915836334 568.369210973382 426.29670584201813 506.24267663806677 988.60054430365562 828.68945045769215 684.69612275063992 1019.1424641609192 309.38035252690315 9986.9916308373213 1296.334860086441 9.6149087846279127 804.37979327142239 361.3814240321517 1124.8127341940999 899.18477214127779 70.905434504151344 2691.4537838697433 170.47249919176102 222.66100709140301
leaf_count=11954 19010 3272 6032 8872 1531 71 5666 4919 2514 6657 4412 3879 2802 3387 7042 7148 4680 9780 2611 63720 8250 80 6444 2366 7343 5906 675 18015 1162 1545
internal_value=9.46939e-05 0.00212088 -0.0094724 -0.0131438 0.00392603 0.000417617 -0.00595392 -0.00404406 -0.00378978 -0.00177537 -0.0278471 0.00256827 0.00497704 0.00256144 -0.00104037 -0.00781555 0.00367076 -0.0194107 -0.00671613 0.00562517 0.00628528 -0.0201562 -0.0049592 0.0022755 0.00475878 0.00206999 -0.0162343 0.00381295 0.00311217 0.0045043
internal_weight=32295.5 28008.7 3773.57 4286.8 24235.2 5586.52 3167.11 2549.08 1889.68 1557.2 606.456 3696.85 18648.6 3945.14 1494.84 2316.9 693.088 1969.9 1730.89 14703.5 11644.7 296.276 1421.51 1657.72 2450.29 1325.48 1090.05 3128.48 3058.79 2914.11
internal_count=231745 193316 33436 38429 159880 38892 25672 20006 13922 11408 7764 24970 120988 26480 10429 19102 4751 19327 13974 94508 74336 3352 11363 10616 16051 8708 10455 21091 20172 19560
cat_boundaries=0 1 2
cat_threshold=404 133
is_linear=0
shrinkage=0.04


Tree=26
num_leaves=31
num_cat=9
split_feature=0 27 12 27 10 0 0 0 4 19 19 4 20 19 30 14 27 27 27 0 0 4 19 19 9 19 14 19 14 12
split_gain=481.648 340.469 112.233 107.734 95.783 65.8552 36.1511 25.9815 24.7484 23.4941 22.3182 20.7711 20.1538 19.8215 18.5694 17.3657 16.1465 15.3972 15.583 18.0075 16.5239 21.5593 15.7863 14.571 14.5444 26.5096 15.9716 16.0766 15.312 21.9449
threshold=1.5000000000000002 -1.1833333333333331 5.2361111111111116 0.029999999999999586 0 5.5000000000000009 5.5000000000000009 2.5000000000000004 0.026666666666665954 1 2 -0.03666666666666573 46.350000000000009 3 4 0.040039682539682563 -2.7274999999999991 2.6326666666666676 0.7533333333333333 4.5000000000000009 5.5000000000000009 -0.021833333333333368 5 6 48.500000000000007 7 0.23346560846560852 8 0.26679894179894187 2.4365079365079372
decision_type=2 2 10 2 1 2 2 2 2 1 1 2 2 1 1 8 2 2 2 2 2 2 1 1 2 1 10 1 10 10
left_child=4 2 6 5 9 8 -2 -5 23 -1 -7 -12 15 14 -10 -6 -4 18 20 -20 -9 -22 -23 -3 26 28 -21 -28 29 -26
right_child=1 3 16 7 12 10 -8 17 13 -11 11 -13 -14 -15 -16 -17 -18 -19 19 24 21 22 -24 -25 25 -27 27 -29 -30 -31
leaf_value=-0.00017179649284633017 -0.0052532032259956819 0.00077433547093325259 -0.035554001809559463 0.002192005154844771 -0.010262395877297799 0.00083785740929995256 -0.018186624691790238 0.0061578097018945271 0.01246276526615674 -0.009362973463344618 0.0025731871541540474 -0.011470357792622055 -0.022506009188362763 -0.0033070984722818842 -0.0015930811642644535 -0.019015862392784487 -0.020922275580699562 -0.011058870055374592 0.0057662813331246744 0.0093653126484137435 0.0095749934257949275 0.0038627152891186202 -0.0063203388480459668 0.0046939232590185861 0.083858483337744177 -0.0035761374162574444 0.0023927092358862023 0.019388516532652604 -0.0062618182794169554 0.020654914758957626
leaf_weight=747.04472539573908 1618.6553355231881 2708.0376675650477 281.0837401971221 3101.8269410580397 669.0751521512866 467.1470747590065 439.73125394433737 4871.7859223484993 269.84542687982321 1115.8431337624788 197.41012880206108 1151.0725985467434 943.76318142563105 2188.6106332913041 326.49844812601805 791.69894585758448 211.4495022892952 81.038935929536819 2709.6087090224028 1456.3944520652294 354.39784295856953 421.21355910599232 553.58924570679665 3485.6360907256603 9.7899497002363187 277.52244322001934 122.22673051059246 575.78270675241947 28.547963351011276 86.023445144295692
leaf_count=6104 13680 18498 4083 20277 6215 3540 4503 30561 1909 9265 1527 9145 9551 15703 2306 7512 2437 508 16910 8613 2282 2725 3637 23700 58 1643 720 3382 168 510
internal_value=-9.6853e-05 0.00181133 -0.0121203 0.00320807 -0.0126148 0.000175836 -0.00801616 0.00544228 0.00158081 -0.00569778 -0.00677201 -0.00934516 -0.0178757 -0.00155099 0.00486783 -0.0150065 -0.0292725 0.00631532 0.00643811 0.00803825 0.00507927 0.00112619 -0.00194544 0.002989 0.0104465 0.00346069 0.0117496 0.0167245 0.0180038 0.0271129
internal_weight=32262.4 27994.9 2550.92 25444 4267.43 10794.3 2058.39 14649.7 8978.63 1862.89 1815.63 1348.48 2404.54 2784.95 596.344 1460.77 492.533 11547.9 11466.9 5265.9 6200.99 1329.2 974.803 6193.67 2556.29 401.884 2154.4 698.009 124.361 95.8134
internal_count=231672 193025 24703 168322 38647 76328 18183 91994 62116 15369 14212 10672 23278 19918 4215 13727 6520 71717 71209 32004 39205 8644 6362 42198 15094 2379 12715 4102 736 568
cat_boundaries=0 1 2 3 4 5 6 7 8 9
cat_threshold=12 1881130 1581070 172292 153 4517141 571023 14829588 2626560
is_linear=0
shrinkage=0.04


Tree=27
num_leaves=31
num_cat=8
split_feature=27 27 29 26 8 5 5 23 26 26 22 19 19 19 19 29 6 13 10 18 11 19 21 7 19 9 13 19 23 15
split_gain=263.076 74.832 36.0249 27.0659 26.3436 24.3578 22.4399 21.9507 20.9061 17.7297 17.6115 15.9639 15.8216 15.4022 15.33 16.6564 14.0267 18.6175 15.7311 13.4756 13.4384 18.7711 13.4324 17.9649 12.8471 11.9268 11.5678 11.3393 10.9616 17.1624
threshold=-1.8600000000000003 -0.81916666666666671 2.0050000000000003 1.6150000000000004 5.5000000000000009 1.5000000000000002 4.5000000000000009 4.5000000000000009 6.5950000000000006 1.3550000000000002 -13.723333333333329 0 1 2 3 4.9250000000000007 41.045000000000009 0.21111111111111114 4 1.0000000180025095e-35 1.5000000000000002 5 19.110000000000003 6.2891666666666675 6 29.500000000000004 0.47222222222222227 7 3.5000000000000004 4.5000000000000009
decision_type=2 2 2 2 2 2 2 2 2 2 2 1 1 1 1 2 2 8 1 10 2 1 2 2 1 2 10 1 2 10
left_child=2 4 3 28 6 8 11 10 12 -4 -7 -2 -3 -6 15 22 18 -18 -13 20 21 -9 23 -8 26 -17 -11 -22 29 -1
right_child=1 5 9 -5 13 7 14 19 -10 24 -12 16 -14 -15 -16 25 17 -19 -20 -21 27 -23 -24 -25 -26 -27 -28 -29 -30 -31
leaf_value=0.056635497646143111 0.0029700153480189083 0.0037933395562788031 0.034613383426902337 -0.017429592998798048 -0.0044669891848008536 0.012097883169444259 -0.0046424424748137015 0.01519548856932036 -0.0057242691642308682 -0.0024554691963012422 0.0024958462106774108 -0.0036964391102405321 -0.0014546671453415814 -0.018500257610730979 -0.01111442972482357 0.055236955949734774 -0.0053838421143989033 0.014700364521300885 -0.017267380235327576 0.0015428353982987035 0.00099539888526418421 -0.0055038164776835654 -0.016054278687721892 0.029032770173687949 -0.018047950544297194 0.0090669390175144998 0.064010603734255905 -0.005748448628084153 -0.034398089418417634 -0.034047916544782869
leaf_weight=5.5182848572731009 971.65965864062309 1378.7082666009665 14.839257709681986 371.99538665264845 246.97529640048742 311.2821786031127 135.6301588639617 140.26589976251125 1179.3097186908126 117.33429281413555 16816.775432370603 932.6899962797761 2708.9430236443877 300.83029223233461 737.48224579542875 10.201401568949221 158.20267329365015 138.49346385151148 154.8025878444314 2672.9434465616941 561.06462647020817 126.50926708430052 116.40797543525696 31.17236191034317 138.47439435869455 73.100898891687393 4.344722017645835 1386.4018103331327 334.21961137652397 8.4561169147491437
leaf_count=62 7580 9724 129 4192 2057 2111 1139 968 8681 1136 114004 7315 19195 2528 6158 84 1250 1065 1234 18411 3962 880 965 257 1351 599 37 9818 4866 117
internal_value=1.73941e-05 0.00066134 -0.0202291 -0.0249318 -0.0044425 0.00141107 -0.00315206 0.00199567 -0.00103247 -0.00791303 0.00267035 -0.000946833 0.000321134 -0.0125927 -0.00785785 -0.000975227 -0.00369114 0.00399117 -0.00582101 -0.000368874 -0.00267661 0.00574282 -0.00562649 0.00165084 -0.0103387 0.014721 -7.59609e-05 -0.00382995 -0.0329469 0.00176162
internal_weight=32285 31289.9 995.182 720.189 4007.65 27282.2 3459.84 22015.2 5266.96 274.993 17128.1 2355.85 4087.65 547.806 1104 366.513 1384.19 296.696 1087.49 4887.19 2214.24 266.775 283.21 166.803 260.153 83.3023 121.679 1947.47 348.194 13.9744
internal_count=231875 219985 11890 9237 32231 187754 27646 150154 37600 2653 116115 18444 28919 4585 9202 3044 10864 2315 8549 34039 15628 1848 2361 1396 2524 683 1173 13780 5045 179
cat_boundaries=0 1 2 3 4 5 6 7 8
cat_threshold=15145536 8952004 2259302 1089694 4 14304169 10676626 2974720
is_linear=0
shrinkage=0.04


Tree=28
num_leaves=31
num_cat=9
split_feature=0 27 27 26 0 27 23 28 9 27 0 0 28 26 20 5 19 19 19 4 19 20 11 19 19 19 19 11 19 1
split_gain=451.238 321.122 103.607 75.3438 57.0884 56.6472 28.0558 27.3123 24.1971 22.4309 32.4512 20.3046 21.2256 17.7573 16.8504 16.7532 16.5694 16.4296 16.3816 16.1662 20.9348 15.9682 16.3595 16.9898 16.034 15.2489 15.1238 15.0058 14.8819 14.7596
threshold=1.5000000000000002 -1.5999999999999992 -0.35333333333333322 5.6850000000000014 4.5000000000000009 -2.5758333333333323 3.5000000000000004 3.5000000000000004 26.500000000000004 0.36166666666666686 5.5000000000000009 3.5000000000000004 1.5000000000000002 7.7550000000000008 24.755000000000006 4.5000000000000009 0 1 2 -0.051666666666667187 3 27.635000000000002 7.5000000000000009 4 5 6 7 5.5000000000000009 8 51.740000000000002
decision_type=2 2 2 2 2 2 2 2 2 2 2 2 2 2 2 2 1 1 1 2 1 2 2 1 1 1 1 2 1 2
left_child=3 5 4 14 28 8 7 27 -2 10 21 12 13 16 -1 -7 -11 -14 -12 20 -8 24 25 -24 -4 -23 29 -6 -3 -9
right_child=1 2 9 -5 6 15 19 26 -10 11 18 -13 17 -15 -16 -17 -18 -19 -20 -21 -22 22 23 -25 -26 -27 -28 -29 -30 -31
leaf_value=-0.0032039417923222647 -0.031237352067651429 -0.0018856090694298233 0.011171190770100559 -0.018119360184167727 0.072544688901357568 -0.007798955938294422 -0.010889841327981134 0.0050786402118278519 0.013525217478917119 0.0057363149695325412 -0.012006974433068682 0.0069376523958230253 0.008839115215003867 0.021438849149574116 -0.010201205217947882 -0.01980277542372735 -0.0029932793035975657 0.002490716687826959 -0.00078665481178505023 -0.0093785198801219962 0.016336566090806186 0.016158178321884226 0.0090917101099056135 0.00253016123415706 0.003561301645801688 -0.00032703355123213108 -0.0056977575632441227 0.014252985044757636 0.0029218609269888117 0.069415040434845671
leaf_weight=920.24756252765656 426.25060188025236 1524.0097539499402 817.75088380277157 1929.1850508078933 12.26630958914757 582.48383959382772 76.976814389228821 281.75063709169626 20.239494368433952 465.17099191248417 243.58087650686502 6195.2438136190176 1315.1984254866838 60.146862417459488 1371.0207925289869 273.31752111762762 1290.3154991418123 1337.5908041596413 1191.986875988543 1863.3666527345777 85.541200175881386 83.308626249432564 952.20122198760509 1917.2724093645811 1024.5421334058046 2367.310679718852 397.39829488843679 16.666314512491226 3141.9544928893447 5.8232392147183409
leaf_count=7458 6126 10928 5295 19478 88 5684 606 2182 191 3073 1768 37311 8312 401 11642 2781 8541 8484 8361 15241 667 535 6140 12435 6662 15325 3137 119 22303 45
internal_value=-0.00010317 0.00173649 0.00268363 -0.0122949 -0.00133729 -0.0176584 -0.00592042 0.000898263 -0.0292083 0.00422961 0.00270943 0.0054553 0.00340009 6.77463e-05 -0.00739088 -0.0116326 -0.000664475 0.00568083 -0.00277959 -0.00832326 0.0037759 0.00380961 0.00269819 0.00474804 0.00701912 0.000297981 -0.000709702 0.0389664 0.00135385 0.00616697
internal_weight=32190.1 27969.7 26667.4 4220.45 7405.75 1302.29 2739.79 713.905 446.49 19261.6 8597.95 10663.7 4468.42 1815.63 2291.27 855.801 1755.49 2652.79 1435.57 2025.88 162.518 7162.39 5320.09 2869.47 1842.29 2450.62 684.972 28.9326 4665.96 287.574
internal_count=231319 192741 177959 38578 55316 14782 22085 5571 6317 122643 56521 66122 28811 12015 19100 8465 11614 16796 10129 16514 1273 46392 34435 18575 11957 15860 5364 207 33231 2227
cat_boundaries=0 1 2 3 4 5 6 7 8 9
cat_threshold=592402 8291265 8536096 10891012 8811648 13514056 2097152 4793174 5775897
is_linear=0
shrinkage=0.04


Tree=29
num_leaves=31
num_cat=9
split_feature=20 28 28 5 12 12 15 4 12 19 20 28 19 12 19 22 8 8 12 19 4 19 29 19 12 30 19 20 19 23
split_gain=213.408 93.3102 41.0334 28.8306 28.765 27.9173 26.7378 20.4588 16.1185 15.3257 13.4396 13.8616 14.6213 22.6525 13.0834 16.6043 13.1674 11.7866 11.6822 11.6302 12.1151 11.2009 16.8883 11.1372 11.0052 10.8402 12.6909 10.7165 11.9501 10.1168
threshold=3.4000000000000008 5.5000000000000009 3.5000000000000004 1.5000000000000002 4.9500000000000011 3.3166666666666669 4.5000000000000009 0.018333333333333982 1.6125000000000003 0 22.325000000000003 4.5000000000000009 1 3.8944444444444448 2 -18.884166666666662 2.5000000000000004 4.5000000000000009 4.7888888888888896 3 -0.041666666666666512 4 6.245000000000001 5 3.9500000000000006 6 7 54.750000000000007 8 3.5000000000000004
decision_type=2 2 2 2 8 8 8 2 8 1 2 2 1 10 1 2 2 2 8 1 2 1 2 1 8 1 1 2 1 2
left_child=2 3 -1 8 14 23 10 17 -2 -10 21 27 -13 -14 -4 -16 -17 25 -9 20 24 22 -5 -3 -8 26 -7 -12 -29 -23
right_child=1 5 4 6 -6 7 19 18 9 -11 11 12 13 -15 15 16 -18 -19 -20 -21 -22 29 -24 -25 -26 -27 -28 28 -30 -31
leaf_value=0.114724312438097 -0.020376373065565598 0.0073304460055120127 -0.019359338399186916 0.0086474350955747497 -0.02836815769037573 0.0079247015995180092 0.041544547498929232 -0.010066332272149902 0.0015019162029998065 -0.002821891899603034 0.00303590130699033 0.0029679030295246081 -0.0015590931940347968 -0.017856917880725406 -0.015628152563273698 0.054966805740695575 0.0062147368142805625 -0.0098787020611531117 -0.021733404967595567 -0.0021124204429960828 0.0015455147226849173 0.0079844900979672926 0.061467917722816533 -0.0024507035571917023 0.002265338695165302 -0.0065451208545296404 -0.0035256180327466777 0.0042993188390761444 -0.004328774117298274 -0.00023315869707058817
leaf_weight=3.4384145736694327 69.461127258837223 280.86195112019777 60.275836706161499 886.21786390244961 483.86822961643338 247.72623506188393 23.493594780564308 852.20317433774471 2277.4046368971467 3070.3157556802034 13432.44830583781 744.52191032469273 722.87404438108206 168.20072048157454 33.067299574613571 13.430340982973574 26.071077018976212 507.57678007334471 163.69091209024191 3084.6609074771404 1459.2157691568136 389.55903486162424 9.792058087885378 509.78143404424191 22.194649524986744 567.12097950279713 379.14296462386847 401.64062449336052 675.27883725613356 623.10741045325994
leaf_count=26 513 2151 626 6313 6880 2042 165 7332 16242 22060 89773 5381 5194 1245 367 120 242 4315 1551 22052 10400 2683 67 3920 161 4677 3131 2698 4567 4501
internal_value=0.000164235 0.00062073 -0.0230734 0.00138966 -0.0238417 -0.00552974 0.00201679 -0.00745446 -0.00123167 -0.000983004 0.00270983 0.00233458 -0.00115629 -0.00458405 -0.00735466 0.00464422 0.0227903 -0.00477271 -0.0119462 -0.000709365 0.00216618 0.00588395 0.00912287 0.00108559 0.0224633 -0.00260211 0.0010527 0.0027281 -0.00111117 0.00289943
internal_weight=32188.6 31568.5 620.151 28060.4 616.713 3508.1 22643.2 2717.46 5417.18 5347.72 18053.6 16145 1635.6 891.075 132.845 72.5687 39.5014 1701.57 1015.89 4589.56 1504.9 1908.68 896.01 790.643 45.6882 1193.99 626.869 14509.4 1076.92 1012.67
internal_count=231395 223134 8261 194015 8235 29119 155200 23048 38815 38302 122422 108858 11820 6439 1355 729 362 14165 8883 32778 10726 13564 6380 6071 326 9850 5173 97038 7265 7184
cat_boundaries=0 1 2 3 4 5 6 7 8 9
cat_threshold=10001096 8824410 10296546 7479457 5461547 3544480 108 6750568 11086032
is_linear=0
shrinkage=0.04


Tree=30
num_leaves=31
num_cat=8
split_feature=0 27 26 12 28 0 0 5 19 19 19 20 27 0 14 19 6 19 19 20 5 20 7 12 9 19 28 27 0 19
split_gain=419.891 261.48 89.7484 89.5378 67.859 46.1508 27.9347 24.9127 23.1893 19.1755 17.7047 16.0418 16.9705 29.2204 21.0712 18.4602 15.8919 16.3601 15.7167 16.3875 15.6357 15.3572 15.3471 14.0851 13.6929 13.9932 13.6189 13.2546 13.0809 20.9302
threshold=1.5000000000000002 -1.2099999999999995 5.6750000000000007 5.4365079365079376 4.5000000000000009 3.5000000000000004 5.5000000000000009 5.5000000000000009 0 1 2 21.140000000000004 0.54666666666666719 4.5000000000000009 0.3264550264550265 3 40.795000000000009 4 5 62.090000000000011 4.5000000000000009 24.755000000000006 -3.7063333333333328 3.8944444444444448 61.500000000000007 6 1.5000000000000002 1.3508333333333338 5.5000000000000009 7
decision_type=2 2 2 10 2 2 2 2 1 1 1 2 2 2 10 1 2 1 1 2 2 2 2 10 2 1 2 2 2 1
left_child=2 3 21 6 7 10 16 11 -9 -7 -6 -3 28 14 15 -14 20 -18 -15 -20 -2 24 -11 -12 25 -1 -4 -10 -13 -30
right_child=1 4 26 -5 5 9 -8 8 27 22 23 12 13 18 -16 -17 17 -19 19 -21 -22 -23 -24 -25 -26 -27 -28 -29 29 -31
leaf_value=0.0029420346623201432 -0.0039902214635446319 0.0099001759668906168 -0.021854212321335255 -0.030260897414887706 0.0085976829487410984 -0.00039192093437904454 -0.016560644875142243 -0.0048385639797539825 0.0019377870522128556 -0.01204224376651798 0.0042468223950564953 0.0038837675156711917 0.0013652351021955314 0.0049309975788929686 -0.0042568458386787475 0.0067711151340973975 0.012211473899803475 -0.0062422780260494538 0.011903793764943745 -0.012990963388481533 -0.013251021312855995 -0.0090685467614866119 -0.0041441777179690919 -0.0030153249312906485 0.043798578584300411 -0.0070144355251691463 -0.0150831383304463 0.013037084000600774 -0.0069368280624938876 0.0031870221951926744
leaf_weight=383.29091349989176 852.59577437490225 898.28716032207012 852.96786352992058 328.67556155472994 728.2946677878499 1523.0233701691031 449.66530276834965 859.64975345134735 1599.0262243971229 556.94469691812992 1017.5994809493423 7129.2540660649538 1647.4508771151304 1053.7760184109211 461.60556361079216 2682.8490969240665 145.06968564540148 144.6525497585535 1764.0369477421045 43.346978425979614 443.4097405821085 1340.9774762094021 1342.5619131475687 736.65702929347754 10.167495958507059 529.61926571279764 1073.3519992157817 192.91426387429237 489.1586891040206 936.0780787691474
leaf_count=3072 7337 5931 9016 5055 5059 11527 4920 5606 10477 4303 6986 45620 10443 6221 2986 16879 1244 1242 10360 259 4082 11458 10126 5296 83 4344 10684 1183 3444 6381
internal_value=7.48907e-05 0.00184063 -0.011735 -0.0108889 0.0030133 -0.000749113 -0.00776075 0.00413781 0.000530156 -0.00376082 0.00340292 0.00469703 0.00440865 0.0057771 0.00386723 0.00473325 -0.00526536 0.00320391 0.00897576 0.0112445 -0.00715867 -0.00633529 -0.0064261 0.00119048 -0.00236462 -0.00287876 -0.0180813 0.00311531 0.0031844 -0.000313917
internal_weight=32217 28026.6 4190.38 2364.07 25662.5 5905.08 2035.39 19757.4 2651.59 3422.53 2482.55 17105.8 16207.6 7653.07 4791.91 4330.3 1585.73 289.722 2861.16 1807.38 1296.01 2264.06 1899.51 1754.26 923.078 912.91 1926.32 1791.94 8554.49 1425.24
internal_count=231624 192967 38657 23880 169087 43297 18825 125790 17266 25956 17341 108524 102593 47148 30308 27322 13905 2486 16840 10619 11419 18957 14429 12282 7499 7416 19700 11660 55445 9825
cat_boundaries=0 1 2 3 4 5 6 7 8
cat_threshold=8564792 4694809 485378 4350110 3852693 2913289 5780588 10682978
is_linear=0
shrinkage=0.04


Tree=31
num_leaves=31
num_cat=1
split_feature=0 27 20 12 27 0 0 8 27 20 0 14 0 27 10 28 7 3 28 29 20 27 22 20 11 31 20 12 7 24
split_gain=376.835 272.59 93.5429 84.1393 52.4612 33.7148 24.6097 19.9942 18.438 22.5801 20.6634 26.5478 19.476 16.6331 14.7474 13.328 13.2681 17.1333 12.7782 12.7285 12.7088 12.6508 12.6103 12.4511 14.6442 12.3518 12.3196 12.2146 12.5501 12.1635
threshold=1.5000000000000002 -1.2099999999999995 34.660000000000004 5.4365079365079376 -0.44000000000000011 4.5000000000000009 4.5000000000000009 5.5000000000000009 0.36166666666666686 50.535000000000004 3.5000000000000004 0.24983465608465616 5.5000000000000009 -0.42999999999999922 0 4.5000000000000009 4.166666666666667 7.0450000000000008 4.5000000000000009 5.6250000000000009 59.225000000000001 0.7533333333333333 5.546666666666666 38.185000000000009 10.500000000000002 3.5000000000000004 29.430000000000003 3.6458333333333335 7.8600000000000021 1.5000000000000002
decision_type=2 2 2 10 2 2 2 2 2 2 2 10 2 2 1 2 2 2 2 2 2 2 2 2 2 2 2 10 2 2
left_child=2 3 -1 6 5 16 -2 -7 9 12 11 23 13 -6 25 -8 19 -18 -5 -3 21 26 -22 -10 -25 -4 -12 -14 -29 -23
right_child=1 4 14 18 8 7 15 -9 10 -11 20 -13 27 -15 -16 -17 17 -19 -20 -21 22 29 -24 24 -26 -27 -28 28 -30 -31
leaf_value=-0.0049166787257445008 -0.0045267400070405145 -0.001037856108165675 -0.023082928498822899 0.031665488975825509 0.020799736871139677 -0.0033472505809571695 0.019890056645504701 -0.014922021595701287 0.0074013785515758251 -0.0049800477141068132 0.01210146105952842 -0.0043611029697975248 0.0012322893934170653 0.0034842107307979748 -0.013000143959241189 -0.014054958121426313 0.0070227385808625245 -0.022527949412821238 -0.031528484655908504 0.0069370586777369337 0.011891101544608968 0.011109277703124573 -0.0076883369512499326 0.00097994480319253674 0.0086388845246047358 -0.014210986836851392 0.0030533619492887753 -0.0088244313258076298 0.01084576625654596 0.0063643167832682255
leaf_weight=1912.5378654524684 1118.9932315945625 2162.458233974874 824.01454434543848 5.2036798149347296 89.849798433482647 1704.3969999179244 18.894999913871288 277.68272243440151 1193.1942769438028 629.94892062991858 275.31938050687313 719.51808758080006 992.02902648597956 7322.7218303605914 1057.078491859138 901.1088825315237 824.85768975317478 32.634485177695751 316.9971458055079 375.8771360591054 72.416704013943672 1318.4718393832445 192.63553632795811 2072.498420342803 494.80282710492611 361.11315508186817 1918.5920267552137 433.91433273255825 58.94838785380125 2509.8762542456388
leaf_count=15852 9525 15330 8659 57 617 13583 141 2307 7417 4133 1673 4745 7013 47433 10364 9311 5730 231 5047 2610 440 7710 1161 13391 3185 3794 11830 3174 421 14750
internal_value=-0.000173105 0.00149305 -0.0114154 -0.0115129 0.00268925 -0.00082335 -0.00851135 -0.00496884 0.00362006 0.00233834 0.00475418 0.00267831 0.00285649 0.0036941 -0.0169586 -0.0133578 0.00159629 0.0058981 -0.0305079 0.000143071 0.00623333 0.00661062 -0.00233891 0.0040252 0.00245607 -0.0202091 0.00418883 -0.00132484 -0.0064718 0.00799847
internal_weight=32188.6 28033.8 4154.74 2361.2 25672.6 5377.91 2039 1982.08 20294.7 9527.41 10767.3 4480.01 8897.46 7412.57 2242.21 920.004 3395.83 857.492 322.201 2538.34 6287.31 6022.26 265.052 3760.5 2567.3 1185.13 2193.91 1484.89 492.863 3828.35
internal_count=231634 192965 38669 24081 168884 39791 18977 15890 129093 62791 66302 28738 58658 48050 22817 9452 23901 5961 5104 17940 37564 35963 1601 23993 16576 12453 13503 10608 3595 22460
cat_boundaries=0 1
cat_threshold=1
is_linear=0
shrinkage=0.04


Tree=32
num_leaves=31
num_cat=8
split_feature=0 27 28 26 27 0 22 27 19 19 14 9 5 19 4 7 27 24 22 16 14 30 19 4 19 7 19 19 27 4
split_gain=348.035 229.11 85.6004 80.2918 44.7292 43.3631 27.4083 25.5146 23.6678 21.8482 24.0339 21.8542 21.8107 26.6897 17.819 17.7808 17.4635 15.402 14.4697 14.0027 13.7447 13.5602 16.3029 16.2781 15.5988 13.8178 13.339 12.6869 12.5889 12.5296
threshold=1.5000000000000002 -1.7116666666666664 4.5000000000000009 5.955000000000001 -2.7274999999999991 4.5000000000000009 -5.5366666666666662 -0.546333333333333 0 1 0.077777777777777821 30.500000000000004 5.5000000000000009 2 -0.081666666666665652 8.0158333333333385 0.46916666666666634 1.5000000000000002 -6.6258333333333352 0.36666666666666675 0.066732804232804269 3 4 0.040000000000000487 5 -3.7063333333333328 6 7 -1.3583333333333329 0.0083333333333341936
decision_type=2 2 2 2 2 2 2 2 1 1 10 2 2 1 2 2 2 2 2 10 10 1 1 2 1 2 1 1 2 2
left_child=3 4 12 8 6 21 -2 9 -1 10 -7 17 14 -14 26 27 -15 -12 -10 -20 29 24 23 -23 25 -4 -3 -9 -16 -6
right_child=1 2 5 -5 20 7 -8 15 18 -11 11 -13 13 16 28 -17 -18 -19 19 -21 -22 22 -24 -25 -26 -27 -28 -29 -30 -31
leaf_value=-0.0030317489780141683 -0.030493652929415582 -0.014737677765148291 -0.0012265334411650107 -0.018521065215632335 -0.0071662524274726325 -0.0046234904404997262 0.038928340245374074 -0.0088778910472867567 -0.0047658374272307857 -0.011443440604292423 0.0065251620177641722 0.0055963726978603056 -0.0046852100031160885 -0.00025853534011121871 0.037739250818453973 0.016170049730421292 0.0082810481900674957 0.084867543045701654 -0.00934100009679956 -0.019589154349891415 0.029346239122978224 0.0053582256191383884 -0.0045664010098391368 -0.0098290539565743761 0.00073354786841459834 0.011630530307286698 0.00014333245602102577 0.002144982796367558 0.0041683718051096288 -0.01790777025572611
leaf_weight=1317.2864886745811 338.16520227491856 104.03232029080391 186.06046953052282 1492.5397488251328 394.2207351885736 566.08415879309177 9.3509130887687189 257.63981384038925 427.73318019509315 1216.9420933648944 6.001475594937804 38.128649584949017 1105.7127125859261 888.00876972824335 17.891773082315922 97.999799616634846 673.95399165153503 12.131621837615965 495.74795540422201 374.45801192522049 13.167784005403517 661.26883319020271 1242.8000672236085 136.17072924226522 1792.052460886538 475.65171127021313 630.10355150699615 439.26343960314989 16473.215494088829 310.6815470866859
leaf_count=11280 5339 671 1344 15883 4245 4841 79 1938 3661 10445 49 309 7207 6007 118 714 4112 97 4334 3388 111 4669 8925 1017 12830 3362 4056 3260 103930 3445
internal_value=-0.000243482 0.00134702 0.00206444 -0.0111185 -0.0168453 -0.00169658 -0.0286257 -0.00577155 -0.00689371 -0.00835954 -0.00211144 0.0227886 0.00341212 4.65257e-05 0.00393335 0.000216689 0.00340432 0.0589387 -0.0107074 -0.0137509 -0.0111441 0.000691983 -0.00171492 0.0027306 0.00268928 0.00789605 -0.00216421 -0.0020267 0.00420479 -0.0119005
internal_weight=32194.5 28086.7 27021.1 4107.77 1065.59 7128.2 347.516 2634.19 2615.23 1839.29 622.346 56.2617 19892.9 2667.68 17225.2 794.903 1561.96 18.1331 1297.94 870.206 718.07 4494 2040.24 797.44 2453.76 661.712 734.136 696.903 16491.1 704.902
internal_count=231666 193120 179901 38546 13219 53800 5418 21653 22663 15741 5296 455 126101 17326 108775 5912 10119 146 11383 7722 7801 32147 14611 5686 17536 4706 4727 5198 104048 7690
cat_boundaries=0 1 2 3 4 5 6 7 8
cat_threshold=5813358 9503509 9610298 405 3050464 8635398 2232736 8804224
is_linear=0
shrinkage=0.04


Tree=33
num_leaves=31
num_cat=8
split_feature=27 28 12 21 23 5 12 22 19 11 19 27 19 27 5 27 19 7 9 20 7 12 19 19 20 19 16 26 12 19
split_gain=174.536 69.3203 24.2688 22.6064 22.358 25.2864 16.5403 16.4247 16.2222 15.3986 14.9223 14.1276 15.5957 12.4987 13.4661 13.4403 12.8354 20.1275 12.9458 11.6961 11.3376 23.4617 13.5439 12.1737 11.8508 21.3839 15.3733 13.6269 12.2573 11.5166
threshold=-2.5758333333333323 5.5000000000000009 3.5634920634920637 3.9350000000000005 4.5000000000000009 1.5000000000000002 4.2928571428571436 -14.23833333333333 0 1.5000000000000002 1 0.93333333333333302 2 -0.55833333333333324 4.5000000000000009 -1.2099999999999995 3 -0.89633333333333087 37.500000000000007 63.565000000000005 -4.4749999999999952 3.8944444444444448 4 5 41.395000000000003 6 0.90000000000000013 5.8450000000000006 4.2111111111111121 7
decision_type=2 2 8 2 2 2 10 2 1 2 1 2 1 2 2 2 1 2 2 2 2 10 1 1 2 1 10 2 8 1
left_child=3 4 -3 -1 5 11 8 -7 9 -6 -8 -2 -13 14 -4 -16 17 18 -15 -11 21 22 -9 -23 25 26 -22 -27 -26 -30
right_child=1 2 13 -5 6 7 10 20 -10 19 -12 12 -14 16 15 -17 -18 -19 -20 -21 24 23 -24 -25 28 27 -28 -29 29 -31
leaf_value=-0.028684283107913489 0.00047708186887308608 -7.1227091168585716e-05 -0.0056513545642447715 0.004947090907742902 0.014810735558795297 0.010705435612883405 -0.00043259511728293258 -0.0019672624644774426 -0.002039493009624865 0.0013276683138402287 -0.01049840491834079 -0.0094564650567602309 -0.00088248415034474826 0.088313144202011709 -0.016789258072061119 -0.0061752667848049073 -0.0058199385868207788 -0.0014824343812190953 0.026524217889535046 0.051184765004869272 0.0068430733033017525 -0.00045445518367662571 0.0034906488454508771 -0.0094327205214828295 0.0015566130888823048 0.0016680530881221468 0.051901037416331487 0.008237161653136222 0.0019510050524957064 -0.021282746821797947
leaf_weight=377.81346608698368 2849.4625049978495 1127.4872584789991 1535.5814794674516 34.935841266065836 148.98618154972792 363.67149195820093 444.38786550611258 1020.5022407770157 3219.9011280760169 2107.0204129740596 509.71902070194483 569.43548258394003 840.72453425824642 8.8331362158060092 433.90393414348364 340.82130841165781 69.636376775801182 25.133445911109447 14.062806285917757 7.5554464980959883 2175.5607204735279 478.84925962984562 2492.1415592208505 493.31294618546963 4952.6716005802155 4784.2449056059122 12.183386281132696 564.90642993152142 67.67328816652298 63.990352541208267
leaf_count=6058 20254 8813 13378 352 1009 2561 3377 6840 22542 14826 3880 4212 6145 67 4331 2850 536 189 108 52 14684 3347 16839 3500 33296 32501 78 3807 467 450
internal_value=5.90351e-06 0.000342162 -0.00492079 -0.0258377 0.0010065 0.0016199 -0.00106397 0.00229368 -0.000218223 0.00237106 -0.00592469 -0.00114347 -0.00441805 -0.0071728 -0.00782048 -0.0121199 0.00554409 0.0192287 0.0503621 0.00150581 0.00211485 0.000387321 0.00190934 -0.00511208 0.00272871 0.00373542 0.00706172 0.00235739 0.00123639 -0.0108092
internal_weight=32135.1 31722.4 3555.46 412.749 28166.9 21729.3 6437.57 17469.7 5483.46 2263.56 954.107 4259.62 1410.16 2427.97 2310.31 774.725 117.666 48.0294 22.8959 2114.58 17106 4484.81 3512.64 972.162 12621.2 7536.9 2187.74 5349.15 5084.34 131.664
internal_count=231349 224939 30272 6410 194667 148981 45686 118370 38429 15887 7257 30611 10357 21459 20559 7181 900 364 175 14878 115809 30526 23679 6847 85283 51070 14762 36308 34213 917
cat_boundaries=0 1 2 3 4 5 6 7 8
cat_threshold=6050416 16272395 6956309 13205837 319684 3580835 4335362 2138871
is_linear=0
shrinkage=0.04


Tree=34
num_leaves=31
num_cat=7
split_feature=27 28 12 14 28 5 27 14 7 19 19 19 30 19 6 9 24 19 29 6 19 6 26 9 12 12 14 7 26 12
split_gain=178.073 40.638 39.7289 16.2027 15.817 15.6189 17.0828 16.695 12.5695 16.9078 13.1117 12.0012 12.8387 16.6768 14.214 12.5599 11.446 11.0035 11.0456 11.3525 10.2854 10.2419 18.0865 11.5153 12.3206 31.1775 10.7362 9.6718 9.59018 10.9133
threshold=-1.7116666666666664 5.5000000000000009 5.4365079365079376 0.066732804232804269 4.5000000000000009 1.5000000000000002 1.6791666666666665 -0.15737433862433856 -3.0700000000000016 0 1 2 3 4 8.4500000000000011 57.500000000000007 1.5000000000000002 5 4.9650000000000007 12.590000000000002 6 31.355000000000004 4.5050000000000008 52.500000000000007 3.1547619047619051 2.8944444444444448 -0.22394179894179889 7.2400000000000047 6.9750000000000005 3.2928571428571431
decision_type=2 2 10 10 2 2 2 8 2 1 1 1 1 1 2 2 2 1 2 2 1 2 2 2 8 10 8 2 2 8
left_child=2 5 3 20 -4 6 11 17 10 21 -3 -2 14 -14 -13 -15 -17 -7 19 -19 -1 22 -10 24 25 -24 -26 -20 29 -9
right_child=1 8 4 -5 -6 7 -8 28 9 -11 -12 12 13 15 -16 16 -18 18 27 -21 -22 -23 23 -25 26 -27 -28 -29 -30 -31
leaf_value=-0.0067294277685598213 -0.0034389735042970153 -0.0016836306598669087 0.053452101624513831 0.0266926765862548 -0.029976488342954712 -0.0045651472804004072 -0.0083753890576108766 0.0030579222771964622 0.0020877623577061446 -0.0056075951355684332 -0.011634897809087474 0.018813202678677303 0.0022309805042834028 -0.006871186371000153 0.002338140782129548 0.06342127900661336 -0.004164108856446142 0.012972607309951785 0.0021485263636614013 -0.0037421065017342616 -0.016554238064243477 -0.00013451695358516238 0.00017896767282619847 0.081113852318286009 0.050973345945758572 0.12179961670605913 -0.0068576950033688994 0.014774522364188268 -0.0010924297297651082 0.0010949629714806202
leaf_weight=363.85445789992809 1408.6624123156071 358.39941447228193 3.6838227957487097 17.408509641885757 279.56610850244761 1113.4485661610961 462.3084469512105 8864.6772256940603 106.79370652884245 1087.3087136745453 562.8417154699564 87.699428752064705 795.71028695255518 737.39958570152521 1878.5683560594916 7.8499126806855228 8.1946446597576124 70.300318248569965 722.33172389864922 864.77479531615973 425.48333768546581 763.62742076069117 7.5006878152489644 6.5419633761048308 6.9337448626756668 6.1274986639618874 19.813357487320904 112.14307025074959 1694.2291171178222 9270.9542654752731
leaf_count=3949 10175 2978 44 144 4839 8101 3451 59215 893 8769 4695 628 5702 5296 13354 55 61 521 5111 6380 4667 6101 56 51 55 45 155 783 11483 63488
internal_value=-0.000112599 0.000445691 -0.0160035 -0.0114785 -0.0288915 0.000912835 -0.0010237 0.00137209 -0.0040406 -0.00226332 -0.00790803 -0.00033347 0.000918105 -0.00179941 0.00305741 -0.00602936 0.0289025 -0.00147208 0.000497153 -0.00248547 -0.0123204 0.00174275 0.0111823 0.0318833 0.0239065 0.054862 0.00813405 0.0038453 0.00178559 0.00205446
internal_weight=32115.1 31025.1 1090 806.746 283.25 28099.3 5386.39 22712.9 2925.89 2004.65 921.241 4924.08 3515.42 1549.15 1966.27 753.444 16.0446 2883 1769.55 935.075 789.338 917.338 153.711 46.9173 40.3753 13.6282 26.7471 834.475 19829.9 18135.6
internal_count=231245 217602 13643 8760 4883 193804 38722 155082 23798 16125 7673 35271 25096 11114 13982 5412 116 20896 12795 6901 8616 7356 1255 362 311 101 210 5894 134186 122703
cat_boundaries=0 1 2 3 4 5 6 7
cat_threshold=14549476 254662 2253857 295 9996376 13451856 6481674
is_linear=0
shrinkage=0.04


Tree=35
num_leaves=31
num_cat=0
split_feature=0 27 26 28 26 0 5 9 0 5 14 7 8 28 0 26 9 28 15 22 27 27 4 12 29 6 27 0 22 7
split_gain=356.773 208.673 68.7424 61.6477 56.6026 34.9476 24.1912 23.8084 23.6835 22.1229 21.56 20.9631 19.8338 22.1708 19.6314 18.501 18.4609 18.3705 15.958 15.3423 14.4294 14.0742 13.8725 21.5846 12.5129 20.0808 11.7722 20.7899 19.6972 14.8734
threshold=1.5000000000000002 -1.4266666666666667 5.955000000000001 4.5000000000000009 1.6150000000000004 3.5000000000000004 5.5000000000000009 26.500000000000004 2.5000000000000004 5.5000000000000009 -0.15737433862433856 -4.2366666666666655 3.5000000000000004 4.5000000000000009 4.5000000000000009 4.1150000000000011 23.500000000000004 4.5000000000000009 5.5000000000000009 -6.0866666666666651 2.6326666666666676 -0.043333333333332551 0.026666666666665954 4.1180555555555562 4.3650000000000011 60.305000000000007 0.61708333333333354 4.5000000000000009 15.238166666666668 -1.4766666666666681
decision_type=2 2 2 2 2 2 2 2 2 2 8 2 2 2 2 2 2 2 10 2 2 2 2 8 2 2 2 2 2 2
left_child=2 4 19 6 7 24 8 17 15 12 14 -7 13 -6 -10 -3 -8 -2 -13 -1 26 -18 -4 -24 -5 -26 29 28 -28 -12
right_child=1 3 22 5 9 11 16 -9 10 -11 20 18 -14 -15 -16 -17 21 -19 -20 -21 -22 -23 23 -25 25 -27 27 -29 -30 -31
leaf_value=-0.003055048781844203 0.042185545616681523 0.015530213711663955 -0.019557949232662339 -0.00077148840474771947 0.045783184008088521 -0.008584442912257885 0.02174718640870037 0.023309081804588523 0.0043177862113698605 -0.021396529058397732 0.0019566862644772478 -0.00043729918347596515 -0.012682072416386064 -0.0030964210404371153 -0.0062745707465010209 0.00060023829960412938 -0.0059618743554749254 -0.031757776123259508 -0.0084843354910703848 -0.0095146928417223393 -0.012354583110242724 0.00097818032614702577 -0.010555831733151116 0.062421393461854796 0.0042288454235435355 0.051807509779094721 0.0070325004911193627 0.0092921861662526237 0.00022651949618414553 0.0057611891186921983
leaf_weight=897.71689852327108 5.4776175692677489 137.84711804986 1293.3357193097472 1184.8468585386872 15.229858219623564 985.17231290787458 60.22596649825573 13.833907715976236 607.81275634467602 192.93211656808853 2766.9461272209883 2326.9919602274895 491.3294949196279 591.00703547522426 519.0006740167737 3626.5950708240271 611.29150726646185 289.22738891094923 474.74347990006208 1706.7979265674949 74.306889474391937 1988.1515113264322 182.54635921120644 6.7235401794314376 1578.8726746365428 14.32179296761751 1725.1888657659292 2606.1284209489822 1123.4102243483067 4051.5776976644993
leaf_count=7622 58 878 13991 8513 107 7850 398 127 3895 2080 17788 17722 4987 5834 3574 23437 4343 5052 3818 15070 467 12511 1931 72 10991 98 10440 15076 7022 25877
internal_value=-0.000160779 0.00144732 -0.0112021 0.00229521 -0.0125848 -0.00106596 0.00340413 -0.027976 0.00395195 -0.008905 0.00473561 -0.00356561 -0.00670922 -0.00186847 -0.000560963 0.00114695 -0.000146607 -0.0303834 -0.00180084 -0.0072882 0.00521896 -0.00065386 -0.0180778 -0.00796342 0.00234147 0.00465655 0.00532536 0.00671042 0.00434841 0.00421733
internal_weight=32149.6 28062.5 4087.12 26463.4 1599.04 6564.95 19898.5 308.539 17238.8 1290.5 13474.4 3786.91 1097.57 606.237 1126.81 3764.44 2659.67 294.705 2801.74 2604.51 12347.6 2599.44 1482.61 189.27 2778.04 1593.19 12273.3 5454.73 2848.6 6818.52
internal_count=231629 192943 38686 174698 18245 48992 125706 5237 108454 13008 84139 29390 10928 5941 7469 24315 17252 5110 21540 22692 76670 16854 15994 2003 19602 11089 76203 32538 17462 43665
is_linear=0
shrinkage=0.04


Tree=36
num_leaves=31
num_cat=5
split_feature=27 27 12 28 19 28 4 23 12 5 27 20 19 12 20 27 19 6 19 4 27 21 4 26 19 27 20 20 22 29
split_gain=164.974 39.4678 27.5979 19.8035 19.7601 18.1835 17.1865 16.4473 17.78 14.2396 13.8036 12.2555 12.1869 11.0204 18.399 14.9186 18.7836 16.8066 17.4623 17.3944 15.3487 14.8295 14.3593 14.2137 14.0932 13.6553 19.514 12.409 12.5006 15.6047
threshold=-2.0481666666666656 -0.93666666666666576 5.4365079365079376 3.5000000000000004 0 4.5000000000000009 -0.10999999999999986 5.5000000000000009 2.7888888888888892 4.5000000000000009 -1.4649999999999994 55.835000000000008 1 3.8660714285714293 47.925000000000004 -0.15450000000000005 2 33.395000000000003 3 -0.098166666666666721 1.4708333333333334 24.200000000000006 0.071999999999999634 4.1150000000000011 4 -0.11633333333333339 18.220000000000002 22.460000000000004 -5.001666666666666 5.0750000000000011
decision_type=2 2 10 2 1 2 2 2 10 2 2 2 1 8 2 2 1 2 1 2 2 2 2 2 1 2 2 2 2 2
left_child=2 3 4 -2 -1 -4 -3 11 12 -5 -11 13 -9 -8 15 17 20 19 27 -15 -17 22 24 -21 -18 26 -26 28 -19 -30
right_child=1 6 5 9 -6 -7 7 8 -10 10 -12 -13 -14 14 -16 16 21 18 -20 23 -22 -23 -24 -25 25 -27 -28 -29 29 -31
leaf_value=0.0036866820202242638 0.05477037172927747 -0.0078816775414982804 0.054601930983120675 -0.0021086438760642675 -0.017221694328630868 -0.030965859142033189 0.0019133711524791761 0.011488015431267451 -0.0041592334707024232 -0.015376582290015001 -0.0050314421358217789 -0.002717968300971907 -0.001417074386313896 0.068616497408424529 -0.011825063352645979 0.012153679514076211 -0.0047311859488813456 0.020796785261485724 -0.0032051524015495898 0.0010798193979286771 0.076941458160261308 -0.00082394906088066946 -0.014915938273056711 -0.0075594263637089243 0.079446691152561644 0.0078770494301984816 0.015659409042179655 0.0011812623547930658 -0.0025207844602822467 0.029190589176444504
leaf_weight=92.497374322265387 9.2143094539642316 355.65732976049185 4.0367073789238921 2192.34115312621 353.10593495890498 253.85933866351843 18764.529633283615 209.61338736861944 1764.5408956408501 279.66606303676963 787.37809830904007 1185.2893058359623 252.50697930157185 5.1599826887249938 206.36004965007305 216.24104646593332 137.4587370455265 143.47923012822866 607.28244242072105 436.1600980758667 6.0133643820881835 1652.3395660892129 51.304161168634892 1010.9569929838181 10.270386122167109 645.70983099937439 30.348884031176567 346.10329280048609 116.60234865546227 31.545216932892799
leaf_count=1099 61 2603 46 18030 4283 4722 127789 1444 12629 2767 6770 8220 1749 39 1469 1437 899 1040 4422 3213 42 11089 341 7472 69 4209 206 2521 841 227
internal_value=-5.52884e-05 0.00037318 -0.0192125 -0.0037876 -0.0131853 -0.0296265 0.000855696 0.000967357 -0.00233004 -0.00395314 -0.00774284 0.00125413 0.00465448 0.00144694 -0.000101241 0.000342919 0.00241625 -0.00177069 0.00163947 -0.00469416 0.0133078 0.00140029 0.00561607 -0.00495556 0.00689477 0.00915872 0.0317877 0.00620573 0.0123816 0.00423155
internal_weight=32157.6 31454.1 703.499 3268.6 445.603 257.896 28185.5 27829.8 2226.66 3259.39 1067.04 25603.2 462.12 24417.9 5653.34 5446.98 2749.69 2697.29 1245.01 1452.28 222.254 2527.43 875.092 1447.12 823.788 686.329 40.6193 637.73 291.627 148.148
internal_count=231748 221598 10150 27628 5382 4768 193970 191367 15822 27567 9537 175545 3193 167325 39536 38067 18292 19775 9051 10724 1479 16813 5724 10685 5383 4484 275 4629 2108 1068
cat_boundaries=0 1 2 3 4 5
cat_threshold=6439424 1444542 2097664 13109631 526592
is_linear=0
shrinkage=0.04


Tree=37
num_leaves=31
num_cat=2
split_feature=0 27 27 26 0 12 4 28 4 12 27 0 4 8 30 0 14 20 4 30 21 16 20 12 8 6 1 26 27 11
split_gain=339.382 178.968 83.051 62.2977 43.2189 30.6217 21.2677 20.6167 19.5394 19.0415 17.3697 28.4005 18.9703 15.9515 15.741 15.5204 15.8705 14.596 14.4587 13.5706 14.9334 13.2444 13.24 15.7892 13.1948 13.1731 13.0241 12.6072 19.0441 16.2152
threshold=1.5000000000000002 -1.9508333333333332 -0.59666666666666635 5.5150000000000006 5.5000000000000009 4.8944444444444457 0.030000000000000696 4.5000000000000009 -0.029999999999999801 4.2928571428571436 0.44833333333333264 4.5000000000000009 0.11916666666666666 3.5000000000000004 0 2.5000000000000004 -0.15737433862433856 22.800000000000001 -0.059999999999999158 1 2.9650000000000003 0.77500000000000013 40.070000000000007 2.8166666666666669 3.5000000000000004 24.945000000000004 41.32500000000001 4.1150000000000011 -0.546333333333333 3.5000000000000004
decision_type=2 2 2 2 2 8 2 2 2 8 2 2 2 2 1 2 8 2 2 1 2 8 2 8 2 2 2 2 2 2
left_child=3 5 4 -1 9 13 15 -7 -6 19 11 -8 22 -2 -12 18 -17 24 -4 26 -21 -5 23 25 -11 -13 -3 28 -20 -29
right_child=1 2 6 21 8 7 10 -9 -10 17 14 12 -14 -15 -16 16 -18 -19 27 20 -22 -23 -24 -25 -26 -27 -28 29 -30 -31
leaf_value=-0.0060760319522547767 0.0022898331278633699 0.0027680343708812449 -0.0054054061858560178 -0.014596981880190327 0.0015273428513089004 0.043386748884607973 0.0019173659732362063 -0.024994037846929312 -0.013487507968367054 0.00142849199433665 0.00794191747031028 0.046218730851622529 0.017099422370329569 -0.018081170322663893 0.00081956369531827186 -0.00029479055509548337 0.0047159815177352212 -0.012727135629703725 -0.032703372803655192 0.0071550612703084864 -0.0025544961820490016 -0.023372975376277232 -0.013497599733211001 -0.0060667042595863446 -0.007347421325372909 0.0048631599319312064 0.016135159615177551 -0.0032265130384337708 0.019559883269643225 0.0034143722696180902
leaf_weight=2004.0777684599161 138.6619578525424 902.12181045860052 444.89838849008083 1707.4489481598139 171.37714333087206 7.1599328964948645 1901.4799647778273 479.47828307002783 726.64799494296312 575.55973008275032 791.1564058214426 14.812250554561613 55.143471650779247 110.52687522768974 1329.5112725943327 1105.7798625081778 11842.800955154002 298.37592177093029 12.338364139199255 296.32649925351143 1751.2897532135248 327.99853976815939 345.73585091531277 763.71619528532028 523.39143123477697 73.352853931486607 133.94020828604698 780.61905145645142 116.35895566642284 2387.7268015146255
leaf_count=16934 1517 6738 2976 18047 1521 68 12528 7826 6798 4564 4808 105 394 1245 8078 7391 73841 2282 83 2264 13095 3568 2422 5496 4275 508 998 4999 736 15391
internal_value=-0.000241575 0.00131791 0.00184175 -0.0110822 -0.00261292 -0.0181488 0.00293264 -0.0239879 -0.0106221 -0.00100782 0.000718642 -0.00116344 -0.00583958 -0.00674566 0.00351801 0.00363236 0.00428807 -0.00488137 0.00136333 0.000747426 -0.00114376 -0.0160112 -0.00689579 -0.00421644 -0.00275116 0.0118111 0.00445313 0.0022767 0.0145493 0.00177819
internal_weight=32119.8 28080.3 27344.5 4039.53 5379.03 735.827 21965.4 486.638 898.025 4481.01 5274.91 3154.24 1252.76 249.189 2120.67 16690.5 12948.6 1397.33 3741.94 3083.68 2047.62 2035.45 1197.62 851.881 1098.95 88.1651 1036.06 3297.04 128.697 3168.35
internal_count=231496 192947 182291 38549 42535 10656 139756 7894 8319 34216 34339 21453 8925 2762 12886 105417 81232 11121 24185 23095 15359 21615 8531 6109 8839 613 7736 21209 819 20390
cat_boundaries=0 1 2
cat_threshold=11 148
is_linear=0
shrinkage=0.04


Tree=38
num_leaves=31
num_cat=8
split_feature=0 27 26 27 0 26 19 29 4 22 4 6 19 7 19 28 19 22 4 20 0 26 19 19 19 29 6 1 27 19
split_gain=288.836 182.309 69.1686 60.6441 52.1428 49.6456 20.8775 19.2233 18.8 18.1336 17.6958 23.1902 19.1676 17.0568 17.047 14.897 14.451 14.3205 13.6059 13.5649 12.7453 12.8718 17.9611 12.4902 12.2706 18.5207 12.6341 12.1869 12.1262 16.5751
threshold=1.5000000000000002 -1.5999999999999992 5.955000000000001 -0.35333333333333322 5.5000000000000009 1.6150000000000004 0 2.1650000000000005 0.031666666666666739 3.3766666666666674 0.0016666666666664833 45.045000000000009 1 -5.6859999999999973 2 4.5000000000000009 3 -17.647499999999997 -0.10999999999999986 21.140000000000004 2.5000000000000004 4.0950000000000006 4 5 6 6.3650000000000011 31.755000000000006 39.515000000000008 2.4208333333333338 7
decision_type=2 2 2 2 2 2 1 2 2 2 2 2 1 2 1 2 1 2 2 2 2 2 1 1 1 2 2 2 2 1
left_child=2 5 6 4 10 7 -1 -2 18 -10 12 24 17 -6 19 -7 -13 27 -5 -11 21 22 -20 -15 25 26 -12 -3 -22 -30
right_child=1 3 -4 8 13 15 -8 -9 9 14 11 16 -14 23 -16 -17 -18 -19 20 -21 28 -23 -24 -25 -26 -27 -28 -29 29 -31
leaf_value=-0.0025592338439652767 -0.030960019843342294 -0.013485397858043265 -0.01715037675844127 -0.0056859706896221921 -0.017963643263467052 0.037512707571949133 -0.0098370507930450792 0.015707924480986676 -0.0019401318123769037 0.030949896552527906 -0.010043365077033966 -0.0017656086134759125 0.0059178140998080503 -0.012090595217600555 0.00014037737879701609 -0.0099865385159851362 0.017656149648597713 0.0013265270241109245 -0.006084752913943621 0.0060779985150998675 0.0047716401049025057 0.0014344535588594737 0.031121202611457441 -0.002614033249632719 -7.012268610057405e-05 0.014379008949412993 -0.0024433782834774012 0.0089229744214111163 0.0078853032078255256 -0.018947278136164387
leaf_weight=1300.2360359281301 273.2156133055687 206.62011327594519 1438.9334751367569 235.35640405863523 248.85966052114964 10.695005305111406 1260.4416440427303 14.89227122440934 1989.4177266210318 36.265339471399784 682.28706946223974 105.19503836333752 1465.6940887793899 355.60207717865705 1346.5626934766769 865.30104998126626 146.66017740219831 1026.6379587203264 34.773234471678734 1077.6423575058579 11471.672388121486 3242.2554311454296 43.716978371143341 617.39487156271935 1664.3817650899291 74.06779471039772 718.5600721091032 47.819548487663269 61.625644460320473 71.602225422859192
leaf_count=11306 5100 1511 15937 1525 2255 76 11256 139 13010 235 5212 771 10359 3117 8487 9543 1073 7255 213 6739 70763 20873 266 5260 12394 526 5358 349 376 449
internal_value=-7.51597e-05 0.00135468 -0.0101332 0.00202363 -0.00107254 -0.0141439 -0.00619 -0.0285478 0.00318559 0.000899577 0.000429648 -0.00150331 0.00281606 -0.00861869 0.00319563 -0.00940662 0.010175 -0.000772842 0.00385656 0.00682647 0.00400703 0.00182193 0.0178277 -0.00622857 -0.00244022 -0.00507985 -0.00614498 -0.00927395 0.0046323 -0.00736595
internal_weight=32134.4 28134.8 3999.61 26970.7 7359.78 1164.1 2560.68 288.108 19610.9 4449.89 6137.92 3391.15 2746.77 1221.86 2460.47 875.996 251.855 1281.08 15161 1113.91 14925.6 3320.75 78.4902 972.997 3139.3 1474.91 1400.85 254.44 11604.9 133.228
internal_count=231733 193234 38499 178376 55440 14858 22562 5239 122936 28471 44808 25334 19474 10632 15461 9619 1844 9115 94465 6974 92940 21352 479 8377 23490 11096 10570 1860 71588 825
cat_boundaries=0 1 2 3 4 5 6 7 8
cat_threshold=5780591 634253 7149837 15331329 1985236 10655297 10261105 1262814
is_linear=0
shrinkage=0.04


Tree=39
num_leaves=31
num_cat=0
split_feature=0 27 26 27 0 26 29 20 14 21 27 4 0 14 5 7 29 5 4 4 28 1 0 7 3 21 13 7 7 0
split_gain=273.082 151.375 71.1575 55.1204 50.2762 34.3645 25.6586 15.7618 15.4645 15.0183 14.9604 15.9553 15.6454 13.6132 13.4948 12.8877 12.9977 12.6754 12.6171 12.1045 12.6096 11.9639 11.8125 16.878 11.548 16.7185 13.3233 11.4329 16.3041 11.1304
threshold=1.5000000000000002 -1.7116666666666664 5.285000000000001 -0.23166666666666599 4.5000000000000009 1.6150000000000004 2.1650000000000005 20.735000000000003 0.26319444444444456 41.695000000000007 0.16833333333333325 -0.076666666666665759 4.5000000000000009 0.079999999999999988 1.5000000000000002 -1.543333333333331 6.8050000000000006 3.5000000000000004 0.011666666666666272 0.06000000000000006 3.5000000000000004 42.120000000000012 3.5000000000000004 -3.6349999999999993 6.8550000000000013 26.330000000000002 0.38750000000000007 -2.3844999999999987 -1.8583333333333323 2.5000000000000004
decision_type=2 2 2 2 2 2 2 2 10 2 2 2 2 10 2 2 2 2 2 2 2 2 2 2 2 2 10 2 2 2
left_child=2 5 14 4 19 6 -2 24 15 -4 12 -12 -9 18 -1 16 -6 27 -7 22 29 -18 -3 -24 -5 -26 -27 -14 -29 -21
right_child=1 3 9 7 8 13 -8 10 -10 -11 11 -13 17 -15 -16 -17 21 -19 -20 20 -22 -23 23 -25 25 26 -28 28 -30 -31
leaf_value=-0.0097424443552605461 -0.028939110102344495 0.0034971727366571678 -0.011215984078588937 0.014404386880799583 -0.0087930979912741441 -0.0055882423442002128 0.025867718270966126 0.0026999680749313837 0.023800595525180879 -0.017740736548084789 -0.0026527141548354565 0.0039102078959560044 -0.0052032727107395307 0.031478888066277189 -0.0016285478165910269 -0.0028418695722680696 0.0048820650978132615 -0.0055570259489271644 -0.016657475737703212 -0.017930345822058835 -0.0055206554162397573 0.066650315959828149 -0.0069295753695021228 0.0019419843556138545 -0.0030233498585262707 0.013891848781299848 0.069214160370086694 0.034775654633046493 0.0032259347374758024 0.044849452947899805
leaf_weight=443.58575185388327 264.05949688702822 3436.1519387513399 1096.9747869744897 336.68974101543427 1269.0410576537251 393.29155734181404 14.41335893794894 2916.358450204134 30.21879006177187 1162.6677122935653 622.47365181148052 12389.34172411263 273.04532902687788 12.759448535740374 1258.2612748071551 1904.9627175331116 47.466723032295704 854.65509647876024 283.53394415602088 6.4818747490644482 501.32472249865532 5.6102011054754248 480.56059400737286 1199.6661183536053 183.18075895309448 51.360922753810883 8.0578941255807859 27.653001435101032 501.34565813094378 14.917131423950194
leaf_count=3762 5082 24002 11197 2105 10596 4451 130 18442 227 12864 3963 75596 1831 105 10594 15309 366 5941 3384 44 3772 43 3471 8382 1156 324 51 184 3335 100
internal_value=-9.03722e-05 0.00129903 -0.00992076 0.00185502 -0.000724556 -0.0142429 -0.0261024 0.00311844 -0.00468105 -0.0145732 0.00290458 0.00359624 0.000936565 -0.00945368 -0.00374343 -0.00494775 -0.007982 -0.00216763 -0.0102253 0.00156082 -0.00423711 0.0114109 0.00215318 -0.000595365 0.00961041 0.00295713 0.0213942 0.0014441 0.00487517 0.0258331
internal_weight=31990.1 28028.6 3961.49 27060.6 8896.4 968.058 278.473 18164.2 3257.3 2259.64 17584.9 13011.8 4573.06 689.585 1701.85 3227.08 1322.12 1656.7 676.826 5639.1 522.724 53.0769 5116.38 1680.23 579.289 242.6 59.4188 802.044 528.999 21.399
internal_count=230809 192392 38417 179240 66312 13152 5212 112928 26541 24061 109292 79559 29733 7940 14356 26314 11005 11291 7835 39771 3916 409 35855 11853 3636 1531 375 5350 3519 144
is_linear=0
shrinkage=0.04


Tree=40
num_leaves=31
num_cat=0
split_feature=0 27 27 26 0 14 0 4 22 27 28 7 28 0 15 0 1 22 7 23 13 26 7 20 4 24 28 7 4 4
split_gain=245.653 151.992 78.5573 62.3546 41.3828 29.39 20.9355 20.1444 19.5112 17.4414 17.2814 16.3641 16.5132 16.1227 15.0893 14.4137 13.8264 13.1279 13.1032 13.0893 20.1826 12.6087 12.4967 12.2049 12.3218 16.7096 12.1771 11.7558 11.7419 11.5577
threshold=1.5000000000000002 -0.85166666666666624 -2.5758333333333323 5.6850000000000014 4.5000000000000009 -0.2000661375661375 3.5000000000000004 0.033333333333332778 -11.779166666666665 0.87499999999999944 3.5000000000000004 -5.5008333333333335 3.5000000000000004 4.5000000000000009 1.5000000000000002 2.5000000000000004 34.625000000000007 -26.392499999999995 15.298333333333334 5.5000000000000009 0.35416666666666669 5.9750000000000005 15.965000000000003 24.755000000000006 -0.0066666666666672638 7.5000000000000009 4.5000000000000009 -3.4144999999999999 0.026666666666666842 -0.073333333333332792
decision_type=2 2 2 2 2 8 2 2 2 2 2 2 2 2 10 2 2 2 2 2 8 2 2 2 2 2 2 2 2 2
left_child=3 2 8 23 10 6 17 15 26 13 -4 -6 -13 -9 -5 21 -11 -3 -12 -17 -21 -7 -8 -1 25 -25 -2 -15 -16 -14
right_child=1 5 4 14 11 7 22 9 -10 16 18 12 29 27 28 19 -18 -19 -20 20 -22 -23 -24 24 -26 -27 -28 -29 -30 -31
leaf_value=-0.001316898206333547 0.041880793796072936 -0.026733659203801413 0.061328491664877326 -0.019681925330363607 -0.017763931518231746 0.0031375852128965173 -0.0082070210520210317 0.0014864049439125948 0.01326687449929493 0.0089702922188150645 -0.0015785493772935998 0.070407719774097072 0.011014553875658291 -0.0084262982090786941 -0.0137342413000562 0.0044563375778517026 -0.00013429728143071764 0.003659504051494027 0.013733796992751622 -0.0064273350582824008 0.0046999242617077218 -0.001537340428757277 0.022879775654677453 -0.011957381330197777 -0.0030248678424381822 0.021354214713185146 -0.02712932427798748 -0.0012203305877215073 -0.0015000840706495217 -0.0084115691084092423
leaf_weight=897.75995098054409 4.1426916047930709 23.659698113799095 7.1550497114658347 681.15138521045446 298.05644118413329 2403.2296150028706 776.36021116375923 2410.2544807493687 21.248140908777714 630.14166601002216 2130.8866170495749 4.3641419932246199 51.282903149724007 550.30465165525675 907.32626484334469 12624.717969194055 462.93485389649868 584.04661183804274 93.331771243363619 463.95438131690025 595.64058339595795 1498.7666831761599 21.256700217723846 706.98112837970257 582.21318306028843 24.943291306495667 328.29090095311403 1059.8956857770681 145.67110737413168 1101.9474216811359
leaf_count=7495 44 162 44 7735 3058 15340 5570 15702 262 3778 17092 30 475 3901 10090 78949 2784 3897 713 3199 3898 9847 148 6298 5139 221 6036 7377 1577 10728
internal_value=-1.7467e-05 0.00129291 -0.00588651 -0.00936398 -0.00415911 0.00249639 -0.00311704 0.00284391 -0.0238941 0.000634111 -0.000736363 -0.00940585 -0.00725382 -0.000583974 -0.0150427 0.00348645 0.00511436 0.00247621 -0.000936019 0.00409794 -0.000172259 0.00134193 -0.00737855 -0.00491179 -0.00736766 -0.0108222 -0.0262693 -0.00368305 -0.0120418 -0.00754771
internal_weight=32091.9 28145.9 4040.71 3946.05 3687.02 24105.2 1405.32 22699.8 353.682 5113.53 2231.37 1455.65 1157.59 4020.45 1734.15 17586.3 1093.08 607.706 2224.22 13684.3 1059.59 3902 797.617 2211.9 1314.14 731.924 332.434 1610.2 1053 1153.23
internal_count=231589 193034 38482 38555 32140 154552 9777 144775 6342 33542 17849 14291 11233 26980 19402 111233 6562 4059 17805 86046 7097 25187 5718 19153 11658 6519 6080 11278 11667 11203
is_linear=0
shrinkage=0.04


Tree=41
num_leaves=31
num_cat=1
split_feature=0 26 26 28 0 26 29 7 26 5 0 22 17 7 26 15 29 30 22 9 22 29 5 9 15 2 20 7 22 9
split_gain=238.331 131.492 57.6938 57.5969 44.6097 35.8982 23.1633 16.231 18.5361 16.1607 14.8729 14.7754 14.5778 15.7473 14.263 14.1807 13.2276 12.9627 13.249 12.8994 13.0455 19.0714 12.6437 14.6946 12.0976 11.8013 11.7248 11.3817 11.1466 11.0978
threshold=1.5000000000000002 3.0250000000000004 5.5850000000000009 4.5000000000000009 3.5000000000000004 1.6150000000000004 2.1650000000000005 -4.1649999999999965 5.0850000000000009 5.5000000000000009 2.5000000000000004 -4.2981666666666642 0.10555555555555557 6.4191666666666665 7.6450000000000005 1.5000000000000002 1.385 0 -9.5366666666666617 23.500000000000004 -7.9683333333333319 4.0550000000000006 2.5000000000000004 57.500000000000007 5.5000000000000009 1500.0000000000002 19.340000000000003 -0.44816666666666544 -8.9426666666666677 27.500000000000004
decision_type=2 2 2 2 2 2 2 2 2 2 2 2 10 2 2 10 2 1 2 2 2 2 2 2 10 2 2 2 2 2
left_child=2 5 11 9 17 6 -2 8 16 10 12 29 26 14 -14 -4 -6 18 -5 20 -11 -22 23 -9 27 -17 -3 -12 -18 -1
right_child=1 3 15 4 7 -7 -8 22 -10 19 24 -13 13 -15 -16 25 28 -19 -20 -21 21 -23 -24 -25 -26 -27 -28 -29 -30 -31
leaf_value=-0.0086905116570982505 -0.028924901554710163 0.015552434081675766 -0.018929270455439042 0.00064439642920750481 0.0032385457134465547 -0.0086361511353915121 0.023312968838640275 0.00024413353739633807 0.0003893038767098219 -0.00052732731379223944 0.0028487002689274168 -0.0077762007102487145 0.0001559328645934943 -0.0079463951424597334 0.027313704887430679 0.0096651676928218352 -0.018454942719911827 -9.0206766994988446e-05 0.0085916991275273059 -0.00054904801562355595 0.075038770457894866 0.011613913070679381 -0.0043245307172172041 0.026357586702819135 -0.001818789629188381 -0.012486246589573749 0.003031386958378581 0.0052147940189859196 -0.0084433090676244507 0.0015094416775803293
leaf_weight=225.79326505213976 255.59248577803373 131.57050153613091 704.46465297788382 584.68986282497644 87.943005263805389 611.53271397203207 14.343724768608807 926.88579009473324 290.90734246373177 31.950063109397888 6123.926523886621 1146.5313508808613 1878.3814425468445 420.59671194851398 31.459863692522049 39.873394824564457 339.18214590102434 1647.2798446938396 787.9362370595336 2591.2605904191732 12.174796730279921 20.123361065983772 2090.2459999360144 35.81062763184309 575.81287268549204 1101.9314593970776 1321.7271948605776 6938.1817674711347 374.266133479774 699.10346116125584
leaf_count=1943 5102 821 8066 4315 772 6912 129 7084 2206 211 37831 9980 12111 2720 211 441 3024 11837 5508 16746 78 127 16819 279 3814 12190 8429 42570 3096 5952
internal_value=-8.16186e-05 0.00120596 -0.00932468 0.00169795 -0.00138082 -0.0139992 -0.0261491 -0.00407473 -0.00825926 0.0027967 0.00323976 -0.00474198 0.00102091 -0.000939755 0.000603289 -0.0144663 -0.0113987 0.00231695 0.00516877 -0.000110066 0.017595 0.0355219 -0.00257757 0.00121551 0.00385536 -0.0117127 0.00416495 0.00410549 -0.013203 -0.000980653
internal_weight=32041.5 28123.8 3917.7 27242.3 7165.15 881.469 269.936 4145.24 1092.3 20077.2 17421.7 2071.43 3783.74 2330.44 1909.84 1846.27 801.391 3019.91 1372.63 2655.51 64.2482 32.2982 3052.94 962.696 13637.9 1141.8 1453.3 13062.1 713.448 924.897
internal_count=231324 192752 38572 180609 54940 12143 5231 33280 9098 125669 108507 17875 24292 15042 12322 20697 6892 21660 9823 17162 416 205 24182 7363 84215 12631 9250 80401 6120 7895
cat_boundaries=0 1
cat_threshold=149
is_linear=0
shrinkage=0.04


Tree=42
num_leaves=31
num_cat=9
split_feature=0 28 26 21 12 7 0 19 14 20 4 20 19 12 4 4 29 19 26 19 19 19 0 29 15 19 17 19 12 19
split_gain=225.042 132.92 80.2722 53.1589 26.2894 31.7429 20.1119 17.8793 15.993 15.931 15.6688 15.2409 14.7165 14.6101 16.9294 13.9674 13.6823 13.3764 19.799 13.0821 12.9001 12.7713 12.3476 13.9954 17.9849 15.2235 14.7238 16.0781 12.3854 15.2258
threshold=1.5000000000000002 5.5000000000000009 1.7950000000000002 36.82500000000001 3.8166666666666669 -4.2366666666666655 5.5000000000000009 0 -0.26643518518518511 46.350000000000009 0.020000000000000021 41.395000000000003 1 3.5277777777777781 0.031666666666666739 0.063333333333333922 2.0050000000000003 2 5.9450000000000012 3 4 5 2.5000000000000004 5.745000000000001 3.5000000000000004 6 1.0000000180025095e-35 7 2.7071428571428577 8
decision_type=2 2 2 2 10 2 2 1 8 2 2 2 1 8 2 2 2 1 2 1 1 1 2 2 10 1 8 1 10 1
left_child=3 4 16 9 22 15 13 8 -5 12 -9 17 -1 -4 19 -6 -3 -7 -19 -15 -8 -13 -2 24 25 -24 27 -27 29 -28
right_child=1 2 6 7 5 11 20 10 -10 -11 -12 21 -14 14 -16 -17 -18 18 -20 -21 -22 -23 23 -25 -26 26 28 -29 -30 -31
leaf_value=-0.0088591193223649632 0.00087251228467820493 -0.028663321145609086 0.0016173653580605404 0.043432972070815139 -0.0037042288445824239 0.0052874420025476208 -0.019154416053490896 -0.018899343505106185 -0.0079874132016668296 -0.017067736006016812 -0.0071774907836180965 0.004337450422307698 -0.0016409878276772531 -0.0067003755936945767 -0.011400530699430127 -0.015716943012670542 0.0084550385244719951 -3.0053232941032408e-05 0.032361159925035798 0.0013524044680690555 -0.006332753582052683 -0.011248678229884479 3.1840134294683196e-05 0.0046274322277558453 -0.0010348885609805368 0.019415132690527092 -0.00097214848561961683 0.0027073606199816318 0.0024391133947008117 0.010452148062201731
leaf_weight=676.14150781929493 3932.2036270573735 270.0710284858942 808.74498062580824 9.9202656894922239 1424.7231539227068 1509.5009206347167 198.12662997469306 1066.8681407347322 396.06734804809093 163.10270005464554 220.10026890784502 123.23439962416887 1369.7617769241333 607.99237305670977 467.4212381541729 173.75084668770432 16.882366579025984 2199.8915883153677 30.613350309431553 674.12049809843302 413.57200579345226 241.44730737805367 1593.7379351854324 7418.7329142466187 2032.8236781656742 204.79523333162069 253.19492410868406 184.50568390637636 2632.9981096610427 749.75256456434727
leaf_count=6148 25424 5473 6016 99 9986 10448 2100 11846 4280 1868 2339 785 12139 5268 4331 1275 162 15259 194 5707 4321 1555 10087 45568 13678 1307 1560 1184 16676 4644
internal_value=-0.000121434 0.00112589 -0.00622046 -0.00912416 0.00215382 -0.000227951 -0.00438656 -0.0144573 -0.00656915 -0.00503692 -0.0167644 0.0016343 -0.0040778 -0.00282862 -0.00488383 -0.00500999 -0.0264795 0.00239541 0.000412661 -0.00250803 -0.0109023 -0.00617128 0.00286865 0.00338948 0.00218923 0.00335564 0.00466 0.0120649 0.00387997 0.0076626
internal_weight=32064.8 28162.8 3456.93 3901.96 24705.9 5703.16 3169.98 1692.96 405.988 2209.01 1286.97 4104.69 2045.9 2558.28 1749.53 1598.47 286.953 3740.01 2230.5 1282.11 611.699 364.682 19002.7 15070.5 7651.81 5618.98 4025.25 389.301 3635.95 1002.95
internal_count=231727 193008 33378 38719 159630 39502 27743 18564 4379 20155 14185 28241 18287 21322 15306 11261 5635 25901 15453 10975 6421 2340 120128 94704 49136 35458 25371 2491 22880 6204
cat_boundaries=0 1 2 3 4 5 6 7 8 9
cat_threshold=9262 2574480 14909500 1612988 2102753 2133652 8429722 4068417 590849
is_linear=0
shrinkage=0.04


Tree=43
num_leaves=31
num_cat=7
split_feature=0 27 21 28 12 0 19 19 5 19 29 19 19 7 20 20 27 24 15 19 12 21 4 30 14 27 28 4 11 0
split_gain=222.294 124.921 55.7615 39.6295 36.5028 34.2938 24.1156 19.2455 18.7125 19.6869 17.7498 16.3462 16.0325 15.1474 14.0649 14.9646 17.2696 15.3377 14.0409 13.9427 13.8246 14.6145 13.7898 13.446 15.5025 13.0821 12.6468 12.3422 11.8731 11.7804
threshold=1.5000000000000002 -1.5999999999999992 36.82500000000001 4.5000000000000009 5.2361111111111116 4.5000000000000009 0 1 5.5000000000000009 2 5.3250000000000011 3 4 5.5691666666666668 20.940000000000001 16.140000000000004 -0.85166666666666624 1.0000000180025095e-35 3.5000000000000004 5 2.5634920634920637 36.680000000000007 -0.061666666666666085 6 -0.10925925925925924 0.43666666666666681 4.5000000000000009 -0.0066666666666663757 6.5000000000000009 3.5000000000000004
decision_type=2 2 2 2 10 2 1 1 2 1 2 1 1 2 2 2 2 2 10 1 10 2 2 1 8 2 2 2 2 2
left_child=2 4 20 8 11 12 -7 -4 14 -10 13 -2 28 -8 15 17 18 29 -17 -15 -1 -22 -16 -18 -25 -11 -6 -9 -5 -3
right_child=1 3 7 5 26 6 10 27 9 25 -12 -13 -14 19 22 16 23 -19 -20 -21 21 -23 -24 24 -26 -27 -28 -29 -30 -31
leaf_value=-0.01581823453334353 -0.00055459665098578348 0.074274081817358978 -0.0054019686484860496 0.0010135254523754283 0.030877189073429283 -0.0091834064546426706 -0.0063087619108159578 -0.0198564097223684 -0.0046847313523700595 -0.00090944558556915647 0.0058679333869826435 -0.012312135295725736 -0.00032786073502242923 -0.0094934727346154078 -0.00063874321518992241 0.062343675322348427 0.016047668685644265 -0.0016060717315670259 0.01512351988885609 0.011366129045773285 -0.0039452552543037082 0.067260388460864878 0.003375002005769396 -0.009950719579837437 0.009495875087289659 0.0061903611301748762 -0.024364979913143073 -0.011937679857428551 0.0081439742239511909 0.0052192759431606136
leaf_weight=165.16047787666321 349.08635712787509 7.7137707918882361 342.76933046430349 705.81891947239637 6.7732997462153426 1010.3689498603344 855.96978365629911 794.84030720591545 1012.3433030471206 899.29237277805805 413.13763075321913 423.67898417636752 2898.821292899549 66.003124758601189 1506.9378607496619 18.598462529480457 277.78707960993052 276.70621913671494 21.985477954149246 159.50764715671539 2019.0904903113842 4.6224188283085814 15021.574556484818 92.707990422844887 224.22556079924107 771.46686229109764 314.95867625623941 521.57315263897181 793.90489369630814 8.1066920533776266
leaf_count=1742 3806 48 3695 5021 66 8569 7327 9036 6587 6096 3225 4684 20723 550 9593 122 1765 1797 154 1304 18259 46 92817 617 1408 4641 6134 5653 5585 55
internal_value=0.000134183 0.00136736 -0.00888297 0.00190355 -0.0118808 -0.000711806 -0.00444761 -0.0144135 0.00280005 -0.000309941 -0.00117687 -0.00716733 0.00141574 -0.00387894 0.00327807 0.00807027 0.0115173 0.000583996 0.0367632 0.00534392 -0.00469076 -0.00378261 0.00300906 0.00979455 0.00369098 0.00235477 -0.023202 -0.0165929 0.00475644 0.0388891
internal_weight=31985.5 28137.5 3848.06 27043 1094.5 6903.53 2504.99 1659.18 20139.4 2683.1 1494.62 772.765 4398.55 1081.48 17456.3 927.831 635.305 292.527 40.5839 225.511 2188.87 2023.71 16528.5 594.721 316.934 1670.76 321.732 1316.41 1499.72 15.8205
internal_count=231125 192694 38431 178004 14690 52304 20975 18384 125700 17324 12406 8490 31329 9181 108376 5966 4066 1900 276 1854 20047 18305 102410 3790 2025 10737 6200 14689 10606 103
cat_boundaries=0 1 2 3 4 5 6 7
cat_threshold=6724768 1070 8529466 6486282 10669120 8462344 75
is_linear=0
shrinkage=0.04


Tree=44
num_leaves=31
num_cat=1
split_feature=0 27 27 10 0 4 29 13 7 9 14 0 22 14 12 0 27 14 27 9 2 9 21 31 9 21 0 12 14 9
split_gain=210.349 120.031 66.6751 51.5347 43.3765 20.4971 18.6396 16.6728 16.0083 15.0484 20.6002 16.6761 18.6139 17.4019 14.8476 14.1506 27.5097 14.0467 13.266 12.6232 12.2442 12.0947 12.084 11.9804 12.2753 11.8716 11.8096 11.7428 18.4816 12.66
threshold=1.5000000000000002 -2.5758333333333323 -0.62333333333333318 0 5.5000000000000009 0.040000000000000487 4.8850000000000007 1.0000000180025095e-35 -3.7063333333333328 48.500000000000007 0.31679894179894191 3.5000000000000004 12.240833333333336 -0.15737433862433856 4.6833333333333345 5.5000000000000009 0.67833333333333312 0.22222222222222232 0.029999999999999586 30.500000000000004 1500.0000000000002 26.500000000000004 28.620000000000005 9.5000000000000018 62.500000000000007 18.780000000000005 4.5000000000000009 3.3875000000000006 0.11666666666666677 26.500000000000004
decision_type=2 2 2 1 2 2 2 8 2 2 10 2 2 8 8 2 2 10 2 2 2 2 2 2 2 2 2 8 10 2
left_child=3 21 4 -1 5 27 15 20 -6 11 18 12 17 26 19 -4 -17 25 -11 -10 -5 -2 -22 24 -9 -8 -13 28 29 -3
right_child=1 2 6 7 8 -7 9 23 14 10 -12 13 -14 -15 -16 16 -18 -19 -20 -21 22 -23 -24 -25 -26 -27 -28 -29 -30 -31
leaf_value=-0.016316486680354465 -0.024962655626431803 0.022049526103570499 0.0014307050569572167 0.055425596518204501 -0.018628275790349105 -0.0062550636648808049 0.026259264477639786 -0.007111784730713484 0.0046935908746224067 -0.0024220264483941789 -0.013160933983394097 0.0062198328903059165 -0.00094360164243242688 0.0055690392959869108 -0.019124480170697386 -0.0068586505275135493 0.0098753373445104545 -0.0039465353744375523 0.0033056960450653754 -0.0083251239546390261 0.0091478159880678239 0.0075758205382549038 -0.01389839343477926 0.0479225855246267 0.028532591371885838 0.0045579229982986866 -0.0057553954277175757 -0.00065590515844264315 -0.0085470362739103866 0.0056428950520452234
leaf_weight=1055.2453829199076 305.10358325392008 89.068466231226921 5728.066524207592 7.4871528446674338 266.16028223186731 906.56945457682014 40.925656676292419 2564.264152571559 175.33803077042103 958.15343659371138 163.02564281225204 201.04794146865606 2028.6701180040836 6831.4017814025283 131.46914794668555 827.44059317559004 194.04462322592735 321.91207347810268 1992.2369395345449 371.96992804855108 143.09224244952202 19.442322291433811 48.822927981615067 6.394330918788909 15.552412308752535 2783.9220502153039 382.32916522026062 2870.0406425520778 129.37766672670841 485.10305880755186
leaf_count=12567 6108 652 36324 66 2837 7617 257 24119 1703 6448 988 1289 13123 41749 1607 5957 1107 2029 12130 3458 1239 189 444 58 138 17506 2661 22846 908 3480
internal_value=-2.38911e-05 0.0011721 0.00145365 -0.00880584 -0.00252599 -0.000883365 0.00241521 -0.00588097 -0.010314 0.00317078 0.000680759 0.00378653 0.00204406 0.00500276 -0.00705388 0.000657274 -0.00367981 0.00397016 0.00144559 -0.00415439 0.00524267 -0.0230134 0.0032849 -0.00676136 -0.0068969 0.00487233 -0.0016284 0.000479359 0.00511053 0.00818798
internal_weight=32043.7 28202.8 27878.3 3840.86 5425.1 4480.16 22453.2 2785.61 944.937 15703.6 3113.42 12590.2 5175.43 7414.78 678.777 6749.55 1021.49 3146.76 2950.39 547.308 199.402 324.546 191.915 2586.21 2579.82 2824.85 583.377 3573.59 703.549 574.172
internal_count=231604 192973 186676 38631 45108 35503 141568 26064 9605 98180 19566 78614 32915 45699 6768 43388 7064 19792 18578 5161 1749 6297 1683 24315 24257 17763 3950 27886 5040 4132
cat_boundaries=0 1
cat_threshold=1
is_linear=0
shrinkage=0.04


Tree=45
num_leaves=31
num_cat=5
split_feature=12 28 12 23 20 8 26 4 19 12 19 7 20 26 26 4 19 17 15 14 1 19 4 3 12 12 28 1 19 12
split_gain=101.565 43.9321 20.5191 16.8864 19.2637 15.5347 12.8562 11.5277 15.4179 11.9482 20.2358 12.6976 11.2538 12.9304 11.2087 14.2836 11.0837 10.8703 10.8637 16.6734 12.4227 19.3843 11.9474 11.6897 10.9224 10.9315 10.8083 10.7954 10.6584 10.3343
threshold=5.4365079365079376 5.5000000000000009 4.2111111111111121 5.5000000000000009 22.325000000000003 5.5000000000000009 4.705000000000001 -0.059999999999999158 0 3.7888888888888892 1 -2.9966666666666675 40.965000000000011 5.9750000000000005 5.7750000000000012 0.031666666666666739 2 0.35416666666666669 4.5000000000000009 -0.17400793650793644 38.135000000000012 3 0.016666666666667055 6.7250000000000005 3.8166666666666669 4.4365079365079376 5.5000000000000009 27.250000000000004 4 2.8452380952380958
decision_type=10 2 8 2 2 2 2 2 1 10 1 2 2 2 2 2 1 10 8 10 2 1 2 2 8 10 2 2 1 10
left_child=1 3 -3 4 5 6 18 8 17 -9 -11 -12 14 -14 -13 27 -5 -6 19 -1 -20 22 23 -22 -25 -26 -2 -16 -7 -21
right_child=26 2 -4 16 7 28 -8 9 -10 10 11 12 13 -15 15 -17 -18 -19 20 29 21 -23 -24 24 25 -27 -28 -29 -30 -31
leaf_value=0.021313164846582404 -0.0098556995201707891 -0.0017453325246733734 -0.0081346361026060163 -0.0066817504206364373 -0.0052458774201506785 -0.013592059300805766 0.020229160506649572 0.0013720585561352553 -0.00025233787360358351 0.0022322907383151283 -0.0073072602897287266 -0.00066679672301315715 -0.027581497129721404 -0.0044333326809049825 -0.01212858708259317 -0.013763791463493158 -0.00060980381462665413 -0.019311019240592062 -0.0014929100968775479 -0.013979411790341394 0.0015858563786484336 -0.00024784087914952427 0.0067800951144932273 0.099176236272379731 0.020586877445036098 0.069890382628677333 -0.027953178778379838 0.037759045674656253 0.00053790933849468729 0.0057615588720477005
leaf_weight=110.18770336359739 69.512894038110971 2278.6496173962951 1242.8632662892342 717.70066006109118 393.37724736332893 105.51275566965342 85.167650803923607 16496.3503915295 1572.5348399803042 1759.8612297028303 860.58522392809391 1260.7720319628716 49.439972974359989 176.25460717827082 8.5373548194766027 17.865386441349983 1442.5075958371162 113.22169660031796 734.20855594426394 43.503806136548519 9.710237964987753 135.84756254777312 26.55833312869072 6.2358174100518218 17.428256206214432 12.254391953349112 219.62649133056402 37.098499648272991 332.40417742729187 1717.8006457425654
leaf_count=826 749 18934 12696 5154 2941 798 571 110902 11581 12163 6023 8609 336 1245 58 119 10290 858 5619 299 73 1041 206 45 126 95 4715 257 2470 12035
internal_value=-2.36076e-06 0.00021246 -0.00400034 0.00073774 0.00101922 0.00385739 0.00491817 0.000602859 -0.0022362 0.000888477 -0.00102436 -0.0033971 -0.00124799 -0.0095041 0.000159094 0.0165566 -0.00266088 -0.00822695 0.00445472 0.0062183 0.000951893 0.00958025 0.0246897 0.040525 0.0510518 0.0409417 -0.0236023 0.0284263 -0.0031647 0.00527396
internal_weight=32053.6 31764.4 3521.51 28242.9 26082.7 3336.82 2898.9 22745.9 2079.13 20666.8 4170.41 2410.55 1549.97 225.695 1324.27 63.5012 2160.21 506.599 2813.74 1871.49 942.243 208.035 72.187 45.6287 35.9185 29.6826 289.139 45.6359 437.917 1761.3
internal_count=231834 226370 31630 194740 179296 24204 20936 155092 15380 139712 28810 16647 10624 1581 9043 434 15444 3799 20365 13160 7205 1586 545 339 266 221 5464 315 3268 12334
cat_boundaries=0 1 2 3 4 5
cat_threshold=145760 11019954 665281 4916098 8914497
is_linear=0
shrinkage=0.04


Tree=46
num_leaves=31
num_cat=1
split_feature=27 28 27 21 4 8 27 30 12 13 9 8 6 26 12 4 21 18 20 12 4 26 26 27 4 5 14 3 26 14
split_gain=93.0965 26.2706 19.9127 17.2851 15.5864 13.4996 23.965 11.8244 11.469 11.2408 11.9466 11.6094 10.7584 10.668 12.4191 10.4785 10.4225 11.1304 10.3844 16.8163 11.4548 15.9352 15.2614 13.9884 14.0378 12.5739 21.0005 15.2761 11.5516 11.2823
threshold=-1.9508333333333332 5.5000000000000009 -2.7274999999999991 4.7900000000000009 -0.023333333333333869 5.5000000000000009 0.090000000000000094 0 3.7321428571428577 0.23611111111111113 62.500000000000007 1.5000000000000002 12.590000000000002 3.8950000000000005 4.2678571428571432 0.016666666666667055 55.015000000000008 0.22500000000000003 26.540000000000003 4.2928571428571436 -0.059999999999999158 5.6350000000000007 4.8850000000000007 -0.31291666666666668 0.10833333333333385 2.5000000000000004 0.22791005291005295 6.8750000000000009 4.285000000000001 -0.0074074074074074103
decision_type=2 2 2 2 2 2 2 1 10 10 2 2 2 2 8 2 2 10 2 8 2 2 2 2 2 2 8 2 2 8
left_child=2 5 3 -1 7 18 8 12 -7 11 16 13 -3 -6 -15 -4 -11 -18 19 -2 21 -20 23 25 28 26 27 -22 -25 -26
right_child=1 4 15 -5 9 6 -8 -9 -10 10 -12 -13 -14 14 -16 -17 17 -19 20 -21 22 -23 -24 24 29 -27 -28 -29 -30 -31
leaf_value=-0.026254475917278239 0.0039888172755761838 0.030670301560952653 -0.004699877339448935 0.0094457455703035442 0.010178385255936373 -0.0022444059410356367 0.0010183132234321184 0.0043553542047054389 -0.0090234921648899985 -0.0031326537046155499 0.048157038603022777 -0.0091822749656821131 -0.010537134031769249 0.0027948407986314295 -0.023701611486592899 -0.018128921163640729 0.0015296274455974858 0.038570378276559347 0.0031092864311788693 -0.00092088141027117643 0.0050172517235164121 -0.0049669633461085737 0.0012426272590990491 -0.033989702744022292 0.08406242898259883 -0.011370810800691356 0.070929333967758523 -0.025440372917097394 0.00055165850689084886 0.0052458581440403274
leaf_weight=245.17346043512225 3830.4182721599936 10.841200426220892 280.41462214663625 23.80652866140008 104.65991554036736 898.71498411893845 2448.0556022301316 595.9823992587626 718.56997807323933 1007.7950340434909 7.5945935249328604 1039.70362759009 156.08993370458484 74.333936512470245 45.706074886023998 139.07550355419517 37.302590548992157 19.906628631055355 568.22478686273098 1575.2239503785968 126.31016629189253 1252.549075499177 15594.579397089779 15.841750308871267 5.7307219579815865 430.97251486033201 6.7043795287609091 33.292167186737061 699.8968563452363 5.8952853381633741
leaf_count=5228 26706 90 3606 230 948 6427 16456 4837 5475 8247 64 9303 1277 618 390 1920 282 150 4037 11556 915 9479 105012 107 40 3175 48 240 4598 40
internal_value=-4.94386e-05 0.000270488 -0.0145994 -0.0230948 -0.00322479 0.000654561 -0.00147791 0.00173942 -0.0052564 -0.00484535 -0.00183337 -0.00740043 -0.00741666 0.000844294 -0.00729387 -0.00915207 -0.00218986 0.0144184 0.0010136 0.00255811 0.000568077 -0.00244654 0.000892497 -0.00322947 0.000495366 -0.00776556 0.00157722 -0.00133604 -0.00021286 0.0440963
internal_weight=31999.4 31310.9 688.47 268.98 3099.92 28211 4065.34 762.914 1617.28 2337 1072.6 1264.4 166.931 224.7 120.04 419.49 1065 57.2092 24145.6 5405.64 18740 1820.77 16919.2 1324.64 727.365 597.279 166.307 159.602 715.739 11.626
internal_count=231501 220517 10984 5458 26206 194311 28358 6204 11902 20002 8743 11259 1367 1956 1008 5526 8679 432 165953 38262 127691 13516 114175 9163 4785 4378 1203 1155 4705 80
cat_boundaries=0 1
cat_threshold=3
is_linear=0
shrinkage=0.04


Tree=47
num_leaves=31
num_cat=7
split_feature=0 27 27 26 0 5 23 4 23 19 14 4 4 4 12 15 4 14 19 19 4 0 19 19 14 19 4 26 19 29
split_gain=179.339 98.9085 53.4629 47.084 29.6836 21.4747 19.8492 18.0208 16.5132 15.694 16.7633 17.1169 14.9021 14.5369 15.7951 14.4947 17.7506 14.8046 14.1902 13.9514 13.859 13.7824 23.3033 12.7836 12.2469 12.1854 12.1362 12.5683 11.7733 11.6989
threshold=1.5000000000000002 -2.7274999999999991 -0.73166666666666613 5.7550000000000008 5.5000000000000009 5.5000000000000009 5.5000000000000009 -0.0050000000000003366 3.5000000000000004 0 -0.22394179894179889 0.060000000000000948 0.038333333333332671 0.02666666666666773 4.1180555555555562 4.5000000000000009 -0.05000000000000026 -0.014814814814814821 1 2 -0.0033333333333334099 4.5000000000000009 3 4 -0.13333333333333333 5 -0.081666666666665652 3.6850000000000005 6 4.7750000000000012
decision_type=2 2 2 2 2 2 2 2 2 1 8 2 2 2 10 10 2 10 1 1 2 2 1 1 8 1 2 2 1 2
left_child=3 8 4 9 5 19 12 15 -2 -1 -11 -12 26 18 -15 16 17 -6 -5 -3 29 23 -23 -14 -18 -9 27 -4 -17 -8
right_child=1 2 6 13 7 -7 20 25 -10 10 11 -13 21 14 -16 28 24 -19 -20 -21 -22 22 -24 -25 -26 -27 -28 -29 -30 -31
leaf_value=0.0021933696531402889 0.021444455227935814 -0.0025097674317872613 0.05515368022736257 -0.009690728252883779 0.049439101545617994 -0.0079366377869053758 -0.00092533115770832616 -0.0024824860886020306 -0.025648962885977112 0.00568930342965847 -0.0081259437945428673 0.012522823575729423 -0.00092372588127030827 -0.0054995397633717177 0.050518353510755246 0.0054328525951969501 0.034347204120485378 -0.00038533058587750615 -0.018570165758540036 0.0028025987488847488 -0.0049976703739150283 0.0017911876265883245 -0.0075692096006899799 0.0048921130268405489 -0.0062354683783068304 -0.017620024627721477 0.0033786270269341489 -0.0023066135424338143 -0.016699150884025567 0.0099313768160442118
leaf_weight=478.70505011826754 12.521781973540781 1444.8954676873982 6.1411280930042258 617.70386081188917 24.391565173864365 588.9328701607883 555.88487623631954 129.18178671598434 245.14927437528968 177.38978177309036 1543.3746844604611 67.022204406559467 1054.8984764516354 187.53433622419834 8.4149637818336469 54.842496167868376 13.589868176728485 15.673082713037727 742.97982832044363 1723.7986232750118 965.32835467159748 985.25259026139975 736.90047542750835 1407.8227624967694 95.551743626594543 368.35199797153473 16690.257125407457 740.4764478802681 110.18415576219559 222.3193601295352
leaf_count=4146 148 11783 41 7357 237 5233 3668 1436 5259 1584 13874 597 6766 2140 92 637 149 136 8905 13834 6585 6533 4971 9007 918 4044 104072 4776 1250 1454
internal_value=0.000206056 0.00130851 0.00153606 -0.00792363 -0.00242098 -0.000922512 0.00230991 -0.00935732 -0.0233604 -0.00424486 -0.00594778 -0.00726657 0.00264098 -0.01328 -0.00309387 -0.00185809 0.00717679 0.029948 -0.0147469 0.000381133 -0.00179568 0.000497437 -0.00224763 0.00241703 -0.00118228 -0.0140937 0.00315543 -0.00183399 -0.0100268 0.00217624
internal_weight=32015.5 28192.3 27934.7 3823.12 4569.39 3757.63 23365.3 811.767 257.671 2266.49 1787.79 1610.4 21621.7 1556.63 195.949 314.233 149.206 40.0646 1360.68 3168.69 1743.53 4184.87 1722.15 2462.72 109.142 497.534 17436.9 746.618 165.027 778.204
internal_count=231632 192937 187530 38695 39657 30850 147873 8807 5407 20201 16055 14471 136166 18494 2232 3327 1440 373 16262 25617 11707 27277 11504 15773 1067 5480 108889 4817 1887 5122
cat_boundaries=0 1 2 3 4 5 6 7
cat_threshold=1057802 1587311 1844125 6676751 9774252 1073173 4557321
is_linear=0
shrinkage=0.04


Tree=48
num_leaves=31
num_cat=2
split_feature=27 23 28 12 29 30 28 5 14 3 12 12 8 20 10 28 27 14 28 14 7 21 5 15 23 9 12 22 29 20
split_gain=85.1203 23.4674 22.6073 23.2852 15.1413 18.2591 12.188 18.3515 18.4831 12.2818 13.7211 11.7336 11.6583 12.3057 14.0668 11.6483 14.1047 11.5937 10.7361 10.151 9.95779 11.2007 9.60797 9.6038 12.6574 17.2499 12.257 12.0882 12.016 10.161
threshold=-1.9508333333333332 5.5000000000000009 4.5000000000000009 5.4365079365079376 4.7750000000000012 0 1.5000000000000002 4.5000000000000009 -0.15912698412698409 6.8250000000000011 4.2111111111111121 4.5857142857142863 5.5000000000000009 20.735000000000003 1 4.5000000000000009 -1.0483333333333333 0.24983465608465616 1.5000000000000002 0.083333333333333412 -6.3026666666666644 70.105000000000004 3.5000000000000004 1.5000000000000002 3.5000000000000004 23.500000000000004 3.3166666666666669 8.5158333333333314 7.0050000000000008 38.650000000000006
decision_type=2 2 2 10 2 1 2 2 8 2 8 10 2 2 1 2 2 10 2 10 2 2 2 10 2 2 10 2 2 2
left_child=2 6 -1 19 -3 18 9 12 -9 10 -2 23 13 14 17 16 -15 -8 -6 22 -17 -22 -4 -10 25 27 28 -25 -26 -27
right_child=1 4 3 -5 5 -7 7 8 11 -11 -12 -13 -14 15 -16 20 -18 -19 -20 -21 21 -23 -24 24 26 29 -28 -29 -30 -31
leaf_value=0.045561310704796527 -0.0023247685083277901 -0.0044994304241005936 -0.0056277504778341992 -0.026523618564672981 0.031292455724234038 -0.0034238055115018481 0.0064154682834304047 -0.0051960439897090482 -0.0027608451043200184 0.0010023545971474868 -0.018443620196354829 -0.0095392150404846748 -0.00099209349943021733 0.041830039915953202 -0.0049464097599927403 0.0083461504192945367 0.0022754177976129935 -0.028370859204148672 0.0071358783725206385 0.031455913557009614 -0.0017687166907072534 0.035631754654890865 -0.017283967593012019 0.042852825949976261 0.0040613078477641793 0.0050238928731156833 -0.0034288231338070367 -0.0020220461858800015 -0.030046322621033995 -0.00036454105863380654
leaf_weight=10.007195785641668 2880.8688605353236 2434.8426436409354 247.04760267212987 197.37909165769815 33.12928581982851 397.88792758435011 1865.762821175158 1202.433259434998 1077.2499299421906 2513.4970385581255 87.049922026693821 188.4016514159739 2097.4663173779845 14.446342922747133 199.57838454097509 175.89851981401443 9398.5297891050577 15.456400394439695 264.1417730525136 9.207233786582945 2167.0473070666194 12.88803758472204 208.75122397392988 29.555433683097363 681.82206594198942 1441.4267163425684 1200.5277977585793 14.228264547884462 16.936894297599792 915.59284251183271
leaf_count=91 20267 18826 3198 4713 229 2923 13741 9509 7185 16974 622 1425 14819 95 1585 1329 62957 106 1940 79 15987 96 2859 203 4737 9853 8858 93 116 6047
internal_value=-2.91793e-05 0.000273068 -0.0141108 -0.0150123 -0.00301289 0.00219382 0.000637829 0.00104635 -0.000698837 -0.0010551 -0.00279754 0.000272748 0.00178703 0.00220792 0.00504353 0.00170657 0.00233612 0.00609725 0.00950815 -0.0101262 -0.000808883 -0.0015476 -0.0109662 0.000616522 0.00146261 0.00339285 -0.000977314 0.02827 0.00323459 0.00293074
internal_weight=31999.1 31326.7 672.392 662.385 3130 695.159 28196.7 22715.2 6768.17 5481.42 2967.92 5565.74 15947.1 13849.6 2080.8 11768.8 9412.98 1881.22 297.271 465.006 2355.83 2179.94 455.799 5377.34 4300.09 2400.8 1899.29 43.7837 698.759 2357.02
internal_count=231462 220522 10940 10849 23918 5092 196604 158741 48026 37863 20889 38517 110715 95896 15432 80464 63052 13847 2169 6136 17412 16083 6057 37092 29907 16196 13711 296 4853 15900
cat_boundaries=0 1 2
cat_threshold=420 4
is_linear=0
shrinkage=0.04


Tree=49
num_leaves=31
num_cat=9
split_feature=0 26 20 28 0 29 28 19 19 14 4 19 0 7 12 23 19 19 22 19 12 3 19 19 26 7 22 18 7 19
split_gain=164.132 82.6893 55.079 40.9406 59.3665 27.3737 20.122 19.9451 19.5255 19.0334 18.9239 16.7174 15.9623 14.3609 14.23 14.1985 14.208 13.667 14.9564 13.5451 13.4044 13.3908 13.1192 12.4594 12.597 12.3906 14.6076 12.1112 14.1594 12.5973
threshold=1.5000000000000002 1.6150000000000004 30.450000000000003 3.5000000000000004 5.5000000000000009 2.1650000000000005 1.5000000000000002 0 1 0.17976190476190482 -1.0000000180025095e-35 2 2.5000000000000004 4.7424999999999988 4.3166666666666673 4.5000000000000009 3 4 -4.4741666666666662 5 3.5634920634920637 6.8650000000000011 6 7 7.5050000000000008 -5.5874999999999995 -7.0116666666666676 1.0000000180025095e-35 -8.2149999999999963 8
decision_type=2 2 2 2 2 2 2 1 1 8 2 1 2 2 8 2 1 1 2 1 8 2 1 1 2 2 2 10 2 1
left_child=2 5 17 12 10 -2 8 9 -4 25 11 14 13 -3 -5 16 -12 -1 -19 -8 21 -13 -17 24 -15 -6 -27 28 -18 -30
right_child=1 3 6 4 7 -7 19 -9 -10 -11 15 20 -14 23 -16 22 27 18 -20 -21 -22 -23 -24 -25 -26 26 -28 -29 29 -31
leaf_value=0.0035937549217602729 -0.026182555784130722 0.0015963660202383254 -0.00028820143087758928 0.0090389410475860948 -0.01423933830377744 0.029146135737863076 -0.012848008750679102 -0.0088290146763434357 -0.019124912331325076 0.029929382172148102 0.005009451863530922 0.0063251393721971399 0.0033364685832219234 -0.01369800531248121 -0.0025629599857398106 -0.0063579167606720166 -0.014474543948214607 0.00047609345528213347 -0.0099218663411191326 -0.0052466757111491484 -0.00083207772063570125 -0.0021707115526562446 -0.00051688074172948474 -0.00068547097377012647 0.035839841553959147 -0.0064974084033640224 0.0088254235935243414 0.0023546981580146249 0.0046380990095864624 -0.0045281176688366492
leaf_weight=522.84246571362019 219.16301538050175 2459.5980786383152 111.6878415197134 940.45970845595002 101.03554989397526 15.30636854842305 742.65018430352211 1552.6212678141892 677.458101965487 32.355381455272436 991.41295184195042 1149.5274783670902 12132.308958157897 251.29524931311607 206.2424985691905 1044.7415463998914 159.84341519325972 457.47365998476744 428.79382003843784 853.50222451984882 1986.6217490211129 400.16545295715332 1495.9199862927198 451.24064815044403 8.4907122999429685 192.09147636219859 206.6187594383955 1125.7395413219929 337.39911065995693 772.63712441548705
leaf_count=4389 5143 15702 1361 6312 924 136 7952 13910 8331 242 6866 7526 72872 1609 1660 8220 1185 3946 3698 8986 14471 2617 11671 2897 57 1820 1601 7720 2408 5520
internal_value=3.50054e-05 0.00108477 -0.0077759 0.00128287 -0.000396456 -0.0225706 -0.01148 -0.00656745 -0.016705 0.000193872 0.00081598 0.0027165 0.00267605 0.000148966 0.00689215 -0.000685477 0.00101004 -0.00150572 -0.00450383 -0.00889675 0.00133921 0.00413132 -0.00294582 -0.00485791 -0.0116312 -0.00172743 0.00144316 -0.000663233 -0.00334383 -0.00174103
internal_weight=32027.2 28232.8 3794.41 27998.4 12695.4 234.469 2385.3 2084.72 789.146 532.101 10610.7 4683.02 15302.9 3170.62 1146.7 5927.69 3387.03 1409.11 886.267 1596.15 3536.31 1549.69 2540.66 711.027 259.786 499.746 398.71 2395.62 1269.88 1110.04
internal_count=231752 193089 38663 187810 94673 5279 26630 18497 9692 4587 76176 32586 93137 20265 7972 43590 23699 12033 7644 16938 24614 10143 19891 4563 1666 4345 3421 16833 9113 7928
cat_boundaries=0 1 2 3 4 5 6 7 8 9
cat_threshold=5251086 2062 8720960 2793760 1356938 10737816 3019420 6335362 4458568
is_linear=0
shrinkage=0.04


Tree=50
num_leaves=31
num_cat=9
split_feature=0 27 20 27 0 12 19 4 19 8 29 26 4 19 19 20 0 27 0 11 4 19 19 0 27 19 21 19 8 19
split_gain=128.071 91.4636 46.2083 31.4113 29.5656 29.3715 18.6117 18.1554 23.3543 18.2241 16.6473 16.2181 15.3004 15.1951 15.1896 15.1811 15.2643 15.9197 21.117 20.1513 16.2828 20.1901 16.2736 14.5105 14.4809 14.0325 13.9512 13.9462 13.936 17.0142
threshold=1.5000000000000002 -1.5999999999999992 30.450000000000003 -0.13499999999999931 5.5000000000000009 5.4722222222222232 0 0.0016666666666664833 1 5.5000000000000009 6.0050000000000008 6.1650000000000009 -0.018333333333333087 2 3 33.015000000000008 2.5000000000000004 0.67833333333333312 4.5000000000000009 7.5000000000000009 -0.021666666666666941 4 5 3.5000000000000004 1.2236666666666676 6 42.320000000000007 7 4.5000000000000009 8
decision_type=2 2 2 2 2 10 1 2 1 2 2 2 2 1 1 2 2 2 2 2 2 1 1 2 2 1 2 1 2 1
left_child=2 5 -1 4 7 25 11 8 -3 14 13 -6 -12 -4 -9 -5 -17 18 19 -18 21 -20 -21 24 -19 -2 -14 -26 -23 -30
right_child=1 3 10 15 6 -7 -8 9 -10 -11 12 -13 26 -15 -16 16 17 23 20 22 -22 28 -24 -25 27 -27 -28 -29 29 -31
leaf_value=-0.0013224318756234151 -0.0022748435774614193 0.0055844621744960436 -0.012448548349776689 0.0044291933550289174 -0.0014450762409053278 -0.024746230735778817 -0.0085848867389376055 0.0024708572571092171 -0.00069061327321764856 -0.0074262193834678334 -0.018520903037762319 0.024404087801361145 0.0045865702089972907 -0.003279406972346543 -0.0025933971565676884 -0.0010741117063781842 -0.00089696698409710981 0.0040898495952159195 -0.0062397834579965682 0.010661805373722686 -0.004123099367015666 0.0137330716911258 0.0022021771419368035 0.0049295744913028846 0.0042986506423473075 -0.012715002741319224 -0.012119223780894695 -0.0078744410496264499 0.022947439111256067 -0.010984854573549705
leaf_weight=1402.7403863221407 428.4156185016036 1874.7039976790547 508.33325839787722 3965.2089117467403 497.60765744745731 197.18312830477953 1060.4492667168379 1745.4091717004776 1913.454446554184 668.67377533763647 579.12800765037537 42.122844189405441 96.419279240071774 710.29722375422716 2049.535177372396 2702.5577152371407 1144.0446792393923 746.19037578999996 214.35047887265682 681.4427891522646 1719.3673417642713 281.21592102944851 806.10763268172741 4207.9784730225801 217.07805146276951 417.12405524775386 469.19823522865772 456.01799257099628 21.526542007923126 86.917328879237175
leaf_count=11993 5058 12758 5399 24287 4182 4759 9301 12576 13194 5142 7171 312 1100 7399 14909 17425 6945 4548 1346 4128 11005 1753 4899 24013 1373 4938 5537 2911 135 547
internal_value=-0.000146177 0.000780791 -0.00707353 0.00122806 -0.00057386 -0.0108444 -0.00554987 0.000391085 0.00242775 -0.00133738 -0.010487 0.000561891 -0.0139507 -0.00723324 -0.000264517 0.00225719 0.00160889 0.0022941 0.000640738 0.00309435 -0.00213837 0.00351135 0.00616399 0.00374993 0.000252454 -0.00760249 -0.00927143 -0.00400166 0.00880947 -0.00314605
internal_weight=31910.8 28144.7 3766.12 27102 9851.96 1042.72 1600.18 8251.78 3788.16 4463.62 2363.38 539.731 1144.75 1218.63 3794.94 17250 13284.8 10582.2 4954.97 2631.6 2323.38 604.01 1487.55 5627.26 1419.29 845.54 565.618 673.096 389.66 108.444
internal_count=231043 192444 38599 177689 72374 14755 13795 58579 25952 32627 26606 4494 13808 12798 27485 105315 81028 63603 30758 15972 14786 3781 9027 32845 8832 9996 6637 4284 2435 682
cat_boundaries=0 1 2 3 4 5 6 7 8 9
cat_threshold=1679374 8852339 10951312 4910468 8411786 8884451 6515866 1903376 5242884
is_linear=0
shrinkage=0.04


Tree=51
num_leaves=31
num_cat=0
split_feature=26 12 29 15 23 5 27 1 23 20 27 4 27 26 4 23 8 26 29 9 20 22 21 20 22 1 14 12 22 21
split_gain=69.7727 21.9376 19.7731 16.2484 16.481 13.9069 13.2216 12.9502 11.5939 12.8381 12.8296 12.7821 11.6662 14.5033 11.4472 11.3312 12.5497 10.6803 10.6159 15.5758 16.4453 10.5938 10.0599 9.82957 9.58944 9.40599 9.33219 11.5269 9.22422 9.22417
threshold=1.6150000000000004 4.2111111111111121 2.1650000000000005 3.5000000000000004 3.5000000000000004 5.5000000000000009 2.1091666666666673 55.665000000000013 5.5000000000000009 26.540000000000003 -0.14449999999999982 -0.049999999999999371 -0.23166666666666599 4.9250000000000007 -0.0033333333333334099 4.5000000000000009 5.5000000000000009 6.7150000000000007 6.6950000000000012 40.500000000000007 48.730000000000011 21.827500000000004 69.310000000000016 30.270000000000007 -21.570833333333329 39.065000000000005 0.55046296296296304 1.6125000000000003 5.7175000000000002 13.910000000000002
decision_type=2 10 2 8 2 2 2 2 2 2 2 2 2 2 2 2 2 2 2 2 2 2 2 2 2 2 10 8 2 2
left_child=2 6 3 4 -1 -3 8 24 9 10 15 17 13 29 18 16 -2 25 -10 20 -20 22 28 -23 -7 -11 27 -14 -15 -13
right_child=1 5 -4 -5 -6 7 -8 -9 14 11 -12 12 26 21 -16 -17 -18 -19 19 -21 -22 23 -24 -25 -26 -27 -28 -29 -30 -31
leaf_value=0.098103074444046201 0.0043282761867208365 -0.001588638378202799 0.019449393965379137 -0.027817042721003386 -0.014464544751408546 -0.020682691148709655 -0.005411218795418349 0.052765912571879375 0.00046018406279468729 -0.0022836005391937194 0.0060411043006363052 0.0054361997947599081 -0.011782775251363153 0.0011165313718788001 -0.0043375813257694878 -0.0014715823441408605 -0.0047666430899559265 -0.0073820653705884932 0.0096479182307351013 -0.012391377133040922 0.10011433078911035 0.0684265125390741 0.049233309382027496 0.012320110625945721 -0.0065028753372998772 0.0044007652035025283 0.024581269449465565 0.0013436059191746124 -0.0055681623907517762 -0.0083422484414103354
leaf_weight=3.3122132793068868 1961.5427781790495 3459.3301594294608 16.932358145713806 201.60091488063335 5.5984984301030636 87.691665705293417 591.49499475955963 5.5945015698671332 1184.4727702140808 1632.0877260267735 1357.3556404188275 89.198191836476326 107.85076182335615 1420.6623883619905 1413.3223028592765 1318.4951100200415 277.0321356728673 507.76278557628393 6.1791700124740618 8.770741753280161 6.7022309452295303 5.8135436400771132 6.5469872057437888 35.530584007501602 587.84117057546973 424.4139586687088 27.470408633351326 14219.276945181191 430.32820937037468 605.20306729525328
leaf_count=32 14452 28143 149 4979 101 958 4142 45 8782 11882 8615 663 771 10306 10829 10308 2185 3962 46 64 49 41 48 253 4849 3097 169 94267 3090 4500
internal_value=-5.99982e-05 9.80047e-05 -0.0221358 -0.0254807 0.0273781 -0.00261729 0.000504791 -0.00784164 0.000634174 0.000905378 0.00273262 0.000445161 0.00084339 -0.0016257 -0.00189483 0.00147012 0.00320275 -0.00218684 0.000967561 0.0287234 0.0567179 0.000183238 -0.000262494 0.0202094 -0.00834357 -0.000904103 0.00128945 0.00124479 -0.000437562 -0.00657236
internal_weight=32005.4 31778 227.444 210.512 8.91071 4140.46 27637.5 681.127 27046 24426.6 4914.43 19512.1 16947.9 2593.28 2619.45 3557.07 2238.57 2564.26 1206.12 21.6521 12.8814 1898.88 1857.54 41.3441 675.533 2056.5 14354.6 14327.1 1850.99 694.401
internal_count=231777 226516 5261 5112 133 33995 192521 5852 188379 168609 35560 133049 114108 18901 19770 26945 16637 18941 8941 159 95 13738 13444 294 5807 14979 95207 95038 13396 5163
is_linear=0
shrinkage=0.04


Tree=52
num_leaves=31
num_cat=9
split_feature=0 12 21 23 12 22 0 19 6 20 12 19 29 26 19 0 19 4 22 19 3 19 19 24 4 14 8 4 19 30
split_gain=130.566 75.0765 50.7875 38.8388 23.8472 13.906 13.6734 13.8945 13.1029 13.7486 12.6315 12.1568 11.8164 20.0229 29.3541 13.4281 16.195 11.1552 10.9144 10.9537 11.8674 10.8109 10.539 10.2493 10.2333 10.1206 9.98635 15.8665 12.3427 11.938
threshold=1.5000000000000002 5.4365079365079376 36.82500000000001 4.5000000000000009 3.8819444444444451 -26.392499999999995 5.5000000000000009 0 57.235000000000007 15.570000000000002 3.4365079365079372 1 5.8250000000000011 6.3450000000000006 2 3.5000000000000004 3 0.024500000000000192 -21.917499999999997 4 6.6650000000000009 5 6 8.5000000000000018 0.011666666666666272 -0.2334821428571428 4.5000000000000009 0.063333333333333922 7 8
decision_type=2 10 2 2 10 2 2 1 2 2 10 1 2 2 1 2 1 2 2 1 2 1 1 2 2 8 2 2 1 1
left_child=2 3 11 5 12 -2 7 8 24 -10 23 -1 15 -14 -15 16 -5 18 -3 20 -20 -8 -17 -4 -6 -18 28 29 -7 -28
right_child=1 17 10 4 6 26 21 -9 9 -11 -12 -13 13 14 -16 22 25 -19 19 -21 -22 -23 -24 -25 -26 -27 27 -29 -30 -31
leaf_value=-0.00720490741493892 0.038523180669673536 -0.026134637217840782 -0.015059103083116072 0.0065771608418565344 0.0045687928617382922 0.0040126202173478651 -0.0030109801252811721 -0.0051699336267810774 0.0918820897266929 0.0051217368953947132 -0.00659753699656927 -0.00077952835844402135 0.016858747879112315 -0.014712690212856698 0.0074821108143085869 -0.0050375049125261171 -0.028101265088944647 -0.033570004074720494 0.10707814793238507 -0.014710448234509538 0.0088535264507262294 -0.015336300226454481 0.00017089571710272728 0.012156970905749416 -0.0041392779618497771 -0.00050256104221495386 -0.0014360525287136134 -0.0057969290601234307 0.0016370289240525704 0.0026252420085537682
leaf_weight=690.16980115324259 16.838397175073624 78.02998822927475 1120.6984368786216 812.60254058241844 476.5405473485589 6553.1271500065923 222.54423314332962 1458.2954413965344 5.1767163574695569 6.7107794582843781 448.01608697324991 1467.8806973770261 181.84568104892969 124.31205148994923 319.1625342965126 1077.5507946722209 21.773398689925671 77.071075178682804 2.1073448881506947 58.021773755550385 29.771734744310379 269.06992602348328 1457.8854536861181 22.585381895303726 394.80586256831884 900.33918008953333 1634.6869124546647 531.78635225817561 7609.2436996586621 3932.2408217228949
leaf_count=6574 116 1975 13413 5351 3671 41680 2383 11821 42 47 4815 13573 1249 800 2041 7771 157 1697 33 1027 574 2895 10550 254 3282 5973 10524 3627 48493 25249
internal_value=0.000144428 0.00107521 -0.0068691 0.00126808 -0.00114474 0.00218768 -0.00406547 -0.00279218 0.00117889 0.0429038 -0.0122905 -0.00287144 0.000545565 0.00568098 0.00109756 -0.000206464 0.00250534 -0.0209711 -0.0151889 -0.00568844 0.0116821 -0.0101301 -0.00206185 -0.0145215 0.000623178 -0.00114185 0.00215749 0.000804227 0.00274024 0.00143481
internal_weight=32000.9 28251.5 3749.35 28006.5 7728.62 20277.9 2833.14 2341.53 883.234 11.8875 1591.3 2158.05 4895.47 625.32 443.475 4270.15 1734.72 245.002 167.931 89.9009 31.8791 491.614 2535.44 1143.28 871.346 922.113 20261.1 6098.71 14162.4 5566.93
internal_count=231657 193028 38629 187722 58033 129689 24141 18863 7042 89 18482 20147 33892 4090 2841 29802 11481 5306 3609 1634 607 5278 18321 13667 6953 6130 129573 39400 90173 35773
cat_boundaries=0 1 2 3 4 5 6 7 8 9
cat_threshold=14730338 10977808 2654860 6243936 13667024 8341509 14901290 777604 176
is_linear=0
shrinkage=0.04


Tree=53
num_leaves=31
num_cat=8
split_feature=0 27 10 28 0 12 7 12 19 20 19 4 23 19 19 21 7 29 20 19 27 4 9 19 20 12 30 27 9 4
split_gain=126.273 71.538 44.783 41.5762 20.2116 18.8552 17.627 16.3668 20.2396 17.8043 15.9818 14.8475 14.6872 15.7126 14.679 14.1917 13.9466 13.3486 12.4934 12.4904 11.4218 11.2345 11.2296 11.1343 10.8716 15.7668 14.3328 13.675 12.9059 10.8867
threshold=1.5000000000000002 -2.7274999999999991 0 5.5000000000000009 5.5000000000000009 3.8819444444444451 -4.2366666666666655 4.7071428571428582 1 15.205000000000002 2 0.063333333333333922 4.5000000000000009 3 4 23.830000000000002 -2.7883333333333318 2.1650000000000005 46.835000000000008 5 -0.7899999999999997 -0.10999999999999986 21.500000000000004 6 16.475000000000005 4.7071428571428582 7 -0.4183333333333325 58.500000000000007 0.05333333333333324
decision_type=2 2 1 2 2 10 2 10 1 2 1 2 2 1 1 2 2 2 2 1 2 2 2 1 2 8 1 2 2 2
left_child=2 17 23 5 16 21 11 8 -6 -10 -4 18 13 -8 -14 -12 20 -2 -7 24 -5 -3 -15 -1 25 29 -26 28 -28 -18
right_child=1 3 10 4 7 6 12 -9 9 -11 15 -13 14 22 -16 -17 19 -19 -20 -21 -22 -23 -24 -25 26 -27 27 -29 -30 -31
leaf_value=-0.018948242304928992 -0.024313127117627658 -0.0062198890283224851 -0.0010721150364710146 -0.008468734773187275 -0.017820932470840586 -0.0017068690523577676 -0.0011439721722952794 -0.023294800397623942 0.016919533115216375 -0.0055863324399129076 -0.0020920859121345533 -0.015213041865049804 -0.0073809650238484134 0.027129942579578001 0.0013395093246529668 -0.010548351679520901 0.02246273415437787 0.0064731163218413679 -0.019363905544687303 -0.0024067008232710467 0.0025441210484106083 0.0024501452975985707 0.004581365421134357 -0.009678493634010122 -0.0091890386634157235 -0.0049608251576069799 0.0026537163986683223 0.041399170063544898 0.051474697872410421 -0.012494767478172904
leaf_weight=453.39084085822105 209.04601882025599 242.17796824872494 1385.9976300224662 631.51114731654525 155.85445345193148 1326.0290668159723 1062.8346160873771 115.73100269585848 72.621425602585077 249.34070534259081 518.34136176854372 166.08583765849471 543.2157639823854 36.085060309618711 697.68356662616134 819.68730473518372 138.8855420127511 25.256851457059383 67.37356298416853 986.05828388035297 197.89945439249277 18998.81286181137 1707.9120978377759 547.6964920386672 139.39208050072193 62.265502840280533 321.30840805917978 16.393462374806404 8.9035826623439771 15.884140841662882
leaf_count=5757 5167 1577 13025 5863 1656 9350 7047 1806 864 2455 4668 1244 3971 278 5097 8305 1210 262 435 8214 1441 118818 11243 6830 1075 735 2489 111 69 160
internal_value=0.000101407 0.00101588 -0.00682007 0.00120033 -0.00315816 0.0017462 -0.000294923 -0.00979836 -0.00652941 -0.000494573 -0.00410656 -0.0039081 0.00109714 0.00269922 -0.00252665 -0.00721851 -0.00159324 -0.0209945 -0.00256062 0.000492605 -0.00584104 0.00234102 0.00501914 -0.0140226 0.00452892 0.0120367 0.0012693 0.00557941 0.00397009 0.018875
internal_weight=31919.7 28194.6 3725.11 27960.3 3112.05 24848.2 5607.22 593.548 477.817 321.962 2724.03 1559.49 4047.73 2806.83 1240.9 1338.03 2518.5 234.303 1393.4 1689.09 829.411 19241 1744 1001.09 703.033 217.035 485.998 346.605 330.212 154.77
internal_count=231222 192637 38585 187208 28148 159060 38665 6781 4975 3319 25998 11029 27636 18568 9068 12973 21367 5429 9785 14063 7304 120395 11521 12587 5849 2105 3744 2669 2558 1370
cat_boundaries=0 1 2 3 4 5 6 7 8
cat_threshold=1 10519657 5811247 3168610 487208 14822593 14934800 321
is_linear=0
shrinkage=0.04


Tree=54
num_leaves=31
num_cat=9
split_feature=0 27 10 12 0 12 4 2 19 23 4 14 19 4 19 13 1 19 7 19 20 27 19 29 17 19 26 8 19 6
split_gain=129.955 71.8134 43.4785 28.5157 31.2082 22.1064 18.0751 16.7568 15.0671 23.7352 14.7431 13.2357 14.0412 20.3914 12.4084 14.8813 17.719 12.3632 12.2317 19.234 12.5103 13.9953 18.1713 13.4838 12.5215 12.4794 14.5389 11.852 13.1595 14.4194
threshold=1.5000000000000002 -1.7116666666666664 0 3.7888888888888892 5.5000000000000009 5.4365079365079376 -0.029999999999999801 1500.0000000000002 1 4.5000000000000009 0.021833333333333375 0.11250000000000003 2 0.055000000000000167 3 0.23611111111111113 24.635000000000002 4 -3.4833333333333321 5 41.125000000000007 -0.16366666666666682 6 5.8450000000000006 1.0000000180025095e-35 7 4.0950000000000006 1.5000000000000002 8 45.245000000000012
decision_type=2 2 1 10 2 10 2 2 1 2 2 8 1 2 1 8 2 1 2 1 2 2 1 2 10 1 2 2 1 2
left_child=2 5 10 -3 18 8 -6 -4 9 -2 -1 12 -9 -14 15 -12 -17 -8 19 -5 21 25 -23 -22 -24 -20 27 28 29 -27
right_child=1 3 7 4 6 -7 17 11 -10 -11 14 -13 13 -15 -16 16 -18 -19 20 -21 23 22 24 -25 -26 26 -28 -29 -30 -31
leaf_value=-0.016314405924420423 0.023775029239796953 0.0021757694688649934 0.012763070100489785 0.0017876422565839978 0.004070738059508661 -0.022674809746843955 -0.0024118147276425972 -6.226710132266897e-05 -0.01171194134889271 -0.0057220451623788441 0.064212321287691762 -0.010118514884041309 -0.0080835441376193445 0.018311339366944217 -0.011467208703801378 0.066366241652166119 -0.0041635667001539136 -0.012484792918752968 0.00777081644178993 -0.0058552327360816368 -0.015806079135451814 -0.0027058582353531968 0.012230275082430655 -5.8859316816292344e-05 0.0038072975287556871 0.014739587269404567 -0.0033745345638623663 0.00032157534473623294 0.0041353833192281468 0.05386140840177113
leaf_weight=838.14444971084595 56.097869079560041 19686.660498954356 89.045140862464905 1015.4792211800814 198.60235090553761 185.97951531782746 311.31100653484464 1040.5192517340183 401.21180487796664 196.65356373414397 7.7403011620044699 596.74599183350801 945.5033660158515 49.270799674093723 88.318031594157219 6.5226164311170569 45.14556036144495 608.10784419253469 314.8664673268795 1080.2488492280245 130.470548145473 349.2925179451704 533.49860189855099 261.1302606984973 599.94165244698524 46.147172473371029 1313.5152114927769 729.08094512671232 211.84612883627415 22.386676773428917
leaf_count=10754 600 124832 844 7174 1558 4888 2553 9640 5087 2515 89 6192 8937 449 1070 79 545 5065 2317 7703 832 2141 3252 1679 3641 350 9383 5562 1593 165
internal_value=9.0641e-05 0.00101457 -0.00695105 0.00136757 -0.000691812 -0.0105063 -0.00687235 -0.00428691 -0.00704569 0.000793403 -0.0141176 -0.00488002 -0.0033441 -0.00670878 -0.00260952 0.0106894 0.00474015 -0.00923615 0.000353901 -0.00217131 0.00152676 0.00217606 0.00528537 -0.0053054 0.00770394 0.000428311 -0.000597803 0.00300937 0.00999853 0.0240147
internal_weight=31959.5 28252.5 3706.96 27412.6 7725.93 839.943 1118.02 2721.08 653.963 252.751 985.871 2632.04 2035.29 994.774 147.727 59.4085 51.6682 919.419 6607.9 2095.73 4512.18 4120.58 1482.73 391.601 1133.44 2637.84 2322.98 1009.46 280.38 68.5338
internal_count=231489 192890 38599 179800 54968 13090 9176 26062 8202 3115 12537 25218 19026 9386 1783 713 624 7618 45792 14877 30915 28404 9034 2511 6893 19370 17053 7670 2108 515
cat_boundaries=0 1 2 3 4 5 6 7 8 9
cat_threshold=1 6512914 10006314 3548550 1119373 7512810 34891 8388617 1606660
is_linear=0
shrinkage=0.04


Tree=55
num_leaves=31
num_cat=8
split_feature=0 27 10 14 4 23 24 14 19 19 19 0 11 22 27 19 29 4 5 19 19 4 20 27 9 19 22 31 14 5
split_gain=123.171 59.6459 34.1956 29.9005 25.0803 17.4873 17.1712 18.5576 16.5668 15.4468 14.7273 14.6407 14.4229 13.747 13.1579 12.9991 28.4166 12.8766 12.2992 12.007 11.8161 11.8095 13.0626 11.166 10.8055 10.8019 10.752 10.6778 14.0419 10.5042
threshold=1.5000000000000002 -2.5758333333333323 0 -0.16643518518518513 0.0033333333333325226 5.5000000000000009 5.5000000000000009 -0.14255952380952377 1 2 3 5.5000000000000009 10.500000000000002 -12.008166666666661 0.47999999999999982 4 6.5250000000000012 -1.0000000180025095e-35 1.5000000000000002 5 6 -0.0416666666666674 38.185000000000009 0.59366666666666645 25.500000000000004 7 27.621666666666666 5.5000000000000009 -0.05000000000000001 5.5000000000000009
decision_type=2 2 1 8 2 2 2 8 1 1 1 2 2 2 2 1 2 2 2 1 1 2 2 2 2 1 2 2 8 2
left_child=2 24 18 4 9 29 7 10 -9 26 13 -6 15 -4 -13 16 -7 -10 19 21 -14 22 -1 -19 -2 27 -3 -20 -29 -5
right_child=1 3 6 5 11 12 -8 8 17 -11 -12 14 20 -15 -16 -17 -18 23 25 -21 -22 -23 -24 -25 -26 -27 -28 28 -30 -31
leaf_value=0.059358805316433304 -0.020264546803684662 0.0058937545260325172 -0.0039905898198534006 0.0023507769076698271 -0.0034097827566227576 0.00048072575672706837 0.0076019122846298359 -0.0013222134231620048 -0.012374326072516798 -0.0021569377774211143 -0.0042480316455847282 -0.013999046228889324 0.010159846813771545 0.017162008385151421 0.013512010631673885 -0.0058389588668866692 0.066598821717428064 -0.00094600578441779817 -0.0055324895450530242 -0.024173397134956105 -0.0015848871425822337 0.02445611575317963 -0.016146763346402374 -0.013990683858345832 0.0069259490489511286 -0.013554381665299826 -0.039912008651687383 0.093458475079405773 0.0096773053551088839 -0.00021168621397146234
leaf_weight=3.8598726764321318 246.32166221365333 826.47896530479193 76.214531481266022 18905.199776776135 1800.1149113513529 488.83252168819308 176.3835367411375 595.40793018788099 887.85338099300861 892.97797882556915 298.90392157435417 365.70827264338732 247.53194540739059 138.47705758363008 30.105686694383621 1172.0057664699852 10.626518823206423 385.82799719274044 181.50691782683134 235.72584538906813 293.1437836997211 17.03576198220253 72.990173526108265 144.24216355383396 25.837550345808268 443.12038391083479 8.2813284918665868 3.7800632864236832 20.885709300637249 2960.382441457361
leaf_count=45 5985 6312 680 119658 13986 3590 1656 5684 8885 6849 2710 3648 1763 1268 186 8652 67 3565 2268 3187 2092 224 980 1551 283 5590 54 45 257 19832
internal_value=5.59919e-05 0.000952188 -0.00682537 0.00113331 -0.00210464 0.00166097 -0.0044481 -0.00530682 -0.00703814 0.00150073 0.00148009 -0.00494132 -0.00172816 0.00922332 -0.0119065 -0.00356512 0.00185041 -0.00936299 -0.01321 -0.0196378 0.00395068 -0.0051288 -0.0123544 -0.00449571 -0.0176832 -0.0101504 0.00537494 -0.00207607 0.0225169 0.00200384
internal_weight=31955.8 28273.5 3682.22 28001.4 3923.67 24077.7 2703.31 2526.93 2013.33 1727.74 513.596 2195.93 2212.14 214.692 395.814 1671.46 499.459 1417.92 978.905 329.612 540.676 93.8858 76.85 530.07 272.159 649.293 834.76 206.173 24.6658 21865.6
internal_count=231552 192957 38595 186689 31035 155654 25999 24343 19685 13215 4658 17820 16164 1948 3834 12309 3657 14001 12596 4436 3855 1249 1025 5116 6268 8160 6366 2570 302 139490
cat_boundaries=0 1 2 3 4 5 6 7 8
cat_threshold=1 1057867 10729688 6208001 4407348 541770 1862482 1056951
is_linear=0
shrinkage=0.04


Tree=56
num_leaves=31
num_cat=6
split_feature=0 27 21 27 7 22 4 19 21 0 19 1 19 14 20 6 13 4 0 16 23 27 19 11 19 12 21 12 19 4
split_gain=97.7156 63.9068 35.4206 33.1205 20.9726 20.6069 14.9654 15.9217 14.9395 13.989 17.5338 12.4587 12.4272 12.3147 16.4691 17.5056 13.2319 12.0805 14.0815 13.8379 15.6506 15.1573 15.3251 14.4741 12.9999 12.7518 12.5846 12.5765 12.5592 12.0297
threshold=1.5000000000000002 -2.5758333333333323 36.82500000000001 -0.71774999999999956 -3.4833333333333321 -12.008166666666661 0.021833333333333375 0 36.680000000000007 3.5000000000000004 1 37.805000000000007 2 -0.083333333333333273 28.095000000000002 26.265000000000004 0.41428571428571431 0.023333333333332987 2.5000000000000004 0.45000000000000007 5.5000000000000009 2.6326666666666676 3 9.5000000000000018 4 3.8660714285714293 82.840000000000018 2.1055555555555561 5 0.013333333333334087
decision_type=2 2 2 2 2 2 2 1 2 2 1 2 1 8 2 2 10 2 2 8 2 2 1 2 1 10 2 8 1 2
left_child=2 5 8 4 9 -2 7 -4 -1 12 -11 -7 13 14 -3 -16 -15 18 -5 20 26 22 -21 -22 -25 28 -20 -24 -19 -29
right_child=1 3 6 17 -6 11 -8 -9 -10 10 -12 -13 -14 16 15 -17 -18 25 19 21 23 -23 27 24 -26 -27 -28 29 -30 -31
leaf_value=-0.0030801835537576563 -0.021852092589552993 -0.0057873915015451294 -0.0035435902971126926 -0.00011347414997955364 -0.00051140676611467859 0.0065998847006985073 -0.0021279693494602732 -0.014938025224927088 0.065901669911339125 -0.0021542232941108895 -0.014454130579902566 0.092856352850231194 -0.0075998599234075679 0.023892090176032985 0.079267955352336827 -0.0013194261786144438 -0.010909598086456522 -0.0012618247432260882 0.0021615286392032986 0.0083574346242974058 -0.0082940879144689766 -0.018051838688345503 -0.0027244170062682288 -0.0073908945525799751 0.012668367773972695 -0.0030301918379840409 0.042359760322525836 0.0033528960729511947 0.0026314043524478838 0.012186671491519103
leaf_weight=2114.501999117434 249.27078904025257 158.8728839494288 271.51924882084131 3674.9184081330895 3250.219439085573 16.832242999225858 259.38817223906517 1008.1293572559953 5.0352180004119864 318.89974588155746 486.20025923103094 3.1864156834781161 255.85042695328593 76.115855403244495 7.886778078973296 9.517317667603491 22.690989822149277 2263.1477002501488 7549.7279876321554 1305.4927515089512 443.27732852846384 47.273873299360275 487.31991373747587 80.405189335346222 116.39762478321791 1617.6205601319671 12.481358572840689 2391.2467763051391 3178.7420277073979 275.01666521281004
leaf_count=19998 6040 1322 3179 23377 27486 217 2906 12409 50 3086 4767 45 2061 580 60 72 166 14415 46656 7837 2996 295 2884 542 783 11106 76 14436 20100 1664
internal_value=-0.000118553 0.000676748 -0.0062701 0.000863065 -0.00224565 -0.0187164 -0.0108889 -0.0126648 -0.00291631 -0.0064646 -0.00978843 0.0203295 -0.00142439 0.00443438 -0.00174072 0.0351993 0.0158999 0.00147123 0.00206728 0.00269788 0.00171954 0.00447862 0.00471748 -0.00428619 0.00474117 8.79459e-05 0.00222788 0.00317408 0.00101482 0.00426407
internal_weight=31957.2 28298.6 3658.57 28029.3 4586.25 269.289 1539.04 1279.65 2119.54 1336.03 805.1 20.0187 530.934 275.084 176.277 17.4041 98.8068 23443.1 16383.6 12708.6 8202.29 4506.35 4459.08 640.08 196.803 7059.51 7562.21 3153.58 5441.89 2666.26
internal_count=231611 193069 38542 186767 39600 6302 18494 15588 20048 12114 7853 262 4261 2200 1454 132 746 147167 101546 78169 51053 27116 26821 4321 1325 45621 46732 18984 34515 16100
cat_boundaries=0 1 2 3 4 5 6
cat_threshold=2094 3371656 15296613 13009952 4949668 9459122
is_linear=0
shrinkage=0.04


Tree=57
num_leaves=31
num_cat=7
split_feature=26 28 15 9 6 12 19 7 3 19 22 19 9 20 26 19 21 21 4 23 19 4 15 28 19 6 9 7 21 19
split_gain=59.8622 37.0186 18.0752 15.9959 12.3553 14.3229 14.4645 15.9186 12.123 11.7672 11.1522 15.6704 18.3844 13.1756 22.7865 14.6837 12.8237 12.6568 12.4287 17.8033 18.9605 18.1718 12.4387 12.0243 11.423 11.1409 10.9395 13.5243 10.6625 13.486
threshold=1.6150000000000004 3.5000000000000004 5.5000000000000009 25.500000000000004 36.850000000000009 5.3875000000000011 0 -8.7083333333333339 7.0650000000000004 1 -19.19083333333333 2 50.500000000000007 28.095000000000002 5.0450000000000008 3 6.2000000000000011 67.905000000000015 0.016666666666667055 3.5000000000000004 4 0.036666666666666632 4.5000000000000009 5.5000000000000009 5 1.0000000180025095e-35 42.500000000000007 2.3341666666666652 5.5950000000000006 6
decision_type=2 2 10 2 2 10 1 2 2 1 2 1 2 2 2 1 2 2 2 2 1 2 8 2 1 2 2 2 2 1
left_child=1 -1 10 -3 5 6 7 -4 -9 -6 11 -2 16 14 17 -16 -13 18 24 20 22 26 -20 -23 -12 -14 -22 -28 29 -15
right_child=2 3 4 -5 9 -7 -8 8 -10 -11 13 12 25 28 15 -17 -18 -19 19 -21 21 23 -24 -25 -26 -27 27 -29 -30 -31
leaf_value=0.14972217712378139 -0.0055688845169636981 -0.026518015692813521 -0.020986153827682909 0.013868007009811537 -0.0050792450124998193 -0.027499939819365209 -0.001071675325179216 -0.0063568440253320303 0.052840431223934579 0.0049291295487573165 0.0053500276050223988 0.00487478193589444 0.039117345368653265 0.013639225108665241 0.021710016231837794 0.003392875092053568 -0.004435490842611735 0.052362494097863518 0.00090831318205540417 -0.003382310479554158 -0.008195550304610168 0.017061512437778842 -0.014505219758029361 -0.0087042960815241176 0.0011513729546265995 -0.012656344382306783 -0.00087924655649406218 0.028367173693852284 -7.0164735780720125e-05 -0.0013471926516911128
leaf_weight=2.0012081265449515 1159.4326739870012 188.25794611126184 133.46197057515383 17.118463560938835 294.01996462419629 43.642169754952192 1013.9838857799768 669.26968863978982 5.5812878161668769 484.12527310103178 1741.7341840751469 917.42573160305619 6.8965767547488204 195.72293062508106 140.93773580342531 157.137969404459 319.0148687325418 7.8502902239561072 381.85904987156391 1542.4779028780758 124.31429088115692 295.08595740795135 107.31252882629633 32.135614387691021 2586.1783334314823 185.97861380875111 74.927793212234974 38.193606719374657 18840.625216722488 184.09872075170279
leaf_count=14 9065 5097 1127 152 2421 675 8426 5492 44 4015 12401 7190 52 1293 928 1022 2462 52 2651 12131 862 2031 831 292 18597 1418 523 260 128456 1212
internal_value=-6.2579e-05 -0.0214835 7.76276e-05 -0.0231518 -0.00308859 -0.00485435 -0.00431201 -0.00826136 -0.00586726 0.00114556 0.000365918 -0.00213972 0.000676175 0.000611147 0.00206673 0.0128958 0.00247263 0.00160108 0.00154353 -0.000644472 0.00336287 0.00827212 -0.0024235 0.0145311 0.00285611 -0.0108051 -5.30397e-06 0.00899533 6.36023e-05 0.00669897
internal_weight=31890.8 207.378 31683.4 205.376 2644.08 1865.94 1822.3 808.313 674.851 778.145 29039.3 2588.75 1429.32 26450.6 7230.15 298.076 1236.44 6932.07 6924.22 2596.31 1053.83 564.657 489.172 327.222 4327.91 192.875 237.436 113.121 19220.4 379.822
internal_count=231192 5263 225929 5249 22200 15764 15089 6663 5536 6436 203729 20187 11122 183542 52581 1950 9652 50631 50579 19581 7450 3968 3482 2323 30998 1470 1645 783 130961 2505
cat_boundaries=0 1 2 3 4 5 6 7
cat_threshold=13996385 335386 832903 15750547 13734005 13776168 13436281
is_linear=0
shrinkage=0.04


Tree=58
num_leaves=31
num_cat=12
split_feature=0 28 26 28 14 19 4 19 27 4 29 19 19 19 19 26 19 21 4 19 0 19 4 19 19 9 26 7 30 16
split_gain=92.8975 56.1582 37.6049 35.3629 19.761 16.4561 16.1912 18.3526 16.0472 16.2057 14.5869 13.2481 12.7173 12.2173 11.5229 11.0961 10.8776 15.1073 10.8485 13.8771 12.2833 14.0255 16.9322 12.1452 10.912 10.7158 11.4609 10.5582 10.5201 10.1947
threshold=1.5000000000000002 5.5000000000000009 1.7950000000000002 1.5000000000000002 -0.20363756613756609 0 -0.0045000000000001697 1 -0.67500000000000038 0.033333333333333666 2.0050000000000003 2 3 4 5 5.2150000000000007 6 27.255000000000003 0.018333333333333982 7 2.5000000000000004 8 -0.028166666666666892 9 10 60.500000000000007 3.7950000000000004 -4.8844999999999947 11 0.29166666666666669
decision_type=2 2 2 2 8 1 2 1 2 2 2 1 1 1 1 2 1 2 2 1 2 1 2 1 1 2 2 2 1 10
left_child=3 4 10 11 5 -2 7 -5 9 16 -3 -1 25 15 -11 -10 17 -4 19 -6 21 22 -21 -20 -22 26 -8 -25 -15 -30
right_child=1 2 8 6 18 -7 12 -9 13 14 -12 -13 -14 28 -16 -17 -18 -19 23 20 24 -23 -24 27 -26 -27 -28 -29 29 -31
leaf_value=-0.0049473167258875118 0.0012014727268537897 -0.02326150927294178 0.003749485795646627 -0.0016800160954854582 -0.0018978828787987556 -0.0068270563637236716 -0.017459192718801017 -0.010141173422043475 -0.0021552029357204492 -0.0040345503796242257 0.01564492546682647 -0.017150222527669547 -0.0041759104312562509 0.0092055901097532356 -0.015125179970098759 0.016376620235433358 -0.0054443699577183188 -0.0070070230913647251 -0.0023309682848298035 -0.0020447111539677672 0.0019091627471450757 -0.002075967948714303 0.0063383530778763457 -0.0015174475724055595 0.0044325997594203137 0.046115828930274952 0.00498016497393859 0.002371247843190824 0.0020521957157619689 -0.017324232022421598
leaf_weight=232.67502068728209 814.7014270760119 199.37702205590904 696.59658235311508 742.28284230083227 1144.2126600146294 809.09489366039634 39.274158522486687 950.30880067497492 76.412849731743336 326.57048117741942 16.710704304277897 524.23534323647618 651.48668321222067 75.246978059411049 313.38521585613489 159.81453800946474 956.93192264065146 298.40442004054785 1833.4899558722973 621.60329071432352 5035.3307728804648 1649.8571898601949 1014.9492236599326 1494.5374773927033 6161.9240780696273 9.5393819436430913 500.79322702437639 4423.8073183372617 81.325591281056404 93.275493428111076
leaf_count=2976 5996 5463 6527 7282 7182 5978 350 9810 575 3290 158 6865 6349 547 3193 1152 8769 2414 11973 4038 31229 10538 6397 9844 37991 84 4900 28557 615 670
internal_value=1.1878e-05 0.000786601 -0.00412279 -0.00599338 0.00143338 -0.00283358 -0.00397989 -0.00650039 -0.00299039 -0.00424114 -0.0202528 -0.013691 -0.000427989 0.00367897 -0.009765 0.00996045 -0.0024301 0.00051836 0.00172974 0.00233658 0.00267057 0.000522241 0.0031351 0.000506325 0.00330349 0.00401756 0.00334836 0.00138691 -0.00255642 -0.00784952
internal_weight=31948.2 28297.6 3294.05 3650.6 25003.5 1623.8 2893.69 1692.59 3077.96 2591.89 216.088 756.91 1201.09 486.075 639.956 236.227 1951.93 995.001 23379.7 15627.9 14483.7 3286.41 1636.55 7751.83 11197.3 549.607 540.067 5918.34 249.848 174.601
internal_count=231712 193096 33373 38616 159723 11974 28775 17092 27752 24193 5621 9841 11683 3559 6483 1727 17710 8941 147749 97375 90193 20973 10435 50374 69220 5334 5250 38401 1832 1285
cat_boundaries=0 1 2 3 4 5 6 7 8 9 10 11 12
cat_threshold=756985 1578095 534559 16018465 3022792 3230167 15198496 8200 12386614 9704480 2736934 176
is_linear=0
shrinkage=0.04


Tree=59
num_leaves=31
num_cat=9
split_feature=0 27 28 23 0 27 2 4 19 14 1 14 12 0 19 21 12 19 19 4 19 19 19 1 12 19 19 9 23 27
split_gain=104.307 63.4139 35.3153 33.4401 23.1658 24.4989 19.7165 16.6477 17.9048 15.2922 16.1741 13.6651 12.9886 13.0476 17.3652 13.3094 12.981 12.7602 12.4166 12.3961 17.0176 13.2743 12.35 14.6144 11.5882 11.5657 11.5507 11.3757 11.0956 11.0796
threshold=1.5000000000000002 -2.7274999999999991 1.5000000000000002 4.5000000000000009 5.5000000000000009 0.65333333333333388 1500.0000000000002 0.02666666666666773 0 -0.19986772486772483 38.135000000000012 0.10787037037037038 3.3166666666666669 5.5000000000000009 1 43.495000000000005 4.1833333333333345 2 3 -0.0045000000000001697 4 5 6 40.665000000000006 1.5277777777777779 7 8 24.500000000000004 4.5000000000000009 -0.079999999999999391
decision_type=2 2 2 2 2 2 2 2 1 8 2 10 10 2 1 2 10 1 1 2 1 1 1 2 8 1 1 2 2 2
left_child=2 28 17 12 7 18 16 8 -5 10 -8 27 24 26 -15 -16 -4 -1 -6 21 -21 -11 -12 -24 -3 -9 -14 -10 -2 -18
right_child=1 3 6 4 5 -7 9 25 11 19 22 -13 13 14 15 -17 29 -19 -20 20 -22 -23 23 -25 -26 -27 -28 -29 -30 -31
leaf_value=-0.0074611774350852814 0.0006901228424186569 -0.010644726994567644 0.0069424556944442783 -0.0016442275681025572 -0.0010824930172360281 0.011277108918813061 -0.0017827614133008724 -0.010043827868271087 0.0090053037682587111 -0.0027133892955933576 -0.0019972533093486644 0.010119293751829135 0.0038559808387151257 -0.0084132649844559735 -0.0021952278487850237 0.0088642646902974305 0.025952156027887967 -0.018751709462100349 -0.010131737266346726 0.0042715368289711463 -0.0064831756098068386 -0.010985946938471448 0.065763663987476267 0.018278418555303856 0.0029750448559993608 -0.0018281535106618608 0.00047103326523298124 0.0008452621197889722 -0.0248472521852246 0.10067180974825585
leaf_weight=336.94116413220763 32.124346965923905 100.86476264148951 81.750616498291492 2060.6645039450377 351.64445267990232 120.50175958871841 265.05816956609488 335.324123442173 322.87188825197518 486.44048324972391 37.025603368878365 405.10422080010176 2275.500609099865 522.74626375548542 661.57327018305659 236.28740418702364 11.641224712133409 410.86341125518084 873.13150389865041 366.10975109785795 627.15337866544724 977.49042348563671 16.88064131885767 26.887655355036259 11056.472143650055 1408.1159042548388 5514.7571275494993 1782.0679288804531 178.37622531317174 4.366109073162078
leaf_count=4368 594 615 806 14562 3194 687 2479 2601 2676 4839 345 2514 14730 3891 5038 1563 101 5478 8126 3574 6183 10161 161 252 67710 10742 36130 12344 4778 40
internal_value=0.00010025 0.000922602 -0.00626428 0.00108688 -0.00116621 -0.00593203 -0.0042662 -0.000150822 0.00111768 -0.00488205 0.00299301 0.00337821 0.00193415 0.000822427 -0.00270302 0.000707388 0.0133924 -0.014015 -0.00762518 -0.00599048 -0.00254133 -0.00833069 0.0186607 0.029787 0.00285192 -0.00347641 0.00146532 0.00209691 -0.02095 0.0463324
internal_weight=31886.7 28238.1 3648.61 28027.6 7659.43 1345.28 2900.8 6314.15 4570.71 2803.05 345.852 2510.04 20368.2 9210.86 1420.61 897.861 97.758 747.805 1224.78 2457.19 993.263 1463.93 80.7939 43.7683 11157.3 1743.44 7790.26 2104.94 210.501 16.0073
internal_count=231282 192495 38787 187123 57446 12007 28941 45439 32096 27994 3237 17534 129677 61352 10492 6601 947 9846 11320 24757 9757 15000 758 413 68325 13343 50860 15020 5372 141
cat_boundaries=0 1 2 3 4 5 6 7 8 9
cat_threshold=1158030 15601952 1583327 1607693 7613457 1081647 2550860 9310208 6431024
is_linear=0
shrinkage=0.04


Tree=60
num_leaves=31
num_cat=4
split_feature=0 27 20 0 14 0 19 5 18 6 19 3 22 19 20 7 27 6 19 24 26 28 7 6 14 15 3 3 5 23
split_gain=75.1618 49.9673 35.611 27.7058 18.3229 18.6461 20.4648 16.8817 14.7632 13.238 11.3211 11.6345 11.0809 10.5379 11.5913 12.2113 11.4721 11.8634 10.4947 14.2019 10.4431 10.4386 10.2052 10.1136 14.7784 16.2421 19.6082 15.118 9.61018 9.74763
threshold=1.5000000000000002 -1.5999999999999992 32.720000000000006 5.5000000000000009 -0.20363756613756609 3.5000000000000004 0 5.5000000000000009 0.22500000000000003 25.055000000000003 1 7.1150000000000011 -5.7199999999999962 2 12.805000000000001 1.466666666666667 -1.3583333333333329 29.825000000000003 3 8.5000000000000018 6.8750000000000009 4.5000000000000009 -13.129166666666663 40.445000000000007 -0.30532407407407397 4.5000000000000009 6.9250000000000007 6.7150000000000007 1.5000000000000002 3.5000000000000004
decision_type=2 2 2 2 8 2 1 2 10 2 1 2 2 1 2 2 2 2 1 2 2 2 2 2 8 8 2 2 2 2
left_child=2 3 18 7 5 6 -3 8 21 -10 20 12 -12 14 15 16 -7 -18 22 -20 -4 -2 -1 -23 -25 26 27 -26 29 -15
right_child=1 4 10 -5 -6 13 -8 -9 9 -11 11 -13 -14 28 -16 -17 17 -19 19 -21 -22 23 -24 24 25 -27 -28 -29 -30 -31
leaf_value=0.016369284713065108 0.036000093985314376 0.0073341293552523102 -0.0039680661483784971 -0.018465971848409781 0.0013589704826335422 -0.0069666582449711472 -0.0046296579627602211 -0.019606521800632794 0.076487771818807795 0.012475471015337525 -0.0025668867636148584 0.061906474127901109 -0.014109329012133203 0.029341890229429599 -0.011519395060164221 -0.019857724365399329 0.020381700578183178 0.09545629094795062 0.0015018129480855514 0.070706087259992667 -0.015033687886978071 -0.0062907852942435871 -0.0058884637704003928 0.042202488383045703 0.076062816604789293 -0.010558420623793394 0.10690205669763468 -0.0060477317955041215 -0.0041330260483828894 0.00038613663931755265
leaf_weight=34.743564993143082 10.8238971196115 479.8192800283432 839.84970373287797 292.1381391081959 25282.10890988633 8.2530268877744657 420.75182545185089 92.694547820836306 6.1918205544352523 31.295677781105042 157.80838277935982 3.3918806985020629 849.11127842590213 28.750276036560535 516.60462594032288 12.00119663774967 7.8228436335921305 5.9136541560292244 921.34343123435974 4.7691699787974349 162.93050683289766 439.49299156293273 641.76655944436789 16.645616637542844 4.6024244651198449 58.765140045434237 4.1870212722569695 16.272593528032303 539.70904220640659 52.69632013887167
leaf_count=316 79 3405 9790 5774 162637 80 2976 1362 56 282 1809 40 10658 203 4089 104 71 51 8010 39 2210 5846 5760 234 47 762 41 170 4300 413
internal_value=5.2516e-05 0.000745721 -0.00537844 -0.00816128 0.00106258 -0.00255336 0.00177461 -0.00374054 -0.00124055 0.0230484 -0.00892036 -0.0119331 -0.0123004 -0.0058797 -0.00985175 0.0125954 0.0303073 0.0527018 -0.00092935 0.00183834 -0.00570906 -0.00289369 -0.00467625 -0.00367333 0.00777605 0.000939972 0.0279013 0.0120556 -0.00216539 0.0106074
internal_weight=31943.3 28327.5 3615.71 973.11 27354.4 2072.32 900.571 680.972 588.277 37.4875 2013.09 1010.31 1006.92 1171.75 550.595 33.9907 21.9895 13.7365 1602.62 926.113 1002.78 550.79 676.51 539.966 100.473 83.8272 25.062 20.875 621.156 81.4466
internal_count=231614 192982 38632 14653 178329 15692 6381 8879 7517 338 24507 12507 12467 9311 4395 306 202 122 14125 8049 12000 7179 6076 7100 1254 1020 258 217 4916 616
cat_boundaries=0 1 2 3 4
cat_threshold=11037417 12594303 14965346 9128021
is_linear=0
shrinkage=0.04


Tree=61
num_leaves=31
num_cat=7
split_feature=0 12 28 28 0 27 2 19 7 19 22 5 19 9 28 30 26 12 19 15 30 12 9 19 3 12 9 11 20 12
split_gain=73.8757 46.2284 33.5098 30.6299 27.9478 18.736 18.272 17.0618 17.0106 16.8775 15.595 13.5819 13.5901 16.3271 13.181 12.6369 17.919 12.1075 11.6163 14.5531 11.4672 11.2688 11.1121 10.8998 10.6186 10.5105 10.445 10.0734 9.9744 9.94736
threshold=1.5000000000000002 5.4365079365079376 4.5000000000000009 1.5000000000000002 4.5000000000000009 -0.97000000000000031 1500.0000000000002 0 -8.2149999999999963 1 13.272499999999999 1.5000000000000002 2 62.500000000000007 3.5000000000000004 3 5.9450000000000012 2.8166666666666669 4 3.5000000000000004 5 2.4365079365079372 36.500000000000007 6 6.7150000000000007 2.5857142857142863 37.500000000000007 10.500000000000002 12.295000000000002 4.2111111111111121
decision_type=2 10 2 2 2 2 2 1 2 1 2 2 1 2 2 1 2 8 1 8 1 10 2 1 2 8 2 2 2 10
left_child=3 2 5 -1 9 14 -5 8 20 15 -11 23 -13 27 -2 21 -17 -18 -16 -20 -6 -4 -23 -8 -9 26 -10 -14 -21 -12
right_child=1 -3 4 6 7 -7 11 24 25 10 29 12 13 -15 18 16 17 -19 19 28 -22 22 -24 -25 -26 -27 -28 -29 -30 -31
leaf_value=-0.012728386793179071 0.071019206709401428 -0.017505817447018554 -0.015480327113066317 0.013133618981086429 -0.0018194872828002264 0.0015841399803470213 -0.0030506169233050148 0.0012879681064696669 0.036581440906586438 -0.0018389382336210496 0.017385258725915235 -0.0066370643824370584 0.00092625190432995023 0.053028996057994875 -0.0014593984606922961 -0.00072810927701065704 0.035400701455181788 0.0059927040585687546 0.061946325456586938 -0.01395109560967522 -0.023549386337678543 0.016406898976596026 0.0050325205505623105 -0.012976098593209093 -0.0090405850372564951 -0.00064727259758867294 0.0016119294955848735 -0.01116544914955339 0.032660917768896444 -0.010773387287003774
leaf_weight=727.83504543453455 7.145025983452796 221.76035049371421 29.796598464250565 101.43326555192471 86.899199903011322 20398.898692287505 339.92090989649296 182.77281543239951 24.637512594461441 3049.3292790055275 108.2002724558115 753.8200139850378 1126.8459031134844 9.2687162235379201 48.945464424788952 902.16862173005939 37.130619525909424 56.460544526576996 16.494893178343773 11.582207441329958 76.868686940521002 235.08852991834283 330.78941248357296 415.81347132474184 1238.0217386931181 1200.6951222792268 30.689363978803158 122.1889935284853 20.079619497060776 24.644514344632626
leaf_count=9781 41 5407 203 973 853 125317 3507 1645 184 22840 721 7518 10888 81 333 6650 237 372 108 83 741 1769 2354 4424 11640 11100 226 1442 137 179
internal_value=1.77208e-07 0.000685593 0.000829067 -0.0053997 -0.00143692 0.00167058 -0.00354068 -0.00457845 -0.00143269 0.000432482 -0.00125054 -0.00415174 -0.00243452 0.000134793 0.0185851 0.00378189 0.000990221 0.0176598 0.0147268 0.0260681 -0.0135681 0.00835518 0.0097579 -0.0087238 -0.00765801 0.000138188 0.0171841 -0.00025664 0.0156098 0.0121614
internal_weight=31936.2 28339.1 28117.3 3597.13 7614.19 20503.1 2869.29 2840.58 1419.79 4773.61 3182.17 2767.86 2012.12 1258.3 104.247 1591.43 995.76 93.5912 97.1022 48.1567 163.768 595.675 565.878 755.734 1420.79 1256.02 55.3269 1249.03 31.6618 132.845
internal_count=231754 193140 187733 38614 61714 126019 28833 26389 13104 35325 23740 27860 19929 12411 702 11585 7259 609 661 328 1594 4326 4123 7931 13285 11510 410 12330 220 900
cat_boundaries=0 1 2 3 4 5 6 7
cat_threshold=14164829 2350080 727238 284 10812514 218 1622894
is_linear=0
shrinkage=0.04


Tree=62
num_leaves=31
num_cat=7
split_feature=0 27 26 27 0 5 19 15 7 14 19 22 15 19 4 14 19 4 1 19 19 15 4 31 29 29 6 0 10 13
split_gain=82.5706 47.5038 30.648 25.9335 41.023 19.2394 21.295 19.0005 17.1107 15.8033 15.1711 13.3023 12.7492 12.9239 15.5912 13.2172 11.9048 16.0081 12.8696 11.8234 11.6229 14.3233 11.3049 11.1075 11.053 10.8519 10.8358 10.7121 19.5023 16.0864
threshold=1.5000000000000002 -2.5758333333333323 5.6350000000000007 0.4250000000000001 4.5000000000000009 4.5000000000000009 0 3.5000000000000004 -3.136666666666668 -0.1407275132275132 1 16.200833333333339 1.5000000000000002 2 0.026666666666666842 -0.14616402116402114 3 0.010000000000000233 43.765000000000008 4 5 3.5000000000000004 0.036666666666666632 1.5000000000000002 3.9950000000000006 9.115000000000002 35.165000000000006 4.5000000000000009 6 0.68333333333333346
decision_type=2 2 2 2 2 2 1 10 2 8 1 2 10 1 2 10 1 2 2 1 1 10 2 2 2 2 2 2 1 10
left_child=2 20 -1 4 16 7 8 9 -7 -6 -9 24 -4 -14 -15 26 17 18 -3 -11 21 -2 -21 -13 -10 27 -16 29 -29 -5
right_child=1 3 12 25 5 6 -8 10 11 19 -12 23 13 14 15 -17 -18 -19 -20 22 -22 -23 -24 -25 -26 -27 -28 28 -30 -31
leaf_value=-0.002484817776040905 0.069246938640810496 0.0048117000604441787 -0.014572681804266048 0.0021033652517454698 0.04119380937021181 -0.0083318651649615747 -0.0089757796666141421 0.0020532675838729072 0.01114220090345794 0.0042618999897082385 -0.0058054250481646774 0.071623265185801005 -0.012755034852371217 -0.00597890790124069 0.019849029441206402 0.0062500845234614889 0.00054863411973726686 0.00014563218092261473 0.016897290228396304 -0.0024071672780612038 -0.020064001006202405 -0.0038220045483800947 0.025521206649294689 0.015195343624712589 -0.0016096159966407248 0.037698496571987164 0.098403775629440332 0.0069343092842567653 0.0012944263372039655 -0.0043324682616849219
leaf_weight=2025.8300258666277 4.8479731157422057 1773.7054275237024 591.89395436272025 5778.3771453946829 16.045862454921007 331.09757489152253 1274.3233520258218 529.49626572430134 145.31271193549037 1068.0556263029575 1501.8544290363789 7.3058979138731983 379.08268884941936 491.48836612328887 6.859363950788973 76.884405590593815 7946.5578883960843 1394.5402204841375 153.14962350949645 994.67089812457561 206.30587671510875 37.452610390260816 23.743229102343321 23.646853849291801 432.31365117430687 13.963837608695028 4.7586619034409523 1917.8409940451384 2030.476794719696 696.27232094109058
leaf_count=18455 61 11422 7976 34945 117 2774 10542 4318 1347 7312 12399 50 4852 6254 79 900 53369 9568 977 6944 5276 958 168 159 3290 83 53 10817 11587 4336
internal_value=1.82882e-06 0.000725547 -0.00572458 0.00087982 -5.6313e-05 -0.00262808 -0.00563714 -0.0010165 -0.00100331 0.00164906 -0.00377543 0.0029673 -0.00995627 -0.00710725 -0.00314176 0.0122591 0.00139251 0.00339961 0.00577228 0.00134494 -0.0166826 0.00368186 -0.00173897 0.0285142 0.00159834 0.00245986 0.0520245 0.00241265 0.00405476 0.00141127
internal_weight=31878.2 28301.4 3576.8 28052.8 17615.8 6347.87 2214 4133.87 939.677 2102.52 2031.35 608.579 1550.97 959.073 579.991 88.5024 11268 3321.4 1926.86 2086.47 248.606 42.3006 1018.41 30.9528 577.626 10436.9 11.618 10423 3948.32 6474.65
internal_count=231388 192819 38569 186524 124756 49420 18162 31258 7620 14541 16717 4846 20114 12138 7286 1032 75336 21967 12399 14424 6295 1019 7112 209 4637 61768 132 61685 22404 39281
cat_boundaries=0 1 2 3 4 5 6 7
cat_threshold=3154239 1114292 13086816 10687520 6121997 4210712 1
is_linear=0
shrinkage=0.04


Tree=63
num_leaves=31
num_cat=8
split_feature=0 12 28 12 0 19 19 19 8 19 7 14 15 28 20 0 19 12 19 4 14 24 29 30 8 15 9 29 19 9
split_gain=64.5833 41.2365 28.0349 23.0611 19.8439 17.1248 16.3965 16.2053 13.9734 13.0942 12.8913 12.2099 17.1471 11.9338 11.2526 22.6194 13.3835 12.5439 17.4365 11.2133 10.9688 13.5543 10.9428 9.95198 9.7585 9.66834 10.5071 9.62976 13.0616 11.5172
threshold=1.5000000000000002 5.4365079365079376 1.5000000000000002 4.2361111111111116 4.5000000000000009 0 1 2 3.5000000000000004 3 20.095833333333335 -0.2425925925925925 4.5000000000000009 5.5000000000000009 27.635000000000002 5.5000000000000009 4 3.5277777777777781 5 0.084999999999999534 0.17976190476190482 3.5000000000000004 4.7350000000000012 6 1.5000000000000002 5.5000000000000009 50.500000000000007 5.995000000000001 7 35.500000000000007
decision_type=2 10 2 10 2 1 1 1 2 1 2 8 10 2 2 2 1 10 1 2 8 2 2 1 2 10 2 2 1 2
left_child=2 3 9 13 7 -6 19 10 -9 -1 -5 12 -8 14 15 16 -2 -16 -19 -4 -17 -22 -10 -7 -14 26 -26 -15 -29 -30
right_child=1 -3 6 4 5 23 11 8 22 -11 -12 -13 24 27 17 20 -18 18 -20 -21 21 -23 -24 -25 25 -27 -28 28 29 -31
leaf_value=-0.005018850045054991 0.00072132886322612364 -0.016952982095328101 -0.0074089237051083679 0.0044669265925582242 0.00027221182457342122 -0.0055406772331444811 0.071548337429282377 0.0013483410339744097 -0.0096276237780167691 -0.016504425229657064 0.045822370865615324 -0.0017165416467210459 -0.016495358585642311 -0.0028790232715871261 0.0015104618443096427 -0.005600174493529779 0.0058452644618691941 0.0027209361457784056 -0.0030115250379483234 0.027754327478770172 0.0020205163040596425 0.048666378436903045 0.00070526437549057466 -0.014857442937969674 0.018540858154487683 0.0040540905952010471 0.072864785071087929 -0.0046787182144173755 0.027889049985500104 0.0056604958914252901
leaf_weight=295.37353817746043 1179.0400282219052 212.83816326968372 1163.4893335849047 639.66836593300104 417.98320475593209 459.03280387818813 7.1329373493790618 801.65449311584234 502.81535027176142 431.64848631620407 12.291877482086418 1533.1742191463709 21.7637834623456 1790.7636833973229 14299.133133769035 560.73070207983255 2735.9605467692018 1273.087941840291 2505.5022647902369 14.693451605737208 41.857533127069473 13.082337245345114 243.3486767411232 355.05522531270981 24.795522719621658 62.704522505402565 7.3958444967865935 140.32142332196236 51.138430342078209 137.76142494380474
leaf_count=3947 7725 5320 12081 4779 3989 4502 63 5875 3944 5992 88 15315 198 15405 87293 4448 17882 8108 15892 136 304 89 1673 3441 223 587 65 1032 378 1011
internal_value=-4.98879e-05 0.000587478 -0.00512658 0.000720051 -0.00235262 -0.00641687 -0.00332962 -7.62775e-05 -0.00230347 -0.0121341 0.00516737 -0.000736411 0.011343 0.00114648 0.00141556 0.00319812 0.00431891 0.000968817 -0.00108091 -0.00691173 -0.00392896 0.0131279 -0.00625773 -0.00973506 0.0076619 0.0132022 0.0310216 -0.00172311 0.00456437 0.011091
internal_weight=31935.2 28373.1 3562.17 28160.2 3431.85 1232.07 2835.15 2199.78 1547.82 727.022 651.96 1656.97 123.793 24728.4 22608.4 4530.67 3915 18077.7 3778.59 1178.18 615.671 54.9399 746.164 814.088 116.66 94.8959 32.1914 2119.98 329.221 188.9
internal_count=231785 193178 38607 187858 28291 11932 28668 16359 11492 9939 4867 16451 1136 159567 141741 30448 25607 111293 24000 12217 4841 393 5617 7943 1073 875 288 17826 2421 1389
cat_boundaries=0 1 2 3 4 5 6 7 8
cat_threshold=4866093 13060244 11019778 600223 2410501 10535446 345 7594501
is_linear=0
shrinkage=0.04


Tree=64
num_leaves=31
num_cat=9
split_feature=0 26 10 28 28 0 7 19 4 19 19 14 9 11 0 19 19 0 28 19 2 15 19 3 6 19 4 21 4 4
split_gain=54.6649 46.0185 24.1213 21.0506 19.0199 37.3326 17.7069 15.4072 15.3563 15.2 14.017 15.0275 13.4807 13.3385 18.1452 19.5049 14.1879 13.327 13.9542 12.6086 12.3604 11.9939 12.143 11.8727 22.7111 11.4014 11.333 11.0301 10.7754 10.5465
threshold=1.5000000000000002 1.6150000000000004 0 3.5000000000000004 3.5000000000000004 5.5000000000000009 7.1000000000000041 1 0.020000000000000909 2 3 -0.05000000000000001 25.500000000000004 7.5000000000000009 3.5000000000000004 4 5 3.5000000000000004 1.5000000000000002 6 1500.0000000000002 5.5000000000000009 7 6.8350000000000009 33.270000000000003 8 -0.081666666666665652 51.085000000000008 0.020000000000000021 -0.040000000000000473
decision_type=2 2 1 2 2 2 2 1 2 1 1 8 2 2 2 1 1 2 2 1 2 8 1 2 2 1 2 2 2 2
left_child=2 3 8 -2 17 13 9 -8 25 -7 -10 23 -5 14 15 -6 -15 18 19 -3 -4 22 28 24 -12 -1 -9 -13 -16 -17
right_child=1 4 20 12 5 6 7 26 10 -11 11 27 -14 16 21 29 -18 -19 -20 -21 -22 -23 -24 -25 -26 -27 -28 -29 -30 -31
leaf_value=-0.0034351234800464496 0.12524773983455059 0.0077525799341147499 0.011701701142562512 -0.02383572452477728 0.0047334001279727804 -0.0032926964370716093 -0.0056604752998352312 0.053482564605226969 -0.014048790337703437 -0.010936008000468471 0.14159744519821943 0.014601943710906349 0.016277555538707422 -0.00058148477835805309 0.0060507851153965755 0.0061994661828441216 0.003881952336263966 0.0025726780513042292 0.001398597605085816 -0.0036615455576209923 -0.0033002330469993004 -0.0091682358810795238 -0.0038159722072557164 0.016304461829434101 0.011644699255496421 -0.015424512802294961 0.0093801621513755241 -0.016635959532683313 -0.0043889064364995498 -0.0029652100631712792
leaf_weight=189.25859706103802 1.5961411967873562 161.10664683580399 91.01223935931921 168.63991326652467 1417.779501426965 881.59446952678263 159.53826894797385 9.9266929328441602 51.897518798708916 832.96816091798246 4.3066355586051959 46.521033883094788 14.562153752893208 1947.6283951438963 458.80677573382854 234.25716874748468 2740.1797404997051 9017.9780632257462 4535.9063666164875 1748.713357463479 2547.9851044379175 443.12615987099707 1704.3092263694853 13.221408724784849 4.3002683222293854 577.92718150094151 153.20772470347583 29.588940925896168 241.43136252835393 1411.2173244841397
leaf_count=2547 11 1020 841 5115 9803 7932 1413 82 671 7768 51 584 134 13928 3218 1563 19270 53005 27641 11199 25226 4061 12486 156 51 8136 1341 387 1848 9790
internal_value=-7.93282e-05 0.00050834 -0.00475363 -0.0193871 0.000639183 -0.000512056 -0.00547119 0.003125 -0.0103126 -0.00708895 0.00128757 0.00984367 -0.0206472 0.000441164 -0.000822537 0.00131428 0.00203458 0.0015799 0.000190951 -0.00267726 -0.00277235 -0.00312112 -0.00200671 0.0401063 0.0766691 -0.0127127 0.011367 0.00245772 0.00241683 -0.00165046
internal_weight=31840.5 28284.5 3556.02 184.798 28099.7 12636 2037.24 322.673 917.022 1714.56 149.836 97.9383 183.202 10598.7 5910.93 3063.25 4687.81 15463.7 6445.73 1909.82 2639 2847.67 2404.55 21.8283 8.6069 767.186 163.134 76.11 700.238 1645.47
internal_count=231278 192628 38650 5260 187368 94503 18536 2836 12583 15700 1900 1229 5249 75967 42769 21156 33198 92865 39860 12219 26067 21613 17552 258 102 10683 1423 971 5066 11353
cat_boundaries=0 1 2 3 4 5 6 7 8 9
cat_threshold=1 8076480 5974189 4821528 6191109 5806222 524800 10944560 528399
is_linear=0
shrinkage=0.04


Tree=65
num_leaves=31
num_cat=10
split_feature=0 10 10 14 0 19 12 19 14 19 6 4 4 22 8 27 0 4 19 23 27 19 20 19 19 20 1 19 14 15
split_gain=54.3589 40.5911 24.3164 21.5228 18.8619 20.3609 17.4848 14.4846 18.4626 13.4447 13.5941 12.7282 11.9416 16.5203 11.285 12.5701 11.2748 15.2506 18.3896 13.981 14.2843 17.5322 13.433 14.335 14.1912 11.4563 11.4202 13.2388 20.253 11.3134
threshold=1.5000000000000002 0 1 -0.16643518518518513 4.5000000000000009 2 5.8452380952380958 3 -0.14999999999999991 4 40.445000000000007 0.0083333333333341936 0.043333333333333453 -25.920833333333331 5.5000000000000009 -0.033333333333332986 2.5000000000000004 -0.021666666666666941 5 4.5000000000000009 0.7533333333333333 6 27.090000000000003 7 8 16.475000000000005 27.915000000000003 9 -0.14616402116402114 4.5000000000000009
decision_type=2 1 1 8 2 1 10 1 8 1 2 2 2 2 2 2 2 2 1 2 2 1 2 1 1 2 2 1 8 10
left_child=2 6 -1 4 11 -6 9 -4 -9 -2 -11 -3 -10 -14 16 -16 25 18 -18 22 -21 -22 23 29 -24 26 -5 28 -28 -19
right_child=1 3 7 14 5 -7 -8 8 12 10 -12 -13 13 -15 15 -17 17 19 -20 20 21 -23 24 -25 -26 -27 27 -29 -30 -31
leaf_value=-0.010386689199442276 -0.00012627742836908223 0.0029184852593463913 0.0020400056796716858 -0.0075463915808714147 -0.011081864961186108 -0.0011091772713606764 -0.03175770849628172 0.0032842103286511173 -0.0075973213271756162 -0.012679483822469273 0.0035698349331823539 -0.0030254709776488631 0.086022104876824296 0.0028308468244051615 -0.0043778934844371431 0.00080419615186852922 0.0065905643552600967 0.011644734201289088 0.0014483020127882618 -0.0020521884392706957 -0.0046907851894054109 0.016703128436531205 0.0036056586032668044 0.0019418580408290017 -9.4032732511728029e-05 -0.00072970268441769671 0.071660951314841667 0.023961257950109421 -0.0070148830220262328 -0.0021564053494638178
leaf_weight=911.54209278151393 369.63456171751022 1205.0208649560809 717.11092348396778 49.690002948045731 624.91313949599862 696.9315473549068 45.078436994925141 378.41581040620804 1420.4248685501516 506.06144034862518 98.391894495114684 1104.9815652109683 3.950371414422988 115.10362182557583 1132.8275792002678 2210.0757722854614 2227.9336086735129 624.2623190805316 2251.8202742226422 2570.6453310549259 102.15242487192154 138.82909098267555 2647.9921412244439 952.66413969174027 4420.3867106586695 4070.520735964179 5.7173091918230057 82.470939449965954 62.073886726051569 112.10026656836271
leaf_count=12621 4444 8403 6726 354 5483 6015 1530 3537 14674 6123 1193 8323 37 1111 8497 13326 13858 4161 14069 18602 584 791 15927 6545 26625 26033 46 581 433 809
internal_value=-0.000116963 0.000467804 -0.00478534 0.000761423 -0.00210537 -0.00591608 -0.00733106 -0.0027976 -0.0046076 -0.00627592 -0.00987114 7.52146e-05 -0.0065774 0.00559124 0.00120176 -0.000951886 0.00155608 0.00204212 0.00402367 0.00127483 -0.00117925 0.00813269 0.00206273 0.00526753 0.00129693 -0.000270524 0.00907721 0.0145744 -0.000330799 0.00941585
internal_weight=31859.7 28313.2 3546.55 27294 3631.85 1321.84 1019.17 2635.01 1917.89 974.088 604.453 2310 1539.48 119.054 23662.2 3342.9 20319.3 16048.8 4479.75 11569 2811.63 240.982 8757.41 1689.03 7068.38 4270.47 199.952 150.262 67.7912 736.363
internal_count=231461 192755 38706 179465 28224 11498 13290 26085 19359 11760 7316 16726 15822 1148 151241 21823 129418 101971 27927 74044 19977 1375 54067 11515 42552 27447 1414 1060 479 4970
cat_boundaries=0 1 2 3 4 5 6 7 8 9 10
cat_threshold=8 1 8740450 9262 7561228 9818707 15639561 8594342 4299817 1461557
is_linear=0
shrinkage=0.04


Tree=66
num_leaves=31
num_cat=10
split_feature=0 27 21 0 28 17 19 12 11 19 19 30 19 12 4 4 19 19 3 19 4 29 20 0 27 28 26 19 22 19
split_gain=52.1656 38.5991 30.2944 25.9828 18.2096 15.3528 16.1094 15.0735 15.0137 14.7855 14.4628 13.5807 15.3951 13.0918 12.2867 11.7699 11.2799 11.0112 10.9416 10.7481 10.7447 10.5903 21.195 13.7846 19.1593 13.302 12.4147 13.9187 12.1496 16.7857
threshold=1.5000000000000002 -1.0283333333333329 36.82500000000001 4.5000000000000009 3.5000000000000004 0.13392857142857145 0 5.4365079365079376 8.5000000000000018 1 2 3 4 4.3875000000000011 -0.034999999999999691 0.0083333333333333055 5 6 6.6850000000000014 7 0.064999999999999961 4.8850000000000007 28.095000000000002 5.5000000000000009 0.66550000000000031 1.5000000000000002 4.705000000000001 8 0.14916666666666425 9
decision_type=2 2 2 2 2 8 1 10 2 1 1 1 1 8 2 2 1 1 2 1 2 2 2 2 2 2 2 1 2 1
left_child=2 3 8 10 -5 6 -4 14 11 -7 13 16 -13 -2 17 -15 -1 -6 -14 -16 -10 23 25 -3 -25 -23 28 -28 -27 -30
right_child=1 21 5 4 7 9 -8 -9 20 -11 -12 12 18 15 19 -17 -18 -19 -20 -21 -22 22 -24 24 -26 26 27 -29 29 -31
leaf_value=-0.011745489019046967 0.0072745634766565506 0.00062968497520226186 0.0032709945858212554 0.075710686060980775 -0.0079779963717351732 -0.0025950900026499722 -0.010603984871026267 -0.021054102767892605 -0.009576967767045079 -0.014841455179291781 -0.0042716122830562886 0.0071706132809422765 0.0095972544259389555 0.0039731003661515442 -0.0033410067916259181 -0.012002166119009106 0.00021912628822784783 0.011136829301870965 -0.0045605084846418167 -0.01263408546343215 0.028060166710223437 -0.02250872169103187 0.0011870894559025793 -0.0059597218138547157 0.0073656265507781654 -0.0035975754486264272 0.0035803019611975041 0.015130154008362861 -0.0016468561455073158 0.010302452333884451
leaf_weight=223.68174513429403 499.26732385158539 7359.2542654201388 272.6760233566165 4.1106239631772032 79.532661035656929 224.86210247129202 248.79356960952282 137.93721034750342 388.27888094633818 704.23953394219279 808.67455840669572 578.75936783850193 106.65841348469257 161.47522083856165 364.39350278303027 135.88690327294171 282.23035258054733 96.146307148039341 482.202591676265 507.25867986306548 12.527688235044478 26.290533885359764 15109.312582105398 1088.8754201158881 205.17031534016132 287.24340546131134 319.86086502671242 397.18609425425529 298.01654155552387 506.78506016731262
leaf_count=2148 3975 47692 3176 26 865 2830 2956 4324 4151 9516 7214 5375 1026 1559 4224 1421 2649 1061 4668 5942 123 153 93116 8515 1144 2057 2070 2561 1983 3356
internal_value=4.16425e-05 0.000611424 -0.00454787 -0.00385214 -0.00833294 -0.00898229 -0.00348939 -0.00862441 -0.00144691 -0.0120652 -0.000532291 0.00021848 0.00258683 0.00327607 -0.00698738 -0.00332719 -0.00519598 0.00266305 -0.00196283 -0.0089324 -0.00840057 0.00109874 0.00168015 -3.97738e-05 -0.00384699 0.00573915 0.00614966 0.0102389 0.00346461 0.00598519
internal_weight=31917.6 28392.7 3524.91 2794.68 1189.38 1450.57 521.47 1185.27 2074.34 929.102 1605.3 1673.53 1167.62 796.629 1047.33 297.362 505.912 175.679 588.861 871.652 400.807 25598 16944.7 8653.3 1294.05 1835.38 1809.09 717.047 1092.05 804.802
internal_count=231876 193258 38618 30611 16442 18478 6132 16416 20140 12346 14169 15866 11069 6955 12092 2980 4797 1926 5694 10166 4274 162647 105296 57351 9659 12180 12027 4631 7396 5339
cat_boundaries=0 1 2 3 4 5 6 7 8 9 10
cat_threshold=6040250 9231 6446167 259 12121102 11692682 9882668 13918741 3984688 2179165
is_linear=0
shrinkage=0.04


Tree=67
num_leaves=31
num_cat=1
split_feature=27 15 27 7 29 28 20 29 24 7 4 1 13 22 27 27 9 4 5 30 3 23 16 6 5 27 4 27 17 4
split_gain=41.825 17.344 12.6289 11.4466 11.0541 10.1404 18.4958 15.1889 14.5677 19.6683 15.9443 12.3218 13.568 10.1505 15.2096 19.4395 14.9701 10.8 9.62979 10.0004 10.1918 15.0674 12.2286 9.23336 9.08822 10.0182 9.35948 14.0022 9.00277 8.94438
threshold=-2.7274999999999991 5.5000000000000009 2.1091666666666673 -3.4833333333333321 4.2550000000000008 5.5000000000000009 27.635000000000002 4.8350000000000009 1.5000000000000002 -17.332666666666665 0.051666666666667201 45.840000000000011 0.58571428571428574 35.742500000000007 0.22 0.90333333333333365 39.500000000000007 -0.10999999999999986 4.5000000000000009 0 6.8750000000000009 1.5000000000000002 0.70833333333333337 30.305000000000003 4.5000000000000009 -0.12499999999999976 0.033333333333332778 0.15833333333333346 0.13392857142857145 0.068333333333333815
decision_type=2 10 2 2 2 2 2 2 2 2 2 2 8 2 2 2 2 2 2 1 2 2 8 2 2 2 2 2 10 2
left_child=4 2 5 -3 -1 6 7 -2 9 -9 11 12 24 17 16 -16 -15 -8 -4 20 21 22 -20 -5 -11 -26 -27 -28 -10 -22
right_child=1 3 18 23 -6 -7 13 8 28 10 -12 -13 -14 14 15 -17 -18 -19 19 -21 29 -23 -24 -25 25 26 27 -29 -30 -31
leaf_value=-0.020876903758739594 0.0011767051930618262 -0.0071109334658388578 -0.0082887924351300497 0.0054125680585481581 0.01879450701801064 -0.0021612760997949685 -0.0083699157756632545 0.062554906568105126 0.0051677770366484336 0.01297214995696019 0.027969385079945543 -0.016491094165971689 -0.029631175245346707 0.0016507156230227335 -0.016773968903915058 0.010648621734030974 0.079597227622819733 -5.9801676429944717e-05 -0.0070373253930228977 -0.0072397166959355316 -0.012864524284129675 0.071689000025035809 0.060297781734682518 -0.0026341600732804156 -0.0095076515258590098 -0.0046332475996747873 0.072214198694116674 0.0065567045534124348 -0.0023120071875246547 0.032197026739086462
leaf_weight=186.67299642786384 4602.3314850274473 823.99166743084788 460.27104546874762 269.80056015588343 11.957889296114443 2407.7406138535589 253.55316010117531 11.426814541220663 891.15415182709694 367.53277185559273 66.840316995978355 32.855498872697353 14.263309068977831 7.0252066031098392 51.561535324901342 209.06404448673129 8.9836434796452505 19065.294866088778 14.638183310627943 60.779077846556902 23.320284783840179 10.459048263728617 6.1192679628729811 1478.3463683761656 68.520297534763813 19.343884669244289 8.8711995258927363 12.547675803303717 362.07153681665659 10.10043181478977
leaf_count=5383 32842 7145 3329 2284 91 21507 1924 77 6086 2482 476 222 98 47 352 1423 61 129145 95 393 150 67 39 12220 504 123 58 76 2419 63
internal_value=-0.000191003 -7.60569e-05 0.000202722 -0.00322426 -0.0184886 0.00032237 0.000551899 0.00240843 0.0054637 0.0105767 0.00957136 0.00722425 0.00881092 -5.99288e-05 0.00754795 0.0052234 0.0453918 -0.000168869 -0.00561144 0.0042143 0.013947 0.0325393 0.012813 -0.00139227 0.00996086 -0.000166486 0.0155356 0.0337505 0.00300678 0.000754008
internal_weight=31817.4 31618.8 29046.7 2572.14 198.631 28461 26053.2 6457.76 1855.43 602.202 590.775 523.935 491.079 19595.5 276.634 260.626 16.0089 19318.8 585.687 125.416 64.6372 31.2165 20.7575 1748.15 476.816 109.283 40.7628 21.4189 1253.23 33.4207
internal_count=231181 225707 204058 21649 5474 199922 178415 45463 12621 4116 4039 3563 3341 132952 1883 1775 108 131069 4136 807 414 201 134 14504 3243 761 257 134 8505 213
cat_boundaries=0 1
cat_threshold=27
is_linear=0
shrinkage=0.04


Tree=68
num_leaves=31
num_cat=0
split_feature=27 15 7 12 17 20 26 27 4 6 21 4 13 22 28 22 28 12 16 13 21 21 21 7 14 14 4 22 7 3
split_gain=28.7002 12.536 17.5485 11.2397 10.6496 10.5404 14.8235 13.5174 11.6346 11.6003 16.2721 12.8367 10.6715 9.53188 9.36452 9.19579 9.09898 8.89625 14.3925 12.1834 10.108 10.4607 9.81563 10.4725 9.67004 11.7173 10.6333 9.73006 9.52088 9.9335
threshold=-2.5758333333333323 5.5000000000000009 -3.4833333333333321 5.8452380952380958 0.31666666666666671 38.945000000000007 5.7950000000000008 0.7533333333333333 -0.12333333333333261 38.355000000000011 31.490000000000006 1.0000000180025095e-35 0.95000000000000007 -23.049166666666661 2.5000000000000004 -12.008166666666661 1.5000000000000002 4.3875000000000011 0.55000000000000016 0.11805555555555557 20.855 19.110000000000003 17.670000000000005 -17.332666666666665 -0.23882275132275127 -0.045833333333333288 0.046666666666667307 -4.1241666666666648 -5.7844999999999969 6.6350000000000007
decision_type=2 10 2 10 10 2 2 2 2 2 2 2 10 2 2 2 2 10 8 8 2 2 2 2 10 10 2 2 2 2
left_child=3 5 -3 15 -4 6 12 8 -7 11 13 16 17 -11 -9 -1 -8 19 28 20 21 22 23 -2 -23 26 27 -26 -19 -30
right_child=1 2 4 -5 -6 7 9 14 -10 10 -12 -13 -14 -15 -16 -17 -18 18 -20 -21 -22 24 -24 -25 25 -27 -28 -29 29 -31
leaf_value=-0.013224958402219574 0.045836929417851877 -0.0074236850363114471 -0.00063696525527028134 -0.035251744826590138 0.033054292057853998 -0.021449260375986278 -0.016783836383314269 0.00035345783992771099 -0.0018139357054578521 -0.0075056029799878358 0.009445382971827598 0.0092581851926069932 -0.038470002893224158 0.049115058563284401 0.0078812802383569011 0.014713146856553489 0.00099544124784839731 -0.0073702059562662358 0.060557392223633474 0.00068393336876921239 0.0015171074585556045 -0.014323380418612539 -0.012483251632087822 0.0072210921791133042 0.010674794703324083 -0.020882589973133459 0.076719844136136792 0.047645511407251928 0.01988864271724626 -0.0010449800279284892
leaf_weight=183.06290740519762 11.499032348394392 825.40086722187698 1728.9556634295732 33.799344247207046 15.142828926444052 48.685637913644314 57.849209904670715 6140.418600063771 5840.5327705219388 5.7065959870815268 166.91025817394257 297.97022561728954 11.128780506551264 28.59332450479269 276.30055806040764 21.013997487723827 225.91385110467672 413.58371510915458 5.907901342958211 12604.797702856362 735.03213737159967 9.6162133291363698 40.002914659678936 492.58088110759854 25.033085025846955 6.7451021000742903 8.2887982651591283 20.89864202588797 37.14252894744277 1541.8284643404186
leaf_count=4765 87 7088 14201 1309 106 366 413 42063 40316 39 1143 1969 77 189 1809 250 1557 3472 48 88041 5126 75 290 3625 181 42 59 135 288 12391
internal_value=-4.46206e-05 5.95044e-05 -0.00261851 -0.0138866 -0.000344447 0.000296353 0.000949457 -0.000592449 -0.00197626 0.00632316 0.014602 0.00345969 0.000685909 0.0396949 0.000677602 -0.0103481 -0.00262912 0.000713224 -0.00178282 0.00107069 0.00468259 0.00846796 0.00658849 0.00810199 0.0229559 0.0288361 0.0350211 0.0274962 -0.00196766 -0.000552553
internal_weight=31860.3 31622.5 2569.5 237.876 1744.1 29053 16747 12305.9 5889.22 782.943 201.21 581.733 15964.1 34.2999 6416.72 204.077 283.763 15953 1998.46 13954.5 1349.7 614.665 544.083 504.08 70.5818 60.9656 54.2205 45.9317 1992.55 1578.97
internal_count=231520 225196 21395 6324 14307 203801 119247 84554 40682 5310 1371 3939 113937 228 43872 5015 1970 113860 16199 97661 9620 4494 4002 3712 492 417 375 316 16151 12679
is_linear=0
shrinkage=0.04


Tree=69
num_leaves=31
num_cat=3
split_feature=0 28 15 10 7 0 26 12 20 29 12 30 3 9 23 29 31 5 21 12 21 7 12 5 22 0 22 5 14 30
split_gain=40.5835 30.8213 26.1721 26.1009 17.3446 17.3768 13.4648 13.1106 12.2556 12.1718 11.8777 11.8719 12.8697 11.3686 11.0789 16.2808 13.5125 12.7394 10.8646 10.8486 12.2541 10.6965 10.5766 10.2787 11.8136 13.3968 10.1534 9.3995 10.2912 12.4002
threshold=1.5000000000000002 4.5000000000000009 1.5000000000000002 0 5.2455000000000025 5.5000000000000009 6.9250000000000007 5.8452380952380958 15.205000000000002 5.6650000000000009 2.9500000000000006 1 7.0050000000000008 49.500000000000007 5.5000000000000009 1.5050000000000001 2.5000000000000004 4.5000000000000009 33.025000000000013 3.9500000000000006 37.540000000000006 -1.0000000180025095e-35 4.3875000000000011 3.5000000000000004 -5.7199999999999962 2.5000000000000004 0.45916666666666478 5.5000000000000009 0.059391534391534391 2
decision_type=2 2 10 1 2 2 2 10 2 2 8 1 2 2 2 2 2 2 2 8 2 2 8 2 2 2 2 2 8 1
left_child=2 -2 -1 7 5 8 11 27 10 13 -5 12 21 18 15 17 22 -12 -10 20 -11 -4 23 24 25 -17 -22 28 29 -3
right_child=1 3 6 4 -6 -7 -8 -9 9 19 14 -13 -14 -15 -16 16 -18 -19 -20 -21 26 -23 -24 -25 -26 -27 -28 -29 -30 -31
leaf_value=-0.010036895568816108 0.0014367218418230221 -0.0013733742008263195 0.0035673336512038055 0.060232264593950424 0.0029886840678543438 -0.0070230368272281123 -0.01362911526662878 -0.031162325894965263 -0.0003364197479845684 0.016663778481578583 0.030680467995937242 -0.0045390298142294824 0.015320324140977658 -0.0072433554289377334 -0.0049508069226591126 0.094835512920269024 -0.0033899886103461192 -0.0016703351212712084 -0.0077216988451936147 -0.0074428211403190702 -0.0053521532494419186 -0.003498313203810814 0.00054529862956001496 0.0077221334198679659 0.0088669142507362304 0.033079713795121715 0.0058529179173205728 -0.019009980594820876 0.010779229460383025 -0.013807042067322939
leaf_weight=851.56166834384203 20625.094583492726 284.55460399761796 691.73273276537657 5.9643967524170867 1532.8590538166463 866.19557014293969 149.65516481176019 39.828314751386642 1967.3816752657294 112.4893943592906 68.244454145431519 1031.6571925394237 94.592105746269226 731.6239417642355 181.46284818649292 7.5618969500064876 228.87197148986161 27.253825526684523 380.32489683479071 145.3105122372508 190.29216576367617 679.62211369350553 84.239986579865217 54.877007491886616 19.613248273730278 21.890407338738441 404.28850194066763 97.918448571115732 55.432606913149357 239.42264749482274
leaf_count=10697 126277 4230 7107 48 11689 8502 2148 1525 14742 775 599 10671 915 5536 1827 56 1916 271 2756 1075 1297 6947 749 453 142 172 2716 1536 533 3632
internal_value=0.00012746 0.000628693 -0.00393719 -0.0015223 -0.000772821 -0.00182297 -0.00197506 -0.00873728 -0.000850477 -0.00171866 0.00402599 -0.00127675 0.00104292 -0.0028896 0.00354295 0.00655006 0.00313869 0.021448 -0.00153282 0.00251152 0.00455725 6.57091e-05 0.011079 0.019616 0.0329187 0.0489356 0.0022668 -0.00754764 -0.00561054 -0.00734445
internal_weight=31871.8 28373 3498.82 7747.9 7030.75 5497.89 2647.26 717.157 4631.69 3931.71 699.98 2497.6 1465.95 3079.33 694.016 512.553 417.055 95.4983 2347.71 852.381 707.07 1371.35 188.183 103.943 49.0656 29.4523 594.581 677.328 579.41 523.977
internal_count=231539 193054 38485 66777 55321 43632 27788 11456 35130 28897 6233 25640 14969 23034 6185 4358 3488 870 17498 5863 4788 14054 1572 823 370 228 4013 9931 8395 7862
cat_boundaries=0 1 2 3
cat_threshold=8 220 45
is_linear=0
shrinkage=0.04


Tree=70
num_leaves=31
num_cat=8
split_feature=0 12 10 23 5 22 19 19 22 4 19 1 19 26 4 23 0 28 20 1 19 5 26 1 12 19 26 19 6 28
split_gain=46.6163 33.9582 21.767 20.6273 14.8764 14.756 12.9734 12.6478 16.1724 12.576 16.0857 13.7609 12.6835 12.3544 11.1407 11.0725 10.8034 10.6188 14.4385 18.191 12.363 10.5654 12.7474 13.0044 12.3847 20.4319 13.401 12.0721 10.7462 10.732
threshold=1.5000000000000002 5.7888888888888896 0 4.5000000000000009 1.5000000000000002 -17.647499999999997 1 2 -6.4466666666666654 -0.0063333333333335231 3 41.195000000000007 4 2.7250000000000005 -0.078333333333332686 4.5000000000000009 5.5000000000000009 3.5000000000000004 31.440000000000001 27.595000000000002 5 5.5000000000000009 1.7950000000000002 38.765000000000008 3.5277777777777781 6 5.6350000000000007 7 33.685000000000009 3.5000000000000004
decision_type=2 10 1 2 2 2 1 1 2 2 1 2 1 2 2 2 2 2 2 2 1 2 2 2 8 1 2 1 2 2
left_child=2 3 4 5 -1 17 14 -4 15 10 16 -12 -13 -11 -6 -9 -5 18 -2 -20 -19 22 23 -7 27 -26 29 -23 -25 -27
right_child=1 -3 7 9 6 21 -8 8 -10 13 11 12 -14 -15 -16 -17 -18 20 19 -21 -22 24 -24 28 25 26 -28 -29 -30 -31
leaf_value=-0.017163840573638674 0.044085935045141647 -0.027756926788123488 0.0005596136539147941 0.0055981407994550756 0.081622490846438883 0.014341836497632623 -0.0096700973744490767 0.011694195478277157 -0.0080872363838633311 -0.012441746991730424 -0.0030849332134722531 0.017016144596840289 -0.0016594056858642112 -0.001946384712433083 0.0022165834196886049 -0.0025455355143639913 -0.0035952285749115708 -0.009682010805023655 0.048786484582670923 -0.0056932542145303033 0.013111317207713434 -0.0036752154205858972 0.001601010369331466 0.024037645424279646 -0.011699781635152352 0.009507900113586841 -0.010778467024903302 0.0036421363413570241 0.13136708370358438 -0.0015164425148220593
leaf_weight=289.65772485360503 31.952965132892132 67.120100233703852 1247.4157765209675 1198.3089894279838 2.8765104860067359 21.555192243307832 427.91180633753538 117.61362752318382 919.91650649905205 187.12845963425934 1509.0154632758349 102.68900288455188 123.66544272378087 4374.0711873210967 164.22807160764933 339.76446906477213 246.60619269870222 52.685358822345734 13.59651145339012 35.178010284900665 92.892262164503336 527.64086574316025 17460.202911451459 2.8144803680479518 374.43393564410508 212.29221051931381 160.12494875490665 1091.7950174212456 3.1778884325176477 422.39730123989284
leaf_count=4358 191 2233 12053 8384 39 347 5922 1086 9758 3707 11410 756 928 32828 2209 3236 2385 453 80 208 796 3349 109129 42 2739 1324 1036 6898 51 3333
internal_value=0.000121861 0.000660886 -0.00422663 0.000728419 -0.00962079 0.00139266 -0.00611048 -0.00236284 -0.00499466 -0.00103076 0.000899986 -0.00169562 0.00749147 -0.00237697 0.00338113 0.00111618 0.0040014 0.0115501 0.0231857 0.00949366 0.00509785 0.00127929 0.00164391 0.0288325 -0.00100723 -0.00414436 -0.000432385 0.00125781 0.0809569 0.002171
internal_weight=31820.7 28311.3 3509.38 28244.2 884.674 20502.7 595.016 2624.71 1377.29 7741.48 3180.29 1735.37 226.354 4561.2 167.105 457.378 1444.92 226.305 80.7275 48.7745 145.578 20276.4 17487.8 27.5476 2788.68 1169.25 794.814 1619.44 5.99237 634.69
internal_count=231268 192607 38661 190374 12528 129976 8170 26133 14080 60398 23863 13094 1684 36535 2248 4322 10769 1728 479 288 1249 128248 109569 440 18679 8432 5693 10247 93 4657
cat_boundaries=0 1 2 3 4 5 6 7 8
cat_threshold=1 8392862 1631534 15028338 1213449 5637418 8401528 10093732
is_linear=0
shrinkage=0.04


Tree=71
num_leaves=31
num_cat=4
split_feature=12 23 12 14 19 1 22 13 26 4 14 21 7 27 3 19 4 19 12 3 21 20 29 27 4 19 22 3 21 22
split_gain=29.8734 16.0989 15.2878 13.9625 13.8315 19.3717 12.484 14.7643 11.8806 10.1697 11.7193 12.2422 13.3462 11.903 16.9815 10.5069 9.99202 9.21093 10.7388 9.11291 13.8349 13.0201 9.85499 8.7812 11.2692 12.6133 8.9778 8.56413 8.19144 7.8716
threshold=5.4365079365079376 5.5000000000000009 4.8944444444444457 -0.2757936507936507 0 35.165000000000006 -11.314166666666663 1.0000000180025095e-35 1.2550000000000001 -0.024500000000000185 0.11666666666666677 12.435 2.1083333333333365 -1.4266666666666667 6.8650000000000011 1 0.024500000000000192 2 5.6833333333333345 6.7350000000000012 42.775000000000013 42.560000000000009 5.4050000000000011 2.1091666666666673 -0.023333333333333869 3 33.930833333333347 7.0750000000000011 29.830000000000002 20.697500000000005
decision_type=10 2 10 10 1 2 2 10 2 2 8 2 2 2 2 1 2 1 10 2 2 2 2 2 2 1 2 2 2 2
left_child=1 23 4 -2 5 6 9 -8 -5 10 13 -12 -13 14 -3 -15 17 -10 -19 -9 21 22 -21 -1 -25 29 -27 -4 -23 -26
right_child=3 2 27 8 -6 -7 7 19 16 -11 11 12 -14 15 -16 -17 -18 18 -20 20 -22 28 -24 24 25 26 -28 -29 -30 -31
leaf_value=0.00044720691890637706 -0.029575874911421943 0.011658616604387936 -0.015786463713725201 -0.028853800832089608 -0.0042693203349280047 -0.0050592101725910844 0.081429559770140991 -0.017033330570309656 -0.0068475921232446944 0.00024151968571429355 0.013687076191650336 0.024949195165131777 0.10817681956537703 -0.0086126154039102391 0.086719151547355031 0.012259261899094797 -0.02101224347251051 0.0071867116529974297 0.053617813773509305 0.016677099099179454 0.080223030955510116 0.029143875259808133 0.059321392666782921 -0.01146951607828608 0.022206302551741785 -0.0020945167467690913 -0.02241900131057372 0.038191512126214619 -0.027617092836521102 0.0021121598589679495
leaf_weight=27822.947149954736 71.382071180269122 17.475397497415546 166.18865497410297 32.055246070027351 1776.3963391780853 502.99394249171019 5.5779811814427367 12.718460842967032 38.512253826484084 533.63093910738826 20.301851987838745 6.5426047891378385 5.8296103402972221 68.908226668834686 6.6605237834155551 66.064839288592339 28.38739331997931 21.113717395812273 12.802702696993945 43.975471571087837 5.5697499811649314 5.5811464414000538 10.800187610089777 227.31863128766418 52.149518217891455 182.88646943122149 42.937830537557602 4.8399118930101386 15.004506986588238 77.616764225065708
leaf_count=195272 2090 173 2258 1214 14092 4001 43 96 795 4314 146 50 40 518 69 490 627 408 312 336 39 38 81 1744 339 1230 289 63 108 519
internal_value=-5.90701e-05 3.9239e-05 -0.0026163 -0.0153074 -0.00197481 0.00111901 0.00490102 0.018208 -0.00764198 0.00308078 0.010981 0.0328008 0.0641649 0.00650011 0.0323722 0.00187365 -0.000897514 0.00698617 0.0190861 0.0144424 0.0193889 0.0148928 0.0250853 0.000345411 -0.00451345 -6.66358e-05 -0.00570629 -0.0142589 -0.0122282 0.00945855
internal_weight=31885.2 31680.9 3275.06 204.253 3104.03 1327.64 824.641 99.2275 132.871 725.414 191.783 32.6741 12.3722 159.109 24.1359 134.973 100.816 72.4287 33.9164 93.6495 80.9311 75.3613 54.7757 28405.9 582.909 355.591 225.824 171.029 20.5857 129.766
internal_count=231794 226348 26955 5446 24634 10542 6541 741 3356 5800 1486 236 90 1250 242 1008 2142 1515 720 698 602 563 417 199393 4121 2377 1519 2321 146 858
cat_boundaries=0 1 2 3 4
cat_threshold=14927890 10536960 4069157 10505494
is_linear=0
shrinkage=0.04


Tree=72
num_leaves=31
num_cat=7
split_feature=0 12 27 10 8 19 0 4 19 22 19 30 13 21 4 22 2 11 1 22 4 4 27 4 27 4 19 13 20 19
split_gain=38.1314 33.9672 29.7069 22.4935 18.2993 19.1471 11.5291 16.3161 16.2653 11.3306 11.2496 12.4062 11.4345 11.4578 10.5796 12.7195 12.6664 12.0991 11.9449 11.251 10.9696 10.7437 11.9495 10.3281 10.0578 10.03 10.0333 18.3702 9.52667 9.75394
threshold=1.5000000000000002 3.8166666666666669 -2.7274999999999991 0 5.5000000000000009 1 5.5000000000000009 -0.029999999999999801 2 18.399166666666673 3 4 0.68333333333333346 69.310000000000016 0.041666666666667414 -19.840833333333325 1500.0000000000002 5.5000000000000009 32.225000000000001 -0.81166666666666554 0.068333333333332927 0.024999999999999915 1.2236666666666676 0.0033333333333325226 -0.42999999999999922 0.02166666666666606 5 0.23611111111111113 47.925000000000004 6
decision_type=2 10 2 1 2 1 2 2 1 2 1 1 8 2 2 2 2 2 2 2 2 2 2 2 2 2 1 8 2 1
left_child=3 -2 -3 25 6 9 28 8 -8 -6 12 -12 13 -5 16 -16 17 18 -13 -20 -17 22 -18 -11 -14 -1 27 -27 29 -4
right_child=1 2 4 10 5 -7 7 -9 -10 23 11 14 24 -15 15 20 21 -19 19 -21 -22 -23 -24 -25 -26 26 -28 -29 -30 -31
leaf_value=-0.011378913970068613 0.0013736439117195826 -0.0186107013956536 0.0023756767244915464 -0.0044138498204712171 -0.00020100097435831629 -0.0099274981166582212 0.017126856217341981 -0.0072926850244250749 -0.0058961394680174832 0.060170105382681492 -0.0050913708291886982 0.011878044883927718 0.021870803981952829 0.062302708810063043 0.056239879868085575 0.021825415600749722 0.00026564305717092146 0.0054968083555459691 0.12285881914575664 0.034378225224026407 -0.0045284333817324973 -0.01442206381744583 0.018682914261635382 0.00039190115368023282 -0.034520015860414137 0.064662221529447214 -0.0091590810118738607 0.003841985421255141 -0.010161744765226639 -0.0011280974835457546
leaf_weight=735.23686897754669 20917.970880258828 164.00983062013984 2296.0455094240606 1134.9804490841925 338.22592878341675 714.08966166898608 89.529850458726287 745.27790822461247 91.918359750881791 9.780106648802759 444.28786320984364 7.539051532745364 5.9567255526781073 4.1336398124694815 10.554825522005556 56.900592245161533 705.76056659966707 25.657208390533924 4.7234846800565728 4.4805372357368443 45.462103709578514 72.017934389412403 61.258584171533585 8.7722767442464811 33.640682116150856 9.1668678000569326 79.191503368318081 59.651232354342937 139.15783665329218 2824.5369391851127
leaf_count=10687 132257 5189 16541 11575 2732 5798 821 7100 852 61 4348 65 59 51 93 537 6808 235 40 41 416 691 763 57 419 104 1045 768 903 20461
internal_value=6.22805e-05 0.000548791 -0.00177616 -0.00387629 -0.00139571 -0.00622343 -0.00056004 -0.00467384 0.00608277 0.00142845 -0.00198229 0.000396868 -0.00486501 -0.00417175 0.00287535 0.0144319 0.00142751 0.0227578 0.0492086 0.0797863 0.0101209 0.000349594 0.00173655 0.0319047 -0.026037 -0.00936044 3.38964e-05 0.0104282 0.00016478 0.000445415
internal_weight=31839.9 28339.3 7421.34 3500.6 7257.33 1070.87 6186.47 926.726 181.448 356.778 2617.35 1438.64 1178.71 1139.11 994.355 112.918 881.437 42.4003 16.7431 9.20402 102.363 839.037 767.019 18.5524 39.5974 883.246 148.01 68.8181 5259.74 5120.58
internal_count=231517 192772 60515 38745 55326 8648 46678 8773 1673 2850 26141 14037 12104 11626 9689 1046 8643 381 146 81 953 8262 7571 118 478 12604 1917 872 37905 37002
cat_boundaries=0 1 2 3 4 5 6 7
cat_threshold=1 2252902 7176883 10965424 274 2385382 14852761
is_linear=0
shrinkage=0.04


Tree=73
num_leaves=31
num_cat=7
split_feature=0 15 12 26 7 19 19 11 19 19 22 23 19 19 27 19 9 23 22 27 9 12 1 29 7 7 1 1 1 8
split_gain=42.3189 26.8931 26.5679 22.4483 19.5969 16.5806 14.9833 13.4847 15.1119 13.0863 19.7738 11.9645 17.7308 13.6907 12.0859 11.5075 11.2022 10.7959 10.7467 10.2812 10.2235 17.2792 19.9511 13.1025 10.9141 13.9541 10.0942 13.2724 10.055 9.49078
threshold=1.5000000000000002 1.5000000000000002 3.8819444444444451 1.6150000000000004 -4.2366666666666655 0 1 2.5000000000000004 2 3 2.4516666666666631 4.5000000000000009 4 5 -2.1608333333333323 6 43.500000000000007 3.5000000000000004 -33.795833333333327 -0.33333333333333254 22.500000000000004 5.0500000000000007 27.595000000000002 3.8650000000000007 23.945000000000004 18.700000000000003 38.835000000000008 34.07500000000001 12.880000000000001 2.5000000000000004
decision_type=2 10 10 2 2 1 1 2 1 1 2 2 1 1 2 1 2 2 2 2 2 10 2 2 2 2 2 2 2 2
left_child=1 6 15 17 5 -5 -1 8 -6 10 -3 12 -9 16 -14 -2 -13 -4 -15 -8 21 22 -10 -22 25 -25 27 29 -16 -24
right_child=2 9 3 4 7 -7 19 11 20 -11 -12 13 14 18 28 -17 -18 -19 -20 -21 23 -23 26 24 -26 -27 -28 -29 -30 -31
leaf_value=-0.0034511270645088332 3.6477880047879192e-05 -0.00094285000268844415 0.020400350948279959 -0.0087320148659746476 -0.0014968482185427892 -0.0012989647746185545 0.0048656732349925211 0.0045881381407246605 -0.014917932879774148 -0.00077696339052946888 -0.016913155541447077 0.0032226138266424594 0.034906947529089127 -0.03408574126473287 -0.016866333657778804 0.0019785981721772653 -0.0070878073346196833 -0.019998595310594378 -0.0067826338657574828 -0.016704847613186736 -0.0014902419495576721 -0.015849565796677425 0.0079028085169271615 0.0097596042460665246 -0.035267407088593869 0.069297035633146806 0.0097081109849002974 0.10695610303033655 -0.0019670638854676343 0.07367685476873051
leaf_weight=333.8272293806076 7725.1727009415627 278.14764700457454 11.465169686824082 862.83011216297746 569.43392492830753 1095.9230256360024 38.31422084569931 1025.0182067137212 8.6754349581897241 2141.693006593734 223.89869658648968 534.06540384143591 13.687131887301801 23.786159329116344 77.23097188025713 13283.831044390798 246.38954704999924 137.66461028531194 761.86844038590789 457.61754501238465 251.04795770719647 12.630143623799084 6.5291942507028633 472.6396069675684 8.4644058644771558 6.3836388066411009 6.3380392938852301 8.3182077035307866 1176.1417738720775 7.5908140689134598
leaf_count=4154 48957 2814 186 6858 4092 8724 384 7122 76 22395 2716 4777 186 259 540 83854 1975 4788 6684 6081 1853 179 58 3122 56 42 58 76 8091 64
internal_value=3.13484e-05 -0.00413574 0.000542212 -0.0015323 -0.00121304 -0.00462443 -0.0104182 6.79744e-05 0.00349593 -0.00216393 -0.00790765 -0.00113864 0.000702608 -0.0038334 -0.0024575 0.00126542 -3.19754e-05 -0.0168927 -0.00751362 -0.0147411 0.00703088 0.0246093 0.0382536 0.00593404 0.00975743 0.010553 0.0542836 0.0668747 -0.00288513 0.0432625
internal_weight=31806.6 3473.5 28333.1 7324.12 7174.99 1958.75 829.759 5216.24 1358.05 2643.74 502.046 3858.19 2292.08 1566.11 1267.06 21009 780.455 149.13 785.655 495.932 788.617 50.0818 37.4517 738.536 487.488 479.023 28.7763 22.4382 1253.37 14.12
internal_count=231221 38544 192677 59866 54892 15582 10619 39310 9676 27925 5530 29634 15939 13695 8817 132811 6752 4974 6943 6465 5584 511 332 5073 3220 3164 256 198 8631 122
cat_boundaries=0 1 2 3 4 5 6 7
cat_threshold=10128660 4232303 31974 249856 8433084 14735477 2384911
is_linear=0
shrinkage=0.04


Tree=74
num_leaves=31
num_cat=13
split_feature=0 10 27 27 0 14 4 19 8 19 5 19 20 17 19 1 0 22 10 14 19 19 19 19 19 19 22 1 26 19
split_gain=28.1276 27.1607 22.9214 18.9306 21.6633 23.8949 20.8065 19.8303 18.4991 17.4728 15.664 15.3688 13.1504 17.3049 19.9271 22.1159 12.9568 17.1622 15.0707 14.3581 17.4797 14.2324 13.9398 12.9368 12.919 12.5362 12.466 12.2579 12.9936 14.6623
threshold=1.5000000000000002 0 -2.5758333333333323 0.35083333333333316 4.5000000000000009 0.16679894179894186 -0.051666666666666299 1 5.5000000000000009 2 1.5000000000000002 3 20.080000000000002 0.15476190476190479 4 34.385000000000012 4.5000000000000009 13.687333333333335 5 0.037037037037037056 6 7 8 9 10 11 -6.0866666666666651 38.135000000000012 5.6850000000000014 12
decision_type=2 1 2 2 2 10 2 1 2 1 2 1 2 10 1 2 2 2 1 10 1 1 1 1 1 1 2 2 2 1
left_child=1 10 -2 4 24 6 9 -7 11 -6 -1 -8 13 25 -15 -16 17 22 -18 20 -19 -21 -5 -14 -4 -3 -27 -20 -29 -30
right_child=2 12 3 16 5 7 8 -9 -10 -11 -12 -13 23 14 15 -17 18 19 27 21 -22 -23 -24 -25 -26 26 -28 28 29 -31
leaf_value=-0.017227156202187868 -0.012485541480976451 -0.0061377842945717241 0.0025545190549888484 -7.2991839864496762e-05 -0.0068866356786507878 0.014533434564722376 0.00039349894508538668 -0.0022417311067687929 -0.0096055343169554799 0.0095710397725436731 -0.0057888480823838784 -0.004527553215053156 -0.0061285150823519752 -0.0057229932766073048 0.025208604061940539 0.092502001336039363 0.006041740531153572 -0.004796665479490733 -0.00030322937218364119 0.0018918810802031011 0.00729960619840759 -0.0057319901809930827 0.004436256507832575 0.0001628266766092906 -0.00030466544579184633 0.01513778429665375 -0.0033117203311712295 0.014518842145806531 0.01066372418381276 -0.0062740582391108126
leaf_weight=285.43540751188993 217.23716183379292 177.08091010898352 4056.2544303778559 2084.0480038672686 138.28277533873916 229.47388449311256 1617.8117453772575 214.27281446009874 725.66911367885768 349.24533770978451 582.42820373550057 2732.064236164093 935.44447417929769 27.143233612179756 19.630098737776279 12.981685332953928 2029.5936268419027 299.34142392873764 1754.4253831356764 543.88184303045273 497.37949007749557 1381.6458984315395 2316.7386721968651 1177.983048055321 6686.4849566314369 147.84021186828613 97.072339624166489 205.30284261703491 140.66472859680653 169.58694802224636
leaf_count=4437 6323 1572 26926 12438 1067 1525 12766 1442 6199 2683 8135 21810 9893 237 172 113 11383 1841 10029 3328 3047 8539 13717 11872 45023 1316 845 1178 797 963
internal_value=4.26349e-05 -0.0033607 0.000457785 0.000557592 -0.000298683 -0.00222246 -0.00293499 0.00671018 -0.00369315 0.00495804 -0.00944205 -0.00270681 -0.00128567 0.00467328 0.0248198 0.0397937 0.00181319 0.000766527 0.00354718 -0.00172988 0.00278625 -0.00359851 0.00231076 -0.00265007 0.000777003 0.00182049 0.00751825 0.00128452 0.00671252 0.00154683
internal_weight=31852.4 3463.04 28389.4 28172.2 16749.6 6006.82 5563.07 443.747 5075.55 487.528 867.864 4349.88 2595.18 481.748 59.755 32.6118 11422.6 7123.04 4299.57 2722.25 796.721 1925.53 4400.79 2113.43 10742.7 421.993 244.913 2269.98 515.555 310.252
internal_count=231616 38592 193024 186701 119441 47492 44525 2967 40775 3750 12572 34576 26020 4255 522 285 67260 42910 24350 16755 4888 11867 26155 21765 71949 3733 2161 12967 2938 1760
cat_boundaries=0 1 2 3 4 5 6 7 8 9 10 11 12 13
cat_threshold=1 4417871 2795528 3694619 3786259 1 11624600 641160 4337082 2611348 14840192 11040899 7360081
is_linear=0
shrinkage=0.04


Tree=75
num_leaves=31
num_cat=9
split_feature=0 12 10 9 12 12 20 14 0 4 19 19 14 20 8 19 19 26 19 26 19 31 26 19 16 24 4 19 22 14
split_gain=40.7622 28.1627 21.9319 16.0426 13.4389 12.8764 14.1153 17.1223 12.5529 14.2988 16.5506 12.3922 12.9685 12.1204 16.5934 24.9553 16.1515 12.7528 14.1006 12.1171 11.6836 11.5828 11.2551 11.0739 10.5745 10.5308 10.2002 10.2433 10.1298 10.0863
threshold=1.5000000000000002 5.0500000000000007 0 64.500000000000014 3.3875000000000006 3.9500000000000006 47.785000000000004 -0.25912698412698404 5.5000000000000009 -0.031666666666665837 1 2 -0.2425925925925925 22.800000000000001 3.5000000000000004 3 4 4.9650000000000007 5 1.2550000000000001 6 3.5000000000000004 5.8250000000000011 7 0.45000000000000007 2.5000000000000004 0.024500000000000192 8 7.6650000000000018 -0.22037037037037027
decision_type=2 10 1 2 10 10 2 10 2 2 1 1 10 2 2 1 1 2 1 2 1 2 2 1 8 2 2 1 2 10
left_child=2 5 20 4 23 25 8 -8 13 10 -10 12 -6 14 16 -16 -7 29 -19 -3 -1 22 28 -4 -11 -2 27 -21 -12 -15
right_child=1 19 3 -5 11 6 7 -9 9 24 21 -13 -14 17 15 -17 -18 18 -20 26 -22 -23 -24 -25 -26 -27 -28 -29 -30 -31
leaf_value=0.0028986771167081506 0.0018329934916481913 -0.027227372822555985 -0.0055406089005117813 0.063277877347566791 0.033584347368268361 3.3779568985516515e-05 0.017659191188549864 -0.018616154548245226 -0.0093118277439760526 -0.0086414148203259253 0.026844366692606262 -0.0077362194128005983 0.0015103728851747042 -0.012500263663298714 -0.0093350776395669521 0.0031096634369108867 0.0091517471031099355 0.0059501857052341976 -0.0029577437052191618 -0.010359344069600216 -0.0037919385123839772 -0.0012707820805547463 -0.031816424655621567 -0.013468805454783635 0.02395038017159578 6.9108017670534892e-05 -0.015408264869122721 0.0037185482314617095 0.076025398142689243 -0.0030345987083843064
leaf_weight=743.73894906044006 12575.151419751346 51.341461542993784 595.8825739659369 5.1463722661137572 22.048970643430948 556.90880087018013 24.719897136092186 131.92842131108046 63.155889142304659 646.12260774150491 42.16886118426919 293.72022904083133 236.67529680207372 215.05596157163382 399.38609262928367 688.48888621851802 710.58745960891247 523.89679681509733 599.90135273337364 140.27258106507361 927.91158958151937 31.289728995412588 4.4356977492570868 632.4565311409533 16.330647442489862 9511.8073038198054 148.45801696181297 177.36944392137229 7.9667092934250823 1108.5517446100712
leaf_count=6654 79740 2100 7966 49 257 4272 171 861 566 6139 407 3543 2819 1642 3247 5583 5411 3344 3852 2191 8735 272 29 8656 141 60361 2355 2726 53 7482
internal_value=-3.76031e-05 0.000462048 -0.00413809 -0.00720301 -0.00744715 0.000633793 -0.00104861 -0.0128917 -0.000718162 -0.00531964 0.0058756 -0.00226571 0.00408585 5.92961e-05 0.00210761 -0.00151634 0.00521799 -0.00191199 0.00122162 -0.00878429 -0.000815661 0.01624 0.0292561 -0.0097775 -0.00783797 0.00107337 -0.00675276 -0.0027074 0.0346594 -0.00457255
internal_weight=31832.9 28375.3 3457.58 1785.93 1780.78 27857.9 5770.9 156.648 5614.25 811.47 149.017 552.444 258.724 4802.78 2355.37 1087.87 1267.5 2447.41 1123.8 517.442 1671.65 85.861 54.5713 1228.34 662.453 22087 466.1 317.642 50.1356 1323.61
internal_count=231624 192945 38679 23290 23241 183573 43472 1032 42440 7607 1327 6619 3076 34833 18513 8830 9683 16320 7196 9372 15389 761 489 16622 6280 140101 7272 4917 460 9124
cat_boundaries=0 1 2 3 4 5 6 7 8 9
cat_threshold=12 9465064 2648974 9636948 2020256 11126164 6075944 8668543 4271879
is_linear=0
shrinkage=0.04


Tree=76
num_leaves=31
num_cat=6
split_feature=0 12 26 8 0 19 4 28 22 19 21 19 4 20 14 6 1 26 29 20 26 19 13 4 12 22 19 1 19 1
split_gain=32.3998 20.4708 17.0113 15.7404 15.126 12.6439 15.1622 12.5629 10.8925 16.3186 12.1274 17.2987 13.3863 12.723 10.5066 15.3586 12.2803 10.7248 10.4907 10.2667 12.3105 10.1529 12.2763 9.82719 16.0631 12.5899 11.1548 9.92886 9.51383 9.33399
threshold=1.5000000000000002 4.4722222222222232 5.6750000000000007 5.5000000000000009 5.5000000000000009 0 -0.086333333333333581 5.5000000000000009 -21.570833333333329 1 6.2000000000000011 2 -0.00083333333333346349 32.365000000000009 0.17235449735449743 34.945000000000007 33.615000000000002 4.2650000000000006 3.5050000000000003 40.415000000000006 5.8050000000000006 3 0.10555555555555557 0.026666666666665954 3.6125000000000003 16.46583333333334 4 41.865000000000002 5 32.935000000000009
decision_type=2 10 2 2 2 1 2 2 2 1 2 1 2 2 10 2 2 2 2 2 2 1 10 2 10 2 1 2 1 2
left_child=2 8 -1 4 21 6 -5 28 9 -2 11 12 18 14 15 -14 -17 -18 -10 -13 -21 22 -3 26 -25 27 -4 29 -6 -26
right_child=1 3 23 5 7 -7 -8 -9 10 -11 -12 19 13 -15 -16 16 17 -19 -20 20 -22 -23 -24 24 25 -27 -28 -29 -30 -31
leaf_value=-0.0013215616970675074 0.0061360894215211452 0.0066115383666994201 -0.0030994953525004584 0.085786274733887877 0.0084369449305336415 -0.018640393535916823 -0.0045948343422197108 -0.016393133129287515 0.0018958484159647042 -0.0039507852428663608 0.00080523639198123152 -0.00034411011719834869 0.014401481126789954 0.0045960241168700932 0.071364895873348391 0.065884834071762058 0.047114311725757564 -0.019491346739784549 0.050507372184670322 0.053577397989273481 0.0084647539444351969 -0.0028077488512408071 -0.0065187519593885024 -0.0039577061581347155 0.052239057985786652 -0.018384938329190519 -0.011281735721297946 0.10163170621729151 -0.0091509026155588407 0.00044729556810216623
leaf_weight=2058.4935657083988 301.1930815577507 517.41885439120233 447.00065686181188 3.0202370937913647 78.11118346452713 164.75593117624521 177.8570714071393 185.75964866019785 145.0630977936089 1485.5745582766831 23200.758031561971 629.5124209150672 77.724040914326906 55.925747558474541 8.195968031883238 20.936709433794022 9.2469907067716104 6.6494595780968657 7.4687915444374076 10.662428334355353 104.85815204679966 903.68561325967312 146.09927594847977 163.58933790400624 12.830476880073553 7.793888807296752 763.07547140493989 3.5587633624672881 102.19864009693265 9.8355361074209195
leaf_count=19184 2260 4870 6125 33 722 1815 1927 4286 957 11079 148195 4280 592 331 51 153 73 44 44 62 613 8170 1110 2091 146 95 11032 40 991 114
internal_value=1.16387e-05 0.000458077 -0.00363886 -0.00317741 -0.00177179 -0.0110396 -0.00292402 -0.00909257 0.000775949 -0.00223822 0.000997789 0.00514869 0.0125992 0.0204095 0.0276141 0.0244839 0.0457596 0.0192533 0.00427613 0.00164528 0.0126286 -6.1798e-05 0.00366516 -0.0070275 0.00124289 0.0262516 -0.00837807 0.0395174 -0.00157135 0.0297649
internal_weight=31808.9 28342.7 3466.18 2278.91 1933.27 345.633 180.877 366.069 26063.8 1786.77 24277 1076.24 331.211 178.679 122.753 114.557 36.8332 15.8965 152.532 745.033 115.521 1567.2 663.518 1407.68 197.608 34.0187 1210.08 26.2248 180.31 22.666
internal_count=231485 192658 38827 23924 20149 3775 1960 5999 168734 13339 155395 7200 2245 1244 913 862 270 117 1001 4955 675 14150 5980 19643 2486 395 17157 300 1713 260
cat_boundaries=0 1 2 3 4 5 6
cat_threshold=2806187 2114064 4341976 14682872 5251183 2673291
is_linear=0
shrinkage=0.04


Tree=77
num_leaves=31
num_cat=10
split_feature=0 28 12 0 7 19 11 24 16 29 19 4 19 30 3 6 9 19 19 0 9 19 19 11 23 19 4 29 4 19
split_gain=33.5218 18.3946 17.7337 16.9847 15.6621 15.0547 11.7895 13.7691 11.3008 11.298 15.3628 13.0092 10.6847 10.9928 12.0305 10.3439 10.2526 26.5675 14.1163 11.6004 11.7887 14.9064 11.0818 12.6213 10.5131 10.237 11.5253 10.2099 10.0811 9.95127
threshold=1.5000000000000002 1.5000000000000002 4.5634920634920642 5.5000000000000009 -4.0099999999999989 0 9.5000000000000018 17.500000000000004 0.29166666666666669 4.7150000000000007 1 0.078000000000000749 2 3 6.9750000000000005 29.135000000000002 48.500000000000007 4 5 4.5000000000000009 52.500000000000007 6 7 11.500000000000002 4.5000000000000009 8 0.071999999999999634 9.115000000000002 0.05333333333333324 9
decision_type=2 2 10 2 2 1 2 2 8 2 1 2 1 1 2 2 2 1 1 2 2 1 1 2 2 1 2 2 2 1
left_child=1 5 16 4 12 -1 7 -3 -9 11 -11 25 13 15 -15 -4 18 24 27 29 22 28 23 -21 -18 -6 -27 -2 -22 -19
right_child=2 6 3 -5 9 -7 -8 8 -10 10 -12 -13 -14 14 -16 -17 17 19 -20 20 21 -23 -24 -25 -26 26 -28 -29 -30 -31
leaf_value=-0.0004443954878911681 -0.00059606876147703795 -0.0013637244606713799 0.029104426126072537 -0.011267692031013432 0.0064983378925514415 -0.013631081194013779 -0.0080084483394593908 0.072441760300042499 -0.00085457213814866498 -0.0023479099484103776 0.018033720996882149 -0.024763293321182718 -0.012732571807209951 -0.010003485904123626 0.04195900199097654 -0.017672068381403606 0.0059612859280615254 -0.0042867668660727448 0.0017522251433953306 -0.0023216043024808699 -0.0050542933175642948 0.0033437127748512209 -0.011492618537875669 0.044071187240893372 -0.0021064028322282974 -0.003873594707509441 0.056884745425266718 0.04210917109664971 -0.023831449992256566 0.00085842712079290068
leaf_weight=208.60559026896954 6085.4636940211058 2274.7347371578217 34.859340781345963 353.9698878955096 249.85745594464242 458.66814589500427 481.80259302631021 7.387513875961301 6.182050272822381 110.78564721345901 120.46453563123941 35.497265569865704 261.18499372713268 107.71820876561105 7.6341827176511279 9.6600190196186286 1044.2605024427176 894.85605391860008 14910.329253748059 159.43432147055864 288.87712223827839 413.18406863510609 562.15639408677816 9.9692548438906652 343.4294066131115 508.31456437334418 5.0448770374059668 8.9705866426229459 54.3557631932199 1788.7255801633
leaf_count=2966 39317 22751 353 6383 2512 6858 5943 61 55 776 839 383 2573 1092 71 100 6626 5754 96316 1107 2027 2943 3866 75 2521 5163 55 52 417 11478
internal_value=-2.70385e-05 -0.00375761 0.000424982 -0.00341162 -0.00149517 -0.00971955 -0.00232147 -0.00112408 0.0390493 0.00116193 0.00894774 -0.00109228 -0.00799481 0.000509877 -0.00604085 0.015478 0.000685675 -0.000841822 0.00108995 -0.00243489 -0.00527347 -0.00177209 -0.00889382 0.000385798 0.00393631 8.66529e-06 -0.00321391 -0.000532336 -0.00780065 -0.000870043
internal_weight=31806.4 3437.38 28369 1804.99 1451.02 667.274 2770.11 2288.3 13.5696 1029.96 231.25 798.714 421.057 159.872 115.352 44.5194 26564 5559.25 21004.8 4171.56 1487.98 756.417 731.56 169.404 1387.69 763.217 513.359 6094.43 343.233 2683.58
internal_count=231433 38634 192799 20300 13917 9824 28810 22867 116 9728 1615 8113 4189 1616 1163 453 172499 36814 135685 27667 10435 5387 5048 1182 9147 7730 5218 39369 2444 17232
cat_boundaries=0 1 2 3 4 5 6 7 8 9 10
cat_threshold=4197534 3789381 5005730 448 2228743 655887 1840304 8392848 3309681 8489096
is_linear=0
shrinkage=0.04


Tree=78
num_leaves=31
num_cat=5
split_feature=12 8 27 19 19 28 22 19 6 4 20 22 27 19 8 19 13 27 6 27 1 12 27 7 9 12 29 3 20 4
split_gain=20.4089 10.4061 15.282 12.4266 10.6173 10.3638 13.0255 9.94928 10.2991 9.8452 9.39174 14.8288 13.2176 12.3832 11.447 17.5323 13.0469 12.8318 12.4664 12.2063 14.2106 13.4203 13.4657 12.7577 11.721 15.6957 11.2848 11.0791 10.3357 10.2533
threshold=5.4365079365079376 5.5000000000000009 -0.95333333333333325 0 1 5.5000000000000009 -20.174166666666661 2 27.975000000000005 -0.081833333333333411 19.340000000000003 -33.795833333333327 -1.5999999999999992 3 1.5000000000000002 4 0.31666666666666671 0.29000000000000031 40.685000000000009 -1.0683333333333338 25.685000000000006 3.9500000000000006 -1.5499999999999994 11.055833333333338 30.500000000000004 3.7071428571428577 4.6950000000000012 6.8050000000000006 16.140000000000004 -0.056666666666666192
decision_type=10 2 2 1 1 2 2 1 2 2 2 2 2 1 2 1 10 2 2 2 2 10 2 2 2 8 2 2 2 2
left_child=1 10 3 -3 -4 6 -2 8 -8 -5 11 -1 -12 -13 15 17 -17 18 -15 20 21 -20 -23 -21 -22 -26 27 28 -18 -14
right_child=5 2 4 9 -6 -7 7 -9 -10 -11 12 13 29 14 -16 16 26 -19 19 23 24 22 -24 -25 25 -27 -28 -29 -30 -31
leaf_value=-0.021543002966003335 0.035116090777376048 -0.0014304247553256003 0.0011550394467960826 0.038391272048444655 -0.0029205871182083226 -0.019180761243294681 -0.028284746848847988 -0.023062229071096927 0.030219065919535004 -0.017177590853584775 -0.01808764584068075 -0.0011149351996025973 -0.0024352268851163695 0.0059267521644743503 0.0026817295723696967 -0.00069881414822968034 0.071651889455915302 0.080186023436883386 0.018297973058590353 0.031703517956344733 0.0098501217984168117 0.051227217274951276 0.14739237242203423 -0.004285722369325967 0.091937178610552894 0.02475931203801391 0.06440091866753983 -0.026721086887680247 -0.00241493485760384 0.00032042321468895603
leaf_weight=41.246764091774821 13.68790198676288 208.05838853865862 1888.07495887205 5.2230533026158801 2213.6757941581309 134.63580704852939 6.7735813818872037 22.01390569657087 16.646147711202502 218.85171157307923 64.513394806534052 995.58011544123292 2402.807909488678 101.5474998857826 1689.2300439253449 247.98701449297369 6.0333619676530414 5.1691671386361113 4.9077075235545626 28.684072770178318 29.486681457608938 4.5914945080876342 4.7296374589204779 34.976802587509155 8.3261378258466738 16.77900605648756 9.1556410491466504 7.721506491303443 6.0245169922709465 21414.461445249617
leaf_count=514 264 2171 13233 50 15562 4659 72 236 177 2353 651 8530 17987 889 14498 2103 47 31 42 196 318 55 38 243 66 142 63 62 42 146368
internal_value=-0.000108021 -2.88086e-05 -0.00180261 -0.00895729 -0.00104884 -0.0130505 0.000909915 -0.00939546 0.00931911 -0.0152038 0.00026769 0.00228778 -6.55677e-06 0.00259486 0.00425537 0.00948825 0.00218791 0.0171322 0.0164715 0.0245542 0.0362317 0.0718346 0.100022 0.0119302 0.0269521 0.0470389 0.0276847 0.0106892 0.0346456 4.24191e-05
internal_weight=31851.6 31657.8 4533.88 432.133 4101.75 193.757 59.1215 45.4336 23.4197 224.075 27124 3242.18 23881.8 3200.93 2205.35 516.12 276.922 239.198 234.029 132.482 68.8207 14.2288 9.32113 63.6609 54.5918 25.1051 28.935 19.7794 12.0579 23817.3
internal_count=231662 226254 33369 4574 28795 5408 749 485 249 2403 192885 27879 165006 27365 18835 4337 2317 2020 1989 1100 661 135 93 439 526 208 214 151 89 164355
cat_boundaries=0 1 2 3 4 5
cat_threshold=10648356 6854314 1371027 8653908 3707265
is_linear=0
shrinkage=0.04


Tree=79
num_leaves=31
num_cat=7
split_feature=0 27 21 10 12 12 0 20 19 7 20 19 26 31 6 21 14 19 9 27 5 19 7 19 21 29 20 6 22 19
split_gain=29.1299 21.586 18.2798 17.8003 12.5747 12.3459 17.3692 12.2503 19.9071 11.5449 15.9689 12.1141 13.1358 11.1548 12.3431 13.132 12.126 13.2985 12.5509 12.2376 11.8311 11.8263 11.0341 10.8522 16.5885 10.7919 10.3374 11.6009 9.69918 14.0549
threshold=1.5000000000000002 -2.5758333333333323 3.9350000000000005 0 4.1180555555555562 3.5277777777777781 5.5000000000000009 48.375000000000007 1 -1.605000000000002 56.610000000000007 2 4.9250000000000007 4.5000000000000009 21.505000000000006 27.600000000000005 0.12962962962962971 3 64.500000000000014 -1.3249999999999997 5.5000000000000009 4 4.3533333333333344 5 74.27500000000002 2.0050000000000003 33.445000000000007 19.525000000000002 -22.282499999999999 6
decision_type=2 2 2 1 10 10 2 2 1 2 2 1 2 2 2 2 8 1 2 2 2 1 2 1 2 2 2 2 2 1
left_child=3 2 -2 4 -1 23 7 28 -9 11 -11 -8 25 16 -15 -16 17 19 20 -5 -19 -17 -10 24 -3 -13 27 -14 29 -7
right_child=1 5 -4 13 -6 6 9 8 22 10 -12 12 26 14 15 21 -18 18 -20 -21 -22 -23 -24 -25 -26 -27 -28 -29 -30 -31
leaf_value=-0.009463956518631543 -0.016892198551257898 -0.00039757528896306577 0.018982932662240087 0.01547159342998195 0.019533230306658857 0.006152840960657986 -0.014407531171116346 -0.017255273901650329 0.0061129048252269802 -0.001943045179728045 0.063734345688568353 0.0071876092058845995 0.063034835410739037 -0.014947004021184585 0.013803854919790234 -0.013120363747189256 -0.009198235004506939 -0.00060604279509629674 0.063556199468448801 -0.0082079661242604168 0.013883684999428944 0.0058263897612564498 -0.017454180420246927 0.0019036754493313779 0.019889107126063975 -0.014446101755869236 -0.0017304598540883313 0.011396710059401276 0.00079497436658946977 -0.006577195946155549
leaf_weight=823.24580507352948 182.8845905456692 6189.2053083330393 25.949541300535202 37.3907700330019 24.644227743148804 170.76656646281481 288.46912525221705 157.02957969158888 163.6964175850153 972.48835456743836 5.9596093744039527 46.578032046556473 8.243451461195944 49.899329256266356 190.01122304052114 69.554477754980326 415.45105770230293 1036.3071895763278 5.0982235968112937 528.38237831741571 98.753850869834423 146.3820940926671 39.446195282042027 10924.569559112191 65.170850075781345 177.45429141074419 121.94993118941784 44.743005000054836 8219.3654649350792 621.5856484118849
leaf_count=12272 6004 38690 305 355 327 1399 2618 996 1044 8346 37 635 60 493 1715 744 4759 10160 44 5331 928 1507 250 67694 397 1720 836 326 56495 5257
internal_value=-4.14858e-05 0.000378422 -0.0124344 -0.00352636 -0.00852065 0.00047325 -0.000570569 9.84186e-05 -0.00713542 -0.00433414 -0.00154301 -0.00830682 -0.00344823 -0.00184306 0.00382672 0.0061344 -0.00307008 -0.00157767 0.000927736 -0.00652766 0.000654609 -0.000614257 0.00146456 0.00114392 -0.00018589 -0.00994829 0.00467895 0.0194304 0.000387534 -0.00383899
internal_weight=31850.7 28425.6 208.834 3425.12 847.89 28216.7 11037.8 9371.89 360.172 1665.89 978.448 687.438 398.969 2577.23 455.847 405.948 2121.38 1705.93 1140.16 565.773 1135.06 215.937 203.143 17178.9 6254.38 224.032 174.936 52.9865 9011.72 792.352
internal_count=231744 193109 6309 38635 12599 186800 80019 65441 2290 14578 8383 6195 3577 26036 4459 3966 21577 16818 11132 5686 11088 2251 1294 106781 39087 2355 1222 386 63151 6656
cat_boundaries=0 1 2 3 4 5 6 7
cat_threshold=1 15833353 13665776 5181636 10524082 2155535 10567681
is_linear=0
shrinkage=0.04


Tree=80
num_leaves=31
num_cat=8
split_feature=0 12 5 21 21 22 19 27 0 19 5 0 9 19 19 12 19 22 22 6 11 6 27 13 20 19 11 19 19 27
split_gain=30.3538 18.2285 17.4642 15.328 13.0011 12.3409 11.5494 11.1277 18.7831 26.2876 15.1527 13.6047 19.2375 19.4734 18.5287 20.3853 16.5696 13.5565 15.2591 14.3823 13.7723 12.6327 12.0828 13.0505 11.1849 16.0204 11.5393 11.0662 11.0492 11.0053
threshold=1.5000000000000002 4.5634920634920642 3.5000000000000004 43.705000000000005 36.82500000000001 12.855833333333337 0 0.36166666666666686 5.5000000000000009 1 3.5000000000000004 4.5000000000000009 48.500000000000007 2 3 1.8944444444444446 4 12.240833333333336 -0.16183333333333569 26.375000000000004 6.5000000000000009 21.070000000000004 1.4708333333333334 0.88194444444444453 12.295000000000002 5 5.5000000000000009 6 7 -0.051833333333333613
decision_type=2 10 2 2 2 2 1 2 2 1 2 2 2 1 1 8 1 2 2 2 2 2 2 10 2 1 2 1 1 2
left_child=4 7 3 6 -1 -5 -3 8 24 -10 -11 14 16 -14 -9 -16 -13 18 19 28 -20 -22 -18 -24 25 26 -2 -6 -17 -27
right_child=1 2 -4 5 27 -7 -8 11 9 10 -12 12 13 -15 15 17 22 -19 20 -21 21 -23 23 -25 -26 29 -28 -29 -30 -31
leaf_value=-0.0013322816758785838 0.032383595435296682 0.0042668788381385594 -0.0070890455312693917 0.05122965990211386 -0.01042525532318244 0.0075670869239171335 -0.0051287230223719879 -0.0024530873743482152 0.0018457598246163784 -0.0022360632724590535 -0.010458736131250715 0.00049208073146448207 0.0091493942572660851 -0.0060114906582807706 -0.012490593547987294 -0.018368786431830354 0.0051016090695385043 8.7184591850310769e-05 0.0033365478091252599 0.0028683321367792953 0.026105458750135386 0.0089230533235610931 0.010390348923871646 0.03931142675699658 0.00058762117401180136 0.0031790668005382029 0.0077725385777506362 -0.0030833899880772014 0.00039981499538764732 -0.045901868533671911
leaf_weight=2040.0211117304862 62.012504860758781 410.3465060852468 926.74619196541607 16.421949326992035 596.69968164712191 28.045962862670422 407.14186851866543 2017.7195051014423 1045.1934469677508 688.38440522551537 748.43891282752156 1004.4534591138363 170.48399367928505 542.07450522482395 148.68981297314167 91.263089179992676 1915.3375906944275 2044.5929407849908 901.61471699178219 827.88092309236526 75.639312461018562 721.49541674554348 552.59617367386818 26.145393654704094 12467.561770863831 316.14593210816383 59.94956611096859 780.64246723428369 107.84778435528278 7.4826445430517188
leaf_count=20173 495 4645 10577 116 8292 186 4684 12217 8238 5456 6448 5657 966 3097 933 540 10845 12487 5282 4881 447 4261 3016 145 82911 2743 518 10170 637 44
internal_value=0.000201632 0.000631179 -0.00327727 0.000821016 -0.00335953 0.0236916 -0.000423049 0.000894565 0.000197632 -0.00298925 -0.00647418 0.00185703 0.00365048 -0.00234012 0.000768279 0.00209038 0.00487061 0.00254925 0.00439605 0.000546913 0.00672308 0.0105535 0.00660554 0.0116969 0.000810177 0.00703724 0.0187489 -0.00636215 -0.00910529 0.00198299
internal_weight=31749.1 28331.7 1788.7 861.956 3417.36 44.4679 817.488 26543 15395.2 2482.02 1436.82 11147.8 4211.09 712.558 6936.74 4919.02 3498.53 4770.33 2725.74 1026.99 1698.75 797.135 2494.08 578.742 12913.2 445.591 121.962 1377.34 199.111 323.629
internal_count=231107 192472 20208 9631 38635 302 9329 172264 106853 20142 11904 65411 23726 4063 41685 29468 19663 28535 16048 6058 9990 4708 14006 3161 86711 3800 1013 18462 1177 2787
cat_boundaries=0 1 2 3 4 5 6 7 8
cat_threshold=4821754 6103069 10635268 2236474 3018757 2312208 13079313 5817089
is_linear=0
shrinkage=0.04


Tree=81
num_leaves=31
num_cat=6
split_feature=0 23 28 26 19 3 22 19 13 19 4 12 12 19 4 26 1 20 26 19 6 14 19 9 12 20 17 21 17 20
split_gain=17.5269 20.2281 19.8983 16.6924 14.3315 12.9468 12.502 10.6389 9.86939 10.2782 9.5478 9.72464 9.08674 9.06656 12.6105 16.714 13.2365 12.1531 13.5582 12.5668 11.2927 10.7008 9.80592 12.9174 12.0212 11.5576 15.5815 15.4562 11.2546 10.9527
threshold=1.5000000000000002 4.5000000000000009 1.5000000000000002 1.4750000000000003 0 6.9450000000000012 -28.619999999999994 1 1.0000000180025095e-35 2 -1.0000000180025095e-35 4.1055555555555561 2.683333333333334 3 0.017083333333333343 7.6750000000000007 40.920000000000009 21.140000000000004 4.705000000000001 4 20.055000000000003 -0.25912698412698404 5 50.500000000000007 3.0500000000000003 42.560000000000009 0.10555555555555557 64.315000000000012 0.35416666666666669 15.205000000000002
decision_type=2 2 2 2 1 2 2 1 8 1 2 8 8 1 2 2 2 2 2 1 2 10 1 2 8 2 10 2 10 2
left_child=2 6 4 -3 -1 -5 -2 -7 -4 10 12 -12 -10 17 -15 22 -17 -8 19 20 -19 -21 25 24 -24 26 -16 29 -27 -28
right_child=1 3 8 5 -6 7 13 -9 9 -11 11 -13 -14 14 15 16 -18 18 -20 21 -22 -23 23 -25 -26 28 27 -29 -30 -31
leaf_value=-0.0029204917653251833 0.044263373357524047 -0.018527919287838885 0.0072388061589140256 -0.00061648667521818135 -0.014973115536483277 -0.0011588718367844589 0.0059978724529102367 -0.0088988357148879187 -0.024152512221654498 -0.00036250978443995728 0.0034114171632441573 -0.015410999064687819 -0.0074310607607519516 0.0010880257762471068 -0.0017803295726825439 0.013576953151603469 0.075600914171234476 0.024672726045985392 0.0018764024038735788 -0.029634374928279188 0.00057681955267005155 -0.0054756549766174457 0.0024456186567361846 -0.009950820274393854 -0.004764365356414179 -0.007620520067099245 0.043756557426971272 0.064742252900366615 0.0049207661597973733 0.0054899684037734275
leaf_weight=336.16005104780197 10.625574856996534 91.108038861304522 200.18453519046307 6541.18792774342 319.58882786333561 561.96143877878785 983.95948054082692 591.01074457354844 60.067555524408817 1824.5058885887265 225.34187499806285 54.549440667033195 387.01651015505195 7371.0577229131013 704.11460727266967 26.575553923845291 6.9435923695564261 34.72081595659256 7310.4928728863597 30.912689723074436 300.02570895850658 574.82062564790249 572.5491299033165 438.87363800033927 1045.861766859889 450.95906355232 12.21954984217882 7.3248483687639228 153.44737049937248 580.13360027968884
leaf_count=4885 75 3618 1818 49947 4949 4374 7475 4619 845 18929 2425 523 4251 45777 4927 157 41 242 44491 240 2032 3869 3494 2935 7171 2740 95 47 912 3697
internal_value=-9.50072e-05 0.000230221 -0.0028058 -0.00150691 -0.00906739 -0.00130536 0.000886232 -0.00521359 -0.0013136 -0.0019846 -0.00596852 -0.000256979 -0.00967766 0.000863863 0.000106738 -0.00170173 0.0264254 0.00179398 0.00129482 -0.00322588 0.00298688 -0.00659961 -0.00193948 -0.00384552 -0.00221367 0.000134922 0.00225517 0.00699347 -0.00443652 0.00627936
internal_weight=31808.3 28400.9 3407.41 7785.27 655.749 7694.16 20615.6 1152.97 2751.67 2551.48 726.975 279.891 447.084 20605 11370.1 3999 33.5191 9234.93 8250.97 940.48 334.747 605.733 3965.48 2057.28 1618.41 1908.2 1303.79 599.678 604.406 592.353
internal_count=231600 192975 38625 62558 9834 58940 130417 8993 28791 26973 8044 2948 5096 130342 71993 26216 198 58349 50874 6383 2274 4109 26018 13600 10665 12418 8766 3839 3652 3792
cat_boundaries=0 1 2 3 4 5 6
cat_threshold=1648863 770612 14878736 2619656 395272 4718615
is_linear=0
shrinkage=0.04


Tree=82
num_leaves=31
num_cat=5
split_feature=0 15 27 28 5 12 21 19 19 1 6 27 6 2 5 17 30 31 22 19 22 12 14 19 24 26 14 22 11 11
split_gain=25.1919 19.9815 18.6587 23.1108 16.6105 12.2669 12.0855 19.887 11.1005 11.5445 10.9278 11.5641 10.8798 10.8457 10.5249 10.5095 11.4776 25.8508 13.3388 11.1833 11.0772 10.6658 10.4815 10.1674 10.0752 9.55911 11.3344 9.41517 12.5462 9.39015
threshold=1.5000000000000002 1.5000000000000002 -1.2099999999999995 3.5000000000000004 4.5000000000000009 5.4142857142857155 36.82500000000001 0 1 46.980000000000011 21.070000000000004 0.86000000000000065 26.375000000000004 1500.0000000000002 5.5000000000000009 0.35416666666666669 2 5.5000000000000009 13.052666666666665 3 -29.249166666666664 4.3166666666666673 0.011111111111111157 4 4.5000000000000009 3.6450000000000005 -0.21679894179894174 17.814166666666676 9.5000000000000018 6.5000000000000009
decision_type=2 10 2 2 2 10 2 1 1 2 2 2 2 2 2 10 1 2 2 1 2 10 10 1 2 2 10 2 2 2
left_child=1 8 3 -2 15 12 -3 13 9 -1 11 22 25 -8 -4 16 17 18 19 24 -19 -21 27 -16 -5 26 -6 28 -9 -23
right_child=2 6 14 4 5 -7 7 10 -10 -11 -12 -13 -14 -15 23 -17 -18 20 -20 21 -22 29 -24 -25 -26 -27 -28 -29 -30 -31
leaf_value=-0.0054678373214126479 0.075558407643590758 0.0002402757695647162 0.00078237779035121222 -0.0036778212582236265 0.012580041419152475 -0.029668397055442251 0.027333267155066846 0.031676878271828843 -0.01365567546642533 0.028018441034999224 -0.013674957253550534 -0.02072097684222721 -0.0047276139072986098 -0.00097000660349998082 -0.0038433570546229558 -0.031677829095131657 -0.0032213929061980979 -0.032968074700715361 0.070348943833142941 -0.0019761501687718458 0.041746699567433272 0.0076082225083254412 -0.0078454520935359179 0.00037728771324320806 -0.035842932868330499 -0.028813065575327805 -0.021773832201044466 -0.011504827641058353 0.11704971846460825 0.03656962457667972
leaf_weight=382.46698423847556 5.8806452229619017 1687.046812813729 22781.69083892554 142.22642388939857 27.119311096146703 44.074771160259843 22.78355960175395 7.876040134578945 397.78870252147317 17.213926754891872 401.61066288128495 14.212772145867346 432.72747985646129 440.17390561848879 1649.4072038121521 18.016648352146149 940.7164417617023 3.4726552311331025 4.4265368059277526 77.19223340973258 37.036429857835174 44.60878536850214 9.9924573972821218 2033.6533391773701 17.498259622603655 64.695921745151281 35.456076186150312 3.6828258857130995 4.2352000139653683 29.930966837331653
leaf_count=5019 33 16257 143829 1672 423 1675 260 89 5416 222 5362 211 4936 5475 11308 145 11297 55 36 681 416 717 128 13776 223 694 441 46 59 414
internal_value=-0.000204048 -0.00346362 0.000185069 -0.00361708 -0.00385968 -0.00935041 -0.00175988 -0.00549023 -0.00900046 -0.00392735 -0.0114303 0.00824887 -0.00775128 0.000413943 0.000461642 -0.00133763 -0.000916211 0.0051153 0.00140097 0.00042106 0.0353417 0.00792307 0.0242162 -0.00152228 -0.00677728 -0.0180319 -0.00688534 0.0445007 0.0615311 0.0192375
internal_weight=31778.9 3389.08 28389.8 1925.08 1919.2 604.074 2591.61 904.567 797.47 399.681 441.61 39.9993 559.999 462.957 26464.8 1315.13 1297.11 356.392 315.883 311.457 40.5091 151.732 25.7865 3683.06 159.725 127.271 62.5754 15.7941 12.1112 74.5398
internal_count=231315 38544 192771 23858 23825 8169 27887 11630 10657 5241 5895 533 6494 5735 168913 15656 15511 4214 3743 3707 471 1812 322 25084 1895 1558 864 194 148 1131
cat_boundaries=0 1 2 3 4 5
cat_threshold=3419710 12694635 36 12394692 9092152
is_linear=0
shrinkage=0.04


Tree=83
num_leaves=31
num_cat=8
split_feature=26 0 10 28 28 0 19 19 1 20 4 19 20 5 20 22 19 9 4 19 1 9 19 23 0 19 13 4 14 14
split_gain=17.1693 16.6196 14.2322 12.5506 10.7456 11.4162 16.6176 15.656 11.2482 10.1955 12.2854 11.8358 11.4556 9.92631 9.59038 10.4252 10.5078 9.43494 9.24521 12.9928 10.5371 22.8023 9.18319 9.07475 9.00724 12.0546 24.8149 8.76871 8.75924 8.67219
threshold=1.6150000000000004 1.5000000000000002 0 3.5000000000000004 4.5000000000000009 3.5000000000000004 1 2 57.465000000000011 32.365000000000009 -0.081666666666665652 3 21.340000000000003 2.5000000000000004 10.360000000000001 -3.9525000000000001 4 25.500000000000004 -0.024999999999999908 5 46.180000000000007 50.500000000000007 6 4.5000000000000009 5.5000000000000009 7 0.68333333333333346 0.095499999999999932 0.070833333333333331 -0.28353174603174591
decision_type=2 2 1 2 2 2 1 1 2 2 2 1 2 2 2 2 1 2 2 1 2 2 1 2 2 1 8 2 10 8
left_child=3 2 18 -1 9 7 27 -6 13 11 -11 12 29 14 -8 16 -16 -5 19 -2 22 -22 -20 -14 -13 -26 28 -7 -27 -3
right_child=1 4 -4 17 5 6 8 -9 -10 10 -12 24 23 -15 15 -17 -18 -19 20 -21 21 -23 -24 -25 25 26 -28 -29 -30 -31
leaf_value=0.069764960665883807 -0.0023772833755689158 0.044870188085735528 -0.0010527462920344565 -0.018062215419642234 -0.0024795164645984584 -0.0052153902687571375 0.013516642481485685 0.0032483936303313553 -0.025012584346953165 -0.0053066744869383845 0.00056623054868647259 0.0041643841114919903 -0.00034470941371652096 -0.0017379645889320791 -0.0090093209770227695 0.0075693209439654857 0.0029031783818012236 0.014107250871911864 -0.010979364218728353 -0.018132989871402189 0.0081979883315837707 0.13180862424694945 0.00060336784536059061 -0.0080043251249130483 -0.0079796416481367968 -0.0019523445930786096 0.067042889530285948 -0.028650397997467755 0.012264247447039056 0.0050148939396062308
leaf_weight=2.8688997700810424 157.04788133502007 8.9764288365840894 2565.3790451623499 138.36215027607977 1263.0564042050391 1475.7781960722059 127.14469928108156 1900.9984325766563 29.420981137081981 593.79978764802217 14164.215900458395 3658.6420653760433 1031.4777761623263 1973.0823961701244 190.48213332891464 294.19972642511129 282.94973481819034 16.306312471628189 192.1238511800766 208.08177851885557 18.634568702429537 2.7386633418500415 244.76354315131903 325.60126133263111 235.51894107460976 262.1047765314579 9.580863840878008 25.996167276054621 94.285989195108414 325.16105362772942
leaf_count=16 2449 64 26113 5148 9229 13111 1518 13770 255 3743 85027 22468 6360 17546 1519 2147 2266 149 2853 3411 270 38 3514 2153 1680 1878 62 265 602 2067
internal_value=3.94518e-05 0.000104994 -0.00254209 -0.013133 0.000422276 -0.000868129 -0.00218612 0.000964304 -0.000404262 0.000893535 0.00032993 0.00229115 -0.000545701 -0.000153218 0.00334133 0.00165596 -0.00201871 -0.0146707 -0.00708351 -0.0119179 -0.00338613 0.0240369 -0.00472771 -0.00218247 0.00341062 -0.00111755 0.00342302 -0.00558388 0.00180877 0.00608559
internal_weight=31818.8 31661.2 3388.77 157.537 28272.5 7563.11 4399.05 3164.05 2897.28 20709.4 14758 5951.35 1691.22 2867.86 894.776 767.632 473.432 154.668 823.39 365.13 458.261 21.3732 436.887 1357.08 4260.13 601.491 365.972 1501.77 356.391 334.137
internal_count=231691 226378 38648 5313 187730 61626 38627 22999 25251 126104 88770 37334 10644 24996 7450 5932 3785 5297 12535 5860 6675 308 6367 8513 26690 4222 2542 13376 2480 2131
cat_boundaries=0 1 2 3 4 5 6 7 8
cat_threshold=1 810144 7417916 8489475 4236038 933967 6547784 2752632
is_linear=0
shrinkage=0.04


Tree=84
num_leaves=31
num_cat=11
split_feature=0 10 10 19 4 19 9 19 5 12 19 22 19 19 17 19 12 22 4 22 12 6 14 12 19 21 12 12 0 19
split_gain=20.2771 22.388 16.6992 12.5264 12.7757 12.1577 11.4008 25.7415 16.2856 18.7534 11.3657 10.9827 10.5769 10.2133 13.3759 10.0349 9.78189 9.61547 10.0999 9.50204 9.36462 9.00106 8.87134 8.80521 14.9422 15.1913 15.5652 13.9715 11.8707 22.9387
threshold=1.5000000000000002 0 1 2 0.065000000000000849 3 48.500000000000007 4 5.5000000000000009 2.4365079365079372 5 -19.19083333333333 6 7 0.10555555555555557 8 4.5277777777777786 -31.557333333333332 0.03666666666666752 0.61083333333333389 3.7888888888888892 42.285000000000004 0.14454365079365084 2.683333333333334 9 42.895000000000003 1.9500000000000002 2.6125000000000003 5.5000000000000009 10
decision_type=2 1 1 1 2 1 2 1 2 8 1 2 1 1 8 1 10 2 2 2 10 2 8 8 1 2 10 10 2 1
left_child=2 3 5 4 -2 -1 23 16 9 -9 -4 15 -13 -10 -15 17 -8 20 -19 22 -11 -5 -16 24 25 26 -3 -27 -25 -30
right_child=1 6 10 21 -6 -7 7 8 13 11 -12 12 -14 14 19 -17 -18 18 -20 -21 -22 -23 -24 28 -26 27 -28 -29 29 -31
leaf_value=-0.0027983335577527711 0.0032396374218918765 -0.0097375830565059 0.0028415608690149758 -0.010564649829443907 -0.027952885092808574 -0.012675781863155324 0.0037068126146425173 -0.012757680432834251 -0.003053226480467932 0.0081689720270104061 -0.0029234436651727632 0.0025931545681584555 -0.0023934173524328621 -0.020572357820553333 -0.00011117465610782645 -0.014925943371506573 -0.007901678052031038 -0.0089160620883469051 0.02808813861486064 -0.012731793864391669 0.073300226681129829 0.0032893139266607007 0.037995095104928538 0.0011924385103717905 0.0013284729955295902 0.0013996443902083101 0.014118404856446238 0.035058083353794442 0.0033668313559868418 -0.004188996137886176
leaf_weight=425.43781631439924 301.73581251129508 48.344541966915131 780.12986546009779 566.65149797126651 22.581237113103271 401.22942325100303 1780.4983252435923 220.93668972700834 352.83494460955262 10.572945922613142 1778.0045508779585 1338.5647267997265 1363.9802476689219 188.37206325307488 54.14388483017683 146.43099662661552 124.2472614608705 83.045365259051323 13.756374113261698 101.24812769144773 5.3039747737348071 86.487951289862394 11.928529903292654 14465.958282867447 3173.2752455770969 594.30342162400484 461.46877744793892 20.409822970628738 965.29585502296686 1884.1233642846346
leaf_count=6343 4076 289 7563 7857 351 6311 11662 1326 2542 77 18474 8765 8888 1474 406 1120 970 613 110 651 43 1117 81 93857 19137 3521 2771 121 7051 13897
internal_value=0.000145422 0.000494366 -0.00278099 -0.00542372 0.00103585 -0.00768663 0.000707137 -0.000867966 -0.00272968 -0.00151571 -0.00116113 -0.000677069 7.71601e-05 -0.00822119 -0.0128991 -0.00854377 0.00293418 0.00098718 -0.00365744 -0.00503144 0.0299273 -0.00859848 0.00676843 0.00112985 0.0027504 0.00669159 0.0118562 0.00251718 0.000727616 -0.0016322
internal_weight=31771.3 28386.5 3384.8 977.456 324.317 826.667 27409 5795.86 3891.12 3182.59 2558.13 2961.65 2702.54 708.528 355.693 259.11 1904.75 112.679 96.8017 167.321 15.8769 653.139 66.0724 21613.2 4297.8 1124.53 509.813 614.713 17315.4 2849.42
internal_count=231464 192773 38691 13401 4427 12654 179372 38728 26096 20942 26037 19616 17653 5154 2612 1963 12632 843 723 1138 120 8974 487 140644 25839 6702 3060 3642 114805 20948
cat_boundaries=0 1 2 3 4 5 6 7 8 9 10 11
cat_threshold=8 1 5333080 922863 6431239 5252170 9001032 366992 8670256 1313984 43580
is_linear=0
shrinkage=0.04


Tree=85
num_leaves=31
num_cat=8
split_feature=12 10 19 0 18 5 26 19 19 19 6 5 31 29 19 6 26 4 12 21 13 11 22 6 23 0 19 19 16 13
split_gain=19.2798 12.9712 14.7288 13.461 21.7167 14.8302 13.9639 13.4646 12.7385 11.7597 10.7472 10.6972 9.91271 9.89301 9.56968 9.28115 9.04761 13.0051 11.0044 8.86521 8.6387 8.56914 12.5282 8.64759 8.32023 26.0158 18.9647 16.7257 11.8424 11.9033
threshold=5.7888888888888896 0 1 1.5000000000000002 0.36666666666666675 1.5000000000000002 5.535000000000001 2 3 4 60.305000000000007 4.5000000000000009 6.5000000000000009 1.7850000000000004 5 45.245000000000012 2.8850000000000002 0.063333333333333922 3.5634920634920637 27.310000000000006 0.2678571428571429 10.500000000000002 -8.5508333333333315 32.585000000000008 3.5000000000000004 5.5000000000000009 6 7 0.55000000000000016 0.43650793650793657
decision_type=10 1 1 2 8 2 2 1 1 1 2 2 2 2 1 2 2 2 10 2 10 2 2 2 2 2 1 1 10 8
left_child=1 2 15 4 5 7 8 -3 11 -8 -9 -6 -10 -4 20 21 17 18 -15 -13 -7 -1 23 -23 -5 26 -26 -27 29 -28
right_child=-2 3 13 24 6 14 9 10 12 -11 -12 19 -14 16 -16 -17 -18 -19 -20 -21 -22 22 -24 -25 25 27 28 -29 -30 -31
leaf_value=-0.01231539636746694 -0.022649297520217767 9.9686223910262921e-06 -0.0068217615124709684 0.0011757799632749338 0.010067326835786539 0.015205475602673784 -0.020275509808464386 -0.012044952483583195 -0.010056956538023758 -0.0065813130861311145 0.048642632777667498 0.097499634688910569 0.054104801757982435 0.070068576464314761 7.0734103621543222e-07 0.011639751831673475 0.0014650922187663352 0.093669297525762141 0.0082465829667573969 0.017630640219764276 0.0018379327911214078 0.095397394356578041 -0.0088893113661513996 0.012356448623116717 -0.00166275754855448 0.00097930004261917946 0.0018054479872866647 -0.0069093402354878453 0.005435169323862149 -0.0039346352826991234
leaf_weight=423.92133081331849 59.641638021916151 370.56534890457988 198.12688753940165 15226.589695572853 49.656799413263798 139.31843271106482 177.13394477590919 346.45426800847054 102.14026974886656 293.87995119020343 4.7326828986406317 4.4623605161905271 4.0036683976650229 5.0824629738926879 1619.566219907254 30.903957283124328 280.76371549069881 3.4919615983963004 49.223379287868738 4.4320571571588516 173.90412917360663 3.9362107273191231 14.936136767268179 4.0926807653158903 3769.7253018766642 632.52667557820678 4536.4702312275767 1348.8560957666487 1232.4011829011142 662.44082448258996
leaf_count=5118 2314 4195 3456 93543 474 1279 2733 4225 1006 4317 59 40 37 42 17507 356 2164 51 645 42 1934 39 106 42 25850 5088 31701 11139 7746 4194
internal_value=7.17528e-05 0.000114483 -0.00431325 0.00026212 -0.0021553 -0.00056501 -0.00879591 -0.00545758 0.00122971 -0.0123015 -0.0109163 0.0147792 -0.00697929 0.000272377 0.001262 -0.00936415 0.00443193 0.0188439 0.0140325 0.0577012 0.00754287 -0.0110262 0.0127717 0.0530678 0.000552409 -0.000226731 0.000587925 -0.00442094 0.00190679 0.00107405
internal_weight=31773.4 31713.7 1014.48 30699.3 3290.25 2654.54 635.709 721.752 164.695 471.014 351.187 58.5512 106.144 536.688 1932.79 477.79 338.562 57.7978 54.3058 8.89442 313.223 446.886 22.965 8.02889 27409 12182.4 10201 1981.38 6431.31 5198.91
internal_count=231442 229128 12019 217109 37848 29199 8649 8479 1599 7050 4284 556 1043 6358 20720 5661 2902 738 687 82 3213 5305 187 81 179261 85718 69491 16227 43641 35895
cat_boundaries=0 1 2 3 4 5 6 7 8
cat_threshold=8 2887650 5802351 6352932 13732624 3153928 539406 1353756
is_linear=0
shrinkage=0.04


Tree=86
num_leaves=31
num_cat=5
split_feature=0 12 2 7 27 19 5 19 11 3 13 19 20 27 12 19 9 19 5 7 24 9 6 6 22 27 3 18 4 27
split_gain=19.2205 16.2138 16.0702 14.854 16.2147 15.4127 13.7296 13.4852 12.0179 12.6816 10.3331 9.32768 15.5745 10.7003 8.97919 17.6061 14.409 13.497 13.4682 18.396 9.01623 10.132 8.8729 10.652 9.65548 9.0365 11.3931 8.60213 8.59482 9.01209
threshold=1.5000000000000002 3.8819444444444451 1500.0000000000002 -4.2366666666666655 -3.1941666666666659 0 1.5000000000000002 1 2.5000000000000004 6.6350000000000007 0.15476190476190479 2 21.140000000000004 -0.21166666666666664 5.0500000000000007 3 21.500000000000004 4 4.5000000000000009 2.036666666666664 1.0000000180025095e-35 56.500000000000007 45.045000000000009 43.875000000000007 -28.000833333333329 -2.0481666666666656 6.8550000000000013 0.22500000000000003 -0.035000000000000579 -1.1583333333333337
decision_type=2 10 2 2 2 1 2 1 2 2 10 1 2 2 10 1 2 1 2 2 2 2 2 2 2 2 2 10 2 2
left_child=2 -2 -1 5 -5 -3 7 -4 14 10 -10 13 -13 22 16 -16 17 -6 19 28 21 -18 23 24 -11 26 -24 -22 -19 -30
right_child=1 3 6 4 8 -7 -8 -9 9 11 -12 12 -14 -15 15 -17 20 18 -20 -21 27 -23 25 -25 -26 -27 -28 -29 29 -31
leaf_value=0.01147942740390849 0.0010099456102755453 -0.00044171184328137383 0.0025706378871632623 -0.023308730336129867 -0.013426807909657395 -0.0075538742256085816 -0.0016500595313471054 -0.0097297855078820068 0.0011990809527484456 -0.017861661147253856 0.029561671789780929 0.0010851378100146438 -0.0057233844659220533 0.0058709958533326957 0.01911768720794468 -0.015303216046956161 -0.01378057106767621 0.10316244567239277 0.089048787803318652 -0.0062871046012737408 0.0049639792424869258 0.039041635704067101 0.091826916481953222 -0.028193819490626826 -0.00080328370999140466 0.006118651661371861 -0.013096953068968759 -0.015482996518614938 0.003902992823676212 0.07767395774795309
leaf_weight=122.47560703009367 21176.951323304325 947.11735093034804 177.16502422466874 47.650691833347082 11.188465900719164 1012.1620499417186 2331.2920554950833 739.01108046621084 43.820657797157764 56.656634498387575 38.705304082483053 895.03471730649471 1345.9484421275556 498.67310232669115 23.097299430519342 86.049090703949332 73.102150220423937 4.7877402901649448 7.6737714484333983 12.744855552911757 1107.9564867336303 6.3117273747920981 4.4348146654665461 25.299913955852389 843.5202724635601 118.15434933453798 2.6424220353364944 33.928745407611132 5.6296454556286299 5.0052730590105128
leaf_count=1284 133208 8100 2143 1879 109 8668 25972 9248 359 659 268 8525 9230 3094 374 1325 503 41 76 120 7519 42 72 220 7282 915 46 225 58 32
internal_value=0.000112259 0.000450784 -0.00274408 -0.00118086 -8.0373e-05 -0.00415666 -0.00328051 -0.00742934 0.00013044 -0.00101087 0.0145014 -0.00134861 -0.00299076 0.00103914 0.00333934 -0.00766966 0.00428672 0.026013 0.0328935 0.0292727 0.00345008 -0.00958232 -0.0012442 -0.00259636 -0.00187693 0.00874838 0.0526516 0.00435644 0.0586583 0.0386229
internal_weight=31804.2 28434.2 3369.94 7257.3 5298.02 1959.28 3247.47 916.176 5250.37 3872.89 82.526 3790.36 2240.98 1549.38 1377.48 109.146 1268.33 47.0298 35.8413 28.1675 1221.3 79.4139 1050.71 925.477 900.177 125.232 7.07724 1141.89 15.4227 10.6349
internal_count=231596 192949 38647 59741 42973 16768 37363 11391 41094 30670 627 30043 17755 12288 10424 1699 8725 436 327 251 8289 545 9194 8161 7941 1033 118 7744 131 90
cat_boundaries=0 1 2 3 4 5
cat_threshold=2519779 20546 8429240 1179754 1189984
is_linear=0
shrinkage=0.04


Tree=87
num_leaves=31
num_cat=6
split_feature=0 23 12 14 19 5 19 14 4 19 6 26 26 27 19 6 7 27 7 1 31 29 19 11 1 5 6 12 19 21
split_gain=15.9639 17.4502 21.0446 16.1164 13.322 11.7334 11.2118 11.2895 10.5655 11.1997 19.3632 14.2771 10.339 10.3295 10.2936 9.97728 15.2426 10.2431 9.86195 12.8855 9.35693 12.4715 9.19342 10.0435 10.2924 9.11563 8.65991 9.19924 8.83893 10.9506
threshold=1.5000000000000002 5.5000000000000009 4.7888888888888896 -0.2000661375661375 0 5.5000000000000009 1 -0.25912698412698404 0.0033333333333342989 2 14.375000000000002 5.1350000000000007 7.8550000000000013 2.1091666666666673 3 32.805000000000007 -0.31999999999999845 -0.70333333333333259 16.691666666666674 27.595000000000002 3.5000000000000004 6.7750000000000012 4 8.5000000000000018 35.165000000000006 2.5000000000000004 36.785000000000004 3.7638888888888893 5 26.650000000000002
decision_type=2 2 8 8 1 2 1 8 2 1 2 2 2 2 1 2 2 2 2 2 2 2 1 2 2 2 2 10 1 2
left_child=3 5 8 -1 -5 13 -7 15 22 10 11 -10 -9 -2 -15 -8 17 -17 -12 -20 21 -6 23 24 -3 -25 27 28 29 -11
right_child=1 2 -4 4 20 6 7 12 9 26 18 -13 -14 14 -16 16 -18 -19 19 -21 -22 -23 -24 25 -26 -27 -28 -29 -30 -31
leaf_value=0.0057169457403794897 0.0010368731881089737 0.0052861437970294243 -0.012728535705721722 -0.0071337270414727413 -0.0020770347357710163 0.00085680223803383151 -0.031281240506000882 -0.0032091018880827551 -0.00063655580706955476 0.0056817933756071583 -0.011055510890855309 0.048639449643898026 0.049608379182855517 -0.012567054891777115 -0.00036447109891153267 0.0033755180984239865 -0.017189396470595385 0.088767225306396122 -0.032805959149063403 0.04272797916072283 0.0022123599189529924 -0.013786112194962809 -0.002158983723590034 0.0050222222563519915 -0.0085830800493393953 0.020213600761836086 0.0058216210771422621 -0.010398580089544623 -0.0032245749320099267 0.043987890856489811
leaf_weight=329.15969252586365 21446.157558025792 222.37838838621974 299.03713388368487 1084.8809810914099 1109.271949455142 1617.2718924582005 43.680617056787014 1787.5465026702732 23.694470107555389 56.895363874733448 544.26219864562154 15.602881491184233 5.9495902955532065 167.01686092466116 308.144596144557 4.9736852776259184 30.050794385373592 4.1007287800312024 5.1884460374712971 11.904899112880228 673.96910101547837 167.52416701614857 739.14637579396367 194.54546335712075 139.20249480381608 93.608619831502438 225.23278645798564 194.90870846807957 223.37159807607532 15.112027525901793
leaf_count=3189 138966 1641 5665 13302 12196 11307 470 12461 219 413 4343 109 35 1020 1852 61 295 31 39 90 7454 2551 5433 1379 1024 681 1762 1799 1650 108
internal_value=-8.4716e-05 0.000223746 -0.00265924 -0.00268997 -0.00360155 0.000564521 -0.00158839 -0.00368096 -0.00154611 -0.0041141 -0.00808119 0.0189283 -0.00303389 0.000907628 -0.00492577 -0.0181405 -0.00346978 0.041964 -0.0101159 0.0198007 -0.00159246 -0.00361334 0.000887449 0.00431985 -5.32717e-05 0.00995723 -0.000661682 -0.00365354 0.000797246 0.0120479
internal_weight=31783.8 28419 3004.09 3364.81 3035.65 25414.9 3493.57 1876.3 2705.05 1316.17 600.653 39.2974 1793.5 21921.3 475.161 82.8058 39.1252 9.07441 561.356 17.0933 1950.77 1276.8 1388.88 649.735 361.581 288.154 715.52 490.288 295.379 72.0074
internal_count=231545 192853 26355 38692 35503 166498 24660 13353 20690 10532 4800 328 12496 141838 2872 857 387 92 4472 129 22201 14747 10158 4725 2665 2060 5732 3970 2171 521
cat_boundaries=0 1 2 3 4 5 6
cat_threshold=10722048 7395718 12981899 1848073 8837426 65796
is_linear=0
shrinkage=0.04


Tree=88
num_leaves=31
num_cat=6
split_feature=10 28 27 6 0 28 5 27 19 19 19 19 27 9 26 27 26 17 27 6 29 7 31 4 4 0 19 5 17 27
split_gain=13.3839 16.1383 14.9607 14.1549 11.8985 18.6399 16.948 11.7152 16.4939 11.6733 11.508 10.967 10.548 10.2648 10.2352 11.3896 17.2319 9.90236 14.9659 13.9337 13.5939 12.8128 10.5502 9.49769 10.3305 16.2703 21.7915 17.4425 15.2076 9.79372
threshold=0 4.5000000000000009 -2.1608333333333323 37.345000000000006 1.5000000000000002 1.5000000000000002 1.5000000000000002 -1.3249999999999997 1 2 3 4 1.2044999999999997 48.500000000000007 3.5550000000000002 -0.88333333333333341 3.4950000000000006 0.10555555555555557 1.0116666666666672 31.830000000000002 5.785000000000001 -8.0449999999999982 7.5000000000000009 -0.13333333333333328 -0.033333333333333652 2.5000000000000004 5 2.5000000000000004 0.41428571428571431 0.44833333333333264
decision_type=1 2 2 2 2 2 2 2 1 1 1 1 2 2 2 2 2 8 2 2 2 2 2 2 2 2 1 2 10 2
left_child=1 2 -1 11 5 9 10 8 -8 13 -7 -3 -11 17 15 16 -5 18 -2 21 -21 -20 -19 -6 25 -25 28 -28 -27 -26
right_child=4 3 -4 14 23 6 7 -9 -10 12 -12 -13 -14 -15 -16 -17 -18 22 19 20 -22 -23 -24 24 29 26 27 -29 -30 -31
leaf_value=0.067915352846039834 -0.015176797124310023 0.00073088698525129476 0.0018344053652166138 0.002448844397353035 -0.010672751760945863 -0.00091926413369852007 0.030886702329068112 0.00047583167765050615 -0.0024551814467555929 -0.0052519083086017731 -0.011245118577507632 -0.013955998543256671 -0.017619918176394998 -0.023162429826307739 -0.013010459002695514 0.061689348573840237 0.098915802592101532 -0.0036457471723406062 0.071002933919979791 0.13222591888578328 0.042282166874658147 -0.022022184991199484 0.053923781967893103 -0.0019837843331044166 -0.00064533391585952255 0.00090691480540037051 0.0052473877289716956 0.027926733913516022 -0.012850639821922489 0.0011058362486371823
leaf_weight=5.5804837830364695 11.11388925462961 107.66755069233477 309.86979511380196 137.01868389174342 125.37214234471321 359.40213814005256 39.234374895691872 1841.3765811622143 50.622118905186653 200.62520254030824 339.12971388921142 425.42507897876203 245.13838345184922 25.391973562538624 58.355521626770496 5.8100302368402472 3.0282336696982375 116.23161302506924 3.4892066270112991 3.8550113476812831 8.8854889161884767 7.3788450285792369 5.3266618959605685 1261.3890221342444 14176.39973153919 1523.5311486087739 2208.0123471431434 55.625412005931139 140.40535316616297 7989.8050161898136
leaf_count=58 143 1747 2078 2751 838 3933 356 19204 474 3116 3988 7023 3994 350 468 41 27 1733 48 47 130 101 71 8224 99421 9747 13964 351 838 46239
internal_value=-0.00011194 -0.00452512 0.00300341 -0.00780752 4.06689e-05 -0.00224524 -0.000767197 0.00116404 0.0152671 -0.00844012 -0.0061065 -0.0112378 -0.011789 0.000403528 0.00114715 0.00681143 0.00453475 0.00425827 0.0230975 0.0411154 0.0694973 0.00784369 -0.00112306 0.000311626 0.000361969 0.00196857 0.00323791 0.00577917 -0.00025245 -1.41249e-05
internal_weight=31790.5 1052.76 315.45 737.305 30737.7 3257.2 2629.76 1931.23 89.8565 627.436 698.532 533.093 445.764 181.673 204.212 145.857 140.047 156.281 34.7224 23.6086 12.7405 10.8681 121.558 27480.5 27355.2 5188.96 3927.57 2263.64 1663.94 22166.2
internal_count=231503 14193 2136 12057 217310 37688 27955 20034 830 9733 7921 8770 7110 2623 3287 2819 2778 2273 469 326 177 149 1804 179622 178784 33124 24900 14315 10585 145660
cat_boundaries=0 1 2 3 4 5 6
cat_threshold=8 4666152 534543 4773199 4342792 4926492
is_linear=0
shrinkage=0.04


Tree=89
num_leaves=31
num_cat=10
split_feature=12 0 20 9 19 19 27 28 14 14 4 19 31 9 19 21 4 19 19 26 9 14 6 30 14 26 10 20 19 19
split_gain=12.9312 12.2545 18.7224 20.7986 21.1532 17.7346 17.433 23.5026 16.1521 15.3931 14.3477 13.8017 13.6676 12.6217 12.8543 12.4182 12.0401 22.5674 11.9365 11.7346 12.6614 18.8903 11.5312 11.1354 10.8567 10.8457 10.6953 14.975 14.5963 12.522
threshold=5.8452380952380958 2.5000000000000004 24.255000000000003 27.500000000000004 0 1 -1.0483333333333333 3.5000000000000004 0.057407407407407428 0.20013227513227516 -0.0066666666666672638 2 6.5000000000000009 24.500000000000004 3 40.440000000000005 -0.023333333333333869 4 5 4.785000000000001 41.500000000000007 -0.074074074074074042 51.870000000000012 6 0.33346560846560858 4.4850000000000012 7 38.945000000000007 8 9
decision_type=10 2 2 2 1 1 2 2 10 10 2 1 2 2 1 2 2 1 1 2 2 8 2 1 8 2 1 2 1 1
left_child=1 2 3 4 25 8 7 -3 -5 -10 12 -12 18 14 -8 19 17 -9 -4 -13 21 -21 -6 -23 -25 -1 -15 29 -29 -28
right_child=-2 6 10 5 22 -7 13 16 9 -11 11 15 -14 26 -16 -17 -18 -19 -20 20 -22 23 -24 24 -26 -27 27 28 -30 -31
leaf_value=0.0056505688685640947 -0.023387772435953084 0.069564447658157974 -0.0021840635109417464 -0.0054530588142308834 -0.016134354122804419 0.0064254782015557245 -0.0006822170641985866 0.013036527334832166 0.024663138376454598 -0.033958586549254995 -0.0034015318072049112 -0.0040524795076549904 0.0073277557779716515 0.0012219067011160715 0.0078651359421835106 -0.0022066313281090357 -0.0050808592761369111 -0.0043361474535775733 -0.0069555336497810682 0.015267599029998838 0.011770774365315727 -0.01149614372305903 0.035401445750204978 0.0039811373636104734 -0.036619270795643317 -0.025685627292051271 -0.0023552619036471003 0.00039451441038082876 -0.01234966155347985 0.0010528325380524245
leaf_weight=214.70090455934405 38.484133124351501 7.0889812260866156 1623.17595744133 420.32158537954092 223.16955439560115 1219.6485808454454 456.21622075513005 177.98754536919296 52.318089850246906 8.3044757470488531 1544.8833627328277 219.36660860478878 157.62253161892295 11219.296834550798 739.12907555699348 794.08016187697649 1602.178205922246 321.04894256405532 1799.0810667090118 136.75111062824726 387.40456723794341 122.13148083910346 7.1698203682899466 287.10918216779828 10.939503710716961 19.256969429552555 2725.7913191020489 260.90736801177263 323.08222682029009 4658.8136423453689
leaf_count=1764 1583 38 14497 3272 1814 9248 2943 1916 378 62 12383 1627 1371 67588 4798 6713 18780 3545 16476 1043 2974 949 56 2198 94 139 18505 1580 1936 31222
internal_value=-0.000215138 -0.000187041 -0.00141281 0.00184261 -0.00566086 0.00389121 0.000316938 -0.00314569 -0.00261479 0.0166328 -0.00240788 -0.000587801 -0.00418871 0.000675089 0.00466304 0.0016415 -0.003391 0.00203438 -0.00471913 0.00428147 0.00621742 0.00235448 -0.0139256 -0.0018482 0.00241009 0.00294541 0.000426652 -0.000693681 -0.0068607 -0.000206921
internal_weight=31777.5 31739 9247.44 2164.89 464.297 1700.59 22491.5 2108.3 480.944 60.6226 7082.55 3502.67 3579.88 20383.2 1195.35 1957.78 2101.21 499.036 3422.26 1163.7 944.336 556.931 230.339 420.18 298.049 233.958 19187.9 7968.59 583.99 7384.6
internal_count=231492 229909 77058 16733 3773 12960 152851 24279 3712 440 60325 27981 32344 128572 7741 15598 24241 5461 30973 8885 7258 4284 1870 3241 2292 1903 120831 53243 3516 49727
cat_boundaries=0 1 2 3 4 5 6 7 8 9 10
cat_threshold=13276102 2228913 8886349 4395674 6296560 3197039 260 3 13640523 9492808
is_linear=0
shrinkage=0.04


Tree=90
num_leaves=31
num_cat=1
split_feature=26 22 21 0 21 28 0 14 4 6 4 9 22 14 14 22 20 11 7 0 3 9 30 24 18 18 21 23 22 29
split_gain=16.4132 12.4314 11.5326 10.3431 16.8039 13.4674 16.8059 14.657 12.6289 15.3492 12.4994 11.9155 11.4779 10.3027 9.77017 9.75826 9.49853 9.38181 9.00343 14.0494 11.7682 10.5251 8.89762 13.9644 11.2479 9.84957 9.11981 8.72266 10.7566 10.7979
threshold=1.2550000000000001 -26.904166666666665 4.7900000000000009 1.5000000000000002 21.755000000000003 3.5000000000000004 5.5000000000000009 0.19629629629629636 -0.079166666666666594 45.045000000000009 -0.056666666666666192 27.500000000000004 1.8516666666666686 -0.3332936507936507 0.36134259259259266 10.499166666666667 62.090000000000011 3.5000000000000004 -3.4833333333333321 3.5000000000000004 7.1850000000000014 54.500000000000007 0 2.5000000000000004 0.45000000000000007 0.63333333333333341 26.105000000000004 2.5000000000000004 22.227500000000006 5.955000000000001
decision_type=2 2 2 2 2 2 2 10 2 2 2 2 2 8 10 2 2 2 2 2 2 2 1 2 10 8 2 2 2 2
left_child=2 16 -1 4 11 10 18 8 9 12 14 13 17 -3 -5 -14 -2 -8 19 21 -20 -7 23 24 -6 26 -25 28 -28 -30
right_child=1 3 -4 5 22 6 7 -9 -10 -11 -12 -13 15 -15 -16 -17 -18 -19 20 -21 -22 -23 -24 25 -26 -27 27 -29 29 -31
leaf_value=-0.02899285705629898 -0.0044915747663586822 0.056479578292788428 0.010936387367487017 -0.0013960665753503588 -0.0030568651197348433 0.001937426943140412 0.031600550047316489 0.012262660973316004 -0.0055456188221513067 0.063036476930120169 0.0015110650319214874 0.006018814533895093 0.056955707038973701 -0.006155451461924367 -0.013382107089883912 -0.0054125352610564963 0.040855380129428111 -0.016106976470579334 0.00088415980483833869 -0.0046501808006918595 -0.021620428961781141 -0.0095335491045063607 -0.0050876831204200255 0.024590088802796627 -0.032406436387451831 0.045459839110854723 0.015373838860200566 -0.0062029274336342097 0.058414168034136571 -0.020439602032773584
leaf_weight=51.28899946808815 1111.9338083714247 4.2854794710874557 14.946202367544172 1366.2842462658882 308.17962584644556 1360.8993148542941 8.2609658483415824 83.42602052539587 1727.9397265445441 8.3265280891209823 13879.543379962444 576.6800092048943 10.320587538182737 215.1793492808938 118.22586857527494 6.5685248449444762 7.4400590471923342 32.709100499749184 7082.9829829968512 1461.2743859235197 37.374490346759558 141.26562178879976 1814.5697942227125 35.270071171224117 22.411788564175367 10.313431490212677 105.2978273704648 99.574505001306534 3.1092350631952312 26.122880663722754
leaf_count=2233 10340 38 118 8399 3770 9516 87 610 16773 68 82042 5436 78 2067 742 48 50 291 49701 11471 274 1005 22372 335 351 143 1308 1116 37 383
internal_value=-9.16204e-05 -5.00144e-05 -0.0199827 0.000101702 -0.00204214 0.000354409 -0.000652017 -0.00412672 -0.00488882 0.0122586 0.00113794 0.00300001 0.00495116 -0.00493238 -0.00235063 0.0326994 -0.00419017 -0.00648751 -5.04507e-06 -0.00185774 0.000766034 0.000858681 -0.00369762 0.000510499 -0.00504656 0.0070972 0.00562843 0.00277167 0.00941436 -0.0120524
internal_weight=31732 31665.8 66.2352 30546.4 3220.99 27325.4 11961.3 1877.55 1794.13 66.1857 15364.1 796.145 57.8592 219.465 1484.51 16.8891 1119.37 40.9701 10083.8 2963.44 7120.36 1502.16 2424.85 610.279 330.591 279.688 269.375 234.104 134.53 29.2321
internal_count=231202 228851 2351 218461 37356 181105 89922 17955 17345 572 91183 7541 504 2105 9141 126 10390 378 71967 21992 49975 10521 29815 7443 4121 3322 3179 2844 1728 420
cat_boundaries=0 1
cat_threshold=68
is_linear=0
shrinkage=0.04


Tree=91
num_leaves=31
num_cat=7
split_feature=15 0 31 7 14 0 26 24 19 20 17 21 30 31 19 19 21 19 3 1 9 30 12 12 9 17 23 19 11 21
split_gain=13.2727 21.9989 11.5043 11.3878 12.6559 11.1861 15.8291 9.7529 10.3947 14.3619 9.91431 17.432 9.69018 10.4047 9.64598 9.17592 9.13308 11.7906 8.89455 8.88398 8.78701 8.92172 11.0568 8.60686 8.1948 8.07622 8.05069 9.7889 12.1373 10.3405
threshold=5.5000000000000009 4.5000000000000009 2.5000000000000004 7.7033333333333358 -0.14616402116402114 1.5000000000000002 5.1950000000000012 5.5000000000000009 0 57.455000000000005 1.0000000180025095e-35 41.695000000000007 1 3.5000000000000004 2 3 74.27500000000002 4 6.9850000000000012 35.385000000000012 31.500000000000004 5 2.7638888888888893 5.3166666666666673 51.500000000000007 0.10555555555555557 5.5000000000000009 6 10.500000000000002 37.300000000000004
decision_type=8 2 2 2 10 2 2 2 1 2 10 2 1 2 1 1 2 1 2 2 2 1 10 10 2 10 2 1 2 2
left_child=5 -2 -3 15 14 6 -1 12 -9 10 11 -10 13 -8 19 -4 26 24 20 -5 -19 22 -22 -17 -18 -23 -7 28 -28 -29
right_child=1 2 3 4 -6 16 7 8 9 -11 -12 -13 -14 -15 -16 23 17 18 -20 -21 21 25 -24 -25 -26 -27 27 29 -30 -31
leaf_value=0.0012814122124576034 -4.6439832369697365e-05 -0.011558447714224327 -0.011964187595137073 0.044194990935062392 0.065429919065070424 0.00061710061722540467 -0.0016462959669764153 -0.012237484311560597 0.088710579977110751 0.093132069672337212 0.005860822780735595 -0.021938885726226418 -0.0067126536592503998 0.020345540191716572 -0.0079784672988450454 0.0010860362665087607 -0.0073633161187413318 0.043449364607736018 0.059731113799491455 0.00041474448957197062 0.0044840977433561859 -0.040605011436569305 0.047064094855974695 -0.024351151121124591 0.030814592455942341 0.0037830032856972762 -0.007019851000919587 -0.00024653851163806571 0.0029953985295278714 0.017008201508642462
leaf_weight=1272.1135975271463 1919.0521499551833 508.81445753760636 193.46063552424312 17.612205764278773 6.3603742979466906 23186.76898618415 226.52460356429219 29.231235664337873 6.2718903087079507 3.5267382264137259 75.791821539402008 3.577501904219389 1369.1320642083883 40.588691953569651 35.635577565059066 278.32567183859646 75.073695190250874 15.283872559666632 7.9101949930191031 12.809948295354841 18.638255655765533 8.1081552207469922 20.478198632597923 23.044850310310721 10.22032257914543 34.312352322041988 824.02676795981824 1241.6738755796105 253.06281942129135 58.174112878739834
leaf_count=11520 15492 5819 2231 194 52 148382 3097 397 64 56 918 43 18803 550 429 2618 449 93 46 151 110 50 125 901 60 205 6740 9758 1848 380
internal_value=-7.93005e-05 -0.00261346 -0.00719149 -0.00327439 0.0115405 0.000184424 -0.00211586 -0.00457888 0.00650731 0.0126104 0.010767 0.0485204 -0.00538108 0.00163425 0.00635175 -0.00544254 0.000454769 0.00919162 0.0172969 0.0193875 0.0156166 0.0103994 0.0213241 -0.000831475 -0.00249603 -0.00380439 0.000389825 -0.00182723 -0.00462383 0.000521676
internal_weight=31775.6 2995.12 1076.06 567.249 72.4181 28780.5 3026.76 1754.64 118.399 89.168 85.6412 9.84939 1636.25 267.113 66.0577 494.831 25753.7 190.025 104.731 30.4222 96.8208 81.537 39.1165 301.371 85.294 42.4205 25563.7 2376.94 1077.09 1299.85
internal_count=231581 27887 12395 6576 826 203694 35448 23928 1478 1081 1025 107 22450 3647 774 5750 168246 1138 629 345 583 490 235 3519 509 255 167108 18726 8588 10138
cat_boundaries=0 1 2 3 4 5 6 7
cat_threshold=8590850 192 8974727 13930692 12995193 419 11310786
is_linear=0
shrinkage=0.04


Tree=92
num_leaves=31
num_cat=8
split_feature=15 27 19 28 0 19 10 19 29 19 4 0 14 0 19 1 12 8 29 19 22 0 24 11 1 14 12 19 11 22
split_gain=16.6778 12.6748 12.1717 10.3912 21.2423 13.7535 12.3037 17.4714 10.6065 11.6779 11.9591 10.3495 12.5249 10.1562 12.192 10.0461 9.58339 11.8334 14.2427 10.8712 16.818 13.3331 9.51032 9.88805 11.4524 9.45892 9.34661 13.5088 9.06976 8.93192
threshold=5.5000000000000009 -3.1941666666666659 0 1.5000000000000002 3.5000000000000004 1 2 3 6.8950000000000005 4 -0.088333333333333361 4.5000000000000009 -0.10737433862433861 5.5000000000000009 5 39.82500000000001 3.3875000000000006 1.5000000000000002 5.0050000000000008 6 -25.064166666666662 4.5000000000000009 1.5000000000000002 9.5000000000000018 36.545000000000009 0.37981481481481488 4.3875000000000011 7 8.5000000000000018 -0.4849999999999976
decision_type=10 2 1 2 2 1 1 1 2 1 2 2 10 2 1 2 10 2 2 1 2 2 2 2 2 8 10 1 2 2
left_child=3 -2 11 4 5 25 8 -8 9 10 -6 -3 -13 -10 -15 -11 28 18 19 -18 21 -21 -12 -24 -25 -1 -5 -28 -4 -22
right_child=1 2 16 26 6 -7 7 -9 13 15 22 12 -14 14 -16 -17 17 -19 -20 20 29 -23 23 24 -26 -27 27 -29 -30 -31
leaf_value=-7.208097590675916e-05 -0.025344432025704494 0.0026320712507056465 -0.01555048687385562 0.00089436495487733348 0.044597481812068802 -0.0069939276900475942 -0.0094017770507494412 0.0016675410432150828 -0.0042471478225349617 -0.00052925222987434343 0.018216263500446469 -0.0057845637814558561 0.038080366122955352 0.017424735184970074 -0.00023372464795835062 0.01206764933644142 -0.0024901501449238494 -0.0086819214951907083 -0.01265333831963366 0.032036902448250137 0.0082972244822111883 0.12407616135003119 0.0024808821076047058 0.028167130261628332 -0.0034467069753628516 -0.013193762912173175 0.0016893988597310565 -0.0047594175784179257 0.0085304436631987619 0.060590405868743646
leaf_weight=1175.3842163793743 40.144655663520098 855.19558569602668 31.219489693641663 21474.275891294703 15.02105078101158 1233.5075640529394 375.98095500469208 555.90512213110924 524.64254567027092 617.37100228667259 122.53824178874493 454.79536617174745 10.659126609563826 78.724516421556473 220.37693405151367 121.17835655808449 66.091996354982257 926.88015681877732 68.392319913953543 6.1353903636336309 46.646961227059364 4.2715400438755751 335.36066820472479 56.271025076508522 27.194662109017372 95.003356765955687 929.77982432115823 1161.4885571990162 126.11610160768032 5.8854342550039283
leaf_count=10032 1812 6891 225 148858 88 10725 2116 3096 2962 3438 675 4887 82 436 1220 677 657 8646 508 59 460 63 1855 316 154 845 8316 10494 928 44
internal_value=2.81834e-06 -0.00303993 -0.00269585 0.000278927 -0.00127745 -0.00400783 0.000963631 -0.00285091 0.00264242 0.00491217 0.00922577 1.95742e-05 -0.00478004 -0.000893576 0.0049888 0.00151706 -0.00545154 -0.006788 0.00210372 0.00992562 0.0201564 0.0698146 0.00841474 0.00554705 0.0178668 -0.00104513 0.000645769 -0.00190695 0.00375216 0.0141559
internal_weight=31762.4 2642.43 2602.29 29120 5554.46 2503.9 3050.57 931.886 2118.68 1294.94 556.386 1320.65 465.454 823.744 299.101 738.549 1281.64 1124.3 197.424 129.031 62.9393 10.4069 541.365 418.826 83.4657 1270.39 23565.5 2091.27 157.336 52.5324
internal_count=231565 25262 23450 206303 38635 21602 17033 5212 11821 7203 3088 11860 4969 4618 1656 4115 11590 10437 1791 1283 626 122 3000 2325 470 10877 167668 18810 1153 504
cat_boundaries=0 1 2 3 4 5 6 7 8
cat_threshold=10629066 1776286 1 4891278 16220712 546844 4538401 2284841
is_linear=0
shrinkage=0.04


Tree=93
num_leaves=31
num_cat=8
split_feature=12 23 20 19 14 19 20 11 0 17 9 30 26 19 5 20 12 20 19 0 4 31 19 19 27 19 9 7 18 7
split_gain=13.4021 9.33855 15.4979 13.0825 11.9786 9.43272 13.6061 13.44 11.7125 9.50013 13.8374 9.30609 9.02663 16.3359 14.2268 13.3598 14.7706 12.5382 12.6536 11.1894 14.1833 14.2819 36.6883 12.8496 9.93875 13.7392 12.5319 10.6936 18.1325 11.4535
threshold=5.4365079365079376 4.5000000000000009 21.140000000000004 0 -0.15912698412698409 1 63.565000000000005 1.5000000000000002 3.5000000000000004 0.29285714285714287 24.500000000000004 2 4.4850000000000012 3 4.5000000000000009 25.985000000000003 3.8166666666666669 27.950000000000006 4 2.5000000000000004 0.02166666666666606 5.5000000000000009 5 6 0.67833333333333312 7 23.500000000000004 -2.7208333333333345 1.0000000180025095e-35 23.945000000000004
decision_type=10 2 2 1 10 1 2 2 2 8 2 1 2 1 2 2 8 2 1 2 2 2 1 1 2 1 2 2 8 2
left_child=1 2 3 -1 -5 6 7 -3 11 10 -10 -9 13 -4 15 -15 -17 18 -14 20 21 -19 -23 -22 25 26 -21 28 -27 -29
right_child=-2 5 12 4 -6 -7 -8 8 9 -11 -12 -13 17 14 -16 16 -18 19 -20 24 23 22 -24 -25 -26 27 -28 29 -30 -31
leaf_value=-0.00012515324624629289 -0.011012854946307863 0.010379092417847608 -0.0078346063478425872 0.00032687510255256666 0.0082368835700686455 -0.0019977939104906931 0.051020774835009233 0.007494092230091314 0.0053417048717955351 0.0038448799345447726 -0.006548255375263913 0.00015858541582109114 0.0071247006516353085 0.008362807692698317 -0.0070675601359707083 -0.028376000286304316 0.0064110593688391027 -0.0034781277266562305 0.00057657059738870848 0.01980276076372409 0.008253356940285967 -0.010517015899094156 0.016103915739863316 -0.00066373255256325231 0.0018901054378973167 -0.01207981739121379 0.001148220927616533 -0.00015898634232653578 -0.0016534486813285984 -0.021750469063689496
leaf_weight=972.4307708311826 175.3669949490577 211.65535587072372 603.07794391363859 434.64733417704701 1037.4720874875784 5661.0608218219131 8.6211962439119798 416.8510637357831 190.89263766817749 282.06666416488588 871.98730299994349 799.23212279938161 823.59294742718339 377.64793982356787 224.00297906249762 36.519421555101871 41.976352781057358 3543.546853326261 1107.9926847815514 58.673930153250694 376.81380017846823 133.47057706490159 190.21365877613425 781.86333965882659 5674.1877069175243 405.56096006184816 3204.9373655840755 2244.0517743229866 780.44815923273563 40.00981218367815
leaf_count=7410 5410 1638 4340 3651 7357 44416 58 3172 2099 1943 6981 6127 5517 2660 1706 253 296 32354 7400 365 2979 1205 1651 6180 32163 2658 20077 13946 4928 242
internal_value=1.4433e-05 7.57551e-05 0.000491944 0.00350357 0.00586161 -0.00106268 0.000844785 0.000691818 -0.000108783 -0.00268099 -0.00441283 0.00273599 0.000135403 -0.00311352 0.00117059 0.00524185 -0.00977329 0.000350689 0.00340844 1.19031e-05 -0.00158034 -0.00274345 0.00529943 0.0023017 0.000656854 -0.000382355 0.00147906 -0.00213115 -0.00521879 -0.000537203
internal_weight=31710.9 31535.5 23093.1 2444.55 1472.12 8442.37 2781.31 2772.69 2561.03 1344.95 1062.88 1216.08 20648.6 1283.22 680.147 456.144 78.4958 19365.4 1931.59 17433.8 5025.91 3867.23 323.684 1158.68 12407.9 6733.68 3263.61 3470.07 1186.01 2284.06
internal_count=231182 225772 159338 18418 11008 66434 22018 21960 20322 11023 9080 9299 140920 9255 4915 3209 549 131665 12917 118748 44369 35210 2856 9159 74379 42216 20442 21774 7586 14188
cat_boundaries=0 1 2 3 4 5 6 7 8
cat_threshold=13933633 5001920 178 2942117 9973386 15808913 1711240 2355653
is_linear=0
shrinkage=0.04


Tree=94
num_leaves=31
num_cat=4
split_feature=0 5 5 19 19 27 8 19 19 27 0 27 9 1 5 13 13 26 15 29 4 26 1 17 15 14 6 27 13 29
split_gain=10.2418 15.4497 13.7814 15.8737 13.2159 12.7504 12.0659 15.9457 11.3482 11.0506 10.5503 11.9606 12.8279 11.49 11.3057 10.113 17.6038 13.2626 13.9863 11.5459 10.1055 10.9855 12.9694 9.98706 9.986 10.8541 10.3069 9.82046 9.41966 9.41036
threshold=1.5000000000000002 1.5000000000000002 5.5000000000000009 0 1 -1.4649999999999994 5.5000000000000009 2 3 -1.3249999999999997 3.5000000000000004 0.7533333333333333 38.500000000000007 37.235000000000007 4.5000000000000009 0.70714285714285718 0.64583333333333337 5.8450000000000006 1.5000000000000002 4.995000000000001 0.023333333333332987 4.5850000000000009 45.285000000000004 0.58571428571428574 1.5000000000000002 0.16679894179894186 23.395000000000003 -0.47449999999999987 0.18333333333333338 6.7150000000000007
decision_type=2 2 2 1 1 2 2 1 1 2 2 2 2 2 2 10 10 2 8 2 2 2 2 10 8 8 2 2 8 2
left_child=1 4 6 5 -1 -4 -2 10 9 -3 14 -12 13 -13 -8 16 19 -18 29 -6 23 -22 -23 28 -16 26 -26 -5 -9 -19
right_child=2 8 3 27 15 -7 7 20 -10 -11 11 12 -14 -15 24 -17 17 18 -20 -21 21 22 -24 -25 25 -27 -28 -29 -30 -31
leaf_value=-0.011465536515881423 0.0010533441106755496 0.020811348515344403 -0.01577310860006511 -0.0087105195556111611 0.0048716940707466275 0.0015682847379179937 0.0030412815488922444 -0.0094516491073349113 0.0014010551716246717 -0.0058619269523286282 -0.0044438729702952111 0.0084849777017758938 -0.0021924740368363766 0.038245430514106449 -0.0097860442899459239 -0.029207070278986384 0.10510254168776077 -0.01935190224573155 0.087724891778096337 -0.0079465249210760418 -0.021638943194335469 -0.0078079053113676586 0.028879826781044244 -0.025314785708691383 0.0010859608154562977 0.073390007819519598 0.028642283847081174 -0.0025617973403097385 -0.00062609577929019879 0.043654009939301269
leaf_weight=425.45653076097369 21163.874837288633 25.871896676719189 70.576708810403943 569.52443219441921 197.91764413937926 1748.4913863353431 479.95011036098003 227.30586260929704 1732.5525680929422 630.15613283589482 554.09902377799153 72.19637605547905 122.62085857987404 29.132681027054787 18.939378142356873 20.72573459148407 3.4774582050740745 10.204751297831541 3.9811730459332457 260.3051425293088 91.814775094389915 299.53629745543003 16.253557190299034 29.813297942280769 34.338534943759441 6.1463300772011271 59.085561966523528 1537.8148051351309 1300.8756026476622 6.0364020168781272
leaf_count=5479 140903 241 1233 5710 1943 12022 3121 2106 19037 7468 4349 400 680 162 120 361 40 167 65 3602 916 1937 107 181 239 39 403 9935 8365 111
internal_value=0.000102759 -0.00200071 0.000348132 -0.00185195 -0.00638036 0.000890573 0.000700634 -0.0015329 -0.000298959 -0.00473779 0.00176748 -0.00129094 0.00651009 0.0170413 0.00577321 -0.00181195 -0.000671389 0.0329442 0.0205357 -0.00241002 -0.00383364 -0.00946046 -0.0059196 -0.00238615 0.0168372 0.0219012 0.0185138 -0.00420359 -0.00193883 0.00406571
internal_weight=31749.1 3316.69 28432.4 3926.41 928.105 1819.07 24506 3342.11 2388.58 656.028 1376.51 778.049 223.95 101.329 598.46 502.648 481.923 23.6998 20.2223 458.223 1965.6 407.605 315.79 1557.99 118.51 99.5704 93.4241 2107.34 1528.18 16.2412
internal_count=231442 38514 192928 28900 11768 13255 164028 23125 26746 7709 9513 5591 1242 562 3922 6289 5928 383 343 5545 13612 2960 2044 10652 801 681 642 15645 10471 278
cat_boundaries=0 1 2 3 4
cat_threshold=7389639 11938964 2237118 4673792
is_linear=0
shrinkage=0.04


Tree=95
num_leaves=31
num_cat=7
split_feature=27 28 21 20 0 19 12 9 27 22 1 19 15 26 14 19 1 19 20 19 29 26 19 27 9 22 9 19 5 27
split_gain=9.53512 12.2736 9.69849 8.75042 10.2377 13.4554 11.8639 10.9589 11.1216 16.1728 11.3356 13.9415 12.3651 11.9224 10.7605 10.7077 10.2565 10.1234 9.70626 9.07922 10.7262 8.92971 12.3078 15.5269 10.3785 9.1504 8.77012 10.7112 8.46909 14.3163
threshold=-3.1941666666666659 5.5000000000000009 1.0000000180025095e-35 46.520000000000003 2.5000000000000004 0 3.5857142857142863 62.500000000000007 0.4250000000000001 14.093666666666673 40.040000000000006 1 3.5000000000000004 6.5050000000000008 -0.13654100529100524 2 50.135000000000012 3 47.465000000000011 4 5.8850000000000007 6.6450000000000005 5 1.5233333333333341 35.500000000000007 35.742500000000007 46.500000000000007 6 4.5000000000000009 -1.4649999999999994
decision_type=2 2 2 2 2 1 8 2 2 2 2 1 10 2 10 1 2 1 2 1 2 2 1 2 2 2 2 1 2 2
left_child=1 -1 -3 28 5 -5 7 8 26 10 19 12 -12 18 -11 -16 -15 -8 -13 -10 -21 -7 24 25 -23 -24 -6 -28 -2 -30
right_child=3 2 -4 4 6 21 17 -9 9 14 11 13 -14 16 15 -17 -18 -19 -20 20 -22 22 23 -25 -26 -27 27 -29 29 -31
leaf_value=0.04793879029153026 0.00072244897647291294 -0.026548576696018109 0.0084411412489709195 -0.009584211999519518 -0.0016866954677647334 -0.006404750799782818 0.00010753343562496491 -0.034638650317092401 0.007239638905947695 0.027177868476756885 0.0054512470767599597 0.0091543668101181398 -0.03628247573126081 0.018935845644340567 0.0016033834864313413 -0.0050744690730656437 -0.019852631190402127 -0.011288482193023976 0.053756479399507999 -0.0055007349251067466 0.0039393235099574372 -0.0045753727904238144 0.00085536291289866316 -0.013237245791171874 0.014303062641765086 0.050027678420344127 -0.022167217316748419 -0.00058056511619902372 -0.0089127450764665446 -0.00049976495781303839
leaf_weight=4.7553804852068415 17819.664487624541 54.662868191488087 16.501001559197903 489.79763855785131 871.57084672152996 430.90502288192511 233.89314180612564 14.336769253015516 496.11116863787174 20.925142303109169 80.033940479159355 11.075301125645636 13.237879753112791 90.13187164068222 773.81569027900696 748.48885969817638 12.408821031451224 270.51761749386787 26.450799256563187 307.63409107923508 514.94672848284245 65.72315001860261 410.4999192096293 155.32255056872964 160.07591503858566 6.1457150354981414 69.945998825132847 80.161604195833206 338.96844381652772 7152.567390434444
leaf_count=106 128415 2486 167 4877 5478 4070 1459 84 2796 123 453 62 77 509 4438 4287 70 1707 149 1750 2928 630 4035 1631 1558 57 444 505 5024 51092
internal_value=-0.000119073 -0.0142779 -0.0184354 -8.51269e-05 -0.00141225 -0.0040493 -0.000434678 0.0002724 0.000393974 0.00158842 0.00447158 0.0125982 -0.000426237 0.0198822 -0.00131119 -0.00170279 0.0142419 -0.00622586 0.0405928 0.0030336 0.000403959 -0.00175061 0.000741328 -0.00240127 0.00843459 0.00158068 -0.00322469 -0.0121548 0.000248035 -0.000880426
internal_weight=31741.3 75.9193 71.1639 31665.4 6354.16 1718.47 4635.69 4131.28 4116.94 3095.26 1552.03 233.339 93.2718 140.067 1543.23 1522.3 102.541 504.411 37.5261 1318.69 822.581 1228.67 797.767 571.968 225.799 416.646 1021.68 150.108 25311.2 7491.54
internal_count=231467 2759 2653 228708 44177 16858 27319 24153 24069 17642 8794 1320 530 790 8848 8725 579 3166 211 7474 4678 11981 7911 5723 2188 4092 6427 949 184531 56116
cat_boundaries=0 1 2 3 4 5 6 7
cat_threshold=8749840 6173190 9586301 2548886 10949168 2621478 1925922
is_linear=0
shrinkage=0.04


Tree=96
num_leaves=31
num_cat=6
split_feature=20 26 19 21 15 27 20 1 21 19 27 30 3 27 13 30 11 19 20 1 7 8 7 27 29 1 30 29 17 4
split_gain=8.62342 11.7254 21.1929 11.0569 10.3446 12.2193 10.2989 9.45637 12.396 11.9551 11.7705 10.8203 9.35851 9.93072 9.17819 9.07608 10.4471 8.73407 8.65989 8.81646 8.51416 8.36651 12.6464 8.6563 11.4902 8.34754 11.4502 11.4755 8.6928 8.2081
threshold=40.415000000000006 5.7950000000000008 0 26.690000000000005 5.5000000000000009 -3.1941666666666659 38.010000000000012 36.755000000000003 34.155000000000008 1 0.33000000000000057 2 6.6050000000000013 -1.5999999999999992 0.61250000000000016 3 5.5000000000000009 4 38.340000000000011 40.665000000000006 1.1933333333333345 3.5000000000000004 -0.38333333333333458 0.19833333333333372 4.3650000000000011 32.805000000000007 5 7.2150000000000007 0.10555555555555557 -0.10999999999999986
decision_type=2 2 1 2 10 2 2 2 2 1 2 1 2 2 8 1 2 1 2 2 2 2 2 2 2 2 1 2 10 2
left_child=1 4 3 21 12 -6 -5 11 15 10 -10 -4 13 -1 20 -9 -17 -7 19 -15 -13 22 -3 -24 -25 26 -8 28 -28 -2
right_child=29 2 7 6 5 17 25 8 9 -11 -12 14 -14 18 -16 16 -18 -19 -20 -21 -22 -23 23 24 -26 -27 27 -29 -30 -31
leaf_value=0.052787394771414045 -0.0097052090415493102 0.089081777781835111 0.0097878718619962054 0.014168514182735395 -0.024776941286417591 0.0023015206555635891 0.019524253593317407 -0.0060578712167742681 0.029255621563736588 -0.017907908083340553 -0.012445533494139025 -0.0094065068473508893 0.00043082829239247467 0.0059810214833949668 0.01715697265074775 -0.0038871041645488725 0.046695973385400949 -0.0036479791142212275 -0.033849040665995339 0.033906136928399715 0.0039012804091059371 0.010949920666392467 -0.0048988329140774826 0.017807655048069894 0.069242360913948517 -0.0017801017030932586 0.011562906016490886 0.044422292116357912 -0.015513753980017062 -0.00076775918743110397
leaf_weight=8.1424563396722061 166.81878428533673 5.752192646265029 185.16755745559931 203.85815834626555 38.623695977963507 534.15280780568719 81.38035012409091 38.599464543163776 20.501873549073935 134.12400818243623 22.955786902457476 193.11611636355519 16394.629432388581 142.29703605920076 36.139027826488018 10.314520515501501 17.818795371800661 1460.4671504665166 7.711255431175231 20.723919659852982 127.84516709670424 59.987322151660919 10.838247291743754 18.775467254221443 11.032660648226736 233.27204347774386 29.952029947191477 8.0665040463209134 51.745302967727184 11399.43473284319
leaf_count=87 1343 39 1261 1386 1815 5052 546 259 153 929 153 1322 118724 990 247 68 125 13972 54 145 864 411 75 126 75 1595 208 58 346 78595
internal_value=-2.6432e-05 0.000474131 0.00387468 0.0087953 0.000199766 -0.00249298 0.00683763 -0.000698955 -0.00724189 -0.0127652 0.00587564 0.00223602 0.000530112 0.00962993 -0.00190071 0.00745605 0.0207685 -0.00206147 0.00757169 0.00953098 -0.00410575 0.0208153 0.0335699 0.025714 0.0368448 0.00314227 0.00985154 -0.00098331 -0.00558686 -0.000896663
internal_weight=31674.2 20108 1501.24 714.66 18606.7 2033.24 608.274 786.582 244.314 177.582 43.4577 542.268 16573.5 178.875 357.1 66.7328 28.1333 1994.62 170.732 163.021 320.961 106.386 46.3986 40.6464 29.8081 404.416 171.144 89.7638 81.6973 11566.3
internal_count=231023 151085 10246 4865 140839 20839 4139 5381 1687 1235 306 3694 120000 1276 2433 452 193 19024 1189 1135 2186 726 315 276 201 2753 1158 612 554 79938
cat_boundaries=0 1 2 3 4 5 6
cat_threshold=3186499 81952 266 300 8986754 147
is_linear=0
shrinkage=0.04


Tree=97
num_leaves=31
num_cat=0
split_feature=12 3 1 12 14 21 21 12 7 9 29 22 20 27 26 7 20 31 27 9 23 11 22 12 6 6 9 27 6 22
split_gain=9.45745 10.3112 10.4954 8.75664 11.8017 13.9119 10.5222 9.15881 8.71019 13.5719 13.0972 10.277 11.8982 16.8676 15.6382 8.60248 8.91919 9.08901 9.52822 10.5437 8.4596 12.283 11.5179 9.27288 10.6142 10.0012 8.72101 14.8215 8.39205 8.30847
threshold=5.7888888888888896 6.6650000000000009 32.085000000000008 3.2678571428571432 -0.012962962962962938 49.310000000000009 53.155000000000008 1.6125000000000003 1.8208333333333313 57.500000000000007 5.4050000000000011 -10.854999999999997 24.060000000000006 -0.49666666666666676 4.285000000000001 2.8816666666666664 24.755000000000006 2.5000000000000004 1.1466666666666669 24.500000000000004 4.5000000000000009 1.5000000000000002 -14.49833333333333 5.6458333333333348 28.955000000000002 38.185000000000009 63.500000000000007 -0.65000000000000002 27.075000000000003 6.3518333333333343
decision_type=10 2 2 8 10 2 2 10 2 2 2 2 2 2 2 2 2 2 2 2 2 2 2 8 2 2 2 2 2 2
left_child=3 2 -2 4 5 8 -7 -6 -1 11 -11 -10 13 14 -13 -14 -17 -18 19 -19 22 23 28 -22 -25 -26 -23 -28 -5 -3
right_child=1 29 -4 20 7 6 -8 -9 9 10 -12 12 15 -15 -16 16 17 18 -20 -21 21 26 -24 24 25 -27 27 -29 -30 -31
leaf_value=0.0027482628530097314 -0.0096447940562825688 -0.023260179763845996 0.16693600975017839 -0.003548310846998309 -0.0082763932697514624 -0.0095344343741935976 0.0015829893717976937 0.00026353517288760394 -0.00042665996050062258 0.087123112000236008 0.011306099258892519 0.019351563664082368 0.0217128217584097 -0.017887315692341001 0.09566746654415717 -0.042428206385556069 0.0014336552555808705 0.05409468135891933 0.048671267537330934 0.0093107426734146612 0.0027926520526063065 -0.0026295727408595887 -0.00029818151103531179 0.085263755172313327 -0.011404258649056323 0.070018051788600794 -0.013099912773553117 0.075130747772405762 0.010247923315310088 0.081142801661845274
leaf_weight=1219.1444759331644 1.2240391690284007 49.444001156836748 0.96168117318302382 93.974248338490725 204.52268112078309 204.38081169873476 408.39566657319665 11447.099662851542 188.95466664433479 6.7896586135029775 7.8726201243698597 8.3139058649540001 73.803296159952879 6.2614282518625251 8.889907129108904 5.7895560935139647 195.91942154616117 8.8179468810558301 11.626338444650171 182.43712133914232 546.63850803673267 5179.6883312575519 11438.281104564667 4.5622083768248585 8.0112988110631687 3.4545290581881991 6.0604396164417267 6.125096455216406 282.95704546011984 1.2504377029836167
leaf_count=8488 47 2175 45 772 1512 1401 2820 77566 1365 50 53 63 495 41 65 39 1326 56 77 1244 4454 44796 80292 77 115 59 55 42 2285 11
internal_value=-0.00011527 -0.0170173 0.0680479 -8.71269e-05 0.000651974 0.00312401 -0.00212503 0.000113633 0.00479525 0.00833268 0.0464147 0.0075244 0.0105181 0.0383274 0.0587871 0.009154 0.00686308 0.00757867 0.0135128 0.0113755 -0.000684011 -0.00194168 -7.14682e-05 0.00367194 0.0336602 0.0131274 -0.00255006 0.0312495 0.00680833 -0.020685
internal_weight=31811.7 52.8802 2.18572 31758.8 14189 2537.4 612.776 11651.6 1924.62 705.476 14.6623 690.814 501.859 23.4652 17.2038 478.394 404.59 398.801 202.881 191.255 17569.8 5754.54 11815.2 562.667 16.028 11.4658 5191.87 12.1855 376.931 50.6944
internal_count=231886 2278 92 229608 96661 17583 4221 79078 13362 4874 103 4771 3406 169 128 3237 2742 2703 1377 1300 132947 49598 83349 4705 251 174 44893 97 3057 2186
is_linear=0
shrinkage=0.04


Tree=98
num_leaves=31
num_cat=5
split_feature=28 20 0 10 19 5 19 12 29 26 29 6 20 22 9 29 20 16 19 19 1 3 31 1 16 0 9 16 5 24
split_gain=11.0009 14.1285 16.9587 12.8883 17.3165 17.9484 12.5799 13.7636 11.7091 11.1771 14.0702 11.052 10.6035 10.2962 10.1843 10.1384 10.0239 9.97951 14.7384 11.7862 9.73031 9.71864 9.19809 13.6074 12.031 9.15048 8.79464 8.71921 8.64234 9.92701
threshold=5.5000000000000009 35.815000000000005 2.5000000000000004 0 1 2.5000000000000004 2 3.8166666666666669 8.4450000000000021 1.6150000000000004 2.1650000000000005 31.515000000000004 53.305000000000007 11.648333333333337 62.500000000000007 5.7550000000000008 45.385000000000012 0.45000000000000007 3 4 43.290000000000006 6.6750000000000007 2.5000000000000004 33.82500000000001 1.0000000180025095e-35 3.5000000000000004 46.500000000000007 1.0000000180025095e-35 4.5000000000000009 1.5000000000000002
decision_type=2 2 2 1 1 2 1 8 2 2 2 2 2 2 2 2 2 10 1 1 2 2 2 2 8 2 2 10 2 2
left_child=1 21 17 6 5 20 7 8 12 10 -2 25 13 26 15 -8 22 19 -19 -3 -5 -1 23 -9 -24 -7 -4 -15 29 -13
right_child=9 2 3 4 -6 11 14 16 -10 -11 -12 28 -14 27 -16 -17 -18 18 -20 -21 -22 -23 24 -25 -26 -27 -28 -29 -30 -31
leaf_value=0.0053865177950534002 -0.019773131297001891 0.0020340724040357797 0.011007537684886982 0.0049909028798975916 -0.003166745894861326 0.002988141831907703 -0.0051589433384532568 0.056569233007300601 -0.016836369126382752 -0.0017503691091272562 0.019065375967465489 0.011535208473623489 2.6789781956445945e-05 -0.025366657691394349 -0.045764359748524337 0.0009849618652615032 -0.017367848715749513 4.4656778384029892e-06 -0.0078533239883968996 -0.0035445098069853448 0.020926888364837401 0.00088242856293067027 0.026158031770660586 -0.0041873263058083404 -0.025502126071785338 -0.008057035383393394 0.00030896587662492529 0.0036790920458627404 -0.002660075389268816 -0.0003425368298405067
leaf_weight=816.5088124293834 103.08416105061769 1047.6176769807935 764.77136196196079 713.50255224108696 3052.59360601753 162.22366410493851 514.57155723124743 10.806973896920683 40.659128874540329 3318.7442769668996 17.450776029378176 225.39462996274233 556.72690911591053 16.894000589847565 7.8093172758817664 2606.4562320709229 82.84525154531002 590.6459080465138 1105.7672977931798 1413.8094693273306 67.066316872835159 12514.494619190693 10.554106049239634 12.98449172079563 22.783717699348927 461.1929746940732 146.48592443019152 780.4674481227994 368.12542214989662 224.93521001935005
leaf_count=5674 4647 9349 4565 4197 18236 976 3052 66 240 31425 156 1318 3246 99 47 15423 537 5468 10500 13016 396 86989 69 81 145 2800 877 4476 2265 1318
internal_value=-4.86121e-05 0.00021066 -0.000631107 0.000201272 -0.00121501 0.00146794 0.00154081 0.00368485 0.00443917 -0.00218494 -0.0141502 -0.0011703 0.00482103 0.00638315 -0.0001417 -2.7999e-05 -0.0084789 -0.00280319 -0.00516372 -0.00117632 0.00636012 0.0011583 0.00441128 0.0234106 -0.00914753 -0.00518289 0.00928773 0.00306369 0.00188609 0.00560239
internal_weight=31778 28338.7 15007.7 10849.9 5275.03 2222.44 5574.82 2445.98 2306 3439.28 120.535 1441.87 2265.35 1708.62 3128.84 3121.03 139.975 4157.84 1696.41 2461.43 780.569 13331 57.1293 23.7915 33.3378 623.417 911.257 797.361 818.455 450.33
internal_count=231653 195425 102762 64429 31506 13270 32923 14401 13503 36228 4803 8677 13263 10017 18522 18475 898 38333 15968 22365 4593 92663 361 147 214 3776 5442 4575 4901 2636
cat_boundaries=0 1 2 3 4 5
cat_threshold=1 9468229 5739064 2752715 1846822
is_linear=0
shrinkage=0.04


Tree=99
num_leaves=31
num_cat=5
split_feature=0 5 19 17 28 1 12 4 17 19 14 7 30 24 4 2 6 11 6 21 22 22 26 21 21 21 12 19 21 19
split_gain=10.1696 15.5105 14.8039 11.7637 11.1861 10.9193 9.021 8.94736 9.12407 14.9508 15.3212 15.6583 10.1665 10.8373 10.5456 8.83801 9.85337 8.72067 10.2031 8.59702 8.32355 18.6545 10.9452 8.43091 15.0327 13.9687 8.15106 11.5895 11.3075 11.135
threshold=1.5000000000000002 1.5000000000000002 0 0.68333333333333346 5.5000000000000009 60.265000000000008 5.8452380952380958 -0.10166666666666611 1.0000000180025095e-35 1 -0.1407275132275132 -14.205833333333329 2 6.5000000000000009 -0.012916666666666464 1500.0000000000002 32.655000000000008 7.5000000000000009 35.010000000000012 29.430000000000003 -22.282499999999999 -8.5508333333333315 4.0750000000000011 20.075000000000003 35.690000000000005 44.380000000000003 3.3166666666666669 3 72.800000000000026 4
decision_type=2 2 1 8 2 2 10 2 10 1 10 2 1 2 2 2 2 2 2 2 2 2 2 2 2 2 8 1 2 1
left_child=1 2 -1 5 -2 7 26 -3 9 -9 12 -12 14 -14 -11 16 -4 18 -7 -18 -16 22 -22 -23 -25 -26 27 -6 29 -28
right_child=4 3 15 -5 6 17 -8 8 -10 10 11 -13 13 -15 20 -17 19 -19 -20 -21 21 23 -24 24 25 -27 28 -29 -30 -31
leaf_value=-0.00014199022873373336 0.00056170803172720231 0.066206113895698082 -0.019412705141096477 -0.023855855152216457 0.0079392298545776282 0.024009131705882369 -0.025494562932880726 -0.0038093296633976963 -0.0018667965292578493 0.0068281318592440399 0.060830961234682464 -0.0010880975128261846 0.010654388145764216 -0.04589414891479246 0.00073678353305778972 -0.011704590435894429 0.080004138661849869 -0.0089378338166955403 0.10286165652042335 0.010844731645245893 0.049178649319412397 0.077202877227680142 0.11660352088755886 -0.0054335300305901483 0.10778350011294378 0.0091398995218998046 -0.006513803552622233 -0.0022408167056807205 0.06558689373979372 -0.00086337767042404953
leaf_weight=371.18842936307192 25345.607636874542 3.2361423820257178 7.843058634549382 33.617675203830004 292.14237350597978 7.470026910305025 25.867482841946185 250.91493922844529 1711.2861881218851 19.043377202004194 6.7688709273934355 188.75656734034419 108.59163888543844 5.7074821554124346 6.8742295801639548 530.96540328487754 4.7595079541206342 5.6523947194218627 4.0485388189554214 7.2664726376533508 7.5497720614075643 4.8522835075855282 7.8653625249862671 14.882899492979051 4.704712972044943 4.4879288785159588 893.69386259187013 433.05214454606175 3.8505254983901969 1488.0455310791731
leaf_count=4469 159945 35 89 439 2244 73 1459 2374 20144 180 66 1890 1023 53 64 7059 44 69 42 95 66 41 69 138 47 53 9886 3345 27 16324
internal_value=3.86868e-05 -0.00205698 -0.00646571 -0.000360645 0.000282843 -2.63426e-05 -0.00197052 -0.000259007 -0.000350837 0.00376048 0.00863087 0.00105547 0.017124 0.00720067 0.0282251 -0.0105332 0.0154677 0.0317552 0.0517242 0.0382159 0.0416918 0.0480408 0.0835813 0.0291018 0.0194074 0.0596248 -0.0017749 0.00193876 -0.00290382 -0.00301455
internal_weight=31800.6 3318.33 922.023 2396.31 28482.3 2362.69 3136.65 2345.52 2342.29 631 380.085 195.525 184.56 114.299 70.2606 550.834 19.869 17.171 11.5186 12.026 51.2172 44.343 15.4151 28.9278 24.0755 9.19264 3110.78 725.195 2385.59 2381.74
internal_count=231852 38622 11756 26866 193230 26427 33285 26243 26208 6064 3690 1956 1734 1076 658 7287 228 184 115 139 478 414 135 279 238 100 31826 5589 26237 26210
cat_boundaries=0 1 2 3 4 5
cat_threshold=87150 557435 25 6165920 3970082
is_linear=0
shrinkage=0.04


Tree=100
num_leaves=31
num_cat=7
split_feature=12 0 29 0 9 19 22 7 21 12 20 4 19 22 27 30 7 11 17 30 27 19 19 30 1 26 17 12 9 20
split_gain=14.0696 10.5439 12.2229 11.3787 18.6676 22.8462 11.4158 10.8528 11.6853 10.4042 10.1016 10.0258 10.3517 11.0356 12.1181 11.0954 13.1074 10.683 17.0587 9.29905 16.9383 9.25887 9.09209 9.08583 9.09829 8.72937 9.91889 11.0644 11.7167 24.072
threshold=5.4365079365079376 1.5000000000000002 4.8850000000000007 3.5000000000000004 35.500000000000007 0 14.760000000000005 -7.895833333333333 27.310000000000006 4.2111111111111121 56.195000000000007 0.041666666666667414 1 -4.2981666666666642 1.2850000000000006 2 -13.604499999999996 1.5000000000000002 0.10555555555555557 3 -1.3900000000000001 4 5 6 49.860000000000007 4.4050000000000011 0.29285714285714287 4.2361111111111116 54.500000000000007 23.695000000000004
decision_type=10 2 2 2 2 1 2 2 2 10 2 2 1 2 2 1 2 2 10 1 2 1 1 1 2 2 10 10 2 2
left_child=1 10 3 6 -5 7 21 -6 23 -8 11 12 13 14 15 16 -1 18 -17 -10 -21 -3 -12 24 -9 -25 27 28 -27 -30
right_child=-2 2 -4 4 5 -7 9 8 19 -11 22 -13 -14 -15 -16 17 -18 -19 -20 20 -22 -23 -24 25 -26 26 -28 -29 29 -31
leaf_value=0.073380401124471431 -0.011667314711418096 0.0027571806989676101 0.00078165162168163647 0.00027334055950191101 -0.0095549347125227432 -0.0071817321062655629 -0.029811738166287811 0.0051737384302354703 0.0041481537084286637 0.017480566075205848 0.0081587986267112021 0.0051977961864189985 -0.00071847367421854142 -0.0086445710159988604 0.04166441584974731 -0.00068495664814028658 0.0072381125520902248 -0.007883474784981687 0.089446136961326556 0.051451459753171121 -0.019060838934369467 -0.0008240770104669655 -0.019079660540258895 -0.0078793683680329178 0.037383488685245776 0.0063731282335901338 -0.012630625006003822 -0.014114513337485177 0.10327424800749306 0.012464844512273004
leaf_weight=5.0618615671992293 169.79030677117407 2032.4636546596885 17483.634443119168 2868.5275065302849 181.00211720913649 1776.3196143135428 34.756216272711754 560.82700160890818 64.01251332461834 9.4712201505899412 22.668704006820917 293.01617166027427 1834.9875458776951 705.46640685945749 10.79288052394986 11.52318159863353 90.51336957141757 244.37057435140014 4.7426440455019465 5.7288151532411566 112.31598864495754 2652.966997070238 84.518234111368656 203.03581861779094 14.391601234674452 184.95051202923059 54.174681961536407 36.281833931803703 6.2903221026062992 18.138364844024181
leaf_count=52 5400 13595 108592 23547 1403 13262 213 4118 452 60 365 2981 20937 9080 151 106 903 2507 47 55 792 17857 1488 1686 105 1252 344 268 43 123
internal_value=-0.000183647 -0.000121958 0.000127813 -0.000929124 -0.00207287 -0.00416462 0.000542612 -0.000393254 0.00091957 -0.0196842 -0.00225892 -0.00185438 -0.0025651 -0.00566515 -9.23817e-05 -0.00135757 0.00972375 -0.00558007 0.0255947 -0.00845374 -0.0144175 0.00073354 -0.0143379 0.00250244 0.00587743 -0.00144621 0.00286181 0.0062783 0.00981202 0.035848
internal_weight=31776.7 31607 28299.3 10815.7 6086 3217.47 4729.66 1441.15 1260.15 44.2274 3307.66 3200.47 2907.46 1072.47 367.005 356.212 95.5752 260.636 16.2658 182.057 118.045 4685.43 107.187 1078.09 575.219 502.872 299.836 245.661 209.379 24.4287
internal_count=231784 226384 187767 79175 47450 23903 31725 10641 9238 273 38617 36764 33783 12846 3766 3615 955 2660 153 1299 847 31452 1853 7939 4223 3716 2030 1686 1418 166
cat_boundaries=0 1 2 3 4 5 6 7
cat_threshold=3777565 7028817 72 449 11426368 8921094 92
is_linear=0
shrinkage=0.04


Tree=101
num_leaves=31
num_cat=6
split_feature=12 4 9 19 19 14 12 29 19 12 1 1 19 5 3 8 29 22 17 14 1 3 4 21 19 4 30 4 1 29
split_gain=9.6549 10.413 8.69057 14.5197 10.1347 10.117 11.2123 11.8347 10.0777 9.90098 9.84598 11.8344 9.40654 10.3076 12.4969 9.15395 16.3898 10.2761 9.85259 9.29861 10.1069 9.32867 8.8785 9.03003 10.1866 14.3446 8.61636 11.4788 9.02158 10.0109
threshold=5.4142857142857155 0.026666666666666842 48.500000000000007 0 1 0.29319444444444448 4.2928571428571436 5.4350000000000014 2 5.154761904761906 41.32500000000001 14.565000000000003 3 2.5000000000000004 6.8350000000000009 2.5000000000000004 6.955000000000001 35.742500000000007 0.68333333333333346 0.14999999999999999 30.535000000000004 6.5250000000000012 -0.086333333333333581 68.510000000000005 4 -0.0016666666666664829 5 0.029166666666666789 32.435000000000009 4.2250000000000005
decision_type=10 2 2 1 1 10 10 2 1 10 2 2 1 2 2 2 2 2 10 8 2 2 2 2 1 2 1 2 2 2
left_child=2 -2 4 9 15 6 -5 8 10 -4 11 -8 13 -9 -15 16 17 19 -17 21 -21 -1 -18 -24 -25 -26 28 -28 29 -22
right_child=1 -3 3 5 -6 -7 7 12 -10 -11 -12 -13 -14 14 -16 18 22 -19 -20 20 26 -23 23 24 25 -27 27 -29 -30 -31
leaf_value=0.047003522431099849 -0.0036316225929851993 -0.02597829199259381 0.0021263762143790793 -0.0011412509810484323 0.0010167779271194211 -0.010713208901923493 0.026315429071611857 0.0729689184960777 -0.012739776602463686 0.051675682484176096 0.015305301955516697 -0.007939979334103146 -0.0028840881112776888 -0.0068596850794150508 0.053097766166745747 0.00016617599022502666 -0.032533795336959492 0.051441613142156985 0.021990901749747174 -0.011206767483595224 -0.025217252948780869 -0.00037225514756259652 -0.010634520995442627 -0.009092647902991649 0.051414639116597549 -0.0048403674790992888 -0.0032559516183324096 -0.025349569728283578 4.223187532102076e-05 0.028596362170429278
leaf_weight=6.6655350551009169 124.85240095295012 45.529778811149299 1351.6431058235466 4348.8069987818599 13705.02967319265 218.35236975178123 17.328636888414621 6.5843896940350559 359.88536608219147 6.4833765961229792 42.146889340132475 234.53239680826664 67.317634869366884 14.381051212549211 9.0700036063790304 7011.3127079606056 25.212132506072521 5.913721974939107 33.252752017229795 283.31457512266934 6.55900053679943 2867.9550558030605 340.94487475603819 33.511566683650017 16.10810258239508 13.192084513604639 197.09029772877693 46.503074239939451 240.87437225878239 35.292068876326084
leaf_count=48 3857 1609 9557 30747 98446 1464 139 50 2910 56 343 1889 499 104 67 50362 208 42 237 1905 48 20589 2347 236 109 86 1339 302 1625 236
internal_value=-0.000106883 -0.00960313 -5.55917e-05 -0.00133694 0.000288414 -0.00227747 -0.00192077 -0.00643324 -0.00837041 0.00234564 -0.00250356 -0.00558313 0.00657824 0.021566 0.0163296 -0.000606124 -0.00210457 -0.0012443 0.000269196 -0.00132887 -0.00511539 -0.000262402 -0.00950496 -0.00806695 0.00586996 0.0194487 -0.00183644 -0.00717901 0.0029174 0.0201626
internal_weight=31715.6 170.382 31545.3 6676.53 24868.7 5318.41 5100.05 751.246 653.893 1358.13 294.008 251.861 97.3531 30.0354 23.4511 11163.7 4119.14 3690.17 7044.57 3684.25 809.633 2874.62 428.969 403.757 62.8118 29.3002 526.319 243.593 282.725 41.8511
internal_count=231456 5466 225990 47825 178165 38212 36748 6001 5281 9613 2371 2028 720 221 171 79719 29120 26134 50599 26092 5455 20637 2986 2778 431 195 3550 1641 1909 284
cat_boundaries=0 1 2 3 4 5 6
cat_threshold=2228231 2334783 9975944 4981296 2301955 58
is_linear=0
shrinkage=0.04


Tree=102
num_leaves=31
num_cat=3
split_feature=12 28 22 19 24 14 3 17 14 1 3 31 1 19 9 12 12 14 19 22 14 3 15 0 12 12 9 27 29 11
split_gain=11.4742 11.9628 6.37528 9.59539 9.25945 9.28743 12.2474 11.9608 9.6459 9.50821 8.27949 8.22111 8.18435 12.2988 12.445 10.8837 8.56328 8.56041 8.1474 10.7963 14.4913 10.6102 8.25898 15.1016 10.6731 10.3834 9.7774 9.61149 8.69431 10.4374
threshold=5.7888888888888896 3.5000000000000004 -21.570833333333329 0 6.5000000000000009 -0.020800264550264538 7.0150000000000006 0.23611111111111113 -0.11287037037037036 34.195000000000007 6.9650000000000007 2.5000000000000004 38.385000000000012 1 20.500000000000004 4.9500000000000011 1.6125000000000003 -0.21679894179894174 2 -21.222499999999993 -0.18320105820105811 6.7750000000000012 5.5000000000000009 4.5000000000000009 3.4365079365079372 4.2361111111111116 26.500000000000004 -2.2891666666666661 5.9150000000000009 11.500000000000002
decision_type=10 2 2 1 2 10 2 10 8 2 2 2 2 1 2 8 10 10 1 2 10 2 10 2 10 10 2 2 2 2
left_child=2 -2 3 -1 5 8 10 9 11 -8 -7 -5 18 14 15 -14 -15 -17 19 20 -4 -22 -20 24 28 -26 -25 -27 29 -24
right_child=1 -3 12 4 -6 6 7 -9 -10 -11 -12 -13 13 16 -16 17 -18 -19 22 -21 21 -23 23 26 25 27 -28 -29 -30 -31
leaf_value=0.0011391097190215722 0.067394390742063867 -0.023820851810206333 -0.031246443573620976 -0.0084475873250602386 -0.01841191330364959 0.00050991551931237945 0.079454358351447235 -0.0087018034646352375 -0.011676232041269509 0.016606742042608973 -0.024180116109652046 0.0012338127760143989 0.018171535789089348 -0.015425145949050558 0.0028496644663568403 0.15412849506898393 -0.00018845182909954766 0.037410861103675169 0.00041475870041513229 -0.0016013630437167487 0.083500942527568595 0.019093390162581002 0.015440368536975502 0.0047010146621663052 -0.0064499231728201815 -0.038631115285087565 -0.011997709343948683 0.0046254414453365438 0.0017787455391040628 0.062648647996184179
leaf_weight=903.99780726246536 2.4182829633355132 47.22556113358587 5.3840279430151012 244.16778319235891 69.012059983797371 491.74459448829293 8.1379221826791781 8.8058769330382329 305.97555399499834 7.3125589564442626 22.735772460699081 330.01919480226934 9.8411953710019553 60.13079896196723 3266.536796702072 2.0281758178025484 3186.7713681170717 1.9937457032501704 14908.747399279848 6626.1203541327268 6.6573348026722696 10.621276468038557 38.36600311473012 67.080452356487513 348.20489176362753 8.438517361879347 342.78671019151807 315.60565389692783 60.007520604878664 9.3121511749923211
leaf_count=8173 18 2239 60 2825 622 3543 61 59 2519 52 164 3813 96 448 23020 48 22453 48 104106 46891 52 79 264 1005 2641 147 2974 2581 422 64
internal_value=-0.000162201 -0.0193775 -0.000132077 -0.00211763 -0.00407657 -0.00340806 0.000728368 0.028504 -0.00593991 0.0497092 -0.000581179 -0.00288311 3.0155e-05 0.0012787 0.00300102 0.040829 -0.000469182 0.0962693 -0.000328113 -0.00150483 0.0260543 0.0439092 0.000158715 -0.00304829 0.000218542 -0.00165425 -0.00926473 0.00349899 0.0119098 0.0246607
internal_weight=31716.2 49.6438 31666.5 2391.91 1487.91 1418.9 538.737 24.2564 880.163 15.4505 514.48 574.187 29274.6 6527.3 3280.4 13.8631 3246.9 4.02192 22747.3 6648.78 22.6626 17.2786 16098.5 1189.8 779.935 672.249 409.867 324.044 107.686 47.6782
internal_count=231487 2257 229230 21831 13658 13036 3879 172 9157 113 3707 6638 207399 46113 23212 192 22901 96 161286 47082 191 131 114204 10098 6119 5369 3979 2728 750 328
cat_boundaries=0 1 2 3
cat_threshold=10570265 3233635 3162724
is_linear=0
shrinkage=0.04


Tree=103
num_leaves=31
num_cat=6
split_feature=5 27 27 10 20 19 14 19 24 27 12 19 19 27 8 6 7 18 13 12 14 19 14 0 17 14 27 6 0 20
split_gain=10.1521 18.6777 14.8283 10.1964 25.2096 16.4103 13.8892 12.9529 12.9214 12.893 13.5084 12.1014 10.7888 16.4111 13.837 12.7341 10.9384 13.729 10.3027 13.6319 12.5871 10.1081 9.21981 18.5931 9.21352 9.50603 10.5469 9.16158 9.01017 15.9203
threshold=4.5000000000000009 -1.4649999999999994 2.1091666666666673 0 38.650000000000006 1 -0.17400793650793644 2 1.0000000180025095e-35 1.1466666666666669 3.7888888888888892 3 4 2.1091666666666673 3.5000000000000004 36.010000000000012 10.507500000000002 0.45000000000000007 0.41428571428571431 2.6125000000000003 0.21666666666666673 5 -0.12962962962962954 3.5000000000000004 0.21111111111111114 -0.033333333333333305 -0.079999999999999391 57.235000000000007 2.5000000000000004 24.255000000000003
decision_type=2 2 2 1 2 1 10 1 2 2 10 1 1 2 2 2 2 8 8 8 8 1 10 2 8 8 2 2 2 2
left_child=2 21 28 4 5 24 8 -5 -7 11 12 27 13 15 -15 18 -14 -18 -11 -20 -21 -2 23 -13 -3 26 -26 -6 29 -1
right_child=1 3 -4 7 9 6 -8 -9 -10 10 -12 22 16 14 -16 -17 17 -19 19 20 -22 -23 -24 -25 25 -27 -28 -29 -30 -31
leaf_value=0.0028355973274311005 0.0018262771051168099 0.0087431726560101494 -0.0067303084858607136 -0.007824490896733708 0.0011757622907289651 0.04484944680936815 0.0040914894939894217 -0.0013418124205846343 -0.01540104430292495 0.0010785134993555839 -0.01700729876365692 0.0181360711626215 -8.6940995606827034e-05 0.015254716274590272 0.076958444896313843 -0.0094780310068026483 0.0086734535102648645 0.06033302598955885 0.0095713873679989531 0.022625264754094446 0.073923535198074139 -0.013871402529763556 -0.0066306107421883909 -0.0069815125456999284 0.023396425550937985 0.016876681167139553 0.08403275425210488 -0.035425816243482927 0.0010877877940744525 -0.0016948380381736133
leaf_weight=1614.0434962119907 90.719443801790476 290.98433548212051 457.95730908960104 558.9754094928503 883.39698230102658 6.0598172619938842 714.39195892587304 3822.3121080435812 94.650272000581026 49.832972750067711 52.359928376972675 76.571695555001497 610.17183021828532 12.461318593472244 10.902221366763113 46.733422793447971 39.953197095543146 10.366847872734068 41.082553684711456 17.84263513609767 13.401348579674961 263.50269825011492 1184.2718235217035 122.73602578788996 11.193533696234228 83.022752489894629 7.7794281169772139 11.079071454703806 15198.346681926399 5370.4054082632065
leaf_count=12321 1510 1987 3384 4241 5895 47 4787 28271 720 312 356 563 3882 74 68 290 247 62 252 111 82 4421 7861 868 83 542 52 73 101549 46866
internal_value=-5.97946e-05 -0.00118604 0.000394209 -0.00082243 0.000540618 0.00546145 0.00210519 -0.00218482 -0.0117757 -0.00132525 0.00271343 -0.00292988 0.00392431 0.0120021 0.0440478 0.00827975 0.00137056 0.0193163 0.0150732 0.0247155 0.0446284 -0.0101911 -0.0052531 0.00266837 0.0120624 0.0227143 0.048259 0.000714424 0.000541293 -0.000647895
internal_weight=31767.5 9126.76 22640.8 8772.53 4391.25 1208.08 815.102 4381.29 100.71 3183.16 905.108 2278.06 852.748 192.256 23.3635 168.893 660.492 50.32 122.16 72.3265 31.244 354.222 1383.58 199.308 392.98 101.996 18.973 894.476 22182.8 6984.45
internal_count=231777 67657 164120 61726 29214 8218 5554 32512 767 20996 5736 15260 5380 1189 142 1047 4191 309 757 445 193 5931 9292 1431 2664 677 135 5968 160736 59187
cat_boundaries=0 1 2 3 4 5 6
cat_threshold=3 2629264 8391680 224584 264368 8527910
is_linear=0
shrinkage=0.04


Tree=104
num_leaves=31
num_cat=5
split_feature=26 19 23 9 20 22 19 16 3 19 9 12 24 12 22 24 30 21 29 12 20 1 19 26 31 21 11 12 7 12
split_gain=9.67169 11.5951 10.198 8.50779 8.20655 11.059 13.2522 12.4715 11.7073 10.2103 10.704 12.6992 10.222 9.07086 9.75267 9.16689 8.67237 9.25605 9.19221 8.71397 8.54867 7.97247 7.84823 9.45384 8.34478 8.49672 10.028 8.34261 7.42204 7.19063
threshold=1.6150000000000004 0 3.5000000000000004 27.500000000000004 50.535000000000004 35.742500000000007 1 0.36666666666666675 6.9250000000000007 2 20.500000000000004 5.3166666666666673 2.5000000000000004 3.2678571428571432 26.932500000000001 2.5000000000000004 3 82.840000000000018 8.0550000000000015 2.8660714285714293 13.260000000000002 36.340000000000011 4 6.4850000000000012 2.5000000000000004 74.27500000000002 6.5000000000000009 1.5277777777777779 -17.332666666666665 2.8660714285714293
decision_type=2 1 2 2 2 2 1 8 2 1 2 8 2 10 2 2 1 2 2 10 2 2 1 2 2 2 2 8 2 10
left_child=1 2 -1 -4 5 9 7 8 -7 10 11 12 -2 14 20 -16 21 18 19 -18 29 -8 23 -6 25 -25 -27 -24 -26 -12
right_child=4 -3 3 -5 22 6 16 -9 -10 -11 13 -13 -14 -15 15 -17 17 -19 -20 -21 -22 -23 27 24 28 26 -28 -29 -30 -31
leaf_value=0.05671487284360649 0.011624797324876597 -0.017342571243029778 -0.0053800423878500436 0.061780868575137017 -0.030098313579996989 0.02831723850374054 -0.018806180910429678 0.010995556311609667 0.087638796563388133 -0.00031608907270347538 0.0043786115576905909 -0.031830933439496729 0.049830710776017723 0.00012262272111026462 -0.015092514232841019 0.0074389605810405513 0.038121354321547597 0.051309268460132812 -0.023144427824408401 -0.0023962050964795832 0.0031348566250518771 0.010699509410044812 -0.015358606692298394 -0.0012789223399290945 0.032930551564496348 -0.0045989837778403478 0.06675453639137309 -0.00047639129943129584 -0.0093874655431654824 0.0600670183809612
leaf_weight=5.9807569980621329 28.737516105175018 95.20402917265892 34.470186145976186 3.3074620403349391 24.17635178938508 26.532927546650171 52.127270620316267 78.942427460104227 6.6587871946394435 19673.393856810406 7.0866977982223016 6.833082912489771 18.365050621330738 4739.8119893874973 89.428437110036612 42.679000947624445 15.717477589845656 8.2112771086394769 13.130857732146977 18.476159151643515 3214.7805440276861 20.380898863077164 61.643158491700888 318.35458808019757 6.7487021237611762 6.1123811006546003 6.5055007226765156 2701.6347180269659 380.89832095056772 7.7855890095233917
leaf_count=63 344 3687 1483 31 165 188 366 523 43 141386 68 131 209 35131 626 292 107 55 90 135 21777 146 466 2231 47 40 46 18814 2669 61
internal_value=-2.31366e-05 -0.0105527 0.006661 0.000499947 2.32039e-05 0.000251114 0.00879756 0.0180369 0.0402181 0.000177354 0.00136639 0.0191285 0.0265211 0.00124983 0.00283909 -0.00781343 -0.000651546 0.0102586 0.00530365 0.0162281 0.00327483 -0.00923847 -0.00180141 -0.00542257 -0.00466787 -2.99074e-06 0.0321893 -0.000805469 -0.00865073 0.0335313
internal_weight=31714.1 138.962 43.7584 37.7776 31575.2 28069.1 240.178 112.134 33.1917 27828.9 8155.51 53.9356 47.1026 8101.57 3361.76 132.107 128.044 55.5358 47.3245 34.1936 3229.65 72.5082 3506.07 742.796 718.619 330.972 12.6179 2763.28 387.647 14.8723
internal_count=231420 5264 1577 1514 226156 201678 1653 754 231 200025 58639 684 553 57955 22824 918 899 387 332 242 21906 512 24478 5198 5033 2317 86 19280 2716 129
cat_boundaries=0 1 2 3 4 5
cat_threshold=6447248 2155741 29570 205 12554
is_linear=0
shrinkage=0.04


Tree=105
num_leaves=31
num_cat=2
split_feature=10 5 20 4 15 6 20 13 28 6 26 12 12 12 26 7 30 3 6 26 9 26 20 26 4 29 14 14 24 7
split_gain=9.44058 9.26263 7.36576 13.4687 16.3627 8.13864 11.9201 10.4806 12.3569 11.9215 8.31239 8.46446 7.82387 11.3931 14.2569 12.563 7.71577 9.43225 7.74125 7.82976 9.23062 7.42002 9.72503 9.15876 10.7007 12.7242 10.0647 9.41902 14.2776 8.60783
threshold=0 5.5000000000000009 14.540000000000001 -0.10499999999999997 4.5000000000000009 39.605000000000011 19.340000000000003 0.10555555555555557 4.5000000000000009 40.32500000000001 3.9250000000000003 5.2928571428571436 2.1180555555555558 3.1339285714285716 7.6450000000000005 -5.410000000000001 1 6.6950000000000012 45.045000000000009 6.1450000000000005 37.500000000000007 4.5250000000000012 26.540000000000003 4.7650000000000006 -0.00083333333333346349 1.905 0.2148148148148149 0.22791005291005295 2.5000000000000004 6.9591666666666692
decision_type=1 2 2 2 10 2 2 10 2 2 2 10 8 8 2 2 1 2 2 2 2 2 2 2 2 2 10 10 2 2
left_child=1 -1 3 4 -2 21 7 -7 9 -9 -8 12 16 15 -15 -14 17 -12 -18 20 -20 -4 23 27 -25 -26 29 -23 -29 -27
right_child=2 -3 5 -5 -6 6 10 8 -10 -11 11 -13 13 14 -16 -17 18 -19 19 -21 -22 22 -24 24 25 26 -28 28 -30 -31
leaf_value=-0.00233323730132033 0.076904667000724389 -0.013634848741167849 -0.0019358717600920037 0.002627638703409063 -0.0020946131723020211 -0.0010948090992015341 -0.016772067761155193 0.070001738579064277 0.0069748760705505355 0.020230077696790204 0.047160713459349884 0.049298141529615702 0.060330728389595224 -0.00056653626632344374 0.041181783326497738 0.0031482764886270526 -0.013094486543208463 0.0022871711466491882 0.048682901576446246 -0.0048084930717293651 -0.0022041345894303062 -8.8137187708298734e-05 -0.00030806616513689912 0.00089574159970863272 0.038014966865503638 0.011440972074534705 -0.030642586909806445 0.056443422227231095 -0.012172524392613758 -0.025965768238281336
leaf_weight=895.57247889321297 8.6711700186133402 133.30141271837056 3954.3222748674452 1246.3904403615743 8.1263877861201745 141.01618402451277 42.760238692164421 8.6462659165263158 198.67086066305637 70.34839128702879 8.6433768644928914 5.7828912511467925 6.1629154048860064 3002.4815961681306 13.145153392106293 2431.332890663296 174.04140675067902 56.395435459911823 10.50510533899069 101.14651481434703 12.477995458990334 966.91487142816186 17627.782860573381 293.94002962857485 26.197931371629238 316.66365099698305 9.9083714038133603 11.57941220700741 8.3515724241733533 10.158439807593821
leaf_count=12066 69 2136 30431 11255 74 1086 338 55 1555 448 62 46 41 20878 93 16446 1225 402 69 730 85 6858 121002 1961 183 2152 62 72 53 68
internal_value=-1.05936e-05 -0.00376093 0.000115982 0.00310713 0.0386861 -1.20185e-05 0.00126512 0.00778569 0.0122958 0.0256778 0.000799632 0.000928686 0.000880595 0.00125921 -0.000384555 0.00329286 -0.00480388 0.00715115 -0.00740313 -1.97091e-05 0.0210553 -0.000357539 -3.368e-05 0.00290894 0.00656868 0.0111633 0.00907417 0.000472922 0.0276917 0.0102783
internal_weight=31801.4 1028.87 30772.6 1263.19 16.7976 29509.4 6283.56 418.682 277.666 78.9947 5864.88 5822.12 5816.33 5453.12 3015.63 2437.5 363.21 65.0388 298.171 124.13 22.9831 23225.8 19271.5 1643.71 656.868 362.928 336.73 986.846 19.931 326.822
internal_count=232001 14202 217799 11398 143 206401 43559 3144 2058 503 40415 40077 40031 37458 20971 16487 2573 464 2109 884 154 162842 132411 11409 4426 2465 2282 6983 125 2220
cat_boundaries=0 1 2
cat_threshold=8 320
is_linear=0
shrinkage=0.04


Tree=106
num_leaves=31
num_cat=4
split_feature=26 15 6 0 28 19 2 5 19 19 20 26 12 29 31 22 31 7 26 14 26 8 0 19 14 24 12 22 5 7
split_gain=8.43537 8.72718 11.3079 8.5034 11.9373 12.1074 9.57095 8.9467 9.60769 8.93517 11.866 12.0829 13.8249 10.4296 8.73371 8.35532 9.61154 17.0654 10.6414 9.26086 10.3414 7.97455 10.9492 14.0505 15.6141 13.1206 12.7524 11.1214 10.2145 10.1896
threshold=1.4750000000000003 3.5000000000000004 23.395000000000003 1.5000000000000002 1.5000000000000002 0 1500.0000000000002 1.5000000000000002 1 2 24.650000000000002 6.1850000000000014 3.1180555555555558 4.0050000000000008 8.5000000000000018 12.855833333333337 1.5000000000000002 -2.9966666666666675 5.1550000000000011 0.16679894179894186 5.705000000000001 5.5000000000000009 3.5000000000000004 3 -0.3738425925925925 5.5000000000000009 4.5857142857142863 -5.3499999999999988 4.5000000000000009 -23.931666666666661
decision_type=2 10 2 2 2 1 2 2 1 1 2 2 10 2 2 2 2 2 2 10 2 2 2 1 10 2 10 2 2 2
left_child=1 2 -1 4 5 14 9 8 15 10 13 -12 -13 -6 -2 -8 17 -17 -18 20 -20 -5 23 24 27 -24 -25 -23 29 -26
right_child=3 -3 -4 21 6 -7 7 -9 -10 -11 11 12 -14 -15 -16 16 18 -19 19 -21 -22 22 25 26 28 -27 -28 -29 -30 -31
leaf_value=0.089559050522295694 0.00066400378919918444 -0.016446088365394674 0.00088950262375078011 0.00051530440323767086 0.012254961746055898 -0.010560433127738857 -0.0024318349572247321 0.00018641076527348415 -0.0091879166668866179 -0.0041667218613212018 -0.00052013323825007038 0.017196099007533303 0.1187375148901693 0.076348655605338586 0.072753881165941406 0.12489350624510459 -0.03176808762515592 0.014386317730117684 0.075128395654953078 -0.020354276630729223 0.012784606671826321 0.0085382941576021016 -0.0039909554662820529 -0.0014642437025027906 0.031285818309772284 0.0083532195893939176 -0.022307319070709916 0.08519590663805772 0.010387090062182271 0.00010462121046060275
leaf_weight=2.6853443076834109 187.51539238169789 88.745479737408459 16.086124400608242 24303.358790090308 6.6996971368789699 423.84611514955759 250.32678409293294 1905.360865958035 385.90660277381539 40.559627465903759 31.720372155308723 6.5613346733152849 3.1875575557351112 10.318473018705843 2.7279904261231414 3.3216279298067093 8.7900080159306508 6.840501341968773 6.3639851585030618 6.984928745776414 12.858691670000551 5.657947551459074 2163.2491564583033 794.24913102015853 17.270288608968258 147.13918094523251 49.918147308751941 6.5147198140621168 270.54341802559793 576.93890592455864
leaf_count=48 2805 4026 250 160760 51 7044 2654 19931 4666 399 292 85 37 77 31 45 85 86 74 104 190 45 15492 5205 112 1031 417 42 1847 3732
internal_value=-1.98195e-05 -0.0112048 0.0135741 1.8195e-05 -0.0019035 -0.00693485 -0.000753118 -0.00122036 -0.00515408 0.0114496 0.0196345 0.0114498 0.0503967 0.0511163 0.00161295 0.000411149 0.0162612 0.0505071 0.00631741 0.0190913 0.0334245 0.000241997 -0.00140561 0.00100962 0.00452594 -0.00320481 -0.00266519 0.0495649 0.00394429 0.00101088
internal_weight=31742.2 107.517 18.7715 31634.7 3299.89 614.089 2685.8 2586.75 681.393 99.0471 58.4874 41.4693 9.74889 17.0182 190.243 295.487 45.1597 10.1621 34.9976 26.2076 19.2227 28334.8 4031.48 1721.09 876.925 2310.39 844.167 12.1727 864.753 594.209
internal_count=231663 4324 298 227339 38656 9880 28776 27835 7904 941 542 414 122 128 2836 3238 584 131 453 368 264 188683 27923 11400 5778 16523 5622 87 5691 3844
cat_boundaries=0 1 2 3 4
cat_threshold=1058958 2655598 529838 2300902
is_linear=0
shrinkage=0.04


Tree=107
num_leaves=31
num_cat=4
split_feature=12 12 7 6 14 30 6 1 1 22 23 20 12 7 7 14 1 12 6 1 10 27 5 17 5 0 30 27 6 10
split_gain=7.79098 11.1637 10.9578 8.4343 14.445 8.93543 11.3866 8.16704 9.77121 8.15999 16.5142 10.5386 10.2778 13.2817 14.3415 8.86654 9.01482 15.9135 12.1264 11.7247 8.61716 8.6984 8.36521 8.26473 11.7177 11.2347 10.0476 9.41879 12.0065 9.34002
threshold=2.0500000000000003 2.3166666666666669 -2.7208333333333345 32.150000000000006 0.35023148148148159 0 26.115000000000006 31.795000000000005 26.495000000000001 -21.222499999999993 3.5000000000000004 37.055000000000007 3.8944444444444448 -1.6683333333333346 -1.605000000000002 -0.20737433862433857 35.385000000000012 2.8944444444444448 37.095000000000006 45.285000000000004 1 -0.81916666666666671 5.5000000000000009 0.13392857142857145 4.5000000000000009 4.5000000000000009 2 0.51333333333333309 39.725000000000001 3
decision_type=8 8 2 2 10 1 2 2 2 2 2 2 8 2 2 10 2 10 2 2 1 2 2 10 2 2 1 2 2 1
left_child=-1 2 3 5 -5 6 7 8 -2 10 -3 12 20 -14 -15 -13 -17 18 -18 -20 21 -12 -16 24 -11 -26 27 -27 -29 -25
right_child=1 9 -4 4 -6 -7 -8 -9 -10 23 11 15 13 14 22 16 17 -19 19 -21 -22 -23 -24 29 25 26 -28 28 -30 -31
leaf_value=-0.0035206406232150349 0.035339950272849162 0.059397928861591252 0.00092196650640707684 0.014754684498325272 0.072804215459699617 0.0020675191416738179 0.0040854462956652331 0.044299855634378965 -0.011184203017787372 0.0013994237338765072 -0.024478284953057483 -0.026321374096042304 -0.0096279349295539871 0.071515769026140069 0.0011789369791405083 -0.0021072726319440998 -0.01009563819432424 -0.021444129173826799 0.0097654812189700881 0.075011993431517474 0.00041706884436315929 0.016830854276492377 -0.013595107599205134 -3.661758406975215e-05 0.00037932607987971187 -0.0028911586691264773 -0.0072325326744844933 0.012719760741025106 -0.017756638405202998 -0.0023594493484758567
leaf_weight=1085.4080539271235 15.847221642732622 6.8795596063137046 976.54338001832366 58.514955259859562 7.7693286910653105 293.32009710371494 59.887183796614408 28.335073750466108 13.272103507071732 9703.533686099574 8.9081947803497297 37.213610634207726 396.3101879293099 4.4403573302552095 494.47746633552015 330.9495742842555 43.491101816296577 125.17452542856336 18.78568155318499 5.7571198269724837 742.83278314396739 96.563771203160286 70.000060244463384 8628.038778860122 2871.9102411642671 632.6483307024464 725.53611784707755 133.97342038154602 24.458667665719986 4071.8422103151679
leaf_count=7744 108 44 6661 402 51 2007 422 200 88 70648 74 290 5298 60 6232 2321 303 885 130 38 5792 671 1020 58588 20843 5650 6036 768 138 27906
internal_value=-0.000190234 -7.22062e-05 0.00334917 0.00831884 0.0215588 0.0061818 0.0150109 0.0290116 0.014135 -0.000242665 -0.00248634 -0.0026656 -0.00118311 -0.00400609 -8.98988e-05 -0.00745485 -0.00611538 -0.0129809 0.00259038 0.0250707 0.00202896 0.0121865 -0.000653171 -4.32043e-05 0.000623733 -0.00109141 -0.00387644 -0.000698158 0.00801483 -0.000783252
internal_weight=31712.6 30627.2 1453.49 476.946 66.2843 410.662 117.342 57.4544 29.1193 29173.7 2381.78 2374.9 1813.53 965.228 568.918 561.372 524.158 193.208 68.0339 24.5428 848.305 105.472 564.478 26791.9 14092.1 4388.53 1516.62 791.08 158.432 12699.9
internal_count=231418 223674 9939 3278 453 2825 818 396 196 213735 23158 23114 19147 12610 7312 3967 3677 1356 471 168 6537 745 7252 190577 104083 33435 12592 6556 906 86494
cat_boundaries=0 1 2 3 4
cat_threshold=193 2 218 3
is_linear=0
shrinkage=0.04


Tree=108
num_leaves=31
num_cat=1
split_feature=27 5 20 20 18 6 12 20 1 20 29 9 0 27 12 23 12 1 27 11 1 24 16 11 26 21 20 30 11 13
split_gain=9.51266 11.8659 10.153 8.60277 7.29896 7.20234 8.32164 8.24242 7.28712 6.88977 10.0105 8.44113 7.74419 8.87909 15.7446 7.43562 14.8417 10.9744 12.774 10.4978 10.28 14.3167 15.3839 9.37897 10.1425 8.74614 9.69911 8.32641 7.19027 6.59049
threshold=-1.2099999999999995 4.5000000000000009 3.4000000000000008 2.4850000000000008 0.45000000000000007 26.495000000000001 5.4142857142857155 25.295000000000005 40.545000000000009 14.870000000000003 4.1050000000000013 59.500000000000007 3.5000000000000004 -1.3900000000000001 4.2928571428571436 3.5000000000000004 3.7321428571428577 20.785000000000004 -2.1608333333333323 5.5000000000000009 25.355000000000004 7.5000000000000009 0.22500000000000003 5.5000000000000009 3.2350000000000008 6.2000000000000011 8.8400000000000016 0 2.5000000000000004 1.0000000180025095e-35
decision_type=2 2 2 2 10 2 8 2 2 2 2 2 2 2 8 2 10 2 2 2 2 2 10 2 2 2 2 1 2 10
left_child=1 9 3 -2 5 29 7 -7 -9 10 15 -11 13 -12 -15 16 -1 -18 19 -19 21 22 27 24 -20 26 -24 -17 -29 -3
right_child=2 4 -4 -5 -6 6 -8 8 -10 11 12 -13 -14 14 -16 20 17 18 23 -21 -22 -23 25 -25 -26 -27 -28 28 -30 -31
leaf_value=0.091673383891912916 0.0079164604980450515 -0.0028241729885576943 0.00010558341303391319 0.066822309822855794 0.040058173763327883 -0.0023361256902562277 -0.024021535407676594 -0.033734647334536232 0.015787947165490413 -0.0044645309807278891 0.01234376724094974 0.034925142647007246 0.0013789099384035881 0.080662188482203426 0.0069444042034391426 0.010615243699701056 -0.046168669804546855 0.010862831492271921 0.00304657164640667 0.095363213803949659 -0.0034855842272395127 0.08834448142148052 0.029122766156994218 -0.025747109665667449 0.071155705509068592 0.00974831896021453 0.11442057501591711 0.013807824368756962 -0.024143965035063615 -0.021576703772650072
leaf_weight=3.7348725125193587 9.9247176945209521 43.578452546149492 29664.772090032697 6.6079386696219435 5.1509087830781928 401.89385221712291 35.402047256007791 24.236467763781551 5.9142167679965487 609.57693155109882 44.587313026189804 8.8308481648564321 53.872795592993498 9.6531666740775126 8.9183686301112157 53.735571602359414 5.1632840894162646 4.3719399496912903 13.53719208203257 5.0922462213784456 546.34896346647292 3.5925764115527263 4.3024955056607705 11.279680570587514 4.7173505574464789 6.4729863479733458 4.2298343330621719 10.94165144022554 29.581709890626371 96.136868073605001
leaf_count=32 75 955 205853 49 52 4721 1376 245 62 5346 374 76 503 72 73 831 55 81 129 70 8410 47 49 100 38 61 38 175 497 1143
internal_value=-5.91662e-05 -0.00269116 0.000123048 0.0314605 -0.00735666 -0.0077589 -0.00537713 -0.00384939 -0.0240205 -0.000710806 0.00168382 -0.00390205 0.01252 0.0220231 0.0452616 -0.000109673 0.0151076 0.00863219 0.0158877 0.0563286 -0.00121533 0.00977517 0.00719184 0.00292844 0.0206474 0.0448095 0.0714085 0.00120338 -0.0111461 -0.0157276
internal_weight=31736.2 2054.85 29681.3 16.5327 612.313 607.162 467.447 432.045 30.1507 1442.54 824.134 618.408 117.032 63.1588 18.5715 707.102 47.8966 44.1617 38.9984 9.46419 659.206 112.857 109.264 29.5342 18.2545 15.0053 8.53233 94.2589 40.5234 139.715
internal_count=231588 25611 205977 124 8554 8502 6404 5028 307 17057 11635 5422 1022 519 145 10613 505 473 418 151 10108 1698 1651 267 167 148 87 1503 672 2098
cat_boundaries=0 1
cat_threshold=229
is_linear=0
shrinkage=0.04


Tree=109
num_leaves=31
num_cat=5
split_feature=12 8 20 27 11 19 19 22 12 31 4 4 19 13 19 4 26 28 19 29 29 22 4 20 14 9 12 22 24 3
split_gain=8.20796 7.31102 11.8243 10.9059 11.1029 10.7352 9.48689 9.39358 8.78585 10.6926 11.0251 7.89752 14.0045 11.7501 12.7708 10.2068 8.3869 7.92159 9.02237 11.0669 9.81347 7.72584 7.94148 8.38295 7.55392 7.40882 9.67006 7.20595 10.1683 10.77
threshold=5.8452380952380958 5.5000000000000009 20.735000000000003 0.62999999999999934 1.5000000000000002 0 1 -28.000833333333329 4.6125000000000007 1.0000000180025095e-35 -0.073333333333332792 0.05333333333333324 2 0.73214285714285732 3 0.050000000000000273 6.8050000000000006 1.5000000000000002 4 3.9950000000000006 4.5850000000000009 7.4958333333333327 -0.043333333333333439 46.975000000000001 0.36679894179894185 50.500000000000007 3.5857142857142863 -21.222499999999993 17.500000000000004 7.1450000000000005
decision_type=10 2 2 2 2 1 1 2 10 2 2 2 1 8 1 2 2 2 1 2 2 2 2 2 8 2 10 2 2 2
left_child=1 2 -1 6 -5 -4 27 -6 -8 -10 -11 13 -13 15 16 17 -15 -9 19 -19 -21 22 -22 -24 -14 -20 -27 -3 29 -29
right_child=-2 3 5 4 7 -7 8 11 9 10 -12 12 24 14 -16 -17 -18 18 25 20 21 -23 23 -25 -26 26 -28 28 -30 -31
leaf_value=0.0024173666121113718 -0.02029541366984982 -0.011145968986146929 0.0010881133113428507 -0.011041189461711641 -0.032678964628883811 -0.00065576101999672458 -0.0030793426032620919 0.0015583215447644494 0.028411191789681635 0.049286777540342074 -0.016305172997306588 -0.019146101290450093 0.0024133388848864121 0.057715525517592632 -0.017204262984313629 0.038859205255012651 0.0014199141478082823 -0.033123231931399405 0.015901190179606613 0.038242282730899496 0.026083841714837588 0.0070379558328207761 -0.030396304810486937 0.010535409049439164 0.048981619632179098 -0.01557836449626286 0.036285262214043178 0.0031960850406843196 0.036125142376898463 -0.034877768911628818
leaf_weight=4068.1683563422412 31.350238153710961 61.921617295593023 9750.2067086584866 102.16984447464347 11.921081900596617 13395.874686859548 2308.411466954276 558.72768615558743 9.7546382350847107 4.2053015083074561 163.98220902588218 58.091096576303244 72.911151204258204 7.3472799807786968 65.583269562572241 14.257319584488867 9.9933236204087716 13.670139260590075 244.80924312397838 12.606475710868834 7.3828001096844664 120.24211687222123 28.928200878202915 11.068876937031744 6.0345742776989928 26.119150847196579 7.3765534907579413 535.97180076129735 14.644172735512255 12.156948275864123
leaf_count=36557 1598 626 67443 725 91 92245 17309 3893 116 50 2021 363 456 48 468 88 72 87 1625 82 53 804 182 73 40 171 48 4051 107 93
internal_value=0.000161616 0.000181845 0.000428578 -0.00131353 0.00164712 7.90268e-05 -0.00262609 0.00266223 -0.00372453 -0.0123037 -0.0146651 0.00299523 -0.00607236 0.00409671 -0.0103964 0.00524658 0.016029 0.00478173 0.00859579 0.00149798 0.00420708 0.00164737 -0.012033 -0.0190688 0.00530146 0.0130193 -0.00415676 0.001777 0.00323048 0.00235164
internal_weight=31735.9 31704.5 27214.2 4490.29 1379.24 23146.1 3111.05 1277.07 2486.35 177.942 168.188 1265.15 137.037 1128.11 82.9239 1045.19 17.3406 1030.93 472.204 193.899 180.228 167.622 47.3799 39.9971 78.9457 278.305 33.4957 624.695 562.773 548.129
internal_count=231585 229987 196245 33742 9369 159688 24373 8644 19496 2187 2071 8553 859 7694 588 7106 120 7018 3125 1281 1194 1112 308 255 496 1844 219 4877 4251 4144
cat_boundaries=0 1 2 3 4 5
cat_threshold=11947280 5164 3747120 8389146 8725835
is_linear=0
shrinkage=0.04


Tree=110
num_leaves=31
num_cat=7
split_feature=12 19 31 3 12 19 12 0 9 9 19 1 18 19 12 29 12 1 1 12 0 19 19 19 22 3 7 28 1 17
split_gain=6.56975 10.0718 16.9625 22.287 6.26301 8.16431 13.7663 5.9172 20.5999 10.2636 26.0937 12.2924 10.9678 12.3367 11.3124 9.52182 12.0351 9.15621 9.13886 8.9422 12.8686 16.9919 12.954 12.5233 10.543 14.3917 10.8323 9.83287 10.6058 9.79516
threshold=5.7638888888888902 0 5.5000000000000009 6.6650000000000009 1.5277777777777779 1 1.3541666666666667 2.5000000000000004 64.500000000000014 48.500000000000007 2 23.445000000000004 1.0000000180025095e-35 3 3.3875000000000006 5.6050000000000013 4.1339285714285721 1.0000000180025095e-35 35.165000000000006 2.683333333333334 5.5000000000000009 4 5 6 26.281666666666673 6.9750000000000005 -6.0983333333333336 3.5000000000000004 31.115000000000006 1.0000000180025095e-35
decision_type=10 1 2 2 8 1 10 2 2 2 1 2 10 1 10 2 8 2 2 8 2 1 1 1 2 2 2 2 2 8
left_child=4 2 3 -2 5 6 -1 8 -6 19 11 12 13 -11 -14 16 -16 -17 -10 23 22 -22 29 -9 26 -26 27 28 -23 -21
right_child=1 -3 -4 -5 7 -7 -8 9 18 10 -12 -13 14 -15 15 17 -18 -19 -20 20 21 24 -24 -25 25 -27 -28 -29 -30 -31
leaf_value=0.048819558074366942 0.209063582918948 -0.025077874983812049 0.13944293088158052 -0.0067452925619998598 -0.0008213390034017777 -0.013882820627720477 -0.0064285377713910255 -0.00048813423778574567 0.064083343287081471 0.012540383719868859 -0.0041866077902160013 0.0006837477837069772 0.0087148181419460565 -0.0086975614744577521 0.012456592487671166 0.094733547401038551 0.070982344215786211 0.028147447733713166 0.010577828283875268 0.0054108500371505396 -0.0053739642044917943 0.011953614332884515 -0.00024149427440104142 0.0045688430487470164 0.0090944859568550425 0.064197151120340787 0.0015707971643158702 -0.014210564822252931 -0.0086482715468705583 0.0015133370552036158
leaf_weight=10.152900107204912 0.79734096769244089 28.971907725557685 1.5434101680293668 19.266652495600283 9172.6933550294489 95.606307744979858 24.947004806250334 1226.4979476779699 11.01896443963051 76.33859159052372 2322.0699515268207 2012.3809518776834 92.055591188371181 79.365106072276831 33.784763336181641 6.5791277512907964 6.744002077728509 6.637998454272747 9.5206432789564115 1369.2202171906829 1257.0516244238243 69.148370064795017 5720.2000208934769 2173.4599557295442 64.173344694077969 8.6001555174589139 1387.1087998012081 146.81224065274 94.783079035580158 4185.4191989377141
leaf_count=75 33 1376 61 935 76775 725 185 7225 82 532 15798 13541 563 558 239 39 54 42 71 10611 10332 415 38305 12741 369 49 11228 1670 578 26340
internal_value=6.3185e-05 -0.0143414 0.00797134 0.00183093 8.61958e-05 -0.00865166 0.00743432 0.000122416 -0.000731739 0.000473938 -0.00120151 0.00180444 0.00934433 0.00196181 0.0172282 0.03181 0.0221953 0.0612922 0.0392821 0.000912707 0.000474383 -0.00184099 0.00109614 0.0027566 0.000693674 0.0156064 5.8571e-05 -0.00669176 4.18659e-05 0.00246963
internal_weight=31712.9 50.5793 21.6074 20.064 31662.4 130.706 35.0999 31531.7 9193.23 22338.4 4635.96 2313.89 301.505 155.704 145.801 53.7459 40.5288 13.2171 20.5396 17702.5 14302.5 3027.68 11274.8 3399.96 1770.63 72.7735 1697.85 310.744 163.931 5554.64
internal_count=231547 2405 1029 968 229142 985 260 228157 76928 151229 31366 15568 2027 1090 937 374 293 81 153 119863 99897 24641 75256 19966 14309 418 13891 2663 993 36951
cat_boundaries=0 1 2 3 4 5 6 7
cat_threshold=8553945 565532 6955927 2229136 11473120 7311585 6369814
is_linear=0
shrinkage=0.04


Tree=111
num_leaves=31
num_cat=6
split_feature=17 19 21 29 4 30 20 7 1 3 17 21 19 7 15 28 27 7 19 4 19 19 21 22 1 27 14 22 20 22
split_gain=7.11258 14.0906 10.0775 9.39454 8.21287 10.0495 8.23373 14.41 15.9614 8.38096 8.11664 7.8667 7.34632 12.8334 9.25824 7.32542 24.5339 11.5174 12.7026 9.38377 15.1416 13.5402 11.7545 10.6152 10.2691 10.1032 9.25798 9.05693 10.9808 12.7503
threshold=0.47222222222222227 0 82.840000000000018 7.8850000000000007 -0.033333333333333652 1 52.840000000000011 -5.5874999999999995 27.790000000000003 6.8950000000000005 0.58571428571428574 40.555000000000007 2 -1.7966666666666613 3.5000000000000004 3.5000000000000004 -0.70333333333333259 5.4583333333333384 3 0.0016666666666664833 4 5 69.310000000000016 -20.502499999999994 43.290000000000006 -1.0900000000000003 0.23346560846560852 5.546666666666666 48.375000000000007 3.3766666666666674
decision_type=10 1 2 2 2 1 2 2 2 2 8 2 1 2 10 2 2 2 1 2 1 1 2 2 2 2 8 2 2 2
left_child=2 3 15 -2 5 -3 7 8 -7 -9 -10 -11 -4 14 -14 16 -1 19 -19 21 -21 27 23 -23 -25 -22 -26 28 -17 -30
right_child=1 4 12 -5 -6 6 -8 9 10 11 -12 -13 13 -15 -16 17 -18 18 -20 20 25 22 -24 24 26 -27 -28 -29 29 -31
leaf_value=0.040437790609148899 0.0044764079946748988 -0.020666031090813299 -0.0067625951763289251 -0.02072481678331925 -0.0031296230824012839 0.10155706251127383 -0.016685952436821156 -0.0089593280958415976 0.040313814336713091 0.056589003491263744 -0.019408441973199068 -0.0004129714993297943 0.074767256097324944 0.0067853663971383302 0.014543896229103844 0.0035846960655745125 0.00049667181992036865 0.0041747462813161475 -0.0011023501553152977 -0.0045022051744488716 -0.0052931012565309646 -0.0086164618327757535 0.040721395340769434 -0.0020812279345228078 0.0059311801908006169 0.00063654219884164078 0.054277299262103923 -0.0030809948503882139 -0.022507037069699729 0.037780661255042446
leaf_weight=24.643684379756451 436.0450234003365 100.58204298838973 17.085742268711329 25.02582698315382 767.2063029371202 4.2203969806432751 65.239321518689394 100.32347764074802 8.0506816171109641 6.3880433887243298 6.6474039591848859 9.8420724458992463 12.01214047893882 18.194356620311737 6.1884899847209445 2059.2070456892252 16231.427064031363 1452.7737861610949 1453.3752084895968 2792.4351308057085 561.62618746515363 362.2146597309038 10.213039271533487 1975.3116291202605 187.2439919738099 2534.514932859689 6.5594396144151679 457.49285375326872 45.423196028918028 6.4042223617434493
leaf_count=148 3039 777 116 189 5131 29 529 763 64 45 48 81 76 123 43 16474 108488 11310 11259 23476 7038 3855 72 14821 1389 18710 46 3227 335 42
internal_value=-0.000123273 -0.0027844 1.14436e-05 0.00304256 -0.00527788 -0.0109233 -0.00477351 0.000610802 0.0329915 -0.00464509 0.0133036 0.0220225 0.0173596 0.0239589 0.0542904 -1.93179e-05 0.000557221 -0.000693349 0.00154622 -0.00128511 -0.0023735 -3.08947e-05 -0.00209661 -0.00227765 -0.00121915 -0.000437655 0.0075675 0.00201344 0.00312702 -0.0150574
internal_weight=31743.9 1529.57 30214.3 461.071 1068.5 301.293 200.711 135.472 18.9185 116.554 14.6981 16.2301 53.4807 36.395 18.2006 30160.9 16256.1 13904.8 2906.15 10998.6 5888.58 5110.07 2541.54 2531.33 2169.12 3096.14 193.803 2568.53 2111.03 51.8274
internal_count=231743 10695 221048 3228 7467 2336 1559 1030 141 889 112 126 358 242 119 220690 108636 112054 22569 89485 49224 40261 20183 20111 16256 25748 1435 20078 16851 377
cat_boundaries=0 1 2 3 4 5 6
cat_threshold=9455107 133 5253634 1086399 9510595 11752026
is_linear=0
shrinkage=0.04


Tree=112
num_leaves=31
num_cat=4
split_feature=26 27 0 28 5 30 20 15 26 6 7 0 10 1 27 7 0 11 24 7 6 30 1 20 30 6 26 6 7 3
split_gain=8.41744 9.35439 14.3338 12.6859 11.0028 11.5052 9.7073 12.0077 12.3297 9.63487 8.97044 8.86264 13.7178 9.82069 14.7587 9.92331 10.4413 11.6176 9.33809 9.31301 9.22572 14.0024 11.603 9.32814 9.22657 9.35192 9.09353 9.50141 8.54135 8.58214
threshold=6.9450000000000012 -0.35333333333333322 5.5000000000000009 3.5000000000000004 2.5000000000000004 0 35.815000000000005 5.5000000000000009 5.1250000000000009 30.595000000000002 -5.6859999999999973 2.5000000000000004 1 57.465000000000011 0.13833333333333411 -11.582499999999996 5.5000000000000009 7.5000000000000009 1.5000000000000002 0.52666666666666562 26.705000000000002 2 50.135000000000012 38.185000000000009 3 44.035000000000004 6.1250000000000009 29.935000000000006 -12.309999999999995 7.035000000000001
decision_type=2 2 2 2 2 1 2 8 2 2 2 2 1 2 2 2 2 2 2 2 2 1 2 2 1 2 2 2 2 2
left_child=1 2 -1 9 5 -5 -3 8 -8 -4 -6 28 20 15 -15 -14 18 -18 -17 -16 21 23 -23 -13 26 -26 27 -22 -10 -30
right_child=-2 6 3 4 10 -7 7 -9 11 -11 -12 12 13 14 19 16 17 -19 -20 -21 24 22 -24 -25 25 -27 -28 -29 29 -31
leaf_value=-0.00028161171736791445 -0.0022764662890899963 0.0016703425973678418 -0.008896952904509689 0.0046869186231362978 -0.016101457005727408 -0.0084742333444926075 -0.020173360651835739 -0.0058194578650970765 0.0070977783493352013 0.039907836997204196 -0.0059187506374572376 0.059723087503195285 -0.0080089454115061746 0.068747898048502148 -0.015208812078009755 0.0037482651493412735 0.00045557662091625289 -0.0081187591068203318 -0.00066317385735068977 0.027663292866929416 0.017943677617312807 0.0040010221903323236 -0.035290640353755814 0.014375727507398506 -0.0021769842672469562 0.0075259799686360242 0.0051868459230225991 -0.006372293999417339 -0.0024226549593332819 0.0095856648738134528
leaf_weight=7636.8204942820594 2542.993757840246 8119.7149619162083 10.238467499613764 279.18794780317694 172.48807616904378 158.02513268217444 47.514593444764614 563.67424030229449 173.30286424979568 17.593232318758965 700.89542003814131 7.5242980122566214 275.51992723345757 7.7621058896183959 15.399607032537459 1184.1113359481096 515.97925442457199 495.7589076384902 2183.4115603342652 17.119354382157326 29.369164228439331 477.48524335026741 12.33578174561262 204.99921934306622 1075.0063428282738 186.50585512071848 1314.1597264185548 206.43987867236137 2932.5151612646878 98.420915585011244
leaf_count=62027 17961 52990 77 3283 2414 1867 320 4009 1526 123 8670 43 1652 50 89 6897 3018 3089 12786 98 171 2759 72 1180 6289 1080 7641 1201 26942 803
internal_value=-6.94953e-05 0.00012324 -0.000950817 -0.00476918 -0.00533667 -0.000156637 0.00060179 -0.000119776 0.000160554 0.021954 -0.00792977 0.000245207 0.000941609 -0.000474622 0.0191901 -0.000645814 -0.000182564 -0.00374591 0.000888006 0.00736087 0.00282724 0.00693602 0.00295124 0.015263 0.00181086 -0.000736629 0.00386408 -0.00334383 -0.00153889 -0.00203272
internal_weight=31662.3 29119.3 8975.25 1338.43 1310.6 437.213 20144 12024.3 11460.6 27.8317 873.383 11413.1 8208.89 4695.06 40.2811 4654.78 4379.26 1011.74 3367.52 32.519 3513.83 702.345 489.821 212.524 2811.48 1261.51 1549.97 235.809 3204.24 3030.94
internal_count=231127 213166 78461 16434 16234 5150 134705 81715 77706 200 11084 77386 48115 27679 237 27442 25790 6107 19683 187 20436 4054 2831 1223 16382 7369 9013 1372 29271 27745
cat_boundaries=0 1 2 3 4
cat_threshold=109 1 321 60
is_linear=0
shrinkage=0.04


Tree=113
num_leaves=31
num_cat=9
split_feature=12 19 15 0 19 29 12 1 20 12 22 19 29 16 19 0 22 19 19 10 17 19 20 30 5 14 22 12 7 20
split_gain=7.62976 10.4339 7.86327 13.1477 13.8844 11.661 12.2634 13.9876 11.4237 11.0381 10.7524 14.8845 10.7088 13.5141 12.8036 11.425 18.9776 15.0675 14.5273 16.6158 14.3126 13.3696 16.2425 13.3953 11.6275 15.2513 10.5931 11.4938 13.2656 10.5362
threshold=1.5277777777777779 0 5.5000000000000009 4.5000000000000009 1 6.4450000000000012 4.6833333333333345 45.285000000000004 20.735000000000003 4.9500000000000011 -9.5366666666666617 2 4.8650000000000011 0.63333333333333341 3 3.5000000000000004 9.0483333333333391 4 5 6 0.38750000000000007 7 31.440000000000001 8 3.5000000000000004 0.28346560846560859 -14.767916666666663 3.6458333333333335 -3.782500000000002 38.785000000000004
decision_type=8 1 10 2 1 2 10 2 2 8 2 1 2 10 1 2 2 1 1 1 8 1 2 1 2 8 2 10 2 2
left_child=1 -1 8 4 -4 6 -6 -8 10 -9 11 26 13 -10 -15 16 21 20 24 -20 -18 22 -14 -24 -17 29 -2 28 -28 -26
right_child=2 -3 3 -5 5 -7 7 9 12 -11 -12 -13 15 14 -16 18 17 -19 19 -21 -22 -23 23 -25 25 -27 27 -29 -30 -31
leaf_value=0.0088110943976240849 0.011809931244414542 -0.015384736364472936 0.0038045852864259889 -0.0059214890105242059 -0.0078440973872290713 0.0086488326888746001 0.0014179265223453754 0.086917589601178485 -0.0018387083731890134 0.004183017567555649 0.0043097649836175388 -0.0017291651874957934 0.012344299515838649 0.011807809797455968 -0.0018343078262181389 0.0053175711897341339 -0.0055700220078441151 -0.0015508997916844117 -0.0040247531904098743 0.0012204963490903935 -0.021254667259589053 -0.00032838501949079949 0.0085325409109984433 -0.0011346795205869427 0.0032489993324984886 0.012208796429589565 0.073434212068712285 -0.0090566044136944374 0.0054102649371522583 -0.0031582258444208017
leaf_weight=34.022238738834858 257.83372594136745 98.047899972647429 796.38854760676622 933.86251540202647 607.66763373464346 111.07626173645258 155.84132253285497 5.6769188158214066 6972.3382083028555 4.7297684866935024 1932.6474487828091 1504.5260792840272 321.32555719465017 223.68552903458476 209.25503059849143 2039.2382190227509 534.64118710160255 3457.738887693733 1238.7245864905417 4262.3348014950752 112.71116216108203 2967.9894051514566 330.90640059858561 698.98074076324701 750.81436346098781 173.52070021629333 5.9503769949078587 94.283569293096662 20.018769152462482 906.36312722414732
leaf_count=256 2651 738 6493 11513 4736 846 1659 49 48422 47 14145 14559 2235 1529 1418 11970 4256 27793 8107 25334 961 22025 2491 5265 4960 990 48 815 149 5417
internal_value=-5.52612e-05 -0.00964945 -1.52023e-05 -0.00211591 -2.24205e-06 -0.00343215 -0.00521042 0.00441618 0.000174138 0.0493153 0.00221394 6.24196e-05 -0.00013468 -0.00141291 0.00544447 0.000397238 -0.000671721 -0.00261912 0.0013582 3.4215e-05 -0.00817461 0.00117914 0.0044599 0.00204326 0.0032318 0.000926081 0.00705095 -0.00256644 0.0209968 -0.000255316
internal_weight=31763.1 132.07 31631.1 2615.24 1681.38 884.992 773.916 166.248 29015.8 10.4067 3815.26 1882.61 25200.6 7405.28 432.941 17795.3 8424.29 4105.09 9371 5501.06 647.352 4319.2 1351.21 1029.89 3869.94 1830.7 378.086 120.253 25.9691 1657.18
internal_count=231877 994 230883 25343 13830 7337 6491 1755 205540 96 32367 18222 173173 51369 2947 121804 65026 33010 56778 33441 5217 32016 9991 7756 23337 11367 3663 1012 197 10377
cat_boundaries=0 1 2 3 4 5 6 7 8 9
cat_threshold=172434 2829891 86033 13638641 2109456 9714740 4 1143904 449
is_linear=0
shrinkage=0.04


Tree=114
num_leaves=31
num_cat=5
split_feature=12 20 10 16 19 19 27 19 6 12 6 28 9 27 20 14 15 30 14 22 22 16 17 20 11 1 27 20 22 7
split_gain=8.12387 8.18589 11.8104 12.6862 12.4567 11.9597 11.3291 13.2261 11.1806 10.8497 9.17711 8.75401 9.56274 11.6982 8.70484 8.42629 11.7878 10.2359 10.1149 8.22723 7.68432 7.41263 10.4096 9.34144 7.92318 7.12 6.85333 9.3373 8.58429 9.98785
threshold=5.7888888888888896 46.180000000000007 0 1.0000000180025095e-35 1 2 -0.033333333333332986 3 49.235000000000007 3.1547619047619051 18.435000000000006 2.5000000000000004 38.500000000000007 0.70333333333333348 51.010000000000012 -1.0000000180025095e-35 2.5000000000000004 4 -0.02777777777777778 19.329166666666673 -10.640833333333331 0.63333333333333341 0.23611111111111113 46.835000000000008 9.5000000000000018 38.765000000000008 0.059999999999999838 48.220000000000006 15.238166666666668 -1.153333333333334
decision_type=10 2 1 10 1 1 2 1 2 10 2 2 2 2 2 10 10 1 8 2 2 8 10 2 2 2 2 2 2 2
left_child=1 -1 3 4 11 9 7 -5 -6 15 -11 12 -3 -14 -15 16 -4 18 -18 26 25 -7 23 -23 -25 -9 27 -17 -28 -30
right_child=-2 2 5 6 8 21 -8 20 -10 10 -12 -13 13 14 -16 19 17 -19 -20 -21 -22 22 -24 24 -26 -27 28 -29 29 -31
leaf_value=0.0003004034705798832 -0.016643055574555702 -0.0087171130665334336 0.055686673628949461 0.0022644057178206225 -0.014730224464768323 -0.010230762427163052 0.00067036119912869429 -0.033666650474938505 0.032513200960924839 0.017683023206074108 -0.011193823886219879 -0.015421049706077605 0.094025325048584713 -0.0094811763921629506 0.054261071449360911 -0.005754785333511008 0.012868442870876231 -0.011469375133709761 0.06477218543960879 -0.010192658631937156 -0.0086870460082872497 0.065356501709667239 -0.0061733615174217838 0.02864546550905947 -0.014312528459181184 0.0083831167246817065 -0.00069080264432426594 0.050380992002988602 -0.0057865315999743169 0.034611843149199635
leaf_weight=25119.439585652202 47.158392951823771 8.8346761502325553 10.160533290356396 194.36787505447865 213.25307305157185 577.77756725251675 4468.4618793539703 38.304735001176596 8.32801256328821 19.48543806374073 182.82068875059485 11.935037959367035 5.0177956260740784 6.801268666982649 6.9111427962779999 8.225565619766714 24.155730649828911 21.530473086982965 7.9959089308977118 89.050105437636375 229.0862976424396 5.8507636636495581 103.73783232271671 15.628993663936855 12.257118944078682 7.7455569431185713 253.36933061107993 11.19096666574478 15.971997082233427 25.30603800714016
leaf_count=183666 2281 70 64 1410 1579 3896 31148 287 64 135 1275 87 36 46 52 56 162 143 53 608 1655 38 697 106 82 57 1670 76 105 166
internal_value=-5.33287e-05 -2.86514e-05 -0.00128415 -0.000404244 -0.00899812 -0.00455253 4.93142e-05 -0.00586144 -0.0123952 -0.000665007 -0.0084125 0.0105305 0.0255872 0.0417679 0.0226453 0.00267731 0.0161793 0.00870168 0.0196614 0.000538945 -0.0112744 -0.00813077 0.00010361 0.0194047 0.00976362 -0.026594 0.0035818 0.0265998 0.00206497 0.0189802
internal_weight=31750.2 31703 6583.56 5199.05 261.081 1384.52 4937.97 469.504 221.581 669.263 202.306 39.4999 27.5649 18.7302 13.7124 466.957 63.8426 53.6821 32.1516 403.114 275.137 715.252 137.475 33.7369 27.8861 46.0503 314.064 19.4165 294.647 41.278
internal_count=231770 229489 45823 36491 1934 9332 34557 3409 1643 4513 1410 291 204 134 98 3103 422 358 215 2681 1999 4819 923 226 188 344 2073 132 1941 271
cat_boundaries=0 1 2 3 4 5
cat_threshold=9 2130080 14011444 12789540 157
is_linear=0
shrinkage=0.04


Tree=115
num_leaves=31
num_cat=3
split_feature=27 19 14 23 7 12 12 0 4 29 19 29 19 14 1 22 9 22 1 7 7 23 23 3 0 27 26 7 26 4
split_gain=5.21676 9.42316 10.6495 8.78289 7.0581 7.75929 17.1933 6.24992 9.66357 5.2388 15.3932 11.4748 13.8949 10.6141 12.751 8.61426 7.40183 13.1531 13.9739 7.97288 8.76438 11.5042 10.3752 9.61939 8.60387 12.2485 7.95688 7.36099 10.2546 7.57782
threshold=-3.1941666666666659 0 -0.27030423280423271 5.5000000000000009 3.8983333333333356 4.8452380952380958 5.5857142857142863 5.5000000000000009 0.0033333333333334107 2.6350000000000002 1 3.5650000000000004 2 0.25849867724867731 33.685000000000009 -9.1425000000000001 46.500000000000007 -31.557333333333332 20.080000000000002 7.1000000000000041 11.055833333333338 3.5000000000000004 4.5000000000000009 6.9750000000000005 5.5000000000000009 -1.4649999999999994 5.3050000000000006 -0.31999999999999845 3.7250000000000005 -0.046666666666667293
decision_type=2 1 8 2 2 10 10 2 2 2 1 2 1 10 2 2 2 2 2 2 2 2 2 2 2 2 2 2 2 2
left_child=1 2 -1 4 5 -4 -7 8 -5 10 16 12 15 -14 -15 -11 19 -18 -19 -2 21 -21 -23 24 26 -26 -24 -20 -29 -30
right_child=9 -3 3 7 -6 6 -8 -9 -10 11 -12 -13 13 14 -16 -17 17 18 27 20 -22 22 23 -25 25 -27 -28 28 29 -31
leaf_value=-0.017980298276423001 -0.0050506271833795011 -0.021518155687173936 0.0067978322849486473 -0.041197083741449869 0.10438913360886615 0.2348605847821679 0.01159294236946906 -0.041887013025659038 0.11795980657736348 -0.01189047101865303 0.003727751472634341 9.4682965189533711e-05 -0.0013351322278194776 0.0011780879306646287 0.05682129324232002 -0.0008816720621414245 0.030727797378245342 0.041889955753319628 -0.012200260186031342 0.076500826290442622 -0.0042798553615264519 -0.018163495879701969 0.014891812762833837 0.057020766261075613 -0.01708025975593172 0.080583347104238187 -0.02488802425909635 -0.04685215010359392 0.044969060825174982 0.0049498059669944219
leaf_weight=13.661739550530909 818.61299506761134 36.844724362716079 5.8392661567777449 1.1883551152423018 2.8815492624416938 0.86461473908275399 1.5256057679653166 3.6986914835870266 1.2550185956060884 385.55755116976798 2003.0236539067701 26827.548797382042 1065.7212534788996 16.106073126196865 11.151633679866789 161.30471985787153 27.565604705363512 12.261056452989576 68.36247780919075 4.4968545306473962 83.597606281749904 15.74655512254685 27.741272659040987 8.7822449617087823 3.15002307202667 5.9085840731859189 11.331405095756052 5.5533367209136477 8.5326762944459897 67.138527117669582
leaf_count=699 7727 1533 61 52 53 25 91 178 57 3095 17834 187872 8037 102 72 1128 221 83 509 39 740 133 257 85 73 46 80 47 62 466
internal_value=4.41966e-05 -0.0110427 0.00634886 0.0292936 0.0505126 0.0316477 0.0923556 -0.00909176 0.0405525 6.79407e-05 0.00160994 -0.000103867 -0.00335211 -0.00069834 0.0239428 -0.00848806 -0.002034 0.00518679 0.000836701 -0.0034513 0.00469298 0.0144148 0.0105724 0.0185229 0.0114984 0.046622 0.00335533 -0.00252827 0.00561214 0.00946237
internal_weight=31707 67.7596 30.9148 17.2531 11.111 8.22949 2.39022 6.14207 2.44337 31639.2 3171.8 28467.4 1639.84 1092.98 27.2577 546.862 1168.78 189.414 161.848 979.368 160.755 77.1569 72.6601 56.9135 48.1313 9.05861 39.0727 149.587 81.2245 75.6712
internal_count=231457 2749 1216 517 230 177 116 287 109 228708 28402 200306 12434 8211 174 4223 10568 1388 1167 9180 1453 713 674 541 456 119 337 1084 575 528
cat_boundaries=0 1 2 3
cat_threshold=6734492 1483814 111398
is_linear=0
shrinkage=0.04


Tree=116
num_leaves=31
num_cat=9
split_feature=12 19 6 26 14 3 0 20 19 19 11 14 9 19 21 30 19 14 21 21 29 20 8 31 19 20 9 19 31 19
split_gain=6.94264 7.51394 10.8707 20.2725 8.32586 6.39474 6.16981 16.7284 26.6635 11.4005 10.6662 11.0652 10.5734 14.2036 13.2145 11.153 16.3072 10.5129 11.2958 9.97552 9.81325 10.5353 10.501 10.7057 9.54395 9.30278 9.2416 18.4466 12.775 9.91538
threshold=5.5277777777777786 0 37.345000000000006 2.0150000000000001 -0.3332936507936507 6.6650000000000009 2.5000000000000004 28.270000000000007 1 2 2.5000000000000004 -0.39976851851851841 27.500000000000004 3 21.395000000000003 4 5 -0.23320105820105816 32.150000000000006 22.045000000000005 3.5050000000000003 48.730000000000011 1.5000000000000002 5.5000000000000009 6 6.7600000000000007 48.500000000000007 7 5.5000000000000009 8
decision_type=10 1 2 2 10 2 2 2 1 1 2 8 2 1 2 1 1 8 2 2 2 2 2 2 1 2 2 1 2 1
left_child=6 2 5 4 -4 -2 7 8 19 20 24 -12 14 -14 15 16 -13 -16 -19 -1 21 -9 23 -22 -10 -15 28 -28 -8 -30
right_child=1 -3 3 -5 -6 -7 26 9 10 -11 11 12 13 25 17 -17 -18 18 -20 -21 22 -23 -24 -25 -26 -27 27 -29 29 -31
leaf_value=0.0036886667898583456 0.065989753963157108 -0.01644808065601416 0.10962776972479285 0.12024172515483857 -0.0098805799552854588 -0.010898952246577265 0.0013542971206154401 -0.0087825628296852448 -0.010481831841314791 -0.00030277143003715217 0.042203560363238302 0.012053086835430278 0.0068268264283670756 0.044103013529782971 -0.040393625839069476 -0.017740786765216832 -0.014598912966384671 0.023001304690594276 -0.0090830373903966598 0.012149952387070418 -0.010667777589753158 -0.03608930365074222 -0.0018491320870652726 0.0080791113332297423 -0.00018140858629717271 -0.0020350334524546682 0.0020047602154874143 -0.0031099666785384525 0.0014293504298739151 -0.0050720785631621322
leaf_weight=478.96020762249827 1.8271074322983611 70.613155848346651 1.0634267292916764 3.3871934339404097 7.5887517267838112 32.794162827543914 16256.140159389935 173.33151715248823 275.39783222973347 3415.7986668236554 10.382717896252871 66.416627325117588 606.37697521597147 7.0651214234530917 6.5872452333569527 128.22182118147612 60.800135413184762 52.209673196077347 26.45248968154192 417.06445823609829 417.47665692865849 25.996699292212725 1997.8662752956152 55.18147736787796 301.79447403363883 677.54362830519676 1925.3415247350931 2699.4735390171409 628.67489024903625 916.94281476642936
leaf_count=3640 56 2709 63 45 362 1265 108478 1383 2081 30009 94 537 4583 64 57 1042 511 391 196 3074 3773 259 17657 472 2192 5239 12996 18312 4181 6125
internal_value=0.000216146 -0.0094983 0.00374211 0.0372845 0.00480802 -0.00684122 0.000252167 -0.000620059 0.00176378 -0.00184036 -0.000600818 0.00104057 0.000778645 0.00243277 -0.0054894 -0.0100404 -0.000820226 0.00814714 0.012212 0.00754288 -0.0037922 -0.012344 -0.00311758 -0.00847913 -0.00528083 -0.00153645 0.000610014 -0.000983061 0.00102389 -0.00245121
internal_weight=31744.8 117.274 46.6606 12.0394 8.65218 34.6213 31627.5 9200.92 3115.27 6085.65 2219.25 1642.06 1631.67 1290.99 340.688 255.439 127.217 85.2494 78.6622 896.025 2669.85 199.328 2470.52 472.658 577.192 684.609 22426.6 4624.82 17801.8 1545.62
internal_count=231846 4500 1791 470 425 1321 227346 77254 23701 53553 16987 12714 12620 9886 2734 2090 1048 644 587 6714 23544 1642 21902 4245 4273 5303 150092 31308 118784 10306
cat_boundaries=0 1 2 3 4 5 6 7 8 9
cat_threshold=1106643 9449800 8827661 869414 53 4246163 2115638 2759191 15824984
is_linear=0
shrinkage=0.04


Tree=117
num_leaves=31
num_cat=9
split_feature=29 0 28 19 22 30 18 20 19 22 17 19 0 14 19 19 19 14 9 30 22 17 9 19 1 14 20 7 13 29
split_gain=5.9872 11.2618 12.4904 14.643 15.0054 16.0615 14.0745 11.4904 10.7738 10.6266 9.80893 14.6384 14.1168 25.9709 17.9487 17.0484 16.9405 12.5987 12.4451 10.6792 16.9189 11.3856 10.7768 14.6157 11.7201 10.6772 10.3813 10.227 9.74639 9.37487
threshold=4.8850000000000007 3.5000000000000004 3.5000000000000004 0 -10.854999999999997 1 0.63333333333333341 40.965000000000011 2 0.77499999999999514 0.13392857142857145 3 3.5000000000000004 0.033333333333333416 4 5 6 -0.21111111111111103 47.500000000000007 7 7.8383333333333338 0.31666666666666671 51.500000000000007 8 33.165000000000006 0.31679894179894191 28.820000000000004 33.569166666666675 0.18333333333333338 2.8350000000000004
decision_type=2 2 2 1 2 1 10 2 1 2 10 1 2 10 1 1 1 10 2 1 2 10 2 1 2 10 2 2 8 2
left_child=1 8 3 4 5 -3 9 -5 -1 -4 11 -2 13 14 -12 -15 17 -14 -19 20 26 -22 -21 24 -24 -17 -18 -13 -7 -9
right_child=10 2 6 7 -6 28 -8 29 -10 -11 12 27 16 15 -16 25 19 18 -20 22 21 -23 23 -25 -26 -27 -28 -29 -30 -31
leaf_value=0.0025790245888412978 -0.00067426982584358863 -0.0074308480759557715 -0.0025195840844621955 0.0047438980756066293 -0.011253956846005678 0.054010523367645301 0.051281876638793411 0.0032096499563224797 -0.00084946777746028399 -0.0091254754880600083 -0.0025457945678515441 0.0028759112696071197 -0.018685336215281425 6.2944947001187306e-05 0.0052309146558632107 -0.004805790596806323 -0.018762086592691393 0.0045419037948328193 -0.0018319577968724978 -0.002060163780974838 0.001927871867130826 0.011910743549736758 -0.012951652453487197 -0.019111554278322881 0.023298228114074348 -0.013255970201217146 -0.0016327592092976061 0.033724159119276106 0.012372358259622265 -0.0088200920153164702
leaf_weight=2481.6069851443172 2808.9674441367388 93.954548172652721 3737.7372821196914 1116.6104466691613 283.82244458049536 10.345601290464399 7.5981605276465407 199.21666219085455 3557.6457383232191 434.97270338237286 809.35096367076039 4611.9709076285362 42.075722113251686 1233.480376124382 1126.7902650609612 2057.5460385866463 62.674714963883162 2611.1919275671244 603.38964419439435 1609.4471629709005 527.13589181005955 279.83423110842705 27.452113404870033 125.18156158179045 29.719868741929531 270.72700645402074 584.9745686724782 17.259569574147463 68.876779735088348 216.07055407762527
leaf_count=18179 19676 573 37226 6696 1679 66 54 1159 26279 3197 6016 32549 315 9861 8386 16428 450 15458 3679 9603 3038 1582 169 774 185 2374 3638 120 416 1255
internal_value=2.85682e-05 -0.000665672 -0.00186769 0.000741659 -0.00547251 0.0036868 -0.00310916 0.00261414 0.000562208 -0.0032082 0.000464575 0.00160589 -0.000242813 -0.00173486 0.00199394 -0.0037618 0.00101861 0.0030515 0.0033455 -0.00102693 0.00151456 0.00538965 -0.00308713 -0.0123204 0.00501504 -0.00576361 -0.00329041 0.00298448 0.0158137 -0.00304933
internal_weight=31647.6 12208.5 6169.21 1988.9 456.999 173.177 4180.31 1531.9 6039.25 4172.71 19439.2 7438.2 12001 5497.89 1936.14 3561.75 6503.08 3256.66 3214.58 3246.42 1454.62 806.97 1791.8 182.354 57.172 2328.27 647.649 4629.23 79.2224 415.287
internal_count=231080 96779 52321 11844 2734 1055 40477 9110 44458 40423 134301 52345 81956 43065 14402 28663 38891 19452 19137 19439 8708 4620 10731 1128 354 18802 4088 32669 482 2414
cat_boundaries=0 1 2 3 4 5 6 7 8 9
cat_threshold=12587146 15 7245894 4822054 16011271 9961615 13999146 275 2122240
is_linear=0
shrinkage=0.04


Tree=118
num_leaves=31
num_cat=8
split_feature=27 19 9 12 26 4 27 0 23 22 19 28 14 28 0 14 19 30 19 21 19 11 19 7 20 21 3 7 14 19
split_gain=5.99077 10.1514 11.2072 9.54666 11.3294 6.72096 6.16143 17.5847 17.4633 20.1722 15.5053 14.8499 12.9895 12.3709 15.7589 24.0667 18.6123 12.209 12.0402 11.2141 11.2111 11.8934 11.0247 11.32 12.5571 9.87809 10.6868 9.83566 12.8219 9.77313
threshold=2.4208333333333338 0 26.500000000000004 2.6125000000000003 7.205000000000001 -0.0016666666666664829 0.3000000000000001 5.5000000000000009 3.5000000000000004 -0.65499999999999925 1 3.5000000000000004 -0.16643518518518513 1.5000000000000002 5.5000000000000009 0.23346560846560852 2 3 4 75.25500000000001 5 2.5000000000000004 6 14.695833333333335 40.415000000000006 74.27500000000002 6.9250000000000007 -1.605000000000002 0.31679894179894191 7
decision_type=2 1 2 8 2 2 2 2 2 2 1 2 8 2 2 10 1 1 1 2 1 2 1 2 2 2 2 2 8 1
left_child=6 2 -2 4 -4 -6 7 25 9 11 -11 12 -9 14 20 17 -17 -16 -13 22 21 -8 -15 24 -24 -1 -27 -12 -29 -10
right_child=1 -3 3 -5 5 -7 13 8 29 10 27 18 -14 19 15 16 -18 -19 -20 -21 -22 -23 23 -25 -26 26 -28 28 -30 -31
leaf_value=-0.00010730354499089144 -0.04353805274016307 -0.011266575643789509 0.059303581924853556 -0.0043876223744972126 -0.014477587807749282 0.038423230884819887 -0.0068541366815525152 0.08871660620246985 -0.010451986585886806 0.0073799961001677784 -0.010711675049197733 0.020472585800552778 0.02604719758556695 -0.00044214796440084319 0.0046975997586548987 0.0015685997394738625 0.01965269730426002 -0.0060170778799047307 -0.0072435771351506278 -0.018880011116486385 -0.0035909548846489031 0.0021872585023633281 0.0050251008874296569 -0.0060762050742406313 0.0010585299075934669 0.0099809696113235865 0.062163202788719812 -0.0018246443603462152 0.044453505988363853 -0.0038163615571686128
leaf_weight=15392.644596115686 5.8553263656795016 166.31511774286628 12.28836912661791 22.667075149714947 9.0290690623223764 6.689583219587802 281.42426403984427 6.3294035345315933 546.23129148874432 222.32708320766687 261.37003093212843 37.012439036741853 32.279610842466354 2657.7034830264747 307.30121538043022 179.72656135261059 196.32118076086044 357.83909011632204 47.875272412784398 42.732558600604534 2662.7305873706937 1346.8708464093506 2633.9243530370295 224.44222024083138 2478.6485393345356 40.062854427844286 7.446665469557046 368.43482530862093 9.834716893732546 1111.0888460548595
leaf_count=114130 40 1272 76 156 62 40 2044 42 6154 1608 2024 363 210 17205 1701 980 1052 1988 466 283 19523 9926 16734 1473 16629 273 48 2693 68 12088
internal_value=-0.000132064 -0.00666739 0.00752564 0.0149111 0.0305302 0.00803607 -8.57603e-05 -0.000567152 -0.00358215 0.000634571 -0.00153163 0.0157539 0.036321 0.000565338 -0.000928509 0.00348603 0.011574 -0.00108663 0.00639954 0.00155639 -0.00199967 0.000620788 0.00166562 0.00271099 0.00310205 -5.10947e-05 0.01816 -0.00467149 -0.000621448 -0.00608947
internal_weight=31675.4 222.845 56.5294 50.6741 28.007 15.7187 31452.6 18082.9 2642.78 985.463 861.967 123.497 38.609 13369.7 5332.21 1041.19 376.048 665.14 84.8877 8037.45 4291.03 1628.3 7994.72 5337.02 5112.57 15440.2 47.5095 639.64 378.27 1657.32
internal_count=231351 1646 374 334 178 102 229705 140167 25716 7474 6393 1081 252 89538 37214 5721 2032 3689 829 52324 31493 11970 52041 34836 33363 114451 321 4785 2761 18242
cat_boundaries=0 1 2 3 4 5 6 7 8
cat_threshold=66652 73799 15409437 27 1228911 10027673 71068 2426720
is_linear=0
shrinkage=0.04


Tree=119
num_leaves=31
num_cat=1
split_feature=12 21 21 12 8 16 8 7 21 0 7 7 12 13 8 26 28 9 4 14 14 30 29 9 22 22 31 29 22 14
split_gain=10.2953 8.70605 8.92211 9.97507 8.24634 7.52886 10.9712 13.1915 9.40036 8.81758 11.3961 10.7569 13.5079 9.95619 16.3761 10.3117 15.0171 9.72897 10.9076 16.3494 16.9464 12.1153 11.0706 12.5017 9.59469 9.50782 9.27324 9.05904 11.4292 10.3379
threshold=1.6125000000000003 71.080000000000013 60.050000000000004 1.5857142857142861 2.5000000000000004 1.0000000180025095e-35 5.5000000000000009 -12.700833333333334 57.090000000000011 2.5000000000000004 -0.89633333333333087 -1.153333333333334 4.2111111111111121 0.86607142857142871 1.5000000000000002 6.285000000000001 2.5000000000000004 47.500000000000007 -0.041666666666666512 -0.11679894179894178 -0.20737433862433857 0 4.205000000000001 54.500000000000007 12.240833333333336 8.1775000000000002 9.5000000000000018 1.7850000000000004 -23.432499999999997 0.11666666666666665
decision_type=8 2 2 8 2 8 2 2 2 2 2 2 8 10 2 2 2 2 2 10 8 1 2 2 2 2 2 2 2 8
left_child=1 2 -1 4 -4 6 8 -8 -2 10 11 26 -13 17 24 -16 -17 -11 19 20 -19 -21 23 -23 -15 -22 -7 29 -29 -20
right_child=5 -3 3 -5 -6 9 7 -9 -10 13 -12 12 -14 14 15 16 -18 18 27 21 25 22 -24 -25 -26 -27 -28 28 -30 -31
leaf_value=-0.010576350775020163 -0.0002501939245179062 -0.042281319564258714 0.030601618860563826 0.048412036889863133 -0.02048454854252298 0.00040166446316209411 0.0044445268775147621 -0.0085721254786715276 -0.01237622169427581 0.0012506315601183622 -0.0021833035892994258 0.016917481505469758 -0.031911717870832176 0.018212805608320885 -0.020486691402482788 0.0062736501269967295 0.069987364055018042 -0.01393035909592024 0.0022256959121798158 -0.0082915212943062682 0.047838023001416624 -0.031425868925842974 0.011011202481787996 0.018864132146518563 0.082517687631876391 -0.003741504510835126 0.042528019942492695 -0.019001445288620501 -0.0017710567628584065 0.025380430887202203
leaf_weight=163.26351908221841 4198.2751235617325 11.772740967571734 7.9915809258818689 8.9705848321318609 13.761232387274502 3253.6718005351722 158.19534139707685 586.0676431460306 104.84311962127686 14686.990020202473 4189.7272541709244 107.88153905048966 9.8960849680006486 6.9075960218906394 16.948152676224709 38.514978885650635 6.9936645105481139 12.828674927353857 157.50078597664833 111.7355298474431 33.038412168622017 22.190384335815907 203.24304217845201 12.289128154516218 8.0260552018880826 6.9147788360714904 8.3822587355971319 62.700975056737661 3491.9254609681666 38.366517212241888
leaf_count=1222 36641 98 62 70 108 27408 1512 5454 788 93929 35321 907 76 41 102 221 44 94 1157 690 229 149 1250 82 46 44 65 536 23079 237
internal_value=3.64344e-05 -0.00888198 -0.00685503 0.01292 -0.00171644 9.4627e-05 -0.00132122 -0.0058054 -0.000545638 0.000364435 -0.000789319 0.0009387 0.0128147 0.000826102 0.0151438 0.00614643 0.016065 0.000767287 -0.00094216 0.00531763 0.0260679 0.00218352 0.00715487 -0.0135016 0.0527733 0.0389111 0.000509913 -0.00161352 -0.00207499 0.00676125
internal_weight=31739.8 205.76 193.987 30.7234 21.7528 31534.1 5047.38 744.263 4303.12 26486.7 7569.56 3379.83 117.778 18917.1 77.3904 62.4568 45.5086 18839.7 4152.73 402.24 52.7819 349.458 237.723 34.4795 14.9337 39.9532 3262.05 3750.49 3554.63 195.867
internal_count=231662 1560 1462 240 170 230102 44395 6966 37429 185707 63777 28456 983 121930 454 367 265 121476 27547 2538 367 2171 1481 231 87 273 27473 25009 23615 1394
cat_boundaries=0 1
cat_threshold=336
is_linear=0
shrinkage=0.04


Tree=120
num_leaves=31
num_cat=5
split_feature=12 19 23 22 25 1 19 3 4 9 0 20 19 26 17 4 3 19 29 20 12 21 20 9 29 26 1 29 4 4
split_gain=6.60055 12.0685 12.3917 23.9547 10.1476 11.5326 8.9913 8.74652 8.30117 8.20904 8.1551 9.20302 12.8252 17.3499 10.3431 11.0546 8.98548 8.14967 7.81282 11.4443 10.2177 15.8245 7.65447 11.2399 8.20657 9.3473 8.89608 7.71629 8.96139 9.49247
threshold=3.7888888888888892 0 4.5000000000000009 -24.651833333333325 1 34.625000000000007 2 6.7150000000000007 0.074999999999999747 33.500000000000007 1.5000000000000002 19.775000000000002 3 4.1950000000000012 0.18333333333333338 -0.0050000000000003366 6.7250000000000005 4 6.0550000000000006 27.950000000000006 3.8944444444444448 55.015000000000008 24.455000000000002 25.500000000000004 5.3350000000000009 3.4950000000000006 42.475000000000001 6.5650000000000004 0.046666666666667307 0.058333333333334021
decision_type=10 1 2 2 9 2 1 2 2 2 2 2 1 2 10 2 2 1 2 2 10 2 2 2 2 2 2 2 2 2
left_child=10 2 3 -2 5 -5 -7 -4 22 -10 11 12 -1 14 -14 16 -16 -13 -6 -20 21 -21 23 -3 -25 -26 27 28 -27 -30
right_child=1 8 7 4 18 6 -8 -9 9 -11 -12 17 13 -15 15 -17 -18 -19 19 20 -22 -23 -24 24 25 26 -28 -29 29 -31
leaf_value=-0.0081657795175840951 0.071919108954994246 -0.0049002115405221676 0.0059773855082874815 -0.0060998013902908901 0.0051081120467676979 -0.0093859566089860933 0.0078426697005835218 -0.0032259634296686124 -0.022569984387438971 -0.0053536132442720341 0.00061443693159155498 -0.0053080413300032369 -0.0059851390080885736 0.049808243545171459 0.013958777261775569 -0.015099304586957627 0.087338846431041117 -0.00028869436930875874 -0.030024373711357813 0.0020456710022651713 -0.0041289429493645523 0.048157772785220453 -0.0033974415207222437 0.0019410623683319425 0.040267402723023968 -0.018487754699010504 0.017946166576393221 0.024050850546268349 0.040702119150779807 -0.018501330769432219
leaf_weight=42.174093566834927 7.9354441910982123 644.52026022039354 188.84461835306138 409.57168879266828 1467.3646062174812 53.189436322078109 223.33140791673213 1320.7108387108892 56.755786176770926 202.12232580035925 20167.355241876096 930.79920787736773 31.9231276512146 22.41981179267168 4.6470102891325968 5.1226216480135909 6.2756814286112785 1165.9333149455488 21.750548541545868 43.421727236360312 201.99543253704906 16.406718850135803 2455.2871422618628 1848.5577682852745 6.3797028064727774 120.38518871366978 17.413213297724724 8.7853395640850049 9.0179011225700396 8.3411440029740316
leaf_count=369 70 8912 1789 2975 10726 393 1617 13066 657 1643 126001 12466 283 188 40 44 53 14706 161 303 1458 115 17625 14667 52 873 126 63 70 69
internal_value=-1.10003e-05 -0.000904653 0.000773059 0.00253442 0.00230849 -0.0018122 0.00447289 -0.00207463 -0.00213587 -0.00912809 0.000361694 -0.00194545 0.00919681 0.0181775 0.00718316 0.0333823 0.0561196 -0.00254362 0.00391117 -0.00214454 0.000171527 0.014691 -0.00178641 -0.000301253 0.00116695 -0.00723473 -0.00908324 -0.0122953 -0.0146135 0.0122544
internal_weight=31708.7 9332.09 3954.52 2444.97 2437.03 686.093 276.521 1509.56 5377.57 258.878 22376.7 2209.29 112.562 70.3883 47.9684 16.0453 10.9227 2096.73 1750.94 283.574 261.824 59.8284 5118.69 2663.4 2018.88 170.322 163.943 146.53 137.744 17.359
internal_count=231580 77430 32673 17818 17748 4985 2010 14855 44757 2300 154150 28149 977 608 420 137 93 27172 12763 2037 1876 418 42457 24832 15920 1253 1201 1075 1012 139
cat_boundaries=0 1 2 3 4 5
cat_threshold=10495643 2 1040 16270083 11770008
is_linear=0
shrinkage=0.04


Tree=121
num_leaves=31
num_cat=3
split_feature=27 19 0 15 1 22 12 19 21 20 12 9 1 3 11 27 11 3 21 30 6 20 12 3 20 26 11 6 6 1
split_gain=6.59244 6.76494 6.66914 6.71041 6.16518 5.27909 10.5399 9.26855 11.3889 17.4446 9.6794 8.23377 8.39 8.72612 10.7625 8.09318 6.98637 11.9247 6.98329 6.85261 10.1571 12.8282 12.7224 7.46228 7.17751 6.75807 7.00858 9.31112 8.24073 6.94185
threshold=-3.3744999999999994 0 5.5000000000000009 5.5000000000000009 36.340000000000011 -25.467499999999998 5.4142857142857155 1 15.405000000000003 32.570000000000007 2.7888888888888892 58.500000000000007 35.945000000000007 6.6350000000000007 5.5000000000000009 0.83333333333333337 8.5000000000000018 6.6850000000000014 1.0000000180025095e-35 2 35.595000000000006 10.360000000000001 4.6125000000000007 6.8150000000000004 43.975000000000001 5.6850000000000014 10.500000000000002 23.645000000000003 30.955000000000002 27.915000000000003
decision_type=2 1 2 10 2 2 8 1 2 2 8 2 2 2 2 2 2 2 2 1 2 2 8 2 2 2 2 2 2 2
left_child=1 2 3 -1 -5 6 7 8 19 -10 -11 12 13 14 -9 16 -14 -18 -19 20 24 22 -22 -24 25 26 27 29 -28 -2
right_child=5 -3 -4 4 -6 -7 -8 11 9 10 -12 -13 15 -15 -16 -17 17 18 -20 -21 21 -23 23 -25 -26 -27 28 -29 -30 -31
leaf_value=0.059293769126345118 -0.019629684881781507 -0.021968294776506851 -0.021353568277553196 -0.042528067814176014 0.072798795263963975 9.4432407601356875e-05 -0.023894596638203782 -0.010223189621438939 0.074882004713389766 0.034511155164531564 -0.032421267081572183 -0.032835458919126877 -0.0086582407464974951 0.0034410727400758447 0.061358509620044743 -0.033650506489151043 -0.036137621731793815 0.01556521424185377 -0.0099377284002503102 -0.011858249012729343 0.086092399024323113 0.0017593040421400481 -0.025100237481472117 0.059034883608952343 0.010525997695618209 -0.042037063305581192 -0.0067489380353508042 -0.019866451777873991 0.047760829023102067 0.029444913395477945
leaf_weight=6.0149541571736318 7.4458704404532936 31.042379749938846 5.6504261763766399 2.5942196408286695 1.0385793736204503 30310.735803510994 35.699422290548682 5.3226536996662608 6.9270094931125668 6.2145401388406727 7.7907122671604165 11.401366651058195 138.92779452726245 509.72682252153754 9.1173597052693349 14.391380857676266 10.163205634802578 71.801618589088321 22.581964530050755 243.72526344284415 6.0947038717567894 100.8971021361649 4.372449243441225 2.7459715325385332 25.35475179925561 11.471598114818333 12.948389530181887 84.230621162801981 6.7511401027441016 12.117253307253121
leaf_count=88 71 1302 282 122 44 217133 1179 44 62 44 61 98 1297 4354 75 101 79 578 195 2115 66 772 76 51 182 82 115 824 56 118
internal_value=-3.73279e-05 -0.0151133 0.00795602 0.0333683 -0.00955732 -1.52745e-05 -0.00244565 -0.00187102 -0.00585808 0.0229595 -0.00272139 0.000900414 0.00140377 0.00430974 0.0349732 -0.00450322 -0.00278037 0.00503048 0.00946345 -0.0071353 -0.00242047 0.00661268 0.0436737 0.00735537 -0.00900095 -0.0126693 -0.00994127 -0.0140927 0.0119319 0.0107668
internal_weight=31725.3 46.3406 15.2982 9.64775 3.6328 31679 1368.22 1332.52 539.087 20.9323 14.0053 793.434 782.033 524.167 14.44 257.866 243.475 104.547 94.3836 518.155 274.43 114.11 13.2131 7.11842 160.32 134.965 123.493 103.794 19.6995 19.5631
internal_count=231666 1838 536 254 166 229828 12695 11516 4695 167 105 6821 6723 4473 119 2250 2149 852 773 4528 2413 965 193 127 1448 1266 1184 1013 171 189
cat_boundaries=0 1 2 3
cat_threshold=4465436 5543364 410
is_linear=0
shrinkage=0.04


Tree=122
num_leaves=31
num_cat=2
split_feature=27 28 9 21 0 25 5 12 21 27 9 3 20 30 9 3 3 28 13 26 14 3 20 26 0 14 14 20 3 22
split_gain=9.53867 27.5346 7.77742 11.3141 7.7593 8.64556 8.40719 7.52618 7.46095 8.26276 8.37843 13.8346 15.4849 7.75595 7.95826 9.96272 9.33973 11.3869 10.3317 12.658 13.2592 8.51646 8.22112 10.1071 8.11158 8.92834 10.2594 7.95852 7.87556 7.40861
threshold=-1.2363333333333328 4.5000000000000009 21.500000000000004 1.0000000180025095e-35 5.5000000000000009 0 2.5000000000000004 4.5857142857142863 4.7900000000000009 -0.66291666666666627 37.500000000000007 6.7650000000000006 13.260000000000002 1 46.500000000000007 6.955000000000001 6.7750000000000012 3.5000000000000004 0.29285714285714287 4.5450000000000008 -0.20737433862433857 6.8150000000000004 61.040000000000006 7.3250000000000011 3.5000000000000004 0.03333333333333334 0.075925925925926022 19.110000000000003 6.8150000000000004 -27.454166666666662
decision_type=2 2 2 2 2 9 2 10 2 2 2 2 2 1 2 2 2 2 10 2 8 2 2 2 2 10 8 2 2 2
left_child=1 2 -1 -4 5 -3 -6 -5 9 10 -2 12 -12 -11 15 22 17 -16 19 -18 -21 -22 23 -15 25 -20 -27 -19 -24 -7
right_child=8 4 3 7 6 29 -8 -9 -10 13 11 -13 -14 14 16 -17 18 27 24 20 21 -23 28 -25 -26 26 -28 -29 -30 -31
leaf_value=0.056747613519314878 0.0025822869986007386 -0.011829294778410659 -0.010725823982014748 0.047442230138948098 -0.00084115105080833003 -0.0089527561073016095 -0.013625530461719779 0.0010616766558433108 -0.00015234239633652599 0.0041298285697594769 0.090668859777114669 0.0069016868303158853 0.022654222133322924 -0.0011943308867383867 0.0085489296804180555 -0.014368885402294836 0.0011091531945116786 0.015145314337242343 0.036462289231461872 -0.015422278717885264 0.081628858224715717 0.034101191723619119 -0.0021471700466278287 -0.038639741035489936 -0.01023569569578371 -0.043203553521265613 0.013880106335473352 -0.03534474793469336 0.062031614722498685 -0.00030255603526272747
leaf_weight=10.503958962857721 355.83248200640082 131.74752468150109 14.170043863356112 18.639061197638515 129.4641651455313 182.20664352178574 225.92754501197487 8.0007296428084356 27211.691558714956 732.32497746124864 6.0751730948686591 163.60800975933671 45.228816770017147 895.95690792426467 34.21392460912466 102.76059518009424 31.348890006542206 6.2805353328585651 16.881298486143351 7.4614039286971092 7.3269206359982482 34.141293186694384 5.8700630329549295 11.68358778581023 47.171592280268669 6.7798514850437641 19.60247261822224 24.404626898467541 6.3889955170452595 1213.3805581862107
leaf_count=81 2854 1492 104 114 2490 2561 5046 56 188750 4963 47 1369 364 6073 229 704 222 45 123 58 51 238 43 89 303 48 141 178 42 12873
internal_value=-0.000134901 -0.002857 0.0260527 0.0181522 -0.00364494 -0.00240624 -0.00896836 0.0335128 4.19258e-05 0.00210583 0.0063487 0.0125848 0.0307082 0.000889314 -0.0010214 -0.00255643 0.00559796 -0.00731847 0.0105083 0.0209526 0.0336662 0.0424987 -0.00123688 -0.00167635 0.00123699 0.013746 -0.000789516 -0.0250106 0.0313006 -0.00142173
internal_weight=31707.1 1934.04 51.3138 40.8098 1882.73 1527.33 355.392 26.6398 29773 2561.34 570.744 214.912 51.304 1990.6 1258.27 1022.66 235.613 64.8991 170.714 80.2785 48.9296 41.4682 919.9 907.64 90.4352 43.2636 26.3823 30.6852 12.2591 1395.59
internal_count=231751 24817 355 274 24462 16926 7536 170 206934 18184 4634 1780 411 13550 8587 6951 1636 452 1184 569 347 289 6247 6162 615 312 189 223 85 15434
cat_boundaries=0 1 2
cat_threshold=4 296
is_linear=0
shrinkage=0.04


Tree=123
num_leaves=31
num_cat=6
split_feature=8 16 19 14 14 19 4 27 26 9 1 4 31 0 21 19 4 30 19 14 31 6 1 7 27 29 19 9 26 21
split_gain=7.57738 11.5223 14.8518 9.06907 9.60061 17.3907 14.6782 9.1107 10.4608 16.2326 14.3479 10.3156 11.8892 8.95196 12.841 11.0926 9.94108 9.42389 9.48414 13.8482 8.97962 11.3646 18.488 11.325 13.3008 19.9543 17.7126 14.3557 17.4657 15.5231
threshold=5.5000000000000009 1.0000000180025095e-35 0 -0.25912698412698404 -0.18697089947089943 1 -0.073333333333332792 0.28000000000000075 5.4750000000000005 35.500000000000007 34.770000000000003 0.012249999999999874 1.5000000000000002 1.5000000000000002 36.82500000000001 2 -0.035000000000000579 3 4 -0.3332936507936507 4.5000000000000009 22.190000000000001 20.785000000000004 0.92816666666666425 -0.6883333333333338 5.2650000000000006 5 37.500000000000007 3.3050000000000002 13.365000000000002
decision_type=2 8 1 8 10 1 2 2 2 2 2 2 2 2 2 1 2 1 1 8 2 2 2 2 2 2 1 2 2 2
left_child=13 2 -2 -3 5 7 -7 8 9 -5 -10 -11 -13 14 17 -16 -17 18 19 -1 23 -22 -23 24 25 26 -19 28 -28 -29
right_child=1 3 -4 4 -6 6 -8 -9 10 11 -12 12 -14 -15 15 16 -18 20 -20 -21 21 22 -24 -25 -26 -27 27 29 -30 -31
leaf_value=0.054725923635822876 0.00038005457599108133 -0.017213780178158479 -0.01094423135102082 -0.0080731557359092505 -0.0006681710928882719 0.059949037542803792 -0.0064221529384307927 -0.0028179070688944402 0.091457169567543031 0.063080966334779193 0.014890290509969184 -0.031631244093119293 0.0375007456081538 0.00070315788661313853 -0.00075159838126349617 -0.017110653259490464 -0.0055717273741814378 -0.007914461083041939 0.0012513801765229205 -0.011422527080903959 -0.021885458675298883 0.058473706017548678 0.0091923083324111973 -0.0036141125337583418 0.0012271368149763863 0.084844588549162978 0.056804266682286254 0.081920682672485728 -0.0087473486538225467 0.026469666031600943
leaf_weight=5.1739863455295563 344.66514370124787 50.703663423657417 401.60229389555752 19.788615718483925 3489.7880282280967 5.6163499578833571 105.04968121554703 17.869197383522987 8.8881779685616475 14.490274354815481 6.9997005462646475 5.4500578045845058 14.759377799928187 24384.523137005977 524.7900111451745 169.90493262559175 402.35723067447543 44.473367940634489 262.86491530388594 237.68900771066546 16.793050959706306 13.01548110321164 189.72718597948551 479.55042887851596 380.3420477360487 6.432076856493949 8.5784134268760663 11.241625398397444 26.88568302243948 28.698735095560551
leaf_count=48 3228 475 3789 192 24875 50 876 126 69 120 54 50 132 164382 7241 2792 5718 415 2690 2428 160 121 1800 4863 3980 60 80 98 241 255
internal_value=0.000205595 -0.00131758 -0.00585565 -0.000411928 -0.000180976 0.00836659 -0.00280071 0.0203792 0.0291649 0.0208375 0.0577242 0.0373247 0.0188573 0.000456854 -0.00168164 -0.00505988 -0.00884311 0.000483814 -0.0040533 -0.00961729 0.00240054 0.00973678 0.012356 0.000791786 0.00496201 0.0162084 0.0125257 0.0226297 0.00710894 0.0420769
internal_weight=31678.7 4485.67 746.267 3739.4 3688.7 198.911 110.666 88.2454 70.3762 54.4883 15.8879 34.6997 20.2094 27193 2808.52 1097.05 572.262 1711.47 505.728 242.863 1205.74 219.536 202.743 986.202 506.652 126.31 119.878 75.4045 35.4641 39.9404
internal_count=231408 34036 7017 27019 26544 1669 926 743 617 494 123 302 182 197372 32990 15751 8510 17239 5166 2476 12073 2081 1921 9992 5129 1149 1089 674 321 353
cat_boundaries=0 1 2 3 4 5 6
cat_threshold=10638503 12191984 3427886 259 12077582 209045
is_linear=0
shrinkage=0.04


Tree=124
num_leaves=31
num_cat=5
split_feature=4 20 9 22 20 19 18 3 21 14 30 6 26 27 3 17 13 21 26 19 30 26 20 13 9 7 21 29 21 19
split_gain=6.90365 8.51963 17.4703 8.84721 5.68178 9.37292 7.75558 10.3196 10.8194 14.808 10.706 18.5049 9.41679 11.6428 9.84257 9.10891 8.96621 7.71094 7.51787 15.9403 12.6234 11.8633 11.5065 11.4652 11.4565 13.2068 11.277 11.1577 12.1314 9.76285
threshold=-0.12333333333333261 17.355000000000004 36.500000000000007 32.372500000000009 46.520000000000003 0 1.0000000180025095e-35 6.7950000000000008 60.685000000000009 0.21666666666666673 1 30.395000000000003 7.4450000000000012 2.1091666666666673 6.9050000000000011 0.10555555555555557 0.78888888888888908 46.170000000000009 6.1250000000000009 2 3 6.1750000000000007 45.70000000000001 0.2678571428571429 51.500000000000007 -0.12333333333333128 39.945000000000007 7.3350000000000009 36.390000000000008 4
decision_type=2 2 2 2 2 1 10 2 2 8 1 2 2 2 2 8 10 2 2 1 1 2 2 10 2 2 2 2 2 1
left_child=1 2 -1 -3 18 -6 7 -7 -9 10 11 -10 17 16 -15 -13 -14 -8 -2 20 -20 23 -22 26 -23 27 -21 28 -26 -25
right_child=4 3 -4 -5 5 6 12 8 9 -11 -12 15 13 14 -16 -17 -18 -19 19 21 22 24 -24 29 25 -27 -28 -29 -30 -31
leaf_value=-0.0038015920508823117 7.9768608743491093e-05 -0.010379709700262052 0.089697433809624777 0.041781450379998405 0.00064451326485089847 -0.013040954393974014 0.00010929286343542682 -0.005110747468311431 0.10491862396953484 0.074329023664127289 -0.0075883718669390171 0.048695743902592341 0.014141161648749756 -0.01596524343803048 0.018970728077699096 -0.019228770958082307 -0.0077440265580607081 -0.0044515032899805846 0.0032813354172877814 0.066894390423231073 -0.0085056325474928592 0.002158773259851927 0.0060257805758808869 0.016521210389533542 -0.0039648432761030918 0.00097024522792560754 0.016562707755621183 -0.0047725235914142603 0.044122040541312212 9.8764114596797524e-05
leaf_weight=12.165780989453198 22138.573803204112 206.55292543768883 4.3374698087573043 5.3371707983314982 2926.7416369877756 235.92588818445802 1117.872785449028 378.32344448566437 4.8991744704544571 5.764340639114379 34.130732476711273 6.0723146758973572 170.73682901263237 57.705040734261274 16.618671290576458 6.5838854946196088 36.324528891593218 1263.5342282131314 421.00165266171098 11.285927921533586 474.4789961874485 1686.3597758449614 106.81377566233277 118.20435949787498 10.389533396810291 60.98803573474288 19.306920904666185 14.363981027156113 43.707430485635996 116.08876211568713
leaf_count=120 164977 1570 31 45 20342 1801 7606 2718 35 41 245 42 1208 402 106 46 287 8790 2938 77 3270 11728 721 798 70 422 137 104 302 782
internal_value=1.94729e-05 -0.00690981 0.0207723 -0.00906585 6.97416e-05 -0.00100876 -0.00245444 -0.00630271 -0.00265465 0.0135193 0.0067374 0.0247905 -0.00149292 0.00542713 -0.00815361 0.0133607 0.0103019 -0.00231059 0.000337479 0.00218807 -0.00195383 0.0041726 -0.00573676 0.0121006 0.00303906 0.0145068 0.0351304 0.0265657 0.0348868 0.0090935
internal_weight=31711.2 228.393 16.5033 211.89 31482.8 6261.23 3334.49 671.7 435.774 57.4504 51.6861 17.5554 2662.79 281.385 74.3237 12.6562 207.061 2381.41 25221.6 3082.99 1002.29 2080.69 581.293 264.886 1815.81 129.449 30.5928 68.4609 54.097 234.293
internal_count=231761 1766 151 1615 229995 43669 23327 4928 3127 409 368 123 18399 2003 508 88 1495 16396 186326 21349 6929 14420 3991 1794 12626 898 214 476 372 1580
cat_boundaries=0 1 2 3 4 5
cat_threshold=12797046 11 8659301 166 1248266
is_linear=0
shrinkage=0.04


Tree=125
num_leaves=31
num_cat=5
split_feature=0 22 19 27 21 12 20 29 0 18 22 9 27 15 19 8 14 19 19 19 20 9 29 5 26 21 3 12 7 31
split_gain=8.84422 11.4185 17.1603 11.8288 8.91269 14.4939 9.7252 8.59595 13.8071 17.1048 21.3993 11.9214 11.0978 11.7439 10.6583 10.6562 12.5636 12.1757 10.5193 10.3764 10.3146 9.85034 9.99339 10.1112 9.60163 13.9249 9.28024 10.4876 9.10905 11.2664
threshold=1.5000000000000002 -4.2981666666666642 0 -1.5499999999999994 45.375000000000007 2.683333333333334 46.350000000000009 4.8850000000000007 3.5000000000000004 0.63333333333333341 -9.7436666666666643 24.500000000000004 -3.1941666666666659 3.5000000000000004 1 5.5000000000000009 -0.32018518518518507 2 3 4 35.815000000000005 49.500000000000007 2.0050000000000003 2.5000000000000004 4.0950000000000006 25.070000000000004 6.7550000000000008 4.6833333333333345 17.634166666666669 1.5000000000000002
decision_type=2 2 1 2 2 10 2 2 2 10 2 2 2 8 1 2 8 1 1 1 2 2 2 2 2 2 2 10 2 2
left_child=1 4 -3 -4 6 -6 -1 8 19 11 -11 12 13 -10 -14 16 -13 -17 21 -2 28 -18 23 -23 25 -21 27 -19 -20 -30
right_child=7 2 3 -5 5 -7 -8 -9 9 10 -12 15 14 -15 -16 17 18 26 20 24 -22 22 -24 -25 -26 -27 -28 -29 29 -31
leaf_value=0.0020008242438204664 0.0040159670236705313 -0.0081740318986759028 0.055535397829742962 -0.0011717474596756733 -0.028156329729207591 0.089143532497353462 -0.012086604788549497 0.00060499623048501736 0.12094101581171655 0.00048806126298921919 0.067090950298196964 -0.018327832950221699 0.0075681614993205193 -0.02142041409156448 -0.00059774716877086743 -0.01332985586937091 -0.0027957980172388132 0.014909692085256389 0.00041457781678878365 0.0014210980022873055 -0.0057119743592301455 -0.027359180115388532 -0.012652190950571508 0.012383394210672059 -0.0015012484388800379 0.016601836660784814 -0.0057463069363021257 -0.039173331595233458 0.04889333764358883 0.0072517841709486943
leaf_weight=1003.6141629479825 1187.2789224758744 858.57904963195324 5.911923222243785 1317.9136592447758 2.6838546693325034 4.5305885523557663 85.051654100418091 17528.192175060511 0.94756178464740415 19.3951016664505 12.820654831826685 77.394675355404615 372.93735656514764 43.030958986841142 772.0870695700869 316.73475207854062 1342.5766585571691 66.746826816350222 1904.1358005143702 787.96654401347041 464.81202451139688 12.769911438226698 340.19775599613786 51.753087878227234 2652.8725434318185 110.19827542826533 280.65992553159595 6.2762747835367909 13.068655794486402 50.825661187060177
leaf_count=9609 7804 11476 54 16099 42 67 1293 108701 22 118 76 806 4208 2395 8664 2555 9765 501 14436 6265 2845 89 2628 384 17023 789 2311 66 92 374
internal_value=-0.000170268 -0.00213751 -0.00381035 -0.000911619 0.0011939 0.0455067 0.000900249 5.66901e-05 -0.000826049 -0.00207646 0.0269935 -0.00222956 0.00136543 -0.0183531 0.00212279 -0.00309695 -0.00235884 -0.00778436 -0.00206317 0.000796672 -0.000351245 -0.00441947 -0.00991484 0.00451784 -0.000290182 0.00328366 -0.00237417 0.0102613 0.000913075 0.015769
internal_weight=31694 3278.28 2182.4 1323.83 1095.88 7.21444 1088.67 28415.7 10887.5 6149.17 32.2158 6116.95 1189 43.9785 1145.02 4927.95 4257.53 670.418 4180.14 4738.32 2432.84 1747.3 404.721 64.523 3551.04 898.165 353.683 73.0231 1968.03 63.8943
internal_count=231557 38640 27629 16153 11011 109 10902 192917 84216 52335 194 52141 15289 2417 12872 36852 31419 5433 30613 31881 17747 12866 3101 473 24077 7054 2878 567 14902 466
cat_boundaries=0 1 2 3 4 5
cat_threshold=3136000 12865633 14231426 13006914 14860288
is_linear=0
shrinkage=0.04


Tree=126
num_leaves=31
num_cat=1
split_feature=10 7 22 31 3 14 9 14 6 27 26 26 24 26 12 26 1 24 12 9 6 11 24 24 13 11 11 14 14 11
split_gain=6.9783 9.9223 8.53836 10.6999 6.48623 6.54044 7.7341 7.46671 8.03734 7.21824 6.52095 10.9905 5.51591 5.47548 14.7329 10.3429 12.7973 8.63893 11.4465 9.47488 12.6055 7.97495 9.35168 9.02113 7.53511 10.3889 13.0292 9.23091 9.53716 8.07906
threshold=0 15.298333333333334 -25.467499999999998 1.5000000000000002 7.1650000000000009 -0.15416666666666656 26.500000000000004 -0.19074074074074066 28.855000000000004 0.38166666666666732 5.8450000000000006 6.2550000000000008 9.5000000000000018 3.3050000000000002 4.5857142857142863 3.2350000000000008 37.150000000000006 1.0000000180025095e-35 4.8819444444444455 26.500000000000004 28.855000000000004 1.5000000000000002 1.5000000000000002 2.5000000000000004 0.10555555555555557 3.5000000000000004 8.5000000000000018 -0.1166666666666666 -0.12962962962962954 4.5000000000000009
decision_type=1 2 2 2 2 10 2 8 2 2 2 2 2 2 8 2 2 2 10 2 2 2 2 2 10 2 2 10 10 2
left_child=1 -1 -3 -4 13 7 12 8 -6 -8 -11 -12 -7 14 24 17 -17 18 -16 -19 -21 -22 -23 -24 27 -26 -27 28 -2 -29
right_child=4 2 3 -5 5 6 9 -9 -10 10 11 -13 -14 -15 15 16 -18 19 -20 20 21 22 23 -25 25 26 -28 29 -30 -31
leaf_value=-0.0040697519676271623 0.016838031211089202 -0.029547612005476138 0.072908293017046807 0.013653355207866948 0.035388623817309582 0.049932563292084148 -0.019360391446140292 0.036919860251249416 -0.020093386711767885 0.011693342562605109 -0.044074636160699371 -0.00035863927941243233 -0.0032168552766517113 9.317075362467344e-05 -0.01371800573979742 0.0051472816009151554 0.06645855220573435 -0.011317152523683307 0.060095220728176017 -0.022559247113319331 0.065964924522455406 -0.019200027982100069 0.063129305150319046 0.0048127591889332464 -0.006885730403937646 0.021525965243956679 -0.0094571531127079795 0.064212611447934512 -0.039660277626621741 0.013241571136980901
leaf_weight=969.43387044966221 74.501611974090338 5.4644769914448252 5.9650302622467271 26.703391150571406 5.8616073839366463 5.6397925466299039 94.017222080379725 10.845842365175487 14.541281767189501 30.083808831870556 12.618279963731764 33.980320766568184 7.0043067410588264 29856.094530716538 6.2859911397099477 23.399808991700414 7.0996557511389247 179.76372779533267 7.2250498216599226 14.028044167906044 5.6678572297096279 9.0735829211771506 7.706557177007201 9.4468599557876569 66.148584991693497 80.486825998872519 29.740941807627678 12.114592805504801 5.108216766268014 8.4430081434547883
leaf_count=13657 730 129 69 302 53 40 666 84 117 186 81 213 50 209944 65 223 67 2114 85 150 48 92 76 93 549 743 299 94 42 64
internal_value=8.56206e-06 -0.00325023 0.0167317 0.0244729 0.000116828 -0.00681295 -0.00969592 0.0101021 -0.00415379 -0.0119319 -0.00282402 -0.0121963 0.02049 0.00016578 0.00413442 -0.00251762 0.0194193 -0.00531474 0.0257537 -0.0071747 0.0090408 0.0229392 0.013641 0.0310128 0.0106218 0.00564594 0.0131663 0.0193833 0.0132128 0.0432788
internal_weight=31624.5 1007.57 38.1329 32.6684 30616.9 214.592 183.344 31.2487 20.4029 170.7 76.6824 46.5986 12.6441 30402.3 546.241 269.697 30.4995 239.198 13.511 225.687 45.9229 31.8949 26.227 17.1534 276.544 176.376 110.228 100.167 79.6098 20.5576
internal_count=231125 14157 500 371 216968 1490 1236 254 170 1146 480 294 90 215478 5534 3013 290 2723 150 2573 459 309 261 169 2521 1591 1042 930 772 158
cat_boundaries=0 1
cat_threshold=8
is_linear=0
shrinkage=0.04


Tree=127
num_leaves=31
num_cat=5
split_feature=12 3 12 31 0 19 13 8 7 19 3 20 26 19 19 29 7 21 15 7 3 3 3 0 26 29 19 1 31 14
split_gain=6.88209 6.41637 5.78374 11.5971 14.1832 15.0936 13.6279 12.2761 14.2267 12.3968 13.0172 10.0657 10.6279 12.7792 11.5461 13.9019 12.6415 10.3165 11.4456 11.422 11.3955 9.71187 10.1637 10.5815 9.04866 9.03304 9.03127 10.8064 10.288 8.83801
threshold=5.8452380952380958 6.6550000000000011 4.2928571428571436 2.5000000000000004 4.5000000000000009 0 0.10555555555555557 5.5000000000000009 -13.129166666666663 1 6.6550000000000011 27.800000000000004 5.0250000000000012 2 3 3.5650000000000004 16.691666666666674 44.705000000000005 3.5000000000000004 -6.5191666666666661 6.9750000000000005 6.785000000000001 6.8350000000000009 2.5000000000000004 4.285000000000001 4.0050000000000008 4 29.555000000000003 1.0000000180025095e-35 0.016666666666666673
decision_type=10 2 10 2 2 1 10 2 2 1 2 2 2 1 1 2 2 2 10 2 2 2 2 2 2 2 1 2 2 10
left_child=2 -2 11 4 5 25 7 8 -5 -9 -11 12 14 -14 16 -16 17 20 19 -19 -1 -12 -23 -24 -13 -4 -6 -28 -29 -21
right_child=1 -3 3 6 26 -7 -8 9 -10 10 21 24 13 -15 15 -17 -18 18 -20 29 -22 22 23 -25 -26 -27 27 28 -30 -31
leaf_value=-0.0009570999068074065 0.05935848452454108 -0.023749762047695383 -0.0019470497560551351 0.034480084874199721 -0.015556070199816452 -0.0051085178056078321 -0.0042203832753496028 -0.017476061870019526 0.003642972829647866 0.059518253578495051 -0.016418068889518449 -0.024126146249916686 -0.0024580726218523018 0.013907094967893619 -0.0016131029407059367 0.0041385814531039863 0.013758425162328322 0.079676483786222593 -0.0039209188435236856 0.044122196274702409 -0.011384138692183075 0.034404644589435658 0.025181614644171724 -0.01036724960606966 -0.00030446674106958849 0.0090193426206327514 -0.015331352756279835 -0.024074542639015834 0.0028755725038612425 0.0048938155852166218
leaf_weight=2646.5431346427649 1.5692266291007424 28.143727124668658 221.21682576369494 24.436031483113766 212.96586202643812 728.96435597538948 670.80056448373944 79.836940695531666 1173.1035033734515 6.0121723208576432 41.925137497484684 25.543918091803789 117.97381750494242 213.2350737452507 908.47322701849043 2587.0238239131868 93.16640093177557 5.5762518569827071 36.791748337447643 14.127628736197947 179.0439513977617 17.377178349532187 18.886782476678491 46.0937878806144 20994.332988724113 263.12248652800918 107.75495743751526 25.408250755630434 209.81617248617113 26.287382133305073
leaf_count=19775 60 1519 1945 232 2709 5866 5355 869 11463 57 464 201 768 1385 7064 18713 661 39 269 97 1358 183 162 536 143808 1941 1286 299 2532 173
internal_value=-0.000118866 -0.0193606 -0.000100828 -0.00155448 -0.00393466 -0.00151037 0.000471598 0.00270748 0.00427221 -0.00620992 0.00188954 0.00010002 0.00143429 0.00842363 0.00107799 0.00263619 -0.000742949 -0.00121004 0.0127082 0.0260111 -0.00161781 -0.000746203 0.00723174 -3.48739e-05 -0.000333415 0.00392943 -0.00922546 -0.0047039 -3.54997e-05 0.0186066
internal_weight=31725.6 29.713 31695.8 3847.72 1769.25 1213.3 2078.47 1407.67 1197.54 210.132 130.295 27848.1 6828.24 331.209 6497.03 3495.5 3001.54 2908.37 82.783 45.9913 2825.59 124.283 82.3577 64.9806 21019.9 484.339 555.945 342.979 235.224 40.415
internal_count=231789 1579 230210 35899 16578 9752 19321 13966 11695 2271 1402 194311 50302 2153 48149 25777 22372 21711 578 309 21133 1345 881 698 144009 3886 6826 4117 2831 270
cat_boundaries=0 1 2 3 4 5
cat_threshold=2763938 13375873 2466628 6900883 10918980
is_linear=0
shrinkage=0.04


Tree=128
num_leaves=31
num_cat=6
split_feature=11 19 12 19 4 18 29 9 19 20 0 27 7 4 6 30 30 9 6 27 13 9 0 11 7 31 9 9 19 4
split_gain=7.08417 13.3121 11.3878 13.133 14.5921 9.87622 11.0437 9.12659 8.71488 12.6863 12.054 11.1864 9.95993 13.2523 11.8971 11.1982 10.7383 11.732 10.6546 9.3366 9.3424 13.1842 9.18702 8.60745 13.8377 8.21747 10.3228 9.47148 8.10152 8.09268
threshold=4.5000000000000009 0 3.5277777777777781 1 -0.13333333333333328 0.70833333333333337 6.0950000000000006 61.500000000000007 2 46.520000000000003 5.5000000000000009 1.1466666666666669 1.6074999999999984 -0.069999999999999826 35.515000000000008 3 4 23.500000000000004 42.430000000000007 0.34000000000000036 0.21111111111111114 30.500000000000004 2.5000000000000004 11.500000000000002 8.3655000000000026 1.5000000000000002 28.500000000000004 36.500000000000007 5 0.085500000000000145
decision_type=2 1 10 1 2 10 2 2 1 2 2 2 2 2 2 1 1 2 2 2 10 2 2 2 2 2 2 2 1 2
left_child=1 7 3 4 -2 -6 25 -1 10 11 12 -10 16 14 -14 19 17 28 -16 -15 -21 -22 -20 -12 -25 -7 -27 -28 -4 -11
right_child=2 -3 8 -5 5 6 -8 -9 9 29 23 -13 13 15 18 -17 -18 -19 22 20 21 -23 -24 24 -26 26 27 -29 -30 -31
leaf_value=0.0006293160427134415 -0.03024747993016939 -0.0021185732761836184 0.014326245671294891 -0.00014651862770139498 0.0027407849708468769 -0.019479511491479178 -0.016083750842798943 0.021259485449879739 -0.0021695856162115704 -0.012637436844784756 -0.0068710192293757275 0.012297199893011016 -0.019724631069137868 0.0037661790894386801 0.040778832048297263 -0.0068702051102594213 0.0012235317378802592 0.009846250568164034 -0.02228017496525761 0.0028775667394022727 0.016045679370930929 -0.032825240343363198 0.024501521413950719 0.0020777827270226316 0.0672193744660846 -0.023480142338763343 0.077234650031738655 0.017347182575345489 -0.019852051827422917 0.035682519310568241
leaf_weight=3904.8589746849611 21.864536497741938 6716.7662038607523 9.4013955434784275 7918.9152761399746 5605.347712084651 10.517232432961462 89.825357526540756 34.614309459924698 3386.4286262597889 226.79460031911731 466.494988004677 87.735677488148212 12.632482338696716 442.56060898210853 27.850396149791777 530.9407363710925 1513.7802706854418 467.27844211738557 11.17365374043584 47.456105377525091 11.397972304373978 39.237300932407379 16.837595801800489 30.477003517560661 6.2952662762254468 5.9390300959348705 6.2654230222106007 12.977092541754244 29.508789245039225 5.6847448386251918
leaf_count=29029 171 47958 105 54580 39160 77 677 245 27577 1707 4877 623 98 3375 217 4000 11777 3511 94 323 76 275 119 291 56 41 41 91 329 41
internal_value=-0.000197404 -0.00103769 0.000228147 0.000911371 0.00236375 0.0024923 -0.00860412 0.000808531 -0.00103927 -0.00240311 0.000346318 -0.00180425 0.00126294 -0.00172619 0.0153317 -0.0028165 0.00295002 0.00793229 0.0232593 0.00126802 -0.00987373 -0.0218244 0.00584036 -0.00540231 0.0132298 0.0102161 0.0226187 0.0368467 -0.0130141 -0.0114559
internal_weight=31697.9 10656.2 21041.6 13671.7 5752.74 5730.87 125.524 3939.47 7369.97 3706.64 3663.32 3474.16 3160.06 1140.09 68.4941 1071.59 2019.97 506.189 55.8616 540.652 98.0914 50.6353 28.0112 503.267 36.7723 35.6988 25.1815 19.2425 38.9102 232.479
internal_count=231541 77232 154309 94838 40258 40087 927 29274 59471 29948 29523 28200 24299 8577 528 8049 15722 3945 430 4049 674 351 213 5224 347 250 173 132 434 1748
cat_boundaries=0 1 2 3 4 5 6
cat_threshold=5450624 809321 10937494 27 224 8396802
is_linear=0
shrinkage=0.04


Tree=129
num_leaves=31
num_cat=8
split_feature=12 19 14 0 3 10 7 14 30 19 27 7 1 19 1 19 14 12 12 30 14 6 17 9 28 25 3 6 27 11
split_gain=7.01061 13.0955 8.80017 7.5121 8.25049 7.95698 12.0266 9.00057 8.37214 7.47559 7.17887 7.34471 6.88996 10.4162 8.89133 14.9576 8.1499 12.6494 12.6188 10.5961 10.3808 9.93783 9.10456 17.7477 17.6977 10.0117 9.4008 9.8644 8.78289 8.69392
threshold=2.0500000000000003 0 0.020019841269841302 5.5000000000000009 7.0050000000000008 1 -0.77000000000000124 0.20000000000000001 2 3 -0.74633333333333318 2.3341666666666652 38.305000000000007 4 36.855000000000011 5 0.12037037037037045 2.9500000000000006 3.2928571428571431 6 -0.011011904761904749 24.450000000000006 1.0000000180025095e-35 51.500000000000007 2.5000000000000004 7 6.9650000000000007 58.860000000000007 1.4466666666666668 9.5000000000000018
decision_type=10 1 8 2 2 1 2 8 1 1 2 2 2 1 2 1 10 10 10 1 10 2 10 2 2 9 2 2 2 2
left_child=1 3 -3 4 5 9 7 -7 -9 10 -1 -12 14 16 -2 -16 17 19 -19 20 -14 -18 23 24 -23 28 27 -27 29 -24
right_child=12 2 -4 -5 -6 6 -8 8 -10 -11 11 -13 13 -15 15 -17 21 18 -20 -21 -22 22 25 -25 -26 26 -28 -29 -30 -31
leaf_value=-0.034111237541751591 2.075760470729286e-05 0.0306702783260248 -0.0072274591467596872 0.0088494199508451638 -0.023329396280080485 0.06877306783640029 -0.0011396515923949259 -0.0068986955379129501 0.027095803405014388 -0.0056022125759281165 0.01801331285047859 -0.0058333395166155835 -0.012710685440181559 -0.00010102503603545136 -0.0069404371637829853 0.0002000069746434879 0.019633529508786444 0.0098563618694727986 0.0016120214570126729 -0.011176238379533932 0.0096901675461315961 -0.023760088413728706 0.0047330150127378361 0.082903024038113546 0.049090399828079931 -0.00066131760273083705 0.020060005371536065 0.041454486164010297 0.061195121147849675 0.050772492670203839
leaf_weight=6.2994006872177115 21518.960477284156 9.9445104934275133 691.75735393725336 155.66453464142978 25.452746629714966 6.4195733480155468 71.096058659255505 17.368684720247984 25.153867028653622 320.46903523802757 61.624659702181816 31.091369029134512 47.547766271978617 3980.2079105358571 802.90929825324565 1118.2014801027253 86.809088073670864 368.41785051673651 1533.3747621644288 188.25108792260289 108.92692428827286 11.786639951169496 26.723904486745596 6.9074425473809233 9.7481742762029153 427.84164742007852 41.849317464977503 9.0871610194444639 8.5563176013529283 8.6987299509346467
leaf_count=54 157439 69 5043 981 179 45 531 120 187 2462 462 236 325 28977 5876 8159 582 2516 11845 1302 741 77 175 46 68 2882 267 61 56 57
internal_value=-1.44333e-05 -0.00275901 -0.00659637 0.0010544 -0.00107466 -2.47576e-05 0.00864502 0.0246252 0.0179602 -0.00264862 0.00654786 0.0100166 0.000114382 0.00122888 -0.000212014 -0.00281936 0.00305372 0.00193123 0.00320913 -0.00511869 0.00271005 0.007054 0.00507284 0.0271124 0.00921718 0.00387371 0.00190938 0.000214599 0.0202254 0.0160389
internal_weight=31727.1 1422.34 701.702 720.64 564.975 539.523 120.038 48.9421 42.5226 419.484 99.0154 92.716 30304.8 6864.73 23440.1 1921.11 2884.53 2246.52 1901.79 344.726 156.475 638.008 551.199 28.4423 21.5348 522.757 478.778 436.929 43.979 35.4226
internal_count=231820 10369 5112 5257 4276 4097 883 352 307 3214 752 698 221451 49977 171474 14035 21000 16729 14361 2368 1066 4271 3689 191 145 3498 3210 2943 288 232
cat_boundaries=0 1 2 3 4 5 6 7 8
cat_threshold=3589659 5 184 131082 608101 14078096 368 4
is_linear=0
shrinkage=0.04


Tree=130
num_leaves=31
num_cat=5
split_feature=27 0 19 19 15 12 12 13 19 26 19 20 27 4 21 22 14 27 26 8 14 6 6 25 12 17 22 26 29 13
split_gain=6.91809 27.7023 13.7452 10.397 10.8384 8.72269 8.51387 9.51954 10.9118 10.5958 10.7277 12.7064 9.69039 9.93264 9.28986 9.19103 13.1872 8.96293 8.78042 8.68756 8.50506 8.0146 9.6784 7.81398 8.30407 12.2385 10.3472 7.39522 8.29727 8.01538
threshold=1.4708333333333334 4.5000000000000009 0 1 1.5000000000000002 4.3166666666666673 1.7638888888888891 0.5277777777777779 2 6.6050000000000013 3 49.555000000000007 1.7136666666666669 -0.063333333333333894 47.605000000000011 13.052666666666665 -0.020800264550264538 1.5536666666666668 6.3850000000000007 3.5000000000000004 -0.066666666666666666 60.305000000000007 47.835000000000008 4 3.7321428571428577 0.11805555555555557 16.46583333333334 7.8050000000000006 7.3850000000000007 0.70714285714285718
decision_type=2 2 1 1 8 10 8 8 1 2 1 2 2 2 2 2 10 2 2 2 8 2 2 9 10 8 2 2 2 10
left_child=-1 2 5 4 -3 20 -4 9 -9 10 11 15 13 -12 -14 16 -8 -18 -16 -19 -2 22 -5 24 27 26 -26 29 -29 -22
right_child=1 3 6 21 -6 -7 7 8 -10 -11 12 -13 14 -15 18 -17 17 19 -20 -21 23 -23 -24 -25 25 -27 -28 28 -30 -31
leaf_value=-0.0001464381949406705 -0.021928106769360405 0.0068385348041039989 -0.023829334447570294 0.01116580436396903 -0.007563706548785556 0.050340767991779826 0.077095173806216305 0.01013114177035093 -0.004573467231706276 -0.012992289482381132 0.060195157291221699 0.039135205714410287 -0.034802410878641214 -0.0045805018126322044 0.028754624207384435 -0.0060997993917569571 0.043906265018744874 -0.023258660605801049 -0.031230076921464022 0.018763907249025887 0.0054647315012255546 0.050217417945491727 -0.015231950648002753 -0.0034230766503237278 -0.019124873787947347 0.073401045628319311 0.039577404674023445 0.07053727764110293 0.0061443480341434042 -0.012644458056655736
leaf_weight=29110.649809231982 22.317587878555059 242.62956044077873 35.599193762987852 573.23078599572182 127.5559770911932 6.1201489716768256 5.061415694653987 128.66582607105374 184.65210561826825 254.82481400668621 4.0638247169554225 16.4001075476408 36.608427751809359 55.717248719185591 8.7222856096923334 83.804479010403156 8.9649226926267129 15.145884912461044 7.0685190521180621 16.388756830245256 433.3063219897449 8.0930025279521924 23.118564710021019 204.49992806091905 9.2481609508395248 6.9182731248438349 9.9983218349516374 5.7062862403690797 7.2944810837507248 42.985767312347889
leaf_count=213599 176 1317 292 3099 700 57 38 983 1440 2033 36 136 297 407 67 714 64 112 66 121 3383 43 124 1611 67 61 82 49 62 339
internal_value=2.9652e-05 0.00201289 -0.00120897 0.0073354 0.00182657 0.00274633 -0.00462247 -0.00385073 0.00164245 -0.00720722 -0.00149215 0.0055834 -0.0102684 -0.000177153 -0.0237409 0.00176153 0.0162216 0.00861393 0.00190336 -0.00141926 0.00239091 0.0105052 0.0101424 0.00314476 0.00570616 0.0277719 0.0113703 0.00464282 0.0344076 0.00383036
internal_weight=31695.4 2584.71 1610.08 974.628 370.186 748.395 861.688 826.089 313.318 512.771 257.946 145.766 112.18 59.7811 52.3992 129.365 45.561 40.4996 15.7908 31.5346 742.275 604.442 596.349 719.958 515.458 26.1648 19.2465 489.293 13.0008 476.292
internal_count=231575 17976 12693 5283 2017 5887 6806 6514 2423 4091 2058 1185 873 443 430 1049 335 297 133 233 5830 3266 3223 5654 4043 210 149 3833 111 3722
cat_boundaries=0 1 2 3 4 5
cat_threshold=3867861 4981221 8677384 4205346 5
is_linear=0
shrinkage=0.04


Tree=131
num_leaves=31
num_cat=4
split_feature=9 19 19 29 4 0 3 26 16 13 6 24 17 0 22 19 4 4 19 26 14 20 26 14 7 5 27 3 12 17
split_gain=6.4393 20.7434 12.7628 11.1078 10.2205 10.2176 9.53184 14.7977 9.48165 9.06213 8.37197 8.5985 8.3202 8.66014 12.7559 11.2319 21.5612 9.84488 9.33935 10.0324 11.4881 8.24528 7.98502 7.88444 7.87243 11.742 15.3354 10.5946 7.78108 10.9409
threshold=48.500000000000007 0 1 8.1050000000000022 0.0016666666666664833 1.5000000000000002 7.1350000000000007 5.2150000000000007 0.45000000000000007 0.10555555555555557 46.465000000000011 17.500000000000004 0.47222222222222227 4.5000000000000009 -5.7199999999999962 2 -0.041666666666666512 -0.046666666666666405 3 4.5450000000000008 -0.070370370370370319 35.020000000000003 3.1350000000000002 -0.18697089947089943 -7.7575000000000012 4.5000000000000009 -0.033333333333332986 7.0250000000000012 3.5277777777777781 1.0000000180025095e-35
decision_type=2 1 1 2 2 2 2 2 10 8 2 2 10 2 2 1 2 2 1 2 10 2 2 8 2 2 2 2 10 8
left_child=2 10 9 4 23 -4 -6 -8 -5 -1 11 12 13 22 18 16 17 -16 19 -15 -21 -14 -2 -3 25 26 -18 -26 29 -7
right_child=1 3 5 8 6 28 7 -9 -10 -11 -12 -13 21 14 15 -17 24 -19 -20 20 -22 -23 -24 -25 27 -27 -28 -29 -30 -31
leaf_value=0.0024302635203759791 0.037803762270511888 0.0081515588008680834 -0.0020723937503375027 0.054397040449893706 -0.005468952047368387 0.0088524769285148186 -0.0033971739020067886 0.074338655234972684 -0.0058496816623690006 -0.00098639022695380684 -0.0062284627967815875 0.025090006147021681 0.027268675158454637 -0.01027614468076222 0.027540756858830426 -0.0034607723732094785 -0.010357974021558018 0.083644930695286668 -0.011271403012732844 0.070130788185902099 0.0070665268119728683 -0.014403453079024547 0.0032608310439054696 -0.0017502325301354644 -0.00095939778691160908 -0.0034478162019697034 0.063512819111879865 0.033319447805390055 0.00029652209955584568 0.00203439271266101
leaf_weight=1416.9246591208503 10.763966254889963 143.32263504713774 1336.2119523137808 9.8932690322399157 1947.9460111893713 397.08075881004333 10.872945986688139 6.1253024339675894 7.2370809055864802 10065.436298219487 221.19801167026162 25.218205235898495 8.3930733576416952 17.849066521972418 25.249710150063041 318.39824889972806 6.5025150850415256 6.2412155494093886 232.39380356296897 7.48537499457598 12.080577343702315 80.079753905534744 2031.9397240765393 1258.1638379022479 232.44881239160895 17.728391051292419 14.574787020683287 15.38072609901428 4529.1208320884034 7291.1668547168374
leaf_count=13818 87 1126 16523 64 14236 2496 86 40 52 70186 1551 171 59 169 162 2109 52 38 1975 60 83 580 14468 8907 1558 133 84 102 35956 44644
internal_value=0.000122697 -0.000981958 0.000416886 -0.00317447 -0.00334734 0.00124761 -0.0052087 0.0246149 0.0289445 -0.000564283 0.00128284 0.00182951 0.00163639 0.001999 -0.00125518 0.00183435 0.00702205 0.0386601 -0.00854388 0.00900355 0.0311931 -0.0104502 0.00344285 -0.000737629 0.00379114 0.0205436 0.0407231 0.00116801 0.00161174 0.00238653
internal_weight=31703.4 6667.49 25035.9 3383.56 3366.43 13553.6 1964.94 16.9982 17.1303 11482.4 3283.93 3062.73 3037.51 2949.04 906.333 636.524 318.126 31.4909 269.809 37.415 19.566 88.4728 2042.7 1401.49 286.635 38.8057 21.0773 247.83 12217.4 7688.25
internal_count=231575 47952 183623 24511 24395 99619 14362 126 116 84004 23441 21890 21719 21080 6525 4238 2129 200 2287 312 143 639 14555 10033 1929 269 136 1660 83096 47140
cat_boundaries=0 1 2 3 4
cat_threshold=6710070 2253487 6308358 20
is_linear=0
shrinkage=0.04


Tree=132
num_leaves=31
num_cat=6
split_feature=4 19 1 7 27 29 20 19 26 19 22 7 9 19 3 15 13 7 28 24 27 7 20 19 4 30 26 12 26 22
split_gain=8.95758 11.4083 10.1322 12.0061 7.7141 7.12484 13.4942 19.3825 13.8686 18.8157 15.0013 11.304 11.077 10.5265 9.94985 9.66084 11.4018 14.5096 9.20551 8.99907 15.7253 9.69499 8.93359 9.38417 9.52458 10.5602 9.4668 9.30792 13.0319 9.09801
threshold=-0.059999999999999158 0 41.465000000000011 13.635000000000002 -0.088333333333333583 4.7550000000000008 27.475000000000005 1 4.8450000000000006 2 22.227500000000006 -17.332666666666665 37.500000000000007 3 7.3850000000000007 5.5000000000000009 0.11805555555555557 -1.2133333333333363 2.5000000000000004 1.0000000180025095e-35 -0.4066666666666669 -0.70666666666666511 38.785000000000004 4 -0.0066666666666663757 5 6.0250000000000012 3.0500000000000003 6.0850000000000009 -10.189166666666665
decision_type=2 1 2 2 2 2 2 1 2 1 2 2 2 1 2 8 10 2 2 2 2 2 2 1 2 1 2 10 2 2
left_child=1 2 -1 4 -4 11 7 -7 9 10 18 13 15 -2 -13 19 -17 -18 -8 20 21 -9 23 26 25 -25 -10 -28 -29 -27
right_child=5 -3 3 -5 -6 6 8 12 22 -11 -12 14 -14 -15 -16 16 17 -19 -20 -21 -22 -23 -24 24 -26 29 27 28 -30 -31
leaf_value=-0.0090085128934538836 -0.00074747524387293871 -0.00080622448110176555 0.018691219654240653 0.051857180865361611 -0.0091315358571336016 0.0070687758592685532 0.042491513067900305 0.035201454635025733 -0.00083898659976998368 -0.010629314654912294 0.057005496396083266 -0.00044533403746652232 -0.0023740017704165016 -0.018105104774685344 -0.043553286435325272 -0.021869937460750572 0.061222771143658546 -0.015865066251975372 0.00017563156861231295 0.006040859269581208 0.067092940245674318 -0.031246725512608316 -0.00026846166466791576 -0.0045604315426534545 0.0048966853517752006 0.022906401470605992 0.0016320076158280541 0.075896195566128782 0.016092037288686391 0.0022868656987465518
leaf_weight=541.43285173736513 123.44639204628766 2096.7046639993787 25.072010624222457 8.3239923994988185 43.7956971116364 1177.6042187437415 9.0421270653605443 7.2519519291818142 2090.9800629019737 371.14807898551226 9.3389076516032201 10026.147454781458 934.89514743536711 103.77057729940861 8.5741865057498199 39.072592470794916 7.0287263989448538 8.7949575334787351 91.074089430272579 347.89969979599118 10.855207338929175 6.8144092783331889 10438.770347371697 434.57197763025761 1930.9658201485872 36.107459872961044 62.825966209173203 6.9619615375995627 35.855438932776451 661.28587085753679
leaf_count=4261 1017 16221 194 69 341 8439 58 57 13995 2663 61 80537 6798 888 67 317 61 69 661 2422 68 48 71014 2918 12942 254 422 47 253 4453
internal_value=-4.06962e-05 -0.00223753 -0.00696305 0.00648209 0.00099763 0.000165132 0.000629499 0.00333988 0.000203949 -0.00648927 0.00780693 -0.000681937 6.49126e-05 -0.00950447 -0.000482168 0.00539735 -0.010269 0.0183766 0.00399745 0.00770415 0.0309234 0.00301082 0.000408862 0.00175316 0.00317848 0.00027556 -0.000247617 0.0114338 0.025816 0.00330702
internal_weight=31696.4 2715.33 618.625 77.1917 68.8677 28981.1 18719.1 2540.22 16178.9 480.603 109.455 10261.9 1362.61 227.217 10034.7 427.718 54.8963 15.8237 100.116 372.821 24.9216 14.0664 15698.3 5259.55 3062.93 1131.97 2196.62 105.643 42.8174 697.393
internal_count=231615 21086 4865 604 535 210529 128020 18279 109741 3443 780 82509 9840 1905 80604 3042 447 130 719 2595 173 105 106298 35284 20567 7625 14717 722 300 4707
cat_boundaries=0 1 2 3 4 5 6
cat_threshold=3348768 14297258 4490625 10835516 8784477 7
is_linear=0
shrinkage=0.04


Tree=133
num_leaves=31
num_cat=6
split_feature=28 19 14 4 19 0 13 19 17 7 14 6 7 7 6 4 14 30 14 6 7 9 6 22 22 14 19 22 19 29
split_gain=9.35315 12.5722 10.937 9.48457 13.1201 9.29902 9.13573 11.722 11.3621 10.5333 9.39378 10.572 9.29229 8.76922 10.7238 9.97598 11.6574 8.69872 9.94547 8.49967 10.2371 9.60152 9.23596 20.3168 8.24409 8.2093 14.2681 9.94407 8.75179 8.03648
threshold=5.5000000000000009 0 -0.32018518518518507 -0.059999999999999158 1 3.5000000000000004 0.29285714285714287 2 0.23611111111111113 -1.0000000180025095e-35 0.075925925925926022 31.675000000000004 0.72916666666666796 7.3941666666666679 36.495000000000012 -0.046333333333333553 -0.016666666666666701 3 0.0092592592592592882 27.645000000000003 -6.4116666666666662 39.500000000000007 22.190000000000001 -10.854999999999997 -12.008166666666661 0.066732804232804269 4 21.42583333333334 5 5.9750000000000005
decision_type=2 1 8 2 1 2 10 1 10 2 10 2 2 2 2 2 10 1 10 2 2 2 2 2 2 10 1 2 1 2
left_child=3 2 -2 4 -1 6 -3 8 13 -9 11 -10 -11 14 19 -16 -17 18 -6 22 -21 -22 -8 -24 -23 26 27 -20 -27 -7
right_child=1 5 -4 -5 17 29 7 9 10 12 -12 -13 -14 -15 15 16 -18 -19 25 20 21 24 23 -25 -26 28 -28 -29 -30 -31
leaf_value=-0.0068301821251962004 -0.02382601784414768 -0.00088848960714734792 -0.005012967317999658 0.0002525006386168177 0.0067449112642528298 -0.0039057967742904872 0.0086200155474508884 -0.0086612670276391222 0.039447379176944082 0.03951156356706869 -0.022780060402430972 -0.006225989301972175 0.0044757880064350275 -0.0029526689905825798 -0.0031520361096755694 0.028442535533573027 0.078351953023424667 -0.0039530919833490252 -5.9372865534546182e-05 -0.040712274596162196 0.032568028526081129 -0.036752781862570937 0.0087725526339877194 0.10294695289856681 0.011352604135607694 0.0089251830415872334 -0.020284618755436266 0.054283006199102896 -0.0024389013520345558 0.0057147893516066375
leaf_weight=723.97904682531953 52.162054676562548 611.91388117522001 948.24137347750366 25813.475248145871 408.39258668012917 1197.2436389122158 11.428443219512703 109.97121760621667 13.257321342825888 13.707471262663601 20.431415535509586 20.87944495677948 104.06702778488398 22.280117429792881 6.318046770989894 15.765982501208784 14.260929383337496 666.22918836772442 68.509401369839907 6.1438950784504405 23.937582261860371 7.8242707923054722 7.2192593701183796 7.4454625993967039 20.99474385753274 150.57915439084172 75.145713921636343 5.8476147353649131 326.21931368857622 157.16254809871316
leaf_count=5549 827 5431 9998 176586 3020 15407 90 865 102 103 155 153 805 171 51 121 109 5042 511 50 186 64 62 59 161 1128 555 49 2465 1239
internal_value=-0.000210598 -0.00219501 -0.00593458 2.78163e-05 -0.00236399 -0.000603851 0.00224256 0.00674077 0.0135274 0.0002309 -0.00132783 0.0115117 0.00855351 0.0201135 0.0243489 0.0425336 0.0521464 -0.000420371 0.00187038 0.0165728 0.00815357 0.0138444 0.0355776 0.0565861 -0.00170786 -0.00127829 -0.00945662 0.00371467 0.00128606 -0.00278944
internal_weight=31631 3392.66 1000.4 28238.4 2424.9 2392.25 1037.85 425.933 198.187 227.746 54.5682 34.1368 117.774 143.619 121.339 36.345 30.0269 1700.92 1034.69 84.9937 58.9005 52.7566 26.0932 14.6647 28.819 626.301 149.503 74.357 476.798 1354.41
internal_count=231114 36209 10825 194905 18319 25384 8738 3307 1534 1773 410 255 908 1124 953 281 230 12770 7728 672 461 411 211 121 225 4708 1115 560 3593 16646
cat_boundaries=0 1 2 3 4 5 6
cat_threshold=1117203 3354928 4485508 333 822345 12583554
is_linear=0
shrinkage=0.04


Tree=134
num_leaves=31
num_cat=5
split_feature=23 22 19 21 0 19 27 9 14 19 3 19 1 16 26 19 6 27 6 14 6 27 29 1 20 6 17 20 27 14
split_gain=6.03436 11.9006 16.2285 10.2629 9.13861 10.6401 10.0987 10.0787 10.8519 10.7895 10.6903 9.88043 9.96169 9.61291 10.0413 9.39338 11.1866 14.5052 9.48009 8.8558 16.387 12.7812 8.68003 11.7127 8.45447 9.27094 8.4418 8.35766 8.46688 8.30429
threshold=4.5000000000000009 -14.23833333333333 0 23.455000000000002 4.5000000000000009 1 1.583666666666667 28.500000000000004 0.090740740740740775 2 7.0750000000000011 3 41.465000000000011 0.63333333333333341 6.7750000000000012 4 36.555000000000007 0.30999999999999989 24.675000000000004 0.12705026455026455 27.185000000000006 1.3508333333333338 5.4250000000000007 39.955000000000005 20.320000000000004 34.665000000000006 0.15476190476190479 46.180000000000007 0.99666666666666648 0.28346560846560859
decision_type=2 2 1 2 2 1 2 2 10 1 2 1 2 10 2 1 2 2 2 10 2 2 2 2 2 2 10 2 2 10
left_child=1 2 -1 -4 5 -2 7 10 27 19 -7 13 22 14 -6 -15 18 -18 -17 20 -10 -21 29 -24 26 -26 -11 -9 -29 -13
right_child=4 -3 3 -5 11 6 -8 8 9 24 -12 12 -14 15 -16 16 17 -19 -20 21 -22 -23 23 -25 25 -27 -28 28 -30 -31
leaf_value=-0.0019563557060495603 0.002545225663049789 0.00021586987496735756 0.011366082567722731 0.064356865316208864 -0.00036308246939961947 -0.0051148372996499989 -0.02218898216111434 -0.00013115792371792216 -0.034014807042738272 0.011316312151125897 0.02600398029028923 -0.0058733946783132438 -0.014454973349475528 -0.0047503733370297388 -0.014527583855798895 0.046241576758253265 0.017942654877717616 0.082129700315995036 -0.0028460336675307598 -0.0088506680149250914 0.020262153263623805 0.050616641462706939 0.0017094699341646607 0.045959941061308442 0.0020702746122652623 0.017361095194599482 0.070806159890072037 -0.0058768640543529274 -0.033298007675411231 0.0162734033737944
leaf_weight=230.46368932630867 1826.9193266229704 22666.829214843921 303.24710876494646 5.9627530872821799 1269.0759628070518 931.88405295461416 36.199322447180748 2125.1094599664211 10.674955971539019 7.8868241608142835 18.004305112175643 1038.109618537128 162.46987648122013 37.673757612705231 85.470309376716614 8.339937284588812 13.220926709473135 9.8150635212659818 25.67139608412981 145.55573286116123 53.52490234747529 6.0220006108283988 169.64396237209439 10.142889894545077 131.08872817829251 122.94364405423403 7.3951360732316971 194.81525547802448 19.852542571723461 27.815328426659107
leaf_count=1830 13682 156461 2405 40 12957 7801 293 15890 75 53 154 10989 1602 254 546 56 94 55 174 1038 377 46 1216 73 932 865 54 1418 149 168
internal_value=2.17369e-05 0.000355639 0.00622607 0.0119999 -0.000890375 4.36133e-05 -0.00115926 -0.000960661 0.000237884 0.00568277 -0.00452501 -0.00273318 -0.00510295 -0.000392668 -0.00125685 0.0119239 0.0202233 0.0452912 0.00919077 -0.00116056 0.0112371 -0.0064881 -0.00392419 0.00420591 0.0108075 0.00947055 0.0401042 -0.000890973 -0.00841278 -0.00529547
internal_weight=31701.8 23206.5 539.674 309.21 8495.33 5637.88 3810.96 3774.76 2824.87 485.092 949.888 2857.45 1408.18 1449.27 1354.55 94.7211 57.0473 23.036 34.0113 215.778 64.1999 151.578 1245.71 179.787 269.314 254.032 15.282 2339.78 214.668 1065.92
internal_count=231747 160736 4275 2445 71011 42827 29145 28852 20897 3440 7955 28184 14048 14136 13503 633 379 149 230 1536 452 1084 12446 1289 1904 1797 107 17457 1567 11157
cat_boundaries=0 1 2 3 4 5
cat_threshold=13869890 2544192 1581325 14166237 8921112
is_linear=0
shrinkage=0.04


Tree=135
num_leaves=31
num_cat=7
split_feature=5 12 19 20 6 11 30 19 19 27 1 20 27 19 4 22 4 30 22 1 12 4 19 21 1 4 15 27 4 28
split_gain=6.48216 9.95778 18.7395 13.9532 10.9922 15.6567 8.68561 13.2822 12.4995 11.5434 9.58647 8.44994 12.6747 11.1971 11.649 16.9011 12.1388 8.84194 9.15468 8.49373 8.05963 13.006 7.92715 8.18865 11.4076 13.7016 7.77896 7.79651 10.0462 8.30727
threshold=3.5000000000000004 4.8452380952380958 0 18.675000000000004 35.105000000000011 1.5000000000000002 1 2 3 1.0783333333333336 48.295000000000009 25.295000000000005 -0.39666666666666622 4 0.081666666666667456 0.45916666666666478 0.0016666666666664833 5 8.8741666666666692 33.395000000000003 3.8166666666666669 0.044999999999999492 6 48.495000000000005 40.665000000000006 0.012249999999999874 4.5000000000000009 -2.0481666666666656 0.0016666666666664833 5.5000000000000009
decision_type=2 10 1 2 2 2 1 1 1 2 2 2 2 1 2 2 2 1 2 2 10 2 1 2 2 2 10 2 2 2
left_child=-1 6 3 -3 -5 -6 8 10 11 -9 -8 12 -2 14 16 -16 19 18 20 -14 -15 -22 -11 -24 -25 -26 -4 29 -29 -28
right_child=1 2 26 4 5 -7 7 9 -10 22 -12 -13 13 17 15 -17 -18 -19 -20 -21 21 -23 23 24 25 -27 27 28 -30 -31
leaf_value=0.00045106759584338541 -0.0013478475488150838 -0.0057351606679137768 -0.025698747430387584 0.0059132166283885632 0.097844626125292766 0.021420628541404245 0.0012904800910564043 -0.0037216397954961135 0.0017919265799267801 -0.0060895171889241515 0.022335779250815625 -0.0022837371508416661 0.081804441773745518 0.0019326257873902709 0.0065958416581774265 0.093715097580391982 0.0089122353091165285 -0.009184260715230182 -0.01630346301914223 0.018907081188580425 0.0092760426827329309 0.060222039950398217 0.0090733131735059834 -0.0070183707221030548 -0.03120408981459984 0.038308552906624806 0.024583790586113884 0.037027761225175045 -0.0075277026074547808 -0.02787497081465528
leaf_weight=17311.501413380727 706.76259580440819 112.21713745594025 65.036455835215747 52.953317359089851 5.4750074669718769 19.800409253686666 1175.0260981917381 3535.6778462119401 4326.3412739094347 128.21209755912423 35.682969909161329 3211.7668547667563 6.3514037132263166 32.19542083889246 7.2994347140192968 6.9603360444307327 181.27322456985712 82.076830111443996 17.601512528955936 7.481822244822979 19.693033255636692 13.523229598999022 284.16291107237339 132.17901663482189 5.9047161601483849 19.586324580013752 5.3616272713989011 8.6180210486054403 133.90412897616625 48.706283015199006
leaf_count=126365 6206 2286 663 452 40 164 8280 25438 30533 817 250 21586 40 203 53 45 1172 537 111 47 130 92 1799 856 39 121 126 78 1318 1816
internal_value=-7.03974e-05 -0.000697826 -0.00654041 0.00313989 0.0162723 0.0379751 -0.000508294 -0.00177795 0.000276574 -0.00286304 0.00189509 -0.00125117 0.00180452 0.0077544 0.013571 0.0491196 0.0116684 -0.000418822 0.0083034 0.0477858 0.0161942 0.0300175 0.00241217 0.00490599 -0.00229345 0.0222067 -0.0132024 -0.00973987 -0.00483353 -0.0226729
internal_weight=31699.3 14387.8 452.072 190.446 78.2287 25.2754 13935.8 5316.43 8619.33 4105.72 1210.71 4292.99 1081.22 374.456 209.366 14.2598 195.106 165.09 83.0132 13.8332 65.4117 33.2163 570.045 441.833 157.67 25.491 261.627 196.59 142.522 54.0679
internal_count=231663 105298 6943 2942 656 204 98355 37600 60755 29070 8530 30222 8636 2430 1357 98 1259 1073 536 87 425 222 3632 2815 1016 160 4001 3338 1396 1942
cat_boundaries=0 1 2 3 4 5 6 7
cat_threshold=9852608 94 532653 9702191 264489 24 1180736
is_linear=0
shrinkage=0.04


Tree=136
num_leaves=31
num_cat=6
split_feature=11 19 14 19 7 9 7 9 22 8 22 20 19 0 21 15 14 17 7 13 30 27 9 27 31 9 0 27 19 19
split_gain=4.92462 7.11458 10.2158 11.4395 13.8002 10.7312 9.29329 9.57309 15.3037 9.24279 9.20422 22.638 10.7997 10.6979 14.9765 15.683 10.4059 12.3546 8.84652 14.5451 8.75526 9.06564 8.30192 7.9612 7.45254 7.29753 7.03413 25.9672 14.1837 13.6976
threshold=4.5000000000000009 0 -0.18320105820105811 1 11.646666666666668 36.500000000000007 0.13083333333333161 56.500000000000007 -7.9683333333333319 1.5000000000000002 -1.4558333333333342 18.220000000000002 2 4.5000000000000009 51.735000000000007 1.5000000000000002 -0.049999999999999954 0.18333333333333338 6.4191666666666665 0.10555555555555557 3 0.4140000000000002 43.500000000000007 0.67833333333333312 3.5000000000000004 39.500000000000007 5.5000000000000009 0.66550000000000031 4 5
decision_type=2 1 8 1 2 2 2 2 2 2 2 2 1 2 2 8 8 10 2 10 1 2 2 2 2 2 2 2 1 1
left_child=1 2 3 4 5 -1 7 -5 -9 10 12 -12 -3 20 16 -16 18 -18 -15 -20 21 22 -13 -7 -23 -6 -2 29 -29 -28
right_child=26 9 -4 6 25 23 -8 8 -10 -11 11 13 -14 14 15 -17 17 -19 19 -21 -22 24 -24 -25 -26 -27 27 28 -30 -31
leaf_value=-0.0023067760185511922 0.00085660110019807729 -0.0092278509917836093 -0.0022452225079142188 0.0022536618802505011 0.082249662991454697 0.019133357650964661 -0.008922988879219558 0.094360213438850704 0.0022853042533426057 -0.00034030683574515436 0.036042102703315634 0.040245443178392251 0.0035825756435075473 0.0044668569597420393 0.062107213015462348 0.01065549867713173 -0.015193265462738728 0.011238269726675427 -0.0016017682188168886 0.0722292929985653 -0.002546983638549204 0.0083034706297940575 0.0067667216759533027 -0.02605177416352146 -0.024177278601503763 0.023121561555936056 -0.00027204437858433346 0.0085179258348536211 -0.0008106165541811722 -0.0064561682702571534
leaf_weight=85.367816462181509 17679.98948687315 145.33549830131233 4467.3712430344895 175.99892351869494 6.1743780728429538 106.377191927284 142.75434481631964 4.8151598162949085 7.2173657193779928 4547.3291826220229 39.828503377735615 24.895294230431318 317.20324717089534 15.495487637817858 18.087767452001572 19.915050558745861 44.161708317697048 78.749541915953159 6.6988880634307888 11.771500587463377 291.34352667629719 54.832139763981104 22.618442006409168 6.6275912746787062 14.237107031047342 7.2744166478514671 1105.4854870215058 539.25590117275715 500.47729642689228 1195.9395476737991
leaf_count=1007 128394 1135 30377 1833 66 856 1446 41 58 33620 275 173 2508 103 99 117 262 447 46 76 2138 398 151 42 110 53 9393 2932 2732 10720
internal_value=0.000183351 -0.000516859 -0.0016125 0.00356705 0.0105572 0.00839717 -0.00119224 0.00461357 0.0391317 0.00045629 0.00373808 0.006835 -0.000564672 0.00490523 0.0126148 0.0351444 0.00715707 0.00174148 0.0267543 0.0454521 0.00122213 0.0100018 0.0243082 0.0164833 0.00160828 0.0502674 0.000538515 -0.00114466 0.00410174 -0.00351487
internal_weight=31683.6 10662.5 5009.98 542.607 211.821 198.373 330.786 188.031 12.0325 5652.5 1105.17 642.635 462.539 602.806 194.88 38.0028 156.877 122.911 33.9659 18.4704 407.927 116.583 47.5137 113.005 69.0692 13.4488 21021.1 3341.16 1039.73 2301.43
internal_count=231608 77437 35779 5402 2024 1905 3378 1932 99 41658 8038 4395 3643 4120 1150 216 934 709 225 122 2970 832 324 898 508 119 154171 25777 5664 20113
cat_boundaries=0 1 2 3 4 5 6
cat_threshold=809071 524361 10559488 322 4968070 1665436
is_linear=0
shrinkage=0.04


Tree=137
num_leaves=31
num_cat=0
split_feature=12 0 12 21 3 27 0 21 21 7 12 0 22 12 7 28 0 23 1 14 5 22 21 9 7 14 15 1 5 26
split_gain=6.74125 11.3804 9.61672 7.66198 8.06735 7.55411 7.26341 9.00545 6.96105 8.71105 6.83687 11.3862 11.344 10.7125 11.0133 10.4756 11.5948 14.9691 10.3671 17.0501 11.8554 17.1581 11.1055 10.2831 9.9295 9.7951 9.64382 9.06604 11.7871 9.04282
threshold=2.0500000000000003 5.5000000000000009 1.8944444444444446 66.540000000000006 6.9650000000000007 1.7933333333333334 1.5000000000000002 69.310000000000016 7.4300000000000006 4.5400000000000018 2.683333333333334 3.5000000000000004 -35.472499999999989 2.6125000000000003 27.417500000000008 1.5000000000000002 5.5000000000000009 3.5000000000000004 27.715000000000003 0.14454365079365084 4.5000000000000009 11.263333333333332 48.660000000000004 55.500000000000007 3.2966666666666691 0.077777777777777821 1.5000000000000002 29.065000000000001 5.5000000000000009 6.9650000000000007
decision_type=8 2 10 2 2 2 2 2 2 2 8 2 2 10 2 2 2 2 2 10 2 2 2 2 2 8 10 2 2 2
left_child=1 3 -3 5 6 8 -5 -8 9 -1 11 13 -13 14 -2 -12 -17 27 -15 29 21 -21 -23 24 -19 -25 -14 -18 -29 -20
right_child=10 2 -4 4 -6 -7 7 -9 -10 -11 15 12 26 18 -16 16 17 23 19 20 -22 22 -24 25 -26 -27 -28 28 -30 -31
leaf_value=0.025695246562740262 -0.0019473876049503525 0.011310312025128893 -0.004329003290667776 -0.021187225087077047 -0.04131720182614803 -0.015786409353419316 0.036901436446415047 0.0034335260068133352 -0.0059275599990594313 -0.02347032571318345 -0.0024221344434704425 0.034801230224992694 0.0049346845104208791 -0.012269002753477183 0.028183858857913448 0.00032142695644054453 -0.004450753908134022 -0.0076092073833066223 -0.0049470888275919686 0.079716895504396257 -0.00045887290867907044 -0.021479650618165726 0.059648217122772226 0.0023334894643166197 -0.0007687446752760867 0.037241820745429213 -0.00018618400953998473 0.0043391144940388652 -0.007047505297722031 0.046705464422506719
leaf_weight=23.28537600114942 1843.2427611425519 136.46147859841585 116.71395929157734 9.4303809590637666 5.0598593130707732 123.65240103378892 21.508713610470295 32.00520122051239 606.31635483726859 7.6635601371526709 3413.5919471792877 17.978574946522713 1489.6183834001422 22.825788952410221 19.615625634789467 19544.23982696142 405.32650823239237 1147.4196573216468 39.575630281120539 15.469745125621559 9.0464718118309957 6.1238994039595109 4.8282571844756603 94.405343312770128 482.22062829788774 14.889244742691515 972.59660596400499 925.34262083377689 172.58830121811479 6.2841101735830298
leaf_count=168 14615 774 664 183 39 902 134 202 4639 60 24063 118 8455 176 153 141014 2795 12641 291 112 66 57 40 917 5047 109 5854 6227 1309 55
internal_value=-0.000219069 -0.00332193 0.00410058 -0.00558897 0.007275 -0.00673864 0.0111811 0.0168852 -0.00498304 0.0135209 -0.000109512 0.0013406 0.00314306 -0.000932119 -0.00163011 -0.000355654 -4.60789e-05 -0.00226144 0.0115519 0.0182375 0.0390632 0.0525949 0.0142856 -0.00478848 -0.00558507 0.00708907 0.0029119 0.000661791 0.0025492 0.0021308
internal_weight=31729.3 1082.1 253.175 828.922 68.0042 760.918 62.9443 53.5139 637.265 30.9489 30647.2 4447.21 2480.19 1967.01 1862.86 26200 22786.4 3242.19 104.154 81.3281 35.4684 26.4219 10.9522 1738.93 1629.64 109.295 2462.21 1503.26 1097.93 45.8597
internal_count=231879 7765 1438 6327 558 5769 519 336 4867 228 224114 29992 14427 15565 14768 194122 170059 29045 797 621 275 209 97 18714 17688 1026 14309 10331 7536 346
is_linear=0
shrinkage=0.04


Tree=138
num_leaves=31
num_cat=6
split_feature=7 19 14 14 4 12 18 1 16 1 1 20 4 16 28 27 0 14 19 0 12 19 19 22 19 19 7 27 27 29
split_gain=5.00897 9.19577 17.8276 10.4529 10.9846 13.0291 8.45071 7.63458 6.6525 6.18065 5.76439 5.52767 4.8664 4.8566 4.84737 11.9265 12.3396 15.8153 14.8833 11.7257 14.502 16.7164 15.5953 10.8215 11.2886 10.9885 10.4251 11.2569 16.7619 11.6765
threshold=33.569166666666675 0 0.26679894179894187 0.16679894179894186 -0.031666666666666725 2.9500000000000006 1.0000000180025095e-35 36.340000000000011 0.22500000000000003 31.195000000000004 22.190000000000001 25.48 0.015000000000000126 0.55000000000000016 1.5000000000000002 0.34000000000000036 5.5000000000000009 -0.34580026455026441 1 5.5000000000000009 2.7888888888888892 2 3 12.045500000000006 4 5 -1.0000000180025095e-35 0.60550000000000026 1.4216666666666673 8.1450000000000014
decision_type=2 1 8 10 2 10 8 2 10 2 2 2 2 8 2 2 2 8 1 2 8 1 1 2 1 1 2 2 2 2
left_child=14 6 3 4 5 -3 9 10 -9 -2 12 -11 -6 -8 19 16 -16 -18 -19 23 22 -22 -21 25 -25 -1 27 -26 29 -29
right_child=1 2 -4 -5 7 -7 13 8 -10 11 -12 -13 -14 -15 15 -17 17 18 -20 20 21 -23 -24 24 26 -27 -28 28 -30 -31
leaf_value=0.0048546657918075858 0.047648830653467852 0.00032955533710896714 0.070094999328498192 -0.028883963729800826 -0.008373955838668139 0.079304570024720425 -0.035760829511224827 0.0075798899192931523 0.064886794587059121 0.023896604508056182 -0.029829187091504842 -0.02953681189743123 0.035423322626483879 -0.0045139050192402894 9.9084658219176553e-05 0.0015682108183803229 -0.028837294541095154 -0.0061037050979420859 2.15719870498675e-05 0.014864378837322247 0.0048566744639149829 -0.0093076664112525485 0.0013866829165714496 -0.0065934530959003137 0.026366684978279521 -0.0016740321982505538 -0.0047651261037859926 -0.0080312187767098055 0.0067634172096192966 0.025212156469224728
leaf_weight=573.90407795086503 6.2044416852295425 5.5537507608532897 9.2235220335423929 9.1844361796975118 10.531403843313461 8.3941411152482015 14.687772180885075 7.7809364376589638 5.5549619719386101 6.5874179936945421 9.9019145034253579 5.8473373726010323 6.6048570945858947 17.371302407234907 15792.135929442011 7474.3420016653836 36.932387813925743 1062.359864929691 1564.8119904370978 227.80137418210506 260.73369447141886 254.48897292464972 346.24600347876549 1159.7891704924405 29.548281151801348 1395.3411533050239 675.63977310806513 276.47920004278421 373.53974791616201 18.006350990384817
leaf_count=4143 50 39 61 62 70 60 103 58 37 50 66 38 49 118 116749 48569 710 10609 14664 1223 1450 1427 1875 8668 223 10050 5090 2058 2831 127
internal_value=2.13438e-05 0.00806361 0.0159386 0.0105828 0.0172556 0.0478584 -0.00532667 0.00668332 0.0314506 0.0150403 -0.00553253 -0.00123 0.0085069 -0.0188296 -1.01466e-05 0.000220191 -0.000325726 -0.00284389 -0.00247848 -0.00107833 0.00264568 -0.00222605 0.00701818 -0.00197932 -0.00370842 0.000244801 -0.00121492 0.00220623 0.00113756 -0.00599855
internal_weight=31645.5 123.428 72.7299 63.5064 54.322 13.9479 50.6983 40.3741 13.3359 18.6392 27.0382 12.4348 17.1363 32.0591 31522.1 25930.6 18456.2 2664.1 2627.17 5591.52 1089.27 515.223 574.047 4502.25 2533 1969.25 1373.21 697.574 668.025 294.486
internal_count=231327 861 502 441 379 99 359 280 95 138 185 88 119 221 230466 191301 142732 25983 25273 39165 5975 2877 3098 33190 18997 14193 10329 5239 5016 2185
cat_boundaries=0 1 2 3 4 5 6
cat_threshold=4514876 14861664 14773781 5543110 12932421 10555840
is_linear=0
shrinkage=0.04


Tree=139
num_leaves=31
num_cat=7
split_feature=11 27 20 0 19 19 26 6 6 19 19 19 5 26 29 6 12 6 4 10 19 26 3 27 20 26 4 21 22 1
split_gain=5.71568 10.8061 17.7435 16.5326 14.6405 11.3139 13.4073 11.0368 17.5766 10.68 10.3892 9.83721 9.27986 8.52762 11.2704 8.50762 8.35509 12.9322 8.29418 14.5937 12.3141 16.9889 13.3851 14.5374 9.64899 14.5384 12.0123 10.828 15.6583 9.70071
threshold=4.5000000000000009 0.3000000000000001 29.280000000000005 5.5000000000000009 0 1 5.0450000000000008 45.045000000000009 40.795000000000009 2 3 4 1.5000000000000002 5.1350000000000007 5.5250000000000012 16.935000000000006 2.2928571428571431 45.245000000000012 -0.028166666666666892 5 6 7.3650000000000011 6.7550000000000008 0.84666666666666746 48.900000000000006 6.3250000000000011 -0.061666666666666085 41.695000000000007 3.9941666666666671 37.475000000000009
decision_type=2 2 2 2 1 1 2 2 2 1 1 1 2 2 2 2 8 2 2 1 1 2 2 2 2 2 2 2 2 2
left_child=10 3 5 9 15 -3 7 8 -7 16 -1 -5 -13 -8 -15 -4 17 -2 19 24 21 -21 23 -23 25 29 27 28 -27 -6
right_child=1 2 4 11 18 6 13 -9 -10 -11 -12 12 -14 14 -16 -17 -18 -19 -20 20 -22 22 -24 -25 -26 26 -28 -29 -30 -31
leaf_value=0.0014972807141195653 0.0099455155419125169 0.0011878278368975025 0.0063284846951195042 0.00044284105119669139 0.0011031976988634085 0.0097775692098923291 0.057559295818232235 -0.023396317774669453 0.05875082349261098 -0.00028471932373631511 -0.0012826846128066352 0.0019316657990767563 -0.0074662437856510546 0.035819773056231012 -0.012816200524191279 -0.0016822689973740412 0.0022613868810746856 0.062979829264562859 0.0034752965531572519 -0.00019620990332051063 -0.0061300207542236427 0.081620315339574603 -0.00075458668290390716 0.021423268575852587 -0.0076231382648971769 0.036166383915371005 0.013325509224441564 0.0149968720809658 0.13064357727207188 0.014410391467471646
leaf_weight=2972.572829188779 74.229097135365009 164.64580359309912 230.7986325956881 617.05913211358711 315.70979643240571 159.24898810684681 16.076700523495674 14.126699365675448 12.657618597149847 7721.5647020712495 7712.4153895545751 203.03982649836689 977.25552475173026 28.845099352300167 10.361832134425638 2620.9955036640167 2568.9295232752338 8.1658913567662221 3967.5306060872972 324.0343275628984 645.15818861499429 10.077169336378576 18.347823422402143 17.681316338479519 80.880427602678537 6.5359518043696898 38.25188859552145 7.5335823222994796 4.9193604625761509 121.33589722216129
leaf_count=22240 540 1000 1533 5730 2341 950 94 84 75 56993 55381 1825 9550 172 64 17754 18919 58 26327 2507 5075 79 154 155 613 49 269 64 44 891
internal_value=0.000243985 0.000627414 0.00169389 -0.000145107 0.00129961 0.00986159 0.0151044 0.0105906 0.0133835 0.000468582 -0.000509095 -0.00368683 -0.00580043 0.0330259 0.022966 -0.00103034 0.00265352 0.0152016 0.00249247 5.64189e-05 -0.0028209 0.00295646 0.0257546 0.0432766 0.00509598 0.00728031 0.026236 0.0522434 0.0767386 0.00479764
internal_weight=31671 20986 8815.75 12170.2 8409.79 405.963 241.317 186.033 171.907 10372.9 10685 1797.35 1180.3 55.2836 39.2069 2851.79 2651.32 82.395 5558 1590.47 1015.3 370.141 46.1063 27.7585 575.167 494.286 57.2408 18.9889 11.4553 437.046
internal_count=231530 153909 60294 93615 57855 2439 1439 1109 1025 76510 77621 17105 11375 330 236 19287 19517 598 38568 12241 7970 2895 388 234 4271 3658 426 157 93 3232
cat_boundaries=0 1 2 3 4 5 6 7
cat_threshold=2106296 9562156 10494242 5417472 123406 2 6029315
is_linear=0
shrinkage=0.04


Tree=140
num_leaves=31
num_cat=1
split_feature=29 22 27 12 22 30 9 7 27 9 11 11 12 1 1 23 14 5 3 14 1 12 21 9 4 4 17 22 12 26
split_gain=6.0607 9.46249 8.74802 8.07174 8.01696 8.31455 7.70512 9.03882 7.91568 21.0985 10.9298 7.00922 9.46177 10.2929 7.75855 10.6244 7.17364 10.0779 7.58852 6.72187 9.43263 7.04311 6.36601 6.31761 11.8138 14.1066 10.5441 8.28512 10.0529 7.52008
threshold=2.6350000000000002 -21.222499999999993 -3.1941666666666659 1.8819444444444446 -28.619999999999994 0 48.500000000000007 21.663666666666671 -2.0481666666666656 30.500000000000004 6.5000000000000009 10.500000000000002 5.1055555555555561 30.885000000000002 34.255000000000003 4.5000000000000009 -0.15912698412698409 3.5000000000000004 7.0250000000000012 0.040039682539682563 33.085000000000008 3.4722222222222228 2.9650000000000003 46.500000000000007 0.02666666666666773 0.024999999999999915 0.31666666666666671 -29.952499999999997 4.154761904761906 5.8850000000000007
decision_type=2 2 2 10 2 1 2 2 2 2 2 2 8 2 2 2 10 2 2 8 2 10 2 2 2 2 8 2 10 2
left_child=2 3 -1 -2 5 22 7 8 9 10 -5 16 13 -13 15 -15 17 18 -6 20 21 -17 -4 24 25 -7 27 28 29 -25
right_child=1 -3 4 6 11 23 -8 -9 -10 -11 -12 12 -14 14 -16 19 -18 -19 -20 -21 -22 -23 -24 26 -26 -27 -28 -29 -30 -31
leaf_value=-0.01551752393366302 -0.034189135580816266 -6.9739749151993103e-05 0.0049456378449413444 -0.037466827846122708 0.011744507847820272 -0.0051240798630837903 -0.011880736836121777 0.033646179617996895 -0.003445072731991768 0.10987883951520944 0.035318251208876078 -0.0046119993731794928 0.065213729091557759 0.08131358751550298 0.0090362304157468338 -0.019691353140999387 0.0010810854074932152 0.00064295538106740372 -0.026788214779361802 -0.012566140283727779 0.073098746407344539 0.042390587621525422 -0.038284330716002193 0.025277926942430935 -0.021119988010467269 0.056149024868721358 0.055177891926042194 -0.026129422693697762 -0.025629210632283038 -0.012649926042141909
leaf_weight=46.82328896317631 14.506492361426352 27730.451678927988 237.79354834463447 6.2500788550823945 328.59423945471644 251.66039639618248 157.7417098172009 11.225221220403908 542.47502098232508 3.625348323956131 6.9959294274449348 51.330300942063332 5.0694656688719979 6.1081433966755894 55.277282476425171 5.500273719429968 1726.0356876570731 293.05669882614166 8.3861410608515126 6.4880125783383908 6.5922964066267005 6.2419378831982613 5.5781154483556739 34.10560404881835 81.642505395226181 6.1589098740369073 6.1186568923294535 14.85137417167425 11.697335455566643 11.082039605826138
leaf_count=2608 117 194358 2149 85 4071 2312 1367 84 4344 44 86 380 76 43 416 40 13052 4091 110 47 50 54 62 275 788 53 44 119 109 83
internal_value=-3.42981e-06 -0.000189086 0.00164533 -0.00464442 0.00189969 -0.00201883 -0.00405595 -0.00189269 -0.0026059 0.0243764 0.000974887 0.0029358 0.011547 0.00956889 0.0180125 0.0340544 0.00241459 0.00606782 0.0107856 0.0224252 0.0348076 0.0133102 0.00379871 -0.00537378 -0.0078595 -0.00366036 0.0047742 0.000475082 0.00742091 0.0159763
internal_weight=31679.5 28473.3 3206.19 742.82 3159.37 660.688 728.313 570.572 559.346 16.8714 13.246 2498.68 142.608 137.538 86.2079 30.9307 2356.07 630.037 336.98 24.8225 18.3345 11.7422 243.372 417.317 339.462 257.819 77.855 71.7364 56.885 45.1876
internal_count=231517 200485 31032 6127 28424 5994 6010 4643 4559 215 171 22430 1106 1030 650 234 21324 8272 4181 191 144 94 2211 3783 3153 2365 630 586 467 358
cat_boundaries=0 1
cat_threshold=26
is_linear=0
shrinkage=0.04


Tree=141
num_leaves=31
num_cat=4
split_feature=12 26 19 22 26 20 19 28 9 26 14 14 14 3 14 27 4 1 27 22 9 3 1 4 19 26 4 13 30 14
split_gain=8.00053 10.3276 8.20864 13.3026 17.0703 8.91279 7.86696 10.3148 8.13303 9.94496 13.1771 10.7105 8.98274 8.88875 8.53492 7.78933 8.3202 7.24011 8.17236 7.03966 7.00806 9.33205 9.82417 8.90256 8.83321 9.32304 9.45455 6.93493 6.84147 16.153
threshold=4.2111111111111121 3.3850000000000002 0 -29.249166666666664 3.1350000000000002 5.8050000000000006 1 5.5000000000000009 27.500000000000004 4.3850000000000007 0.025462962962962996 -0.048148148148148141 0.04629629629629637 6.6350000000000007 -0.2425925925925925 -2.4324999999999988 0.01166666666666716 43.495000000000005 -0.74633333333333318 -13.22583333333333 48.500000000000007 6.6850000000000014 41.685000000000009 -0.088333333333333361 2 3.1350000000000002 0.017083333333333343 0.10555555555555557 3 -0.12407407407407402
decision_type=8 2 1 2 2 2 1 2 2 2 10 8 8 2 10 2 2 2 2 2 2 2 2 2 1 2 2 10 1 8
left_child=1 2 3 4 -1 -5 7 8 15 11 13 17 -12 -11 19 16 -2 -10 -19 -15 -8 22 -22 -23 -25 26 -26 -21 29 -9
right_child=6 -3 -4 5 -6 -7 20 28 9 10 12 -13 -14 14 -16 -17 -18 18 -20 27 21 23 -24 24 25 -27 -28 -29 -30 -31
leaf_value=0.012536637276733186 0.07996702249297305 0.00021891430680157729 0.00010046802878704107 -0.010491919902865507 0.12333571853223779 0.016893002345037912 -0.0015558772212020519 0.010933898257984171 0.01265723912913036 0.042070062251455542 0.076068565320533521 -0.0054278454552393815 0.012781525034610787 -0.014443875885750107 -0.0048695909324351716 -0.0052738882109720107 -0.022215822509069488 0.068017712068338704 0.011235637158054241 0.0082593549703120668 0.0038868698177066401 0.042230012281221689 0.05671894011775689 -0.0024399365319702012 0.069819675611889467 -0.012948975853850559 -0.014936057047309157 0.04556709840760502 -0.0086847222314067191 -0.025672008060160182
leaf_weight=4.9448513425886613 3.5181147204712024 26992.422624714673 125.52091862261295 23.056749088689685 4.0444844998419285 108.49408032745123 2377.8570321560837 92.845418420620263 224.86116608977318 7.9281132817268363 6.0295169129967672 52.434876833111048 8.8632127642631513 20.511930666863918 269.86977387964725 190.30087831616402 1.999628842808306 8.3138601481914538 7.9178320467472068 113.26430150866508 43.249654207378626 5.7903240062296382 6.4744876921176902 325.46598334610462 4.4337085708975774 364.60129749402404 4.0107772871851921 8.5755189806222898 224.17343474179506 24.344497207552195
leaf_count=67 66 187450 1139 219 44 914 23575 1497 1708 58 40 369 56 161 1890 1492 53 66 53 823 335 46 49 2599 37 2923 45 67 3315 281
internal_value=4.07973e-05 0.000296214 0.00813842 0.0142932 0.0623874 0.0120933 -0.00154239 0.00111856 0.00332171 0.00526685 0.00142814 0.0109563 0.0384041 0.000117483 -0.000689376 -0.00391544 0.042936 0.0145196 0.0403194 0.00723546 -0.00261304 -0.00598151 0.010766 -0.0071639 -0.00757335 -0.0116737 0.0295643 0.0108852 -0.00481464 0.00306778
internal_weight=31656.1 27258.5 266.061 140.54 8.98934 131.551 4397.64 1265.75 924.389 728.57 435.042 293.528 14.8927 420.15 412.222 195.819 5.51774 241.093 16.2317 142.352 3131.88 754.026 49.7241 704.302 698.512 373.046 8.44449 121.84 341.363 117.19
internal_count=231437 189833 2383 1244 111 1133 41604 11995 6902 5291 3095 2196 96 2999 2941 1611 119 1827 119 1051 29609 6034 384 5650 5604 3005 82 890 5093 1778
cat_boundaries=0 1 2 3 4
cat_threshold=2837426 2755594 8651685 308
is_linear=0
shrinkage=0.04


Tree=142
num_leaves=31
num_cat=5
split_feature=12 4 19 20 7 18 13 14 12 9 4 17 1 30 9 22 3 27 19 22 8 19 31 28 3 1 27 19 4 9
split_gain=7.86506 6.44643 12.614 11.7462 9.05572 10.5048 8.91153 16.7772 7.51944 6.80568 6.27386 9.45307 6.01914 5.7944 7.10762 8.56837 6.86261 5.56329 5.30787 7.07244 5.67197 5.11483 12.0217 11.7684 6.9351 5.04498 4.79069 17.8888 8.03319 7.24382
threshold=5.7638888888888902 -0.11500000000000064 0 28.270000000000007 -0.70666666666666511 1.0000000180025095e-35 0.11805555555555557 -0.18320105820105811 2.8452380952380958 47.500000000000007 -0.12333333333333261 0.13392857142857145 71.825000000000017 1 42.500000000000007 6.3518333333333343 6.7550000000000008 0.91833333333333333 2 -12.008166666666661 2.5000000000000004 3 5.5000000000000009 3.5000000000000004 6.6550000000000011 36.755000000000003 2.6326666666666676 4 0.039166666666666579 34.500000000000007
decision_type=10 2 1 2 2 10 10 8 10 2 2 8 2 1 2 2 2 2 1 2 2 1 2 2 2 2 2 1 2 2
left_child=1 2 6 4 5 -4 7 -1 13 -6 25 -12 26 16 15 -15 -8 -18 -14 -20 -21 22 23 -2 -25 -10 -3 29 -29 -28
right_child=21 12 3 -5 9 -7 8 -9 10 -11 11 -13 18 14 -16 -17 17 -19 19 20 -22 -23 -24 24 -26 -27 27 28 -30 -31
leaf_value=-0.012822975036995784 0.14900656048689145 9.2947250155844298e-05 0.003533625418788041 -0.020297811745778618 -0.021229749963046912 0.077353949113129178 -0.030048470687287387 0.064404357609687657 -0.021804371441434284 0.029038275788494796 0.057829785786690964 -0.010472203112611322 -0.021112268945816172 0.010756461941381792 -0.0097090883147408508 0.06767450892445917 0.034365785766230332 -0.012828111338602479 0.042546297423018284 0.019204853434991537 -0.019171939915096171 -0.0220840259683865 0.16106449050876726 0.1062591578996725 -0.014589822407484401 0.0032019127979056507 -0.012710971823722429 -0.028665657538752384 0.0140051285237801 0.022692474079587105
leaf_weight=8.2512429244816285 0.81081967055797122 31190.078880033456 7.8397717475891096 118.11980688944459 17.855429839342836 5.0847059786319733 10.693529739975931 9.9024896696209925 42.44412536919117 5.6801990121603003 5.2622981145977947 8.4451379925012589 30.227324724197388 7.3552935495972696 5.228696431964635 9.9647813774645311 8.1923744939267618 7.8031189739704123 5.7287914827466002 9.2760573290288466 18.354569461196661 31.131731475703418 0.78852031286805946 0.80574065074324686 13.319049576297401 18.550479620695114 12.862724360078571 55.990212861448526 8.0774321034550649 32.894441120326519
leaf_count=79 6 225700 63 943 139 37 82 71 328 41 39 65 215 54 46 80 62 61 44 63 127 1626 35 26 735 141 89 459 56 226
internal_value=-4.11422e-05 -1.69064e-05 -0.00588553 -0.0133107 0.00567474 0.0325758 0.00292315 0.029303 -0.000704902 -0.00909783 -0.00870381 0.015749 3.86061e-05 0.0114308 0.0215895 0.0435032 -0.00381275 0.0113431 -0.0122557 0.00161422 -0.00628822 -0.0164171 0.00540795 0.000810962 -0.00769606 -0.0141991 6.35823e-05 -0.00827602 -0.020142 0.0104553
internal_weight=31707 31660.2 296.673 154.58 36.4601 12.9245 142.094 18.1537 123.94 23.5356 74.702 13.7074 31363.5 49.2378 22.5488 17.3201 26.689 15.9955 63.5867 33.3594 27.6306 46.8559 15.7241 14.9356 14.1248 60.9946 31299.9 109.825 64.0676 45.7572
internal_count=231738 229310 2331 1223 280 100 1108 150 958 180 573 104 226979 385 180 134 205 123 449 234 190 2428 802 767 761 469 226530 830 515 315
cat_boundaries=0 1 2 3 4 5
cat_threshold=296012 41 2102425 9438674 84446
is_linear=0
shrinkage=0.04


Tree=143
num_leaves=31
num_cat=4
split_feature=0 19 9 18 7 4 7 19 29 22 4 1 27 29 29 27 24 22 14 31 11 15 14 1 11 5 30 0 27 19
split_gain=5.87938 9.57188 10.4341 9.55733 8.94509 12.0042 11.5717 9.4985 11.0895 11.8262 8.84596 8.77136 10.5508 8.44196 11.054 8.32283 7.3339 7.25581 12.6367 11.7298 11.0091 7.29109 7.95347 14.7581 7.06821 7.00062 15.2528 13.8797 16.371 16.3456
threshold=1.5000000000000002 0 60.500000000000007 0.36666666666666675 11.055833333333338 0.023333333333332987 -5.6859999999999973 1 4.995000000000001 -0.4849999999999976 0.04500000000000038 31.335000000000004 0.099999999999999881 4.4750000000000005 6.4650000000000007 2.6326666666666676 3.5000000000000004 -6.0866666666666651 0.25849867724867731 2.5000000000000004 7.5000000000000009 1.5000000000000002 0.13333333333333333 30.445000000000004 11.500000000000002 4.5000000000000009 2 3.5000000000000004 1.2636666666666667 3
decision_type=2 1 2 8 2 2 2 1 2 2 2 2 2 2 2 2 2 2 10 2 2 10 10 2 2 2 1 2 2 1
left_child=1 17 3 15 6 -6 7 8 -5 -10 -8 -4 -13 -12 -15 -3 24 18 21 -20 -21 -1 -23 -24 -11 -2 -27 29 -29 -28
right_child=25 2 11 4 5 -7 10 -9 9 16 13 12 -14 14 -16 -17 -18 -19 19 20 -22 22 23 -25 -26 26 27 28 -30 -31
leaf_value=-0.017535032568810852 0.00054859693913425879 0.0010277203878195462 -0.0070205821832014419 -0.020206710783288343 0.0056073324619451727 0.08470628487190375 -0.013727699615946679 -0.0071779720088095914 0.091915890441909856 -0.0025913268516268633 -0.03564571128297566 0.078346039517141947 0.0055937999892490464 0.060901174003208568 -0.010661322884816487 0.055626940756351044 0.073964426302255387 -0.0062588597260610866 -0.0047116218653963675 0.12392239995991128 0.020896241432310881 -0.00041311766398639691 0.090817584925895409 0.0010936593081029894 0.067133133555574112 0.0011459779613802983 0.0041753767969067738 -0.0050227191790889027 0.0048057161202523851 -0.0032310197683850005
leaf_weight=38.627635221928358 19945.431740121916 1577.1693303510547 7.1321376450359848 6.3889522776007679 30.788023129105568 3.4097825400531283 247.01184775680304 37.200930580496788 5.2846887074410978 11.731376904994248 4.0512483231723335 7.6680450737476331 5.460757065564394 7.9687292464077455 6.0951880924403667 4.4797117076814166 3.7452213317155829 918.32876751199365 5.0842474810779077 3.5635350085794926 3.1058810874819756 337.07666457444429 4.42320492863655 8.7070652171969396 2.9016442149877539 3594.8408363237977 919.51029270328581 2641.0765320742503 302.18562957644463 969.06013230979443
leaf_count=465 131925 17372 65 66 438 41 3526 547 65 169 40 63 55 93 86 81 53 11892 66 43 45 3305 50 97 45 25928 6133 20585 1665 6512
internal_value=-4.53533e-05 -0.00164673 0.000129919 -0.000166403 -0.00598583 0.0134941 -0.00799008 0.00682871 0.0199256 0.0391818 -0.0117491 0.0286875 0.0480857 0.015231 0.0298866 0.00118236 0.0240181 -0.00426701 0.000192682 0.0410551 0.0759441 -0.0010425 0.000776612 0.031319 0.0112346 0.000140194 -0.000826472 -0.00229159 -0.00401363 0.000380019
internal_weight=31659.5 3287.4 1968.49 1948.23 366.578 34.1978 332.38 67.2528 30.0519 23.6629 265.127 20.2609 13.1288 18.1152 14.0639 1581.65 18.3782 1318.92 400.588 11.7537 6.66942 388.835 350.207 13.1303 14.633 28372.1 8426.67 4831.83 2943.26 1888.57
internal_count=231516 38768 22805 22622 5169 479 4690 945 398 332 3745 183 118 219 179 17453 267 15963 4071 154 88 3917 3452 147 214 192748 60823 34895 22250 12645
cat_boundaries=0 1 2 3 4
cat_threshold=14881364 540715 154 7051944
is_linear=0
shrinkage=0.04


Tree=144
num_leaves=31
num_cat=4
split_feature=12 19 31 21 9 19 20 31 15 30 14 12 26 9 8 27 26 14 22 9 13 18 3 12 3 12 20 19 26 3
split_gain=4.67117 7.14392 8.60009 6.02458 5.7473 17.8257 10.1812 18.8737 7.36324 6.18698 7.60966 6.52172 5.90113 11.4268 10.4045 10.4104 7.90731 6.82917 5.49045 5.17795 7.42503 7.20566 7.08594 7.94189 6.06325 4.9935 7.79091 12.0961 11.387 10.8021
threshold=5.7888888888888896 0 5.5000000000000009 31.490000000000006 20.500000000000004 1 2.4850000000000008 6.5000000000000009 4.5000000000000009 2 -0.15181878306878302 3.8944444444444448 1.2550000000000001 18.500000000000004 5.5000000000000009 -2.7274999999999991 2.0150000000000001 -0.39976851851851841 -28.619999999999994 19.500000000000004 0.23611111111111113 0.22500000000000003 6.7550000000000008 4.1055555555555561 6.785000000000001 4.2111111111111121 26.540000000000003 3 4.705000000000001 6.6450000000000005
decision_type=10 1 2 2 2 1 2 2 8 1 10 10 2 2 2 2 2 10 2 2 8 10 2 8 2 10 2 1 2 2
left_child=4 2 3 -2 5 6 7 12 9 11 -11 -7 17 -14 15 18 -17 -1 -15 20 -8 22 23 -21 -24 26 27 -6 -29 -30
right_child=1 -3 -4 -5 25 8 19 -9 -10 10 -12 -13 13 14 -16 16 -18 -19 -20 21 -22 -23 24 -25 -26 -27 -28 28 29 -31
leaf_value=0.077604204397463517 -0.0028198364410696067 -0.022640821111650347 0.09637312720767266 0.11224061676386166 -0.0009386055436047566 0.020520072772674428 -0.0142441149509052 0.1555509810409004 -0.014235349647623494 0.080371304592075282 0.015462689508015047 -0.041608573807570888 0.107228473633521 0.034795921046034559 0.10990762527020412 0.061665125103232604 -0.016073719673280348 -0.040977301401112873 -0.041447007215560189 0.07399688529496215 0.050252004179940121 -0.019481424629479768 -0.020070134212779936 0.016153396284653891 0.019490284290455358 -0.0014596706323901649 -0.0002715437689250024 0.0018089354344619011 0.040855695264198424 0.0069770503632709466
leaf_weight=1.0090091843158004 16.312686777673669 24.214137093164027 1.7112673614174116 0.76212308555841346 2226.8883577398956 4.073199536651372 20.775143126025799 2.0173571528866878 68.369529983028769 3.492550201714038 16.747442009858791 8.0380857307463867 3.1873289104551104 2.0984180606901761 2.1096828309819093 7.9640601798891932 2.8400603123009205 3.3803017670288744 5.400577802211048 7.4609118402004215 3.3111353591084471 7.9943305626511565 7.42457016929984 7.7353334985673436 37.544525058940053 3861.3231926253065 21730.749068874866 2983.1203472074121 15.45695225894451 583.95538362115622
leaf_count=36 928 1305 53 8 16424 33 256 53 1553 47 176 89 69 75 67 146 38 182 189 55 33 56 69 82 383 33619 148977 22472 103 3906
internal_value=-8.50362e-05 -0.0132598 0.00710282 0.00231581 -6.71223e-05 0.00633212 0.0158512 0.037387 -0.00618198 0.00892671 0.0178459 -0.0113458 0.0288703 0.0367911 0.0257928 0.0160974 0.0412301 -0.0137179 -0.0201122 0.0105642 -0.00537785 0.0161978 0.0209386 0.0445529 0.0129587 -0.000112562 7.63124e-05 0.00137751 0.00281196 0.00785067
internal_weight=31667.5 43.0002 18.7861 17.0748 31624.5 222.974 122.253 30.0068 100.721 32.3513 20.24 12.1113 27.9894 23.6001 20.4128 18.3031 10.8041 4.38931 7.499 92.2459 24.0863 68.1597 60.1653 15.1962 44.9691 31401.5 27540.2 5809.42 3582.53 599.412
internal_count=231482 2294 989 936 229188 3687 1789 855 1898 345 223 122 802 584 515 448 184 218 264 934 289 645 589 137 452 225501 191882 42905 26481 4009
cat_boundaries=0 1 2 3 4
cat_threshold=42483 7631508 225 6577158
is_linear=0
shrinkage=0.04


Tree=145
num_leaves=31
num_cat=3
split_feature=12 19 5 20 14 4 19 4 14 1 27 12 17 28 3 3 20 12 22 15 16 1 20 27 1 19 22 14 4 20
split_gain=6.58595 13.7427 6.86444 8.07839 10.1934 6.8988 6.20435 6.98603 10.7022 10.0471 6.86604 7.38546 10.6218 9.71744 6.82157 6.5513 6.27171 10.2688 9.05201 9.39983 8.937 12.2478 9.28071 11.0237 8.94418 8.07802 7.97563 10.621 7.55178 11.4105
threshold=1.6125000000000003 0 1.5000000000000002 60.065000000000005 0.27585978835978847 -0.021833333333333368 1 0.11500000000000067 0.14080687830687835 40.215000000000011 2.6326666666666676 1.788888888888889 0.68333333333333346 2.5000000000000004 6.7950000000000008 6.8650000000000011 19.110000000000003 5.7888888888888896 2.6016666666666688 3.5000000000000004 0.22500000000000003 40.435000000000009 27.090000000000003 -0.12499999999999976 40.665000000000006 2 -16.760833333333327 -0.1333002645502645 0.058333333333333133 22.325000000000003
decision_type=8 1 2 2 10 2 1 2 8 2 2 8 10 2 2 2 2 10 2 10 10 2 2 2 2 1 2 8 2 2
left_child=1 2 -1 4 -4 -6 7 10 9 -9 11 13 16 15 -15 -2 17 18 19 26 21 -18 24 25 -23 -24 27 -13 -22 -30
right_child=6 -3 3 -5 5 -7 -8 8 -10 -11 -12 12 -14 14 -16 -17 20 -19 -20 -21 28 22 23 -25 -26 -27 -28 -29 29 -31
leaf_value=-0.010220101393422918 -0.0017009210704295927 -0.013973406484092484 -0.01916645807276807 -0.019245162412458567 0.074798471385593673 0.026021396438793646 -0.00036895095002247111 -0.0098697746678877239 -0.041808650891084737 0.040339587312076527 -0.016642428783387762 0.077339869690868229 0.035867293159006899 0.079746117061977567 0.019228155857016226 0.036601559834191388 -0.0019916932311643326 -0.031873496356203637 -0.005064671203999364 0.0027041495508126263 0.0010301728181732711 0.043129854427393803 0.030019362978978635 0.0038315255354673871 -0.0042729585236329108 0.00496894769595683 0.006920042430497193 0.01752933689595523 0.039567262996676518 0.0051747046938792384
leaf_weight=20.994227848947048 32.842120818793774 134.18337520211935 6.7307808846235266 7.8890506252646437 5.7248257584869888 24.469482582062483 20037.622571856715 53.559508865699172 14.81244578771293 7.2383759850636116 35.672236349433661 5.0288546532392502 13.853335350751875 5.5904327332973462 6.3825001455843449 9.1314092017710191 3252.0807453468442 13.037120108492671 160.80407706275582 784.64340949524194 5695.7343063540757 6.5862383246421805 44.266114313155413 282.07277550920844 192.84103706479073 58.861723009496927 239.47042963653803 85.791326530277729 15.996423639357088 439.51539586111903
leaf_count=188 245 1026 54 60 38 165 146343 442 99 60 273 42 94 45 45 61 23312 846 1164 8335 39038 51 331 1926 1403 455 1753 761 124 2983
internal_value=9.59089e-06 -0.00722624 0.00751294 0.0174969 0.0253468 0.0352695 5.55404e-05 0.000797654 -0.0113201 -0.00389203 0.000878865 0.00093396 0.000863413 0.0156989 0.0474854 0.00663185 0.000820411 0.00344651 0.00380745 0.00508706 0.000481558 -0.00103347 0.00429681 0.00792308 -0.00270744 0.0191142 0.0107479 0.0208411 0.00142652 0.00638248
internal_weight=31693.4 199.992 65.8084 44.8141 36.9251 30.1943 31493.4 11455.8 75.6103 60.7979 11380.2 11344.5 11290.6 53.9465 11.9729 41.9735 11276.7 1288.78 1275.74 1114.93 9987.95 3836.71 584.628 385.201 199.427 103.128 330.291 90.8202 6151.25 455.512
internal_count=231762 1531 505 317 257 203 230231 83888 601 502 83287 83014 82618 396 90 306 82524 12901 12055 10891 69623 27478 4166 2712 1454 786 2556 803 42145 3107
cat_boundaries=0 1 2 3
cat_threshold=451842 5624328 1380352
is_linear=0
shrinkage=0.04


Tree=146
num_leaves=31
num_cat=2
split_feature=12 28 4 13 22 21 14 30 29 29 26 14 6 7 4 8 6 19 9 26 0 29 22 15 14 21 23 29 22 14
split_gain=5.31876 6.85371 4.43624 5.65426 9.50671 6.21498 5.22684 6.18057 4.7113 5.19838 5.7002 6.67873 6.75692 6.09383 5.86253 6.25862 4.86384 4.39772 7.88625 10.469 7.31961 7.58717 7.48088 7.00384 9.59667 11.6847 12.7005 10.9273 11.516 10.7673
threshold=5.8452380952380958 3.5000000000000004 -0.12333333333333261 0.10555555555555557 -1.4558333333333342 66.540000000000006 -0.083333333333333329 0 6.8950000000000005 3.3350000000000004 4.4650000000000007 0.070833333333333331 44.705000000000005 -0.89633333333333087 -0.13333333333333328 3.5000000000000004 36.010000000000012 1 45.500000000000007 3.2350000000000008 2.5000000000000004 3.4450000000000007 -11.534999999999995 4.5000000000000009 -0.17959656084656081 16.605000000000004 5.5000000000000009 3.4450000000000007 -22.65583333333333 -0.22037037037037027
decision_type=10 2 2 10 2 2 10 1 2 2 2 10 2 2 2 2 2 1 2 2 2 2 2 8 10 2 2 2 2 10
left_child=2 -2 3 4 -1 6 -5 8 9 -8 -11 13 14 -12 16 -16 -13 -4 23 20 22 -22 -20 24 25 26 27 28 29 -19
right_child=1 -3 17 5 -6 -7 7 -9 -10 10 11 12 -14 -15 15 -17 -18 18 19 -21 21 -23 -24 -25 -26 -27 -28 -29 -30 -31
leaf_value=-0.0061467519179373344 0.045141179359818116 -0.023964253602465402 -0.00058105033654780671 -0.025348392880854203 0.04930500570277551 0.030621393965447857 -0.022152343219380036 -0.016733556529272251 -0.020989451267519037 0.030365971135171064 0.0086311728803433393 0.0056331904748095551 0.046215600693270624 -0.028271278571390807 0.048017275776692903 -0.0020995771279254901 -0.028684785700914754 0.018329873774823664 0.083187141266032397 -0.001164650648139751 -0.02840177564951361 0.022103710555933055 0.020908763065902697 -0.00088312545472534214 0.0012785821406886473 0.0018529682655279856 -0.020451886390409561 0.069433484543958257 0.011046369070730644 0.10823773157299033
leaf_weight=13.684002702124419 2.5270161405205753 25.146522975061089 14475.929630498402 26.885372970253229 7.7474292553961268 6.5629170648753634 12.391808755695818 50.450479827821255 16.103182803839445 12.673054024577139 11.911222238093616 19.131077546626326 7.174528617411851 17.948612663894892 8.290942128747707 7.6798878498375407 10.094318013638256 4.1744117811322212 4.9405151680111876 4763.7608613930643 6.8430659100413349 15.627090275287626 8.221355088055132 2698.1707813860849 9270.1170261995867 73.368356749415398 7.9635703684762111 10.823706038296221 27.571088651195172 4.3543096538633055
leaf_count=126 18 1593 105151 214 57 54 97 385 129 90 89 145 58 139 68 56 79 40 45 34093 72 151 69 23582 63778 530 96 79 239 42
internal_value=-0.000125449 -0.0176539 -0.000110099 -0.00566057 0.013899 -0.00768273 -0.00893506 -0.00639678 -0.000753551 0.00221327 0.00539476 0.00154629 0.010154 -0.0135507 0.00442956 0.0239176 -0.00622008 -6.96311e-05 0.000368663 -0.00100308 0.020598 0.00672276 0.0442859 0.000913217 0.00142893 0.0122957 0.0262545 0.0341813 0.0236117 0.064232
internal_weight=31628.3 27.6735 31600.6 228.729 21.4314 207.297 200.734 173.849 123.399 107.295 94.9036 82.2306 52.3708 29.8598 45.1962 15.9708 29.2254 31371.9 16895.9 4799.39 35.632 22.4702 13.1619 12096.5 9398.37 128.255 54.8871 46.9235 36.0998 8.52872
internal_count=231364 1611 229753 1786 183 1603 1549 1335 950 821 724 634 406 228 348 124 224 227967 122816 34430 337 223 114 88386 64804 1026 496 400 321 82
cat_boundaries=0 1 2
cat_threshold=94 3328677
is_linear=0
shrinkage=0.04


Tree=147
num_leaves=31
num_cat=1
split_feature=8 0 6 27 9 22 4 15 7 9 30 31 3 6 6 9 3 6 27 28 4 20 7 4 1 1 7 20 4 20
split_gain=5.90658 9.35331 12.7074 11.4154 10.7011 9.80936 9.60122 8.81839 8.39821 9.35311 9.12258 8.01381 7.73564 8.56883 9.03323 7.6137 9.69496 9.95655 9.33819 8.11264 8.3323 9.83804 7.67909 7.53369 12.8078 9.48686 8.3247 9.51366 11.4757 23.5638
threshold=5.5000000000000009 4.5000000000000009 34.665000000000006 1.1650000000000007 30.500000000000004 -15.888999999999998 0.010000000000000233 1.5000000000000002 -5.2333333333333316 59.500000000000007 0 7.5000000000000009 6.8450000000000006 22.870000000000001 27.645000000000003 27.500000000000004 7.0150000000000006 29.640000000000004 -0.81916666666666671 5.5000000000000009 0.029999999999999808 32.365000000000009 -5.0599999999999996 -0.0083333333333341902 32.935000000000009 55.665000000000013 -5.2333333333333316 18.220000000000002 0.0066666666666663774 23.295000000000005
decision_type=2 2 2 2 2 2 2 8 2 2 1 2 2 2 2 2 2 2 2 2 2 2 2 2 2 2 2 2 2 2
left_child=-1 5 3 11 6 -2 -5 8 9 10 -7 15 -13 -14 -15 16 17 22 -17 -20 -21 -22 -3 25 26 -9 27 -25 29 -29
right_child=1 2 -4 4 -6 7 -8 23 -10 -11 -12 12 13 14 -16 18 -18 -19 19 20 21 -23 -24 24 -26 -27 -28 28 -30 -31
leaf_value=1.0985900413829628e-05 -0.0062735041700919102 0.0033460373535425408 0.032892287209723682 0.0091979762363635781 -0.00027764412467361574 0.0042109874049190178 0.052241211283989751 -0.0019116219903512338 0.0056716005423862251 0.045589747974145049 -0.0096340275025029211 -0.017651855954984644 -0.0056976795694586961 0.091085259157984877 0.018532059144740824 -0.019714923484018061 -0.041340183283313958 -0.015830764898199595 -0.00759348599543093 -0.0035788537974993958 0.079842810469541031 0.010667757079543634 0.030496489312291822 -0.0074968671287499161 -0.00011624383320265877 0.040753091054276255 -0.0020629811578425643 0.070690378933528045 0.0081677470811485839 0.0157439494802461
leaf_weight=27191.030685268342 382.77324724849313 141.19768891390413 14.637890537269412 26.255110248923302 199.09522460401058 93.625715609639883 12.118765160441397 734.44766035303473 118.97711242735386 5.5002346672117701 358.61713802814484 7.5332218855619457 6.4781887829303768 5.1302123609930259 5.9072088543325663 99.550278522074223 8.5708169462159258 39.683464761823416 835.13897916674614 22.501107588410378 5.1277533471584311 9.1759312227368337 18.898595657665282 45.678729569539428 699.16788716055453 8.4345891661941987 113.09305458515882 14.38188189268112 358.08701809868217 94.820177353918552
leaf_count=197496 3253 1778 112 141 1085 691 65 5510 887 42 2685 54 48 39 45 1220 134 473 5676 200 54 83 203 389 5048 59 807 101 2534 660
internal_value=-0.000210841 -0.00155582 -0.00418912 -0.00456544 0.0034502 -0.000288577 0.0227914 0.000577591 -0.00379622 -0.00625711 -0.00688767 -0.00614522 0.0162432 0.030821 0.0522549 -0.00662055 0.000317997 0.00210519 -0.00810861 -0.00678351 0.0115956 0.0354664 0.00655102 0.00179729 0.00360484 -0.00142721 0.00776045 0.0099262 0.0116294 0.0229804
internal_weight=31675.6 4484.6 1457 1442.36 237.469 3027.6 38.3739 2644.83 576.72 457.743 452.243 1204.89 25.0488 17.5156 11.0374 1179.84 208.351 199.78 971.494 871.944 36.8048 14.3037 160.096 2068.11 1325.23 742.882 626.061 512.968 467.289 109.202
internal_count=231572 34076 11410 11298 1291 22666 206 19413 4305 3418 3376 10007 186 132 84 9821 2588 2454 7233 6013 337 137 1981 15108 9539 5569 4491 3684 3295 761
cat_boundaries=0 1
cat_threshold=257
is_linear=0
shrinkage=0.04


Tree=148
num_leaves=31
num_cat=6
split_feature=0 9 21 19 9 26 19 1 5 21 19 12 29 27 14 19 19 3 6 12 14 12 3 3 6 21 17 19 31 1
split_gain=8.23128 11.6566 12.1186 17.9744 10.5683 10.2601 9.76192 11.4177 9.72069 16.2646 9.27864 9.84726 8.52069 10.7397 13.7092 11.5549 11.0888 10.4684 9.54003 13.7458 8.73234 8.59473 8.48744 11.5748 8.60451 8.26475 8.17416 8.36238 9.52597 8.62259
threshold=2.5000000000000004 28.500000000000004 34.155000000000008 0 24.500000000000004 7.3650000000000011 1 23.175000000000004 1.5000000000000002 33.430000000000007 2 1.6458333333333337 3.5650000000000004 -1.1833333333333331 0.10509259259259263 3 4 6.7950000000000008 34.865000000000002 4.9500000000000011 -0.21666666666666656 2.0500000000000003 7.0850000000000009 7.1050000000000013 35.905000000000008 8.3800000000000008 0.2678571428571429 5 3.5000000000000004 41.685000000000009
decision_type=2 2 2 1 2 2 1 2 2 2 1 8 2 2 10 1 1 2 2 10 10 8 2 2 2 2 8 1 2 2
left_child=1 6 3 -3 5 10 -1 -8 9 -5 -2 -12 13 14 15 -6 -15 18 -17 20 -20 -18 -10 -24 -25 -9 27 28 -27 -30
right_child=4 2 -4 8 12 -7 7 25 22 -11 11 -13 -14 16 -16 17 21 -19 19 -21 -22 -23 23 24 -26 26 -28 -29 29 -31
leaf_value=-0.0077322139475227607 -0.0021180958823059154 -0.0019172551350102377 -0.0018676290157005832 -0.0025403339551052779 -0.019650564959186986 0.058181484760390804 0.010342622686985235 -0.0097462270513381331 0.0046947022843248252 0.068866541896021399 0.067015572789924482 0.0045487510540000086 0.00053364121139772491 -0.0042215186698572578 0.047552329551248704 -0.0039868140294377317 0.029427273783908078 -0.010451633444865929 -0.018390521544372748 0.093245214244618582 0.029585618235158255 0.0013253298562335603 0.077556540696782722 0.043263444979752076 -0.026830747108772899 0.0019994557405649659 -0.0083758370704333888 -0.0032010271143478532 0.025262084338396339 -0.016714805836188052
leaf_weight=656.36975808441639 406.71094711683691 1591.101427745074 3799.9701899625361 430.97054095566273 112.4194152103737 5.4505963623523703 116.96679925080389 214.74459500052035 1765.6567958854139 5.1648373380303374 4.0489373207092276 1457.6543715992011 18266.653083804995 888.16752111911774 6.7918898053467265 44.676359546370804 17.698655478656292 136.28610668610781 8.8159999325871485 4.0718383761122814 19.489287331700325 1079.7846798300743 6.0349555388093021 5.7074543759226781 5.5045795813202858 136.18135686218739 156.30326985940337 215.25015287101269 62.683502327650785 8.9471029601991159
leaf_count=5487 4333 12446 34501 3580 1288 31 972 1794 13506 45 24 15539 116906 6074 60 510 102 1572 88 74 174 7387 45 44 40 1123 1379 1728 493 71
internal_value=9.30733e-05 -0.000916249 -0.000269282 0.0013248 0.000505524 0.00338143 -0.00405734 -0.00131059 0.00364165 -0.00169471 0.00322156 0.0046897 0.000243727 -0.0020407 -0.00869346 -0.00986615 -0.000926516 -0.0036195 0.0079949 0.0245282 0.0146429 0.00176246 0.00496747 0.0328917 0.0088505 -0.00304353 -0.000559141 0.00232879 0.00783362 0.0200189
internal_weight=31636.3 9177.56 7610.11 3810.14 22458.7 1873.86 1567.45 911.077 2219.04 436.135 1868.41 1461.7 20584.9 2318.2 332.551 325.759 1985.65 213.34 77.0535 32.3771 28.3053 1097.48 1782.9 17.247 11.212 794.11 579.365 423.062 207.812 71.6306
internal_count=231416 77254 64207 29706 154162 19927 13047 7560 17260 3625 19896 15563 134235 17329 3766 3706 13563 2418 846 336 262 7489 13635 129 84 6588 4794 3415 1687 564
cat_boundaries=0 1 2 3 4 5 6
cat_threshold=920237 423480 1116178 984106 7387399 12650757
is_linear=0
shrinkage=0.04


Tree=149
num_leaves=31
num_cat=0
split_feature=20 28 27 22 28 20 20 26 26 9 9 31 20 27 1 0 11 17 27 22 7 27 7 3 9 3 8 21 6 17
split_gain=8.47581 10.7831 15.829 12.1053 11.5417 14.1279 13.1984 10.9951 10.6756 13.4919 10.578 12.0679 9.4838 9.05062 8.83156 7.87316 11.4863 15.8324 11.4464 9.23072 9.78951 9.53744 9.35279 15.4928 9.92372 8.49273 11.6944 9.88186 9.15255 19.8546
threshold=35.815000000000005 4.5000000000000009 -1.0683333333333338 -2.9350000000000001 3.5000000000000004 13.260000000000002 20.940000000000001 5.2350000000000012 5.3950000000000005 55.500000000000007 22.500000000000004 2.5000000000000004 22.460000000000004 -0.16366666666666682 25.495000000000001 3.5000000000000004 4.5000000000000009 0.31666666666666671 1.2850000000000006 12.650000000000002 -7.1044999999999972 2.0400000000000009 -9.2616666666666632 7.0450000000000008 54.500000000000007 6.705000000000001 2.5000000000000004 59.800000000000004 37.445000000000007 0.18333333333333338
decision_type=2 2 2 2 2 2 2 2 2 2 2 2 2 2 2 2 2 10 2 2 2 2 2 2 2 2 2 2 2 10
left_child=1 2 3 4 -1 10 -7 12 9 -2 11 -6 13 -3 -15 16 17 -10 -17 21 22 25 23 -21 -24 26 -18 28 -28 -30
right_child=8 7 -4 -5 5 6 -8 -9 15 -11 -12 -13 -14 14 -16 18 19 -19 -20 20 -22 -23 24 -25 -26 -27 27 -29 29 -31
leaf_value=0.068914746486866213 -0.007930906052580013 -9.6333594315021201e-06 0.0013421981929532514 -0.020674906821290615 0.074492060729090773 0.054267080109522262 0.0026671176226661731 0.0057370029772747114 -0.0024378709446546713 0.016750042658127701 -0.0196427770682907 -0.0027878305661199337 -0.0027992354385870419 0.046352474932148315 0.0081814834619067193 -0.00052399820096025464 -0.012668987308678102 -0.012033475167847196 0.002992407074848952 -0.003861826038385632 -0.0042184816660034621 -0.019611190149798032 0.011645872271719544 0.052226017855049801 0.071620048876513936 0.0017107753693243175 -0.0030404034937686563 0.045767834196652216 0.075817732417625128 0.00039833427815400528
leaf_weight=8.2300033867359144 508.09405443072319 3988.2449599453248 9018.6782519295812 11.02083909511566 5.2060070447623721 22.887079775333405 12.137271322309969 416.90904919430614 1413.8722919411957 38.094948373734951 18.86792242154479 8.5313307419419271 2689.7914862111211 11.225568465888498 71.277257435023785 6096.545823123306 165.28477247059345 341.58957161381841 1956.4246331751347 165.35433402657509 1448.7366591393948 36.632043302059174 83.146778404712677 8.2740317396819574 4.6618443205952635 2839.9384530112147 235.17344020307064 7.6104682758450499 7.7051107026636627 20.29612534865737
leaf_count=41 3491 40747 59313 73 42 145 79 3077 11141 263 135 64 21233 73 472 36931 1395 2695 10730 1390 12630 315 737 59 39 21905 1942 60 60 166
internal_value=-4.40184e-05 0.000591996 0.00150589 0.0184979 0.0241889 0.0187461 0.0363857 -0.0005674 -0.000717487 -0.00620949 -0.000202302 0.0264988 -0.00095618 0.000261639 0.0133751 -0.000515234 -0.00151977 -0.00430505 0.000330293 -0.000546318 -0.00293287 0.000685758 0.00419125 -0.00118903 0.01483 0.000912717 -0.0042847 0.000832989 -0.000466433 0.0211515
internal_weight=31660.4 16283 9105.56 86.8805 75.8596 67.6296 35.0244 7177.45 15377.4 546.189 32.6053 13.7373 6760.54 4070.75 82.5028 14831.2 6778.28 1755.46 8052.97 5022.81 1710.17 3312.64 261.437 173.628 87.8086 3276.01 436.07 270.785 263.175 28.0012
internal_count=231443 125494 59892 579 506 465 224 65602 105949 3754 241 106 62525 41292 545 102195 54534 13836 47661 40698 14855 25843 2225 1449 776 25528 3623 2228 2168 226
is_linear=0
shrinkage=0.04


Tree=150
num_leaves=31
num_cat=1
split_feature=27 20 31 12 4 1 14 18 1 21 14 25 4 12 7 9 6 24 13 15 22 6 1 29 12 29 21 4 14 22
split_gain=8.14388 7.72905 7.04033 6.9075 6.19741 10.3835 10.54 13.7652 9.50238 7.57644 7.86521 8.04734 9.71819 10.3771 8.01609 9.34962 9.09399 7.57569 6.61025 6.44231 8.79051 8.61349 8.1181 7.67608 7.34613 9.47767 12.1101 10.0655 6.94086 11.4242
threshold=-3.1941666666666659 55.835000000000008 5.5000000000000009 1.5857142857142861 0.066666666666666888 33.685000000000009 -0.049999999999999954 0.22500000000000003 27.790000000000003 46.370000000000012 -0.020800264550264538 0 -0.064999999999999933 2.0500000000000003 -4.9744999999999981 25.500000000000004 20.660000000000004 1.5000000000000002 0.73214285714285732 2.5000000000000004 10.143333333333334 28.855000000000004 32.085000000000008 6.8250000000000011 2.6125000000000003 5.5450000000000008 44.015000000000008 -0.034500000000000412 0.17976190476190482 12.650000000000002
decision_type=2 2 2 8 2 2 10 10 2 2 8 9 2 10 2 2 2 2 10 8 2 2 2 2 8 2 2 2 10 2
left_child=-1 -2 3 -3 9 6 -6 -8 -9 19 -11 12 -12 -14 16 -16 -13 -15 -18 21 24 -5 -23 28 -21 -26 27 -27 -24 -30
right_child=1 2 -4 4 5 -7 7 8 -10 10 11 14 13 17 15 -17 18 -19 -20 20 -22 22 23 -25 25 26 -28 -29 29 -31
leaf_value=-0.014745991465230451 5.3233783835611025e-05 -0.018708454833730223 -0.013492056082208985 0.012278828042098285 0.074395609182940095 -0.00603173758563083 -0.013361152035189661 0.0022206253855815085 0.06608378562385768 -0.014494426362156183 -0.04813010454257597 0.0065403220773776949 0.054021403055665128 0.026431222982839429 0.038335431132038147 -0.0027785483265030625 -0.014666704914806278 -0.011348654140744629 -0.042607700724415193 0.026978428044749092 0.041692800468248595 -0.015134190606263025 -0.012903111201657111 0.036707024431213223 -0.026018454678260475 -0.025055582932729789 -0.032425748144589067 0.029718101261913224 -0.0016703123487673516 0.038567789021023209
leaf_weight=60.645876889582723 30341.929256796837 39.562242943793535 97.190864305943251 60.414885144680738 5.7824629321694365 33.623335670679808 14.05906603485346 6.1139633767306796 9.5515222512185556 114.44156558439136 3.7522690892219535 27.475383099168539 10.331125095486639 17.644474714994431 9.0508349649608117 398.48093595355749 75.393024109303951 16.372009448707104 16.514902248978615 20.642013307660818 13.030219268053768 77.192192021757364 48.786028403788805 9.1139644719660264 16.987534329295158 6.5882924087345556 8.9740136265754682 28.981872029602531 52.916661210358143 14.351136114448307
leaf_count=2725 219968 323 688 426 38 223 92 42 59 818 35 202 69 122 66 2847 543 117 124 141 93 556 338 60 122 55 61 192 359 102
internal_value=-0.000102026 -7.39177e-05 -0.00315216 -0.00228293 -0.00170094 0.00989891 0.0249844 0.0153722 0.0411591 -0.00246653 -0.00491787 -0.00301191 0.0113265 0.0189112 -0.00445129 -0.00186545 -0.0136512 0.00824791 -0.0196874 0.00225469 0.0111696 -0.0009752 -0.00493221 0.00135945 0.00632956 -0.00059751 0.00909712 0.0195729 -0.00141647 0.00691422
internal_weight=31655.9 31595.2 1253.32 1156.13 1116.57 69.1304 35.507 29.7246 15.6655 1047.44 689.457 575.015 48.0999 44.3476 526.915 407.532 119.383 34.0165 91.9079 357.979 95.2039 262.775 202.36 125.168 82.1737 61.5317 44.5442 35.5702 116.054 67.2678
internal_count=231606 228881 8913 8225 7902 454 231 193 101 7448 4943 4125 343 308 3782 2913 869 239 667 2505 664 1841 1415 859 571 430 308 247 799 461
cat_boundaries=0 1
cat_threshold=4
is_linear=0
shrinkage=0.04


Tree=151
num_leaves=31
num_cat=0
split_feature=0 5 18 14 6 7 1 9 7 7 20 11 11 27 29 13 26 8 11 9 2 14 27 9 7 9 3 26 21 9
split_gain=7.02633 10.6797 7.20856 19.7646 6.68605 6.27688 10.1592 10.6531 9.2472 10.4797 12.2707 9.72194 11.9828 11.5718 7.55705 7.70178 11.326 7.34912 9.36011 8.2613 6.24066 11.2412 7.4426 6.91646 6.37582 7.31069 7.14654 6.74448 6.14483 9.83957
threshold=1.5000000000000002 1.5000000000000002 0.55000000000000016 -0.088888888888888851 24.945000000000004 -7.3516666666666639 60.265000000000008 44.500000000000007 -5.410000000000001 -5.0599999999999996 22.460000000000004 5.5000000000000009 2.5000000000000004 0.040000000000000265 7.1750000000000007 0.78888888888888908 7.0550000000000006 3.5000000000000004 5.5000000000000009 41.500000000000007 1500.0000000000002 0.2148148148148149 0.3000000000000001 37.500000000000007 2.1083333333333365 21.500000000000004 6.7350000000000012 7.035000000000001 12.56 53.500000000000007
decision_type=2 2 8 8 2 2 2 2 2 2 2 2 2 2 2 10 2 2 2 2 2 8 2 2 2 2 2 2 2 2
left_child=1 20 5 -4 -5 17 8 -8 -7 10 -10 12 -12 -14 15 28 -17 18 -3 -20 21 22 -1 -24 25 26 -22 -26 29 -11
right_child=-2 2 3 4 -6 6 7 -9 9 14 11 -13 13 -15 -16 16 -18 -19 19 -21 24 -23 23 -25 27 -27 -28 -29 -30 -31
leaf_value=-0.014473539208654233 0.00043247032671238627 -0.0012451375016074415 0.08643692068273269 -0.034607847086587887 -0.0081498244332206642 -0.0099149425959660347 0.0085637203440712788 0.092674149512753767 0.065624645343040633 0.0029166392439410544 -0.014305695621861727 -0.01276724133297954 0.017826674291788584 0.11106487862653996 -0.011305175233295182 0.050110042787805065 -0.042601904510023346 0.0042399150191218685 0.022010068476172959 0.10738771536889181 0.076268142281168821 0.063052843886079388 0.059568120583061351 -0.00012427994653729885 -0.0086964557614397208 -0.0037350835665815991 0.00053313102934318516 -0.031466900171987958 -0.0010490803177376213 0.027447089217995178
leaf_weight=18.776843309402469 28380.333506036084 6.3381497189402562 3.3551326505839825 17.84427822381258 106.41818486899137 159.46896892786026 6.6951287686824781 3.763775922358036 7.851159155368804 243.53328837454319 5.1818231381475952 15.221057828515766 4.4138781130313856 4.1156666949391365 94.370415087789297 10.277268484234808 2.6523708254098883 321.6036692969501 3.5769894011318684 3.6777794249355793 3.6304349228739721 5.596181232482194 5.3869214393198472 7.3341225683689117 320.10116024687886 507.33915913850069 4.4213713966310024 22.259870497509837 1304.0206264853477 29.31181863322854
leaf_count=168 192836 65 41 257 1565 1809 73 38 67 2336 54 189 42 50 1481 156 47 3565 40 41 39 75 68 102 4051 6762 50 452 14524 257
internal_value=0.000230765 -0.0015314 -0.000117253 -0.00936261 -0.0119492 0.00041277 -0.000481523 0.038832 -0.000700185 0.000153685 0.0212747 0.00923982 0.03367 0.0628159 -0.000307615 0.000345201 0.0310912 0.00545757 0.0342668 0.065292 -0.005251 0.0108121 0.00153058 0.0251534 -0.00594566 -0.00313492 0.0346809 -0.010177 9.30964e-05 0.00555195
internal_weight=31628.9 3248.54 2353.69 127.618 124.262 2226.07 1890.88 10.4589 1880.42 1720.95 36.7836 28.9324 13.7114 8.52954 1684.17 1589.8 12.9296 335.197 13.5929 7.25477 894.846 37.0941 31.4979 12.721 857.752 515.391 8.05181 342.361 1576.87 272.845
internal_count=231300 38464 26697 1863 1822 24834 21123 111 21012 19203 402 335 146 92 18801 17320 203 3711 146 81 11767 413 338 170 11354 6851 89 4503 17117 2593
is_linear=0
shrinkage=0.04


Tree=152
num_leaves=31
num_cat=2
split_feature=27 4 19 19 20 3 1 4 27 27 9 28 12 22 7 12 6 23 3 3 1 14 14 29 29 3 12 20 4 20
split_gain=6.51066 9.27549 16.5665 11.0595 10.1876 9.98952 8.28239 8.2563 8.38654 8.16037 12.1903 7.12744 6.97134 7.84803 5.97439 7.25345 6.06449 6.02164 6.88722 7.9639 8.55813 7.59627 7.93483 7.7686 16.9438 7.53251 8.86693 20.2937 5.95433 7.20961
threshold=-1.7116666666666664 -0.0083333333333341902 0 1 9.6950000000000021 6.6050000000000013 33.885000000000012 -0.018166666666666661 -2.0481666666666656 -2.7274999999999991 22.500000000000004 3.5000000000000004 3.4142857142857146 -21.917499999999997 10.248333333333333 3.2111111111111117 43.490000000000002 3.5000000000000004 6.9150000000000009 6.9750000000000005 36.010000000000012 -0.07999999999999996 -0.13333333333333333 2.2850000000000006 1.385 6.6850000000000014 5.4722222222222232 1.0000000180025095e-35 -0.13333333333333328 13.660000000000002
decision_type=2 2 1 1 2 2 2 2 2 2 2 2 8 2 2 8 2 2 2 2 2 8 8 2 2 2 10 2 2 2
left_child=1 2 5 6 7 -1 -3 -4 9 10 -9 -5 13 -13 15 -7 17 -17 21 20 -20 22 25 24 -24 26 -19 -28 29 -2
right_child=28 3 4 11 -6 14 -8 8 -10 -11 -12 12 -14 -15 -16 16 -18 18 19 -21 -22 -23 23 -25 -26 -27 27 -29 -30 -31
leaf_value=0.074086709994412817 0.042430429396975 -0.0092714979927823113 -0.0060897848720297496 0.06866559237560925 -0.022599005155866068 0.053201191584501109 -0.029938179066573242 -0.0079381922651144115 0.05706883253511115 -0.01854530274286267 0.10503575575702039 0.06189848765381023 -0.0051584481019817411 0.0033322264481329012 0.032603388798378194 0.040865130994402268 -0.036887072314885208 0.010972757501654627 0.021568048656334122 -0.0088222002201089507 0.10841792016327403 -0.025801929238448578 0.008713407225984458 -0.0059113030365896347 0.13788429053091814 -0.0061219828932481185 -0.013190411349661185 0.20786955922272651 5.292413048004674e-05 -0.0095487708563152963
leaf_weight=4.0084844529628745 4.4006274193525305 69.549971999134868 97.632930033840239 2.199179843068122 49.33069697022438 5.1980668306350699 56.015287471935153 3.5919739687815317 7.0027529411017886 9.6439600270241499 2.6597815537825227 5.2338673472404507 276.73510923655704 12.181033100932835 16.52172545529902 7.7683504316955796 5.3020634949207297 10.112633181735871 4.2837114213034493 4.5488141868263483 3.1504469932988286 14.630540729500352 3.7743775453418476 4.0662907958030701 2.8529411070048809 53.405798851512372 1.3828664133325212 1.2789793554693458 30776.731103021652 143.23423516005278
leaf_count=52 33 1373 1942 11 507 45 1140 156 77 162 71 58 5750 120 238 84 96 128 86 87 54 173 58 41 36 1063 57 37 216802 1102
internal_value=-7.38961e-05 -0.00379705 0.00143044 -0.00766455 -0.00688161 0.0110598 -0.017127 -0.00101979 0.0205973 0.00453004 0.0401261 -0.00297686 -0.00361368 0.0209337 0.0100325 0.00696977 0.00490801 0.00689982 0.00435019 0.0328654 0.0583733 0.000615977 0.0056438 0.0376137 0.0643191 0.000478003 0.0280703 0.0930258 1.44818e-05 -0.0079994
internal_weight=31658.4 734.063 312.148 421.914 169.862 142.286 125.565 120.531 22.8985 15.8957 6.25176 296.349 294.15 17.4149 138.278 121.756 116.558 111.256 103.487 11.983 7.43416 91.5044 76.8739 10.6936 6.62732 66.1803 12.7745 2.66185 30924.4 147.635
internal_count=231639 13702 5250 8452 2915 2335 2513 2408 466 389 227 5939 5928 178 2283 2045 2000 1904 1820 227 140 1593 1420 135 94 1285 222 94 217937 1135
cat_boundaries=0 1 2
cat_threshold=2605651 36951
is_linear=0
shrinkage=0.04


Tree=153
num_leaves=31
num_cat=1
split_feature=0 5 14 4 1 27 4 14 30 29 27 7 31 18 7 13 1 6 6 1 27 28 8 7 1 7 22 5 14 14
split_gain=5.955 15.4471 11.3601 10.6163 9.76976 10.1322 10.5849 9.54884 8.63974 8.52609 9.12882 8.50226 8.271 8.20673 8.79128 7.81335 7.70364 9.29326 9.26014 7.7836 7.44522 12.7132 11.0265 10.0622 9.20419 7.43635 9.82793 7.40918 7.15979 10.3379
threshold=2.5000000000000004 1.5000000000000002 -0.35727513227513213 -0.021666666666666941 39.82500000000001 2.1091666666666673 -0.12333333333333261 -0.20363756613756609 0 2.4050000000000007 0.040000000000000265 2.3341666666666652 3.5000000000000004 0.36666666666666675 -15.509166666666667 0.73214285714285732 35.235000000000007 20.660000000000004 16.935000000000006 37.885000000000012 -1.0900000000000003 4.5000000000000009 3.5000000000000004 2.036666666666664 35.725000000000009 -4.2366666666666655 -3.7850000000000015 3.5000000000000004 0.14999999999999999 -0.0074074074074074103
decision_type=2 2 8 2 2 2 2 8 1 2 2 2 2 8 2 10 2 2 2 2 2 2 2 2 2 2 2 2 10 10
left_child=1 8 9 4 5 6 -2 -5 -1 -3 11 25 13 14 16 -7 28 18 19 -18 21 22 23 -9 -23 -11 -27 -13 29 -4
right_child=3 2 12 7 -6 15 -8 20 -10 10 -12 27 -14 -15 -16 -17 17 -19 -20 -21 -22 24 -24 -25 -26 26 -28 -29 -30 -31
leaf_value=-0.00062482354392640179 -0.010333083817577441 -0.019433697245445698 -0.0062656933906877835 -0.0031036626768880245 0.0054177283760708482 -0.0048916133779160278 0.0017595603417540123 0.062890098645442219 -0.0059582851581796341 0.021935778261872964 -0.023493580399203445 -0.026566553706127295 0.0019838044928127 -0.0042670914892071919 -0.00046132539669345039 -0.029110561859463958 0.056178388995902211 -0.022252619927373086 0.078999720287139572 0.012368101241185606 0.00047238197676759591 -0.0071678814516946592 -0.01073708099467861 0.0076638941881491162 0.0013988912264642768 0.036562439583221688 0.1046617632968572 0.037872408871170084 -0.033040511260531674 0.026508420046621378
leaf_weight=828.5596930552274 118.69929509609938 7.6065761614590874 38.732102159410715 1498.5818867087364 1044.4845648277551 109.67698071151972 4766.5953496135771 11.791079118847849 1204.8149434141815 10.54797852784395 5.0772814638912669 5.7622341066598874 2285.023396669887 951.09852380678058 3735.341650811024 26.453741952776909 8.4608390741050226 6.3165992386639109 5.3393461406230918 27.835156764835119 14070.172332078218 571.86491278652102 11.272055387496946 9.5571624301373941 309.14067585021257 7.6929157823324168 6.0631897747516685 5.6583691984415054 8.1462073884904367 25.561449524015188
leaf_count=7815 821 81 317 16180 6887 666 31465 71 11538 95 45 46 18367 8125 30095 168 69 53 42 222 88409 6437 76 64 3474 65 51 47 73 199
internal_value=0.000117662 -0.000741563 0.000134355 0.000467232 0.00189794 0.0011658 0.00146574 -5.93024e-05 -0.00381738 0.0194457 0.0266939 0.0338267 2.53712e-06 -0.000939298 -0.000118427 -0.00959799 0.0105205 0.0229569 0.0298158 0.0225806 0.000245175 -0.0032539 0.0212677 0.0381665 -0.00416184 0.0472033 0.0665781 0.00535991 0.00228818 0.00676444
internal_weight=31721.9 9173.64 7140.26 22548.3 6065.91 5021.43 4885.29 16482.4 2033.37 48.4085 40.802 35.7247 7091.86 4806.83 3855.73 136.131 120.392 47.9519 41.6353 36.296 14983.8 913.626 32.6203 21.3482 881.006 24.3041 13.7561 11.4206 72.4398 64.2936
internal_count=232063 77345 57992 154718 40007 33120 32286 114711 19353 430 349 304 57562 39195 31070 834 975 386 333 291 98531 10122 211 135 9911 211 116 93 589 516
cat_boundaries=0 1
cat_threshold=76
is_linear=0
shrinkage=0.04


Tree=154
num_leaves=31
num_cat=4
split_feature=12 13 19 22 29 26 27 1 26 19 26 0 1 19 29 12 27 16 19 3 3 22 6 22 22 22 27 26 4 14
split_gain=6.0021 6.34287 10.294 9.16203 11.6042 9.87005 8.58302 8.24182 10.7531 9.60871 9.85613 7.70191 10.793 7.91307 8.1282 11.1424 7.54862 7.19745 22.8744 8.54528 8.92297 10.6996 11.7342 8.35881 7.90505 13.0259 11.9739 9.20442 9.0424 7.24645
threshold=5.8452380952380958 1.0000000180025095e-35 0 1.6933333333333336 5.3350000000000009 6.2550000000000008 -0.070000000000000048 26.330000000000002 4.9850000000000012 1 4.285000000000001 3.5000000000000004 45.480000000000011 2 4.4050000000000011 5.2361111111111116 -1.6533333333333329 1.0000000180025095e-35 3 6.995000000000001 6.9450000000000012 20.345833333333342 30.885000000000002 15.238166666666668 -4.6483333333333343 -4.1241666666666648 0.59366666666666645 3.8650000000000007 -0.0039999999999991145 -0.23320105820105816
decision_type=10 10 1 2 2 2 2 2 2 1 2 2 2 1 2 8 2 8 1 2 2 2 2 2 2 2 2 2 2 10
left_child=1 2 3 4 7 6 -6 8 9 10 -1 12 13 14 15 16 -4 18 -3 20 23 -22 -23 -20 26 -26 27 -21 -27 -30
right_child=-2 17 11 -5 5 -7 -8 -9 -10 -11 -12 -13 -14 -15 -16 -17 -18 -19 19 24 21 22 -24 -25 25 28 -28 -29 29 -31
leaf_value=0.033120908877559571 -0.018804872955647322 -0.0060549071108519726 -0.021752553295250304 -0.0095821351435310675 0.020702434336288707 -0.022070059589285384 0.072055420554933594 -0.0030433655060317002 0.064623053621309504 -0.0086489971489814785 -0.021972684104226366 0.0013935707497871931 0.030084639677214618 0.0092488897113476732 -0.0099007906393306332 -0.022590598746499858 0.017864517181311285 0.00010500321873230337 0.001785687934457192 0.017277537819534849 -0.0097945664577731347 0.071217245694565362 -0.0075602748199753694 -0.0076163641416858528 0.08000312234514842 -0.0090492848876965338 0.059531239810902664 -0.010630753238892525 -0.01872268650809537 0.01999809941304112
leaf_weight=29.924921047873795 27.100511606317014 1276.4471222227439 8.6558748502284271 179.72104854881763 18.748133756220348 5.971033662557601 7.2102017663419238 377.51144719216973 5.6448120400309554 32.013168204575777 6.286985967308282 696.45613214932382 32.16476720944047 408.00947406608611 85.235584449023008 16.6361303050071 69.339632973074913 26263.072181357071 1471.9126132810488 25.334195418283343 211.56167163513601 5.6143432147800905 6.5603991970419884 168.62552592530847 4.6305895075201979 26.7252580486238 5.0580597370862952 74.544609103351831 8.3912004716694337 98.610910162329674
leaf_count=411 1604 9690 100 1313 149 45 48 4362 40 389 50 8524 250 3233 645 165 525 184202 11039 263 1623 39 45 1206 31 187 31 588 69 682
internal_value=1.15361e-05 2.76596e-05 0.00221989 -0.00184348 0.000996029 0.0243 0.0349663 -0.000652427 0.0115664 0.00717664 0.0184584 0.00424808 0.00752289 0.00628845 -0.000891613 0.00712882 0.0134678 -0.000118715 -0.00185498 0.00071405 -0.00020268 -0.00769618 0.0287677 0.000819282 0.00776795 0.0140472 -0.000511167 -0.00355183 0.0117633 0.0169616
internal_weight=31653.7 31626.6 1979.53 663.032 483.311 31.9294 25.9583 451.381 73.8699 68.2251 36.2119 1316.5 620.041 587.877 179.867 94.6316 77.9955 29647.1 3384.02 2107.57 1864.27 223.736 12.1747 1640.54 243.295 138.358 104.937 99.8788 133.727 107.002
internal_count=231548 229944 20249 6807 5494 242 197 5252 890 850 461 13442 4918 4668 1435 790 625 209695 25493 15803 13952 1707 84 12245 1851 969 882 851 938 751
cat_boundaries=0 1 2 3 4
cat_threshold=8405365 8388692 70792 1905234
is_linear=0
shrinkage=0.04


Tree=155
num_leaves=31
num_cat=0
split_feature=7 9 3 4 24 14 29 29 14 20 28 20 26 27 28 29 4 15 20 13 12 8 29 20 29 9 27 3 14 9
split_gain=5.23573 8.37796 7.83687 7.64828 6.05302 8.69455 10.6639 6.38862 7.62623 8.58773 11.1274 9.61615 8.08288 6.61079 10.1966 12.6506 11.548 11.7058 9.13847 7.76853 6.95875 7.11631 7.62 7.99685 6.79623 8.07699 9.2073 6.11661 6.08539 5.77693
threshold=-17.332666666666665 61.500000000000007 7.0150000000000006 -0.024999999999999908 3.5000000000000004 -0.11287037037037036 4.2250000000000005 4.7350000000000012 0.37981481481481488 27.635000000000002 5.5000000000000009 25.985000000000003 4.2250000000000005 0.70333333333333348 4.5000000000000009 5.3050000000000006 0.030000000000000696 3.5000000000000004 44.955000000000005 0.68333333333333346 3.8944444444444448 4.5000000000000009 5.8950000000000005 40.070000000000007 5.4250000000000007 33.500000000000007 0.099999999999999881 6.8250000000000011 -0.033333333333333333 25.500000000000004
decision_type=2 2 2 2 2 8 2 2 8 2 2 2 2 2 2 2 2 10 2 10 8 2 2 2 2 2 2 2 10 2
left_child=1 2 4 -4 7 6 27 -1 9 10 11 12 -9 14 19 -16 17 -17 20 24 21 -15 -23 -24 25 -11 -27 -6 -14 -7
right_child=-2 -3 3 -5 5 29 -8 8 -10 13 -12 -13 28 18 15 16 -18 -19 -20 -21 -22 22 23 -25 -26 26 -28 -29 -30 -31
leaf_value=-0.0067847390124842755 0.00025470108916486107 0.043670564853845309 0.023668146441992999 -0.02429451777147705 0.0080607549928962859 0.017275552767828238 -0.007605289290338344 0.052068492442436221 0.031986951636320961 -0.03242081924374618 -0.028020988703479018 0.064934092473746596 -0.016623425015663492 0.061747660252994808 -0.024362447390146674 0.012821129120026175 -0.016954679666955571 0.085244281862918714 -0.0037544447194219777 0.025753221649410005 -0.019980359750232272 -0.00041728935693085645 0.06609283312577173 0.015222137976400261 -0.018729792125831205 -0.018615497928574583 0.025035408406251753 0.071560203144620554 0.028933113030177621 -0.018544803639743673
leaf_weight=173.37936666654423 30893.697692095302 6.0463040359318247 6.0270754247903815 45.316640574950725 4.4172096978873032 7.8077440038323394 20.91582253947854 7.1588882654905346 13.585816718637941 9.35462389141321 6.8981814160943022 8.3774274513125402 11.288984820246698 6.7511617057025424 8.6444430500268954 6.5602030046284217 5.2719136700034133 7.8361518234014511 66.48210034519434 8.9849531315267068 6.6500024609267703 19.795445937663317 7.8615213967859772 13.32411667704582 93.098108667880297 11.970999933779238 21.831562489271164 5.3872237987816334 8.0274961069226247 93.118355974555016
leaf_count=1471 225829 44 45 342 46 56 167 53 92 63 71 56 83 44 69 50 42 63 467 61 46 129 53 90 637 85 144 54 51 639
internal_value=0.000176534 -0.00321431 -0.00361577 -0.0186643 -0.00243576 -0.0101023 0.00853007 -0.000506471 0.00260578 0.00141838 0.0183957 0.0275826 0.0157638 -0.000989159 -0.0059911 0.0159685 0.0336945 0.0522421 0.00619328 -0.0102718 0.0183543 0.0236951 0.0174264 0.0340991 -0.0126474 0.000473418 0.00957667 0.0429517 0.00230885 -0.0157737
internal_weight=31605.9 712.17 706.124 51.3437 654.78 131.646 30.7203 523.133 349.754 336.168 41.751 34.8528 26.4754 294.417 173.553 28.3127 19.6683 14.3964 120.864 145.24 54.3822 47.7322 40.9811 21.1856 136.255 43.1572 33.8026 9.80443 19.3165 100.926
internal_count=231142 5313 5269 387 4882 962 267 3920 2449 2357 314 243 187 2043 1214 224 155 113 829 990 362 316 272 143 929 292 229 100 134 695
is_linear=0
shrinkage=0.04


Tree=156
num_leaves=31
num_cat=8
split_feature=29 29 10 19 19 27 10 19 13 29 13 19 11 21 29 1 7 21 26 6 27 7 1 14 19 14 14 14 11 30
split_gain=4.52567 10.9578 12.7774 12.5922 11.5383 17.6057 9.30826 11.0008 11.3299 11.033 10.983 8.10562 11.9164 13.0229 8.67114 7.70106 6.82446 8.20328 6.80964 9.3403 6.45469 6.47711 6.42395 6.45386 16.0532 9.06772 12.6606 8.52696 9.75078 7.90843
threshold=2.8350000000000004 3.5050000000000003 0 1 2 1.1850000000000001 3 4 0.58571428571428574 2.7350000000000008 1.0000000180025095e-35 5 5.5000000000000009 10.570000000000002 2.4050000000000007 16.755000000000006 -12.309999999999995 16.605000000000004 1.6150000000000004 44.240000000000002 -1.2633333333333332 0.92816666666666425 46.180000000000007 0.022288359788359833 6 0.22222222222222232 0.13333333333333333 -0.033333333333333277 10.500000000000002 7
decision_type=2 2 1 1 1 2 1 1 10 2 10 1 2 2 2 2 2 2 2 2 2 2 2 8 1 8 10 10 2 1
left_child=6 2 4 16 -2 -6 11 10 9 -9 18 12 13 14 -1 -12 17 -4 -8 -20 21 -16 23 27 25 26 -25 28 29 -5
right_child=1 -3 3 22 5 -7 7 8 -10 -11 15 -13 -14 -15 20 -17 -18 -19 19 -21 -22 -23 -24 24 -26 -27 -28 -29 -30 -31
leaf_value=0.0034345036714455114 -0.0054600846790698746 -1.8345211768685776e-05 -0.002189689547160179 0.0036468770509811002 0.042230538858930605 -0.024510767166288562 -0.0090121738806711489 -0.0012709149741504256 0.018681416631735077 0.053532052584098606 -0.034830703574154909 0.0039331498339685066 -0.0060174601159880547 -0.030829459470235611 0.017164132765501244 -0.0096723741145579439 -0.010922090620939091 0.050905616481728817 0.0073276952085720593 0.068327080110977781 0.014422311510637482 0.083391271361185293 -0.018210217376513502 0.032460276306739859 -0.0022745305105375821 0.059314647614497791 -0.014227076871122289 -0.015002489792271012 0.0230505489021612 -0.0077417757678435364
leaf_weight=296.03479859232903 36.32658775895834 26884.951514169574 20.271068908274177 185.0111914165318 33.548850979655981 7.7927942499518386 44.076952614821494 378.26063461042941 57.066919215023518 5.9704230949282637 21.063058169558644 1855.0250062840059 375.6785940527916 16.205839518457651 4.5170193649828416 256.96438371483237 474.57539413496852 6.0439713671803466 63.952881422825158 4.2854705005884162 33.614850416779518 4.9544331058859825 34.246022202074528 30.206489957869053 132.73734237998724 10.617782570421694 13.42328469455242 78.072858929634094 26.177114490419626 188.09151970408857
leaf_count=2284 244 188421 170 1497 232 58 2265 6234 387 54 188 14499 2954 129 51 2239 3608 47 1103 70 243 49 253 203 911 72 89 565 222 1543
internal_value=-2.35031e-05 -0.000190316 -0.00381045 -0.00482798 0.0110967 0.0238749 0.00135106 -0.00231681 0.00200524 -0.000419352 -0.0071311 0.00252978 -0.00103646 0.00420066 0.00587467 -0.0115783 -0.00963038 0.0100051 0.00324276 0.0111585 0.0226404 0.051807 -0.00129731 -0.000444988 0.0058543 0.0220915 0.0180963 -0.0029125 -0.000548491 -0.00220421
internal_weight=31579.8 28162.1 1277.14 1199.47 77.6682 41.3416 3417.67 831.641 441.298 384.231 390.343 2586.03 731.006 355.327 339.121 278.027 500.89 26.315 112.315 68.2384 43.0863 9.47145 698.584 664.338 186.985 54.2476 43.6298 477.353 399.28 373.103
internal_count=230884 198135 9714 9180 534 290 32749 12540 6675 6288 5865 20209 5710 2756 2627 2427 3825 217 3438 1173 343 100 5355 5102 1275 364 292 3827 3262 3040
cat_boundaries=0 1 2 3 4 5 6 7 8
cat_threshold=2 2577165 2632680 6 9713001 1417252 1573888 282
is_linear=0
shrinkage=0.04


Tree=157
num_leaves=31
num_cat=4
split_feature=27 19 1 22 6 27 0 24 29 26 5 19 27 7 14 26 1 29 29 14 26 26 30 26 26 15 3 19 29 14
split_gain=6.24641 10.8505 7.88437 13.8955 6.77146 6.44795 8.19099 6.25717 9.26488 6.51161 6.21374 16.3928 11.6742 7.87921 11.0162 7.66904 12.3311 15.663 14.0397 13.3847 10.4924 17.7272 11.2259 11.2394 10.759 9.81181 8.99546 8.95603 9.83748 8.71315
threshold=2.1091666666666673 0 32.875000000000007 26.281666666666673 40.795000000000009 2.6326666666666676 5.5000000000000009 2.5000000000000004 5.6050000000000013 7.3850000000000007 5.5000000000000009 1 -1.5999999999999992 -10.173333333333334 -0.16643518518518513 5.5150000000000006 28.955000000000002 6.1350000000000007 6.2750000000000012 0.037037037037037056 6.7150000000000007 6.4850000000000012 2 6.0250000000000012 6.6350000000000007 4.5000000000000009 6.7750000000000012 3 3.7550000000000003 0.075925925925926022
decision_type=2 1 2 2 2 2 2 2 2 2 2 1 2 2 8 2 2 2 2 10 2 2 1 2 2 10 2 1 2 10
left_child=10 2 3 4 7 6 -4 9 -9 -2 -1 -12 13 14 -13 26 17 29 19 -19 21 22 23 -20 -23 -22 27 28 -14 -17
right_child=1 -3 5 -5 -6 -7 -8 8 -10 -11 11 12 15 -15 -16 16 -18 18 20 -21 25 24 -24 -25 -26 -27 -28 -29 -30 -31
leaf_value=0.00031676349630118034 -0.0027695300320383638 -0.0075811793299248092 -0.01578450936248121 -0.0093945633160456097 0.063653305012037434 0.019013982452076587 0.018480535102959043 -0.0089886434857941663 0.055235917239946558 0.043698341204570217 -0.0048961524460996841 0.067168686035397787 0.0080220278521055347 -0.019682988891299987 -0.043046416280825409 -0.010619520582469504 -0.0038843173812571881 0.0035297624939905924 0.060416669260579238 0.084194692415835978 -0.012537589316518293 0.071451862243608111 -0.0095455363487471148 0.010128779623392354 0.016285059925107242 0.042083244553543321 0.0039471825278195663 0.0072618246738839357 -0.018899651522779108 0.0088718829632621916
leaf_weight=27027.575162866618 20.665027629584078 401.77912776358426 56.068470619618893 27.197098784148693 6.6272442527115336 16.238211747258902 13.936914667487143 4.8822025917470482 13.618584103882311 6.2948412224650374 1374.9126639789902 4.0050894431769848 28.666488692164421 64.864103100728244 2.2753322264179578 96.940998259931803 886.5414509922266 5.3383684232830992 10.90768437087536 8.5826131068170053 37.712213151156902 13.792453218251469 29.994150962680578 20.430268857628107 9.5887041389942151 6.115293748676776 1298.5781877934933 54.290533173829317 89.581781808286905 59.045844156295061
leaf_count=196227 135 2999 405 185 44 114 75 34 98 39 10648 101 230 1393 44 661 5920 39 73 55 245 90 200 130 63 42 9956 415 665 372
internal_value=2.07935e-05 -0.00413874 0.0044086 0.0137798 0.0258801 -0.00369533 -0.00896291 0.0203735 0.0382876 0.00808022 9.65967e-05 -0.001354 0.000448049 -0.0155409 0.0272389 0.000878003 -0.00151682 0.00551582 0.0151045 0.0532616 0.010972 0.0191921 0.0078943 0.0209478 0.0488277 -0.00491629 0.00280704 -0.00577397 -0.0114083 -0.00324142
internal_weight=31697 567.308 165.529 79.285 52.0879 86.2436 70.0054 45.4607 18.5008 26.9599 31129.7 4102.16 2727.25 71.1445 6.28042 2656.11 1184.99 298.449 142.462 13.921 128.541 84.7133 61.3321 31.338 23.3812 43.8275 1471.12 172.539 118.248 155.987
internal_count=231697 4128 1129 535 350 594 480 306 132 174 227569 31342 20694 1538 145 19156 7890 1970 937 94 843 556 403 203 153 287 11266 1310 895 1033
cat_boundaries=0 1 2 3 4
cat_threshold=85014 8924216 85 4260678
is_linear=0
shrinkage=0.04


Tree=158
num_leaves=31
num_cat=5
split_feature=1 19 22 6 24 15 17 4 3 6 27 11 7 22 23 10 14 14 6 30 22 14 25 3 12 1 12 11 26 19
split_gain=6.05747 13.9878 13.5342 11.2589 10.1876 8.79499 9.55073 9.07635 9.42394 10.6429 12.7183 8.62842 8.72623 8.91618 8.31427 9.55655 13.2759 11.9672 10.3593 9.48231 11.242 11.6953 9.01706 8.7974 10.2171 8.58638 9.28375 8.63151 10.7125 9.57227
threshold=41.32500000000001 0 -20.174166666666661 47.290000000000013 6.5000000000000009 1.5000000000000002 0.21111111111111114 0.11166666666666682 6.7350000000000012 46.170000000000009 0.19833333333333372 7.5000000000000009 -3.782500000000002 4.1481666666666621 2.5000000000000004 1 -0.10737433862433861 -0.25003306878306869 24.035000000000004 2 1.2266666666666686 -0.13333333333333333 3 6.6750000000000007 4.4142857142857155 44.750000000000007 4.5634920634920642 4.5000000000000009 4.4650000000000007 4
decision_type=2 1 2 2 2 10 10 2 2 2 2 2 2 2 2 1 10 10 2 1 2 8 9 2 8 2 10 2 2 1
left_child=-1 4 -3 5 14 6 -4 8 -7 -10 -11 12 13 -8 23 17 19 -16 -18 -17 25 -22 -19 -2 -25 26 27 28 -21 -29
right_child=1 2 3 -5 -6 7 11 -9 9 10 -12 -13 -14 -15 15 16 18 22 -20 20 21 -23 -24 24 -26 -27 -28 29 -30 -31
leaf_value=-0.00012551652855521356 0.018551886061652183 -0.011712248834581603 -0.010903362468063707 -0.010156288406305707 -0.0072727510362406789 0.0094141720235653408 0.06020203320210616 0.045096313529506979 0.00032042613724051996 0.071979207683450563 -0.0039659845906518127 -0.0071527083443395957 0.001871448030008948 0.013635910419921925 -0.016563105550731358 0.0014392070146130426 -0.012119806380837211 -0.0084757986616919561 0.0031570570412276238 0.0118621809701126 -0.023105838357320604 0.034277550743079178 0.017009836782545126 0.00096734718201475778 -0.022810444897670763 0.031862001766810456 -0.013450428068616944 -0.011448881592705221 0.073715043458593796 0.021283592991938355
leaf_weight=27684.495024031959 42.619817033410072 166.39451007684693 178.65811283513904 154.32667866908014 120.66554186586291 253.49811431020498 8.6192285083234292 8.0569707676768285 1012.0739386593923 7.3009274899959546 6.8275541067123413 110.123914308846 102.80133913829923 27.793534137308598 20.205188655760139 113.79721433855593 82.441247809678316 22.401092855259776 512.64349018409848 8.7899756394326705 19.04332035407424 8.099892485886814 261.28976256260648 555.24236603826284 30.502282593399286 72.919503066688776 16.908599644899368 17.562351457774639 9.1372412741184217 26.482800595462322
leaf_count=202707 303 1622 1214 1066 864 1784 53 56 7222 56 43 810 672 180 336 915 592 164 3550 71 146 55 1952 3767 220 582 161 143 64 208
internal_value=8.41891e-05 0.0015439 -0.000776496 0.000192384 0.00396233 0.00112322 -0.00384439 0.00277424 0.00250778 0.000801725 0.0352789 0.00121357 0.00783162 0.0246585 0.00472894 0.00669205 0.00442152 0.01276 0.00104065 0.0114452 0.0167897 -0.00598188 0.0152982 0.00100582 -0.000270866 0.0219675 0.0128208 0.0199887 0.0433877 0.0104649
internal_weight=31661.7 3977.23 2036.47 1870.08 1940.75 1715.75 427.996 1287.76 1279.7 1026.2 14.1285 249.338 139.214 36.4128 1820.09 1191.72 887.826 303.896 595.085 292.741 178.944 27.1432 283.691 628.364 585.745 151.8 78.881 61.9724 17.9272 44.0452
internal_count=231578 28871 14778 13156 14093 12090 2929 9161 9105 7321 99 1715 905 233 13229 8939 6487 2452 4142 2345 1430 201 2116 4290 3987 1229 647 486 135 351
cat_boundaries=0 1 2 3 4 5
cat_threshold=1632621 10 100 4 542785
is_linear=0
shrinkage=0.04


Tree=159
num_leaves=31
num_cat=3
split_feature=20 19 20 27 11 29 29 29 20 12 0 22 7 29 23 12 21 29 21 19 4 1 7 1 13 14 3 20 0 19
split_gain=6.8539 8.52201 8.04643 10.282 7.58658 11.4802 10.6571 8.39989 8.10846 9.79823 9.18495 8.56045 7.96304 10.6416 12.5029 7.72343 8.20545 7.63885 10.1992 10.6191 12.217 12.1178 8.6518 9.42873 9.15043 12.873 8.19033 7.86041 16.5421 7.64333
threshold=47.305000000000007 0 51.765000000000008 -0.23166666666666599 2.5000000000000004 6.1250000000000009 5.1150000000000011 5.3550000000000013 52.840000000000011 3.683333333333334 2.5000000000000004 -8.5508333333333315 -2.6549999999999989 5.5950000000000006 3.5000000000000004 3.7638888888888893 39.465000000000011 8.5350000000000019 54.520000000000003 1 0.046666666666667307 32.085000000000008 6.0383333333333367 32.435000000000009 0.21111111111111114 -0.11679894179894178 6.9350000000000014 59.225000000000001 4.5000000000000009 2
decision_type=2 1 2 2 2 2 2 2 2 10 2 2 2 2 2 10 2 2 2 1 2 2 2 2 10 10 2 2 2 1
left_child=-1 2 3 -2 5 6 -3 -8 9 10 12 -10 13 14 -6 -11 -17 18 19 21 -21 -13 23 -23 -25 -26 -24 -27 -29 -20
right_child=1 4 -4 -5 8 -7 7 -9 11 15 -12 17 -14 -15 -16 16 -18 -19 29 20 -22 22 26 24 25 27 -28 28 -30 -31
leaf_value=0.00039627428464410446 -0.013538276890530259 -0.017177105596193371 -0.0017008291611333762 0.0038022669682145115 0.058964527267158402 -0.013435100533941575 0.04945783400468811 0.0067092923848824319 -0.0092119116058965063 -0.032259366739571194 -0.00090082916601437902 -0.00042702173866352523 -0.011596475689098383 -0.0050257273427120287 0.0012554320311975501 -0.027028801587716894 -0.0028514722190914506 0.02313804495905146 0.0075461336966766582 0.0020039643280656601 -0.02259582360477325 0.057891879929046618 -0.01999977282908166 -0.030443121184330537 0.072425814432766689 0.020889638588056335 0.025799251709061589 -0.024909822989849454 0.041452048212401553 -0.0057621149657048325
leaf_weight=25945.295891278889 57.4213487803936 28.188998129218817 1133.1547704339027 1159.0238911993802 9.7472520507872122 216.57225703448057 8.4556838721036893 56.470948874950409 126.89848235994577 28.171665519475937 1235.8473554030061 114.56817847117782 284.19089358299971 123.60047519952059 15.653043977916239 30.062014907598495 88.814278822392225 26.084515288472176 76.333209577947855 318.40538175962865 35.948239013552666 9.5819498822092992 18.630803823471073 6.2400332242250434 6.8842892311513415 118.84254284948111 9.3995076306164247 18.17368541285396 8.9794987142086011 369.43570717424154
leaf_count=191431 429 207 7942 7976 89 1607 63 413 896 209 7203 822 2854 1211 147 235 666 181 555 2230 235 65 141 45 50 814 60 148 51 2651
internal_value=0.000119568 -0.00113122 0.000721406 0.00298372 -0.00241022 -0.0083852 0.00336006 0.0122766 -0.00181737 -0.00352972 -0.00265763 0.000642119 -0.00766959 -0.00017979 0.023401 -0.0134282 -0.00896555 0.00174142 0.00123925 0.00437495 -0.000478126 0.00960599 0.0159371 0.0193563 0.0170357 0.0189737 -0.00464182 0.0164532 -0.0029641 -0.0034432
internal_weight=31685.1 5739.78 2349.6 1216.45 3390.18 309.688 93.1156 64.9266 3080.49 1816.09 1669.04 1264.41 433.192 149.001 25.4003 147.048 118.876 1137.51 1111.42 665.654 354.354 311.3 196.732 168.702 159.12 152.88 28.0303 145.996 27.1532 445.769
internal_count=231626 40195 16347 8405 23848 2290 683 476 21558 12614 11504 8944 4301 1447 236 1110 901 8048 7867 4661 2465 2196 1374 1173 1108 1063 201 1013 199 3206
cat_boundaries=0 1 2 3
cat_threshold=3425398 9142408 8390657
is_linear=0
shrinkage=0.04


Tree=160
num_leaves=31
num_cat=7
split_feature=12 18 19 19 19 12 4 10 19 0 24 26 7 30 21 4 21 22 22 18 22 26 5 4 21 21 30 31 26 18
split_gain=6.30731 13.649 14.7166 10.3752 9.27063 8.83149 11.1681 8.63835 8.30292 9.14473 20.1561 9.30109 8.33236 12.4312 9.47613 8.28608 8.19355 7.8508 8.73158 7.65555 13.0661 10.72 10.3684 11.1356 11.2288 11.4603 8.91873 18.2854 8.90096 9.11849
threshold=3.2928571428571431 0.45000000000000007 0 1 2 2.0500000000000003 -0.11500000000000064 3 4 2.5000000000000004 5.5000000000000009 7.8550000000000013 -4.3183333333333325 5 57.180000000000007 0.12916666666666646 71.080000000000013 21.827500000000004 5.7175000000000002 0.36666666666666675 -18.884166666666662 3.5950000000000002 2.5000000000000004 -0.031666666666665837 26.690000000000005 37.050000000000004 6 1.5000000000000002 6.0450000000000008 0.45000000000000007
decision_type=10 10 1 1 1 10 2 1 1 2 2 2 2 1 2 2 2 2 2 8 2 2 2 2 2 2 1 2 2 8
left_child=4 3 -3 16 5 8 -7 -5 9 10 -1 12 -11 14 -14 19 -2 18 -17 21 -21 -6 -22 24 -24 -26 27 -25 -27 -30
right_child=1 2 -4 7 15 6 -8 -9 -10 11 -12 -13 13 -15 -16 17 -18 -19 -20 20 22 -23 23 26 25 28 -28 -29 29 -31
leaf_value=-0.014760791084553273 0.000675297299156221 0.0091693928073726221 -0.020494678011313685 -0.0064502232771161032 0.031522219018205483 -0.018344055771995382 0.0022724206292072976 -0.00094131230557254364 -0.006063601525068245 -0.0061462744695025794 0.051665761587880769 -0.035374945460142734 -0.013398392464638425 0.01925745945258775 0.03602730854309108 0.023537666481514202 0.020500636813738354 0.051011801114883265 -0.010195729098139136 -0.0088517391154727537 -0.0010571757548253657 -0.00171526227988009 -0.027622519141574414 0.017667372554214036 0.078470198569114205 -0.01612428191600819 -0.00028082045964549017 0.0032333270964218252 0.061153670954865368 -0.001726284804263098
leaf_weight=77.09761075116694 7578.5200010142289 33.155426852405071 92.491291094571352 470.9432474412024 15.585664521902798 42.307890571653843 6659.5632240138948 8939.0231047067791 420.31667505204678 47.176358891651034 8.0741691105067712 7.9772580713033667 40.64708592556417 112.97336502932012 7.32493732869625 28.018605794757605 33.501682199537754 8.1905791349709016 21.851987048983574 198.22928756847978 1192.2213224302977 4048.4280834160745 5.3219150379300109 172.13533549383283 7.447450406849387 7.0285638682544258 648.93609836697578 762.32395213097334 10.002469182014462 5.8468527905642995
leaf_count=805 58291 233 642 7270 121 332 45201 65700 3096 294 79 50 259 694 44 192 234 49 140 1462 8552 27580 34 1116 49 47 4230 4972 66 45
internal_value=8.67242e-05 -0.000433079 -0.0135683 -0.000336122 0.000699117 0.00168729 0.00214227 -0.00122357 -0.00251507 0.00255221 -0.00846364 0.00701203 0.00863671 0.0129699 -0.00484213 -0.000331402 0.000761551 0.0147174 0.00875658 -0.000455395 0.0010738 -0.0015878 0.00177367 0.00385823 0.0259673 0.035372 0.00336049 0.00582981 0.0213422 0.0379571
internal_weight=31702.7 17147.6 125.647 17022 14555 7423.46 6701.87 9409.97 721.587 301.271 85.1718 216.099 208.122 160.945 47.972 7131.57 7612.02 58.0612 49.8706 7073.51 3009.49 4064.01 2811.26 1619.04 35.6473 30.3253 1583.4 934.459 22.8779 15.8493
internal_count=231879 132370 875 131495 99509 50854 45533 72970 5321 2225 884 1341 1291 997 303 48655 58525 381 332 48274 20573 27701 19111 10559 241 207 10318 6088 158 111
cat_boundaries=0 1 2 3 4 5 6 7
cat_threshold=1087233 15380556 8739809 8 8667649 272 117
is_linear=0
shrinkage=0.04


Tree=161
num_leaves=31
num_cat=4
split_feature=17 12 19 3 21 20 26 21 20 1 26 29 19 14 13 30 7 6 12 14 26 20 6 31 13 3 19 1 11 1
split_gain=7.73989 8.68742 10.0503 8.5434 13.4622 9.91901 13.4625 11.6746 10.3358 9.61051 7.95378 10.8309 12.5374 8.43398 10.8281 9.11909 8.88142 13.3111 8.08587 7.82193 7.88644 7.99568 7.09755 7.13097 9.21598 9.11885 6.74475 6.70869 6.86299 8.04842
threshold=1.0000000180025095e-35 3.2678571428571432 0 6.8950000000000005 47.635000000000005 32.720000000000006 4.035000000000001 14.915000000000001 35.020000000000003 30.295000000000005 6.2550000000000008 6.3550000000000013 1 0.083333333333333329 0.15476190476190479 2 4.3533333333333344 35.905000000000008 4.1339285714285721 0.14999999999999999 4.5850000000000009 29.120000000000001 35.595000000000006 1.5000000000000002 0.5277777777777779 6.745000000000001 3 40.665000000000006 5.5000000000000009 45.480000000000011
decision_type=10 8 1 2 2 2 2 2 2 2 2 2 1 10 8 1 2 2 10 10 2 2 2 2 10 2 1 2 2 2
left_child=1 2 27 5 -5 6 -4 -7 9 -9 -3 -12 13 14 16 -16 17 -13 -19 20 -8 -22 23 -10 25 -25 -2 -1 -29 -30
right_child=26 10 3 4 -6 7 19 8 22 -11 11 12 -14 -15 15 -17 -18 18 -20 -21 21 -23 -24 24 -26 -27 -28 28 29 -31
leaf_value=-0.002010845818107032 -0.0011292569359251695 0.0011186159581412542 0.054168658903598246 0.018580130484635023 0.077290457082367453 0.060458847478028342 -0.027476788096873896 0.0058170316516871845 -0.032617327722233948 0.063751159152006867 -0.014881368517319638 0.01399607187816757 -0.0094497359757669749 0.05272723077827747 0.011707091348813337 -0.012425375597562295 -0.018312175322479723 0.033342878033654995 0.10203987808461783 -0.033368263377556197 0.023319153666180852 -0.011519086887616261 0.018877514244614278 0.048499359765011796 -0.037496684002391131 -0.0040030281482693096 0.00021906499692895095 -0.0037567480946797665 0.049707239443771735 -0.0019401467900262144
leaf_weight=217.52095859125257 10083.281454609707 6259.0955999838188 6.2709386795759192 36.739657118916512 7.5296199060976496 9.0273166075348836 13.037603504955767 7.8972448259592083 11.133995041251181 10.911323130130766 118.86168892681599 21.158988825976849 111.38546144217253 6.6439231410622588 36.006349645555019 45.466218892484903 6.6309294030070296 5.3883426785469037 5.580602128058672 14.327127687633036 24.057904481887817 18.759814999997616 37.092989612370729 8.948010899126535 6.2875272557139388 12.958055999130009 14409.449070187286 15.420865867286919 13.588557537645103 7.4878565259277812
leaf_count=1508 70401 54010 48 246 51 61 94 53 75 74 886 165 852 51 264 334 52 41 41 95 161 125 266 65 44 89 100569 102 91 51
internal_value=6.1077e-07 0.00116394 0.00636583 0.0122718 0.028566 0.00895928 -0.00198422 0.0169844 0.0128632 0.0394261 0.000787336 -0.00501882 -9.8674e-05 0.00820857 0.00643122 -0.00184833 0.0238351 0.032534 0.0682934 -0.00700159 -0.000238427 0.0080554 0.00632555 -0.00551321 0.00519054 0.0174427 -0.00033639 0.000627187 0.0165215 0.0313584
internal_weight=31587.9 7095.22 478.997 224.979 44.2693 180.71 76.4534 104.256 95.2291 18.8086 6616.22 357.123 238.261 126.875 120.231 81.4726 38.7589 32.1279 10.9689 70.1825 55.8553 42.8177 76.4206 39.3276 28.1936 21.9061 24492.7 254.018 36.4973 21.0764
internal_count=230965 59995 3299 1547 297 1250 523 727 666 127 56696 2686 1800 948 897 598 299 247 82 475 380 286 539 273 198 154 170970 1752 244 142
cat_boundaries=0 1 2 3 4
cat_threshold=9630054 2852714 58 6997033
is_linear=0
shrinkage=0.04


Tree=162
num_leaves=31
num_cat=5
split_feature=5 19 27 7 6 6 7 19 13 19 7 3 12 14 19 9 21 29 29 14 9 1 27 29 22 19 12 12 6 21
split_gain=5.40226 17.7592 10.8418 9.21921 10.5622 12.2681 10.1082 9.6561 9.99596 9.43961 10.6825 8.30951 8.23017 7.56984 8.1087 8.87242 11.6019 9.44911 7.39933 9.64108 7.93435 8.57454 7.92082 7.34507 7.30303 7.26598 10.5921 9.4501 15.2016 7.55628
threshold=5.5000000000000009 0 -1.9508333333333332 5.4583333333333384 32.885000000000012 32.805000000000007 -3.4833333333333321 1 0.78888888888888908 2 11.055833333333338 6.7650000000000006 5.0500000000000007 -0.038888888888888869 3 27.500000000000004 14.915000000000001 2.7350000000000008 5.5950000000000006 -0.19074074074074066 45.500000000000007 25.845000000000002 1.2236666666666676 6.6050000000000013 10.866666666666664 4 1.4722222222222225 2.0500000000000003 60.305000000000007 71.080000000000013
decision_type=2 1 2 2 2 2 2 1 10 1 2 2 10 10 1 2 2 2 2 8 2 2 2 2 2 1 8 8 2 2
left_child=25 2 -2 4 5 6 11 18 -9 10 24 23 -3 14 15 16 -13 -17 22 -20 21 -21 -6 -4 -5 26 -1 28 -27 -29
right_child=1 12 3 9 7 -7 -8 8 -10 -11 -12 13 -14 -15 -16 17 -18 -19 19 20 -22 -23 -24 -25 -26 27 -28 29 -30 -31
leaf_value=0.030688154949383279 -0.025332886999510116 -0.0032866827501027087 -0.022588741939446808 -0.0041332544347101327 -0.0061163786824116328 0.051271459136627728 0.0078706934087980577 -0.0098559288541759243 0.04205796323810939 0.01103298120018047 -0.028474473068050156 0.0052596502274185114 -0.021840099205155426 -0.0033325635523667099 -0.0015400817542725054 0.050615573802577911 0.085824913758713275 0.0071201152872173946 0.047030527457733361 0.045315838137997097 0.020015768698893713 -0.0048624142798983534 0.036609219922076559 0.015826211421273221 0.035998344915323235 -0.0046366564075902214 -0.00053390455638467995 0.00096244191642807662 0.053438488773374024 0.0096567140551478709
leaf_weight=17.414900513365865 23.542463680263609 2197.6799796335399 43.439626567065716 28.651636831462383 151.0965182185173 8.4348516128957254 384.31355409324169 288.23370152711868 6.0591580122709265 269.60601329430938 22.942362815141678 5.4700354412198049 38.932043112814426 291.24981277063489 120.97880454733968 8.6539492569863778 5.9934918656945229 104.38032599166036 9.6876935884356481 5.8538046404719344 41.192598752677441 78.752036686986685 7.2768192440271369 9.7514090649783594 9.7153481394052488 618.62879348918796 10173.511145906523 16557.028376516886 7.2966103665530673 161.50171772018075
leaf_count=138 697 16382 334 207 1128 65 2753 2131 40 1912 159 55 886 2012 986 78 47 841 73 39 273 517 45 66 64 4490 73776 120334 56 1119
internal_value=0.000164474 -0.00117872 0.00163681 0.00197929 0.000701002 0.00323856 0.00282269 -0.00353867 -0.00849831 0.00804716 -0.00591731 -0.000465928 -0.00359357 0.00102857 0.0062029 0.0128209 0.0473817 0.0104501 0.00166096 0.00857995 0.00561888 -0.00139062 -0.00415325 -0.0155462 0.00602893 0.000367493 -0.000480079 0.000865271 -0.00395966 0.00104643
internal_weight=31697.3 4161.89 1925.28 1901.73 1570.82 982.666 974.231 588.152 294.293 330.915 61.3093 589.917 2236.61 536.726 245.477 124.498 11.4635 113.034 293.859 135.486 125.798 84.6058 158.373 53.191 38.367 27535.4 10190.9 17344.5 625.925 16718.5
internal_count=231703 31790 14522 13825 11483 7237 7172 4246 2171 2342 430 4419 17268 4019 2007 1021 102 919 2075 902 829 556 1173 400 271 199913 73914 125999 4546 121453
cat_boundaries=0 1 2 3 4 5
cat_threshold=7390023 6291715 2097408 49731 2155271
is_linear=0
shrinkage=0.04


Tree=163
num_leaves=31
num_cat=2
split_feature=20 19 1 7 14 31 9 28 1 12 11 9 7 26 31 26 12 6 27 9 19 22 7 14 17 29 27 22 7 26
split_gain=6.59189 9.92469 10.7009 11.2955 24.4748 10.3701 10.0399 10.6253 8.80925 13.3818 8.389 8.0068 9.5395 7.90994 7.72867 7.60373 7.51583 7.2395 6.96823 7.81136 6.43438 9.21011 11.0358 7.42414 7.51247 6.31157 6.25504 7.76828 7.26242 6.18668
threshold=51.195000000000007 0 40.920000000000009 -4.0099999999999989 0.14999999999999999 5.5000000000000009 44.500000000000007 2.5000000000000004 46.180000000000007 2.0500000000000003 3.5000000000000004 52.500000000000007 10.248333333333333 6.9450000000000012 4.5000000000000009 6.3050000000000006 2.3166666666666669 28.375000000000004 0.36166666666666686 62.500000000000007 1 -8.1591666666666676 -5.410000000000001 0.25849867724867731 1.0000000180025095e-35 5.5650000000000004 0.36166666666666686 13.687333333333335 1.8858333333333344 6.8750000000000009
decision_type=2 1 2 2 8 2 2 2 2 8 2 2 2 2 2 2 8 2 2 2 1 2 2 10 8 2 2 2 2 2
left_child=-1 15 5 4 6 10 7 29 9 -5 13 -12 14 -3 26 -2 -11 -6 20 -20 21 -17 -23 24 -22 -18 -13 -28 -29 -4
right_child=1 2 3 8 17 -7 -8 -9 -10 16 11 12 -14 -15 -16 18 25 -19 19 -21 23 22 -24 -25 -26 -27 27 28 -30 -31
leaf_value=9.2164592917017032e-05 -0.041058135986406549 0.0017480682374006514 -0.0049124452822426482 0.042417707694872152 0.036265368110676176 -0.014095112351800594 -0.02636116041772283 -0.026799977407834793 -0.008728327226881551 -0.017698260475809521 0.00035123971053342294 -0.020400859752470777 0.060771747567067699 -0.0130104460923985 -0.02864909499426823 0.037078854933437884 -0.016546262448790934 0.083450953688316024 -0.0023732941151970301 -0.037936118166111789 0.015464884053973487 0.029520397410849775 -0.016947692000848672 0.016062946189164772 -0.016426269217103703 0.013906222004611047 0.040709695177524131 0.021293269156145586 -0.021138117931992134 0.040792280596518592
leaf_weight=28454.175946171861 8.9578029401600343 97.806368559598923 6.3712708689272466 16.816433113068342 11.430267259478571 92.018201477825642 11.792914625257252 6.9705555178225032 67.458983931690454 20.568109501153231 1085.5161398984492 7.0061843506991854 6.4490454681217662 143.13997587561607 7.4193171150982371 10.6910048648715 12.845853216946123 9.5484356135129911 1123.2314038984478 9.9699249118566495 12.54219003766775 11.159685641527174 30.599294289946556 13.426450837403534 204.82441479340196 71.507414221763611 18.077830515801907 19.652571961283687 9.6098807565867883 18.492628045380116
leaf_count=208920 61 666 50 128 75 655 81 46 476 141 7724 51 44 961 53 77 84 64 7879 68 96 78 213 94 1457 499 133 145 67 132
internal_value=-0.000100481 -0.00183192 0.00020548 0.00779762 0.0222382 -0.00108924 0.00516585 0.0168449 0.00286653 0.00929162 -0.000231136 0.00118657 0.0144794 -0.00701958 0.0096459 -0.00429105 0.00398229 0.0577418 -0.00408882 -0.00268618 -0.00970053 0.00331883 -0.00452954 -0.0122714 -0.0145861 0.00926872 0.0148739 0.0200944 0.00735867 0.0290806
internal_weight=31620.1 3165.9 1740.5 253.803 64.6061 1486.7 43.6274 31.8345 189.197 121.738 1394.68 1153.73 68.2148 240.946 61.7658 1425.4 104.921 20.9787 1416.44 1133.2 283.243 52.45 41.759 230.793 217.367 84.3533 54.3465 47.3403 29.2625 24.8639
internal_count=231218 22298 12275 1776 448 10499 309 228 1328 852 9844 8217 493 1627 449 10023 724 139 9962 7947 2015 368 291 1647 1553 583 396 345 212 182
cat_boundaries=0 1 2
cat_threshold=2129708 10240
is_linear=0
shrinkage=0.04


Tree=164
num_leaves=31
num_cat=9
split_feature=1 19 5 0 14 19 7 14 24 14 21 19 19 19 15 19 19 14 26 12 19 14 13 29 7 11 4 1 20 19
split_gain=5.40562 6.18036 4.72442 14.8841 18.7539 14.153 9.8416 9.78415 8.66745 8.50752 19.4217 11.7028 11.1048 9.10376 8.40194 16.1367 14.3566 10.5573 10.2424 10.6346 11.2255 9.56292 12.0377 10.0796 8.9619 11.275 8.65681 8.4484 9.88832 8.38489
threshold=71.825000000000017 0 3.5000000000000004 4.5000000000000009 0.029629629629629627 1 -6.3026666666666644 -8.3266726846886728e-17 2.5000000000000004 0.25013227513227526 57.605000000000011 2 3 4 2.5000000000000004 5 6 0.36134259259259266 5.5150000000000006 2.7321428571428577 7 -0.051388888888888908 0.35416666666666669 7.3150000000000004 -3.782500000000002 9.5000000000000018 0.058333333333333133 19.925000000000004 33.655000000000008 8
decision_type=2 1 2 2 8 1 2 10 2 10 2 1 1 1 10 1 1 8 2 10 1 10 10 2 2 2 2 2 2 1
left_child=2 -2 29 14 5 -5 7 -7 -8 11 12 -6 -11 -12 15 17 21 -4 -18 -20 24 -16 23 27 25 -21 -27 -23 -29 -1
right_child=1 -3 3 4 9 6 8 -9 -10 10 13 -13 -14 -15 16 -17 18 -19 19 20 -22 22 -24 -25 -26 26 -28 28 -30 -31
leaf_value=0.0014566765288437651 0.0096426986428369121 -0.016581498142959908 0.003462617401492279 -0.0080394524628327607 -0.0051737172597260744 -0.011115542633994701 -0.0041052500772162295 0.010308807135321556 0.0022860814207908585 -0.0053921969804443049 -0.0031921329816746186 0.0015146178782442159 0.0078804182415389747 0.033061878309969081 0.0021525426805891982 -0.0031930004791791921 -0.0013940765017958273 -0.011498357101652567 -0.0058709389979916295 -0.00095627940391584195 0.0071037073370745296 -0.0098474142794786283 0.0015721188416386188 0.062102090655441103 -0.0048185557028392325 0.01186594379916814 0.047456630963589388 0.019967832084717502 0.0037987809034544118 -0.00040382187082842874
leaf_weight=5859.0582922948524 14.561268936842678 50.379107315093279 1133.3858275450766 1157.4579862728715 658.23950926400721 284.5415821201168 653.1641693902202 38.750484080985188 706.92678879667073 177.43480628728867 19.960762917995453 1113.4633149504662 210.13612712174654 41.23050194978714 883.40755977667868 2409.6777488328516 2828.2008405579254 80.849834570661187 196.38754536956549 103.11462719738483 758.88383420929313 24.048722635954618 209.2458053342998 6.8122375421226016 305.55318742990494 41.060736641287804 14.903524607419966 191.49897569045424 88.476194757968187 11404.526541517582
leaf_count=42714 104 356 7720 10516 4193 2758 5783 268 6132 998 110 7158 1184 225 6526 16335 21359 572 1320 722 5236 163 1406 50 2102 290 103 1265 598 83333
internal_value=-0.000241179 -0.0117699 -0.000217487 -0.000754182 -0.00249893 -0.00465158 -0.00226096 -0.00854757 -0.000783264 0.00025515 0.00517472 -0.000990948 0.00186825 0.0261171 0.000197863 -0.00130555 0.00116188 0.00244629 -2.39963e-06 0.00276956 0.00415646 0.0046528 0.00898919 0.0139822 -0.000793111 0.00688897 0.0213439 0.0129039 0.0148582 0.000228219
internal_weight=31665.3 64.9404 31600.4 14336.8 5061.31 2840.84 1683.38 323.292 1360.09 2220.47 448.762 1771.7 387.571 61.1913 9275.51 3623.91 5651.59 1214.24 4248.1 1419.9 1223.52 1403.49 520.082 310.836 464.632 159.079 55.9643 304.024 279.975 17263.6
internal_count=231599 460 231139 105092 39325 25457 14941 3026 11915 13868 2517 11351 2182 335 65767 24627 41140 8292 31132 9773 8453 10008 3482 2076 3217 1115 393 2026 1863 126047
cat_boundaries=0 1 2 3 4 5 6 7 8 9
cat_threshold=5318658 12983232 14057620 10575385 11536550 1660945 2499840 1101964 10621664
is_linear=0
shrinkage=0.04


end of trees

feature_importances:
stadium_code=729
win_rate_all_diff_mean=379
boat_number=343
recent_rank_10=316
exhibition_time_diff_mean=274
top2_rate_all=239
recent_top2_10_diff_mean=237
win_rate_all=221
top2_rate_local_diff_mean=206
motor_win_rate_diff_mean=184
player_age=162
win_rate_local=160
win_rate_all_rank_in_race=156
boat_win_rate=148
top2_rate_local=147
motor_win_rate=134
exhibition_time_rank_in_race=122
exhibition_time=106
wind_direction=85
race_number=83
top2_rate_local_rank_in_race=72
recent_top2_10_rank_in_race=65
motor_win_rate_rank_in_race=64
recent_top2_10=61
recent_win_10=52
wind_speed=47
player_class=43
wave_height=41
recent_win_5=29
recent_top2_5=26
distance=12
weather=7

parameters:
[boosting: gbdt]
[objective: binary]
[metric: auc,binary_logloss]
[tree_learner: serial]
[device_type: cpu]
[data_sample_strategy: bagging]
[data: ]
[valid: ]
[num_iterations: 1500]
[learning_rate: 0.04]
[num_leaves: 31]
[num_threads: 10]
[seed: 42]
[deterministic: 0]
[force_col_wise: 0]
[force_row_wise: 0]
[histogram_pool_size: -1]
[max_depth: -1]
[min_data_in_leaf: 40]
[min_sum_hessian_in_leaf: 0.001]
[bagging_fraction: 0.8]
[pos_bagging_fraction: 1]
[neg_bagging_fraction: 1]
[bagging_freq: 1]
[bagging_seed: 400]
[bagging_by_query: 0]
[feature_fraction: 0.8]
[feature_fraction_bynode: 1]
[feature_fraction_seed: 30056]
[extra_trees: 0]
[extra_seed: 12879]
[early_stopping_round: 0]
[early_stopping_min_delta: 0]
[first_metric_only: 0]
[max_delta_step: 0]
[lambda_l1: 0]
[lambda_l2: 0]
[linear_lambda: 0]
[min_gain_to_split: 0]
[drop_rate: 0.1]
[max_drop: 50]
[skip_drop: 0.5]
[xgboost_dart_mode: 0]
[uniform_drop: 0]
[drop_seed: 17869]
[top_rate: 0.2]
[other_rate: 0.1]
[min_data_per_group: 100]
[max_cat_threshold: 32]
[cat_l2: 10]
[cat_smooth: 10]
[max_cat_to_onehot: 4]
[top_k: 20]
[monotone_constraints: ]
[monotone_constraints_method: basic]
[monotone_penalty: 0]
[feature_contri: ]
[forcedsplits_filename: ]
[refit_decay_rate: 0.9]
[cegb_tradeoff: 1]
[cegb_penalty_split: 0]
[cegb_penalty_feature_lazy: ]
[cegb_penalty_feature_coupled: ]
[path_smooth: 0]
[interaction_constraints: ]
[verbosity: -1]
[saved_feature_importance_type: 0]
[use_quantized_grad: 0]
[num_grad_quant_bins: 4]
[quant_train_renew_leaf: 0]
[stochastic_rounding: 1]
[linear_tree: 0]
[max_bin: 255]
[max_bin_by_feature: ]
[min_data_in_bin: 3]
[bin_construct_sample_cnt: 200000]
[data_random_seed: 175]
[is_enable_sparse: 1]
[enable_bundle: 1]
[use_missing: 1]
[zero_as_missing: 0]
[feature_pre_filter: 1]
[pre_partition: 0]
[two_round: 0]
[header: 0]
[label_column: ]
[weight_column: ]
[group_column: ]
[ignore_column: ]
[categorical_feature: 10,19,25,30]
[forcedbins_filename: ]
[precise_float_parser: 0]
[parser_config_file: ]
[objective_seed: 16083]
[num_class: 1]
[is_unbalance: 0]
[scale_pos_weight: 1]
[sigmoid: 1]
[boost_from_average: 1]
[reg_sqrt: 0]
[alpha: 0.9]
[fair_c: 1]
[poisson_max_delta_step: 0.7]
[tweedie_variance_power: 1.5]
[lambdarank_truncation_level: 30]
[lambdarank_norm: 1]
[label_gain: ]
[lambdarank_position_bias_regularization: 0]
[eval_at: ]
[multi_error_top_k: 1]
[auc_mu_weights: ]
[num_machines: 1]
[local_listen_port: 12400]
[time_out: 120]
[machine_list_filename: ]
[machines: ]
[gpu_platform_id: -1]
[gpu_device_id: -1]
[gpu_use_dp: 0]
[num_gpu: 1]

end of parameters

pandas_categorical:[["A1", "A2", "B1", "B2"], ["01", "02", "03", "04", "05", "06", "07", "08", "09", "10", "11", "12", "13", "14", "15", "16", "17", "18", "19", "20", "21", "22", "23", "24"], ["\u6674", "\u66c7\u308a", "\u96e8", "\u96ea", "\u9727"], ["\u5317", "\u5317\u6771", "\u5317\u897f", "\u5357", "\u5357\u6771", "\u5357\u897f", "\u6771", "\u7121\u98a8", "\u897f"]]
