tree
version=v4
num_class=1
num_tree_per_iteration=1
label_index=0
max_feature_idx=34
objective=binary sigmoid:1
feature_names=avg_st boat_number boat_win_rate course_change_rate distance exhibition_time exhibition_time_diff_mean exhibition_time_rank_in_race motor_win_rate motor_win_rate_diff_mean motor_win_rate_rank_in_race player_age player_class race_number recent_rank_10 recent_st_10 recent_top2_10 recent_top2_10_diff_mean recent_top2_10_rank_in_race recent_top2_5 recent_win_10 recent_win_5 stadium_code top2_rate_all top2_rate_local top2_rate_local_diff_mean top2_rate_local_rank_in_race wave_height weather win_rate_all win_rate_all_diff_mean win_rate_all_rank_in_race win_rate_local wind_direction wind_speed
feature_infos=[-0.01:0.89000000000000001] [1:6] [0:100] [0:1] [1200:1800] [6.3399999999999999:8.2699999999999996] [-0.55333333333333279:0.92166666666666774] [1:6] [0:100] [-50.276666666666664:81.481666666666669] [1:6] [17:77] -1:2:0:1:3 [1:12] [1:6] [0.046666666666666669:0.40666666666666668] [0:1] [-0.625:0.83333333333333337] [1:6] [0:1] [0:1] [0:1] -1:11:7:19:14:23:5:1:8:9:16:4:20:0:6:10:2:17:21:22:13:18:3:12:15 [0:100] [0:100] [-60.064999999999998:73.498333333333335] [1:6] [0:20] -1:0:1:2:3 [0:9.1600000000000001] [-5.3883333333333328:4.2366666666666672] [1:6] [0:10] -1:2:3:4:0:5:1:8:6:7 [0:15]
tree_sizes=3401 3544 3523 3517 3546 3538 3532 3521 3535 3540 3529 3535 3509 3546 3533 3534 3542 3537 3502 3520 3547 3539 3556 3506 3534 3541 3537 3526 3518 3533 3552 3493 3518 3551 3513 3530 3536 3516 3529 3542 3514 3534 3541 3491 3523 3514 3477 3525 3513 3519 3508 3516 3485 3572 3512 3543 3513 3485 3528 3523 3477 3482 3527 3515 3476 3524 3499 3494 3487 3474 3513 3527 3494 3526 3502 3503 3491 3520 3505 3508 3483 3480 3521 3506 3490 3516 3508 3516 3502 3524 3538 3528 3482 3542 3461 3496 3499 3512 3520 3482 3457 3504 3484 3459 3505 3496 3489 3447 3501 3487 3477 3511 3499 3559 3504 3441 3474 3493 3469 3487 3481 3437

Tree=0
num_leaves=31
num_cat=5
split_feature=1 30 30 30 23 1 1 1 30 1 1 14 7 23 6 3 1 22 7 31 31 22 22 22 30 1 24 22 23 17
split_gain=1898.44 1995.08 485.699 351.726 187.832 140.195 125.101 73.4207 89.7546 70.6247 49.0002 46.0332 35.3186 33.8124 32.8081 31.5885 30.1843 30.0533 30.3278 29.9308 28.8917 28.3987 25.8333 25.6576 24.1902 23.4011 23.3833 23.1191 21.4687 20.9956
threshold=1.5000000000000002 -0.73166666666666613 -1.9508333333333332 -0.088333333333333583 35.815000000000005 4.5000000000000009 4.5000000000000009 2.5000000000000004 0.62999999999999934 3.5000000000000004 5.5000000000000009 5.2361111111111116 4.5000000000000009 34.160000000000004 0.0016666666666664833 0.33409785932721719 5.5000000000000009 0 5.5000000000000009 4.5000000000000009 4.5000000000000009 1 2 3 1.8800000000000006 5.5000000000000009 41.695000000000007 4 28.820000000000004 0.083333333333333412
decision_type=2 2 2 2 2 2 2 2 2 2 2 10 2 2 2 8 2 1 2 2 2 1 1 1 2 2 2 1 2 10
left_child=4 2 11 5 28 14 12 13 10 24 -9 29 19 -5 21 -11 -7 -12 -19 -4 -8 -3 -16 -18 -10 -22 -6 -21 -1 -2
right_child=1 3 6 7 26 16 20 8 9 15 17 -13 -14 -15 22 -17 23 18 -20 27 25 -23 -24 -25 -26 -27 -28 -29 -30 -31
leaf_value=-1.6031959406399772 -1.6213138900669395 -1.5890358039807162 -1.5749557768594353 -1.5776246557088325 -1.6170499572368742 -1.5935522881545234 -1.58989990551751 -1.5790607288033611 -1.5794620279765879 -1.5704619244322975 -1.5942006890790184 -1.6345855417396118 -1.6029178723253827 -1.5870285578095136 -1.5842368663973438 -1.5932249313804601 -1.5953828664654077 -1.5779450160781774 -1.6001403280880984 -1.5998724159876558 -1.6066425877753368 -1.5782587248687856 -1.5930909158512121 -1.6073440083215116 -1.5953867823605574 -1.6155406013473539 -1.6241337496423558 -1.5906395929878341 -1.6110438136439504 -1.5615723440737268
leaf_weight=1498.881109431386 662.73712754249573 611.48732848465443 129.87962774932384 834.03782576322556 1303.4298209697008 1296.970942184329 110.7838122099638 4484.287212356925 1296.4093005508184 3798.1015466153622 631.28519606590271 819.99678492546082 960.9688349366188 2295.4293561577797 958.16062676906586 100.1126211732626 514.18291547894478 551.67249451577663 119.91048875451088 788.12362222373486 984.69819395244122 1220.3068592101336 1167.2317248433828 685.34320329129696 172.9856231212616 909.85944628715515 1742.0719367414713 944.68122756481171 888.23624339699745 9.5479077696800214
leaf_count=10675 4720 4355 925 5940 9283 9237 789 31937 9233 27050 4496 5840 6844 16348 6824 713 3662 3929 854 5613 7013 8691 8313 4881 1232 6480 12407 6728 6326 68
internal_value=-1.59294 -1.58861 -1.60828 -1.58261 -1.61452 -1.59036 -1.60212 -1.57911 -1.57759 -1.57386 -1.58104 -1.62822 -1.59669 -1.58452 -1.58568 -1.57105 -1.59778 -1.58787 -1.58207 -1.59348 -1.60975 -1.58175 -1.58906 -1.60236 -1.58134 -1.61092 -1.6211 -1.59486 -1.60612 -1.62047
internal_weight=32491.8 27059.2 6321.28 20737.9 5432.62 6453.68 4828.99 14284.2 11154.8 5367.61 5787.16 1492.28 2823.65 3129.47 3957.19 3898.21 2496.5 1302.87 671.583 1862.68 2005.34 1831.79 2125.39 1199.53 1469.39 1894.56 3045.5 1732.8 2387.12 672.285
internal_count=231406 192715 45020 147695 38691 45963 34392 101732 79444 38228 41216 10628 20110 22288 28183 27763 17780 9279 4783 13266 14282 13046 15137 8543 10465 13493 21690 12341 17001 4788
cat_boundaries=0 1 2 3 4 5
cat_threshold=11748066 288846 6729504 1641103 1091501
is_linear=0
shrinkage=1


Tree=1
num_leaves=31
num_cat=2
split_feature=1 30 30 30 29 1 1 1 30 6 25 32 1 7 6 1 17 22 6 29 30 7 29 3 29 30 15 22 30 9
split_gain=1779.44 2007.13 390.189 378.664 183.459 174.173 112.008 79.2423 107.888 46.1751 46.0161 42.6887 38.8315 33.6719 33.4348 31.7341 30.642 27.7568 26.2803 25.9939 25.3717 23.8687 23.852 22.657 22.4104 21.5075 24.3701 22.9079 19.8376 19.7628
threshold=1.5000000000000002 -0.83499999999999963 -1.9508333333333332 0.029999999999999586 5.6350000000000007 4.5000000000000009 4.5000000000000009 3.5000000000000004 0.72833333333333294 0.018333333333333982 12.240833333333336 2.0050000000000003 5.5000000000000009 4.5000000000000009 -0.049999999999999371 4.5000000000000009 -0.1221891534391534 0 -0.00083333333333346349 5.8750000000000009 -1.4266666666666667 3.5000000000000004 1.6150000000000004 0.18106842248167257 5.1550000000000011 -0.21166666666666664 0.16154761904761908 1 1.2636666666666667 -4.2366666666666655
decision_type=2 2 2 2 2 2 2 2 2 2 2 2 2 2 2 2 10 1 2 2 2 2 2 10 2 2 8 1 2 2
left_child=4 2 11 5 24 9 20 10 13 25 28 22 21 -9 -12 -10 -17 19 -8 -14 -4 -7 -2 -18 -1 -3 -27 29 -5 -28
right_child=1 3 6 7 -6 12 18 8 15 -11 14 -13 17 -15 -16 16 23 -19 -20 -21 -22 -23 -24 -25 -26 26 27 -29 -30 -31
leaf_value=-0.010738291938733669 -0.043038691276892409 0.0083515670033688285 -0.012499653244346818 0.01431736269797846 -0.02797843538005235 0.0054720718835213232 -0.012482399624933032 0.014874404262917284 0.016838853815577481 0.0028538500998943044 -0.0062574431446899004 -0.020417798696838095 -0.0039620126623618997 0.0069614009122767797 0.0079436046992881777 0.0038554732247802143 0.026910398565311633 -0.01148309351034108 -0.022760446597748785 0.022541842349511048 -0.0027779147952755635 -0.0039899629556935639 -0.031653598474084201 0.01017101428915804 -0.018889854291320972 0.0093312153589978908 0.01078127263220835 0.015225201375359446 0.0047762594343986513 0.046846081713126243
leaf_weight=1809.1707745492458 686.66433942317963 2256.4153918474913 568.57424132525921 3213.1412722319365 2783.746031075716 774.46970288455486 654.41979141533375 2606.7016490846872 1251.8335572630167 1926.28020170331 312.7869108915329 264.87700831890106 335.35762225091457 1284.3367146551609 1745.9062449336052 106.60138683021069 2001.9044890105724 1175.5385812073946 1016.0261593312025 71.901119545102119 1756.2325441688299 949.54444654285908 515.42057673633099 138.31149582564831 768.98462337255478 575.46895590424538 31.855490058660507 423.15186895430088 391.10890004038811 102.64856071770191
leaf_count=12986 5022 15985 4061 22712 20198 5513 4714 18405 8787 13681 2215 1923 2396 9078 12356 749 14047 8424 7318 513 12539 6760 3751 976 5552 4069 225 2992 2770 725
internal_value=0.000198736 0.00435918 -0.0173109 0.00982008 -0.0208579 0.00331528 -0.0108328 0.0141172 0.0168455 0.00779911 0.0105569 -0.034954 -0.00389265 0.0122625 0.00578597 0.0219425 0.0247861 -0.00841646 -0.0187339 0.000700027 -0.00515554 0.000260617 -0.0381571 0.0258286 -0.0131697 0.0106095 0.0151058 0.0210649 0.013282 0.0356538
internal_weight=32499.4 27137.5 5462.21 21675.3 5361.9 8622.63 3995.25 13052.6 7389.69 5315.82 5662.94 1466.96 3306.81 3891.04 2058.69 3498.65 2246.82 1582.8 1670.45 407.259 2324.81 1724.01 1202.08 2140.22 2578.16 3389.54 1133.12 557.656 3604.25 134.504
internal_count=231442 192706 39328 153378 38736 61283 28632 92095 52042 37677 40053 10696 23606 27483 14571 24559 15772 11333 12032 2909 16600 12273 8773 15023 18538 23996 8011 3942 25482 950
cat_boundaries=0 1 2
cat_threshold=1122318 3211424
is_linear=0
shrinkage=0.04


Tree=2
num_leaves=31
num_cat=0
split_feature=1 30 30 30 23 1 1 1 30 25 14 6 0 31 30 31 3 6 13 26 1 6 1 31 14 6 31 14 8 3
split_gain=1613.37 1767.79 486.637 230.223 181.45 156.119 127.076 92.9452 53.1303 49.3561 46.4178 38.8039 37.8968 34.7164 33.3932 30.4567 29.5169 26.2384 24.6094 21.4108 20.3748 19.8171 19.7483 19.2193 19.1353 18.5059 18.045 18.2352 18.1006 17.8468
threshold=1.5000000000000002 -0.63666666666666638 -1.9508333333333332 0.27000000000000096 32.720000000000006 4.5000000000000009 4.5000000000000009 3.5000000000000004 0.67833333333333312 12.240833333333336 5.2678571428571432 0.023333333333332987 0.145737273511648 5.5000000000000009 -0.95333333333333325 1.5000000000000002 0.33409785932721719 -0.028333333333333762 7.5000000000000009 3.5000000000000004 5.5000000000000009 -0.049999999999999371 5.5000000000000009 2.5000000000000004 3.3166666666666669 0.024500000000000192 3.5000000000000004 4.5857142857142863 33.270000000000003 0.040862708719851586
decision_type=2 2 2 2 2 2 2 2 2 2 10 2 8 2 2 2 8 2 2 2 2 2 2 2 8 2 2 10 2 10
left_child=4 2 10 6 -1 13 18 9 22 12 -2 19 23 26 -7 -6 21 -11 25 -8 -21 -10 -9 -5 -15 -3 28 -28 -4 -24
right_child=1 3 5 7 15 14 11 8 16 17 -12 -13 -14 24 -16 -17 -18 -19 -20 20 -22 -23 29 -25 -26 -27 27 -29 -30 -31
leaf_value=-0.010596329609490387 -0.026434085951558606 0.0087149435112218974 0.099751332231276413 0.0017523531682053948 -0.030774778117412339 -0.020260297336668027 0.0070379759327455285 0.014855418607490367 0.013323692799727033 -0.0026460756958043021 -0.040958984009397445 -0.0057681063711947089 0.0160233460196537 0.002208022263446159 -0.010394221472018236 -0.022916375256827447 -0.0020327553220008828 0.007752197746337842 0.011843913611514972 0.0042162726383298777 -0.0057941927711085972 0.021891260018331509 0.020358030021794621 0.018303972066193483 -0.0088807769003714111 0.0023287626870164453 0.0030049855469694853 -0.0080543428280011823 0.0059631534354184371 0.0034942559034632959
leaf_weight=1955.8650576621294 643.7762948423624 2334.9263648688793 5.9464550018310529 549.72059606015682 1283.9313022047281 1338.4202616214752 1030.6987266093493 1486.4376250803471 500.10194879770279 547.85649187862873 776.7939515709877 1361.0369941145182 1965.9862907677889 307.72034944593906 930.4978723526001 2047.4856272637844 93.519142255187035 1332.9268165230751 2708.0668882876635 665.25809600949287 636.63327476382256 3170.2837288379669 122.95317311584949 141.0478857010603 1304.663218125701 1053.6340569406748 1374.2034742534161 288.65312863886356 7.3768328726291656 547.61111523211002
leaf_count=14153 4763 16389 42 3860 9492 9764 7310 10399 3459 3879 5843 9706 13781 2198 6720 15090 661 9385 19049 4707 4555 21934 865 988 9345 7440 9784 2061 52 3850
internal_value=-4.76022e-05 0.00387894 -0.0134834 0.00986232 -0.0202672 -0.00814287 0.005454 0.013989 0.0172901 0.0096815 -0.0343766 -0.000400809 0.0131916 -0.00257415 -0.0162142 -0.025945 0.0201585 0.00472327 0.00900113 0.00273094 -0.000678909 0.0207239 0.0122848 0.00513203 -0.0067645 0.00672923 0.00145671 0.00108521 0.0478227 0.00658636
internal_weight=32514 27226.8 6978.05 20248.7 5287.28 5557.48 9790.25 10458.4 5920.91 4537.54 1420.57 3693.63 2656.75 3288.56 2268.92 3331.42 3763.9 1880.78 6096.63 2332.59 1301.89 3670.39 2157 690.768 1612.38 3388.56 1676.18 1662.86 13.3233 670.564
internal_count=231524 192789 50572 142217 38735 39966 69156 73061 41168 31893 10606 26278 18629 23482 16484 24582 26054 13264 42878 16572 9262 25393 15114 4848 11543 23829 11939 11845 94 4715
is_linear=0
shrinkage=0.04


Tree=3
num_leaves=31
num_cat=6
split_feature=30 30 14 7 31 30 30 23 31 7 12 14 13 8 22 32 22 18 8 30 7 17 3 22 23 30 22 5 14 22
split_gain=1097.63 344.419 100.866 95.1998 56.6797 43.0079 36.7637 56.1473 30.8799 27.8577 26.2072 25.2709 25.1183 24.1396 22.45 20.7433 20.6072 20.9197 20.5063 20.0938 19.8016 19.0613 18.9834 20.1255 18.8397 18.1195 25.12 21.9121 17.6798 16.6412
threshold=-1.5999999999999992 -0.36366666666666653 5.2361111111111116 1.5000000000000002 4.5000000000000009 -0.86666666666666636 0.019999999999999799 34.005000000000003 4.5000000000000009 3.5000000000000004 0 3.4722222222222228 10.500000000000002 30.395000000000003 1 2.0050000000000003 2 4.5000000000000009 43.490000000000002 -1.3900000000000001 4.5000000000000009 -0.0052910052910052621 0.17421798631476054 3 51.010000000000012 0.3000000000000001 4 7.0950000000000006 4.6125000000000007 5
decision_type=2 2 10 2 2 2 2 2 2 2 1 8 2 2 1 2 1 10 2 2 2 8 10 1 2 2 1 2 8 1
left_child=2 4 8 10 9 20 24 25 13 16 12 22 -3 -1 -12 28 17 -2 29 -18 -6 -14 -9 -24 -5 26 -8 -28 -10 -7
right_child=1 3 -4 6 5 18 7 11 15 -11 14 -13 21 -15 -16 -17 19 -19 -20 -21 -22 -23 23 -25 -26 -27 27 -29 -30 -31
leaf_value=-0.018584316657121697 0.025435086660380954 -0.0013886501829304379 -0.03913800105397771 0.0032091874651760353 -0.0074570791989225869 -0.00072691819575459006 0.0016774607954885017 0.0071707265238297882 -0.018395682589976533 -0.0035440454112677716 0.0054917326573291469 0.0018723974182435447 -0.00039934534100913007 0.095820098124135278 -0.0017598330245739355 -0.016561776846717804 0.069749513119273868 -0.0023963162496346488 0.0050683625386665288 0.0022168798971777251 -0.013869829698606347 -0.017091091951130021 -0.0095728964473880112 0.0059483411213123874 -0.010477362620750387 0.01462428438735955 0.014372680758319769 -0.0348032058034261 -0.032467882332845185 -0.0067402233398613275
leaf_weight=5.4712430089712125 158.63719195127487 1319.4205308556557 824.06691372394562 4023.895116776228 2208.5999767929316 1193.9737910330296 551.09791569411755 7318.8669381886721 233.96968828141689 827.43812707066536 1370.815291672945 2296.8448107093573 159.51616357266903 6.4062543362379074 1347.231683537364 620.9931898266077 7.1283791810274115 59.389448925852776 405.42574398219585 636.62116426229477 1183.1453645974398 348.85550770163536 222.99461369216442 303.7391834706068 167.62160208821297 1649.8502075225115 693.65921576321125 14.80717574059963 366.78219844400883 1960.9466341286898
leaf_count=40 1125 9369 6350 28556 16018 8527 3874 51419 1740 5903 9711 16187 1147 47 9550 4574 51 421 2894 4521 8632 2532 1581 2147 1190 11523 4873 104 2755 14007
internal_value=-2.82744e-05 0.0018836 -0.0283024 0.0045635 -0.0048738 -0.00647067 0.00592104 0.0069677 -0.0210642 0.00169823 -0.000585958 0.00556256 -0.00427591 0.0431209 0.00190413 -0.0216882 0.00673162 0.017071 -0.00339994 0.00291933 -0.00969404 -0.0118536 0.00664288 -0.000691442 0.00266185 0.0118661 0.00825335 0.0131591 -0.0269873 -0.00448817
internal_weight=32488.2 30430.5 2057.69 21789.2 8641.31 6952.09 17243.4 13051.9 1233.62 1689.21 4545.84 10142.4 1827.79 11.8775 2718.05 1221.75 861.776 218.027 3560.35 643.75 3391.75 508.372 7845.6 526.734 4191.52 2909.41 1259.56 708.466 600.752 3154.92
internal_count=231368 215862 15506 153763 62099 50078 121454 91708 9156 12021 32309 71334 13048 87 19261 9069 6118 1546 25428 4572 24650 3679 55147 3728 29746 20374 8851 4977 4495 22534
cat_boundaries=0 1 2 3 4 5 6
cat_threshold=1 12098776 5767205 14168888 15843428 254754
is_linear=0
shrinkage=0.04


Tree=4
num_leaves=31
num_cat=1
split_feature=30 30 30 6 0 31 30 31 31 18 30 30 6 12 9 3 7 25 30 13 7 16 30 31 0 30 23 7 9 13
split_gain=1072.34 217.201 183.45 103.793 40.9365 34.8193 32.2615 30.6739 30.3781 28.1133 26.2917 26.2008 25.0954 24.563 21.5865 21.9901 21.5478 23.1388 21.7429 20.8497 20.556 31.54 27.1938 18.9161 18.8291 18.351 24.4365 16.9833 16.779 16.6251
threshold=-1.2099999999999995 -2.0481666666666656 -0.35333333333333322 -0.056666666666666192 0.16554135460761968 4.5000000000000009 0.17833333333333304 4.5000000000000009 4.5000000000000009 4.5000000000000009 -0.7899999999999997 -2.7274999999999991 0.011666666666666272 0 -2.9966666666666675 0.28607322325915296 2.5000000000000004 5.878333333333333 0.52400000000000058 9.5000000000000018 3.5000000000000004 0.11805555555555557 -1.0483333333333333 1.5000000000000002 0.18266828478964406 0.62999999999999934 28.98 4.5000000000000009 -4.2366666666666655 7.5000000000000009
decision_type=2 2 2 2 8 2 2 2 2 10 2 2 2 1 2 10 2 2 2 2 2 10 2 2 10 2 2 2 2 2
left_child=1 7 5 13 16 9 28 -1 -3 20 14 -9 -10 -4 -7 -16 17 -5 27 -19 21 -2 -23 -8 -17 26 -25 -18 -6 -20
right_child=2 8 3 4 6 10 23 11 12 -11 -12 -13 -14 -15 15 24 18 19 29 -21 -22 22 -24 25 -26 -27 -28 -29 -30 -31
leaf_value=0.03252375968493168 0.033890448046328348 0.019938000793694965 -0.008089815245031674 0.005040434336720712 -0.00031017055369308267 -0.012625148216965556 0.0054637344146633527 -0.039826323016817752 -0.0097905786686524506 -0.0056003092615932275 -0.0018525343832812022 -0.028387323530306218 -0.018643905245239102 8.1185301945319878e-05 -0.0054110432177196122 0.04891373283307348 0.0055332094121136946 0.0012043730383085368 0.0093370751699976724 -0.0076726750095768015 -4.4211187704347875e-05 0.075953876337202117 0.0059355115823341688 0.016544863301470755 -0.016708350992702972 0.015529123804007479 0.0063054050884143401 0.00037769031694307538 0.0065159639371295689 0.0041401522769355364
leaf_weight=11.011081874370573 80.346028745174408 43.455418705940247 1000.4445448815823 1793.2084850817919 783.5268442928791 833.53780004382133 1016.0693349987268 691.02812929451466 1115.4698444455862 520.15614269673824 3076.5533901751041 597.2894696444273 947.32972966134548 1419.1696231514215 1699.8806263953447 21.911641761660576 2237.4401691108942 1654.8636547029018 2495.8599265068769 568.85330440104008 560.22595281898975 9.0217156112194044 545.5091197937727 521.29288703203201 10.277365550398825 1235.0848450213671 1310.1044802963734 1882.5218439847231 2176.8598527014256 1626.8964080512524
leaf_count=84 567 309 7178 12649 5532 6081 7127 5452 8197 3708 21981 4621 7005 10068 12388 160 15742 11654 17355 4071 4003 64 3850 3623 75 8602 9182 13280 15355 11409
internal_value=0.000143138 -0.0210933 0.00263019 0.00447918 0.00545813 -0.00282881 0.00788848 -0.0339548 -0.0131592 0.00216193 -0.00434603 -0.034523 -0.0138564 -0.0033304 -0.00733612 -0.00479084 0.00406193 0.00165973 0.0052326 -0.00106648 0.00554036 0.0104683 0.00707465 0.0101938 0.0279618 0.0117611 0.00921999 0.00317751 0.00470929 0.0072863
internal_weight=32485.2 3405.58 29079.6 21722.2 19302.6 7357.42 7042.94 1299.33 2106.25 1715.26 5642.16 1288.32 2062.8 2419.61 2565.61 1732.07 12259.6 4016.93 8242.72 2223.72 1195.1 634.877 554.531 4082.55 32.189 3066.48 1831.4 4119.96 2960.39 4122.76
internal_count=231372 25668 205704 152827 135581 52877 49421 10157 15511 12192 40685 10073 15202 17246 18704 12623 86160 28374 57786 15725 8484 4481 3914 28534 235 21407 12805 29022 20887 28764
cat_boundaries=0 1
cat_threshold=1
is_linear=0
shrinkage=0.04


Tree=5
num_leaves=31
num_cat=8
split_feature=30 30 30 6 14 23 14 30 21 7 24 22 0 6 6 22 9 22 3 29 22 23 22 22 23 21 17 22 30 22
split_gain=958.124 203.905 171.383 99.0857 48.0187 38.852 37.4974 29.689 29.4642 27.1346 25.6277 18.57 18.0039 17.5489 16.2676 19.1367 16.1925 18.9587 15.4512 15.3869 14.966 14.8753 14.4972 14.0684 16.6574 18.3337 13.2964 13.1688 13.104 13.053
threshold=-1.2099999999999995 -1.9508333333333332 -0.25083333333333341 -0.049999999999999371 4.9500000000000011 38.945000000000007 3.8819444444444451 0.37166666666666753 1.0000000180025095e-35 4.5000000000000009 39.305000000000007 0 0.1491585933861202 -0.013333333333333195 -0.0063333333333335231 1 -4.1649999999999965 2 0.34835085175788333 1.6150000000000004 3 28.095000000000002 4 5 18.895000000000003 1.0000000180025095e-35 0.083333333333333412 6 -1.0900000000000003 7
decision_type=2 2 2 2 10 2 10 2 10 2 2 1 8 2 2 1 2 1 10 2 1 2 1 1 2 8 10 1 2 1
left_child=1 4 6 10 26 7 14 21 11 -3 12 -7 20 22 15 -2 -8 28 -10 -6 -4 -5 -9 -14 25 -25 -1 -12 -18 -23
right_child=2 9 3 5 19 8 16 13 18 -11 27 -13 23 -15 -16 -17 17 -19 -20 -21 -22 29 -24 24 -26 -27 -28 -29 -30 -31
leaf_value=-0.022599699287734549 0.0085655137163144508 -0.0087486767400907963 0.0033984593431531035 0.0084076171927733763 -0.041516949959821678 0.0034760344911511699 -0.0097131395474293267 0.00033085882695694699 0.0052506316600575186 -0.018594725265498591 -0.010682749323965322 -0.0034377090392571624 0.0084376732839534091 0.012596521017260078 -0.0020976196867036143 4.5677130584276509e-05 -0.013994558446596818 -0.0061555019778438917 -0.0072637802368255627 -0.03074121451488222 -0.012535690008378378 -6.830795403202937e-05 0.010663244663424038 0.0067923301333182289 -0.0022934698114788752 0.09574306684535723 0.025827761070055546 -0.0029887498105857307 0.0027504997871069799 0.0056208880799823802
leaf_weight=444.71916674822569 589.17754544317722 1298.3004265576601 157.49634680151939 1796.6775977760553 574.16463068127632 1202.5083751529455 1051.4609512835741 417.61390474438667 7242.3223680406809 683.65766973793507 612.87778805196285 1265.453605145216 536.98603248596191 2114.0057010501623 2922.4789442121983 1435.7590812891722 82.86871337890625 1793.1137247532606 161.37300054728985 336.14755682647228 221.28101368248463 960.06109826266766 458.52818904817104 10.178354650735857 472.95628568530083 5.8315236121416083 9.2602249681949598 894.00674188137054 765.4618743211031 1998.034154355526
leaf_count=3457 4206 9577 1118 12569 4687 8453 7587 2913 50606 5117 4402 8897 3797 14600 21002 10265 608 12902 1148 2674 1574 6743 3196 72 3351 41 69 6411 5496 14025
internal_value=-6.46412e-05 -0.0203372 0.00226105 0.00425025 -0.0322383 0.00538003 -0.00246499 0.0075008 0.00371616 -0.012145 -0.00258547 -6.88493e-05 0.00130132 0.0106238 -0.000188371 0.00256714 -0.005515 -0.00384387 0.00497786 -0.0375378 -0.00615147 0.00553685 0.00586379 0.00405286 -0.000916391 0.0391922 -0.0216119 -0.00620877 0.00110178 0.00379321
internal_weight=32514.8 3346.25 29168.5 20528.2 1364.29 17616.6 8640.32 7744.92 9871.66 1981.96 2911.61 2467.96 1404.73 2990.15 4947.42 2024.94 3692.91 2641.44 7403.7 910.312 378.777 4754.77 876.142 1025.95 488.966 16.0099 453.979 1506.88 848.331 2958.1
internal_count=231563 25581 205982 143916 10887 123150 62066 54046 69104 14694 20766 17350 9953 20709 35473 14471 26593 19006 51754 7361 2692 33337 6109 7261 3464 113 3526 10813 6104 20768
cat_boundaries=0 1 2 3 4 5 6 7 8
cat_threshold=14748387 1267200 12723465 4251224 5046526 7451213 6509009 8824900
is_linear=0
shrinkage=0.04


Tree=6
num_leaves=31
num_cat=6
split_feature=30 30 14 6 30 31 30 23 6 31 6 14 13 17 31 9 14 31 22 9 6 15 22 14 22 30 22 23 22 22
split_gain=953.892 265.255 96.4662 75.1451 42.2721 37.7457 31.1404 43.5774 21.3713 20.9522 20.5825 21.4508 25.7923 22.0008 20.3876 20.1904 20.1634 18.6251 20.9971 18.0402 18.019 21.0656 18.9584 17.8729 17.5505 17.42 18.7528 18.3754 18.924 17.1103
threshold=-1.5999999999999992 -0.44000000000000011 5.2361111111111116 -0.056666666666666192 -0.90083333333333282 4.5000000000000009 0.029999999999999586 38.945000000000007 0.0033333333333334107 3.5000000000000004 -0.026666666666666835 3.0500000000000003 10.500000000000002 0.031514550264550252 4.5000000000000009 -2.3844999999999987 3.1055555555555561 1.5000000000000002 0 -1.8583333333333323 0.018333333333333982 0.13894444444444451 1 4.6125000000000007 2 0.36166666666666686 3 28.98 4 5
decision_type=2 2 10 2 2 2 2 2 2 2 2 8 2 10 2 2 8 2 1 2 2 8 1 8 1 2 1 2 1 1
left_child=2 4 14 -3 5 9 20 17 -7 -2 -9 12 -12 24 -1 -10 -11 18 -8 -6 21 -5 -22 -16 -14 26 -19 -27 -29 -13
right_child=1 3 -4 6 19 8 7 10 15 16 11 29 13 -15 23 -17 -18 25 -20 -21 22 -23 -24 -25 -26 27 -28 28 -30 -31
leaf_value=0.030540834673092022 0.067932573767055374 -0.002632999295657021 -0.038052504032250689 -0.001931401266519609 -0.0052846257449611989 -0.0054874725417957872 -0.006975855577517889 0.00039340480736353413 -0.017641565235055195 0.077185343561919709 0.0086758189112146056 -0.0018312423753102779 0.020761889230942653 -0.0019909237467026246 -0.016033104314828725 -0.0086127910588963529 0.0042913312907302643 0.0025433942370817488 0.0083279210370261932 -3.3571207712854608e-05 0.0034214065000850338 0.0056396844352728714 -0.0040981012648119639 -0.025937033640410188 0.0023815247230083996 0.017504271760113897 0.0098149558987413905 0.0029989949612128463 0.011973032303657379 0.0045568339397215373
leaf_weight=12.695851564407347 9.960399776697157 2481.4825386106968 767.59103594720364 752.26652567088604 1727.8830114603043 1447.8485007882118 248.27166414260864 1973.9470967501402 649.31130158901215 6.3772595077753058 3152.0807922631502 1014.7638734579086 134.04376742243767 799.65432022511959 658.24598170816898 1016.9356373995543 126.66064764559269 1005.5001466274261 313.691396728158 2655.7620039582253 974.37376309931278 2692.7693844735622 1169.7977336347103 523.32386708259583 220.83733887970448 624.64068698883057 1368.4568816572428 536.23341049253941 1468.3381581008434 1955.998626857996
leaf_count=90 69 17749 6394 5314 12429 10646 1721 13950 4850 45 21815 7087 935 5627 5035 7562 903 6999 2169 19030 6912 18941 8306 4121 1541 4257 9507 3697 10128 13633
internal_value=4.77204e-05 0.00178521 -0.0269888 0.00393955 -0.00466794 -0.00811955 0.00473883 0.00569856 -0.00904229 0.011975 0.00401606 0.00499869 0.00680237 0.00168753 -0.0198779 -0.0121312 0.00778555 0.00849549 0.00159087 -0.00210336 0.00219467 0.00398644 -0.000684175 -0.0204196 0.0099762 0.00927103 0.00678711 0.0115138 0.00964712 0.00238395
internal_weight=32489.7 30527.9 1961.86 22887.1 7640.74 3257.09 20405.7 14816.5 3114.1 142.998 9251.33 7277.38 4306.62 1154.54 1194.27 1666.25 133.038 5565.13 561.963 4383.65 5589.21 3445.04 2144.17 1181.57 354.881 5003.17 2373.96 2629.21 2004.57 2970.76
internal_count=231462 215822 15640 160288 55534 24075 142539 103066 23058 1017 64588 50638 29918 8103 9246 12412 948 38478 3890 31459 39473 24255 15218 9156 2476 34588 16506 18082 13825 20720
cat_boundaries=0 1 2 3 4 5 6
cat_threshold=3375822 6727964 454809 12700100 266779 14434817
is_linear=0
shrinkage=0.04


Tree=7
num_leaves=31
num_cat=5
split_feature=1 30 30 30 23 1 1 1 30 1 7 30 7 31 1 31 24 22 23 22 1 10 23 31 22 23 30 22 22 30
split_gain=1656.94 1303.41 315.463 235.245 167.12 117.094 110.051 65.8206 74.5113 57.3416 39.726 35.2299 33.3325 30.9309 28.3348 26.9087 26.567 26.55 26.2513 24.9437 24.8758 24.3231 21.3788 21.1673 20.5525 19.1748 18.6778 18.0053 17.73 16.9823
threshold=1.5000000000000002 -0.81916666666666671 -1.9508333333333332 -0.088333333333333583 35.815000000000005 5.5000000000000009 4.5000000000000009 2.5000000000000004 0.67833333333333312 3.5000000000000004 4.5000000000000009 -2.5758333333333323 4.5000000000000009 4.5000000000000009 4.5000000000000009 1.5000000000000002 18.215000000000003 0 35.815000000000005 1 5.5000000000000009 1.5000000000000002 26.145000000000003 4.5000000000000009 2 61.040000000000006 0.44833333333333264 3 4 1.5536666666666668
decision_type=2 2 2 2 2 2 2 2 2 2 2 2 2 2 2 2 2 1 2 1 2 2 2 2 1 2 2 1 1 2
left_child=4 2 11 5 22 12 21 18 10 19 -9 16 23 -8 -12 -6 -2 -7 -5 -10 -15 -4 -1 28 -23 -11 -16 -27 -3 -21
right_child=1 3 6 7 15 17 13 8 9 25 14 -13 -14 20 26 -17 -18 -19 -20 29 -22 24 -24 -25 -26 27 -28 -29 -30 -31
leaf_value=-0.0088926812218084565 -0.038012180703564435 0.01403278168279218 0.005259243144000475 0.011258556917922109 -0.031631004074491091 0.0026488542315797033 0.0083910838914856671 0.011727433628521149 0.016602339243196783 0.019021238214405569 0.0095384494371561265 -0.023541528911027853 0.00040867454391872889 -0.012846081166016326 -0.0029496167926627297 -0.023814654466475866 0.021217069121511979 -0.011375552286821125 0.003530264904268591 0.0083789503372743556 -0.02297895535771317 -0.00025907230855912617 -0.016548732125391732 0.0039148888127288044 -0.0087063902526651887 0.019916593948389461 0.0098802318929642474 -0.0084721971842124481 0.0060985051232345776 -0.0038558740581795033
leaf_weight=1168.6241329014301 724.85031348466873 868.03750729560852 468.05076362192631 1034.8965467214584 1216.8965703696012 273.28014789521694 76.528297826647758 4258.5497862398624 469.02193374931812 3733.2296974658966 1047.888930529356 535.50818863511086 1967.1826976686716 816.41698105633259 758.88348610699177 1674.2598025500774 12.32283455878496 1044.0206547528505 2194.3707816451788 714.19426009058952 738.09938211739063 843.7371302396059 1165.6601153463125 2006.9203838855028 1023.8430253118277 50.146899342536926 238.64551621675491 79.619728446006775 1052.5244265198708 243.37468242645264
leaf_count=8558 6180 6040 3427 7061 9148 1961 549 29284 3236 25183 7198 4366 13996 6179 5299 12470 98 7569 15236 4913 5623 6202 8482 14169 7541 342 1637 542 7352 1698
internal_value=-4.26602e-05 0.00391065 -0.0140218 0.00817457 -0.0206769 0.00224935 -0.00846225 0.0110575 0.0124642 0.0159649 0.00952679 -0.0313498 0.00465878 -0.0164351 0.00494505 -0.0271046 -0.0370221 -0.00853237 0.00600698 0.00911169 -0.0176573 -0.00289456 -0.0127158 0.00678755 -0.00493806 0.0184958 0.000119753 0.00338026 0.00978938 0.0052149
internal_weight=32499.6 27274.1 5239.36 22034.8 5225.44 7211.97 3966.68 14822.8 11593.6 5289.59 6303.97 1272.68 5894.67 1631.04 2045.42 2891.16 737.173 1317.3 3229.27 1426.59 1554.52 2335.63 2334.28 3927.48 1867.58 3863 997.529 129.767 1920.56 957.569
internal_count=231539 192881 40165 152716 38658 51087 29521 101629 79332 35914 43418 10644 41557 12351 14134 21618 6278 9530 22297 9847 11802 17170 17040 27561 13743 26067 6936 884 13392 6611
cat_boundaries=0 1 2 3 4 5
cat_threshold=1572878 2951697 2545766 6575641 16405792
is_linear=0
shrinkage=0.04


Tree=8
num_leaves=31
num_cat=5
split_feature=1 30 30 30 23 1 1 1 32 30 1 25 1 1 22 6 30 22 1 29 23 25 22 22 31 30 29 22 17 18
split_gain=1539.57 1212.05 306.436 261.065 166.493 146.206 94.5083 63.3668 46.0553 40.7782 46.2798 33.6215 32.915 32.5543 30.8683 27.1151 23.3017 22.9779 22.4202 22.3934 22.0233 21.9998 21.0109 20.7311 20.5945 20.1879 19.4588 18.8466 18.6487 18.4589
threshold=1.5000000000000002 -0.93666666666666576 0.029999999999999586 -1.9508333333333332 35.815000000000005 4.5000000000000009 4.5000000000000009 2.5000000000000004 2.0050000000000003 0.61708333333333354 4.5000000000000009 15.008333333333336 5.5000000000000009 5.5000000000000009 0 0.016666666666667055 -1.5499999999999994 1 5.5000000000000009 1.6150000000000004 24.755000000000006 -3.4408333333333334 2 3 2.5000000000000004 0.30999999999999989 1.3550000000000002 4 -0.15912698412698409 1.5000000000000002
decision_type=2 2 2 2 2 2 2 2 2 2 2 2 2 2 1 2 2 1 2 2 2 2 1 1 2 2 2 1 10 10
left_child=4 3 5 8 20 15 16 24 19 13 11 17 27 -9 21 23 -5 -11 -8 -2 -1 -15 -14 -3 -4 -26 -10 -7 -12 -6
right_child=1 2 7 6 29 12 18 9 26 10 28 -13 22 14 -16 -17 -18 -19 -20 -21 -22 -23 -24 -25 25 -27 -28 -29 -30 -31
leaf_value=-0.0077123660688126986 -0.039975441676465148 0.0025533947502034129 0.0036079268910655694 -0.012803396933213735 -0.030691164197448086 0.0031754229458377478 -0.012571584011400348 0.011816146301316402 0.029658698559254036 0.0098272420913516692 0.0014127592269383533 0.006644627531215125 -0.0014895947545266164 -0.015995892533474308 0.010263862789866048 0.0023099419463979225 -0.0013540077970478925 0.019428053845748604 -0.023025105155901497 -0.027927707768677583 -0.015584166038284646 0.0021367279198392279 -0.011401776199118497 0.0096873857829643528 0.0053000846064271481 0.016294952625316574 -0.01798885655398377 -0.0048183998980816482 0.019471041313254576 -0.024047686314671024
leaf_weight=1013.7503726705909 566.93728640675545 890.1012669056654 1874.2944089174271 350.85980482399464 1088.6996890604496 934.85120461881161 690.63240870833397 3759.6257820427418 14.63130524009466 819.49851870536804 94.809805274009705 1257.0095407515764 498.91895920038223 152.76129612326622 564.46526789665222 2183.0553969144821 1501.6850956976414 965.64700096845627 625.66589039564133 437.21437628567219 1295.2046758383512 357.83281007409096 1184.0127344876528 2713.2452870160341 558.35113753378391 512.40937726199627 218.66760267317295 933.56730648875237 2619.8997810333967 1736.5135293006897
leaf_count=7481 5018 6219 12945 2650 8317 6661 5284 25608 117 5539 642 8558 3589 1060 3882 15439 11047 6516 4848 3678 9518 2476 8640 18854 3822 3486 1780 6647 17455 13207
internal_value=-1.26947e-06 0.0037805 0.00748095 -0.0154296 -0.0200959 0.00190667 -0.00934532 0.0113262 -0.0310102 0.0127693 0.0150438 0.0116559 -0.00448228 0.010061 0.00392283 0.00582783 -0.00352245 0.0151845 -0.0175404 -0.0347298 -0.012128 -0.00322509 -0.00853983 0.00795911 0.00613615 0.0105616 -0.0150006 -0.000827535 0.0188404 -0.0266078
internal_weight=32414.8 27280.7 22874.4 4406.29 5134.17 9337.75 3168.84 13536.6 1237.45 10591.5 5756.86 3042.16 3551.35 4834.69 1075.06 5786.4 1852.54 1785.15 1316.3 1004.15 2308.96 510.594 1682.93 3603.35 2945.05 1070.76 233.299 1868.42 2714.71 2825.21
internal_count=230983 192460 158038 34422 38523 66049 23829 91989 10593 71736 38710 20613 25537 33026 7418 40512 13697 12055 10132 8696 16999 3536 12229 25073 20253 7308 1897 13308 18097 21524
cat_boundaries=0 1 2 3 4 5
cat_threshold=14893794 1221310 1581198 264207 5530071
is_linear=0
shrinkage=0.04


Tree=9
num_leaves=31
num_cat=2
split_feature=1 30 30 30 29 1 1 1 30 1 14 1 6 7 31 7 30 23 23 31 22 9 16 31 22 14 27 18 25 9
split_gain=1396.98 1068.19 312.256 205.012 151.066 104.349 102.72 52.0106 46.7388 46.1613 45.7902 30.5679 30.6697 29.8732 30.3259 29.8505 29.6501 28.2276 26.1453 21.848 21.8038 21.6991 19.9973 18.9451 19.7292 20.9792 19.7017 25.3522 18.8268 21.6782
threshold=1.5000000000000002 -0.7899999999999997 -1.9508333333333332 0.029999999999999586 5.6750000000000007 5.5000000000000009 4.5000000000000009 2.5000000000000004 0.62999999999999934 3.5000000000000004 5.4365079365079376 4.5000000000000009 0.033333333333332778 4.5000000000000009 4.5000000000000009 4.5000000000000009 1.2636666666666667 34.160000000000004 30.450000000000003 4.5000000000000009 0 6.4191666666666665 0.68333333333333346 4.5000000000000009 1 4.2928571428571436 1.5000000000000002 3.5000000000000004 2.908333333333335 -3.0700000000000016
decision_type=2 2 2 2 2 2 2 2 2 2 10 2 2 2 2 2 2 2 2 2 1 2 8 2 1 8 2 10 2 2
left_child=4 2 10 5 18 13 15 17 11 16 -2 -9 -13 14 -3 23 -10 -5 -1 -8 -11 22 -7 26 25 -25 27 -4 -14 -30
right_child=1 3 6 7 -6 21 19 8 9 20 -12 12 28 -15 -16 -17 -18 -19 -20 -21 -22 -23 -24 24 -26 -27 -28 -29 29 -31
leaf_value=-0.0094437980639899954 -0.023661165891794862 0.0092115434864378822 0.081397501441621306 0.012507787715698292 -0.026311143768116847 -0.01023565336211657 0.004959651044185877 0.011760525282965242 0.012736166743699437 0.012280862914510407 -0.039357181956420746 0.0082369864660298709 -0.0093336851975378676 0.00078220049852048394 0.0026651877596161285 -0.0082814002644158273 0.0013725673572719352 0.0034622885424829414 -0.017860250810285323 -0.015994057096331095 0.018647596506387178 0.0039081415040205097 0.015654824500100875 0.009921758816209927 -0.0043089440542910936 -0.0044447435646255392 0.0059193721253925748 0.010196962074475345 -0.0089198680086523385 0.013117928946817578
leaf_weight=1622.5816492065787 694.86713601648808 2619.6807356625795 15.066710934042929 733.95117110013962 2522.8350724577904 1209.4061714559793 83.804609730839729 2667.6232415288687 923.41199488937855 1581.9411462247372 519.8691529110074 1682.5976091474295 301.91798959672451 2276.0218360424042 1994.0737385451794 831.20315963029861 610.11261416971684 2226.4224692583084 928.47149975597858 1593.6415101960301 2618.623356282711 240.0807823985815 49.693563759326935 457.57563592493534 816.55136273801327 252.30753429234028 72.03397673368454 17.063106223940849 114.94010458886623 188.61121198534966
leaf_count=12017 5897 18040 103 4927 19597 8806 603 18009 6242 10456 4737 11453 2082 16107 13967 6201 4196 15351 6986 12347 17292 1743 360 3335 6002 1861 499 119 790 1296
internal_value=-9.17393e-05 0.00347921 -0.0125467 0.0073724 -0.0193707 0.00245124 -0.00731364 0.0103968 0.0116961 0.014155 -0.0303786 0.00885106 0.00545896 0.00453225 0.0063822 -0.00211219 0.00821516 0.0057049 -0.012507 -0.0149472 0.0163235 -0.00711245 -0.00921382 0.00103258 -9.37156e-05 0.00474871 0.0175376 0.0435852 -0.00226117 0.00477329
internal_weight=32467 27393.1 5353.98 22039.1 5073.89 8388.96 4139.25 13650.2 10689.8 5734.09 1214.74 4955.69 2288.07 6889.78 4613.75 2461.8 1533.52 2960.37 2551.05 1677.45 4200.56 1499.18 1259.1 1630.6 1526.43 709.883 104.164 32.1298 605.469 303.551
internal_count=231421 192821 41704 151117 38600 59023 31070 92094 71816 38186 10634 33630 15621 48114 32007 18120 10438 20278 19003 12950 27748 10909 9166 11919 11198 5196 721 222 4168 2086
cat_boundaries=0 1 2
cat_threshold=3678255 15619648
is_linear=0
shrinkage=0.04


Tree=10
num_leaves=31
num_cat=6
split_feature=1 29 29 29 1 14 26 17 1 26 17 1 6 26 6 25 22 29 6 12 22 6 23 9 22 2 22 17 25 22
split_gain=1338.63 797.195 265.892 161.229 142.439 76.0822 75.2339 61.0088 50.4867 43.9767 43.2629 39.762 36.3104 35.0157 34.5861 27.3676 21.0693 20.4878 20.001 19.518 19.3525 18.1397 17.9552 17.5127 17.5116 18.5776 17.1223 16.1447 18.4321 16.0622
threshold=1.5000000000000002 3.0250000000000004 4.705000000000001 5.6750000000000007 5.5000000000000009 5.2361111111111116 4.5000000000000009 -0.16643518518518513 4.5000000000000009 5.5000000000000009 -0.22037037037037027 2.5000000000000004 0.023333333333332987 3.5000000000000004 0.01166666666666716 -17.052666666666664 0 5.9750000000000005 -0.010833333333333249 1 2 -0.026666666666666835 30.450000000000003 6.4191666666666665 3 31.265000000000004 4 0.13333333333333333 -15.044999999999995 5
decision_type=2 2 2 2 2 10 2 8 2 2 10 2 2 2 2 2 1 2 2 1 1 2 2 2 1 2 1 8 2 1
left_child=3 5 4 22 6 15 10 8 -4 11 -3 17 -13 -6 27 -2 -12 -9 -15 24 -17 23 29 -19 25 -14 -23 -8 -29 -1
right_child=1 2 7 -5 13 -7 14 9 -10 -11 16 12 19 18 -16 20 -18 21 -20 -21 -22 26 -24 -25 -26 -27 -28 28 -30 -31
leaf_value=-0.0033683094868065724 -0.022789574672339309 -0.0072380818201389424 0.0059958141289429764 -0.026306416119865561 -0.0030890320508367044 -0.035487530267106215 -0.00095829466382403811 0.0079407110796825987 -0.007770185734703252 0.0013186326435269331 0.012045116466162643 0.011337501212165113 0.011619044739712692 -0.0093235814442864228 -0.0089114966161140882 0.0065831719678797673 0.004482682902736619 -0.00083774178011707394 -0.02251790937874466 0.0022097281165736164 -0.014962632509587683 0.011704734730505985 -0.016409860197521081 -0.019272513404306028 0.011537324926589928 0.0012992405747818978 0.00090633555352667846 -0.0022158954797101521 0.032890186522021352 -0.012132919147182624
leaf_weight=516.09226141124964 455.0413624048233 406.4273779168725 1058.0663685500622 2477.1699708402157 330.18269082158804 685.51358354091644 1419.5401625260711 1726.4360005259514 713.86346141993999 1348.4346056655049 836.04933954775333 8536.8105633333325 430.53897799551487 266.70806673914194 1231.0185387060046 106.1584105193615 2112.9841702952981 411.51200364530087 591.4975765272975 1148.2465897426009 156.55075107514858 350.25920930504799 930.32928995788097 103.11068810522556 1440.1849348992109 793.51838782429695 696.27225232124329 46.10987363755703 49.745477616786957 1105.1909814924002
leaf_count=3845 3829 2966 7299 19599 2433 6310 10295 11769 5086 9362 5858 57575 2906 2028 9121 839 14863 2877 4563 7932 1234 2405 7087 721 9733 5380 4781 328 350 8241
internal_value=-6.4555e-05 0.00341112 0.00499328 -0.0190373 -0.00148922 -0.0259571 0.000978237 0.0075128 0.000449858 0.00824961 0.00499653 0.0088473 0.00988803 -0.0141586 -0.00393116 -0.0168548 0.00668267 0.00493798 -0.0184175 0.0066424 -0.00657513 0.00161734 -0.0119803 -0.00453136 0.00851257 0.00488909 0.00464091 0.000114574 0.0160029 -0.00943855
internal_weight=32479.6 27450.8 26047.5 5028.78 7290.26 1403.26 6101.87 18757.3 1771.93 16985.3 3355.46 15636.9 12349.3 1188.39 2746.41 717.751 2949.03 3287.59 858.206 3812.49 262.709 1561.15 2551.61 514.623 2664.24 1224.06 1046.53 1515.4 95.8554 1621.28
internal_count=231615 192843 180631 38772 52805 12212 43781 127826 12385 115441 23687 106079 83526 9024 20094 5902 20721 22553 6591 25951 2073 10784 19173 3598 18019 8286 7186 10973 678 12086
cat_boundaries=0 1 2 3 4 5 6
cat_threshold=2237187 3 2323224 8802790 8981542 1618984
is_linear=0
shrinkage=0.04


Tree=11
num_leaves=31
num_cat=6
split_feature=30 31 14 6 30 7 24 14 31 22 30 10 22 17 6 14 23 21 22 31 13 13 14 22 5 30 22 31 9 22
split_gain=691.966 206.757 80.5307 60.9793 57.1142 29.2056 27.2449 26.4035 20.6178 19.5416 18.8242 18.433 20.4086 16.5736 16.3618 16.464 15.5656 21.4349 15.5261 14.2313 14.009 14.5703 22.3288 19.6805 24.292 16.6176 13.9582 14.9427 13.8875 13.8431
threshold=-1.6533333333333329 4.5000000000000009 5.2361111111111116 -0.049999999999999371 -0.86666666666666636 4.5000000000000009 39.465000000000011 3.8660714285714293 4.5000000000000009 0 -1.3900000000000001 5.5000000000000009 1 -0.15737433862433856 0.011666666666666272 4.5857142857142863 38.945000000000007 1.0000000180025095e-35 2 4.5000000000000009 1.5000000000000002 8.5000000000000018 2.4722222222222228 3 6.7650000000000006 2.0400000000000009 4 1.5000000000000002 -4.0099999999999989 5
decision_type=2 2 10 2 2 2 2 10 2 1 2 2 1 8 2 8 2 10 1 2 2 2 10 1 2 2 1 2 2 1
left_child=2 3 8 6 5 11 29 -6 -1 28 -5 12 -3 18 15 -10 -15 -18 -12 -4 26 -22 23 24 -23 -26 -19 -28 -9 -2
right_child=1 4 19 10 7 -7 -8 9 14 -11 13 -13 -14 16 -16 -17 17 20 -20 -21 21 22 -24 -25 25 -27 27 -29 -30 -31
leaf_value=0.038751965124847722 -0.0033028233861795726 0.0005795908285397372 0.019202862863305543 0.054026203605699721 0.00089955006642496453 -0.013311563482284296 -0.0057651733029486186 -0.0081813447284714205 -0.0073471398428889521 -0.0076080911489531493 0.0048430922607116279 -0.014739563972214171 -0.0077310046147429888 0.0056975788353355221 -0.02464385200396306 -0.020947797220308421 -0.00017424983007965851 0.0066732590452034581 -0.0026632640051726308 -0.036689564843670412 0.0063675575669344424 -0.0081891605608749463 0.0050497689905541036 -0.0072778111492016254 0.0084682548941333122 0.061362811793457372 -0.022922903219835641 0.0050593826689392446 0.0068927611485232569 0.0044844842174882492
leaf_weight=10.118330933153628 558.12316854298115 862.0857889354229 7.371150165796279 12.075531363487242 3052.3550773710012 1152.5604508817196 1519.0985447689891 143.79512467235327 281.52014672011137 1339.9995380267501 736.8205631673336 296.03613006323576 1044.8582213968039 8342.1005861163139 418.47863944619894 288.19274184852839 2159.1353536993265 91.129698432981968 1066.6021538898349 652.57585223019123 3785.9593860730529 180.74994277209044 2141.5320084318519 544.03876253217459 323.5007721632719 9.7907468527555448 93.09085388481617 45.437550015747547 305.62412963807583 1020.5132349953055
leaf_count=72 3952 6479 66 83 21830 8915 11008 1041 2264 9650 5158 2243 7869 57339 3481 2449 15083 622 7488 6197 25717 1290 14841 3843 2276 66 689 313 2191 7218
internal_value=-5.27917e-05 0.00130121 -0.0252237 0.00327282 -0.00414166 -0.00815233 -0.00194108 -0.00136211 -0.0180567 -0.00522 0.00409974 -0.00545312 -0.00401148 0.00406885 -0.0186384 -0.0142271 0.00444072 0.00332226 0.000415679 -0.0360653 0.00436858 0.00468816 0.002701 -0.00205287 0.0035495 0.0100221 -0.00535214 -0.0128193 0.00202464 0.00173879
internal_weight=32485.3 30827 1658.26 22629.7 8197.31 3355.54 3097.73 4841.77 998.31 1789.42 19532 2202.98 1906.94 19519.9 988.192 569.713 17716.5 9374.37 1803.42 659.947 7215.23 6985.57 3199.61 1058.08 514.041 333.292 229.658 138.528 449.419 1578.64
internal_count=231733 217204 14529 156986 60218 25506 22178 34712 8266 12882 134808 16591 14348 134725 8194 4713 122079 64740 12646 6263 49657 48033 22316 7475 3632 2342 1624 1002 3232 11170
cat_boundaries=0 1 2 3 4 5 6
cat_threshold=8423689 14096992 3809708 5489767 314430 2764192
is_linear=0
shrinkage=0.04


Tree=12
num_leaves=31
num_cat=7
split_feature=1 30 30 23 30 1 30 1 1 1 7 30 32 14 31 7 22 0 30 22 24 22 22 22 23 22 22 23 0 7
split_gain=1280.74 922.515 298.374 149.918 146.879 124.294 45.1443 105.693 50.1927 42.8457 33.0656 32.3119 29.6307 27.895 25.6722 23.5833 23.5511 23.128 22.6228 21.7616 21.0005 22.6998 19.8548 18.6931 18.965 18.5709 17.9277 17.0064 16.4128 16.2358
threshold=1.5000000000000002 -1.2363333333333328 -0.22166666666666643 35.815000000000005 -2.4324999999999988 4.5000000000000009 0.43666666666666681 3.5000000000000004 4.5000000000000009 5.5000000000000009 4.5000000000000009 1.2636666666666667 2.1650000000000005 4.1055555555555561 4.5000000000000009 4.5000000000000009 0 0.14634003773330642 0.7533333333333333 1 26.300000000000004 2 3 4 20.735000000000003 5 6 26.145000000000003 0.17083582834331343 3.5000000000000004
decision_type=2 2 2 2 2 2 2 2 2 2 2 2 2 8 2 2 1 10 2 1 2 1 1 1 2 1 1 2 10 2
left_child=3 4 5 20 12 15 8 11 23 14 26 -8 -2 19 -6 16 -3 -5 27 -7 -1 -22 -12 -4 -25 -16 -10 -9 -20 -21
right_child=1 2 6 17 9 13 7 18 10 -11 22 -13 -14 -15 25 -17 -18 -19 28 29 21 -23 -24 24 -26 -27 -28 -29 -30 -31
leaf_value=-0.0074194268813229302 -0.036140280399630985 0.0010015527766773238 0.012960289048171258 -0.029973774129416979 0.027195612068384532 -0.00064025606202028882 0.0081792703378859334 0.02694693108079646 0.010623972917540607 -0.023693857452337697 0.0036083490783457 0.00031072466267803128 -0.0064377399457871678 -0.013363113837749857 -0.0032782305700197406 -0.00058189317178255974 0.0079736279104137171 -0.022259400020449384 0.014956546141625331 -0.0033327261021775453 -0.001918427418912244 -0.017696972106217495 -0.0081945594083247374 0.018719247953279207 0.0065946285889788301 -0.013337403900339726 0.0023085596481867217 0.0095016334940883698 0.022079141527787227 -0.012933662077642806
leaf_weight=1185.0581239163876 687.82801982760429 1266.4657870233059 1406.9384903609753 975.7440005466342 29.51829656213522 1128.1502549722791 2720.8355883806944 94.910176560282707 663.57710367441177 458.88754163682461 362.3974235355854 1204.7436853349209 58.291274935007095 787.34767907112837 438.95629167556763 1601.8401865959167 2041.1212268918753 1714.2360219433904 3042.8707054406404 516.63861612975597 190.0786355137825 896.80499766021967 591.665707051754 220.61993056535721 3205.3256662338972 1046.3343296870589 1129.6479139178991 1542.2316725999117 623.74483136832714 620.03264927864075
leaf_count=8935 6651 8896 9457 7876 203 8284 18265 619 4524 3858 2531 8260 502 5912 3450 11523 14264 13735 19737 3777 1434 6771 4144 1482 21599 8276 7732 10211 4027 4616
internal_value=3.61128e-05 0.00341206 0.00584006 -0.0186679 -0.0187013 -0.000538837 0.00886134 0.01074 0.006574 -0.0129861 0.0022569 0.00576445 -0.0338197 -0.00687748 -0.00974233 0.00340187 0.00533118 -0.0250577 0.0144226 -0.0046228 -0.0111024 -0.015118 -0.00375934 0.00902809 0.00735395 -0.0104764 0.00545777 0.010513 0.0161682 -0.00849512
internal_weight=32452.8 27490.9 24771.1 4961.92 2719.82 7961.6 16809.5 9229.34 7580.17 1973.7 2747.29 3925.58 746.119 3052.17 1514.81 4909.43 3307.59 2689.98 5303.76 2264.82 2271.94 1086.88 954.063 4832.88 3425.95 1485.29 1793.23 1637.14 3666.62 1136.67
internal_count=231551 192800 169860 38751 22940 57272 112588 61119 51469 15787 18931 26525 7153 22589 11929 34683 23160 21611 34594 16677 17140 8205 6675 32538 23081 11726 12256 10830 23764 8393
cat_boundaries=0 1 2 3 4 5 6 7
cat_threshold=1583255 5841247 9226 2138399 10948736 2248898 1925141
is_linear=0
shrinkage=0.04


Tree=13
num_leaves=31
num_cat=0
split_feature=1 30 30 30 23 1 1 1 14 6 6 7 31 14 31 31 3 17 32 1 30 25 1 6 30 30 6 9 8 0
split_gain=1178.05 856.575 240.875 145.645 145.391 96.3715 90.9912 51.4733 50.3312 31.4366 28.2234 26.9034 23.0292 21.9306 21.8293 21.0784 19.4341 19.6759 18.169 17.832 38.1778 37.4245 28.386 23.6829 19.5651 17.7441 16.5806 16.5354 16.1898 15.36
threshold=1.5000000000000002 -0.81916666666666671 -1.9508333333333332 0.029999999999999586 35.815000000000005 5.5000000000000009 5.5000000000000009 2.5000000000000004 5.4365079365079376 0.011666666666666272 0.026666666666665954 5.5000000000000009 1.5000000000000002 3.1547619047619051 1.5000000000000002 4.5000000000000009 0.33265856950067479 -0.15416666666666656 2.0050000000000003 3.5000000000000004 0.74000000000000055 10.499166666666667 4.5000000000000009 -0.028333333333332874 1.7520833333333339 -0.35333333333333322 -0.076666666666665759 5.3536666666666699 16.440000000000005 0.19238218603503579
decision_type=2 2 2 2 2 2 2 2 10 2 2 2 2 8 2 2 10 8 2 2 2 2 2 2 2 2 2 2 2 10
left_child=4 2 8 6 29 9 10 14 18 15 25 16 -6 -11 -5 -4 17 -9 -2 21 23 24 -22 -21 -19 -3 -7 -8 -17 -1
right_child=1 3 5 7 12 26 27 11 -10 13 -12 -13 -14 -15 -16 28 -18 19 -20 20 22 -23 -24 -25 -26 -27 -28 -29 -30 -31
leaf_value=-0.012105183006525426 -0.025487939428094204 0.003619278102658126 0.019530942974743299 -0.00075937011800236015 -0.028859914934396706 0.010608823850440412 -0.0083688974852192902 0.0038354690505807937 -0.038166217766708151 0.0078373415253333561 0.00067205305531214954 0.0054328958174525337 -0.021264098319863926 -0.0097235154983025401 0.0067126423673710559 0.0142457804895321 -0.0023741252952193719 0.014038017268745711 -0.011167075015983161 0.015752496017723723 0.011023032181525531 0.0030903233812177295 0.018924101596976384 0.0078868478130747263 -0.014747967382750604 0.0084311794833249326 -0.021257478304430741 0.0019970955400396358 -0.0022606248916749528 -0.0034188522880878335
leaf_weight=1845.4591585993767 446.82745765894651 2357.8980601578951 82.631471365690231 892.22598126530647 1098.8620451614261 27.132942534983158 1230.315372377634 514.36534562706947 464.09845376759768 124.43292956799269 2202.3289723396301 1502.1615601480007 1524.8095455393195 1329.5146193951368 2093.2713346332312 101.63427037745714 165.88650032877922 1338.7165831178427 207.60511513799429 824.71726191043854 1131.6045526266098 1010.465272128582 2037.4655196964741 2379.8474474102259 38.875064745545387 2554.5335856676102 703.24651363492012 307.81530098617077 1472.7000669836998 395.52236153185368
leaf_count=14031 4146 16419 564 6133 9091 217 9042 3441 4721 942 15539 9929 12367 10214 14059 763 1114 8835 1784 5505 7303 6800 13016 15765 265 17312 5713 2237 11006 3003
internal_value=9.22099e-05 0.00329736 -0.0117547 0.00660326 -0.0180544 -0.00699796 0.00252749 0.00913508 -0.0280904 -0.00392805 0.00443468 0.0104051 -0.0244454 -0.00822061 0.00447961 -0.000161435 0.0111961 0.0114388 -0.0209449 0.0118852 0.0129897 0.00893708 0.0161028 0.00991113 0.0132257 0.00612153 -0.0200737 -0.00629442 -0.00119502 -0.0105721
internal_weight=32407 27542.3 4959.82 22582.5 4864.65 3841.29 8652.89 13929.6 1118.53 3110.91 7114.76 10944.1 2623.67 1453.95 2985.5 1656.97 9441.94 9276.06 654.433 8761.69 6373.63 2388.06 3169.07 3204.56 1377.59 4912.43 730.379 1538.13 1574.33 2240.98
internal_count=231276 192784 40070 152714 38492 29419 60549 92165 10651 23489 49270 71973 21458 11156 20192 12333 62044 60930 5930 57489 41589 15900 20319 21270 9100 33731 5930 11279 11769 17034
is_linear=0
shrinkage=0.04


Tree=14
num_leaves=31
num_cat=4
split_feature=1 30 30 30 29 1 1 30 1 1 17 32 0 30 14 22 30 31 24 31 30 10 22 17 22 11 22 17 30 26
split_gain=1086.44 792.583 217.154 147.056 125.667 101.567 62.294 40.3248 54.4927 42.1277 37.9557 30.5999 25.3826 24.868 24.5015 27.2153 21.0059 20.8266 19.857 19.675 19.5033 18.9373 19.5179 17.7208 19.5137 17.2562 16.6439 15.7184 15.5943 15.5628
threshold=1.5000000000000002 -1.1833333333333331 -0.23166666666666599 -2.5758333333333323 5.7350000000000012 4.5000000000000009 5.5000000000000009 0.3000000000000001 3.5000000000000004 5.5000000000000009 0.3264550264550265 4.2550000000000008 0.17107878403159829 -0.53366666666666684 3.8944444444444448 0 0.71633333333333316 4.5000000000000009 36.82500000000001 4.5000000000000009 -1.7116666666666664 5.5000000000000009 1 0.17235449735449743 2 60.500000000000007 3 0.066732804232804269 -0.30166666666666647 3.5000000000000004
decision_type=2 2 2 2 2 2 2 2 2 2 10 2 8 2 10 1 2 2 2 2 2 2 1 10 1 2 1 10 2 2
left_child=4 3 5 11 18 14 20 9 10 -4 12 -2 -9 19 15 -3 -10 -8 -1 29 27 22 -16 26 -25 -20 -15 -5 -26 -7
right_child=1 2 7 6 -6 13 17 8 16 -11 -12 -13 -14 23 21 -17 -18 -19 25 -21 -22 -23 -24 24 28 -27 -28 -29 -30 -31
leaf_value=-0.0096059472257962047 -0.035368972048227081 0.011355148011798136 0.0068305485288916879 -0.01564897930201125 -0.024469662601870543 0.014946161250074183 0.031250292541199938 0.005346482503947452 0.0087834266465992867 -0.0018539586852432944 -0.0070530356628715355 0.033685830500115137 0.012551061152750967 -0.0091605202465844492 0.0063534754364335654 0.0029258038246095571 0.01360279713410051 -0.025259017793397544 -0.018955936259603762 -0.01100292432987946 -0.0055458414032491746 -0.0092854754227830513 -0.00225692448266603 -0.0075440180971969367 0.057998152271901353 0.032807252439553278 0.00086444182265439141 0.03410191358325914 -0.0004039291323863833 -0.0060493280794420403
leaf_weight=1991.7607803419232 603.02899131178856 930.37606339156628 5202.7957082986832 532.97170344740152 2235.0246822088957 85.772051274776459 10.649709865450857 3254.8399346321821 2299.3189187943935 1079.0692012012005 327.33942154049873 10.445040561258791 1030.019282117486 412.96051086485386 757.228880032897 1829.7945720404387 3903.9078221321106 517.93302169442177 569.04455020278692 1455.2698404416442 1183.1686730310321 299.0327230244875 927.51173210144043 31.484704092144966 26.776197999715805 10.494435854256151 711.26279002428055 10.358259513974188 10.065036088228224 165.45072290301323
leaf_count=15309 6146 6469 34915 4593 18671 618 80 21850 15137 7554 2230 85 6803 2995 5360 12791 24839 4530 4464 11145 9092 2144 6600 226 192 81 5131 82 72 1206
internal_value=1.89547e-05 0.00307438 0.00538212 -0.0168291 -0.0175322 -0.000222849 -0.0121054 0.00788771 0.00936819 0.00533876 0.00607542 -0.0341932 0.00707836 -0.00612141 0.00338179 0.00581884 0.0118164 -0.0241205 -0.0115021 -0.0092184 -0.00842682 -9.06572e-06 0.00163745 -0.00168975 0.0180889 -0.0180186 -0.00289182 -0.0147005 0.0330671 0.00111892
internal_weight=32415.2 27608.8 24740.3 2868.56 4806.32 7642.99 2255.08 17097.3 10815.4 6281.86 4612.2 613.474 4284.86 2899.04 4743.94 2760.17 6203.23 528.583 2571.3 1706.49 1726.5 1983.77 1684.74 1192.55 68.3259 579.539 1124.22 543.33 36.8412 251.223
internal_count=231410 192885 168277 24608 38525 54949 18377 113328 70859 42469 30883 6231 28653 21585 33364 19260 39976 4610 19854 12969 13767 14104 11960 8616 490 4545 8126 4675 264 1824
cat_boundaries=0 1 2 3 4
cat_threshold=509216 12725547 7177394 8570513
is_linear=0
shrinkage=0.04


Tree=15
num_leaves=31
num_cat=5
split_feature=1 30 30 23 30 1 1 14 10 1 30 1 31 9 31 1 25 22 14 11 22 22 22 1 14 22 11 25 14 32
split_gain=1017.77 700.754 237.064 137.631 134.874 75.9228 75.5707 41.6485 31.093 30.9315 30.0967 32.0761 27.1119 24.5257 23.3141 22.2051 27.7737 20.9756 19.3323 24.184 20.557 18.6394 18.6107 18.276 18.2661 18.2647 17.7183 17.1751 16.0624 19.6729
threshold=1.5000000000000002 -0.80449999999999966 -2.0481666666666656 32.720000000000006 -0.088333333333333583 4.5000000000000009 5.5000000000000009 5.4365079365079376 5.5000000000000009 2.5000000000000004 0.61708333333333354 5.5000000000000009 3.5000000000000004 -2.5155000000000007 1.5000000000000002 4.5000000000000009 12.240833333333336 0 2.8166666666666669 45.500000000000007 1 2 3 5.5000000000000009 3.8166666666666669 4 34.500000000000007 -3.7850000000000015 2.4365079365079372 6.8950000000000005
decision_type=2 2 2 2 2 2 2 10 2 2 2 2 2 2 2 2 2 1 8 2 1 1 1 2 10 1 2 2 10 2
left_child=3 2 7 22 6 13 8 -2 -3 26 11 -11 -7 -4 -5 16 25 28 19 -17 -21 -13 -1 -14 -10 -12 -6 -24 -8 -30
right_child=1 4 5 14 9 12 17 -9 24 10 15 21 23 -15 -16 18 -18 -19 -20 20 -22 -23 27 -25 -26 -27 -28 -29 29 -31
leaf_value=-0.0031265471010581934 -0.020999279663484242 0.0044181426623015668 -0.0074205275211534846 -0.027174695310743426 -3.1036014408046146e-05 0.080063193588863407 0.025746787745432417 -0.037594229288933641 0.00081625872854695675 0.0084431136192311736 0.00733242930928366 0.0067953983626538551 -0.0093913473473884075 0.0010520647297513797 -0.019798469117802843 0.01968201295676425 0.0048726476530281896 -0.011946259613992273 0.010269667703690089 0.016952835049803622 -0.0032697432870463757 -0.0026293536307601395 -0.0068601557343274449 -0.017937165018633756 -0.011161883200472442 0.016403827130766661 0.0064002075114169337 -0.016627871767636148 -0.0050938249638052451 0.029431112311085139
leaf_weight=673.37633172422647 549.80351243168116 5051.1321106404066 837.39097455143929 1103.4397693648934 967.59109853208065 4.9825483560562125 32.532572671771049 432.1793762370944 527.00314918160439 4816.35873927176 717.29082374274731 582.27801351249218 856.09986077994108 1574.4442052021623 1810.5379357784986 1073.5547397583723 1599.5625863969326 721.40296813100576 1488.0922806113958 151.36457957327366 159.59394918382168 767.71612420678139 575.66617282480001 752.2102517709136 332.03884541988373 839.77556896209717 2350.2649226933718 576.44212656468153 489.22589282691479 27.913900822401047
leaf_count=5160 5196 34918 6323 9457 6490 35 234 4654 3645 31770 4646 3946 6803 11724 14990 6746 10493 5409 9386 956 1008 5252 4445 6284 2343 5399 15789 4421 3595 202
internal_value=-6.7798e-05 0.00286273 -0.0106816 -0.0171965 0.00585101 -0.00638265 0.00131874 -0.0283029 0.00322167 0.00794901 0.00888062 0.00691575 -0.0130996 -0.00188963 -0.0225916 0.0108902 0.00857449 -0.00752938 0.0134348 0.0168368 0.00701398 0.00146658 -0.00858445 -0.0133882 -0.00381356 0.0123774 0.00452465 -0.0116462 -0.00148816 -0.00323026
internal_weight=32441.3 27701.8 5007.11 4739.46 22694.7 4025.13 7181.25 981.983 5910.17 15513.4 12195.6 6166.35 1613.29 2411.84 2913.98 6029.23 3156.63 1271.08 2872.61 1384.51 310.959 1349.99 1825.48 1608.31 859.042 1557.07 3317.86 1152.11 549.672 517.14
internal_count=231719 193246 41019 38473 152227 31169 50346 9850 40906 101881 79602 40968 13122 18047 24447 38634 20538 9440 18096 8710 1964 9198 14026 13087 5988 10045 22279 8866 4031 3797
cat_boundaries=0 1 2 3 4 5
cat_threshold=1649294 13274533 4564253 5776554 1237566
is_linear=0
shrinkage=0.04


Tree=16
num_leaves=31
num_cat=2
split_feature=30 31 14 6 14 12 0 30 30 31 7 6 33 31 6 30 25 17 23 9 14 7 31 6 14 6 3 23 9 26
split_gain=539.345 141.805 71.4173 44.2753 39.7178 27.3445 24.6214 20.6013 19.7407 18.2415 17.2135 20.9828 18.5803 17.1367 17.3786 16.5031 14.2401 13.6519 14.1956 13.5507 12.3267 13.9457 12.4451 12.3161 11.8262 11.7671 11.6131 11.4692 10.9842 11.4397
threshold=-1.6533333333333329 4.5000000000000009 5.4365079365079376 -0.056666666666666192 3.8819444444444451 0 0.16554135460761968 -2.5758333333333323 0.17833333333333304 5.5000000000000009 4.5000000000000009 0.060000000000000948 1 5.5000000000000009 -0.011666666666666268 -0.67500000000000038 -11.534999999999995 -0.20737433862433857 35.815000000000005 -3.3463333333333334 3.2928571428571431 4.5000000000000009 4.5000000000000009 0.11500000000000067 3.4722222222222228 -0.051666666666666299 0.074657831176069875 28.98 -3.9350000000000009 3.5000000000000004
decision_type=2 2 10 2 8 1 8 2 2 2 2 2 1 2 2 2 2 10 2 2 8 2 2 2 10 2 10 2 2 2
left_child=2 3 7 5 13 -2 17 16 10 23 11 12 -8 14 -3 -7 -1 -5 -19 25 -9 22 -22 -6 -20 -11 -13 -10 29 -14
right_child=1 4 -4 6 9 15 8 20 27 19 -12 26 28 -15 -16 -17 -18 18 24 -21 21 -23 -24 -25 -26 -27 -28 -29 -30 -31
leaf_value=-0.030303701961541793 -0.0077264516473917475 0.0050922957651987153 -0.036575420595023049 -0.0041790537660437097 -0.0040066385363833569 0.030958523592720517 0.0083522103097446853 0.0069616705343922636 0.011245128914815857 0.0071386523411651401 -0.0010939496336575347 0.0937232499793203 0.0033872626194447089 -0.0042924151805228431 -0.0014621309949635619 0.00034722434807063989 0.006377279802294156 0.0047587521485615413 0.0022706074433795961 -0.0073899043364144589 0.032238953001825207 -0.023589135294037524 -0.012944035114246053 -0.032645428400091013 -0.0015340067726349309 -0.017348658731339048 0.016857182477703805 0.0058499836920236749 0.0034293538916310368 -0.011476049684061372
leaf_weight=235.32801851630211 954.8005019724369 1021.8054701387882 456.50918871164322 527.01149827986956 2271.4365728124976 28.739939033985138 1071.811021335423 40.257243663072586 771.45085021853447 33.820768751204014 1206.0630594864488 6.4573797881603223 146.85688247531652 1562.5486455261707 1765.6448478549719 1443.2138540148735 18.246658347547054 3045.2079617604613 7404.3610241934657 1012.9055338203907 9.9381388500332815 247.37009193003178 525.45464541018009 24.283021472394466 1587.4643887206912 438.37762876600027 6.1304295137524605 3449.2545156851411 931.56880544126034 190.10035017877817
leaf_count=2361 7038 7343 5003 3704 16857 202 7386 330 5045 261 8494 44 1012 11774 12791 10233 159 20743 50723 7820 71 2176 4555 184 10988 3443 43 23323 6410 1322
internal_value=-0.000159866 0.000989049 -0.0233174 0.00260824 -0.00354553 -0.00249865 0.00321743 -0.0176956 0.00498585 -0.00654425 0.00279158 0.00478323 0.0045062 -0.000939167 0.000940548 0.000938535 -0.0276642 0.00212242 0.00239832 -0.0099987 -0.0146243 -0.0157345 -0.0121053 -0.00430957 0.00159892 -0.0155948 0.0562885 0.0068361 0.00118145 -0.00499814
internal_weight=32434.4 30901.3 1533.1 22770.5 8130.82 2426.75 20343.7 1076.59 7779.69 3780.82 3558.99 2352.92 2340.34 4350 2787.45 1471.95 253.575 12564 12037 1485.1 823.02 782.763 535.393 2295.72 8991.83 472.198 12.5878 4220.71 1268.53 336.957
internal_count=231838 217183 14655 156710 60473 17473 139237 9652 53079 28565 24711 16217 16130 31908 20134 10435 2520 86158 82454 11524 7132 6802 4626 17041 61711 3704 87 28368 8744 2334
cat_boundaries=0 1 2
cat_threshold=1 298
is_linear=0
shrinkage=0.04


Tree=17
num_leaves=31
num_cat=5
split_feature=1 31 23 29 31 1 1 14 1 25 26 24 6 14 22 14 25 3 23 22 6 29 22 6 22 6 1 22 7 14
split_gain=881.792 642.655 192.309 127.885 118.009 117.725 48.8901 43.4468 40.6908 33.9806 31.7051 29.3274 27.999 27.212 24.268 23.1612 22.2592 24.3041 20.1537 20.0987 21.7915 19.048 19.021 18.791 17.778 17.7618 17.5917 20.5148 17.4163 19.309
threshold=1.5000000000000002 5.5000000000000009 3.4000000000000008 5.6850000000000014 3.5000000000000004 4.5000000000000009 5.5000000000000009 3.3541666666666674 3.5000000000000004 12.240833333333336 3.5000000000000004 6.2000000000000011 0.016666666666666167 4.1055555555555561 0 4.5857142857142863 -10.403333333333329 0.33409785932721719 30.450000000000003 1 -0.028333333333333762 4.6650000000000009 2 -0.035000000000000579 3 0.031666666666666739 5.5000000000000009 4 4.5000000000000009 4.354166666666667
decision_type=2 2 2 2 2 2 2 8 2 2 2 2 2 10 1 10 2 10 2 1 2 2 1 2 1 2 2 1 2 10
left_child=3 4 11 18 8 12 7 22 9 -2 16 -3 14 23 -6 -14 -10 -18 -1 -11 21 -21 -4 24 -7 -9 27 -25 -12 -30
right_child=1 2 6 -5 5 13 -8 25 10 19 28 -13 15 -15 -16 -17 17 -19 -20 20 -22 -23 -24 26 -26 -27 -28 -29 29 -31
leaf_value=-0.0069520978012448187 0.0072333559418681108 -0.033865453113589308 -0.005573790430515725 -0.022919553692086838 0.012251685831593669 -0.0061402280405154401 -0.017761750471851065 -0.0062290725694004482 0.046129954070011608 -0.0044826097930514208 0.0076652313840105133 0.0041786505429056119 0.0030376141943615053 -0.010634447085214733 0.0050911560474664851 -0.0099302255240996638 0.011057144465400204 -0.0070070074268363206 -0.014505630046436622 0.062226585471921371 0.0068094003771912281 -0.0051681819860247462 0.0089789400440278989 0.0058973726204700119 0.01140555020204578 -0.014503107536790721 -0.0074965383952452789 -0.004631066376554735 0.0016487443266001689 -0.028137802090949578
leaf_weight=1550.7253820076585 3895.1100017279387 624.15255333483219 220.80759285390377 2254.3367508202791 1098.225991204381 132.66617324948311 685.85829488188028 1483.6731170266867 28.486263118684292 713.40658530592918 1559.3043461740017 34.196660734713078 2074.6555389836431 800.47663993388414 2598.3550863042474 246.55492742359638 5805.2535670250654 121.66661569476128 889.25325124710798 6.8224720358848563 1032.6873338520527 406.75826875865459 379.61237954348326 487.42769280076027 269.38645831495523 576.38780329376459 1026.7022688314319 721.82890364527702 673.79791343212128 36.718481123447418
leaf_count=11963 25639 6776 1617 19462 7440 944 5827 11532 188 4799 10140 301 14467 6201 17727 1809 37168 807 7135 45 6870 2810 2770 3439 1924 4593 7626 5117 4461 249
internal_value=-1.81979e-05 0.00269486 -0.0121272 -0.016051 0.00519559 0.00172969 -0.00823931 -0.00578448 0.00749072 0.00500204 0.00932269 -0.0318893 0.00510334 -0.00417463 0.00726541 0.00166019 0.0108559 0.0106863 -0.00970499 0.000977726 0.00367674 -0.00405643 0.00368381 -0.00221447 0.00574689 -0.00854408 -0.00364602 -0.000376787 0.00530005 0.000109418
internal_weight=32435.3 27741 4004.69 4694.32 23736.3 9456.28 3346.34 2660.48 14280 6054.78 8225.23 658.349 6017.79 3438.49 3696.58 2321.21 5955.41 5926.92 2439.98 2159.67 1446.27 413.581 600.42 2638.01 402.053 2060.06 2235.96 1209.26 2269.82 710.516
internal_count=231846 193286 33416 38560 159870 66694 26339 20512 93176 40163 53013 7077 41443 25251 25167 16276 38163 37975 19098 14524 9725 2855 4387 19050 2868 16125 16182 8556 14850 4710
cat_boundaries=0 1 2 3 4 5
cat_threshold=10621040 10514736 74365 2207832 352591
is_linear=0
shrinkage=0.04


Tree=18
num_leaves=31
num_cat=8
split_feature=1 30 30 29 29 1 1 32 1 6 7 22 2 22 32 22 17 23 22 22 18 8 11 25 9 18 22 22 8 22
split_gain=864.759 599.041 176.125 129.975 121.964 110.36 43.9688 35.2326 34.258 29.206 25.4034 24.407 21.0942 20.9648 20.071 22.2446 18.7533 18.6447 17.6669 17.5114 17.033 16.951 16.6875 23.2764 16.1662 15.824 15.5759 15.5067 21.1789 15.1583
threshold=1.5000000000000002 -1.2099999999999995 0.029999999999999586 1.6150000000000004 5.6750000000000007 5.5000000000000009 5.5000000000000009 2.1650000000000005 2.5000000000000004 0.0016666666666664833 4.5000000000000009 0 43.495000000000005 1 5.955000000000001 2 -0.06666666666666661 30.450000000000003 3 4 5.5000000000000009 41.365000000000002 34.500000000000007 12.240833333333336 5.2455000000000025 4.5000000000000009 5 6 44.865000000000002 7
decision_type=2 2 2 2 2 2 2 2 2 2 2 1 2 1 2 1 8 2 1 1 10 2 2 2 2 8 1 1 2 1
left_child=4 3 5 7 17 9 10 -2 22 12 27 -11 13 -3 18 24 29 19 -7 -1 -20 -13 -4 -24 -16 -8 -25 28 -5 -10
right_child=1 2 8 6 -6 14 25 -9 16 11 -12 21 -14 -15 15 -17 -18 -19 20 -21 -22 -23 23 26 -26 -27 -28 -29 -30 -31
leaf_value=-0.0010319810619776606 -0.037013259599312301 0.009936427807368569 -0.00093211242845286717 -0.00030267591628128638 -0.022734711896763158 -0.016276306405976205 -0.011402611129466585 0.023186728696350536 0.0099176624784535154 0.0045461703154467854 -0.015175397424978483 -0.0026327136458371837 0.014523734584068877 0.0025882703512285945 0.0057212862712489676 -0.0078976546972139485 0.0092253773345094391 -0.014490849911021649 -0.0047897347042207931 -0.010119126613748862 -0.019327851987161165 0.0057497188723516935 0.008798785349622331 0.0072635234338349428 0.037916544200175636 -0.02649018215609138 -0.0040148361639139943 -0.0074140972552101591 0.035265049415195218 0.002384022133301291
leaf_weight=518.40018325299025 440.36547420918941 785.590785831213 885.33944265544415 241.31836506724358 2236.0216908827424 501.26919007301331 163.22404015809298 16.124626383185387 639.45717744529247 1565.7195693999529 568.4835662394762 2865.3718377277255 343.11937542259693 2962.5496343076229 117.35627081990242 207.9779526591301 9262.5410717576742 865.37925046682358 873.50928103923798 1040.7522958815098 151.27237743139267 446.07946376502514 1354.0613652914762 304.40831258893013 31.693302482366562 349.12128487229347 509.94369508326054 840.08134386688471 30.13066291064024 1314.2036603391171
leaf_count=3988 5073 5376 5912 1960 19626 3879 1459 140 4153 11040 4823 20341 2353 20347 863 1540 59313 7011 6624 8100 1189 3141 8940 2052 231 3312 3454 6886 240 8560
internal_value=-5.25839e-05 0.00262323 0.00453091 -0.015469 -0.0159967 0.000690178 -0.0114258 -0.0348868 0.00745157 0.00253858 -0.00829757 0.000447927 0.00503084 0.00416182 -0.0081131 0.000424658 0.00847421 -0.00978254 -0.0101106 -0.00716928 -0.00686874 -0.001499 0.00369548 0.00558488 0.011777 -0.0216836 0.000240956 -0.00477996 0.0035158 0.00491284
internal_weight=32430.9 27770.3 25121.5 2648.85 4660.55 10851.5 2192.36 456.49 14270 8968.43 1680.01 4877.17 4091.26 3748.14 1883.08 357.028 11216.2 2424.53 1526.05 1559.15 1024.78 3311.45 3053.75 2168.41 149.05 512.345 814.352 1111.53 271.449 1953.66
internal_count=231926 193201 169308 23893 38725 76924 18680 5213 92384 62598 13909 34522 28076 25723 14326 2634 72026 19099 11692 12088 7813 23482 20358 14446 1094 4771 5506 9086 2200 12713
cat_boundaries=0 1 2 3 4 5 6 7 8
cat_threshold=4645124 9506832 155998 14828864 1586218 464074 10653760 2273441
is_linear=0
shrinkage=0.04


Tree=19
num_leaves=31
num_cat=7
split_feature=1 30 30 29 1 29 30 1 1 31 32 7 22 30 1 0 22 21 23 22 31 11 25 22 7 22 22 33 25 7
split_gain=825.163 578.37 226.615 128.665 83.9867 59.3075 42.9296 54.0365 47.835 33.7857 31.6028 27.5945 24.3497 23.6413 21.6579 21.3535 21.8261 21.1559 19.4783 19.1331 17.8771 17.4847 17.427 18.9815 15.3747 14.7594 14.6289 17.8372 16.2356 14.4577
threshold=1.5000000000000002 -1.5999999999999992 -0.35333333333333322 5.7350000000000012 4.5000000000000009 1.6150000000000004 0.49000000000000049 5.5000000000000009 3.5000000000000004 1.5000000000000002 2.1650000000000005 4.5000000000000009 0 -0.546333333333333 5.5000000000000009 0.14634003773330642 1 0.22500000000000003 30.450000000000003 2 5.5000000000000009 32.500000000000007 12.240833333333336 3 4.5000000000000009 4 5 6 15.958333333333336 4.5000000000000009
decision_type=2 2 2 2 2 2 2 2 2 2 2 2 1 2 2 8 1 10 2 1 2 2 2 1 2 1 1 1 2 2
left_child=3 5 4 18 20 10 7 11 9 22 -2 19 24 21 17 16 -11 29 25 -4 -3 -6 23 -8 -9 -1 28 -28 -13 -7
right_child=1 2 6 -5 13 14 8 12 -10 15 -12 26 -14 -15 -16 -17 -18 -19 -20 -21 -22 -23 -24 -25 -26 -27 27 -29 -30 -31
leaf_value=-0.011934374421891105 -0.036288540666198188 0.0030454931729436033 0.010308391416099056 -0.02306498327486441 -0.0041716122590225247 -0.010706095467719265 -0.0033669002943190942 -0.0044713722096400496 0.010690829532390048 -0.0084246433411005114 0.020936670910451944 0.0046182107989361535 0.0013427768778440882 -0.0012077870066023407 -0.025912367917166012 0.010510460893974257 0.0084872196252978264 0.014032794080724777 -0.014106821648761076 0.0054187843278612029 -0.0022568788577917078 -0.011999336033861802 -0.002817224889688582 0.0099160632288407512 -0.018595753025570757 -0.0037222391266030705 -0.0083757047438596174 0.0020537831156765742 0.022976364319039929 -0.023072477954923638
leaf_weight=567.84704428911209 424.64758630096912 3131.0122104883194 2127.2318487614393 2100.6622703075409 665.56698560714722 467.30830171704292 263.02274404466152 389.6871055662632 5243.6760670691729 214.46972134709358 16.023485578596592 833.67926228046417 1096.9021413475275 733.04150115698576 290.137191593647 1569.907843157649 257.94150400161743 43.558556504547596 961.07102137804031 3475.7685490101576 1507.0496542826295 1453.9866849258542 986.03022207319736 479.20954650640488 180.38626523315907 972.90907971560955 319.55967728793621 1277.0250953584909 84.930499970912933 223.65956623852253
leaf_count=4449 5051 21962 13906 18778 5313 4168 1742 2705 32692 1422 136 5600 7629 5355 2871 10210 1701 363 7908 22824 11179 11503 6690 3169 1294 7554 2144 8561 564 2051
internal_value=-8.01287e-05 0.002521 0.00388421 -0.0157663 -0.00199909 -0.0219368 0.00622841 0.00439379 0.00821994 0.00478371 -0.0342077 0.00574075 -0.00216592 -0.00739983 -0.0166594 0.00826681 0.000810737 -0.0130045 -0.00963797 0.00730324 0.00132259 -0.00954133 0.000667678 0.00529725 -0.00878657 -0.00685045 0.00226005 -7.28403e-05 0.00624751 -0.014709
internal_weight=32357.9 27755.4 26290.1 4602.49 7490.66 1465.33 18799.4 9785.17 9014.26 3770.58 440.671 8118.19 1666.98 2852.6 1024.66 2042.32 472.411 734.526 2501.83 5603 4638.06 2119.55 1728.26 742.232 570.073 1540.76 2515.19 1596.58 918.61 690.968
internal_count=231494 192805 178165 38689 55312 14640 122853 65227 57626 24934 5187 53599 11628 22171 9453 13333 3123 6582 19911 36730 33141 16816 11601 4911 3999 12003 16869 10705 6164 6219
cat_boundaries=0 1 2 3 4 5 6 7
cat_threshold=11747488 10646328 9376816 4646024 12796305 6853196 33
is_linear=0
shrinkage=0.04


Tree=20
num_leaves=31
num_cat=4
split_feature=1 30 30 30 1 24 1 1 31 24 14 30 30 1 3 0 22 31 1 22 0 31 9 22 3 30 6 13 30 22
split_gain=752.287 579.782 158.878 121.554 101.326 95.5068 41.4985 31.1947 30.0776 25.5653 24.3032 23.5737 21.0049 23.4303 24.4974 21.9003 20.4044 20.281 19.385 20.1516 19.1472 19.0463 18.4409 19.096 21.6283 17.3939 17.339 16.8846 16.3954 22.142
threshold=1.5000000000000002 -1.2099999999999995 0.029999999999999586 -2.5758333333333323 4.5000000000000009 36.82500000000001 5.5000000000000009 2.5000000000000004 2.5000000000000004 7.9050000000000002 3.5277777777777781 -0.546333333333333 0.49000000000000049 4.5000000000000009 0.13053270661966318 0.13889134709931175 0 4.5000000000000009 5.5000000000000009 1 0.17780785290454915 1.5000000000000002 -2.9966666666666675 2 0.27303030303030307 1.8800000000000006 -0.054999999999999265 8.5000000000000018 -0.34166666666666717 3
decision_type=2 2 2 2 2 2 2 2 2 2 10 2 2 2 8 8 1 2 2 1 8 2 2 1 10 2 2 2 2 1
left_child=5 3 4 9 10 8 17 20 -1 -2 16 22 18 15 -15 26 -3 -5 -9 -20 -4 -7 -6 -24 -25 -17 -14 -18 29 -12
right_child=1 2 7 6 11 21 -8 12 -10 -11 28 -13 13 14 -16 25 27 -19 19 -21 -22 -23 23 24 -26 -27 -28 -29 -30 -31
leaf_value=-0.01697603436463058 -0.034284709809833613 -0.0010367301300451392 0.0021043249126255579 0.023777350220146522 -0.013998279669130654 -0.026264644393246796 -0.021682602219220685 0.0072427005138441108 -0.007027331703514314 0.0094937771854759385 -0.0059611294530871883 -0.0017819370346068264 -0.016266096088067315 0.013177258554103208 0.0034073983695939842 0.0096294666276902224 0.0044156735072966016 -0.0086826575884159304 -0.0067834490917698586 0.0053567811613754578 0.010596653850400112 -0.018383047745563635 0.0024588013991661672 -0.0098949038717841484 0.032083844361970495 -0.0011944418975751011 0.0031792249278208185 0.010955981067496316 0.0052520794435770577 0.0021386803740876385
leaf_weight=667.07571402192116 516.30708427727222 508.91246047616005 2553.1898819059134 31.421164743602276 548.38516606390476 787.63771400600672 460.41703440248966 3247.6908932626247 1793.3543345406651 22.262959457933903 768.49433065950871 2372.5690208151937 82.883078128099442 2907.2380916774273 478.18506020307541 2766.3936300575733 1219.1596179902554 1550.9773483127356 350.37084999680519 547.03593908250332 509.56662184000015 1300.6944431960583 367.5055973008275 726.63166961073875 20.182834401726723 259.86090129613876 639.18547271192074 1310.3720032721758 1253.6319313645363 1752.9667859151959
leaf_count=5754 6146 3479 16998 216 4336 7258 4393 20940 14361 196 5484 16963 551 17911 2986 17548 8247 12891 2380 3629 3300 11306 2856 5673 157 1696 4093 8876 8359 12424
internal_value=1.4395e-05 0.00248417 0.00433428 -0.0155702 0.000681856 -0.0150644 -0.0111134 0.00709719 -0.00972464 -0.032475 0.0036568 -0.00434132 0.00806932 0.00938514 0.0117973 0.00720654 0.00631963 -0.00803811 0.00580479 0.000601023 0.00351724 -0.0213557 -0.00799339 -0.00503823 -0.00864466 0.00870003 0.000947182 0.00777302 0.00151358 -0.00034515
internal_weight=32320.6 27771.8 25190.4 2581.39 10848.8 4548.76 2042.82 14341.6 2460.43 538.57 6813.54 4035.27 11278.8 7133.75 3385.42 3748.32 3038.44 1582.4 4145.1 897.407 3062.76 2088.33 1662.71 1114.32 746.815 3026.25 722.069 2529.53 3775.09 2521.46
internal_count=231407 192728 168886 23842 76854 38679 17500 92032 20115 6342 46869 29985 71734 44785 20897 23888 20602 13107 26949 6009 20298 18564 13022 8686 5830 19244 4644 17123 26267 17908
cat_boundaries=0 1 2 3 4
cat_threshold=27 10698978 5767261 3674308
is_linear=0
shrinkage=0.04


Tree=21
num_leaves=31
num_cat=6
split_feature=1 30 30 29 14 1 1 30 1 1 17 25 22 6 24 7 30 8 22 24 22 7 17 22 23 32 11 6 22 22
split_gain=705.773 486.23 161.949 115.313 84.8019 58.5524 29.6265 26.5848 52.8987 28.2432 31.5017 26.4799 21.6587 21.3309 21.0143 20.5488 20.1518 19.6302 18.0416 17.3019 18.6067 20.3359 16.5382 20.624 16.0501 20.8912 16.0187 15.9216 17.5586 15.5061
threshold=1.5000000000000002 -1.3900000000000001 -0.35333333333333322 5.3250000000000011 5.4365079365079376 4.5000000000000009 5.5000000000000009 0.27000000000000096 4.5000000000000009 3.5000000000000004 0.3264550264550265 12.240833333333336 0 -1.0000000180025095e-35 36.82500000000001 5.5000000000000009 0.7533333333333333 30.305000000000003 1 49.695000000000007 2 4.5000000000000009 -0.14616402116402114 3 38.945000000000007 6.9350000000000014 30.500000000000004 -0.028333333333332874 4 5
decision_type=2 2 2 2 10 2 2 2 2 2 10 2 1 2 2 2 2 2 1 2 1 2 10 1 2 2 2 2 1 1
left_child=3 4 5 -1 6 13 15 8 19 10 11 26 -7 -3 -5 -2 24 -14 -15 20 -4 -22 23 -10 25 -11 -9 28 -26 -18
right_child=1 2 7 14 -6 12 -8 9 22 16 -12 -13 17 18 -16 -17 29 -19 -20 -21 21 -23 -24 -25 27 -27 -28 -29 -30 -31
leaf_value=-0.0073067622973590207 -0.0072844342438442705 0.0044587741365864414 0.0042191870709081388 -0.015117796800151167 -0.033449610692006131 -0.01025006785115172 -0.022271787620086036 0.0022473438621448648 0.0023583567320331856 0.0082524879842387228 -0.007239378559184364 0.0015475275157537066 -0.009400724086906051 0.0028257748385169469 -0.022760950885851075 -0.022189373840875805 0.013662125861206957 0.00046447489763547537 -0.0040895613354128123 0.00017113205166145528 0.012306654360807513 0.0039164212977204696 0.00065667704593900134 -0.014569617932663696 -0.004719143587433655 0.039869489640717952 0.0095059333401402227 0.0006733072230302858 0.01576254550672572 0.0082406850937808921
leaf_weight=1879.9994827508926 966.0191175788641 1901.1046166270971 1880.8576234430075 851.72145725786686 403.22548738867044 1191.3204750940204 395.55667532980442 633.9221328496933 198.32731440663338 1246.0585122555494 342.87008395791054 1782.8607834279537 491.06076219677925 1034.5680906921625 1775.0918627381325 174.76959440112114 1448.7612027972937 941.4416039660573 1423.2225757390261 646.65843331813812 1527.3598961383104 662.77043727040291 2226.0978213846684 267.80196550488472 90.206568330526352 34.360126614570618 2091.1564876884222 1121.2121053040028 246.07281421124935 2452.3493907302618
leaf_count=14942 8364 13219 12368 7517 4990 9346 3982 4096 1394 7886 2310 11874 3833 7414 16293 1563 8836 7248 10271 4261 9907 4422 15313 1894 579 218 13465 7180 1579 15005
internal_value=-0.000185425 0.00219327 0.00364083 -0.0148699 -0.0171236 -0.00156466 -0.0128387 0.00556406 0.00369596 0.00676881 0.00444872 0.00533771 -0.00628574 0.00127717 -0.0202827 -0.00956788 0.00846399 -0.00289708 -0.0011838 0.00624907 0.00721453 0.00972323 -0.000777918 -0.00762912 0.00583343 0.00910093 0.0078174 0.00296289 0.0105968 0.0103102
internal_weight=32328.8 27822 25882.4 4506.81 1939.57 6982.72 1536.35 18899.7 7409.87 11489.8 4850.81 4507.94 2623.82 4358.9 2626.81 1140.79 6639.02 1432.5 2457.79 4717.65 4070.99 2190.13 2692.23 466.129 2737.91 1280.42 2725.08 1457.49 336.279 3901.11
internal_count=231569 192817 173918 38752 18899 51331 13909 122587 49559 73028 31745 29435 20427 30904 23810 9927 41283 11081 17685 30958 26697 14329 18601 3288 17442 8104 17561 9338 2158 23841
cat_boundaries=0 1 2 3 4 5 6
cat_threshold=10935840 421288 1624794 1335707 529157 9934976
is_linear=0
shrinkage=0.04


Tree=22
num_leaves=31
num_cat=4
split_feature=1 31 14 30 32 1 1 7 14 26 18 31 1 6 22 0 22 14 30 22 30 14 9 22 9 30 1 15 25 3
split_gain=634.009 447.581 170.597 89.6263 84.8471 58.0271 42.32 35.792 24.6661 23.0836 22.4104 22.0187 21.9798 28.9159 21.3536 21.2779 20.6768 19.8786 19.794 19.1913 18.1313 17.7178 17.065 18.8639 16.7123 16.3308 18.786 19.1888 17.3805 16.2597
threshold=1.5000000000000002 5.5000000000000009 5.0500000000000007 -0.10666666666666601 5.6750000000000007 5.5000000000000009 5.5000000000000009 4.5000000000000009 3.3166666666666669 5.5000000000000009 4.5000000000000009 1.5000000000000002 2.5000000000000004 0.038333333333332671 0 0.19055728088336787 1 5.4142857142857155 2.4208333333333338 2 -1.7116666666666664 3.5857142857142863 -1.0000000180025095e-35 3 -7.895833333333333 0.67833333333333312 4.5000000000000009 0.23707142857142863 13.483333333333338 0.11369021973287377
decision_type=2 2 10 2 2 2 2 2 8 2 10 2 2 2 1 10 1 10 2 1 2 8 2 1 2 2 2 10 2 8
left_child=4 3 6 5 15 7 8 10 16 12 -2 -6 -5 18 24 -1 -3 -4 19 -14 -10 -15 23 -9 -7 -21 27 28 -27 -28
right_child=1 2 17 9 11 14 -8 22 20 -11 -12 -13 13 21 -16 -17 -18 -19 -20 25 -22 -23 -24 -25 -26 26 29 -29 -30 -31
leaf_value=-0.010739303442735351 0.006361789989504517 0.010786071553803674 -0.020943705143017809 0.0034462520688945588 -0.025402670668166483 -0.019485633631922589 -0.015626234493519988 -0.010411810847685278 -0.014460106070315224 -0.00048125818055119745 0.00025461615032949781 -0.016754137961937393 0.0058810998322644057 0.0054994952655246362 -0.010801815597572461 -0.00081916917793043418 -0.0040616395170179447 -0.035478367427264422 -0.0069811468045765726 0.0077280742488869082 -0.0046419646742107967 -0.0020178499328249865 0.0020138170364724433 -0.0002322728663596405 0.0024093436249991995 0.012596244569720872 0.017431082539988086 0.074608739882596795 0.0040569367296792265 0.0068284818509480438
leaf_weight=2058.6615519449115 3012.0161908566952 269.25171882659197 254.86718814074993 3240.6297672092915 784.11233830451965 63.716444313526154 670.06116660684347 553.45562500506639 369.767557926476 829.20796577632427 1412.0661793276668 1179.5475769788027 3449.0772945731878 1619.8583713918924 810.73205157369375 415.82904987037182 317.77005849033594 367.85467794537544 136.94138292968273 3198.3281269073486 1616.9535738453269 726.69840826094151 979.13046763092279 614.89841490238905 447.72664938867092 795.17654368281364 1106.290896654129 7.0577004104852668 732.81577786803246 292.64077210426331
leaf_count=17175 20539 1962 2630 21359 7492 504 6042 4022 3418 5400 9975 10599 21849 10330 6426 3326 2328 4682 865 20614 12447 4717 7025 4437 3456 4954 6652 44 4694 1785
internal_value=4.34497e-05 0.00227765 -0.0103533 0.00431015 -0.0139991 0.000817505 -0.00667195 0.00235582 -0.00434075 0.00601888 0.00441252 -0.0202076 0.00637104 0.00715664 -0.00682831 -0.00907226 0.00286317 -0.0295296 0.00811889 0.0083347 -0.00646931 0.00317147 -0.00188125 -0.00514548 -0.000312264 0.00968933 0.0118603 0.00880479 0.00850084 0.0152131
internal_weight=32333.1 27895 3866.53 24028.5 4438.15 7893.74 3243.8 6571.57 2573.74 16134.7 4424.08 1963.66 15305.5 12064.9 1322.18 2474.49 587.022 622.722 9718.33 9581.39 1986.72 2346.56 2147.48 1168.35 511.443 6132.31 2933.98 1535.05 1527.99 1398.93
internal_count=231748 193156 33509 159647 38592 56384 26197 45998 20155 103263 30514 18091 97863 76504 10386 20501 4290 7312 61457 60592 15865 15047 15484 8459 3960 38743 18129 9692 9648 8437
cat_boundaries=0 1 2 3 4
cat_threshold=5769359 7740802 4874510 13638873
is_linear=0
shrinkage=0.04


Tree=23
num_leaves=31
num_cat=7
split_feature=30 31 29 14 6 31 23 31 11 0 16 23 9 22 22 17 6 16 22 30 22 30 31 30 15 22 22 9 33 17
split_gain=353.985 103.303 39.3255 29.0607 37.6042 24.8176 24.7445 21.8778 21.5819 19.7236 18.6062 20.7597 18.0505 18.3596 17.1945 16.4148 13.6026 13.315 14.5584 15.0776 12.9841 12.8051 12.2819 12.0246 13.5618 11.9277 11.6355 11.6052 11.2559 12.128
threshold=-1.8600000000000003 5.5000000000000009 1.6150000000000004 3.8944444444444448 -0.059999999999999158 4.5000000000000009 47.785000000000004 4.5000000000000009 25.500000000000004 0.16554135460761968 0.21111111111111114 12.295000000000002 -4.2366666666666655 0 1 0.083333333333333412 0.0099999999999993445 0.38750000000000007 2 -1.1349999999999993 3 -1.3900000000000001 4.5000000000000009 -1.2949999999999995 0.22316666666666671 4 5 -4.2366666666666655 6 0.090740740740740775
decision_type=2 2 2 10 2 2 2 2 2 10 10 2 2 1 1 10 2 10 1 2 1 2 2 2 8 1 1 2 1 8
left_child=2 3 8 4 17 6 12 -4 22 -6 11 26 13 -5 28 16 -9 18 -2 -20 -8 -14 -1 24 -12 -23 -3 -13 -7 -30
right_child=1 10 7 5 9 14 20 15 -10 -11 23 27 21 -15 -16 -17 -18 -19 19 -21 -22 25 -24 -25 -26 -27 -28 -29 29 -31
leaf_value=0.027559660710852061 -0.0086531070282572439 0.01395585353973346 0.055644969557780817 -0.00844810746215186 0.0017083310958033763 0.0039095771233489326 0.0081404063571708825 -0.013333804697744072 0.010406454315110208 0.0043466837128338758 -0.011548100828286645 -0.017268796449867091 0.044748166872978584 0.0019115162981948979 -0.0078089530847487197 0.037285778397021692 -0.025112241409460136 -0.0050054248031824811 0.069109697113705723 0.0044548217878132195 -0.016952633776957576 0.0058435699555167307 -0.035658873674326005 -0.0011792795202426214 0.023317451892112869 0.00050856128857256139 -0.0039195243909829671 -0.0089466197145113297 -0.004809439915596167 0.055327620798797786
leaf_weight=4.9821370765566817 152.63657423853874 67.183525651693344 6.584986299276351 482.37594828754663 12595.376123547554 465.71284107118845 37.957240469753742 366.9492521584034 17.655194662511349 7083.0373976826668 325.62442481517792 368.96616070717573 11.917688667774199 613.18584484606981 1129.4057945981622 8.5926716625690442 274.0382711365819 1491.5108273476362 5.8390060216188422 495.44474743306637 165.36285991966724 1342.398535490036 375.90446546673775 1226.6591837927699 18.885479673743248 1348.1196187287569 227.91491083800793 980.73194479197264 622.1561147198081 5.4123568311333647
leaf_count=54 1108 566 50 3326 86205 3500 266 3693 155 48416 2715 3012 79 4212 8518 72 2836 10858 45 3568 1164 9164 4960 9314 157 9200 1940 7811 4676 39
internal_value=-0.000125342 0.000643561 -0.0229173 0.00142214 0.00210973 -0.000988844 0.000893688 -0.0168978 -0.0328279 0.00265798 -0.00614675 -0.00912039 0.00162149 -0.00270949 -0.00437781 -0.0176332 -0.0183694 -0.0029189 0.00184019 0.00510607 -0.0127015 0.00337726 -0.034832 -0.00303376 -0.00963683 0.003194 0.000490171 -0.0112216 -0.00075496 -0.0042235
internal_weight=32318.5 31263.8 1054.71 28047.8 21823.8 6224 4001.32 656.165 398.542 19678.4 3215.97 1644.8 3798 1095.56 2222.69 649.58 640.988 2145.43 653.92 501.284 203.32 2702.44 380.887 1571.17 344.51 2690.52 295.098 1349.7 1093.28 627.568
internal_count=231679 219859 11820 194344 150200 44144 27411 6651 5169 134621 25515 13329 25981 7538 16733 6601 6529 15579 4721 3613 1430 18443 5014 12186 2872 18364 2506 10823 8215 4715
cat_boundaries=0 1 2 3 4 5 6 7
cat_threshold=13175837 12815451 13250592 3616 7869629 8589321 28
is_linear=0
shrinkage=0.04


Tree=24
num_leaves=31
num_cat=6
split_feature=1 30 31 29 1 30 30 7 1 31 30 22 30 22 32 1 6 22 6 1 25 23 22 29 26 30 22 3 22 5
split_gain=586.495 406.204 160.928 122.169 67.9653 48.9279 35.0593 41.3994 27.6669 33.0274 24.2993 23.0368 22.0929 27.1275 21.63 21.1972 21.2207 21.586 19.2119 18.5581 18.0004 17.8027 17.6084 19.439 16.8236 16.7498 16.6745 16.4953 16.3736 15.8546
threshold=1.5000000000000002 -1.7116666666666664 4.5000000000000009 5.7550000000000008 4.5000000000000009 -2.7274999999999991 0.3000000000000001 4.5000000000000009 3.5000000000000004 1.5000000000000002 -1.0483333333333333 0 0.74000000000000055 1 3.9250000000000003 5.5000000000000009 0.060000000000000948 2 0.015499999999999849 5.5000000000000009 10.143333333333334 30.450000000000003 3 6.5850000000000009 3.5000000000000004 2.6326666666666676 4 0.27303030303030307 5 7.245000000000001
decision_type=2 2 2 2 2 2 2 2 2 2 2 1 2 1 2 2 2 1 2 2 2 2 1 2 2 2 1 10 1 2
left_child=3 5 6 21 18 14 7 15 9 -8 27 -12 29 25 -2 16 17 -3 -4 -9 -19 26 -20 -24 -17 -14 -1 -6 -26 -10
right_child=1 2 4 -5 10 -7 8 19 12 -11 11 -13 13 -15 -16 24 -18 20 22 -21 -22 -23 23 -25 28 -27 -28 -29 -30 -31
leaf_value=-0.00014879033885617033 -0.033407468238416907 0.0087195173517324656 0.0032555891390477084 -0.020966958067685278 -0.013988370203264168 -0.014737297658671466 3.3833167948988084e-05 0.00057781110419144553 0.0051503350647182722 0.0068977316543611077 0.00077107932866863228 -0.0081056031881559607 0.016739905206550495 0.0081533070345635103 0.019858444279735578 0.0050882285547819003 0.045398510920337344 0.0048023891125620116 -0.0067473246762165861 -0.008140349692125487 -0.0045960518416163654 -0.011868747900901777 0.00028360284087378124 0.030683517356102454 0.0020801804862368043 -0.028888826702848848 -0.0086185624002463827 0.01836271941693908 -0.012681754479235693 0.060349555537216139
leaf_weight=681.19579526036978 402.26713711023331 2314.9162234961987 2722.1237229928374 1948.7618653327227 743.86660481244326 766.24854406714439 1823.522550791502 2120.7378745377064 2505.8400680422783 2914.0581934154034 795.22649078071117 1135.4660365730524 962.92026314139366 3028.3889192044735 12.579107731580732 445.78837861865759 21.94287446141243 1997.6329063922167 741.17264864593744 478.87832979112864 389.65557745099068 937.55250576138496 1000.2668028175831 34.826783463358879 229.47730858623981 13.046634837985037 826.02207840979099 26.102475121617317 243.41255404055119 8.3532561510801298
leaf_count=5378 5318 14994 19182 18533 6524 7713 12121 14329 15822 18686 6048 8754 5782 18323 101 3084 143 13054 5489 3493 2540 8036 7362 240 1634 80 6640 232 1757 53
internal_value=8.73004e-05 0.00222796 0.00324351 -0.0134961 -0.00186746 -0.0207277 0.00513053 0.00314843 0.00658195 0.00425578 -0.00688349 -0.00448741 0.00827258 0.0101178 -0.0317923 0.00507256 0.00615367 0.00597054 0.00114396 -0.00102817 0.00325473 -0.00754088 -0.0020921 0.00129394 -0.000486881 0.0159663 -0.00484877 -0.0128916 -0.00574248 0.00533373
internal_weight=32272.3 27878.7 26697.6 4393.53 7199.05 1181.09 19498.6 8242.44 11256.1 4737.58 2700.66 1930.69 6518.55 4004.36 414.846 5642.83 4724.15 4702.2 4498.39 2599.62 2387.29 2444.77 1776.27 1035.09 918.678 975.967 1507.22 769.969 472.89 2514.19
internal_count=231445 192858 179726 38587 53831 13132 125895 55028 70867 30807 21558 14802 40060 24185 5419 37206 30731 30588 32273 17822 15594 20054 13091 7602 6475 5862 12018 6756 3391 15875
cat_boundaries=0 1 2 3 4 5 6
cat_threshold=1581663 8690176 11941296 15995474 3716202 2021517
is_linear=0
shrinkage=0.04


Tree=25
num_leaves=31
num_cat=5
split_feature=1 31 29 29 31 1 1 9 14 1 22 17 14 6 22 14 7 22 3 18 22 7 31 15 9 22 17 6 11 6
split_gain=583.652 368.3 155.4 96.2128 65.1318 81.7131 32.6055 26.825 25.2785 24.5635 22.7203 23.2173 21.6336 21.5199 18.0938 17.7476 17.1191 16.6214 16.3702 16.9206 16.9852 17.2221 16.045 15.6716 16.133 15.4935 15.1452 14.495 14.4902 14.3798
threshold=1.5000000000000002 5.5000000000000009 2.4150000000000005 5.6850000000000014 3.5000000000000004 4.5000000000000009 5.5000000000000009 6.2891666666666675 3.5277777777777781 2.5000000000000004 0 0.28346560846560859 5.4142857142857155 0.040000000000000487 1 4.1055555555555561 5.5000000000000009 2 0.33409785932721719 3.5000000000000004 3 5.5000000000000009 1.5000000000000002 0.15050000000000005 -2.9966666666666675 4 -0.15912698412698409 -0.079166666666666594 34.500000000000007 0.10833333333333385
decision_type=2 2 2 2 2 2 2 2 8 2 1 10 10 2 1 10 2 1 10 10 1 2 2 8 2 1 8 2 2 2
left_child=3 4 12 14 9 13 8 15 25 28 -9 -12 -3 23 -1 17 -10 -7 19 20 -11 27 -5 -6 -25 -4 -15 -22 -2 -21
right_child=1 2 6 22 5 7 -8 10 16 18 11 -13 -14 26 -16 -17 -18 -19 -20 29 21 -23 -24 24 -26 -27 -28 -29 -30 -31
leaf_value=-0.0025736988760481994 -0.0018014142404319997 -0.020185370848134467 0.0080428373101913784 -0.02395419889301488 0.0018824937189211876 0.0041544308330888069 -0.014064274446695129 0.015013265120570548 -0.0047133513297427446 0.0094786773423371339 -0.0027083764847571422 0.075935119210687116 -0.035274672256952015 -0.0087704277905713054 -0.010352239245351318 -0.010889989321545182 -0.01507262818438224 -0.0050126572556778558 -0.0048995621200976129 0.0035074934972138955 -0.0027293845345225647 -0.00028660750935082462 -0.016759507889667333 0.0027681449083951956 0.0086316338283904011 -0.0029529606938764183 0.0019051675762249496 0.0074225543651074213 0.0042606929726491912 0.027340897721023848
leaf_weight=711.20180976390839 886.5930752903223 296.30629330873489 359.56854436546564 899.10169195383787 1473.2066422998905 379.20406283438206 621.57173673063517 194.4590777978301 1414.6161076724529 4074.6005012765527 385.43939257413149 6.1013559699058524 312.20207795500755 283.49874277412891 1615.9923873916268 661.46010419726372 311.42628605663776 1764.0848001986742 197.01469102501869 2549.1390357017517 238.77369044721127 624.55623003840446 1106.0481872037053 1091.5974589511752 2404.8203707709908 453.69193632900715 850.48060250282288 3909.3666773736477 2187.3734066560864 41.158096969127655
leaf_count=5773 5854 3352 2658 8872 9826 2742 5666 1422 11363 25394 2855 42 4412 2060 13329 5298 2611 12899 1285 16309 1531 3940 10455 7428 16160 3374 5886 24344 14337 268
internal_value=9.80061e-05 0.00221394 -0.00941648 -0.0135638 0.00402527 0.00144256 -0.00585295 -0.00353617 -0.00384298 0.0056924 0.00424743 -0.00144595 -0.0279271 0.0042084 -0.00803062 -0.00516241 -0.00658245 -0.00339476 0.00653262 0.00672954 0.00756201 0.00589349 -0.0199856 0.00534297 0.00680103 0.00197122 -0.000763768 0.00683819 0.00251226 0.00388619
internal_weight=32304.7 27972.3 3769.38 4332.34 24202.9 9494.35 3160.87 3390.75 2539.3 14708.6 586 391.541 608.508 6103.6 2327.19 2804.75 1726.04 2143.29 11634.6 11437.6 8847.3 4772.7 2005.15 4969.62 3496.42 813.26 1133.98 4148.14 3073.97 2590.3
internal_count=231745 193316 33436 38429 159880 66618 25672 25258 20006 93262 4319 2897 7764 41360 19102 20939 13974 15641 73071 71786 55209 29815 19327 33414 23588 6032 7946 25875 20191 16577
cat_boundaries=0 1 2 3 4 5
cat_threshold=1081751 13358 4259846 9788225 4076960
is_linear=0
shrinkage=0.04


Tree=26
num_leaves=31
num_cat=5
split_feature=1 31 29 29 30 1 1 10 14 1 22 24 22 6 3 24 30 1 1 6 22 0 22 8 0 26 29 22 0 0
split_gain=520.268 334.207 148.024 104.355 91.7333 61.9834 39.9583 29.4248 27.7567 27.4084 22.7337 24.8074 22.6997 21.5502 19.497 17.8435 16.3584 24.0382 17.8573 22.8678 16.8037 16.0139 22.2466 16.1985 16.0072 15.8884 15.8641 16.7298 18.0637 16.539
threshold=1.5000000000000002 5.5000000000000009 2.0150000000000001 5.5950000000000006 0.029999999999999586 5.5000000000000009 5.5000000000000009 5.5000000000000009 3.3166666666666669 2.5000000000000004 0 23.455000000000002 1 0.031833333333333165 0.34835085175788333 5.5950000000000006 0.7533333333333333 4.5000000000000009 5.5000000000000009 -0.021833333333333368 2 0.17107878403159829 3 60.305000000000007 0.14634003773330642 3.5000000000000004 4.9050000000000011 4 0.12713079116179618 0.17869362047947993
decision_type=2 2 2 2 2 2 2 2 8 2 1 2 1 2 10 2 2 2 2 2 1 8 1 2 10 2 2 1 8 10
left_child=3 4 15 10 5 7 8 -2 12 -6 -1 -12 -4 -10 16 -3 18 21 -11 -20 -21 22 23 -18 -5 -7 -27 28 -28 -29
right_child=1 2 6 24 9 25 -8 -9 13 14 11 -13 -14 -15 -16 -17 17 -19 19 20 -22 -23 -24 -25 -26 26 27 29 -30 -31
leaf_value=-0.001035784923419971 0.0029977309331599713 -0.032076264895502846 0.012064629814620014 -0.02388736490973753 0.0022730612043849806 -0.0013181641732861724 -0.015087451440435603 -0.0039840912265369319 -0.0037628727767287525 0.0064445407126173986 -0.0038996483497562018 -0.014428325286928022 -0.0035909637163386242 -0.013061533045058185 -0.0065100358526472158 0.0079733658538187219 0.0079735292207490909 0.011166085969224884 0.0099478472077928013 0.004463717583039953 -0.006234804974214192 0.012172311102049088 0.00027932930312675675 0.062102937835785785 -0.016690043929308573 -0.014017180471014081 0.064442879847075724 -0.014435101952762741 0.0034869768678701496 0.010564439729067761
leaf_weight=729.81510186940432 6880.9737772122025 442.10564313083887 264.23828035593033 781.45120191574097 3098.1527934372425 580.13551227748394 654.83146690577269 1123.518774934113 1498.0300238281488 4804.56776432693 637.22291247546673 817.30339495837688 317.44469214230776 543.44279576838017 181.09159189462662 18.545950345695019 1060.6299891471863 2527.0541490763426 349.08224795758724 382.18214845657349 579.99747879803181 502.86630779504776 1121.2677449285984 8.9200379699468595 1346.0517924204469 572.90532424300909 8.1938111409544927 234.60655409097672 153.45187086611986 51.666146568953991
leaf_count=5923 47339 6109 1913 7711 20277 4363 6118 7845 12110 30213 5192 6827 2340 4605 1180 171 6640 14980 2253 2468 3802 3088 7037 56 12994 4752 60 1768 1148 390
internal_value=-9.53319e-05 0.00189913 -0.00923205 -0.0130283 0.00361727 0.000580737 -0.00624837 0.00201776 -0.00404183 0.00561286 -0.006887 -0.00974873 0.0036665 -0.00623819 0.00651124 -0.0304639 0.00671925 0.00836381 0.00531537 0.00117802 -0.00200371 0.00573488 0.00425728 0.00834693 -0.0193337 -0.00660408 -0.00960807 -0.00396865 0.00619367 -0.00958828
internal_weight=32271.7 27959.9 3738.64 4311.84 24221.3 9605.45 3277.99 8004.49 2623.16 14615.8 2184.34 1454.53 581.683 2041.47 11517.7 460.652 11336.6 5220.74 6115.83 1311.26 962.18 2693.68 2190.82 1069.55 2127.5 1600.96 1020.82 447.918 161.646 286.273
internal_count=231672 193025 33366 38647 159659 67665 27086 55184 20968 91994 17942 12019 4253 16715 71717 6280 70537 31801 38736 8523 6270 16821 13733 6696 20705 12481 8118 3366 1208 2158
cat_boundaries=0 1 2 3 4 5
cat_threshold=1582123 7773568 4484373 12376581 4636702
is_linear=0
shrinkage=0.04


Tree=27
num_leaves=31
num_cat=5
split_feature=1 31 29 29 31 1 32 1 0 29 10 1 18 1 0 32 22 22 32 29 3 9 22 2 32 17 9 22 22 32
split_gain=502.956 284.305 144.915 93.4004 67.091 37.8954 24.0563 22.574 21.3781 18.3382 19.6701 17.8817 27.8624 27.0776 19.0551 17.8049 16.426 16.0636 22.4817 15.739 19.016 15.1469 15.1328 15.3342 16.9619 15.1301 15.0557 16.0803 14.8997 14.6535
threshold=1.5000000000000002 5.5000000000000009 2.5650000000000004 5.285000000000001 4.5000000000000009 5.5000000000000009 1.7850000000000004 3.5000000000000004 0.14634003773330642 4.5450000000000008 4.5000000000000009 2.5000000000000004 3.5000000000000004 5.5000000000000009 0.17257202133965624 5.6350000000000007 0 1 6.1850000000000014 3.1350000000000002 0.33265856950067479 -3.2074999999999991 2 27.595000000000002 7.5650000000000004 -0.099999999999999936 6.6816666666666675 3 4 5.9150000000000009
decision_type=2 2 2 2 2 2 2 2 10 2 2 2 10 2 8 2 1 1 2 2 10 2 1 2 2 8 2 1 1 2
left_child=3 4 6 -1 11 15 -3 22 -5 10 -9 14 19 21 -2 25 -16 18 -15 -13 -21 -14 23 29 -25 -6 27 -27 -8 -4
right_child=1 2 7 8 5 -7 28 9 -10 -11 -12 12 13 17 16 -17 -18 -19 -20 20 -22 -23 -24 24 -26 26 -28 -29 -30 -31
leaf_value=-0.0057425027411412456 0.00054719793632659647 -0.029500831003670257 0.017960107230308154 -0.022986397671310128 -0.0035041037777127442 -0.0090575683547676165 0.010953842601951432 -0.0068926627137579225 -0.015137594027567446 -0.0019660841527216933 -0.017676516179961233 0.041282215823988812 0.00042214470406054739 -0.0018163089122971434 0.01156763734119798 0.00650461602703775 0.0020124482000257286 -0.0067581120915584467 0.025186542152654239 0.0064120097316726458 -0.0056851189844719452 0.0059782378724570796 -0.0033878261020336372 0.0010901897779603306 0.070854413163679658 0.0063223624257456069 0.010367379332268199 -0.0027284788844967158 -0.017811533726573254 0.084884905978179742
leaf_weight=1769.4192797988653 3017.8799448758364 516.2996484413743 63.760538950562477 832.79681289941072 1451.5506894364953 748.40398732572794 36.536528468132019 868.64190351963043 1665.9788321256638 646.14134082198143 393.10820206254721 20.476031638681889 1182.983791410923 196.35393243283033 543.87036548554897 709.16937716305256 630.86796666681767 673.91811793297529 65.885258518159389 10868.050917297602 211.96508983522654 2333.9278987795115 805.3531086742878 278.30415634065866 5.6900909543037406 464.82637350261211 289.77831583470106 917.98057573288679 79.437369741499424 5.7028359472751609
leaf_count=14427 19874 7016 495 8296 10774 6175 375 7555 15904 5024 3496 146 7695 1382 3502 4867 4077 4665 429 68235 1391 15050 6223 2122 39 3251 2005 6476 869 40
internal_value=1.73141e-05 0.00196533 -0.00836648 -0.0127742 0.00353625 -0.00082457 -0.025803 -0.00477154 -0.0177535 -0.00744613 -0.0102525 0.00454809 0.00517304 0.00250006 0.00222965 0.000782818 0.00655183 -0.00354557 0.00478543 0.00624534 0.00618059 0.00410933 -0.000368025 0.00642662 0.00248798 -0.000516013 0.0020772 0.000339924 -0.00934058 0.0234545
internal_weight=32295.1 28026.9 3698.98 4268.19 24327.9 4581.71 632.274 3066.7 2498.78 1907.89 1261.75 19746.2 15553.6 4453.07 4192.62 3833.31 1174.74 936.157 262.239 11100.5 11080 3516.91 1158.81 353.458 283.994 3124.14 1672.59 1382.81 115.974 69.4634
internal_count=231875 193248 33254 38627 159994 33548 8260 24994 24200 16075 11051 126446 98993 29221 27453 27373 7579 6476 1811 69772 69626 22745 8919 2696 2161 22506 11732 9727 1244 535
cat_boundaries=0 1 2 3 4 5
cat_threshold=9873888 2203676 8800640 7585856 6578584
is_linear=0
shrinkage=0.04


Tree=28
num_leaves=31
num_cat=6
split_feature=30 31 30 32 18 7 0 22 7 22 0 17 22 31 22 24 22 9 30 30 3 5 22 32 24 5 0 29 17 2
split_gain=265.348 67.5724 29.3796 25.4695 23.6857 24.5451 21.6419 19.9294 19.2079 21.7715 15.3685 16.6608 18.9613 15.1176 14.8747 15.1274 14.6374 13.9036 13.735 13.4946 12.0491 13.194 11.7151 11.2835 16.2907 12.3279 14.2656 11.4845 11.3133 11.0536
threshold=-1.9508333333333332 5.5000000000000009 -2.7274999999999991 3.0150000000000001 5.5000000000000009 1.5000000000000002 0.16768682099705556 0 5.5000000000000009 1 0.18679128814348944 -0.15181878306878302 2 4.5000000000000009 3 42.895000000000003 4 5.140833333333334 -0.48500000000000004 -0.20166666666666686 0.30787458986511124 6.745000000000001 5 3.9550000000000005 23.455000000000002 6.8650000000000011 0.18300289017341045 5.6250000000000009 -0.22662698412698407 31.845000000000002
decision_type=2 2 2 2 10 2 8 1 2 1 10 8 1 2 1 2 1 2 2 2 10 2 1 2 2 2 8 2 10 2
left_child=2 4 3 -1 5 6 14 -8 10 19 -7 12 -12 -4 -2 -16 18 -15 -3 -10 -18 -22 29 28 27 -26 -27 -25 -9 -13
right_child=1 16 13 -5 -6 8 7 23 9 -11 11 22 -14 17 15 -17 20 -19 -20 -21 21 -23 -24 24 25 26 -28 -29 -30 -31
leaf_value=-0.032369737940082174 -0.0066691629934280388 -0.0026219228444042254 0.039767974990270218 0.015394589470687801 -0.0034585508264588626 0.0021100623559443268 -0.0026183866768089352 0.033731746627472435 -0.0030882553770080175 -0.0036504902341193482 0.008319858139332002 0.01712857745132312 -0.0095990057336197421 -0.019723151107659723 0.0018407123615814724 -0.0048526264751532905 -0.0075555908848411119 -0.0032511452880340619 0.014587754899852262 0.0051514074894187132 0.055229686412891631 0.0012105290838550361 0.0046697651477936473 0.0158758406912737 0.0030432260993102081 0.026548098558378225 -0.0020724584917749356 0.049438369011695078 -0.0036432082502036163 0.0068757023243582608
leaf_weight=366.4230223596096 1129.9492143467069 1151.8581632077694 7.8462366834282866 18.777496092021465 1686.6018895506859 15561.844544783235 742.65715322643518 13.710933476686476 446.61887414008379 1844.4623049274087 153.94179927557707 307.92431503534317 214.54756307601929 383.29703316092491 1259.5914833173156 946.01368342339993 1952.3094172254205 104.29850699007511 79.308602072298527 1104.5334299132228 9.801042973995207 27.625087589025497 1219.2761247754097 131.2769879847765 575.04963264614344 82.772842690348625 42.005417063832283 18.627203397452831 236.05229362845421 370.87972139567137
leaf_count=5328 8188 9397 65 162 12200 106057 5246 101 3335 12649 1124 2099 1568 4293 8894 6911 15858 1146 583 7327 81 234 8336 911 4052 581 294 126 1643 2530
internal_value=-0.000101211 0.000507865 -0.0217555 -0.0300414 0.00113713 0.00143071 -0.00103857 0.00244128 0.00203311 -0.000724189 0.00255826 0.00563554 -0.00214785 -0.0153134 -0.00296041 -0.0010255 -0.00497974 -0.0161997 -0.00150113 0.00276118 -0.00708899 0.0153569 0.00714659 0.00582963 0.00807954 0.00551623 0.0169133 0.0200463 -0.00159148 0.0113593
internal_weight=32189.9 31309.2 880.642 385.201 28088.3 26401.7 5177.71 1842.15 21224 3395.61 17828.4 2266.57 368.489 495.442 3335.55 2205.61 3220.9 487.596 1231.17 1551.15 1989.74 37.4261 1898.08 1099.5 849.732 699.828 124.778 149.904 249.763 678.804
internal_count=231319 220325 10994 5490 194172 181972 36947 12954 145025 23311 121714 15657 2692 5504 23993 15805 26153 5439 9980 10662 16173 315 12965 7708 5964 4927 875 1037 1744 4629
cat_boundaries=0 1 2 3 4 5 6
cat_threshold=4351546 7392069 1925324 745762 8610244 5316106
is_linear=0
shrinkage=0.04


Tree=29
num_leaves=31
num_cat=8
split_feature=1 30 30 24 1 30 9 31 6 22 3 22 1 32 11 17 22 22 22 1 30 1 17 0 22 0 22 30 22 6
split_gain=494.183 315.988 115.094 83.1411 59.7871 58.7354 22.9562 22.5776 19.6055 20.095 18.6848 26.1229 18.3582 18.2854 18.4185 17.8674 17.3714 17.2593 16.2274 15.9879 18.9649 28.2179 16.5288 16.3699 17.4322 15.8891 15.7943 16.0696 15.7115 15.2601
threshold=1.5000000000000002 -1.5999999999999992 -0.23166666666666599 34.500000000000007 4.5000000000000009 -2.7274999999999991 -5.410000000000001 1.5000000000000002 0.063333333333333922 0 0.1540155879362928 1 5.5000000000000009 5.1450000000000005 28.500000000000004 0.074074074074074112 2 3 4 2.5000000000000004 0.49000000000000049 4.5000000000000009 -0.016666666666666653 0.15221103238866399 5 0.17083582834331343 6 2.4208333333333338 7 0.0081666666666668792
decision_type=2 2 2 2 2 2 2 2 2 1 10 1 2 2 2 10 1 1 1 2 2 2 10 8 1 8 1 2 1 2
left_child=3 5 4 16 8 -2 -6 -5 -3 -10 19 -12 18 14 15 -8 -1 -16 29 23 21 -21 -23 24 -4 26 -22 -28 -15 -7
right_child=1 2 10 7 6 12 13 -9 9 -11 11 -13 -14 28 17 -17 -18 -19 -20 20 25 22 -24 -25 -26 -27 27 -29 -30 -31
leaf_value=-0.010935858881208904 -0.030824480320014606 0.0025072979286737884 0.0052621780569021091 -0.023878564854694785 -0.011532906518371591 0.0081107354410302011 -0.0017562221359713746 -0.015182000573253094 0.0058857762238514509 -0.011993757687756731 0.0059619750761986173 -0.004662467290757066 -0.020964842317719907 -0.0072955797012933515 -0.0018234007671091251 0.021874115264381152 -0.0036051936906602322 -0.011571012300000714 -0.013300733807374785 0.0067809785888106912 0.0025932671561309118 -0.0019663115300835375 0.0041564595039742082 0.0049460437461460952 -0.0042910610101562097 0.011238342071810072 0.0080570385179354765 -0.0083843072469122707 0.0050939637874379377 -0.011215605635713052
leaf_weight=981.63266576081514 365.75208130478859 5088.9768725335598 477.71435411274433 740.66702764481306 685.41595244407654 147.8706927895546 423.03229258954525 1345.0210954174399 144.7952014952898 297.22887153923512 713.69130118191242 748.4345119073987 256.78223755210638 216.69446587562561 473.97343760728836 58.245718464255333 1154.1775199398398 808.52489218115807 400.07618299871683 3362.7725580632687 1358.4003920704126 1295.3504590019584 1549.0685013979673 2191.0018067359924 809.34387014806271 1353.6786560565233 3949.6991223692894 97.462285697460175 584.86255729943514 117.16672969609499
leaf_count=8469 5397 35727 3161 7656 5549 1393 3440 12638 1064 2196 4559 4795 2988 1675 3759 445 9805 6480 3870 21272 8310 8752 10210 14144 5362 8126 23965 604 4426 1158
internal_value=0.000167354 0.00209236 0.00302613 -0.0125898 -0.000724817 -0.0172614 -0.00502992 -0.0182703 0.00180543 -0.00627509 0.00486567 0.000532412 -0.0118804 -0.00329242 -0.00556902 0.00110359 -0.0070425 -0.00807302 -0.00837311 0.00525096 0.00589691 0.00430057 0.00136815 0.00284278 -0.000737663 0.00736288 0.00639237 0.00764222 0.00171708 -0.000417237
internal_weight=32197.5 27976 26688.4 4221.5 8781.75 1287.65 3250.75 2085.69 5531 442.024 17906.6 1462.13 921.896 2565.33 1763.78 481.278 2135.81 1282.5 665.114 16444.5 12966.4 6207.19 2844.42 3478.06 1287.06 6759.24 5405.56 4047.16 801.557 265.037
internal_count=231395 192827 178021 38568 64761 14806 25774 20294 38987 3260 113260 9354 9409 20225 14124 3885 18274 10239 6421 103906 81239 40234 18962 22667 8523 41005 32879 24569 6101 2551
cat_boundaries=0 1 2 3 4 5 6 7 8
cat_threshold=103685 6752965 10963589 1630485 2275082 5768440 9231 10650672
is_linear=0
shrinkage=0.04


Tree=30
num_leaves=31
num_cat=5
split_feature=1 30 31 29 1 14 1 30 30 1 1 31 0 22 6 22 32 23 6 30 15 22 22 6 0 22 16 6 23 15
split_gain=418.654 258.127 120.357 93.3651 63.8129 38.9679 22.8597 23.6205 20.5773 30.3223 27.2895 25.0035 21.103 20.5415 19.469 18.7946 17.8741 17.2014 17.0871 16.9547 16.8523 15.7917 15.7736 15.4903 14.908 15.048 14.8918 14.7531 14.6124 14.5414
threshold=1.5000000000000002 -1.9508333333333332 4.5000000000000009 5.6750000000000007 3.5000000000000004 5.4365079365079376 5.5000000000000009 -0.56999999999999995 0.54666666666666719 5.5000000000000009 4.5000000000000009 1.5000000000000002 0.13935578192793815 0 0.031666666666666739 1 4.3650000000000011 24.755000000000006 -0.049999999999999371 1.4708333333333334 0.15707142857142861 2 3 -0.086333333333333581 0.17083582834331343 4 0.73214285714285732 -0.0039999999999991145 27.090000000000003 0.1647222222222223
decision_type=2 2 2 2 2 10 2 2 2 2 2 2 8 1 2 1 2 2 2 2 10 1 1 2 10 1 8 2 2 8
left_child=3 5 8 17 16 -2 15 18 9 28 11 -10 22 -11 -15 -6 -4 -1 -8 24 -5 -9 -13 -14 25 -12 -23 -17 -3 -27
right_child=1 2 4 20 6 -7 7 21 10 13 19 12 23 14 -16 27 -18 -19 -20 -21 -22 26 -24 -25 -26 29 -28 -29 -30 -31
leaf_value=-0.0019703930081377587 -0.013693044456128716 0.0065977224397574651 -0.00073276564011854337 -0.021031972023543909 -0.0063311891297152794 -0.031862879282261995 0.0037902035682392393 -0.01064501732327681 0.0010453196571806155 -0.0081781223920512573 0.0084545189075901101 0.0079113903706848326 -0.0092456011330364664 0.0041539671042563299 -0.0065673845372940165 0.0048478409023813207 0.0054102353700956887 -0.0090808639247933597 -0.015014183970728092 0.013124288080227989 -0.01328970673569028 0.0038860654019771197 -0.0080989967703157788 0.0084912287938407032 0.012729658006323356 0.0041443447533164616 0.071187249391580013 -0.0030571969662460136 0.0029718300876490971 -0.0076528210316330501
leaf_weight=916.25483033806086 511.72694225609303 2409.154491096735 1401.7193777114153 1218.7070927098393 1480.8834669291973 299.31652718782425 85.762061215937138 161.02153413742781 2644.0456264615059 539.18279045820236 984.03914919495583 150.17488193511963 81.557361781597137 932.61395112425089 381.9966299161315 604.81268734484911 1649.8600320219994 1341.1723070368171 785.06412101536989 899.96810503304005 712.99099852144718 229.46512914448977 247.65827643871307 2315.3578851372004 514.6992252022028 694.74749180674553 5.383850283920764 1006.1303570121527 6791.4603810757399 220.14845898747444
leaf_count=7499 5901 15693 10314 12512 11234 4731 755 1265 16911 3822 5838 948 529 6379 2718 4439 11625 11458 7150 5289 7188 1755 1575 14333 3026 4124 40 7706 43556 1311
internal_value=7.56485e-05 0.00183848 0.00250113 -0.0117188 -0.00184769 -0.0203986 -0.00495364 -0.00947945 0.0041281 0.0029809 0.00557705 0.00383366 0.00647164 -0.00168625 0.00103074 -0.00309945 0.0025885 -0.00619483 -0.0131623 0.00843856 -0.0181743 -0.0013781 -0.00206008 0.00788772 0.0066914 0.00505475 0.0052072 -8.87773e-05 0.00392126 0.00129151
internal_weight=32217.1 28028 27216.9 4189.13 7410.1 811.043 4358.52 1266.7 19806.8 11054.4 8752.4 5438.79 2794.75 1853.79 1314.61 3091.83 3051.58 2257.43 870.826 3313.6 1931.7 395.871 397.833 2396.92 2413.63 1898.94 234.849 1610.94 9200.61 914.896
internal_count=231624 192967 182335 38657 56283 10632 34344 10965 126052 72168 53884 34296 17385 12919 9097 23379 21939 18957 7905 19588 19700 3060 2523 14862 14299 11273 1795 12145 59249 5435
cat_boundaries=0 1 2 3 4 5
cat_threshold=10617456 10242222 16008416 5446721 13765618
is_linear=0
shrinkage=0.04


Tree=31
num_leaves=31
num_cat=3
split_feature=30 14 30 10 7 6 12 17 6 31 3 31 10 31 7 5 17 8 6 19 8 33 9 13 2 2 14 11 12 8
split_gain=210.089 70.3236 35.6164 27.6638 24.3266 19.4942 17.614 15.5886 15.3436 15.3358 15.2068 14.6413 12.8858 12.0961 12.0097 11.9679 13.2367 15.3597 15.3125 11.4276 11.2673 13.0842 11.6028 11.0654 11.2164 11.9572 10.8073 17.2133 10.5511 21.4585
threshold=-1.4649999999999994 5.4365079365079376 -0.81916666666666671 5.5000000000000009 4.5000000000000009 -0.059999999999999158 0 -0.16643518518518513 0.017083333333333343 4.5000000000000009 0.25066844919786102 4.5000000000000009 3.5000000000000004 4.5000000000000009 2.5000000000000004 6.9850000000000012 -0.2334821428571428 44.470000000000006 0.046666666666666419 0.45000000000000007 17.670000000000005 1 33.569166666666675 10.500000000000002 21.900000000000002 32.805000000000007 4.6833333333333345 28.500000000000004 2 43.125000000000007
decision_type=2 10 2 2 2 2 1 8 2 2 10 2 2 2 2 2 8 2 2 10 2 1 2 2 2 2 8 2 1 2
left_child=1 4 3 10 12 6 -4 8 -7 -3 11 14 13 -1 23 16 -12 18 -18 -14 -13 22 28 24 -2 -26 -15 -28 -22 -30
right_child=2 9 5 -5 -6 7 -8 -9 -10 -11 15 20 19 26 -16 -17 17 -19 -20 -21 21 -23 -24 -25 25 -27 27 -29 29 -31
leaf_value=0.033841167541668778 -0.031596016519175291 0.036079081078219277 -0.0068109639704406469 -0.012580118825993965 -0.017936980506158731 0.001074426819464477 0.00022261772059871109 0.0017296110117883416 -0.0052080488571765509 -0.031851242198709231 -0.014691661370822813 0.0069540492355948183 -0.013352097054778 0.0014506814355321066 0.00093362649691964747 -0.034962684966598191 0.013489592934469231 0.093329590920193883 0.076785868519207559 0.015519810678237617 -0.00027610681858145243 -0.0074041972871048568 0.050023279823812813 0.069402086291881229 0.046024762194102564 0.006948553397199575 -0.015479058860399521 0.017249828114889083 -0.016951649658451168 0.025408190779259054
leaf_weight=14.489527717232702 6.8625005036592475 5.4077359214425078 887.22087038308382 450.23543438315392 420.77197846025229 1476.9935589581728 1567.1352816447616 22263.816185928881 1074.4767890125513 318.3328708037734 13.615648135542868 163.91860217601061 382.29444153606892 309.77251046895981 121.12818837910891 6.7910398989915839 43.331002004444599 5.4122698307037345 7.1200254410505286 23.269314549863338 1215.4985371157527 979.05079849809408 6.9957192689180365 7.0785140842199317 21.094271555542946 30.85733949393034 168.78479997068644 30.331561267375946 145.28494368493557 22.036483250558376
leaf_count=100 46 57 6777 3715 4325 10461 11178 151141 7739 5027 109 1316 3768 2769 863 56 333 43 58 200 9734 7840 55 47 145 212 1909 270 1167 174
internal_value=-0.00017436 -0.0139738 0.000582384 -0.00337826 -0.00995794 0.00105388 -0.00234678 0.00139022 -0.00157125 -0.0307165 -0.00189654 -0.00239053 -0.00634376 -0.00219667 0.00840974 0.015719 0.0206728 0.0292922 0.0224224 -0.0116956 -0.00318802 -0.00388982 -0.00135113 0.0221528 0.0164662 0.0228149 -0.00322278 -0.0104934 -0.0016208 -0.0107314
internal_weight=32189.4 1673.45 30516 3246.31 1349.71 27269.6 2454.36 24815.3 2551.47 323.741 2796.08 2719.81 928.942 523.378 187.021 76.27 69.4789 55.8633 50.451 405.564 2532.79 2368.87 1389.82 65.8926 58.8141 51.9516 508.889 199.116 1382.82 167.321
internal_count=231634 18425 213209 25913 13341 187296 17955 169341 18200 5084 22198 21599 9016 5048 1313 599 543 434 391 3968 20286 18970 11130 450 403 357 4948 2179 11075 1341
cat_boundaries=0 1 2 3
cat_threshold=1 220 4
is_linear=0
shrinkage=0.04


Tree=32
num_leaves=31
num_cat=7
split_feature=1 30 29 30 30 1 1 26 32 22 1 6 30 9 22 7 6 23 31 22 14 22 7 22 6 22 22 15 20 11
split_gain=374.518 225.783 88.4282 81.7877 56.8129 62.6781 26.9395 26.8256 25.3624 23.836 21.0695 26.0259 21.8798 19.0689 23.738 18.3018 17.7031 17.3072 18.9044 16.3811 18.0958 15.9159 18.0983 15.7536 15.6186 15.7771 14.9181 14.9107 16.0696 14.7824
threshold=1.5000000000000002 -1.2099999999999995 5.955000000000001 -2.5758333333333323 0.26083333333333331 4.5000000000000009 5.5000000000000009 3.5000000000000004 4.2550000000000008 0 4.5000000000000009 -0.05000000000000026 0.76666666666666716 -2.9966666666666675 1 4.5000000000000009 0.041666666666667414 28.98 1.5000000000000002 2 3.7888888888888892 3 4.5000000000000009 4 0.028333333333332881 5 6 0.19816666666666671 1.0000000180025095e-35 27.500000000000004
decision_type=2 2 2 2 2 2 2 2 2 1 2 2 2 2 1 2 2 2 2 1 8 1 2 1 2 1 1 10 10 2
left_child=2 3 9 8 5 16 15 21 -2 -1 11 -6 24 -9 -15 -5 19 18 -13 -3 27 -7 -23 -20 25 -12 -14 28 -21 -24
right_child=1 4 -4 6 10 7 -8 13 -10 -11 12 17 26 14 -16 -17 -18 -19 23 20 -22 22 29 -25 -26 -27 -28 -29 -30 -31
leaf_value=-0.0031406129407179329 -0.028337657821608377 0.00079881592688013279 -0.019137377112957678 -0.0014564777763342754 -0.0029417150949165556 0.0077459308846024415 -0.016153442767313019 -0.0097204657656011478 0.035548635982787652 -0.010836356051373564 0.010418498175388955 -0.014198841553336805 0.013593327365793051 0.0013314537018133388 -0.0073038285476996704 -0.01080944202962569 -0.0011517886020759333 0.0034642238473181581 0.02063959671717433 0.014995854915716348 0.0019065087570329273 0.0021989272990411905 0.014545429778836281 0.006313046588324973 -0.0022261306702022468 0.0016338859595941275 0.0068710358509029637 0.01593926153387409 0.0049340241869430517 -0.0087923171745001999
leaf_weight=1320.062914699316 399.36768427863717 2307.2455927431583 1521.5402661338449 1002.7249487265944 959.06176149845123 406.93406834453344 409.19809198379517 1000.5179158747196 10.196339920163153 1301.8353322967887 610.84841904044151 45.347084015607834 815.27694465219975 1023.813562579453 1003.1546084731817 502.49680842459202 1518.6237531006336 5960.9989878833294 224.87447127699852 283.43901098519564 1950.3856800124049 984.68319584429264 47.452624507248402 324.02869366109371 556.13953697681427 720.31375738978386 1774.4606361538172 263.82987758517265 2442.0951757207513 511.7194047421217
leaf_count=11280 6235 15365 15883 8546 6273 2852 4465 7641 83 11383 3788 278 4731 7589 7567 4613 10513 37295 1355 1853 13187 6882 351 1954 3523 4457 10361 1720 15876 3767
internal_value=-0.00024101 0.00141664 -0.0114666 -0.0105237 0.00249489 0.000739401 -0.00705285 -0.00284499 -0.0267472 -0.00701504 0.00450695 0.00321274 0.00667916 -0.00520198 -0.00297165 -0.00457883 0.00277509 0.00411316 0.0106228 0.00359797 0.00489387 0.000812906 -0.00105784 0.0126734 0.00340355 0.00575554 0.00906631 0.00685933 0.00598039 -0.00681182
internal_weight=32202.7 28059.2 4143.44 2323.98 25735.2 13743.9 1914.42 4978.28 409.564 2621.9 11991.4 7514.31 4477.04 3027.49 2026.97 1505.22 8765.62 6555.25 594.25 7247 4939.75 1950.79 1543.86 548.903 1887.3 1331.16 2589.74 2989.36 2725.53 559.172
internal_count=231666 193120 38546 23942 169178 95163 17624 36649 6318 22663 74015 47155 26860 22797 15156 13159 58514 40882 3587 48001 32636 13852 11000 3309 11768 8245 15092 19449 17729 4118
cat_boundaries=0 1 2 3 4 5 6 7
cat_threshold=5813358 6144285 1573919 1057540 13244017 9667783 9439890
is_linear=0
shrinkage=0.04


Tree=33
num_leaves=31
num_cat=5
split_feature=1 30 23 14 30 1 1 31 6 6 30 1 26 31 15 1 0 22 6 30 22 6 21 22 8 22 13 14 22 23
split_gain=371.779 222.845 82.0978 75.9002 66.9283 28.3145 27.6265 26.0161 20.4262 21.4368 20.1516 25.7556 17.4015 20.743 26.7747 16.4272 19.1157 15.4255 15.088 14.8971 15.5095 14.1473 14.1175 14.0977 13.9517 13.8856 13.3184 17.9769 15.5488 15.2719
threshold=1.5000000000000002 -1.2099999999999995 30.450000000000003 5.4365079365079376 -0.35333333333333322 5.5000000000000009 4.5000000000000009 1.5000000000000002 0.023333333333332987 -0.081666666666665652 0.36166666666666686 5.5000000000000009 3.5000000000000004 3.5000000000000004 0.2010555555555556 2.5000000000000004 0.18044823957137393 0 0.043333333333333453 2.2908333333333339 1 0.051666666666667201 1.0000000180025095e-35 2 52.655000000000008 3 1.5000000000000002 3.8944444444444448 4 23.110000000000003
decision_type=2 2 2 10 2 2 2 2 2 2 2 2 2 2 8 2 10 1 2 2 1 2 8 1 2 1 2 10 1 2
left_child=2 3 17 5 6 21 26 -4 9 -6 11 -10 13 14 -8 16 22 -1 25 -17 -21 -2 -11 24 -15 -9 -3 28 -28 -29
right_child=1 4 7 -5 8 -7 12 18 10 15 -12 -13 -14 23 -16 19 -18 -19 -20 20 -22 -23 -24 -25 -26 -27 27 29 -30 -31
leaf_value=0.0055891695410807693 -0.0033651779380496037 0.0093176302721452841 -0.020942584092429592 -0.028678693528317617 -0.0020266721550646779 -0.016370503841485643 0.013646550067529184 -0.0093671813769937631 0.001211411658949921 0.0055351501492248737 0.0041653383689346547 -0.0089044467565387291 -0.0065262648884380162 0.0072289114254201507 0.1059295073534469 0.0060657120959469301 0.0099667810766051398 -0.0054093020126477487 0.00050097601225451607 0.0099285938612855233 -0.013754525245092837 -0.014571315311936645 -0.00098612492689800031 -0.0041827959481108741 0.070689098307166257 -0.017331951171277168 0.0062227338853269943 0.00059574214759007191 -0.00057146690715233314 -0.007459914019053793
leaf_weight=237.47885750979185 1344.7146849930286 296.05699651688337 902.75994902849197 310.05480825901031 713.76989809423685 439.19907405599952 22.554910331964496 782.49311172217131 2273.9543122723699 774.21738860011101 2971.489428833127 489.36841503530741 1655.1044749170542 176.21657967567444 6.4743469730019561 9881.2049887478352 457.14138841629028 1225.1439547538757 130.56762520968914 61.298900261521339 114.08422608673573 208.15515900030732 1691.7792746424675 444.96349364519119 5.7230273112654677 831.45752586424351 1079.3286616951227 895.82256915420294 1070.5695282742381 649.5770448371768
leaf_count=1897 11914 2080 9651 5055 4648 4971 158 7561 14988 4989 18185 3554 13306 1342 45 61336 2867 10151 1246 376 703 1957 11032 3464 41 8056 7339 6452 7391 4594
internal_value=7.07116e-06 0.00165426 -0.0112281 -0.0102689 0.00272102 -0.00740346 -0.000860801 -0.0154303 0.00388294 0.00472228 0.00187877 -0.000580048 -0.00434119 0.00117239 0.0342283 0.00509341 0.00245398 -0.0036223 -0.0125778 0.00586061 -0.00569508 -0.00486731 0.00106128 -0.000358285 0.00874447 -0.0136358 0.00115438 0.000500361 0.00286576 -0.00279029
internal_weight=32142.7 28032.8 4109.9 2302.12 25730.7 1992.07 6302.39 2647.28 19428.3 13693.5 5734.81 2763.32 2311.04 655.932 29.0293 12979.7 2923.14 1462.62 1744.52 10056.6 175.383 1552.87 2466 626.903 181.94 1613.95 3991.35 3695.3 2149.9 1545.4
internal_count=231349 192787 38562 23897 168890 18842 46212 26514 122678 85951 36727 18542 18356 5050 203 81303 18888 12048 16863 62415 1079 13871 16021 4847 1383 15617 27856 25776 14730 11046
cat_boundaries=0 1 2 3 4 5
cat_threshold=1057800 1133660 533270 6038351 513890
is_linear=0
shrinkage=0.04


Tree=34
num_leaves=31
num_cat=8
split_feature=1 30 30 29 14 1 18 8 22 22 1 22 1 23 14 3 22 17 22 22 2 17 21 34 22 22 7 14 17 3
split_gain=343.26 214.926 67.7627 64.8422 46.4096 39.5752 17.8176 16.604 18.3917 16.3462 15.731 15.3671 14.2897 20.9208 18.875 20.9054 18.0471 14.9445 14.1435 13.8335 14.9103 13.7527 13.7405 13.5859 16.1138 13.5262 13.3488 13.0315 12.7582 12.655
threshold=1.5000000000000002 -1.5999999999999992 -0.35333333333333322 5.5150000000000006 5.4365079365079376 5.5000000000000009 1.5000000000000002 44.865000000000002 0 1 5.5000000000000009 2 2.5000000000000004 22.325000000000003 3.8819444444444451 0.16008658008658011 3 0.31679894179894191 4 5 41.465000000000011 0.17592592592592599 0.22500000000000003 5.5000000000000009 6 7 5.5000000000000009 2.4142857142857146 -0.24986772486772479 0.093813775510204103
decision_type=2 2 2 2 10 2 10 2 1 1 2 1 2 2 10 10 1 10 1 1 2 10 10 2 1 1 2 8 8 10
left_child=3 4 5 9 10 7 -5 11 29 -1 22 -3 13 19 15 -14 -17 -15 -19 20 -4 25 -2 -8 -25 27 -13 -7 -11 -9
right_child=1 2 12 6 -6 21 23 8 -10 28 -12 26 14 17 -16 16 -18 18 -20 -21 -22 -23 -24 24 -26 -27 -28 -29 -30 -31
leaf_value=0.001218463953687959 -0.0089601607083388719 0.0016950717327698121 -0.0061696375305978872 -0.020681624686827833 -0.02915262627215209 0.06507942042530282 -0.014286896113877437 0.005324267433661641 0.01290651481599683 0.0042061145018017073 -0.019207449936367606 -0.0012727060669587998 0.0050778356116301217 0.0011903338203536739 0.00080643861213065761 0.0045112420378989881 -0.0064217350295134278 0.0013762756821654922 -0.020159583316992104 0.019108632641391045 0.041771752838497107 0.014921569036513682 0.014658882847216564 0.014663306908906548 -0.013463237542215775 -0.011088682098184293 -0.0087107404124897574 -0.002486791514120245 -0.0087893375953857662 -0.013504907999280358
leaf_weight=421.36698313802481 624.91624204814434 2780.5020227581263 86.263338953256607 782.66980098187923 285.39215322956443 4.6284363940358153 1173.5860003754497 153.05266981571913 319.02101320773363 131.77423030883074 251.65630396455526 2315.916120916605 11930.140560649335 3674.6887682676315 2470.1655788198113 463.39408431202173 484.13350888341665 96.757076993584633 94.893736213445663 158.94268856942654 11.799459889531134 41.91706470400095 42.061926640570164 53.955531157553196 56.46629948168993 840.75927419215441 463.27699592709541 345.55522328615189 1461.0036945864558 91.107357703149319
leaf_count=3447 6340 20188 549 8355 4888 36 12146 1092 2276 1141 3128 16784 74090 23781 15895 2924 3073 651 642 1002 75 332 371 559 585 7312 3589 2938 12402 654
internal_value=-0.000107992 0.00146996 0.00221199 -0.0109469 -0.0150631 -0.00105881 -0.0159245 0.000257746 0.00680245 -0.0058394 -0.0106859 -0.000405214 0.00344761 0.00135699 0.00400928 0.00462364 -0.00109506 0.000622403 -0.010267 0.012408 -0.00036395 -0.00759733 -0.00747066 -0.0130248 0.000388945 -0.00838991 -0.00250358 -0.00154951 -0.00766606 -0.00163481
internal_weight=32111.8 28030.9 26826.9 4080.82 1204.03 7355.74 2066.68 6122.88 563.181 2014.14 918.634 5559.7 19471.2 4123.35 15347.8 12877.7 947.528 3866.34 191.651 257.005 98.0628 1232.86 666.978 1284.01 110.422 1190.94 2779.19 350.184 1592.78 244.16
internal_count=231245 192610 177883 38635 14727 55201 21645 44583 4022 16990 9839 40561 122682 26700 95982 80087 5997 25074 1293 1626 624 10618 6711 13290 1144 10286 20373 2974 13543 1746
cat_boundaries=0 1 2 3 4 5 6 7 8
cat_threshold=6418604 1057802 6513126 7799493 1663887 740883 1451182 1581116
is_linear=0
shrinkage=0.04


Tree=35
num_leaves=31
num_cat=6
split_feature=1 30 23 31 30 1 7 7 1 23 8 17 22 22 1 11 31 7 22 0 20 11 30 27 14 22 22 1 25 22
split_gain=330.238 200.781 70.2854 59.4529 55.2127 34.0606 26.026 23.5209 20.0262 27.4165 19.9392 19.4226 19.415 19.3907 18.7887 18.6379 18.4828 18.0219 16.9362 16.1187 15.7195 15.5515 15.0731 14.7355 14.6816 16.0052 14.4232 14.3177 14.2628 14.0903
threshold=1.5000000000000002 -1.4266666666666667 40.555000000000007 4.5000000000000009 -2.7274999999999991 3.5000000000000004 5.5000000000000009 5.5000000000000009 2.5000000000000004 25.100000000000005 31.040000000000003 -0.15737433862433856 0 1 4.5000000000000009 27.500000000000004 4.5000000000000009 1.5000000000000002 2 0.14448364735158198 0.43650793650793657 22.500000000000004 2.6326666666666676 12.500000000000002 3.5277777777777781 3 4 5.5000000000000009 -18.244499999999995 5
decision_type=2 2 2 2 2 2 2 2 2 2 2 8 1 1 2 2 2 2 1 10 10 2 2 2 8 1 1 2 2 1
left_child=2 4 17 6 15 24 8 16 9 18 12 14 -7 -8 26 -2 21 -1 -3 -4 -14 -6 -13 -21 25 -5 28 -18 -10 -26
right_child=1 3 19 5 7 10 13 -9 11 -11 -12 22 20 -15 -16 -17 27 -19 -20 23 -22 -23 -24 -25 29 -27 -28 -29 -30 -31
leaf_value=-0.012253406494679143 -0.029274329234600042 0.017248144189870959 -0.022974023078562285 -0.00062196846503646114 0.067411101477713523 -0.0019603060229488913 -0.0052297168621108416 -0.021646083371415051 -0.019232907497506474 -3.8988998885225578e-05 -0.0013064157734395375 0.0051503100012334577 -0.012279459010288827 0.0020012027473223204 -0.0060536962585627067 0.016824784892174652 -0.0045726468090263343 -0.0046319200443329959 0.0021275897883581865 -0.014935212513590137 0.034666773272267429 0.0022427006630460935 -0.012839342440507905 0.037058795854051876 0.0043716304195239456 0.0097606100113806459 -0.00033390630251501344 -0.015525096310061584 0.016376916789141438 -0.0028988288201756899
leaf_weight=681.70222986489534 308.42660908773541 245.42809741199017 559.44359954446554 376.29956654459238 9.6762717664241809 636.58215016871691 874.09721858799458 189.71422351151705 19.85861399769783 3268.1616121530533 2361.9632804468274 12303.070978850126 775.9644777327776 1794.9558607935905 517.02215456962585 14.701261848211287 804.58699359372258 1826.3539979755878 243.10175365209579 974.87736562639475 11.582225285470484 14.851258277893065 74.974970817565918 8.79995598644018 705.79787443578243 654.13075160235167 395.99969950318336 250.40779158845544 191.90824203193188 1045.2555568441749
leaf_count=6045 5274 1554 6175 2581 72 5012 5662 2042 129 21216 18155 76203 6140 11590 3574 142 7557 15951 1545 10422 83 103 467 93 5055 4429 2540 3055 1226 7537
internal_value=-0.000159731 0.00138012 -0.0108362 0.00220918 -0.0124151 -0.0010914 0.00329691 -0.00865691 0.00386536 0.00128217 -0.00356043 0.00458403 -0.00729878 -0.000378972 -0.000448559 -0.027177 -0.00637421 -0.00670348 0.0101205 -0.0175531 -0.0114437 0.0279521 0.00504135 -0.0144701 0.00226938 0.00605772 0.00431969 -0.00717226 0.0124497 4.00893e-05
internal_weight=32139.7 28088.5 4051.18 26496.2 1592.36 6567.58 19928.6 1269.24 17259.5 3756.69 3786.09 13502.8 1424.13 2669.05 1124.79 323.128 1079.52 2508.06 488.53 1543.12 787.547 24.5275 12378 983.677 2781.48 1030.43 607.767 1054.99 211.767 1751.05
internal_count=231629 192943 38686 174698 18245 48992 125706 12829 108454 24315 29390 84139 11235 17252 7469 5416 10787 21996 3099 16690 6223 175 76670 10515 19602 7010 3895 10612 1355 12592
cat_boundaries=0 1 2 3 4 5 6
cat_threshold=6529621 8626232 13776205 5382175 2884504 4384843
is_linear=0
shrinkage=0.04


Tree=36
num_leaves=31
num_cat=6
split_feature=1 30 12 30 30 1 17 6 30 32 6 9 17 22 1 22 31 0 27 9 30 1 9 22 25 15 32 22 22 8
split_gain=284.208 202.347 71.0421 65.8928 39.5983 38.3115 20.2606 19.5268 19.4294 19.1328 18.8044 18.2504 17.1298 18.6617 17.0536 16.7495 16.7506 16.7265 16.2815 16.1686 15.7413 25.1639 16.1149 15.5653 23.361 16.8856 15.2686 16.3421 14.9524 14.5834
threshold=1.5000000000000002 -1.5999999999999992 0 -0.35333333333333322 -2.7274999999999991 5.5000000000000009 0.22222222222222232 0.021833333333333375 -0.01666666666666616 4.2550000000000008 0.026666666666665954 -5.6859999999999973 0.033333333333333416 1 2.5000000000000004 2 3.5000000000000004 0.18809958677685953 8.5000000000000018 -5.5008333333333335 0.45833333333333331 4.5000000000000009 33.569166666666675 3 11.846666666666668 0.12300000000000003 5.4050000000000011 4 5 40.795000000000009
decision_type=2 2 1 2 2 2 10 2 2 2 2 2 8 1 2 1 2 10 2 2 2 2 2 1 2 8 2 1 1 2
left_child=2 4 7 5 9 26 11 -1 18 -2 14 -7 13 -10 17 -13 -17 -5 -4 -6 21 28 -22 24 -23 -26 29 -28 -12 -3
right_child=1 3 8 10 19 6 -8 -9 12 -11 20 15 -14 -15 -16 16 -18 -19 -20 -21 22 23 -24 -25 25 -27 27 -29 -30 -31
leaf_value=-0.020767338903542543 -0.02869934235921056 -0.0018404254544743988 -0.0038401522104963659 0.00053147043582850147 -0.021069912533829824 -0.018054119813641991 0.032208125759637184 -0.0058982015086636941 0.0029277955657442474 0.029006870445805379 -0.0020869252757286317 0.0043997713885930391 -0.013588972131128408 -0.010468230495529481 0.0047931322450402393 0.031826474194490653 -0.0094447185451032555 0.010406048350397259 0.024723702581107385 -0.0076114126493320583 0.0034520706781535778 -0.0038046896304376127 0.064444612409869331 -0.0097613253038462012 -0.031243117515923766 0.026697130344176645 -0.0019698007485915532 0.0076010399747145768 0.0053811573608423778 0.0039151291473813179
leaf_weight=973.22598568350077 305.9651954472065 4086.3052029013634 1337.8453496322036 2882.0671050846577 180.37474093586206 243.48512288928032 20.111604548990726 165.31618840992451 280.70315942913294 9.4776785001158697 733.9604462236166 202.0094782859087 830.21855347603559 394.26573243737221 11068.723224930465 16.075875654816628 741.14062356948853 303.35551045835018 32.709395386278629 686.04381075128913 2432.9382929503918 452.91834322363138 6.9507723003625861 596.09406607598066 9.1148037463426572 68.745012246072292 447.61766190826893 775.347696647048 1013.2744294553995 851.07775378972292
leaf_count=10782 5354 30115 11447 18699 1986 2189 156 1789 2614 76 4755 1684 8079 3653 68285 119 6474 1887 283 7413 14749 3136 42 4176 62 463 3172 5440 6545 6124
internal_value=-5.21477e-05 0.00136854 -0.0100087 0.00207893 -0.0148311 -0.00114097 -0.00760829 -0.0184463 -0.00658114 -0.0269655 0.00329381 -0.00827409 -0.00974141 -0.00500886 0.00405091 -0.00579158 -0.00845684 0.00147185 -0.00315845 -0.0104133 0.00126298 -0.000742897 0.00362583 -0.00540343 -0.000319344 0.0199142 0.000142781 0.00414406 0.0022629 -0.000848316
internal_weight=32147.5 28133.2 4014.28 26951.3 1181.86 7383.17 1222.82 1138.54 2875.74 315.443 19568.1 1202.71 1505.19 674.969 14254.1 959.226 757.216 3185.42 1370.55 866.419 5314 2874.11 2439.89 1126.87 530.778 77.8598 6160.35 1222.97 1747.23 4937.38
internal_count=231748 193101 38647 178272 14829 55473 10622 12571 26076 5430 122799 10466 14346 6267 88871 8277 6593 20586 11730 9399 33928 19137 14791 7837 3661 525 44851 8612 11300 36239
cat_boundaries=0 1 2 3 4 5 6
cat_threshold=1 15739427 1048606 2535710 6336653 13771923
is_linear=0
shrinkage=0.04


Tree=37
num_leaves=31
num_cat=8
split_feature=30 26 14 31 14 22 31 31 25 13 22 19 8 3 19 22 0 30 22 30 3 8 22 6 22 6 22 16 13 22
split_gain=151.677 42.566 31.8522 24.1798 18.982 18.5 15.1467 17.4915 16.0175 14.0569 22.6187 13.9951 14.9161 13.0452 12.8908 18.29 13.2848 15.1183 20.2602 13.1728 13.1105 12.8289 12.6413 12.5402 15.1938 12.5271 21.1163 12.5534 12.6784 15.2279
threshold=-1.9508333333333332 4.5000000000000009 4.8944444444444457 4.5000000000000009 3.7071428571428577 0 1.5000000000000002 5.5000000000000009 -14.23833333333333 1.5000000000000002 1 0.22500000000000003 50.120000000000012 0.064306599832915631 1.0000000180025095e-35 2 0.13080981717011131 1.2433333333333336 3 0.050000000000000051 0.28607322325915296 46.745000000000012 4 0.033666666666666518 5 -0.0416666666666674 6 0.41428571428571431 7.5000000000000009 7
decision_type=2 2 8 2 8 1 2 2 2 2 1 10 2 8 8 1 8 2 1 2 10 2 1 2 1 2 1 8 2 1
left_child=2 6 5 -4 23 21 9 8 22 10 13 -9 -13 -2 15 19 -16 20 -19 -10 -18 -1 -8 -3 -25 26 -11 -27 -29 -30
right_child=1 4 3 -5 -6 -7 7 11 14 25 -12 12 -14 -15 16 -17 17 18 -20 -21 -22 -23 -24 24 -26 27 -28 28 29 -31
leaf_value=0.0038964873524710932 0.015134611826973426 0.00040333009714828879 0.049234957096288591 -0.024796979631962594 -0.0044935280585146568 -0.014270994090437195 -0.0048467080749893731 -0.00670781125342957 -0.0011323655448835029 0.002298586941575689 -0.016391267610443679 0.00059018364707420843 0.036179737506109914 -0.0064539077214513883 -0.0023705590941150664 -0.0043281565562389521 0.0024744820217057813 0.016345672929580224 0.0015923517804989629 0.007363845150664676 -0.0065943842776379552 0.062751434504090944 0.013050996125859447 0.00029564631478593137 -0.0095412853715550368 -0.0020123908200097569 -0.0094818240234635972 0.0052561336755781521 -0.0082588340692746169 0.0024863702258218988
leaf_weight=93.093684140592813 77.7496003434062 3853.6427657008171 7.1610912904143325 494.51834369450808 3512.6867868751287 166.70220311358571 76.6633380651474 695.71103820949793 657.22252286225557 437.07212272286415 215.90767912566662 518.28241570293903 19.553042441606522 105.62500248849392 927.47036184370518 1224.1937194019556 11943.375193998218 281.94213461130857 323.85754668712616 525.37896794080734 260.62079580128193 6.3285762667655936 326.49150651693344 511.12190020084381 491.45540988445282 1516.1006008312106 537.10888151824474 1310.0966112166643 291.46663865447044 694.44249521940947
leaf_count=1034 526 27240 72 7965 27240 1846 538 5776 4765 3263 1745 4088 148 717 6375 8566 81111 1859 2155 3467 1823 69 2282 3704 3558 10257 4035 8338 2053 4881
internal_value=-0.000241798 0.000188585 -0.0178064 -0.0237402 -0.00225364 -0.0066204 0.00107853 0.00163328 0.00197582 -0.000823642 -0.00803416 -0.0029617 0.00188404 0.00255988 0.00177916 -0.000921221 0.00225227 0.00258698 0.00875472 0.00261998 0.00228081 0.00694434 0.0098511 -0.00063345 -0.00461856 -0.000222126 -0.00427021 0.000812359 0.0026776 -0.000748809
internal_weight=32103 31335.2 767.804 501.679 8368.91 266.124 22966.3 17780.8 16547.2 5185.57 399.282 1233.55 537.835 183.375 16144.1 2406.8 13737.3 12809.8 605.8 1182.6 12204 99.4223 403.155 4856.22 1002.58 4786.29 974.181 3812.11 2296.01 985.909
internal_count=231496 220510 10986 8037 61742 2949 158768 122953 112941 35815 2988 10012 4236 1243 110121 16798 93323 86948 4014 8232 82934 1103 2820 34502 7262 32827 7298 25529 15272 6934
cat_boundaries=0 1 2 3 4 5 6 7 8
cat_threshold=6474264 8666172 6468269 9767881 98626 10002934 1090235 52016
is_linear=0
shrinkage=0.04


Tree=38
num_leaves=31
num_cat=7
split_feature=1 30 29 30 14 1 22 9 7 22 22 30 1 1 17 25 11 22 22 15 23 22 3 30 22 18 7 26 17 3
split_gain=266.65 175.61 70.4411 59.5181 51.7755 47.7505 19.9007 16.9991 16.0467 14.9495 14.9321 14.8416 24.8117 15.7311 21.283 16.3817 16.0919 15.3971 14.7568 14.4692 14.1648 14.1004 14.0863 16.0894 21.4543 18.3114 13.6553 13.1673 13.1258 11.9423
threshold=1.5000000000000002 -1.5999999999999992 5.955000000000001 -0.35333333333333322 5.4365079365079376 5.5000000000000009 0 -5.6859999999999973 5.5000000000000009 1 2 0.17833333333333304 4.5000000000000009 3.5000000000000004 0.3264550264550265 12.240833333333336 62.500000000000007 3 4 0.12100000000000002 24.755000000000006 5 0.24078921853790966 -0.49666666666666676 6 1.5000000000000002 4.5000000000000009 5.5000000000000009 -0.2000661375661375 0.12248931193030572
decision_type=2 2 2 2 10 2 1 2 2 1 1 2 2 2 10 2 2 1 1 8 2 1 10 2 1 8 2 2 8 8
left_child=2 4 6 5 9 8 20 -7 -3 -2 -10 12 19 14 15 16 18 -17 -13 -5 -1 26 23 -9 25 -25 -14 -20 -15 -23
right_child=1 3 -4 11 -6 7 -8 22 10 -11 -12 13 21 28 -16 17 -18 -19 27 -21 -22 29 -24 24 -26 -27 -28 -29 -30 -31
leaf_value=0.0038903611055610015 -0.0030089154766128928 0.0012076682693944018 -0.016893381003891282 -0.0044825545881251464 -0.029441026465774324 -0.01772574755773882 -0.0090928413269106452 -0.009685246144513722 -0.0094317003801177579 -0.013719828118328963 0.00038173491183965988 0.00063986415823896476 -0.0019234897906046627 -0.006174214536039003 -0.0073588157406515847 0.0038069363834411325 0.058609155034552683 -0.0033331167246044898 0.0072073402500164672 0.0040824240591915981 -0.005217338349133631 0.002812289391757115 0.017874101582132217 0.075415411725251624 -0.006583054370399204 0.014419635479486917 -0.01144435875395698 -0.0059571540341383502 0.0052924446763930131 -0.0079689362904735613
leaf_weight=424.80683722347021 380.58571356162429 5159.4239252060652 1427.6032211333513 343.92291520535946 266.14974932000041 247.24331557750702 1348.4371401965618 732.0520987585187 468.47634507715702 511.72478426620364 522.11792574077845 1088.0678133368492 708.2217585593462 163.21696044504642 346.19067540764809 887.48873007297516 8.8093551844358426 1036.9228430986404 2017.1272413432598 3829.5552976131439 765.67115255445242 1052.2337144985795 38.070466749370098 9.074231415987013 129.1409869492054 59.578543566167355 365.3747668787837 129.36058279871941 7464.1773685067892 194.82636689394712
leaf_count=3478 4214 37161 15937 2207 4966 2255 12175 6502 3640 5678 4007 6784 4809 1037 2290 5703 54 6725 12509 24363 6909 7187 333 66 1019 457 2647 817 44458 1346
internal_value=-7.49114e-05 0.00129282 -0.00978471 0.00194712 -0.0139573 -0.00111926 -0.00578758 -0.00836494 0.000312382 -0.00933892 -0.00435064 0.00309731 0.00153294 0.00387038 0.00224268 0.00288588 0.00462064 -3.78472e-05 0.0044736 0.00337661 -0.00195098 -0.00178273 -0.00597383 -0.00695023 0.00317232 0.0196234 -0.00511605 0.00638422 0.00504707 0.00111898
internal_weight=32125.7 28159.1 3966.52 27000.7 1158.46 7365.18 2538.92 1215.16 6150.02 892.31 990.594 19635.5 6494.13 13141.4 5513.97 5167.78 3243.36 1924.41 3234.56 4173.48 1190.48 2320.66 967.916 929.846 197.794 68.6528 1073.6 2146.49 7627.39 1247.06
internal_count=231733 193234 38499 178376 14858 55440 22562 10632 44808 9892 7647 122936 42559 80377 34882 32592 20164 12428 20110 26570 10387 15989 8377 8044 1542 523 7456 13326 45495 8533
cat_boundaries=0 1 2 3 4 5 6 7
cat_threshold=5780590 6447770 9190520 2002632 4205710 8510944 141614
is_linear=0
shrinkage=0.04


Tree=39
num_leaves=31
num_cat=7
split_feature=1 30 29 30 1 14 0 17 23 22 18 14 14 22 3 22 7 22 17 11 0 30 22 16 25 22 23 1 22 15
split_gain=252.139 147.753 69.7056 53.7315 49.2604 44.3233 17.9271 17.7116 16.5697 16.16 15.2574 15.9486 15.0729 17.1838 14.3341 15.3343 13.0613 12.1553 14.2562 12.1873 11.9773 15.2834 17.1405 13.2937 13.623 16.7179 13.9627 12.4988 14.695 11.893
threshold=1.5000000000000002 -1.7116666666666664 5.285000000000001 -0.23166666666666599 4.5000000000000009 5.4365079365079376 0.14634003773330642 0.079999999999999988 20.735000000000003 0 4.5000000000000009 3.8166666666666669 3.9500000000000006 1 0.33265856950067479 2 5.5000000000000009 3 -0.18697089947089943 23.500000000000004 0.17083582834331343 0.3000000000000001 4 0.5277777777777779 2.4516666666666631 5 28.095000000000002 2.5000000000000004 6 0.20612500000000006
decision_type=2 2 2 2 2 10 10 10 2 1 8 10 10 1 10 1 2 1 8 2 8 2 1 10 2 1 2 2 1 10
left_child=2 5 9 4 17 7 -4 16 -5 -1 -6 29 14 -14 20 -16 -2 18 -3 -20 27 22 -22 24 25 -23 -27 -10 -29 -12
right_child=1 3 6 8 10 -7 -8 -9 12 -11 11 -13 13 -15 15 -17 -18 -19 19 -21 21 23 -24 -25 -26 26 -28 28 -30 -31
leaf_value=0.0032610804850461629 -0.0076866710274270649 -0.0030520506031226314 -0.019365198078224118 0.0096941676347622949 -0.0023678196429648959 -0.028508652397663817 -0.011724668347236525 0.035168503668584636 0.00020065128772146594 -0.0056967441583671771 -0.00074531573598930062 -0.011366295031190387 0.0042972731401846468 -0.0033308279909487794 -0.01598514668227468 0.0023796498576808289 -0.023293636128182867 0.00029631757813631903 -0.0085790001208055737 0.0072276316130080532 0.0070129107410914918 -0.0040394647028138032 -0.0017189858217134383 0.00066713326789477861 0.01145969361676524 0.030851013803401606 0.006676662279333001 0.0014178910175288598 0.0046873491773057122 -0.023839264233074399
leaf_weight=426.38773852586746 597.82716461643577 329.8646567389369 728.66557689011097 578.58232618123293 1902.8096627369523 253.28055910393596 1508.5838791280985 14.219369553029535 2389.0686859935522 1265.7315347194672 484.00721902400255 831.04281074553728 748.25057949870825 1244.3389064744115 117.60193418711424 169.03974836319685 100.17289786040783 3984.9702131450176 83.258617341518402 1246.4577042236924 647.29112103581429 241.66102869808674 790.81564426422119 367.08925691246986 1191.7744727134705 44.353330180048943 276.79810531437397 3592.5582255348563 5786.1199102327228 38.518508851528168
leaf_count=3496 6899 2423 8226 3636 15052 4887 15835 124 15586 10860 3951 7217 4724 7878 770 1091 1242 28208 587 8553 4121 1442 5048 2199 7127 260 1656 22061 35329 321
internal_value=-9.01879e-05 0.00123908 -0.00957986 0.00178717 -0.000759325 -0.014137 -0.0142132 -0.00902618 0.00303357 -0.00345391 -0.00467709 -0.0079234 0.00281469 -0.000461499 0.00323278 -0.00562962 -0.00992649 0.00150086 0.00436511 0.00623792 0.00339852 0.00543153 0.00224805 0.00758934 0.00903758 0.00390869 0.00971288 0.00278353 0.00344147 -0.00244771
internal_weight=31981.1 28051.8 3929.37 27086.3 8900.93 965.5 2237.25 712.219 18185.3 1692.12 3256.38 1353.57 17606.8 1992.59 15614.2 286.642 698 5644.55 1659.58 1329.72 15327.5 3559.78 1438.11 2121.68 1754.59 562.812 321.151 11767.7 9378.68 522.526
internal_count=230809 192392 38417 179240 66312 13152 24061 8265 112928 14356 26541 11489 109292 12602 96690 1861 8141 39771 11563 9140 94829 21853 9169 12684 10485 3358 1916 72976 57390 4272
cat_boundaries=0 1 2 3 4 5 6 7
cat_threshold=1090570 10782372 9200954 183584 11235716 14724500 598446
is_linear=0
shrinkage=0.04


Tree=40
num_leaves=31
num_cat=8
split_feature=1 30 30 29 1 14 3 22 9 9 22 32 31 22 22 6 30 22 31 22 1 30 3 22 5 32 2 31 22 3
split_gain=226.415 151.088 77.2851 62.247 39.0177 27.6863 18.6685 21.5728 18.5916 17.5033 16.164 16.1603 15.7375 15.4263 15.4163 15.0191 15.5123 15.9819 14.4193 13.219 13.1521 12.765 12.5503 20.1116 14.7611 12.8042 13.7621 12.6687 15.3016 12.3127
threshold=1.5000000000000002 -0.85166666666666624 -2.5758333333333323 5.7550000000000008 4.5000000000000009 3.9500000000000006 0.1540155879362928 0 -4.2366666666666655 -5.5008333333333335 1 3.9250000000000003 3.5000000000000004 2 3 0.033333333333333666 0.87499999999999944 4 3.5000000000000004 5 2.5000000000000004 -0.35333333333333322 0.051758483308146731 6 6.7750000000000012 5.8650000000000011 25.060000000000006 1.5000000000000002 7 0.03579436258808457
decision_type=2 2 2 2 2 10 10 1 2 2 1 2 2 1 1 2 2 1 2 1 2 2 8 1 2 2 2 2 1 10
left_child=3 2 11 10 12 6 15 -8 -7 -6 -1 -2 -4 -14 -10 20 17 -17 -11 -20 22 -16 23 24 -3 26 29 28 -24 -26
right_child=1 5 4 -5 9 8 7 -9 14 18 -12 -13 13 -15 21 16 -18 -19 19 -21 -22 -23 27 -25 25 -27 -28 -29 -30 -31
leaf_value=-0.0011638505199507766 -0.025498632869966294 -0.0053152649119099634 0.05746273483716758 -0.015008242889889882 -0.017931677674199783 -0.0047581882847903597 -0.0095498268149841956 0.0014353195188037493 -0.0021902640055713944 0.063654603016852801 -0.0079283672599737426 0.019487962735687602 0.0025803959047624708 -0.0040790734729680188 -0.00084836222377795316 -0.0040150971685025492 0.0058341362131937762 0.002057748513102294 -0.0028810893901434213 -0.011601566686316393 0.0046355362877558903 0.0063142415008306165 0.004647593828449436 -0.0078201378988423005 0.076533462042972178 -0.00016106190651768944 0.012414341308955358 0.0048442120512534707 -0.0093901865273041448 0.020374073386403561
leaf_weight=1079.9572680816054 339.50019734725356 156.48827010393143 7.3693032786250106 1627.5745756849647 299.38042939454317 1189.9115707650781 360.54620631784201 1247.7584909051657 1259.1693160533905 4.5931136459112158 1207.336156591773 13.275870010256765 1004.0015365555882 1226.263991098851 633.88759042322636 1095.1413647681475 884.45740281045437 1851.0609677284956 575.28931327164173 573.21315874904394 11392.839114032686 1070.2997890114784 239.27775371074677 475.7376139909029 11.094092860817911 105.70662772655487 116.54900877177715 1779.8996014297009 240.082878947258 14.294986695051191
leaf_count=9320 6232 1010 44 18464 3058 8135 2341 8017 8396 30 10771 110 7945 9860 4601 7325 5277 12289 5613 5590 71025 6823 1601 3091 71 690 744 11411 1613 92
internal_value=-1.54133e-05 0.00123735 -0.00591888 -0.00902893 -0.0042089 0.00243664 0.0030546 -0.00107776 -0.000534826 -0.00931408 -0.00477422 -0.0238057 -0.000895064 -0.00108789 0.00116103 0.00341654 0.00118841 -0.00020625 -0.00707668 -0.00735955 0.00400388 0.00362875 0.00171139 -0.00234141 0.00419767 0.0103785 0.0182276 0.00328976 -0.00248202 0.0449137
internal_weight=32082 28167.1 4042.89 3914.87 3690.11 24124.2 19970.9 1608.3 4153.27 1452.48 2287.29 352.776 2237.63 2230.27 2963.36 18362.6 3830.66 2946.2 1153.1 1148.5 14532 1704.19 3139.13 879.871 404.133 247.645 141.938 2259.26 479.361 25.3891
internal_count=231589 193034 38482 38555 32140 154552 126597 10358 27955 14291 20091 6342 17849 17805 19820 116239 24891 19614 11233 11203 91348 11424 20323 5698 2607 1597 907 14625 3214 163
cat_boundaries=0 1 2 3 4 5 6 7 8
cat_threshold=566296 4256878 2611746 5353795 11879088 5456671 2989352 9963231
is_linear=0
shrinkage=0.04


Tree=41
num_leaves=31
num_cat=6
split_feature=1 30 30 23 1 6 24 6 22 15 30 25 22 26 15 23 22 1 14 34 15 22 30 15 22 1 23 22 24 6
split_gain=220.199 131.701 73.8902 57.0828 26.0428 22.1271 20.1419 19.5739 18.5405 17.9057 16.1889 16.2891 15.9739 14.8993 16.1209 15.536 18.5076 14.9972 17.0165 14.7239 17.8779 14.2091 14.4387 15.0511 13.7378 13.5243 13.8604 13.2669 14.1038 13.9973
threshold=1.5000000000000002 -2.5758333333333323 -0.73166666666666613 35.815000000000005 4.5000000000000009 -0.020000000000000014 4.7900000000000009 0.031666666666666739 0 0.12527777777777782 2.6326666666666676 -20.174166666666661 1 3.5000000000000004 0.11050000000000003 21.340000000000003 2 4.5000000000000009 3.7638888888888893 5.5000000000000009 0.15950000000000006 3 1.0283333333333338 0.20316666666666672 4 2.5000000000000004 20.555000000000003 5 20.075000000000003 0.084999999999999534
decision_type=2 2 2 2 2 2 2 2 1 10 2 2 1 2 10 2 1 2 8 2 10 1 2 10 1 2 2 1 2 2
left_child=3 6 4 27 8 -6 -2 10 -3 -8 11 24 -5 14 -9 16 -16 -15 -19 -14 -21 22 -17 -24 -4 26 -13 28 -1 -30
right_child=1 2 7 12 5 -7 9 13 -10 -11 -12 25 19 17 15 21 -18 18 -20 20 -22 -23 23 -25 -26 -27 -28 -29 29 -31
leaf_value=-0.0014460345371113382 -0.026284398482470103 0.0045984013501608129 0.0042301277432252975 -0.018436153821082359 0.00085337021021852054 -0.0095994991310920461 0.069471495578251302 -0.0097469350505607968 -0.0027612601028914096 -0.0083347227809690509 -0.014642625616478699 0.010346082814694591 -0.012091912981841908 0.00045366132353953821 0.026126546527176515 -0.004017885283204947 0.0010790918549880412 -0.0024994217871663229 -0.014354977148754441 -0.010212846349375762 0.022921467203042795 0.004251289905783549 0.0042823679530156217 0.048559287944499124 -0.0050871215766138253 0.0040001639627574017 0.00059751943413321562 -0.0014503940281201276 -0.013060065272216009 0.056339529488922582
leaf_weight=302.27628177404404 316.49794201925397 735.484091270715 391.3198861554265 786.366126306355 429.18431396782398 1322.382806930691 6.2369853891432312 177.29592996090651 2057.5344435051084 19.617353018373251 82.807411462068558 250.30303491652012 1026.2517034262419 1297.4097175300121 85.797762028872967 884.74075905233622 106.60226567089558 606.48857200890779 284.60926217585802 63.0964340493083 44.380123890936375 1696.0978019908071 280.67482501268387 12.845996260643004 680.80952015519142 12976.003768637776 3446.1872276812792 1169.3212281093001 492.04974279552698 4.6943383142352095
leaf_count=2619 6034 5670 2549 8859 4051 12734 60 1127 16079 218 526 1599 11500 8535 574 5740 737 4211 2124 707 477 10749 1681 76 4438 80957 22283 9957 4411 42
internal_value=-8.57846e-05 0.00114682 0.00145044 -0.00900818 -0.00321458 -0.00703825 -0.0235114 0.0023619 -0.000816667 0.0104349 0.00300244 0.00308479 -0.0139152 0.000259882 0.00198044 0.00265843 0.0136626 -0.00229053 -0.00628599 -0.0105239 0.00346925 0.00192185 -0.0014551 0.00622016 -0.00169438 0.00339211 0.00125763 -0.00422148 -0.00815656 -0.0124042
internal_weight=32035.4 28146.9 27804.6 3888.44 4544.59 1751.57 342.352 23260 2793.02 25.8543 17827.4 17744.6 1920.09 5432.56 3244.06 3066.76 192.4 2188.51 891.098 1133.73 107.477 2874.36 1178.26 293.521 1072.13 16672.5 3696.49 1968.34 799.02 496.744
internal_count=231324 192752 186440 38572 38534 16785 6312 147906 21749 278 112352 111826 21543 35554 20684 19557 1311 14870 6335 12684 1184 18246 7497 1757 6987 104839 23882 17029 7072 4453
cat_boundaries=0 1 2 3 4 5 6
cat_threshold=2377794 14930192 438535 9733810 12866073 2575296
is_linear=0
shrinkage=0.04


Tree=42
num_leaves=31
num_cat=2
split_feature=1 30 12 30 29 1 24 11 31 11 32 3 24 27 3 0 30 1 25 1 11 12 0 17 9 11 0 30 31 34
split_gain=208.432 144.872 53.458 50.393 42.314 22.1356 17.3956 16.2678 15.9526 15.2219 18.6113 14.0382 16.0705 17.2354 13.8376 13.7162 13.3812 23.2885 23.6749 18.9586 17.935 17.3926 24.3338 14.8173 13.0819 12.9566 12.2511 11.4595 11.3847 12.4596
threshold=1.5000000000000002 -1.5999999999999992 0 -0.35333333333333322 1.6150000000000004 4.5000000000000009 36.82500000000001 25.500000000000004 4.5000000000000009 32.500000000000007 5.1450000000000005 0.36049006886914864 18.545000000000005 2.5000000000000004 0.33409785932721719 0.14860051813471506 0.3000000000000001 3.5000000000000004 12.240833333333336 4.5000000000000009 35.500000000000007 1 0.18077152014652018 0.28346560846560859 -8.3749999999999964 31.500000000000004 0.14245688373476065 2.0400000000000009 4.5000000000000009 4.5000000000000009
decision_type=2 2 1 2 2 2 2 2 2 2 2 10 2 2 10 10 2 2 2 2 2 1 8 10 2 2 8 2 2 2
left_child=2 4 -1 5 7 -3 15 -2 -6 -7 11 -11 13 -13 16 -4 19 18 20 -5 27 -19 24 -21 25 -23 -22 -18 29 -12
right_child=1 3 6 14 8 9 -8 -9 -10 10 28 12 -14 -15 -16 -17 17 21 -20 23 26 22 -24 -25 -26 -27 -28 -29 -30 -31
leaf_value=-0.016381507624569802 -0.02931280739161236 0.00048429902652031225 -0.012218559641107542 0.0030350505765346057 0.038061772375288801 0.00050998377489462556 -0.010808216722790436 0.01553034843915397 -0.0093607026799738015 -0.0094135086675068754 0.0046347144263665079 0.0097179821608554123 -0.013175075866446435 0.10630713719501023 -0.0057153100557422922 -0.0025308400700192997 0.00025919760790843249 0.0075265096211588733 -0.0017982304628630396 -0.001502418489923593 -0.00038844082163973849 0.0092627234109509266 0.010689337214818882 0.017636942851531247 0.002922344165797439 -0.0089472270428299135 0.0079057880062038174 -0.030699742549633351 -0.0031303381641116009 0.037835065126891818
leaf_weight=1075.4602378681302 252.50424102693796 4695.154810205102 270.61462002247572 5086.4652018994093 11.507383421063421 806.84421550482512 807.39158326387405 13.643024884164332 828.14015692844987 1234.1449955552816 105.06778194755316 6.3880365192890185 10.690082989633082 5.5015028715133667 307.08183901757002 1720.4833341836929 997.99155683815479 2965.5693175941706 1957.6243420094252 2755.9470035880804 353.56259314715862 79.461418643593788 612.47507606446743 66.275830768048763 2751.0290995687246 293.15941026806831 1467.8805872797966 19.503795057535172 477.03916940838099 21.846411421895027
leaf_count=12644 5119 33337 2555 32031 80 6778 8273 130 9469 10472 770 53 87 47 2008 15247 6203 17315 12653 18698 2240 468 3572 434 16179 1730 8985 129 3865 156
internal_value=-0.000120578 0.00107526 -0.00882013 0.00165482 -0.0131161 -0.00116887 -0.0058349 -0.0270141 -0.00871078 -0.00407863 -0.00606839 -0.00884167 0.0224134 0.0544115 0.0027094 -0.00384752 0.0028427 0.0037138 0.00158594 0.00157624 0.00391954 0.00523675 0.00339003 -0.00105296 0.00196966 -0.00506395 0.00629578 -0.000334237 -0.000297663 0.0103497
internal_weight=32056.4 28182.5 3873.95 27076.7 1105.79 7362.68 2798.49 266.147 839.648 2667.52 1860.68 1256.72 22.5796 11.8895 19714 1991.1 19406.9 11498.3 4796.56 7908.69 2838.94 6701.69 3736.13 2822.22 3123.65 372.621 1821.44 1017.5 603.953 126.914
internal_count=231727 193008 38719 178210 14798 55565 26075 5249 9549 22228 15450 10659 187 100 122645 17802 120637 69474 30210 51163 17557 39264 21949 19132 18377 2198 11225 6332 4791 926
cat_boundaries=0 1 2
cat_threshold=1 1
is_linear=0
shrinkage=0.04


Tree=43
num_leaves=31
num_cat=6
split_feature=1 30 29 29 7 32 26 22 22 1 22 30 31 22 22 5 15 18 32 8 30 2 20 8 31 22 8 8 32 13
split_gain=205.86 119.09 55.714 51.9977 31.1075 25.9835 20.848 19.579 19.444 18.8691 19.4982 18.7221 17.8086 16.8581 16.7257 21.4117 15.4506 15.5276 14.9958 14.9953 14.9159 14.6809 14.5889 13.1157 13.0208 12.8932 12.3657 12.2963 12.6157 12.2602
threshold=1.5000000000000002 -1.2099999999999995 5.3550000000000013 1.6150000000000004 5.5000000000000009 2.1650000000000005 5.5000000000000009 0 1 3.5000000000000004 2 0.15833333333333346 4.5000000000000009 3 4 6.6950000000000012 0.17950000000000005 5.5000000000000009 5.3850000000000007 44.865000000000002 -0.73166666666666613 25.060000000000006 0.18333333333333338 45.475000000000009 4.5000000000000009 5 32.010000000000012 30.020000000000003 5.4450000000000012 5.5000000000000009
decision_type=2 2 2 2 2 2 2 1 1 2 1 2 2 1 1 2 8 8 2 2 2 2 8 2 2 1 2 2 2 2
left_child=2 3 -1 5 6 24 -3 -4 18 10 -5 -10 -11 -6 15 -14 26 21 -8 -12 -15 29 25 -21 -2 -9 -16 -20 -29 -18
right_child=1 4 7 9 13 -7 8 22 11 12 19 -13 14 20 16 -17 17 -19 27 23 -22 -23 -24 -25 -26 -27 -28 28 -30 -31
leaf_value=-0.0033545514076407015 0.037066069808494119 0.003009355332599978 -0.00636295580772558 -0.0097698776907860965 0.0013449765065428115 0.027218415386556085 0.0014677971472510057 -0.017766272997104156 -0.0071715722203907909 0.023326983118436579 0.0024284729548047957 0.0044949871866569622 0.0067264559451322209 -0.013524230485323674 -0.0073773592477324535 -0.01727849820232355 0.053367892439113787 -0.021810451723034245 -0.0045118800885958757 0.076692520994875238 -0.0026908807014059555 -0.0083504191592209433 -0.01834995298276287 0.017428862360355488 -0.028912511804617611 -0.0041908959652325137 0.0080605568404376535 0.082712418091738904 0.021258831820513878 -0.00047845713613168985
leaf_weight=1760.7048163637519 4.8828702718019477 20312.720149047673 571.46023301780224 208.60971815884113 1865.3389206007123 14.660524867475031 669.16152998805046 191.75737742334604 936.11848963052034 27.741487711668015 401.44549904763699 287.73089914023876 67.663945253938437 232.92152050882578 146.44578224793077 489.89559514820576 12.189551487565042 125.8286720700562 29.519884847104549 7.1156608164310446 1601.6926530897617 150.75372352823615 996.55216964334249 37.272185225039721 240.62394754588604 300.03899406641722 191.66584428027272 5.7667271792888632 73.062734797596931 15.204491112381218
leaf_count=15188 57 129905 6393 1837 12622 133 4658 2115 6727 193 3456 1777 698 1934 1546 5248 128 1438 197 57 10577 1558 11446 305 5029 3289 1937 39 481 157
internal_value=0.000133612 0.00131585 -0.00857913 -0.00774996 0.00206233 -0.0245112 0.00262558 -0.0130451 -0.00126958 -0.00543268 5.26235e-05 -0.00439283 -0.00835744 -0.00133455 -0.00909013 -0.0141122 -0.00444024 -0.0110534 0.00365609 0.00476101 -0.00404423 -0.00345556 -0.015464 0.0269292 -0.0276003 -0.00993057 0.00137396 0.0175083 0.0257544 0.0234816
internal_weight=31976.5 28156 3820.51 2142 26014 260.167 22314.1 2059.81 2001.36 1881.83 654.443 1223.85 1227.39 3699.95 1199.65 557.56 642.088 303.976 777.511 445.833 1834.61 178.148 1488.35 44.3878 245.507 491.796 338.112 108.349 78.8295 27.394
internal_count=231125 192694 38431 23777 168917 5219 143784 23243 13879 18558 5655 8504 12903 25133 12710 5946 6764 3281 5375 3818 12511 1843 16850 362 5086 5404 3483 717 520 285
cat_boundaries=0 1 2 3 4 5 6
cat_threshold=1135 9848881 5317654 7455175 790265 2338944
is_linear=0
shrinkage=0.04


Tree=44
num_leaves=31
num_cat=7
split_feature=1 30 30 23 1 7 0 32 23 7 22 22 8 25 3 14 22 22 0 9 25 1 30 6 22 14 22 23 10 22
split_gain=195.26 116.873 60.9084 47.8731 37.5813 25.145 20.4435 19.4229 20.98 18.3745 18.1376 17.9498 17.569 16.9502 19.9569 16.9483 16.1356 15.8335 15.088 16.1104 14.8765 14.6105 19.0239 14.837 20.2878 13.9854 23.7207 15.065 18.1519 26.4573
threshold=1.5000000000000002 -2.4324999999999988 -0.62333333333333318 30.450000000000003 5.5000000000000009 5.5000000000000009 0.16844690345534588 4.8850000000000007 28.095000000000002 1.5000000000000002 0 1 26.495000000000001 -7.1933333333333334 0.068133462282398458 5.4142857142857155 2 3 0.15907179675994113 12.353333333333335 -7.9683333333333319 3.5000000000000004 0.37166666666666753 0.043333333333333453 4 3.3875000000000006 5 22.460000000000004 3.5000000000000004 6
decision_type=2 2 2 2 2 2 10 2 2 2 1 1 2 2 8 10 1 1 10 2 2 2 2 2 1 8 1 2 2 1
left_child=3 15 4 10 5 25 9 21 11 -5 -1 20 -6 14 18 17 -8 -2 -12 -20 -9 -4 23 24 -23 26 -3 28 -27 -30
right_child=1 2 7 6 12 -7 16 8 -10 -11 13 -13 -14 -15 -16 -17 -18 -19 19 -21 -22 22 -24 -25 -26 27 -28 -29 29 -31
leaf_value=0.0017947780322009736 0.0049095968096894722 -0.0066519198478042166 0.0026008434623396308 -0.019989947356034689 -0.02065234760973186 -0.0078075159616480599 -0.012556189481592626 0.035407187730581414 0.0026689200280412433 -0.011321865574592242 -0.015400742799068071 0.01117529979985672 -0.0069589867506718662 -0.01263394358586431 -0.0078853181719037331 -0.029490101542068433 0.00057297459900962366 -0.019403003900186774 0.026346735326553319 -0.046212137096571342 -0.00042042124593587516 -0.0059105185892221546 0.0031115784182765456 -0.0094240759992896793 0.0019978249428058343 0.0045537358652101142 0.0095245680991396676 -0.0049613471902861727 -0.010162804322074195 0.003248663730089303
leaf_weight=719.20001589506865 60.800941783934832 190.40801380574703 3045.4420411214232 573.73134478181601 188.80503432452679 705.98153734207153 269.85586382448673 19.404464460909367 14398.099667832255 1230.4181968569756 22.115328952670097 880.88021444529295 727.82021518424153 403.51553192734718 184.13859032094479 185.63324363902211 328.64011618494987 136.99525380134583 77.787806987762451 5.2249181866645804 417.77695725113153 941.25606663525105 1159.9396499693394 477.41345625370741 1136.2005295455456 1125.519675321877 544.1906226798892 946.9322135746479 428.37920488789678 502.73730980977416
leaf_count=5997 884 1393 19209 6716 1981 5961 2825 130 89656 13711 192 5685 7258 3507 1606 4201 3357 2081 675 45 2709 6341 6764 3421 7653 8991 3901 7030 3574 4150
internal_value=-2.41034e-05 0.00112404 0.00142615 -0.00851805 -0.00240506 -0.000884044 -0.0119532 0.00233992 0.00311111 -0.0140784 -0.00267271 0.00794141 -0.00977952 -0.00723208 5.32943e-05 -0.0208093 -0.00554706 -0.0126623 0.0139583 0.0217798 0.00114364 0.000547061 -0.00113665 -0.0030654 -0.00160413 0.000423506 0.00537073 -0.000786462 0.00113577 -0.00299581
internal_weight=32035.2 28220.6 27837.2 3814.63 5360.77 4444.15 2402.65 22476.4 15716.2 1804.15 1411.98 1318.06 916.625 692.782 289.267 383.429 598.496 197.796 105.128 83.0127 437.181 6760.25 3714.81 2554.87 2077.46 3738.17 734.599 3003.57 2056.64 931.117
internal_count=231604 192973 185807 38631 44239 35000 26609 141568 98180 20427 12022 8524 9239 6025 2518 7166 6182 2965 912 720 2839 43388 24179 17415 13994 29039 5294 23745 16715 7724
cat_boundaries=0 1 2 3 4 5 6 7
cat_threshold=3684074 2706528 10697664 6840344 4436930 589851 5541173
is_linear=0
shrinkage=0.04


Tree=45
num_leaves=31
num_cat=8
split_feature=1 30 26 24 14 32 14 22 6 0 22 10 34 8 13 14 22 22 6 6 32 6 22 22 22 33 0 23 2 6
split_gain=176.714 113.209 46.6811 43.8214 27.7296 23.798 20.5023 20.333 17.533 16.4973 16.0308 18.0747 15.725 21.8821 17.4464 15.4888 18.7704 14.1254 13.3789 13.3148 14.5061 13.0915 12.7153 12.5843 12.1131 12.9121 11.7797 19.3875 11.5093 11.4123
threshold=1.5000000000000002 -2.4324999999999988 5.5000000000000009 36.82500000000001 4.3875000000000011 1.7850000000000004 4.7888888888888896 0 -0.053333333333333226 0.14691393298059968 1 3.5000000000000004 4.5000000000000009 20.055000000000003 6.5000000000000009 2.7071428571428577 2 3 0.041666666666666526 0.053333333333334128 3.6450000000000005 -0.026666666666666835 4 5 6 7 0.16844690345534588 23.110000000000003 57.465000000000011 -0.13333333333333328
decision_type=2 2 2 2 10 2 8 1 2 10 1 2 2 2 2 10 1 1 2 2 2 2 1 1 1 1 10 2 2 2
left_child=3 5 4 9 18 -2 15 26 -7 -1 19 -12 28 -14 23 16 -4 -10 29 20 -6 -9 -17 -15 -20 -26 27 -5 -11 -3
right_child=1 2 6 7 10 8 -8 21 17 12 11 -13 13 14 -16 22 -18 -19 24 -21 -22 -23 -24 -25 25 -27 -28 -29 -30 -31
leaf_value=-0.012921711090154914 -0.025447932240448803 -0.010087478470638322 0.013286353716952025 0.0710371663683277 -0.0038709776437981414 0.063888877094151114 -0.014962465022783344 -0.020848427916506762 0.019205179352527788 -0.0050088163066292594 -0.00074631168516421848 -0.010564999707307041 -0.026850371179609617 -0.0019988073013041479 -0.0029528409089947857 -0.0074427544198328172 -0.0035683222651786521 -0.016045298576272172 -0.0034905593139592092 -0.0096741538936776193 0.0069150684521547493 -0.012379130762345423 -0.0013374076691657949 0.022623774921412838 -0.0037415251786921734 0.0029267813292774337 0.0068155145935577576 -0.010200379791588127 0.031510578339680337 0.0028793508489737118
leaf_weight=311.00209675729275 307.88577976450324 109.23333534598351 196.76021829992533 4.7745832651853553 303.15949970111251 6.307393066585063 225.23607118427753 488.36169890314341 17.625183183699846 1516.7151691541076 623.99371609464288 577.69092098996043 31.333449855446815 50.365260951220989 127.01153436303139 876.83372240513563 212.81348849833012 47.18461649119854 1023.9316069707274 149.59118768572807 583.45945950970054 726.34939786791801 1458.6690938025713 121.31183750927448 575.86704254895449 2260.6856978014112 100.91952157765627 302.25486827641726 13.934606984257696 18695.886699914932
leaf_count=3210 6259 727 1292 41 2580 84 2215 5797 215 13849 4762 4507 280 447 1174 6603 1406 638 6960 1213 4175 8159 11024 1073 3870 15129 1032 3489 125 119499
internal_value=-4.80662e-06 0.00108372 0.00137897 -0.00811 0.0019443 -0.0206307 -0.00336085 -0.013083 0.000224624 -0.00439421 -0.00230352 -0.00542138 -0.00296888 0.00495043 0.00828644 -0.00240892 0.00476598 -0.00597128 0.00236371 0.00135152 0.00322702 -0.0156552 -0.00366717 0.0166016 0.000218823 0.00156462 -0.00491956 -0.00893706 -0.00467635 0.00280403
internal_weight=32047.1 28252.8 27873.8 3794.33 24903.5 379.003 2970.31 1622.66 71.1172 2171.67 2237.89 1201.68 1860.67 330.022 298.689 2745.08 409.574 64.8098 22665.6 1036.21 886.619 1214.71 2335.5 171.677 3860.48 2836.55 407.949 307.029 1530.65 18805.1
internal_count=231834 193158 185962 38676 163422 7196 22540 18518 937 20158 17237 9269 16948 2974 2694 20325 2698 853 146185 7968 6755 13956 17627 1520 25959 18999 4562 3530 13974 120226
cat_boundaries=0 1 2 3 4 5 6 7 8
cat_threshold=525838 2762666 9718706 10534936 788202 2428472 11602096 33
is_linear=0
shrinkage=0.04


Tree=46
num_leaves=31
num_cat=6
split_feature=30 31 14 6 22 31 18 18 22 24 17 14 22 22 22 8 15 6 0 17 20 24 24 11 14 0 5 17 14 22
split_gain=89.7658 27.5814 20.4538 18.6853 17.1247 15.8147 15.7931 14.5098 14.3818 14.7936 14.3615 13.6753 17.4883 13.108 13.0894 13.0375 11.4901 11.3841 11.1076 23.7848 14.13 11.0549 15.4959 12.5472 16.7396 10.8433 12.6091 12.4936 12.308 20.8328
threshold=-1.9508333333333332 5.5000000000000009 5.4365079365079376 -0.023333333333333869 0 5.5000000000000009 3.5000000000000004 5.5000000000000009 1 53.585000000000008 0.079999999999999988 3.4365079365079372 2 3 4 26.375000000000004 0.24707142857142861 -0.12333333333333261 0.15390856844305123 -0.27030423280423271 0.2678571428571429 20.855 36.680000000000007 41.500000000000007 3.2361111111111116 0.16554135460761968 6.6750000000000007 -0.2425925925925925 4.2361111111111116 5
decision_type=2 2 10 2 1 2 10 10 1 2 10 10 1 1 1 2 10 2 10 10 10 2 2 2 10 10 2 10 10 1
left_child=2 7 4 14 -1 6 -4 17 -5 15 -11 13 -13 18 -3 -10 -16 -2 20 -20 -9 -21 23 24 -23 -19 27 -27 -28 -30
right_child=1 3 5 8 -6 -7 -8 11 9 10 -12 12 -14 -15 16 -17 -18 25 19 21 -22 22 -24 -25 -26 26 28 -29 29 -31
leaf_value=0.0021905820316781969 -0.0084920684230461348 -0.0033745781742001487 0.10527118083875696 0.00050620654776391705 -0.014495082584899935 -0.028142922178431087 -0.0039313821388301312 -0.013035962691878235 -0.01448279609393288 0.0036579159080666591 0.055021510642933889 0.0022437983313699063 -0.0075419458199003919 -0.0018097169366923637 0.0064619638604823974 -0.0058059617153479771 0.06820710651329788 0.00028065605263671449 0.10212491783232358 -0.0239678212363417 0.043992386984610513 0.035336666675074846 0.007515017615786602 0.013745188570016562 0.12618301159474626 0.038025147207615746 0.0021396828135114925 0.0062499462444531584 0.0034047182660029728 -0.0062610425331750966
leaf_weight=142.0124999769032 205.52659605443478 359.19484739005566 2.4101374335587051 569.10072524473071 328.76368263736367 193.59183610230684 17.538390800356865 30.137510538101196 347.40101571753621 52.337676376104355 10.448671489953993 417.09874629229307 960.6010918840766 181.38639413565397 393.20652982592583 1368.6083846539259 4.8819803148508063 15508.807075351477 6.120312273502349 8.1490552201867086 9.0357225313782674 7.1538595706224459 29.74767042696476 8.3267392218112928 5.9397977218031883 20.411140710115433 8717.0908010452986 659.52265617996454 647.76646745949984 773.23225303739309
leaf_count=1817 1502 2946 33 4811 4357 4461 316 212 3068 404 75 3077 7098 1267 3216 11644 42 106540 45 58 64 51 207 58 41 151 59099 4571 4656 5614
internal_value=-4.91328e-05 0.000264186 -0.0143806 -0.0033138 -0.00972312 -0.0246486 0.00926223 0.000658223 -0.005076 -0.00682642 0.0122057 -0.00296544 -0.00461777 0.00499411 0.00214978 -0.00756256 0.00704228 0.000885443 0.0154842 0.0270491 0.000118232 0.0193028 0.0261941 0.0521348 0.0765481 0.00095865 0.00193063 0.00720382 0.00157697 -0.00187498
internal_weight=31985.6 31301.2 684.317 3105.18 470.776 213.54 19.9485 28196.1 2347.9 1778.8 62.7863 1663.7 1377.7 285.997 757.283 1716.01 398.089 26532.4 104.611 65.4374 39.1732 59.3171 51.1681 21.4204 13.0937 26326.8 10818 679.934 10138.1 1421
internal_count=231501 220517 10984 26206 6174 4810 349 194311 20002 15191 479 12178 10175 2003 6204 14712 3258 182133 736 460 276 415 357 150 92 180631 74091 4722 69369 10270
cat_boundaries=0 1 2 3 4 5 6
cat_threshold=6439448 336260 2123394 5441649 842901 7739689
is_linear=0
shrinkage=0.04


Tree=47
num_leaves=31
num_cat=6
split_feature=1 30 14 12 9 26 26 22 29 6 24 22 6 22 30 4 6 6 22 16 6 32 15 9 2 15 7 20 6 22
split_gain=152.806 94.6351 49.2094 46.8768 37.8821 24.8251 21.2664 18.8464 19.1427 17.9862 16.5677 16.2826 15.7389 15.0276 14.6223 13.9733 16.492 13.8584 13.705 13.3868 12.994 12.7234 16.5098 16.039 12.6797 11.9098 11.7372 11.4943 12.2561 11.4211
threshold=1.5000000000000002 -2.5758333333333323 3.8819444444444451 0 -4.2366666666666655 4.5000000000000009 5.5000000000000009 1 4.3250000000000011 -0.0033333333333334099 3.9350000000000005 2 -1.0000000180025095e-35 3 -1.0900000000000003 1500.0000000000002 0.048333333333333346 0.021833333333333375 4 0.10555555555555557 -0.13333333333333328 6.6050000000000013 0.15816666666666671 5.7999999999999998 12.880000000000001 0.15050000000000005 5.5000000000000009 0.15476190476190479 -0.036666666666667506 5
decision_type=2 2 10 1 2 2 2 1 2 2 2 1 2 1 2 2 2 2 1 8 2 2 8 2 2 8 2 10 2 1
left_child=3 10 6 17 11 7 20 24 14 -8 -2 -4 13 -7 -9 -5 18 -1 -17 -20 -3 22 -19 -24 -6 -16 -10 28 -27 -14
right_child=1 2 4 15 5 12 9 8 26 -11 -12 -13 29 -15 25 16 -18 21 19 -21 -22 -23 23 -25 -26 27 -28 -29 -30 -31
leaf_value=-0.01675361598763259 -0.023829442773292301 -0.011812063200833568 -0.0019346685936675807 0.010779095818669093 -0.016079837248747397 0.005834146540551745 0.0026946992805640486 0.0015889467139308391 0.0039337735970838717 -0.0050678218249459277 0.0082191980175722653 -0.0092672447511162534 -0.0013548526690732091 -0.004394890799145997 -0.00091064235087748183 -0.00081573062520287772 0.0063979505627714886 -0.0070970500548515163 -0.00038389285269225192 -0.0093265202816432777 0.0029323627554676728 -0.015054846228027796 0.042751801371049884 -0.04437033880174579 3.0268100563569027e-05 0.035613430468758644 -0.0071252187295534897 -0.010380214277943216 0.015765073912315776 -0.0095870516335292127
leaf_weight=867.34867991507053 278.85257281735539 96.124379701912403 885.53899988532066 91.371397785842419 83.242642216384411 464.22392465919256 872.44057727605104 197.56486908346415 964.90890848636627 1055.252048548311 28.440840523689985 1112.4867901802063 478.31183050572872 436.39094249159098 67.896128550171852 630.6149924993515 184.78928345441818 45.355674095451832 325.06367041915655 1521.329007871449 18695.528156027198 77.328121021389961 25.722587481141094 3.892592951655387 1282.4598203338683 59.070596218109131 182.61060579866171 22.771064907312393 316.36535198241472 650.66070972383022
leaf_count=10738 5992 637 6713 857 593 3702 6021 1820 6218 7646 319 8538 4015 3495 476 5816 1706 536 2924 14846 118485 934 294 44 8882 400 1249 155 2205 5376
internal_value=0.000202969 0.00121338 0.00145632 -0.00735769 -0.0013913 0.000405516 0.0024465 0.0026132 0.00527213 -0.00155464 -0.0208633 -0.00607346 -0.00305014 0.00089367 0.0107086 -0.00458491 -0.00512954 -0.0146558 -0.00598951 -0.00771038 0.00285694 -0.00367096 0.00807087 0.0313005 -0.000944761 0.0145741 0.0021739 0.0172143 0.018888 -0.00619623
internal_weight=32004 28231.1 27923.8 3772.82 7204.5 5206.48 20719.3 3176.89 1811.19 1927.69 307.293 1998.03 2029.59 900.615 663.668 2753.17 2661.8 1019.65 2477.01 1846.39 18791.7 152.299 74.9709 29.6152 1365.7 466.103 1147.52 398.207 375.436 1128.97
internal_count=231632 192937 186626 38695 53837 38586 132789 21998 12523 13667 6311 15251 16588 7197 5056 26149 25292 12546 23586 17770 119122 1808 874 338 9475 3236 7467 2760 2605 9391
cat_boundaries=0 1 2 3 4 5 6
cat_threshold=1 5525986 2289898 15831668 1057866 13126679
is_linear=0
shrinkage=0.04


Tree=48
num_leaves=31
num_cat=8
split_feature=1 29 23 31 1 32 18 22 6 15 22 34 7 22 10 23 6 12 23 22 1 25 13 32 22 25 19 0 22 22
split_gain=137.511 84.559 50.576 47.3922 29.5809 24.8658 23.2732 21.5815 16.5077 16.3751 16.3475 19.0087 16.1987 16.4702 16.1662 15.7637 15.3634 13.7478 12.9862 16.8587 12.7138 26.0433 20.8066 19.0493 15.0796 14.5859 12.9311 18.5416 17.8484 14.2025
threshold=1.5000000000000002 1.6150000000000004 24.755000000000006 4.5000000000000009 5.5000000000000009 2.1650000000000005 1.5000000000000002 0 -0.0049999999999994485 0.15105555555555558 1 6.5000000000000009 4.5000000000000009 2 5.5000000000000009 21.140000000000004 0.04500000000000038 3 16.140000000000004 4 3.5000000000000004 10.143333333333334 4.5000000000000009 5.785000000000001 5 9.9650000000000034 0.45000000000000007 0.13002127659574472 6 7
decision_type=2 2 2 2 2 2 10 1 2 10 1 2 2 1 2 2 2 1 2 1 2 2 2 2 1 2 10 10 1 1
left_child=2 5 -1 12 7 -2 -4 17 -6 -8 -11 -12 15 -14 -9 16 18 -5 -3 -20 21 22 24 26 -17 -24 29 -28 -29 -22
right_child=1 3 6 4 8 -7 9 14 -10 10 11 -13 13 -15 -16 20 -18 -19 19 -21 23 -23 25 -25 -26 -27 27 28 -30 -31
leaf_value=0.0011919720514942198 -0.02638796488135834 -0.00024956718617305594 -0.015270212834043766 -0.012429695042177683 -0.0013896041637868133 0.02760928314400635 -0.011799823618894001 0.0028339130528599317 -0.010592308561390113 -0.0094513806057996835 -0.0014604852680588252 0.032758988337533143 0.0028249424074114128 -0.0014442155030792905 -0.0050101251889703045 -0.0075813650683765697 0.04709754653038168 -0.0021370712791416932 0.023826696538493494 0.0065424632388903711 0.0042827976647098493 -0.0023239822912408318 0.0049594944478736627 0.0056138139202131744 0.001885059711697046 0.038249185095510896 -0.013017066751270422 0.014825520536333821 0.0032075170519234525 -0.0018595908671273371
leaf_weight=871.14887224882841 219.31923272833228 231.00028587132692 870.764583081007 216.5592537522316 510.19974831864238 14.550479039549826 811.85900238156319 2969.1557546630502 802.2833736166358 539.87992271780968 610.57410065829754 27.127206310629845 2505.4720898866653 3391.2981858998537 489.72443779185414 382.13190950453281 16.120472274720669 2730.4406761974096 119.97370433807373 393.87543745338917 883.24196775257587 2176.923224568367 2521.3571997135878 3844.7475456744432 851.77824011445045 21.23615887761116 82.474841825664043 296.47703475505114 745.95346734672785 1839.2445495203137
leaf_count=7463 5031 1485 10118 2122 4898 130 9019 22423 7914 5512 6146 266 15902 21513 3847 2358 105 20664 766 2481 5471 13930 15623 22778 5230 131 496 1777 4498 11365
internal_value=-2.91861e-05 0.000923882 -0.00724626 0.00112379 -0.00154422 -0.0230285 -0.00981634 -0.000423335 -0.00701495 -0.00742922 -0.004416 -4.74701e-06 0.00213804 0.000372044 0.00171835 0.00286088 0.00846389 -0.0029329 0.00762776 0.011169 0.00254842 0.00116058 0.00316921 0.00362256 -0.00109278 0.00523754 0.00163268 0.00524029 0.00668478 0.000142053
internal_weight=31986.9 28255.5 3731.35 28021.7 7718.36 233.87 2860.2 6405.88 1312.48 1989.44 1177.58 637.701 20303.3 5896.77 3458.88 14406.5 760.97 2947 744.849 513.849 13645.6 5953.43 3776.5 7692.14 1233.91 2542.59 3847.39 1124.91 1042.43 2722.49
internal_count=231462 192938 38524 187777 61868 5161 31061 49056 12812 20943 11924 6412 125909 37415 26270 88494 4837 22786 4732 3247 83657 37272 23342 46385 7588 15754 23607 6771 6275 16836
cat_boundaries=0 1 2 3 4 5 6 7 8
cat_threshold=1841341 10735702 6900364 8 1116768 264359 1544224 12605708
is_linear=0
shrinkage=0.04


Tree=49
num_leaves=31
num_cat=9
split_feature=1 14 12 30 1 13 22 22 23 10 23 6 9 26 22 3 26 9 30 23 1 14 23 22 22 32 15 22 22 22
split_gain=128.981 84.0087 48.8795 45.6734 48.671 25.6318 20.6747 19.6802 18.2814 17.9892 17.7315 16.7397 16.248 14.5989 14.4504 14.2231 13.9776 15.8445 13.8747 12.6616 19.9682 15.3392 16.6928 17.2541 15.6658 12.8545 12.3368 12.2666 11.7646 11.752
threshold=1.5000000000000002 5.4365079365079376 0 0.029999999999999586 5.5000000000000009 7.5000000000000009 1 2 24.755000000000006 3.5000000000000004 27.090000000000003 -0.05000000000000026 -5.5874999999999995 5.5000000000000009 3 0.33265856950067479 3.5000000000000004 0.39499999999999785 -1.3900000000000001 34.160000000000004 2.5000000000000004 3.4142857142857146 48.055000000000007 4 5 5.245000000000001 0.14612500000000003 6 7 8
decision_type=2 10 1 2 2 2 1 1 2 2 2 2 2 2 1 10 2 2 2 2 2 10 2 1 1 2 8 1 1 1
left_child=2 3 14 4 5 9 18 12 -4 10 -2 -11 -6 -13 -1 19 17 -3 -7 26 -21 28 24 -24 -23 -26 -5 -15 -22 -17
right_child=1 16 8 15 7 6 -8 -9 -10 11 -12 13 -14 27 -16 29 -18 -19 -20 20 21 22 23 -25 25 -27 -28 -29 -30 -31
leaf_value=-0.020251844337922941 0.0029351416357815702 -0.018038569834608251 0.00061889454752600515 0.00049747615175871807 -0.012570398977704409 -0.010768392045099986 0.0051036596525745109 -0.0094143383372987752 -0.0063991906899696126 0.0069901476745474825 -0.0034590400069122039 -0.0031696196376888737 0.00088705510280695293 -0.0010147536916149693 -0.0098405957017829882 -0.016490363950326895 -0.024593334989467891 0.050780046797381885 0.00077137424208314825 -0.0011384736948434992 0.0019191062765705124 0.006024514387582872 0.0090186202076121529 -0.011694472635281662 -0.0094293726518274671 0.0013066170934556698 0.0062759183441307544 -0.015918126468175538 0.005182673341440314 0.00035914316228062814
leaf_weight=431.43778605014086 2100.3128804564476 13.989910092204811 877.3109295219183 764.43739354610443 177.07525472342968 182.12433968484402 2584.7405935637653 1215.4024224169552 1838.1534122899175 219.52829725295305 1036.2518292590976 2115.988053355366 758.11992752552032 141.20610209554434 576.39084739983082 100.16304181516171 236.42916361987591 8.6703929565846902 1969.0681673064828 2319.0876291394234 3058.606796875596 702.10964217782021 75.000606343150139 305.4821048527956 260.77084465324879 565.1712978631258 2607.9014317467809 280.00803783535957 4314.271158978343 173.99948000907898
leaf_count=5469 15592 156 7505 4617 1641 1757 18295 11023 18486 1563 6835 15223 6559 1154 7203 657 5073 104 13576 15029 18137 4242 456 1859 1576 3409 15645 2317 25485 1109
internal_value=3.42277e-05 0.000955447 -0.00696429 0.00116504 -0.000598699 0.000511654 0.00270282 -0.00608657 -0.00411663 -0.0012492 0.000822645 -0.00360651 -0.00164348 -0.00452337 -0.0144527 0.00264338 -0.021717 0.00829314 -0.000204655 0.0028087 0.00218154 0.00301109 -0.00018503 -0.00768184 0.00168167 -0.00205809 0.00496607 -0.011324 0.00383843 -0.00638507
internal_weight=32009.2 28285.9 3723.29 28026.8 12779.8 10629.2 4735.93 2150.6 2715.46 5893.3 3136.56 2756.73 935.195 2537.2 1007.83 15247 259.089 22.6603 2151.19 14972.8 11600.5 9281.41 1908.53 380.483 1528.05 825.942 3372.34 421.214 7372.88 274.163
internal_count=231752 193089 38663 187756 95535 76312 33628 19223 25991 42684 22427 20257 8200 18694 12672 92221 5333 260 15333 90455 70193 55164 11542 2315 9227 4985 20262 3471 43622 1766
cat_boundaries=0 1 2 3 4 5 6 7 8 9
cat_threshold=1 1980557 5857310 14926656 148608 9081671 6386692 1975878 8971322
is_linear=0
shrinkage=0.04


Tree=50
num_leaves=31
num_cat=7
split_feature=1 30 23 30 6 29 11 0 1 22 22 31 6 31 22 22 22 23 17 6 34 7 25 9 22 7 22 2 2 32
split_gain=98.4299 87.2142 40.1109 30.2087 27.2801 23.8878 23.93 22.0198 21.025 20.4133 20.2657 15.609 14.8731 14.7021 14.4395 14.3032 14.0144 13.7195 13.3273 13.1801 13.0565 13.0447 12.7506 12.5849 12.4623 16.3913 12.1547 13.9008 11.8297 11.4963
threshold=1.5000000000000002 -1.5999999999999992 28.820000000000004 -0.13499999999999931 0.0016666666666664833 1.6150000000000004 25.500000000000004 0.14634003773330642 5.5000000000000009 0 1 3.5000000000000004 -0.034999999999999691 4.5000000000000009 2 3 4 29.430000000000003 -0.25413359788359774 0.021666666666666948 5.5000000000000009 5.5000000000000009 13.052666666666665 -5.9899999999999993 5 1.5000000000000002 6 45.285000000000004 45.840000000000011 5.5750000000000011
decision_type=2 2 2 2 2 2 2 10 2 1 1 2 2 2 1 1 1 2 10 2 2 2 2 2 1 2 1 2 2 2
left_child=2 5 24 4 10 6 13 16 15 11 18 19 -12 -2 -9 -6 -4 26 28 -10 -16 22 -7 -13 -1 -26 -5 -28 -3 -20
right_child=1 3 7 17 8 21 -8 14 9 -11 12 23 -14 -15 20 -17 -18 -19 29 -21 -22 -23 -24 -25 25 -27 27 -29 -30 -31
leaf_value=0.0037089742136041399 0.046990512089399389 -0.0086407874832746239 0.0041857326140185653 0.00028272899190437346 -0.0041295466849374639 -0.005869834697109476 0.027207047959810705 -0.010838841131031948 0.080176749126302738 -0.013129218099869496 0.002934581306561906 -0.018173986623747827 -0.0036873430637175877 -0.027198916865488695 -0.0049904453763767384 0.00045139193614457076 -0.016704305905392659 0.0016423977880945892 0.0036891401723196551 0.012869063770031948 0.010687645989993748 -0.019987459020655188 0.0664524026158443 0.0006693379384929228 -0.015434446806391139 -0.00065239597415213163 0.0057199538041957506 0.02033932762221017 0.037575348756929243 0.010974358846850813
leaf_weight=597.55829502642155 4.3641036637127391 167.17169544100761 57.969913929700851 683.69114711135626 1863.2797072008252 694.95403948426247 14.648384194821118 782.14543870091438 6.2252646461129215 526.93692569434643 903.90101937204599 70.609993472695351 1358.0404899567366 206.55237670987844 869.2164176478982 2611.6363655552268 653.13276337832212 14828.800550155342 1603.0360301956534 18.452836476266384 94.199148632586002 115.26914945989847 3.922385409474372 288.06466685980558 159.54469009488821 484.51968854665756 1663.2795440480113 111.00964703410864 9.3574858754873258 442.16684453189373
leaf_count=4990 53 1249 704 4197 13693 8049 137 8685 44 4759 6395 650 9656 4989 9465 18934 8101 90326 11363 136 986 1490 37 2453 1408 4260 10119 673 70 2972
internal_value=-0.00014694 0.00065785 -0.00628258 0.00109315 -0.000672557 -0.0107116 -0.0222304 -0.00924409 -0.00259151 -0.00813304 0.00163224 -0.0008996 -0.00103655 -0.0256639 -0.006827 -0.00146425 -0.0151774 0.00210118 0.0043345 0.029848 -0.00342198 -0.00752022 -0.00546393 -0.00304023 -0.000422966 -0.00424818 0.00486899 0.00659744 -0.00619096 0.00526418
internal_weight=31893.7 28195.4 3698.29 27155.7 9868.88 1039.71 225.565 2456.66 5385.21 910.29 4483.67 383.353 2261.94 210.916 1745.56 4474.92 711.103 17286.8 2221.73 24.6781 963.416 814.146 698.876 358.675 1241.62 644.064 2457.98 1774.29 176.529 2045.2
internal_count=231043 192444 38599 177689 72374 14755 5179 27941 40669 8042 31705 3283 16051 5042 19136 32627 8805 105315 15654 180 10451 9576 8086 3103 10658 5668 14989 10792 1319 14335
cat_boundaries=0 1 2 3 4 5 6 7
cat_threshold=1679391 9900914 10982280 9507419 10 1618286 117258
is_linear=0
shrinkage=0.04


Tree=51
num_leaves=31
num_cat=9
split_feature=14 26 25 14 31 15 23 22 22 11 22 30 20 14 9 9 22 14 22 22 19 13 8 23 22 17 22 14 16 22
split_gain=70.4542 22.8994 19.8153 16.4113 15.9719 15.7852 15.1334 14.8142 14.0108 13.157 12.8515 12.7392 12.2169 11.8972 12.1506 12.5774 13.8598 11.5429 17.05 11.5323 12.5253 12.7202 11.43 11.2098 10.8636 10.2258 10.137 11.7695 22.1123 9.93438
threshold=5.3166666666666673 4.5000000000000009 -14.23833333333333 4.2928571428571436 5.5000000000000009 0.1468333333333334 21.140000000000004 0 1 48.500000000000007 2 2.1091666666666673 0.31666666666666671 3.8166666666666669 -4.2366666666666655 2.036666666666664 3 2.0500000000000003 4 5 0.55000000000000016 1.5000000000000002 32.095000000000006 63.565000000000005 6 -0.18320105820105811 7 4.7638888888888902 1.0000000180025095e-35 8
decision_type=10 2 2 10 2 8 2 1 1 2 1 2 8 10 2 2 1 8 1 1 10 2 2 2 1 8 1 10 10 1
left_child=1 2 7 19 5 22 8 12 -4 10 -5 13 -1 17 -15 16 -16 18 -8 20 21 -3 -2 -22 -19 26 27 28 -10 -7
right_child=4 3 6 9 -6 29 11 -9 25 -11 -12 -13 -14 14 15 -17 -18 24 -20 -21 23 -23 -24 -25 -26 -27 -28 -29 -30 -31
leaf_value=0.021007029140339285 -0.0020347361587278899 0.0096868302919794185 -1.1253781160739223e-05 0.0016520177745037105 -0.023407763108821304 0.0077889203798040922 0.0019560547411090739 0.0029299311241612553 0.058793023145642734 -0.011555742011660789 -0.0065042335394156084 -0.0056153588485246646 -0.020303936104282123 -0.0054922842725205392 0.0066229324085452148 -0.0033062324538250514 -0.0016035576078059621 -1.598418210474819e-05 -0.0094508066502851529 -0.0022911947155525294 0.0051305289306261071 -0.0011742100836435768 0.094429412266314558 0.0588003062130312 0.0021052980999503681 0.0084044237896877434 -0.0047578455324443977 -0.016372061758813897 0.0041002142788354552 -0.017546941646929916
leaf_weight=172.55286429822445 3.6601760126650325 186.41837131604552 923.49852205440402 519.47256913408637 247.84985097870231 34.552594821900129 422.8828489035368 311.8563014306128 18.05192456394434 396.13859697431326 750.43333651870489 570.43890722095966 12.268190253525971 970.1535367295146 639.06300347298384 1115.8907263204455 659.14512047171593 7109.9065168872476 404.41787581890821 3699.6604359447956 722.67132273316383 2316.2900872603059 4.2443073615431786 6.2808398008346549 8461.2766082510352 997.13809958100319 206.21492439508438 15.861655049026011 34.301862552762032 57.880209363996983
leaf_count=1285 40 1315 6963 4798 5480 339 2983 2296 141 3257 6990 4006 84 6905 4451 7751 4566 48265 2851 27178 5092 17244 41 45 57484 7207 1687 137 276 620
internal_value=-6.18968e-05 0.000135017 0.000792271 -0.00162673 -0.0179568 -0.00449218 0.000618189 0.00869528 0.00377366 -0.00519135 -0.00320602 0.000277875 0.0173273 0.000447807 -0.00171148 -0.000192083 0.00248472 0.000893431 -0.00371067 -0.00076992 0.000975732 -0.000365208 0.0497616 0.00559296 0.00113805 0.00647171 -0.000314954 0.0120473 0.0229586 -0.00913175
internal_weight=31990.5 31642.3 23044.9 8597.37 348.187 100.337 22548.2 496.677 2195.07 1666.04 1269.91 20353.2 184.821 19782.7 3384.25 2414.1 1298.21 16398.5 827.301 6931.32 3231.66 2502.71 7.90448 728.952 15571.2 1271.57 274.43 68.2154 52.3538 92.4328
internal_count=231777 225257 159338 65919 6520 1040 155673 3665 16411 15045 11788 139262 1369 135256 23673 16768 9017 111583 5834 50874 23696 18559 81 5137 105749 9448 2241 554 417 959
cat_boundaries=0 1 2 3 4 5 6 7 8 9
cat_threshold=2119865 14163013 6898763 4353721 3065371 12994032 2540187 172288 581809
is_linear=0
shrinkage=0.04


Tree=52
num_leaves=31
num_cat=7
split_feature=14 26 14 0 25 22 10 22 23 0 5 24 25 22 22 22 7 8 22 14 3 22 11 7 15 9 29 25 7 5
split_gain=73.6656 24.4783 17.2517 17.2074 21.9368 22.6963 14.0444 16.7258 12.3446 16.9733 16.8485 27.6735 12.0614 15.4615 11.8424 11.0834 15.0153 13.4377 11.018 11.538 13.4611 15.4259 11.8261 10.827 10.7658 12.6332 10.3906 10.1066 13.0787 10.0575
threshold=5.4365079365079376 4.5000000000000009 3.8819444444444451 0.16554135460761968 -12.72583333333333 0 2.5000000000000004 1 32.935000000000009 0.15765184453227934 6.8650000000000011 7.4300000000000006 32.372500000000009 2 3 4 4.5000000000000009 63.735000000000007 5 2.9500000000000006 0.11704722366372601 6 53.500000000000007 1.5000000000000002 0.15612500000000004 -8.2149999999999963 4.4050000000000011 -21.917499999999997 3.5000000000000004 6.6350000000000007
decision_type=10 2 8 8 2 1 2 1 2 10 2 2 2 1 1 1 2 2 1 10 10 1 2 2 8 2 2 2 2 2
left_child=1 3 18 4 5 -1 7 -5 9 10 11 -7 14 -14 -8 16 17 -4 -3 20 21 22 -20 -6 -15 -26 -12 -2 -29 -17
right_child=27 2 15 6 23 8 12 -9 -10 -11 26 -13 13 24 -16 29 -18 -19 19 -21 -22 -23 -24 -25 25 -27 -28 28 -30 -31
leaf_value=-0.0019619268011722467 -0.029783060523627888 0.0017147079540379047 0.0012192664481967563 0.007564165852833927 -0.0024251682116962527 0.042273701506460266 -0.0013810326150890868 0.0019408864097056875 0.0092818115218949067 0.010246030874709487 -0.033216352387641389 0.12307914202296236 -0.0066586088639434072 -0.007130487428986464 0.0022991781090313502 0.016777159939576975 -0.0069071996207380896 0.062199934556242252 0.0095533640803543134 -0.003751084815634579 -0.0085080532040743128 -0.0010665824198756542 0.050557496740308391 0.00043084369776220688 -0.0092068814172303701 0.049866405184156193 0.043882755844096517 -0.0022166827087112622 -0.026615660123121759 -0.0063443674061591697
leaf_weight=115.09505951404572 117.56550486385822 2673.7198991887271 1004.2495461776853 1462.3662991188467 2651.6450098268688 29.077217940241098 2239.753879442811 2046.2278049886227 55.404990270733833 30.102728776633739 5.6047712415456754 8.8435714989900571 33.942679427564144 9.2739975303411466 3698.075511328876 30.629092179238796 499.63616032898426 5.8152290545403948 298.08236438781023 1796.0347223058343 162.81772824376822 397.35132328420877 11.695575378835199 10668.223227713257 6.8993446528911582 36.099139198660851 5.5825224071741104 73.42289824411273 67.436532434076071 1744.5589967407286
leaf_count=817 2950 19198 8433 10096 19514 214 15598 14066 368 224 46 62 234 62 25694 256 4422 46 2059 13089 1143 2778 84 72378 47 250 38 1261 1209 15021
internal_value=0.000145368 0.000318618 -0.00149981 0.000997477 8.24921e-05 0.0118286 0.00229995 0.00431173 0.0221218 0.0338956 0.0483926 0.0611185 0.00112822 0.015982 0.000912546 -0.0037807 -0.00122717 0.00157035 -9.66402e-05 -0.0019125 0.00186132 0.00424889 0.0107543 -0.000137715 0.0268254 0.0403878 0.00525654 -0.0211244 -0.0138977 -0.00591212
internal_weight=31985.2 31726.8 8624.59 23102.2 13569.6 249.711 9532.64 3508.59 134.616 79.2108 49.1081 37.9208 6024.04 86.2152 5937.83 3284.89 1509.7 1010.06 5339.7 2665.98 869.947 707.129 309.778 13319.9 52.2725 42.9985 11.1873 258.425 140.859 1775.19
internal_count=231657 226237 66529 159708 93661 1769 66047 24162 952 584 360 276 41885 593 41292 28178 12901 8479 38351 19153 6064 4921 2143 91892 359 297 84 5420 2470 15277
cat_boundaries=0 1 2 3 4 5 6 7
cat_threshold=3908388 601436 3326520 902344 15225964 2053584 4196898
is_linear=0
shrinkage=0.04


Tree=53
num_leaves=31
num_cat=1
split_feature=1 31 14 12 26 9 25 17 11 14 23 32 3 17 3 6 27 3 1 30 7 13 26 14 14 24 2 9 9 25
split_gain=106.447 71.8135 55.287 41.683 19.7387 18.6299 15.9535 15.3692 14.3464 14.0546 14.3522 13.1766 13.1379 12.8139 14.0966 13.983 12.7391 12.9357 12.1149 23.6674 21.4827 13.9968 14.0214 13.8612 13.1734 19.4065 13.7852 12.8675 12.8234 12.7333
threshold=1.5000000000000002 5.5000000000000009 5.3166666666666673 0 4.5000000000000009 -2.9266666666666636 -14.23833333333333 -0.14255952380952377 41.500000000000007 4.4722222222222232 28.095000000000002 4.9250000000000007 0.09438011174993928 0.075925925925926022 0.067718708499335992 0.01166666666666716 5.5000000000000009 0.05630754222303519 3.5000000000000004 0.74000000000000055 4.5000000000000009 5.5000000000000009 2.5000000000000004 2.0500000000000003 1.5277777777777779 33.975000000000001 35.490000000000002 2.96166666666667 -3.3463333333333334 11.263333333333332
decision_type=2 2 10 1 2 2 2 8 2 10 2 2 8 10 10 2 2 8 2 2 2 2 2 10 10 2 2 2 2 2
left_child=3 4 5 -1 6 8 -2 -5 11 10 -8 -3 13 14 15 -6 -9 -18 21 20 27 -12 23 -23 25 -24 -27 -20 -22 -30
right_child=1 2 -4 7 12 -7 9 16 -10 -11 18 -13 -14 -15 -16 -17 17 -19 19 -21 28 22 24 -25 -26 26 -28 -29 29 -31
leaf_value=-0.013320065435715161 0.010110547798073063 -0.0075345219851659121 -0.023489240770572635 0.0022942627994971682 0.00059052491236016196 -0.0010331323190024288 0.0047224522298664647 -0.0060278331433465393 -0.013815254221957039 -0.0027389994680401368 -0.0019896669477451586 0.0054480231288153123 -0.0029656134700997549 0.0050648240423588212 0.0032122234899605606 -0.0067683619197043332 -0.011004748386184562 0.014813149255368261 0.0010387901117456398 0.0051583999074541181 -0.0080125942911138878 -0.011583166816524014 -0.018087509349792755 0.00074616416077928139 0.0043496723570768609 0.094095248975794646 0.018525627677883866 0.0064954166845527499 -0.0031281228154755431 0.0069519076675489478
leaf_weight=980.84115451574326 409.06867740675807 451.39565705135465 230.04443774744868 547.4914437904954 942.82542787492275 2108.022646587342 3371.3262686207891 2010.6041369661689 377.41405142843723 904.44667521491647 2314.715635612607 173.03318098932505 2029.6919674538076 942.72275947034359 1087.5065554454923 735.37620244175196 46.068198576569557 95.249358400702477 2170.2317984029651 3770.5765987932682 531.07742363959551 158.00278593599796 7.5067458599805859 1903.9833979904652 1580.8599265962839 8.6047717332839948 7.0075707733631125 1014.7706932723522 719.22029080986977 278.01940176635981
leaf_count=12587 2816 4573 5394 4985 6311 18644 22177 19682 3321 6280 14525 1371 14218 5938 7512 5232 431 900 13521 21376 3529 1038 47 12083 9832 54 44 6282 4750 1769
internal_value=0.000106082 0.000940305 -0.00456715 -0.00629239 0.00167941 -0.00316744 0.00229605 -0.0036759 -0.00765832 0.00212547 0.00237215 -0.00393698 -0.000378481 0.0010375 -0.000335255 -0.00263409 -0.00521191 0.00639676 0.00182435 0.00279631 0.000906669 0.00044559 0.00198323 -0.000198589 0.00478805 0.0347639 0.060176 0.00277732 -0.00299176 -0.000317922
internal_weight=31907.7 28227.5 3339.91 3680.25 24887.5 3109.87 19149.4 2699.41 1001.84 18740.3 17835.9 624.429 5738.12 3708.43 2765.71 1678.2 2151.92 141.318 14464.6 8483.9 4713.32 5980.68 3665.97 2061.99 1603.98 23.1191 15.6123 3185 1528.32 997.24
internal_count=231222 192637 33303 38585 159334 27909 120123 25998 9265 117307 111027 5944 39211 24993 19055 11543 21013 1331 88850 51227 29851 37623 23098 13121 9977 145 98 19803 10048 6519
cat_boundaries=0 1
cat_threshold=1
is_linear=0
shrinkage=0.04


Tree=54
num_leaves=31
num_cat=8
split_feature=1 30 31 14 1 14 7 22 22 26 0 22 3 22 27 10 22 26 29 0 3 22 23 31 22 30 23 14 22 17
split_gain=110.77 71.0496 42.0293 30.6713 31.9879 22.9156 21.6507 15.9858 15.2639 23.1254 17.0964 14.635 14.6229 14.1147 14.1003 13.0405 13.0332 12.8211 12.3985 12.3937 12.1734 15.8289 13.3522 21.4439 19.9651 12.6117 14.9042 12.3849 16.3844 11.7777
threshold=1.5000000000000002 -1.7116666666666664 1.5000000000000002 3.5277777777777781 5.5000000000000009 5.4365079365079376 1.5000000000000002 0 1 4.5000000000000009 0.15847889651665398 2 0.1540155879362928 3 8.5000000000000018 1.5000000000000002 4 5.5000000000000009 6.9750000000000005 0.21150221238938058 0.24078921853790966 5 27.635000000000002 5.5000000000000009 6 0.16833333333333325 47.925000000000004 4.3875000000000011 7 0.03333333333333334
decision_type=2 2 2 10 2 10 2 1 1 2 8 1 10 1 2 2 1 2 2 10 10 1 2 2 1 2 2 10 1 10
left_child=2 5 13 12 20 8 11 -6 9 29 17 -4 16 -1 -8 -16 19 -11 -18 -3 22 -22 23 27 -25 -24 -27 28 -5 -2
right_child=1 3 6 4 7 -7 14 -9 -10 10 -12 -13 -14 -15 15 -17 18 -19 -20 -21 21 -23 25 24 -26 26 -28 -29 -30 -31
leaf_value=-0.0006103110610689498 0.018694052236824278 0.0012239490887227622 -0.0030948787571110693 0.0083981611692274232 -0.0012448353859104086 -0.022838897604216039 -0.0026087402877259429 -0.0093810098906940125 -0.011673447811185979 0.069291564046900705 -0.0096901127375997927 -0.014283640937759632 -0.0015800693171812994 -0.016910733109575277 0.064988566984243476 0.0098013229139607225 0.0042835634062938152 0.0049608850575709211 -0.00060686096306496705 0.016877690169998218 0.018100508064989619 -0.0015308810349568636 -0.0038107598213134499 0.0022228746157141326 -0.0086109988211630628 0.0020597381407941001 -0.0082105317544005438 -0.0004776538153302151 0.0019619943303942544 0.092517287095062739
leaf_weight=109.23645911365747 52.593417432159185 6856.4761179536581 338.86283362656832 1063.6118768751621 730.78073238953948 187.54645075276494 2044.77899158746 840.60536619648337 400.82083480805159 7.7402215413749227 174.44004441425204 470.1494927033782 1390.7862817198038 653.59357982873917 8.2860110625624639 39.549011491239071 7617.8830304071307 13.784570597112179 930.81391482055187 81.891836889088154 131.30394876003265 127.46607851982117 1896.5553081706166 533.08929724991322 542.93594461679459 1753.030156686902 259.55465178191662 1094.6354742869735 1592.4369364157319 3.7010944560170165
leaf_count=1381 571 43164 3461 7110 5745 4888 20073 6719 5087 93 2255 4834 8932 8411 74 365 47877 167 5672 544 917 890 12763 4426 4553 10594 1621 7701 10572 29
internal_value=9.21735e-05 0.000939936 -0.00645137 0.00129081 -0.000399271 -0.0105149 -0.0042549 -0.00566486 -0.00697575 0.000915015 -0.00553991 -0.00981193 0.00234884 -0.0148062 -0.00210654 0.0193609 0.00270167 0.0280939 0.00374669 0.00140668 0.000520643 0.00907071 0.000267376 0.00167472 -0.003303 -0.0014703 0.000735224 0.00310276 0.00457836 0.0235476
internal_weight=31948.9 28284.5 3664.46 27443.9 10566 840.627 2901.63 1571.39 653.08 252.259 195.965 809.012 16877.9 762.83 2092.61 47.835 15487.1 21.5248 8548.7 6938.37 8994.62 258.77 8735.85 4826.71 1076.03 3909.14 2012.58 3750.68 2656.05 56.2945
internal_count=231489 192890 38599 179800 73611 13090 28807 12464 8202 3115 2515 8295 106189 9792 20512 439 97257 260 53549 43708 61147 1807 59340 34362 8979 24978 12215 25383 17682 600
cat_boundaries=0 1 2 3 4 5 6 7 8
cat_threshold=1154191 6512914 8963914 2062 2270415 1352631 15165573 10105418
is_linear=0
shrinkage=0.04


Tree=55
num_leaves=31
num_cat=1
split_feature=30 14 31 18 0 32 7 14 29 15 15 9 6 12 14 0 31 32 29 15 9 26 32 6 15 15 20 24 15 6
split_gain=53.8914 19.7221 13.2654 26.649 13.3698 13.9488 12.2028 13.7407 11.5324 11.2625 11.2393 11.8431 10.4397 11.1592 10.8187 15.9992 11.6543 11.9459 10.7262 10.5175 10.2476 10.2267 9.31849 12.3445 12.0284 14.0237 9.18412 12.5068 10.8936 9.47571
threshold=-2.5758333333333323 4.2111111111111121 5.5000000000000009 3.5000000000000004 0.19055728088336787 2.0050000000000003 5.5000000000000009 5.0500000000000007 3.4450000000000007 0.28316666666666673 0.16894444444444451 2.4881666666666615 -0.059999999999999158 0 3.3875000000000006 0.20384930643127366 5.5000000000000009 2.4050000000000007 3.5550000000000002 0.24105555555555561 12.353333333333335 5.5000000000000009 6.1350000000000007 0.068333333333332927 0.12236111111111114 0.13105555555555562 0.15476190476190479 82.840000000000018 0.1341428571428572 0.04500000000000038
decision_type=2 8 2 8 10 2 2 10 2 10 8 2 2 1 10 10 2 2 2 10 2 2 2 2 10 10 10 2 8 2
left_child=2 8 3 -1 5 -4 9 20 -2 21 -7 -12 13 -10 15 18 -16 -18 -14 26 -8 -3 -19 24 -24 -26 27 28 -20 -30
right_child=1 6 4 -5 -6 10 7 -9 12 -11 11 -13 14 -15 16 -17 17 22 19 -21 -22 -23 23 -25 25 -27 -28 -29 29 -31
leaf_value=0.14073799128747405 0.0085935411762011523 -0.00028291677266934016 -0.015597517025999584 -0.0030125757209368605 -0.027594344044490161 -0.012398505163827922 -0.0063505003990034338 -0.024424165823619885 7.6934724181381195e-05 -0.032847357349610362 0.018825317566070754 0.10828853029633705 0.045935419339871969 -0.0055512354339625463 0.00027977368758156046 0.011703555257735778 0.0072748109184220177 -0.006453301905991575 -0.002110552720145108 0.03168475755936416 0.018364446358205864 -0.006122463253519045 -0.02192057051846286 -0.037796543717654972 0.072183793350751591 0.012531521377391358 0.00072191571960310568 0.051149261063698076 0.0053493439901096587 -0.0016772071528291489
leaf_weight=2.3678187318146255 286.56322138756514 3089.5782151669264 96.493339866399765 16.048959758132696 148.19987059757113 8.4446589201688784 622.77596065029502 66.117302536964417 1556.9450081437826 18.069233983755112 6.8831727951765043 3.6088239438831806 8.6149257570505124 876.28852181136608 9171.7447441071272 241.35630788654089 135.86788024753332 981.05277895182371 523.32490860670805 18.189555570483208 28.05155460909009 568.06713766604662 14.09712779521942 8.9241067022085172 7.0268599614500991 61.433538407087326 11012.020860850811 8.6974590346217138 1996.4687908887863 362.89384612441063
leaf_count=30 2521 23843 2220 307 3599 96 5091 723 11266 184 76 35 71 6904 62945 1641 1188 8405 3620 122 227 5333 110 74 57 483 74247 57 13589 2488
internal_value=5.57548e-05 0.00021081 -0.0173516 0.0154692 -0.0196444 -0.00943763 -0.00227658 -0.00705026 0.000611457 -0.00134548 0.0219506 0.0495971 0.000526693 -0.00197246 0.000774374 0.00149299 -0.000206725 -0.00389924 0.00131608 0.00128847 -0.00528525 -0.00118985 -0.00531476 0.00689498 0.0117259 0.0186543 0.00124871 0.00325502 0.00311052 0.00426859
internal_weight=31946.2 31664.2 282.047 18.4168 263.63 115.43 4392.66 716.945 27271.5 3675.71 18.9367 10.492 26984.9 2433.23 24551.7 14171.6 10380.1 1208.4 13930.2 13921.6 650.828 3657.65 1072.53 91.4816 82.5575 68.4604 13903.4 2891.39 2882.69 2359.36
internal_count=231552 225189 6363 337 6026 2427 35401 6041 189788 29360 207 111 187267 18170 169097 95835 73262 10317 94194 94123 5318 29176 9129 724 650 540 94001 19754 19697 16077
cat_boundaries=0 1
cat_threshold=6
is_linear=0
shrinkage=0.04


Tree=56
num_leaves=31
num_cat=6
split_feature=1 30 31 30 9 25 22 19 27 31 1 22 0 26 13 22 22 11 22 15 32 29 9 17 16 0 0 22 32 24
split_gain=89.3098 63.6023 38.9551 33.1785 24.8458 21.1343 21.053 19.0294 17.4752 15.3119 14.7275 16.5902 14.2874 14.1494 22.9738 20.6962 13.4628 14.6091 13.1947 13.222 12.2593 11.975 16.1019 13.3878 14.2736 13.0307 11.1985 23.7256 17.7601 19.8121
threshold=1.5000000000000002 -2.5758333333333323 1.5000000000000002 -0.71774999999999956 -3.4833333333333321 -12.008166666666661 0 0.36666666666666675 17.500000000000004 3.5000000000000004 3.5000000000000004 1 0.19238218603503579 5.5000000000000009 9.5000000000000018 2 3 54.500000000000007 4 0.15050000000000005 6.5250000000000012 4.3250000000000011 -9.2616666666666632 -0.088888888888888851 0.38750000000000007 0.16554135460761968 0.13149094950778026 5 5.8650000000000011 29.830000000000002
decision_type=2 2 2 2 2 2 1 8 2 2 2 1 10 2 2 1 1 2 1 10 2 2 2 10 10 10 8 1 2 2
left_child=2 5 6 4 10 -2 -1 8 -4 -6 18 -12 20 26 -15 -16 -14 -18 19 -3 -9 23 -23 -21 25 -25 27 28 -5 -30
right_child=1 3 7 13 9 -7 -8 12 -10 -11 11 -13 16 14 15 -17 17 -19 -20 21 -22 22 -24 24 -26 -27 -28 -29 29 -31
leaf_value=0.0023801351314886947 -0.021854413012038495 0.020188262187184426 -0.0011770506618878007 -0.0050511935193764306 0.042491678303651803 0.021118321782370428 -0.016741665005315282 -0.0066505926655532612 0.05989361447649353 -0.00056058318522996615 -0.0028125782471175652 -0.014770743630194167 -0.011800333795219775 -0.0054867669864564162 0.011454878112073552 -0.0029127185447468968 0.01091919486076148 0.066669659359194014 -0.0080035511973396197 -0.014928560874922456 -0.016699570169489232 0.046028684278175323 0.0016836667388630717 0.07757353644329365 -0.028763397337506959 0.012683885416428255 0.0019954061449371694 -0.0054051956741849403 0.078527276844375826 0.0066390971906073746
leaf_weight=111.87337129563093 249.58124835789204 65.691396147012711 1541.3839919790626 264.05563977360725 13.272090591490267 19.761287953704596 643.55864322930574 981.06411974877119 7.5334429219365111 3229.9761176966131 323.08784199133515 490.11751384288073 37.525157548487186 1112.2505973428488 300.15819454193115 329.02656253427267 63.892056182026863 8.5237955227494222 258.11076191440225 100.01361506804824 242.19402638077736 17.946984186768532 48.520899504423141 6.0803675204515448 10.551783002912996 26.669851385056973 19837.229312501848 1002.6529043093324 6.1969865933060637 602.22927752882242
leaf_count=1412 6040 509 14608 1652 80 262 8399 10072 65 27406 3086 4767 343 7439 2007 2199 571 77 2061 860 2995 136 360 47 79 209 123873 6241 38 3718
internal_value=-0.000114598 0.000643419 -0.00601469 0.000829215 -0.00228084 -0.0187016 -0.0141 -0.00389546 -0.000880022 -0.000384404 -0.00684771 -0.010236 -0.0073988 0.00143787 -0.00203127 0.00407724 0.00641358 0.0153603 -0.00168386 0.0043694 -0.0086402 -0.000375828 0.0136573 -0.00688419 0.0116957 0.0247312 0.00171611 -0.00123857 0.00357072 0.0073713
internal_weight=31950.7 28313.2 3637.55 28043.8 4590.04 269.343 755.432 2882.12 1548.92 3243.25 1346.79 813.205 1333.2 23453.8 1741.44 629.185 109.941 72.4159 533.586 275.475 1223.26 209.784 66.4679 143.316 43.302 32.7502 21712.4 1875.13 872.482 608.426
internal_count=231611 193069 38542 186767 39600 6302 9811 28731 14673 27486 12114 7853 14058 147167 11645 4206 991 648 4261 2200 13067 1691 496 1195 335 256 135522 11649 5408 3756
cat_boundaries=0 1 2 3 4 5 6
cat_threshold=2062 3371656 11823824 9601413 15296613 12848821
is_linear=0
shrinkage=0.04


Tree=57
num_leaves=31
num_cat=8
split_feature=1 29 24 17 32 17 26 1 13 22 0 22 24 22 6 22 22 14 22 11 26 18 14 18 22 34 29 15 22 14
split_gain=85.0335 66.0477 37.1372 30.4007 17.1841 16.9658 16.2347 15.948 15.6304 15.0886 14.6223 14.2187 14.2921 13.9952 18.5439 13.5609 13.2302 12.2608 12.1398 14.1533 12.0449 22.4874 12.0011 11.2973 15.0712 11.281 14.5394 11.2622 11.1273 10.7839
threshold=1.5000000000000002 1.6150000000000004 36.82500000000001 -0.20363756613756609 2.1650000000000005 -0.22037037037037027 5.5000000000000009 5.5000000000000009 8.5000000000000018 0 0.1491585933861202 1 58.945000000000007 2 0.05549999999999989 3 4 5.4142857142857155 5 51.500000000000007 3.5000000000000004 3.5000000000000004 2.9500000000000006 5.5000000000000009 6 1.0000000180025095e-35 6.0850000000000009 0.10050000000000002 7 4.3166666666666673
decision_type=2 2 2 8 2 8 2 2 2 1 10 1 2 1 2 1 1 10 1 2 2 10 10 10 1 2 2 8 1 10
left_child=2 4 10 7 20 11 -5 13 9 29 22 12 -4 14 17 -7 -9 -3 -10 27 21 -2 -1 24 -18 26 -24 -20 -12 -8
right_child=1 3 5 6 -6 15 8 16 18 -11 28 -13 -14 -15 -16 -17 23 -19 19 -21 -22 -23 25 -25 -26 -27 -28 -29 -30 -31
leaf_value=-0.020675147927483387 0.10592567820747296 0.004731173991322387 0.023448969603204292 0.001577757503158183 0.017884899853062578 -0.0068797479854262036 -0.0071858858465578624 -0.017582396807198978 -0.0057225452293124483 -0.00074867248933857035 -0.0049589704481921744 -0.010277169004935669 0.10755877391601881 -0.0049094779065578078 -0.013146458468575378 -0.015007410944491283 0.02314059812337646 -0.028816245390183653 -0.034191004063347907 -0.010359230130523001 -0.02766508280011909 -0.024083024987364587 0.0064711165519123967 -0.009804463916309623 -0.0078858353776034423 -0.0070611155254994371 0.097864270028064637 0.0066884521938952099 0.00156110835384449 -0.022135450377612571
leaf_weight=111.76412834227085 3.1497436948120576 776.59079936519265 25.785680256783966 23155.119075782597 15.978956542909144 668.66404884308577 536.22394589707255 200.5323681011796 255.80830169096589 742.24861330166459 663.89020881801844 27.56166073679924 3.6956502571701995 1095.9223453812301 115.94208312407136 791.59579133614898 39.30141419544816 17.831170964986086 10.948382943868635 94.886621400713921 179.26887524500489 6.5666535086929798 11.530777707695959 160.27886956185102 45.858542252331972 223.93869180232286 3.67200993746519 713.13323199748993 1099.0650450959802 90.188809584826231
leaf_count=1317 34 6011 279 148515 139 7963 3919 2103 1883 5615 6294 314 46 8700 992 9830 381 267 76 721 4907 140 110 1670 445 2305 47 5180 10103 886
internal_value=-6.2842e-05 0.000677646 -0.00582492 0.000842957 -0.0219463 -0.0105996 0.00125053 -0.00341159 -0.00185044 -0.00468546 -0.00239772 0.010801 0.0253828 -0.00189074 0.0017777 -0.0114356 -0.0102534 0.00397819 0.00175978 0.00411653 -0.0253141 0.0180616 -0.00985456 -0.00341011 0.00822421 -0.0047975 0.0285458 0.00607034 -0.000913484 -0.00919154
internal_weight=31886.9 28255.8 3631.16 28050.8 204.964 1517.3 25598.6 2452.26 2443.44 1368.66 2113.86 57.043 29.4813 2006.29 910.364 1460.26 445.971 794.422 1074.78 818.968 188.985 9.7164 350.906 245.439 85.16 239.141 15.2028 724.082 1762.96 626.413
internal_count=231192 192584 38608 187364 5220 18432 166795 20569 18280 10420 20176 639 325 15970 7270 17793 4599 6278 7860 5977 5081 174 3779 2496 826 2462 157 5256 16397 4805
cat_boundaries=0 1 2 3 4 5 6 7 8
cat_threshold=2730952 3945262 2795753 536127 12997986 4199461 1059352 2558164
is_linear=0
shrinkage=0.04


Tree=58
num_leaves=31
num_cat=8
split_feature=14 31 15 6 30 22 0 22 17 6 22 18 23 15 8 22 22 5 3 22 17 15 14 6 0 3 20 22 22 9
split_gain=52.0482 26.0554 12.497 17.5272 13.0545 14.5762 11.9788 13.9499 16.5593 11.5092 10.9117 10.7801 13.0414 21.7574 16.4103 22.0756 14.944 12.4977 12.4281 12.066 12.2687 16.0713 12.6007 21.2275 12.1569 11.1887 21.7428 15.1668 10.9722 11.1808
threshold=5.4365079365079376 5.5000000000000009 0.17050000000000007 0.026666666666666842 -0.67500000000000038 0 0.13080981717011131 1 0.47519841269841273 -0.07499999999999972 2 5.5000000000000009 20.080000000000002 0.20816666666666669 39.815000000000005 3 4 6.8950000000000005 0.02916164694210191 5 0.03333333333333334 0.18816666666666673 3.5857142857142863 -0.016666666666667048 0.15828669275929555 0.28607322325915296 0.38750000000000007 6 7 -7.4736666666666673
decision_type=10 2 8 2 2 1 8 1 10 2 1 10 2 8 2 1 1 2 10 1 10 10 10 2 10 10 10 1 1 2
left_child=1 6 4 10 -3 9 7 -1 -9 -6 -4 12 13 14 19 18 -15 -18 -16 20 21 22 23 -8 -21 -14 27 -27 -13 -30
right_child=-2 2 3 -5 5 -7 11 8 -10 -11 -12 28 25 16 15 -17 17 -19 -20 24 -22 -23 -24 -25 -26 26 -28 -29 29 -31
leaf_value=-0.0062292541757515687 -0.018740926682972846 -0.0025252878123984811 -0.0079042341024710434 -0.011808320897764535 0.047417713254086967 0.01364711340867903 0.078152392195034504 -0.00024489435429718252 0.035737142934231893 -0.0043438502683839069 -6.4826962156069192e-05 0.0012408338852613948 0.00083506471708819432 0.0053834752895737491 0.050421962856355008 0.021049585417490326 -0.0048602791970980041 -0.024109519695090693 -0.0018288839135983293 0.011970060175289177 0.023073293099031552 0.020307749264081403 -0.0013153912014074829 0.0049471137559586728 -0.00036642639799686934 0.0067071512776629739 -0.020227045044095379 -0.008169597310452038 -0.0165699807901191 -0.0036290428393884787
leaf_weight=859.50473084300756 235.05986394546926 1350.2913250364363 439.42081108689308 504.64975734055042 7.1542456969618788 180.89922600239515 8.8155881166458148 1267.071683678776 20.79997693747282 174.87916807830334 783.10633970052004 709.34740657731891 21706.472256075591 163.05612455308437 7.6732739284634581 216.2762354798615 204.62572525441647 73.296901620924473 143.38307058438659 149.30195678770542 84.76538173854351 97.844134502112865 260.13948863744736 22.548171706497669 887.78546083718538 209.86911840736866 117.40308351069689 208.91477908566594 125.44055032357574 719.69672274589539
leaf_count=6020 5456 12467 4119 5056 56 1357 61 8813 129 1323 7274 5217 147367 1205 55 1563 1513 550 1018 1089 579 741 1976 165 6483 1480 850 1473 958 5299
internal_value=1.20307e-05 0.000151067 -0.00313564 -0.00553667 -0.000715062 0.00601988 0.000551137 -0.00232066 0.000333649 -0.00218926 -0.00294778 0.000787264 0.000991706 0.00384591 0.00572291 0.0133059 -0.00414997 -0.00959178 0.00077408 0.00387968 0.00909113 0.00628055 0.00157227 0.0255233 0.00139611 0.000694065 -0.00501405 -0.000749193 -0.0024431 -0.00548492
internal_weight=31939.5 31704.4 3440.4 1727.18 1713.22 362.933 28264 2147.38 1287.87 182.033 1222.53 26116.7 24562.2 2319.51 1878.53 367.333 440.979 277.923 151.056 1511.2 474.113 389.347 291.503 31.3638 1037.09 22242.7 536.187 418.784 1554.48 845.137
internal_count=231712 226256 31652 16449 15203 2736 194604 14962 8942 1379 11393 179642 168168 16998 13730 2636 3268 2063 1073 11094 3522 2943 2202 226 7572 151170 3803 2953 11474 6257
cat_boundaries=0 1 2 3 4 5 6 7 8
cat_threshold=7459002 3764513 5244495 13789954 5298505 4409904 3430888 6956187
is_linear=0
shrinkage=0.04


Tree=59
num_leaves=31
num_cat=7
split_feature=1 30 24 30 1 22 0 9 22 6 22 10 3 3 22 0 2 32 22 13 29 0 22 0 15 3 9 9 0 22
split_gain=96.0199 63.219 33.5942 31.7666 29.2391 18.6705 18.0603 17.2342 16.5521 15.2984 18.3761 15.096 14.7667 13.8052 14.7402 13.3923 12.5267 12.3256 11.1565 11.6629 10.8763 10.7043 10.533 10.512 11.9551 11.3838 10.4694 10.0522 10.044 17.9247
threshold=1.5000000000000002 -2.7274999999999991 36.82500000000001 -0.13499999999999931 5.5000000000000009 0 0.16625285388127858 -5.410000000000001 1 0.0016666666666664833 2 5.5000000000000009 0.080938618221855232 0.33265856950067479 3 0.1491585933861202 44.280000000000008 5.3250000000000011 4 10.500000000000002 5.9450000000000012 0.1532158385093168 5 0.17780785290454915 0.12707142857142864 0.086240703177822869 -6.3026666666666644 -14.835833333333332 0.17668752933813178 6
decision_type=2 2 2 2 2 1 10 2 1 2 1 2 10 10 1 10 2 2 1 2 2 10 1 8 8 10 2 2 10 1
left_child=2 -2 15 4 9 6 -4 20 -9 10 -3 18 27 23 -15 -1 -12 -14 -11 -20 -6 -16 -17 28 25 -25 -7 -8 -5 -30
right_child=1 3 5 13 7 26 12 8 -10 11 16 -13 17 14 21 22 -18 -19 19 -21 -22 -23 -24 24 -26 -27 -28 -29 29 -31
leaf_value=-0.009909133350156956 -0.020940739131196852 -0.001105048804376533 -0.0098110962824844508 0.0019398559901434406 -0.015325207145840338 -0.0047052222792274305 0.05269250011690825 -0.0080811881108652228 0.00061145423615031457 0.0017811724664290036 0.0035720631195119484 -0.0065932350667655803 0.062448307997559044 0.0020952496739545102 -0.0003591739106821599 -0.0053117739587184723 0.015130925521409672 0.011039387814870436 -0.0038602583061595271 0.0039321590871885994 0.0081504556439597892 -0.023825798993323467 0.0010449200545182649 0.070469006475586848 0.0042599853906052903 0.0028421893176485903 -0.017426481795965856 -0.0081785232035440254 0.0054031857577707702 -0.016833737577200528
leaf_weight=350.60796072334051 210.7006046269089 1700.4911054261029 557.18859927356243 14001.278130069375 331.37709674425423 124.31481726840138 4.5171933174133292 632.69865924865007 775.15508936345577 2023.7639317587018 2204.8990892954171 722.61282828450203 8.1399538591504079 166.18534868955612 45.973280355334282 658.06567057967186 160.96383221447468 89.584397584199905 1657.1393182016909 377.28158335015178 34.902336709201336 96.14229928702116 1106.437694452703 8.5393887162208575 2877.7753795683384 7.4634598642587653 618.47851163521409 111.0970212444663 104.99516226351261 113.98201788961887
leaf_count=3798 5372 12177 6950 84899 3377 1555 49 5955 7068 15087 15494 5701 76 1058 306 6220 1110 973 12598 2757 283 635 10219 50 17211 45 7768 1179 631 681
internal_value=0.000101188 0.000887834 -0.00602437 0.00105184 -0.000672383 -0.0105746 -0.00594462 -0.00535903 -0.00334813 0.000267438 0.00207099 -0.00126659 0.00387504 0.00210299 -0.00628615 -0.00276877 0.00434014 0.0153215 -0.000318115 -0.00240335 -0.0130882 -0.0151673 -0.00134997 0.00225411 0.00445171 0.038929 -0.0150942 -0.00580022 0.00180691 -0.00669358
internal_weight=31882.8 28254.3 3628.43 28043.6 10621.3 1513.32 770.527 1774.13 1407.85 8847.15 4066.35 4780.8 213.339 17422.3 308.301 2115.11 2365.86 97.7244 4058.18 2034.42 366.279 142.116 1764.5 17114 2893.78 16.0028 742.793 115.614 14220.3 218.977
internal_count=231282 192495 38787 187123 81607 18550 9227 16683 13023 64924 28781 36143 2277 105516 1999 20237 16604 1049 30442 15355 3660 941 16439 103517 17306 95 9323 1228 86211 1312
cat_boundaries=0 1 2 3 4 5 6 7
cat_threshold=3681839 10950465 1878158 6757061 4910476 2297538 9987044
is_linear=0
shrinkage=0.04


Tree=60
num_leaves=31
num_cat=7
split_feature=1 12 23 17 1 31 0 10 22 0 22 9 7 22 9 22 30 11 22 23 10 2 30 24 22 13 24 29 4 23
split_gain=68.5592 52.8906 32.6556 20.9287 32.1887 20.0018 17.8611 16.6575 18.2317 14.5952 16.2397 15.4795 14.3488 16.6661 13.9467 13.2621 12.3214 15.0525 11.4633 11.2387 11.1559 11.9154 11.9866 11.0889 10.984 10.8543 13.183 10.6843 10.4465 10.4131
threshold=1.5000000000000002 0 32.720000000000006 -0.15737433862433856 4.5000000000000009 4.5000000000000009 0.19055728088336787 1.5000000000000002 1 0.16969103983708797 2 2.2570833333333344 1.5000000000000002 3 -1.605000000000002 4 -1.3900000000000001 22.500000000000004 5 25.48 5.5000000000000009 19.265000000000004 0.059999999999999838 6.2000000000000011 6 10.500000000000002 35.690000000000005 4.3450000000000006 1500.0000000000002 51.010000000000012
decision_type=2 1 2 8 2 2 10 2 1 10 1 2 2 1 2 1 2 2 1 2 2 2 2 2 1 2 2 2 2 2
left_child=2 5 -1 4 15 16 7 8 -7 11 28 -4 13 19 24 -3 17 -2 -16 27 -5 -22 29 -10 -14 -21 -27 -6 -11 -23
right_child=1 3 9 20 12 6 -8 -9 23 10 -12 -13 14 -15 18 -17 -18 -19 -20 25 21 22 -24 -25 -26 26 -28 -29 -30 -31
leaf_value=-0.00089345654588883288 0.081946870166878918 0.005022344511276121 -0.0074110413047555335 0.0018631108395264027 0.025158050503511664 0.023736648123667537 -0.018828049639612845 -0.010069879604322049 -0.029374612098174574 0.047741574540098232 -0.0089169335030031532 -0.015718845660213504 -0.01902785363397248 -0.005142105570977668 0.0025875826401016867 -0.0010709508546879116 -0.00080524610469840437 -0.0092666203020822426 -0.0079585654637615508 -0.010879480898926054 0.0098516303664464532 -0.0037198041601562248 0.00075123638598613375 0.016965351236530805 -0.0068645453906956283 -0.011668625926083243 0.069793431406385636 0.079194883862943113 0.0047068021502270144 -0.027638688703491676
leaf_weight=1601.1667063459754 6.4651518873870355 879.99127960950136 1019.8901769034564 20046.783613495529 22.589837379753593 45.891695037484169 314.4779764469713 364.96591965295374 24.693116156384349 9.4941748827695829 229.86023809760809 553.6379276253283 243.11852661892772 120.74539214000106 254.1101267375052 1592.3012216202915 271.56221775710583 5.2417054548859596 452.05078798159957 22.35512875020504 164.82490139454603 1180.438761997968 1963.2174591198564 12.416854813694952 303.22915840893984 5.5379055514931661 7.4605630934238434 7.9024868980050078 182.65258534252644 29.858354486525059
leaf_count=14125 57 6365 12792 127980 223 583 5690 4672 410 99 2604 6989 2156 989 2130 11459 1708 45 3832 159 1074 8604 11780 99 2608 42 54 63 2023 200
internal_value=5.38829e-05 0.000714071 -0.00514844 0.00105323 -0.00165459 -0.00807191 -0.0115211 -0.00639148 0.00978278 -0.00856253 -0.00195694 -0.0103341 -0.00641069 0.00393755 -0.00795231 0.00111389 0.000926863 0.0411063 -0.00423962 0.018551 0.00150659 -0.000634331 -0.00117895 -0.0109254 -0.012751 0.00602107 0.0350871 0.0391624 0.00649516 -0.00430989
internal_weight=31938.9 28342.2 3596.7 27296.5 3911.39 1045.71 762.446 447.968 83.0017 1995.54 422.007 1573.53 1439.1 186.591 1252.51 2472.29 283.269 11.7069 706.161 65.8459 23385.1 3338.34 3173.51 37.11 546.348 35.3536 12.9985 30.4923 192.147 1210.3
internal_count=231614 192982 38632 179718 30080 13264 11454 5764 1092 24507 4726 19781 12256 1530 10726 17824 1810 102 5962 541 149638 21658 20584 509 4764 255 96 286 2122 8804
cat_boundaries=0 1 2 3 4 5 6 7
cat_threshold=8 3957462 10759285 4433941 11012291 5281164 12885794
is_linear=0
shrinkage=0.04


Tree=61
num_leaves=31
num_cat=0
split_feature=1 29 31 31 1 31 15 30 4 24 7 14 9 20 11 15 31 29 3 23 2 0 29 5 9 7 8 19 15 8
split_gain=67.3167 46.7225 33.087 31.7538 28.6911 21.8131 20.2083 19.6581 18.9918 15.7591 14.5608 14.4554 12.409 12.1996 11.6679 10.9823 10.5508 10.4893 10.342 9.54204 16.0552 9.68017 9.32966 9.15622 10.0491 9.76538 11.4735 10.9947 9.14015 15.2618
threshold=1.5000000000000002 1.6150000000000004 4.5000000000000009 1.5000000000000002 4.5000000000000009 3.5000000000000004 0.17414285714285718 -1.0099999999999993 1500.0000000000002 4.7900000000000009 1.5000000000000002 3.3166666666666669 5.7999999999999998 0.31666666666666671 62.500000000000007 0.15707142857142861 3.5000000000000004 3.5950000000000002 0.045361017583239814 53.875000000000007 27.790000000000003 0.19102683920440935 4.0550000000000006 6.6750000000000007 0.39499999999999785 3.5000000000000004 26.495000000000001 1.0000000180025095e-35 0.17816666666666672 25.940000000000001
decision_type=2 2 2 2 2 2 10 2 2 2 2 8 2 8 2 8 2 2 10 2 2 10 2 2 2 2 2 10 10 2
left_child=3 5 7 15 11 -2 -6 16 -5 -7 -10 17 23 14 19 -1 -3 -4 -18 21 -21 -12 -16 24 25 26 -8 -28 29 -23
right_child=1 2 4 8 6 9 12 -9 10 -11 13 -13 -14 -15 22 -17 18 -19 -20 20 -22 28 -24 -25 -26 -27 27 -29 -30 -31
leaf_value=-0.016650271325811698 0.13033607661990104 0.070975141186761959 0.03258598491901004 0.013824394810927593 -0.0018473104583260974 -0.023121411636495327 -0.0099828254967972343 0.0015430864760473807 -0.0086284685580933079 0.02213158137037537 -0.0029606571621448538 -0.00086133092303393053 -0.00039648288664124689 -0.011924828711388967 0.081669135790118225 -0.0066065038721376803 -0.013679724614511004 0.00369224856458442 0.023389064769903135 0.10881934264658216 0.010715855307459903 0.063059783637801389 0.01128005020765315 -0.011724557846756994 -0.018710944045964902 -0.02288624101435149 0.091285360598434798 0.02526101756147579 0.0016624654582761175 0.0093506220577172956
leaf_weight=435.9855335354805 1.5558652728795994 6.1659968495368949 20.44368152320385 100.35122814029455 1682.766263499856 180.62574249692261 7.843874957412484 20442.722970873117 753.79385992139578 13.21350699290633 1504.3952344059944 3561.1203551031649 230.02068862318993 183.77098707854748 4.6948582082986823 290.08795037865639 14.689936168491839 1205.9715559110045 66.814691439270973 3.1453788280487087 17.627797596156597 10.611744880676268 8.4093964025378209 877.68885583058 17.394944988191128 7.0224292799830428 6.1636955887079266 11.687532503157852 223.48282987624407 41.844526834785938
leaf_count=6061 12 35 157 973 14952 5163 78 125545 7931 108 14981 27295 2174 2137 41 3720 100 8072 456 40 226 92 77 8589 158 72 73 101 1965 370
internal_value=6.69505e-07 0.000653099 0.000788359 -0.00516923 -0.00146108 -0.0188393 -0.00464584 0.00162414 -0.00326801 -0.0200366 -0.00389134 0.000428534 -0.00871318 -0.00210412 -0.00110933 -0.0126375 0.0205247 0.00417389 0.016708 -0.00138295 0.0255702 -0.00169744 0.0364983 -0.0107751 0.00585477 0.0189156 0.03034 0.048058 0.00518948 0.0202158
internal_weight=31932.1 28353.9 28158.5 3578.2 7628.12 195.395 2840.59 20530.4 2852.13 193.839 2751.78 4787.54 1157.82 1997.98 1814.21 726.073 87.6706 1226.42 81.5046 1801.11 20.7732 1780.33 13.1043 927.801 50.1125 32.7175 25.6951 17.8512 275.939 52.4563
internal_count=231754 193140 187857 38614 61721 5283 26197 126136 28833 5271 27860 35524 11245 19929 17792 9781 591 8229 556 17674 266 17408 118 9071 482 324 252 174 2427 462
is_linear=0
shrinkage=0.04


Tree=62
num_leaves=31
num_cat=1
split_feature=1 30 29 30 1 7 18 17 6 0 17 7 0 0 17 17 33 7 16 30 27 32 23 2 15 15 6 15 8 0
split_gain=76.2324 46.9855 30.1433 25.7403 44.7048 20.6136 17.9598 15.7503 15.6461 14.2218 13.2792 12.8734 17.0064 12.6733 12.5039 14.5705 12.1972 12.6023 12.2021 11.6299 11.5064 13.0122 11.3895 14.8572 13.4 13.6211 12.3722 14.4652 13.3676 11.6517
threshold=1.5000000000000002 -2.5758333333333323 5.955000000000001 0.4250000000000001 4.5000000000000009 4.5000000000000009 3.5000000000000004 -0.1407275132275132 0.028333333333332881 0.21926878911233977 -0.14616402116402114 5.5000000000000009 0.11906095297029705 0.13976877840149696 0.083333333333333329 -0.090740740740740691 0 1.5000000000000002 1.0000000180025095e-35 -1.4649999999999994 12.500000000000002 6.6950000000000012 20.555000000000003 34.555000000000007 0.15211111111111117 0.19527777777777786 0.070000000000000742 0.15387500000000007 25.940000000000001 0.16303618175018703
decision_type=2 2 2 2 2 2 10 8 2 10 8 2 10 10 8 10 1 2 8 2 2 2 2 2 10 10 2 10 2 8
left_child=2 -2 9 4 11 6 7 -6 20 -1 13 22 14 -10 15 -13 -11 -18 -19 -7 -4 -22 23 24 -3 -26 -24 29 -29 -28
right_child=1 3 8 -5 5 19 -8 -9 10 16 -12 12 -14 -15 -16 -17 17 18 -20 -21 21 -23 26 -25 25 -27 27 28 -30 -31
leaf_value=-0.0034081802386806913 -0.016626386615410185 -0.0061731793928249661 -0.012856952400703421 0.0024248731028805376 0.040924935488228162 -0.01676664530896364 -0.0037766202577096866 0.0011913918480337643 0.11304463076024077 -0.011430590739481978 -0.0018540781170022006 0.01102738639669687 -0.0025033555699566831 0.017137686518360801 0.005431889668232168 0.095170891375597047 -0.010579099378549393 0.083644444626342823 0.02795350450429173 -0.0050995636239749721 -0.0082316880937366929 0.086337159924789159 0.001080580775534496 0.0086377554901530523 0.0073933453146666998 -0.0023630923454849217 0.023606908530592434 0.043972205005729272 -0.0070069894680597766 0.078905173064047054
leaf_weight=2320.4222539700568 248.28829741105437 265.47747319564223 1027.7570969648659 10440.866832897067 16.085059694945812 146.32706420496106 2030.8389895223081 2091.0646860487759 3.0630047097802144 17.164240710437298 132.69678238779306 6.0556550100445747 1548.1311214193702 7.8651666566729546 17.716590095311407 7.2167683318257314 8.9772688746452314 8.6434955596923846 23.166054226458073 2078.0489375144243 5.5841768980026227 3.9922708868980408 7476.7112114802003 856.26326155290008 646.01073716953397 354.64783301204443 24.661139369010925 10.301138669252394 40.927121125161648 8.0986999943852407
leaf_count=22165 6295 1960 13934 61768 117 1955 16717 14424 40 152 1706 43 11052 98 123 49 78 78 200 16207 68 50 47713 6360 4766 2709 162 69 277 53
internal_value=4.1372e-06 0.000697728 -0.00551323 0.000850991 -8.13831e-05 -0.00276166 -0.00109235 0.0014947 -0.0107371 -0.00291936 0.00163632 0.00143279 -0.00191606 0.044019 0.0274239 0.0567797 0.0166533 0.0251164 0.0430862 -0.00586706 -0.0124503 0.0311926 0.00197892 0.00456816 0.00181598 0.00393552 0.00125208 0.0165189 0.00324407 0.0372774
internal_weight=31873.1 28313.7 3559.33 28065.5 17624.6 6362.36 4137.99 2107.15 1180.96 2378.37 143.625 11262.2 1579.12 10.9282 30.989 13.2724 57.9511 40.7868 31.8095 2224.38 1037.33 9.57645 9683.1 2122.4 1266.14 1000.66 7560.7 83.9881 51.2283 32.7598
internal_count=231388 192819 38569 186524 124756 49420 31258 14541 15896 22673 1844 75336 11267 138 215 92 508 356 278 18162 14052 118 64069 15795 9435 7475 48274 561 346 215
cat_boundaries=0 1
cat_threshold=274
is_linear=0
shrinkage=0.04


Tree=63
num_leaves=31
num_cat=7
split_feature=1 14 31 14 1 22 22 9 22 22 25 30 15 32 31 3 23 17 0 3 7 33 22 31 1 3 3 17 22 7
split_gain=59.0909 40.7887 29.2745 23.6235 19.9281 23.9955 18.9179 18.8206 16.8722 13.871 13.6835 13.8283 12.502 11.8893 11.773 16.7615 14.3733 14.0998 12.6297 11.7444 11.7326 12.5988 11.5849 15.1819 24.6251 11.6125 12.5949 11.4845 11.1877 10.6464
threshold=1.5000000000000002 5.4365079365079376 1.5000000000000002 4.2361111111111116 3.5000000000000004 0 1 20.095833333333335 2 3 16.981833333333338 0.70333333333333348 0.15154761904761913 6.955000000000001 5.5000000000000009 0.30787458986511124 25.295000000000005 -0.25003306878306869 0.16554135460761968 0.27303030303030307 3.5000000000000004 4 5 3.5000000000000004 3.5000000000000004 0.37530487804878054 0.50102880658436233 0.41696428571428584 6 1.5000000000000002
decision_type=2 10 2 10 2 1 1 2 1 1 2 2 10 2 2 10 2 10 8 10 2 1 1 2 2 10 10 10 1 2
left_child=2 3 9 14 5 7 19 10 -4 12 11 -5 -1 -7 18 -16 17 -17 -2 -6 -8 -22 -20 27 28 -26 -27 -24 -25 -10
right_child=1 -3 8 4 6 13 20 -9 29 -11 -12 -13 -14 -15 15 16 -18 -19 22 -21 21 -23 23 24 25 26 -28 -29 -30 -31
leaf_value=-0.01277765906094328 0.00062706262728528628 -0.016890037159069532 -0.0063983065056760361 0.0068098229188883041 -0.0022889907348080936 -0.0023691138965320751 -0.0043511526414019243 0.067480325764299257 -0.0056938752455185076 -0.016554147449073464 -0.020667397348485037 0.039326948121988677 0.0037517883341957655 -0.036780111780562869 -0.0022238052928991174 -0.019615533998331516 -0.0058264357449680781 0.057383831069857054 0.00080044451100134268 0.014856574242067608 -0.0053939018897861367 -0.018621292048019648 0.0060325627026222685 0.0010825746627696332 -0.0025170515084649045 0.055376522656694321 -0.018716365927478607 -0.016760464174587205 0.009276168319425385 0.0018434287298818722
leaf_weight=154.09894576668739 13677.08148932457 212.7000471893698 1297.9294931590557 510.96698585897684 926.77857304736972 877.89861964806914 454.85488631203771 8.2757741287350637 410.75389366596937 432.41056786477566 27.753605373203754 21.818437859416008 139.47749653086066 16.364470668137074 2079.8185475058854 4.6957693584263351 16.043810985982418 20.059519581496716 3606.9696523360908 68.656884133815765 234.52546522766352 287.53336516395211 2808.6262216046453 471.85966672748327 1359.3148606829345 11.196306914091112 5.4613406136631957 35.820562064647675 640.41375763714314 1110.4322239458561
leaf_count=2162 85074 5320 13484 3769 7842 6370 4057 59 4271 5992 181 133 1785 110 17473 54 116 183 22896 968 2167 2635 16649 3060 9634 81 40 210 4097 10913
internal_value=-4.74562e-05 0.000560655 -0.00491658 0.000692405 -0.00241576 0.00112145 -0.00503964 0.00746785 -0.003072 -0.0120794 0.00671506 0.00814145 -0.00476234 -0.00296565 0.00112405 -0.00172573 0.0236648 0.042778 0.00139126 -0.00109543 -0.00895574 -0.0131391 0.00256043 0.00374234 0.00146743 -0.00211027 0.0310846 0.00574553 0.00589333 -0.000190557
internal_weight=31930.6 28385.5 3545.1 28172.8 3435.43 1463.08 1972.35 568.815 2819.12 725.987 560.539 532.785 293.576 894.263 24737.4 2120.62 40.7991 24.7553 22616.7 995.435 976.914 522.059 8939.66 5332.69 2488.25 1375.97 16.6576 2844.45 1112.27 1521.19
internal_count=231785 193178 38607 187858 28291 10622 17669 4142 28668 9939 4083 3902 3947 6480 159567 17826 353 237 141741 8810 8859 4802 56667 33771 16912 9755 121 16859 7157 15184
cat_boundaries=0 1 2 3 4 5 6 7
cat_threshold=11021954 7029053 13584532 600223 344 7654410 8401029
is_linear=0
shrinkage=0.04


Tree=64
num_leaves=31
num_cat=7
split_feature=1 30 14 1 12 6 6 22 14 9 32 10 22 22 5 30 14 22 1 25 22 8 27 2 25 16 22 27 15 6
split_gain=49.5277 46.302 25.3583 27.0865 23.2251 17.6611 16.9802 16.9199 16.3738 15.6986 15.883 15.654 23.9238 13.4013 13.2255 12.944 12.3331 11.9825 11.1682 10.7273 17.2989 12.6326 10.6359 10.5555 10.4031 16.7898 10.4013 11.0031 10.2494 13.9109
threshold=1.5000000000000002 -2.7274999999999991 3.7888888888888892 5.5000000000000009 0 0.020000000000000909 -0.029999999999999801 1 3.8660714285714293 6.6816666666666675 4.9250000000000007 5.5000000000000009 2 3 6.7250000000000005 0.13833333333333411 4.5277777777777786 4 3.5000000000000004 -28.619999999999994 5 46.170000000000009 1.5000000000000002 31.525000000000002 10.143333333333334 0.47222222222222227 6 4.5000000000000009 0.2431666666666667 -0.013333333333334084
decision_type=2 2 10 2 1 2 2 1 10 2 2 2 1 1 2 2 10 1 2 2 1 2 2 2 2 8 1 2 10 2
left_child=4 -2 28 11 5 17 9 -8 13 -5 -11 19 15 -7 -15 18 -17 -1 -13 20 -4 -22 -10 24 25 -16 27 -6 -3 -30
right_child=1 2 3 6 26 8 7 -9 22 10 -12 12 -14 14 23 16 -18 -19 -20 -21 21 -23 -24 -25 -26 -27 -28 -29 29 -31
leaf_value=-0.0030671137673344397 -0.018760569983716623 0.0013313109498868849 0.004179716141620062 -0.0020353716469616815 -0.00087503432078153058 -0.014297602120202178 -0.0031454062310450909 -0.013722841490029863 0.10610301303430139 0.0082130299911743615 0.059521723023244211 0.0049087443194311946 -0.010240811857456239 0.079511675289227951 0.11364707234252967 0.016922656238247135 -0.026276345105570788 -0.015336391976943817 -0.0094229760490964765 0.00081838471489637866 -0.025364600577409996 0.029159301104114365 0.023507160711536034 -0.0059379404898427385 0.0027609263252632134 0.018330460626284139 -0.0043949378014716198 0.011886234760400094 0.038808454655390241 0.0031671064451467574
leaf_weight=187.60894606262445 198.74159146472812 19800.030070729554 91.548906672745943 190.09976988658309 765.8234690502286 59.343143731355667 470.96254776604474 537.35195984318852 3.4660072326660147 30.867674082517624 14.045686915516852 179.19853191822767 568.16131695918739 4.2203152775764456 4.5698803886771211 114.14535965025425 11.653675928711889 576.33002126961946 169.08355583995581 5747.5941511746496 91.469896756112576 7.3448313474655142 8.899011589586733 42.380985423922539 14.647954158484934 8.3769958764314651 1737.3723777160048 125.87420637905598 27.451086305081844 48.438278935849667
leaf_count=2547 5421 125008 790 1733 7434 779 4379 4999 43 309 100 1344 4254 55 57 689 72 8136 1432 40735 802 62 111 554 193 108 17429 1204 176 323
internal_value=-7.9374e-05 0.000478547 0.000614622 -0.0012535 -0.00454068 -0.0100186 -0.00669287 -0.00894963 0.00262338 0.00298969 0.0242587 -0.000284631 -0.00480603 -0.00145412 0.00946906 0.00188356 0.0129208 -0.0125642 -0.002049 0.000508973 -0.008833 -0.0193533 0.0466594 0.00659791 0.0258508 0.0519745 -0.00259695 0.000916104 0.00138755 0.0160595
internal_weight=31837.1 28298.2 28099.4 8223.53 3538.91 909.843 1243.33 1008.31 145.904 235.013 44.9134 6980.2 1042.24 133.539 74.1961 474.081 125.799 763.939 348.282 5937.96 190.364 98.8147 12.365 69.9758 27.5948 12.9469 2629.07 891.698 19875.9 75.8894
internal_count=231278 192628 187207 61700 38650 12583 11520 9378 1900 2142 409 50180 7791 1746 967 3537 761 10683 2776 42389 1654 864 154 912 358 165 26067 8638 125507 499
cat_boundaries=0 1 2 3 4 5 6 7
cat_threshold=1 9660557 10924642 4821562 528399 4685068 5254666
is_linear=0
shrinkage=0.04


Tree=65
num_leaves=31
num_cat=9
split_feature=1 14 7 18 30 22 6 24 22 10 22 22 17 30 22 22 19 14 17 11 22 16 32 15 6 22 11 22 6 17
split_gain=49.7349 38.5536 25.644 21.9519 16.7264 15.7629 14.5729 16.2952 14.0899 13.9918 13.9722 13.8424 13.0957 13.4212 12.8699 12.4825 12.4324 12.0402 11.7252 12.7883 11.3488 11.2344 11.0103 10.6625 12.3191 10.4359 9.82222 9.75507 9.69894 9.48987
threshold=1.5000000000000002 4.8944444444444457 5.5000000000000009 1.5000000000000002 -2.2891666666666661 0 0.040000000000000487 38.915000000000006 1 5.5000000000000009 2 3 -0.21666666666666656 -1.3583333333333329 4 5 1.0000000180025095e-35 3.5857142857142863 -0.13654100529100524 42.500000000000007 6 0.11805555555555557 9.115000000000002 0.088166666666666685 -0.020000000000000014 7 30.500000000000004 8 -0.0083333333333341902 -0.15181878306878302
decision_type=2 10 2 10 2 1 2 2 1 2 1 1 8 2 1 1 8 10 8 2 1 10 2 10 2 1 2 1 2 10
left_child=3 2 9 10 -3 17 7 20 -9 22 -1 -6 26 -14 23 -8 -16 18 19 -4 29 27 25 24 -11 -2 -7 -15 -25 -5
right_child=1 4 5 6 11 12 15 8 -10 14 -12 -13 13 21 16 -17 -18 -19 -20 -21 -22 -23 -24 28 -26 -27 -28 -29 -30 -31
leaf_value=-0.015673125770687923 0.00056548565458990985 -0.016864979732967897 0.033139603853923741 0.0029172580786879579 -0.011185901694011534 0.0094937305995325787 -0.0046438683075342973 0.0022316835759506604 -0.01130627628183303 0.07878632714347511 -0.0050785808916726741 0.00076474681930648633 -0.017791796911909418 -0.00080129386718525049 -0.01007838282528228 0.012697834428057315 -0.0016434837428243672 -0.0094399425539990721 -0.0035847614155894063 -0.004296734714610285 0.00076156192508528703 0.000248233679842887 0.031247323458542278 -0.0028355710427343706 0.0091191148452288723 0.0023847292988465503 -0.014812027880795761 0.016583264366624079 0.0057358072764355653 -0.009426925459238315
leaf_weight=391.44053082168102 9306.3930452913046 239.33428050391376 30.040582992136478 132.17663972452283 263.58806594461203 32.371236644685268 105.57257433235645 156.48395302891731 603.23250098526478 6.2391785010695484 463.20809609442949 362.53885242342949 60.843029394745827 91.364495702087879 324.66637229174376 159.43188891559839 2013.5315639264882 678.27634939178824 838.34910602867603 28.404209859669209 1114.5956645719707 1808.9891100749373 20.001245640218258 357.43749929964542 11.633111469447611 11063.691815476865 149.25851595029235 123.44382225722075 516.36253013089299 404.859430141747
leaf_count=4997 60496 6419 224 1262 2457 312 1065 1830 7664 42 5675 3302 682 651 2371 1562 13118 5253 5477 215 10559 12019 121 2341 82 71586 1247 885 3455 4092
internal_value=-0.000116231 0.000441768 0.000703741 -0.00459267 -0.00787072 -0.00232729 -0.00281041 -0.00378891 -0.00863722 0.00119668 -0.0101738 -0.0044327 -0.000178028 0.000718712 -0.00124942 0.00609316 -0.00280271 -0.00538442 -0.00237713 0.0149455 -0.00155878 0.00127521 0.00158415 0.00282349 0.0334398 0.00155503 -0.0104801 0.00992378 0.00222959 -0.00627196
internal_weight=31857.8 28326.8 27461.3 3531 865.461 3841.34 2676.35 2411.35 759.716 23620 854.649 626.127 2266.27 2084.64 3229.87 265.004 2338.2 1575.07 896.794 58.4448 1651.63 2023.8 20390.1 891.672 17.8723 20370.1 181.63 214.808 873.8 537.036
internal_count=231461 192755 180577 38706 12178 26965 28034 25407 9494 153612 10672 5759 15796 14237 21409 2627 15489 11169 5916 439 15913 13555 132203 5920 124 132082 1559 1536 5796 5354
cat_boundaries=0 1 2 3 4 5 6 7 8 9
cat_threshold=9057400 8238 11934608 4824325 2232380 768960 6506625 2112222 3212036
is_linear=0
shrinkage=0.04


Tree=66
num_leaves=31
num_cat=7
split_feature=1 30 24 1 31 14 20 22 22 22 13 9 6 0 7 33 22 22 14 7 22 8 18 14 13 14 3 3 6 3
split_gain=47.8536 38.6003 29.0323 26.8733 18.7115 15.4669 15.351 15.1965 15.1658 14.3096 14.1696 13.5156 13.0396 13.2597 12.0894 13.4346 20.6004 15.8847 11.8419 14.5852 11.39 13.7167 13.6012 12.7802 12.1966 12.9586 15.4759 12.9395 11.309 10.665
threshold=1.5000000000000002 -1.0283333333333329 36.82500000000001 4.5000000000000009 3.5000000000000004 5.8452380952380958 0.13392857142857145 0 1 2 9.5000000000000018 12.750833333333334 -0.034999999999999691 0.17725866188769418 5.5000000000000009 3 4 5 4.3875000000000011 3.5000000000000004 6 19.525000000000002 5.5000000000000009 3.5634920634920637 5.5000000000000009 5.0500000000000007 0.33409785932721719 0.066790582403965307 0.075000000000000636 0.20046728971962621
decision_type=2 2 2 2 2 10 8 1 1 1 2 2 2 10 2 1 1 1 8 2 1 2 10 8 2 8 10 8 2 8
left_child=2 3 10 7 -5 12 8 11 -4 -8 -1 18 13 -6 28 17 -17 -16 -2 -20 21 -14 23 -23 27 -26 -27 -25 -3 -30
right_child=1 14 6 4 5 -7 9 -9 -10 -11 -12 -13 20 -15 15 16 -18 -19 19 -21 -22 22 -24 24 25 26 -28 -29 29 -31
leaf_value=-0.00013036583049257748 0.0059991997705350361 0.0013382008265270891 0.0038557029868528459 0.077307757182852654 0.012610629009521299 -0.032689655266166205 -0.0025006753840834148 -0.0043220662910028124 -0.0096307368179613367 -0.014563741560666518 -0.01048736323961354 0.023254373043275947 -0.031804606050120331 -0.0084239545812552635 -0.010333031334510377 0.0058456712942580894 -0.0020631991246353606 -0.0010157423999696017 0.0048194663133514842 -0.013476585469230131 -0.012243862110839642 0.029432786617249681 -0.013984969796129808 -0.019219200677773846 -0.017754801815400782 0.004939421536612163 0.11613482520807512 0.027612766195138156 0.0086851376643030543 0.048530851236463911
leaf_weight=1829.7690945155919 464.2130159214139 21857.782708272338 250.98073407635093 4.0595901459455481 92.117273138836026 41.549535978585482 224.38309478759766 809.57283888757229 267.54652540758252 698.47291026636958 238.95580529421568 51.607744336128235 22.366913471370935 100.0047557875514 450.28584264963865 808.76712713390589 1469.9171316772699 828.23868194967508 137.90861417166889 140.97885874286294 712.26608312688768 33.608298227190971 66.843110105022788 12.464693319052456 55.937883611768484 9.9074812904000265 2.5099860690534106 38.895435530692339 183.24867839366198 11.417414061725138
leaf_count=17460 3708 137479 2916 26 1016 1432 2830 7214 3216 9516 2680 416 297 1413 3055 5415 9891 5544 1350 1481 9446 325 1004 139 603 167 53 521 1188 75
internal_value=4.29043e-05 0.000587358 -0.00436323 -0.00387451 -0.00842223 -0.00871507 -0.00872138 -0.000493993 -0.00321432 -0.0118156 -0.00132669 0.00341707 -0.00784654 0.00166155 0.00107464 -0.00108925 0.000757151 -0.00435194 0.00208537 -0.00442927 -0.00975973 -0.00188199 0.00107239 0.0076368 0.00151791 -0.0095491 0.0274157 0.016247 0.00142368 0.0110221
internal_weight=31916.6 28406.5 3510.11 2796.81 1192.53 1188.47 1441.38 1604.28 518.527 922.856 2068.72 794.708 1146.92 192.122 25609.7 3557.21 2278.68 1278.52 743.1 278.887 954.8 242.534 220.167 153.324 119.715 68.3554 12.4175 51.3601 22052.4 194.666
internal_count=231876 193258 38618 30611 16442 16416 18478 14169 6132 12346 20140 6955 14984 2429 162647 23905 15306 8599 6539 2831 12555 3109 2812 1808 1483 823 220 660 138742 1263
cat_boundaries=0 1 2 3 4 5 6 7
cat_threshold=6446167 6040234 9231 292 7459648 15799314 13648385
is_linear=0
shrinkage=0.04


Tree=67
num_leaves=31
num_cat=2
split_feature=1 30 17 12 6 1 17 11 15 7 32 34 13 6 13 3 30 33 27 3 29 10 3 8 25 29 6 24 17 32
split_gain=48.1445 42.1734 27.7409 27.6018 16.1764 16.1536 15.3976 12.8477 12.2739 11.7698 11.4528 10.3908 9.62933 10.7558 12.2789 13.0213 14.9626 11.3244 10.5768 13.2117 15.5337 11.2104 10.1018 12.3749 11.9098 10.4704 11.721 9.70751 10.4681 9.56923
threshold=1.5000000000000002 -2.7274999999999991 -0.16643518518518513 0 0.021833333333333375 4.5000000000000009 -0.14255952380952377 62.500000000000007 0.15816666666666671 4.5000000000000009 4.2550000000000008 9.5000000000000018 11.500000000000002 0.024500000000000192 2.5000000000000004 0.093813775510204103 -0.88333333333333341 1 1.5000000000000002 0.11369021973287377 2.5650000000000004 2.5000000000000004 0.13346828609986508 32.805000000000007 -23.049166666666661 6.5250000000000012 -0.013333333333334084 25.730000000000004 -0.22394179894179889 4.8150000000000004
decision_type=2 2 8 1 2 2 8 2 8 2 2 2 2 2 2 10 2 1 2 10 2 2 10 2 2 2 2 2 8 2
left_child=3 10 5 4 -1 12 7 -5 -6 -10 -2 -8 13 14 15 -3 18 -16 21 -20 -21 -17 23 24 -14 -25 -27 -24 -29 -4
right_child=1 2 29 6 8 -7 11 -9 9 -11 -12 -13 22 -15 17 16 -18 -19 19 20 -22 -23 27 25 -26 26 -28 28 -30 -31
leaf_value=-0.013097586575382387 -0.020799026702873102 0.0013181292024883634 -0.0001342841878573151 0.0029331649879168632 -0.007198884599639215 -0.0059707246061576486 -0.0042366215387169698 0.068006915955668004 0.057861890066377243 0.0082658294493685221 0.021418681017840332 0.04899848825650046 -0.026826235607336803 -0.0053821170411665212 0.0029130469872869712 0.12425576364913563 0.0077624882265602772 -0.0046469703189995519 0.076914972231924117 0.062421674010467519 -0.015601692119842154 0.042210011900376911 0.07605200407257845 -0.012676728979699122 0.020669993633931752 -0.018847670925817985 0.044102950633789391 0.045019660014698537 -0.010845939505182945 0.0015499538417084286
leaf_weight=752.02928910776973 179.89343619346619 145.12848176062107 8110.2597845476121 530.79214913025498 87.945171408355236 1463.3845435660332 2053.0716925896704 4.8991738185286513 9.433806471526621 40.62284916639328 10.904346264898775 5.8832314312458029 9.5232365578412992 733.91651085577905 597.44360611215234 4.2060035876929742 57.784212298691273 654.75162769109011 6.1212806738913086 5.9918227735906866 12.813511572778223 7.270734965801239 5.8302537053823498 74.511347953230143 74.75223371386528 7.6850850880146053 12.317495837807654 11.036207839846609 10.446431837975981 16136.460139013827
leaf_count=10784 5328 993 55734 4911 1178 13590 20901 42 118 507 81 52 73 5740 4324 38 372 4736 49 79 106 74 47 524 516 48 77 74 70 100015
internal_value=-0.00018951 0.000356175 0.000483247 -0.00462625 -0.0106677 -0.00265021 -0.00250312 0.0035283 0.00180093 0.0176128 -0.0183862 -0.00408451 -0.000651799 -0.00141784 0.00053283 0.00883472 0.0204166 -0.0010538 0.040503 0.025873 0.00925839 0.0722782 0.00761969 0.00415845 0.0153029 -0.00577871 0.019917 0.0302768 0.0178537 0.000986595
internal_weight=31817.1 28332.4 28141.6 3484.68 890.031 3894.91 2594.65 535.691 138.002 50.0567 190.798 2058.95 2431.53 2225.43 1491.51 239.316 94.1876 1252.2 36.4034 24.9266 18.8053 11.4767 206.102 178.789 84.2755 94.5139 20.0026 27.3129 21.4826 24246.7
internal_count=231181 192688 187279 38493 12587 31530 25906 4953 1803 625 5409 20953 17940 16511 10771 1711 718 9060 346 234 185 112 1429 1238 589 649 125 191 144 155749
cat_boundaries=0 1 2
cat_threshold=1 23
is_linear=0
shrinkage=0.04


Tree=68
num_leaves=31
num_cat=3
split_feature=29 1 12 10 29 1 11 25 7 25 33 11 27 29 25 4 9 6 5 9 26 33 31 6 20 5 2 21 18 27
split_gain=28.3983 28.3476 30.5887 19.7323 19.5735 20.338 17.5205 13.9281 13.4647 14.7311 16.7296 21.2431 11.2697 12.1857 10.9898 10.6769 15.8331 10.204 14.336 12.9283 10.7998 9.61596 9.32548 9.16587 9.00252 14.7084 8.95198 14.533 8.92114 8.56029
threshold=1.6150000000000004 1.5000000000000002 0 5.5000000000000009 4.9650000000000007 3.5000000000000004 25.500000000000004 -6.2683333333333318 5.5000000000000009 -5.001666666666666 1 23.500000000000004 12.500000000000002 6.5450000000000008 35.742500000000007 1500.0000000000002 5.2455000000000025 0.060000000000000948 6.995000000000001 -1.2770833333333351 4.5000000000000009 2 3.5000000000000004 0.068333333333333815 0.31666666666666671 6.8450000000000006 11.565000000000001 1.0000000180025095e-35 1.5000000000000002 5.5000000000000009
decision_type=2 2 1 2 2 2 2 2 2 2 1 2 2 2 2 2 2 2 2 2 2 1 2 2 10 2 2 10 10 2
left_child=6 2 12 8 5 21 22 15 -3 -10 11 -11 -2 -14 -13 16 -4 20 19 -19 26 -5 -1 -21 -7 -26 27 -17 -9 -30
right_child=1 3 7 4 -6 24 -8 28 9 10 -12 14 13 -15 -16 17 -18 18 -20 23 -22 -23 -24 -25 25 -27 -28 -29 29 -31
leaf_value=0.078344179151676394 -0.010302932244509519 0.0012697436636030107 0.010973756459062518 0.0067615603740978896 -0.00015545073302082908 -0.011021497915170479 0.023303229378454873 -0.0086068614238783477 -0.0052207070800002657 0.064740661841383468 -0.0023677593416972483 0.0037011715280394282 -0.011850574995131979 0.07679241256989372 0.041385532020738032 0.0063910350172964731 0.081244860760554261 0.062222275479144031 -0.028597506610482399 0.054117532381156117 -0.0014931744965126811 -0.0039485342142716057 -0.02081880660504011 -0.013325624773920977 -0.014350230183516053 0.067334349598167031 0.0070199312374425258 0.093183762725429525 -0.0025517975270320987 0.010003130341634204
leaf_weight=1.5317624881863583 879.38765809684992 20921.927390696481 23.094610996544365 187.76425655931234 2712.4875999391079 739.93769666366279 16.553526241332293 382.06099544093013 1117.3607618231326 9.4117096737027151 1285.2872634083033 787.45722810551524 4.9527078345417959 4.972621526569128 12.579706847667692 7.6148620992898923 6.5952126160264006 14.423879377543928 6.9501659050583831 4.8025647029280654 593.18626570701599 407.29764861986041 161.50570954568684 9.8101341947913152 8.1636075191199762 6.2099508717656127 189.74446577578783 5.1910724267363548 1255.074099086225 93.355249643325806
leaf_count=10 12579 137072 203 1357 16952 6426 155 4374 9013 61 8491 5186 59 63 76 67 59 130 63 44 5559 2911 5070 88 60 44 1732 50 12685 881
internal_value=-4.49479e-05 4.4976e-05 -0.00336046 0.000465429 -0.00211391 -0.00605077 -0.0159061 -0.00113816 0.000899543 -0.00151175 0.000466657 0.00493558 -0.00971531 0.0325598 0.00429372 0.00301344 0.0265836 0.00217207 0.0230059 0.0353576 0.00122987 -0.000521827 -0.0198872 0.00884004 -0.0104125 0.0209408 0.00920454 0.0415737 -0.00321134 -0.00168259
internal_weight=31856.7 31677.1 3481.22 28195.9 4061.86 1349.37 179.591 2591.9 24134 3212.1 2094.74 809.449 889.313 9.92533 800.037 861.413 29.6898 831.723 35.9867 29.0366 795.737 595.062 163.037 14.6127 754.311 14.3736 202.55 12.8059 1730.49 1348.43
internal_count=231520 226285 38636 187649 27750 10798 5235 25935 159899 22827 13814 5323 12701 122 5262 7995 262 7733 325 262 7408 4268 5080 132 6530 104 1849 117 17940 13566
cat_boundaries=0 1 2 3
cat_threshold=1 147 133
is_linear=0
shrinkage=0.04


Tree=69
num_leaves=31
num_cat=8
split_feature=1 31 12 18 9 1 22 22 6 15 32 22 14 29 6 22 32 15 20 3 3 9 1 9 11 22 22 0 26 22
split_gain=31.1597 30.6332 26.5959 22.9513 17.6862 19.3193 18.2293 15.433 14.4805 16.9224 16.6375 13.7774 13.715 13.343 12.1863 11.7192 14.6632 21.9075 21.4236 13.8516 15.4019 16.7004 11.7488 11.946 11.0458 10.6087 10.5978 10.3202 10.0691 11.1242
threshold=1.5000000000000002 4.5000000000000009 0 1.5000000000000002 5.2455000000000025 5.5000000000000009 1 2 0.06000000000000006 0.13183333333333339 4.4750000000000005 3 5.8452380952380958 6.3450000000000006 -0.073333333333332792 4 2.2850000000000006 0.12100000000000002 0.10555555555555557 0.1113109512390088 0.13164313222079591 2.5633333333333348 3.5000000000000004 3.2091666666666652 26.500000000000004 5 6 0.22148542159180459 5.5000000000000009 7
decision_type=2 2 1 10 2 2 1 1 2 8 2 1 10 2 2 1 2 8 8 8 8 2 2 2 2 1 1 8 2 1
left_child=3 28 12 26 5 15 -7 8 13 -10 -11 -6 -3 -5 -8 16 17 18 -4 27 21 -21 -18 24 -24 -22 -1 -19 -2 -30
right_child=1 2 4 7 11 6 14 -9 9 10 -12 -13 -14 -15 -16 -17 22 19 -20 20 25 -23 23 -25 -26 -27 -28 -29 29 -31
leaf_value=-0.01443017535058623 0.0015960101919232858 -0.0076144979344388453 0.11479383102521851 -0.0039509775541994863 -0.001605509519469743 -0.001370059460890857 0.022709585083247039 0.0010973108618179822 0.089471087840196764 0.043701523867163403 -0.013654876521113489 0.0060880032178231569 -0.031456549408044869 -0.015571465754094403 -0.014553986095739119 -0.0027221011231534854 0.003171075680850502 -0.0010604968681831148 0.011459327706290132 0.030545251756267728 0.024116346971378447 0.1127431879963144 0.010804656504491958 -0.015568393686953204 -0.0032386613128962687 -0.0058197988955137649 -0.0049901000966596212 0.054405780570348353 -0.0061851720198933093 0.0013423655996572898
leaf_weight=354.44697714596987 19391.993419039994 678.49522298388183 6.1669445633888218 921.85004057362676 625.2783686965704 437.15037335269153 14.526930607855318 1475.6661012992263 4.7740952223539344 13.384623549878595 20.462557606399059 907.58016431704164 40.932704035192728 190.82401087880135 420.45656263269484 2476.1099519617856 959.98569656163454 162.13909707963467 6.6952572092413911 18.668233357369903 27.809905029833317 5.0178089626133433 102.41389692947268 109.18402980268002 717.04018263891339 35.716521449387074 479.79853768646717 5.5510010197758666 567.35413397103548 686.35340252518654
leaf_count=4667 118170 9931 49 9386 4784 4184 131 15232 54 120 217 6905 1525 2779 4187 18914 6805 1330 48 163 255 43 814 823 5522 313 6030 51 3674 4433
internal_value=0.000129537 0.000566196 -0.00157693 -0.00345368 -0.00081988 -0.00187921 -0.00734066 -0.00161811 -0.00506414 0.0189703 0.0090263 0.00297893 -0.00884803 -0.0059439 -0.0130104 -0.000851019 0.00130406 0.0100702 0.0610044 0.00750006 0.0204297 0.0479586 6.81258e-05 -0.00313957 -0.00148355 0.0101655 -0.00923371 0.000775589 0.0013714 -0.00210278
internal_weight=31863.8 28402.6 7756.92 3461.21 7037.49 5504.63 872.134 2626.96 1151.3 38.6213 33.8472 1532.86 719.428 1112.67 434.983 4632.5 2156.39 267.765 12.8622 254.903 87.2125 23.686 1888.62 928.638 819.454 63.5264 834.246 167.69 20645.7 1253.71
internal_count=231539 193054 66777 38485 55321 43632 8502 27788 12556 391 337 11689 11456 12165 4318 35130 16216 2252 97 2155 774 206 13964 7159 6336 568 10697 1381 126277 8107
cat_boundaries=0 1 2 3 4 5 6 7 8
cat_threshold=8 6007324 13095120 7434792 2325186 2175104 3607440 1027233
is_linear=0
shrinkage=0.04


Tree=70
num_leaves=31
num_cat=7
split_feature=1 14 26 12 7 25 30 1 22 14 22 22 22 25 14 0 22 24 5 17 17 15 26 23 14 23 22 14 0 30
split_gain=36.9006 34.7594 22.6528 18.602 15.6969 14.4872 14.2205 13.7025 16.8219 13.7136 13.5239 13.2927 12.0501 15.5029 11.3986 12.5143 11.0962 11.8018 16.042 11.8741 15.727 12.7546 10.6377 10.5729 17.9106 17.2306 15.2212 13.4046 11.8756 12.8485
threshold=1.5000000000000002 5.7888888888888896 4.5000000000000009 0 1.5000000000000002 -17.647499999999997 -0.11633333333333339 4.5000000000000009 1 2.8944444444444448 2 3 4 -6.4466666666666654 3.6125000000000003 0.12043863024240094 5 26.330000000000002 6.8150000000000004 0.066732804232804269 0.12407407407407416 0.1470714285714286 4.5000000000000009 21.140000000000004 3.8452380952380958 47.925000000000004 6 4.9500000000000011 0.18444699286442409 -0.86666666666666636
decision_type=2 10 2 1 2 2 2 2 1 8 1 1 1 2 10 10 1 2 2 10 10 8 2 2 10 2 1 10 10 2
left_child=3 2 5 4 -1 -2 -3 8 -4 16 -6 -11 -5 22 15 -10 17 18 -9 -20 -21 -22 -14 26 -25 28 -7 -28 29 -26
right_child=1 6 7 12 10 23 -8 9 14 11 -12 -13 13 -15 -16 -17 -18 -19 19 20 21 -23 -24 24 25 -27 27 -29 -30 -31
leaf_value=-0.016619615719074412 0.011420948071934663 -0.030970803371368007 0.002680400088691279 0.0008044561590829579 0.0045673248183172241 0.00013103780891518909 0.082338071365879464 0.0078932904113690021 -0.017674826563463565 -0.007847663238042233 -0.0088380460386155799 -0.0018666280619574671 0.011726558576244685 -0.0076767549556662675 -0.0048272885726726904 0.0012969213614921497 -0.0026619883722573908 -0.0017820055299157384 0.0035421818181664857 0.10899640177559163 0.0085754484607244406 0.068182749581551114 -0.002244960010183897 0.0015043883263337852 -0.011411846063056964 -0.014189372671506682 0.0083622844585140525 -0.0083690143919439453 -0.0059499509534055462 0.001050278530643906
leaf_weight=284.42399359121919 226.65128424577415 66.290539190173149 2229.1495386883616 1240.9113469421864 163.05357663705945 923.88245392218232 1.8208556100726117 93.980761848390102 58.127013087272644 1084.0892578158528 418.46267860755324 1349.0459309518337 117.5435938462615 911.2060097232461 1239.6161297317594 1295.1728514172137 281.21661774814129 89.356217749416828 11.485449708998202 6.0458581149578121 12.252253241837026 10.812304221093653 337.68192515894771 15214.215169839561 141.39053667336702 171.27346273511648 1042.382621191442 82.692988635972142 634.86341615766287 2074.674047626555
leaf_count=4358 1728 2221 15604 12053 2248 7009 12 611 393 10364 5922 12640 1086 9758 9625 8409 1878 605 82 40 78 69 3236 93012 1183 1104 7452 834 4217 13437
internal_value=0.000122055 0.000598964 0.000667722 -0.00376932 -0.00881727 0.00136415 -0.0279417 -0.00117306 0.000138983 -0.00332628 -0.0051527 -0.00457142 -0.00205113 -0.0046314 -0.00204833 0.000482046 0.00267111 0.00908178 0.01697 0.0379827 0.0515712 0.0365184 0.00136262 0.00125178 0.000945683 -0.00186692 0.00397617 0.0070697 -0.00112663 0.000255163
internal_weight=31813.8 28340.5 28272.4 3473.28 865.94 20512 68.1114 7760.35 4822.07 2938.28 581.516 2433.14 2607.34 1366.43 2592.92 1353.3 505.149 223.933 134.577 40.5959 29.1104 23.0646 455.226 20285.4 18236.4 3022.2 2048.96 1125.08 2850.93 2216.06
internal_count=231268 192607 190374 38661 12528 129976 2233 60398 34031 26367 8170 23004 26133 14080 18427 8802 3363 1485 880 269 187 147 4322 128248 112953 19941 15295 8286 18837 14620
cat_boundaries=0 1 2 3 4 5 6 7
cat_threshold=1 13026914 8392862 2530914 1631534 328693 14425288
is_linear=0
shrinkage=0.04


Tree=71
num_leaves=31
num_cat=0
split_feature=14 1 24 26 14 17 20 24 16 27 6 6 6 13 10 9 11 11 27 15 18 1 17 9 25 6 15 16 11 30
split_gain=30.1492 24.1157 24.1806 22.8144 18.1691 13.7308 12.8725 12.3228 11.3957 10.7716 10.7142 10.6897 10.2978 9.85086 9.59841 12.9202 15.4897 11.8008 9.40182 9.27667 9.22805 14.5775 12.1435 17.3552 13.2695 14.8274 11.6532 9.81747 9.43418 9.05451
threshold=5.4365079365079376 1.5000000000000002 36.82500000000001 5.5000000000000009 4.7888888888888896 -0.2757936507936507 0.15476190476190479 36.680000000000007 1.0000000180025095e-35 5.5000000000000009 0.031666666666666739 0.024500000000000192 -0.024500000000000185 11.500000000000002 4.5000000000000009 -2.6549999999999989 33.500000000000007 55.500000000000007 3.5000000000000004 0.23316666666666672 5.5000000000000009 4.5000000000000009 -0.1407275132275132 -0.061666666666665641 6.3518333333333343 -0.013333333333333195 0.19211111111111115 0.29285714285714287 36.500000000000007 -3.1941666666666659
decision_type=10 2 2 2 10 10 8 2 8 2 2 2 2 2 2 2 2 2 2 10 10 2 10 2 2 2 10 10 2 2
left_child=1 2 7 20 12 -2 10 8 14 13 -4 19 -5 -10 15 16 -1 -17 -8 29 -3 -22 26 28 25 -25 -23 -28 -24 -7
right_child=5 3 6 4 -6 11 18 -9 9 -11 -12 -13 -14 -15 -16 17 -18 -19 -20 -21 21 22 23 24 -26 -27 27 -29 -30 -31
leaf_value=-0.0033507826906258578 -0.029515775744782282 0.001029693897995985 -0.0044685567136580106 0.0020947325769774569 -0.014393695570795811 -0.02727196334282635 -0.012319483412803823 0.063695323174370683 -0.0017127082055458437 0.009958333654814952 0.012001482971031451 -0.025430425576756489 -0.0034748272458939578 -0.021489873995104072 -0.0039978280488009374 0.00698087629971303 0.087957338403252233 0.054811469941328961 -0.0025767044667280204 -0.026990707839357621 0.00088344089709498509 -0.0051923471801115133 0.017989642161778382 -0.0056935690273322076 -0.010832682952914532 0.064152030686993267 -0.020822535354669373 0.018743780921448853 -0.025681022360199198 0.011132261842614731
leaf_weight=4.711576282978057 71.353091234341264 23470.072103844956 451.01570972055197 716.32773753628135 204.37041532993317 11.54637856967747 683.60263836011291 4.7995659336447707 1698.9513879939914 125.36154434084892 73.494334403425455 38.913444008678198 2054.7301372103393 41.275384057313204 55.350715011358261 88.171821050345898 8.0543818399310094 9.1054480224847776 206.30348667129874 17.315838199108839 1099.2786225937307 456.97658489271998 12.147706825286148 6.6789261326193836 9.3484079241752607 17.886176485568285 140.5551457516849 10.805219583213328 22.71481055021286 65.795052986592054
leaf_count=43 2090 149942 5495 5212 2707 465 9529 53 16756 1164 823 1016 15915 543 499 778 71 79 2781 420 7945 3980 96 53 63 142 1431 84 164 1455
internal_value=-5.60026e-05 4.29477e-05 -0.00311382 0.000428871 -0.00288394 -0.0153493 -0.00713126 -0.000322597 -0.000473883 -0.00136601 -0.00216078 -0.00778162 -0.00203508 -0.00218179 0.00958905 0.0164231 0.0542579 0.011458 -0.0100609 -0.000526229 0.000819303 -0.00196043 -0.00657738 0.00935402 0.0297268 0.0451619 -0.00837852 -0.017998 -0.0104642 0.00539886
internal_weight=31877 31672.1 3450.2 28221.9 2975.43 204.924 1414.42 2035.78 2030.98 1865.59 524.51 133.571 2771.06 1740.23 165.394 110.043 12.766 97.2773 889.906 94.6573 25246.5 1776.39 677.113 68.776 33.9135 24.5651 608.337 151.36 34.8625 77.3414
internal_count=231794 226348 38614 187734 23834 5446 18628 19986 19933 18463 6318 3356 21127 17299 1470 971 114 857 12310 2340 163900 13958 6013 518 258 195 5495 1515 260 1920
is_linear=0
shrinkage=0.04


Tree=72
num_leaves=31
num_cat=1
split_feature=30 1 14 1 0 7 26 25 9 32 9 23 17 25 23 15 3 32 6 33 24 9 9 0 2 32 9 30 15 6
split_gain=30.5056 29.3118 29.555 22.8965 22.1713 20.2398 16.3438 14.1336 12.878 12.789 11.7342 12.9566 12.4941 17.745 11.3428 12.4231 10.2908 10.0049 10.2657 11.8693 11.8925 12.4848 12.7269 17.8276 9.95741 11.4774 9.91723 15.9364 9.7823 10.7739
threshold=-2.7274999999999991 1.5000000000000002 3.2928571428571431 5.5000000000000009 0.14691393298059968 3.5000000000000004 4.5000000000000009 24.003333333333337 -0.51000000000000323 5.9750000000000005 -1.153333333333334 28.98 -0.15912698412698409 7.9999999999999991 40.070000000000007 0.11800000000000002 0.072939020028612314 6.0050000000000008 0.01166666666666716 0 41.695000000000007 -8.2149999999999963 0.65999999999999848 0.15270328268182351 40.435000000000009 6.1250000000000009 -5.5874999999999995 0.099999999999999881 0.17292857142857146 0.010833333333333252
decision_type=2 2 10 2 10 2 2 2 2 2 2 2 8 2 2 8 8 2 2 1 2 2 2 8 2 2 2 2 10 2
left_child=6 4 -3 -4 8 7 -1 -5 10 26 12 -12 13 -2 -13 -16 -15 -6 -19 20 -20 -22 -23 -24 -11 -26 27 -7 -10 -30
right_child=1 2 3 5 17 9 -8 -9 28 24 11 14 -14 16 15 -17 -18 18 19 -21 21 22 23 -25 25 -27 -28 -29 29 -31
leaf_value=0.010090541684921111 -0.001790428434087031 0.0019860014353951152 5.951344868715618e-05 -0.0012743294111137288 -0.00029488836525277598 -0.024347067289764379 -0.021463057358791428 0.0211114730518971 -0.015732679099506854 -0.0029041187157026966 0.084491408944221663 -0.033254882512390775 -0.0086425889477880543 0.10471471567456263 0.081234360145837528 0.0060510028655968448 0.020152288857553921 -0.0088655353892897956 0.048735760729630935 -0.0095972487419649054 0.050468346357543117 -0.01457583362661165 0.08845336057328472 0.0061244005470439782 0.075090005197086584 0.010528324458800517 -0.0076727477741620285 -0.0004999231744605171 -0.00020793978347320057 0.083134154031306529
leaf_weight=31.656443148851395 21.407759971916679 13032.361481200904 12776.050586577505 1087.1487290300429 2075.1345529519022 152.97964506223798 154.21528742648661 47.080208636820316 374.03933100774884 221.06561916321516 4.2978066876530674 7.1516759023070362 293.26285828277469 4.847910683602092 4.8191411457955864 13.008735585957764 4.3855222314596185 484.17808561399579 12.903856828808783 62.04980618879199 9.3058001324534398 36.774994056671858 5.146299883723259 23.089230906218294 5.1655733585357657 29.949428014457226 774.99078747816384 63.427198231220245 11.89984008669853 3.135763779282569
leaf_count=636 238 80430 87142 8851 20310 1659 4863 283 5050 1484 39 82 3985 64 70 195 59 6546 153 771 114 463 68 282 38 201 6852 396 156 37
internal_value=6.83283e-05 0.000163243 0.000589203 -0.000611731 -0.00331646 -0.0042123 -0.0160891 -0.000345127 -0.00944119 -0.00772811 -0.00391119 0.0203398 -0.00610321 0.0182009 0.00930231 0.0263742 0.0645508 -0.00163805 -0.00603816 0.00313282 0.0119226 0.00713487 0.000931988 0.0211299 0.000238892 0.0200256 -0.00978681 -0.0173577 -0.014461 0.0171735
internal_weight=31826.9 31641.1 28190.2 15157.9 3450.84 2381.81 185.872 1134.23 742.256 1247.58 353.181 29.2774 323.904 30.6412 24.9796 17.8279 9.23343 2708.58 633.448 149.27 87.2202 74.3163 65.0105 28.2355 256.181 35.115 991.398 216.407 389.075 15.0356
internal_count=231517 226018 187336 106906 38682 19764 5499 9134 9975 10630 4732 386 4346 361 347 265 123 28707 8397 1851 1080 927 813 350 1723 239 8907 2055 5243 193
cat_boundaries=0 1
cat_threshold=327
is_linear=0
shrinkage=0.04


Tree=73
num_leaves=31
num_cat=6
split_feature=29 32 31 14 23 25 22 15 0 10 22 3 22 22 2 17 15 32 7 22 0 15 15 29 22 31 23 2 23 29
split_gain=22.9646 19.4095 16.3263 12.1814 12.2507 13.3258 13.2295 12.4185 11.1108 11.014 14.2315 12.6886 16.4889 10.9377 11.4142 10.8224 9.98156 11.1027 9.73185 13.2517 13.1288 13.0738 14.8279 12.8054 12.4072 11.3796 16.7101 11.3037 11.0803 10.9339
threshold=1.6150000000000004 2.1650000000000005 3.5000000000000004 3.8819444444444451 46.835000000000008 35.742500000000007 0 0.26105555555555565 0.17780785290454915 5.5000000000000009 1 0.26336189310485519 2 3 55.665000000000013 -0.090740740740740691 0.24527777777777782 4.8350000000000009 4.5000000000000009 4 0.12857481381178068 0.11211111111111112 0.1081666666666667 2.5650000000000004 5 4.5000000000000009 17.355000000000004 54.230000000000011 21.340000000000003 4.705000000000001
decision_type=2 2 2 10 2 2 1 10 8 2 1 10 1 1 2 10 10 2 2 1 10 10 10 2 1 2 2 2 2 2
left_child=1 2 -1 8 5 7 -6 9 -2 11 -11 18 -13 -10 16 -7 -15 -18 19 20 -5 22 29 -20 -25 28 27 -27 -23 -21
right_child=3 -3 -4 4 6 15 -8 -9 13 10 -12 12 -14 14 -16 -17 17 -19 23 21 -22 25 -24 24 -26 26 -28 -29 -30 -31
leaf_value=0.09783157896939719 0.00014126320836964907 0.026900199922552166 -0.020561865923016853 -0.020689570236302652 -0.00045384436366532541 -0.0036740663605718772 -0.01814152628772649 -0.016920999711330948 0.0047457078029100484 -0.0091576810759373666 -0.00022543279557193271 -0.0043540513365883443 0.017459785980142365 0.00070298631903376919 -0.024340199625152756 0.060832362628960183 0.00083046598785651855 0.040830285144223072 -0.024062309217393558 -0.01082130830647678 0.0042582288649236615 0.0076569432617152877 0.058250175523841437 0.0025002641515763668 -0.0043880993530963494 0.0018724159388235379 -0.0077091848823314735 -0.046680321644413589 -0.00078786806300378041 0.02894107365213015
leaf_weight=1.8869154527783383 18907.739876043051 16.237342175096273 150.8290664087981 34.579698514193296 143.00025837123394 7.0772455185651806 129.97294890135527 77.748426901176572 1809.207565754652 534.8196895159781 611.54657415300608 90.237295851111412 131.59667192399502 2708.921180229634 28.71090055629611 10.100363850593565 23.41674131155014 21.113472688943148 44.480525551363826 23.941826030611992 1407.582592504099 316.72684225440025 11.646763764321802 588.88620178028941 1403.9575757943094 564.67719951272011 812.74313327297568 7.7777749747037879 1155.6657463945448 20.572988368570805
leaf_count=13 130368 148 5077 256 1044 51 968 739 12458 4485 4999 1012 1457 18742 199 67 169 139 660 193 10604 2068 90 4607 11033 5223 6402 68 7731 151
internal_value=2.95896e-05 -0.0146783 -0.019099 0.000108156 -0.0012265 -0.000937055 -0.00955684 -0.00101417 0.000569869 -0.000854827 -0.00447449 -0.000227554 0.00917718 0.00233491 0.000747457 0.0342554 0.00101177 0.0197959 -0.000553881 0.000513421 0.00363483 -0.00104043 0.0180684 -0.00283584 -0.00236206 -0.00141962 -0.00402206 0.00121274 0.0010287 0.00755529
internal_weight=31797.4 168.953 152.716 31628.4 8129.34 7856.37 272.973 7839.19 23499.1 7761.44 1146.37 6615.07 221.834 4591.37 2782.16 17.1776 2753.45 44.5302 6393.24 4355.91 1442.16 2913.75 56.1616 2037.32 1992.84 2857.59 1385.2 572.455 1472.39 44.5148
internal_count=231221 5238 5090 225983 63908 61896 2012 61778 162075 61039 9484 51555 2469 31707 19249 118 19050 308 49086 32786 10860 21926 434 16300 15640 21492 11693 5291 9799 344
cat_boundaries=0 1 2 3 4 5 6
cat_threshold=544630 5049809 14736450 1903024 13181001 6342786
is_linear=0
shrinkage=0.04


Tree=74
num_leaves=31
num_cat=11
split_feature=1 15 29 30 1 17 22 22 7 9 22 1 0 12 0 13 22 22 22 22 22 30 8 2 32 22 15 32 3 22
split_gain=21.8855 26.4779 23.1309 18.2272 23.4035 22.1236 19.4732 16.8774 17.5327 16.236 23.303 15.0492 18.3849 17.9479 19.1381 16.6528 17.6649 15.7263 15.0629 14.3573 14.2495 14.726 14.0471 13.0855 13.0277 12.9889 14.7005 12.8806 12.8611 13.1675
threshold=1.5000000000000002 0.15211111111111117 1.6150000000000004 0.35083333333333316 4.5000000000000009 0.16679894179894186 0 1 1.5000000000000002 5.7999999999999998 2 4.5000000000000009 0.15367495623519722 3 0.17083582834331343 6.5000000000000009 4 5 6 7 8 1.1118333333333339 32.655000000000008 36.545000000000009 6.4850000000000012 9 0.12472222222222222 2.1650000000000005 0.12747051011639718 10
decision_type=2 10 2 2 2 10 1 1 2 2 1 2 8 1 10 2 1 1 1 1 1 2 2 2 2 1 8 2 8 1
left_child=1 7 27 4 25 9 -7 24 -9 19 22 12 17 28 23 -14 -17 -5 -16 -6 21 -3 -11 -15 -1 -4 -27 -2 29 -13
right_child=2 20 3 11 5 6 -8 8 -10 10 -12 13 15 14 18 16 -18 -19 -20 -21 -22 -23 -24 -25 -26 26 -28 -29 -30 -31
leaf_value=0.00066144614424838493 -0.018066551653820335 -0.002651680266959301 0.00226907028363169 -0.0047191625966717041 -0.0016131522204870005 0.013957622216742351 -0.0025832344696967817 -0.021480491199535032 -0.007568615270169431 -0.032659621771038649 -0.004057372909289798 0.011646569971767714 0.0001454120105748458 -0.003585481156727291 0.015891436755594873 -0.00032386236001284751 0.0082054072929795482 0.00096641662004342687 0.0026942773884366046 -0.0061490693890572613 0.0021666363594816181 -0.020217933144555444 0.0089610137612735966 0.0042607447814277761 -0.011632471498328334 -0.0074232922421660257 7.3326466064018198e-05 0.021320790605760406 -0.00088115933438406152 0.0044041116231016897
leaf_weight=493.55070021748543 149.48954720422626 585.22068629413843 4989.7552991975099 1456.6696424037218 2103.5438816752285 231.29710901528597 215.61199606209993 211.2037975564599 462.00006284564734 13.333489712327717 573.07121727615595 763.82943665981293 2288.0603787750006 1123.5657895207405 195.37702697515488 593.29017028212547 1144.7260468006134 1656.8272362053394 467.71020671725273 2429.7128078937531 1401.5363096036017 87.813971891999245 481.90012246370316 487.70763851702213 191.39465886726975 454.2681495025754 5318.9952546879649 14.580139625817536 328.65766204893589 929.7390426248312
leaf_count=5546 5121 6076 33295 8936 16864 1525 1443 2843 5629 109 4514 4266 13520 6435 1105 3547 6802 10105 2634 19913 14402 1239 3772 2793 2857 2975 36101 132 1907 5210
internal_value=4.47425e-05 -0.00297209 0.000409238 0.00049622 -0.000341822 -0.00233269 0.00623197 -0.00731392 -0.0117585 -0.003016 0.00142011 0.00172817 0.000602518 0.00359864 0.0011383 0.00238752 0.0053392 -0.00170567 0.00686308 -0.00406141 -0.000129641 -0.00487125 0.00768525 -0.00121055 -0.00273394 0.00077698 -0.00051565 -0.0145664 0.00632881 0.00776536
internal_weight=31844.4 3432.72 28411.7 28247.6 16811.5 6048.47 446.909 1358.15 673.204 5601.56 1068.3 11436.2 7139.57 4296.59 2274.36 4026.08 1738.02 3113.5 663.087 4533.26 2074.57 673.035 495.234 1611.27 684.945 10763 5773.26 164.07 2022.23 1693.57
internal_count=231616 38592 193024 187771 120511 48140 2968 16875 8472 45172 8395 67260 42910 24350 12967 23869 10349 19041 3739 36777 21717 7315 3881 9228 8403 72371 39076 5253 11383 9476
cat_boundaries=0 1 2 3 4 5 6 7 8 9 10 11
cat_threshold=4417871 4753402 9474995 1 5252746 8595767 8675366 7954509 2315024 14843264 8424186
is_linear=0
shrinkage=0.04


Tree=75
num_leaves=31
num_cat=8
split_feature=1 14 12 14 26 23 17 1 8 23 10 22 22 29 22 22 27 17 2 15 22 27 29 17 2 22 8 18 32 22
split_gain=33.6298 27.7297 19.1692 15.4645 13.0094 12.7516 16.7768 12.7171 12.6143 12.2971 20.4227 27.9949 13.7556 12.455 13.9241 11.724 13.2928 11.6239 11.4166 11.2481 11.141 11.0562 10.0939 10.0829 10.2953 10.8257 14.6434 11.2069 9.99073 9.92393
threshold=1.5000000000000002 5.4365079365079376 0 3.9500000000000006 3.5000000000000004 47.785000000000004 -0.25912698412698404 5.5000000000000009 28.485000000000003 22.800000000000001 3.5000000000000004 1 2 4.9650000000000007 3 4 8.5000000000000018 -0.09259259259259256 31.115000000000006 0.20612500000000006 5 2.5000000000000004 5.1350000000000007 0.4335978835978837 38.385000000000012 6 63.735000000000007 1.5000000000000002 3.7150000000000003 7
decision_type=2 10 1 10 2 2 10 2 2 2 2 1 1 2 1 1 2 10 2 10 1 2 2 10 2 1 2 8 2 1
left_child=2 3 20 21 8 7 18 9 -3 10 12 28 -5 -11 -15 16 -4 -9 -7 -10 -1 23 -16 24 29 26 27 -26 -12 -2
right_child=1 4 15 5 -6 6 -8 17 19 13 11 -13 -14 14 22 -17 -18 -19 -20 -21 -22 -23 -24 -25 25 -27 -28 -29 -30 -31
leaf_value=-0.00367281716184113 0.0027769402466160022 -0.038814365427258017 0.00075516445183820716 5.6754883235205526e-05 -0.018628786828395121 0.065794781055155016 -0.018232652554535832 -0.0085027050901566488 0.058785831565248928 -0.0047696772746544623 -0.016416362068000619 0.0026210976592643915 0.0082832281883715806 0.0063500065836353328 0.0060406324005325487 -0.0043372979110415247 0.053941414669659932 0.001369881995248379 0.0024566570250770317 -0.0091048309853349729 -0.013135683321796406 -2.0219915861648115e-05 -0.0053401767980569993 -0.0074798459013878937 0.015196538577940351 0.0023197211312400556 0.066014147791564101 0.0047276430749216636 -0.0043037544608867445 0.0001928309527150068
leaf_weight=387.66026911139488 4192.8532919846475 5.3800554201006916 1086.8098296746612 542.47030222974718 167.41407920978963 5.9384061917662647 132.05074770003557 606.02590334415436 9.8300321586430091 1362.488542996347 213.82925565168262 750.1321976352483 826.6599991004914 443.78405064344406 162.83855681866407 1479.8930392637849 7.5709759667515746 278.50235825777054 19.521364875137806 6.4775766041129819 467.19226602092385 9525.389145758003 532.24810725450516 185.13454888761044 219.25747068971395 1842.2680527828634 6.8702190220355979 644.59926806762815 222.14420444145799 5493.416099704802
leaf_count=5624 26587 72 10677 4330 5130 41 866 6613 112 9392 1959 6268 6576 2827 1053 15246 66 2265 134 85 7066 60361 3392 1092 1327 11677 43 4191 1729 34823
internal_value=-3.81528e-05 0.000413681 -0.00377991 0.000516022 -0.0148526 -0.00126724 -0.0125005 -0.000969424 0.0142969 -0.000195412 0.00175625 -0.00208579 0.00508469 -0.00218911 0.000898153 -0.00202494 0.00111294 -0.00539422 0.0172301 0.0318189 -0.00893653 0.00100791 -0.00263606 0.00178612 0.00192447 0.00410235 0.00775827 0.00738478 -0.0100148 0.00131447
internal_weight=31826.7 28397.5 3429.13 28208.4 189.102 6098.63 157.511 5941.12 21.6877 5056.6 2555.24 1186.11 1369.13 2501.36 1138.87 2574.27 1094.38 884.528 25.4598 16.3076 854.853 22109.8 695.087 12584.4 12399.3 2713 870.727 863.857 435.973 9686.27
internal_count=231624 192945 38679 187546 5399 47445 1041 46404 269 37526 20862 9956 10906 16664 7272 25989 10743 8878 175 197 12690 140101 4445 79740 78648 17238 5561 5518 3688 61410
cat_boundaries=0 1 2 3 4 5 6 7 8
cat_threshold=1 9636948 971680 11109776 4253482 790783 1655881 6138497
is_linear=0
shrinkage=0.04


Tree=76
num_leaves=31
num_cat=4
split_feature=25 26 29 22 15 26 6 10 14 22 14 22 10 24 22 0 7 11 6 2 13 24 25 8 29 11 34 3 3 29
split_gain=18.2763 16.6395 18.0497 15.1258 10.6057 10.7562 8.84929 8.49739 11.3736 9.37428 8.14413 15.7499 13.5016 12.1973 13.9968 11.8037 16.5408 10.5088 10.2738 11.8274 10.1683 16.8049 23.4386 12.0655 10.0753 11.5312 9.94951 10.4966 11.5358 9.8215
threshold=-21.570833333333329 3.5000000000000004 1.6150000000000004 0 0.13387500000000005 4.5000000000000009 -0.044999999999999478 5.5000000000000009 2.9500000000000006 1 4.8166666666666673 2 5.5000000000000009 6.2000000000000011 3 0.21003144654088055 2.5000000000000004 30.500000000000004 -1.0000000180025095e-35 35.82500000000001 8.5000000000000018 16.155000000000005 -14.23833333333333 45.045000000000009 5.3550000000000013 52.500000000000007 5.5000000000000009 0.1072112753147236 0.14314171883893004 6.8850000000000007
decision_type=2 2 2 1 10 2 2 2 10 1 10 1 2 2 1 10 2 2 2 2 2 2 2 2 2 2 2 10 8 2
left_child=1 -1 -3 -4 -5 6 -6 -7 9 -9 13 18 17 14 -2 -14 -17 20 19 -12 23 22 -22 -13 25 -16 27 -21 -29 -26
right_child=10 2 3 4 5 7 -8 8 -10 -11 11 12 15 -15 24 16 -18 -19 -20 26 21 -23 -24 -25 29 -27 -28 28 -30 -31
leaf_value=0.063403662747731113 0.0089607185489408714 -0.022028239111294767 0.003391434757886128 -0.011235039179225192 -0.024454915723558512 -0.0025988599020294037 0.020278353794910216 -0.012905792686376278 -0.015830229745803115 0.020640700273154029 -0.01374417613809128 -0.0093140217255030921 -0.021497236611569385 0.00021268678616940645 -0.0035051203233530453 0.078861663177899291 -0.013297991533918599 0.0092153819467557692 -0.020720913041260714 -0.014417870370249742 0.0087642165091680289 -0.030017304840499439 0.10980833937987221 0.027772682367724066 0.011023284696329785 0.014162506481318827 0.071238858358542004 0.075258559546877976 0.0023831770577986112 -0.02119589822609734
leaf_weight=5.9708801731467238 547.34435711055994 80.938066272065043 492.89221880212426 309.11905710957944 8.2632167078554613 1318.6147640347481 49.233814347535372 15.716386049985884 166.93091177195311 21.620135679841042 63.871035318821669 175.40862965583801 68.497818870469928 27201.051723875105 577.20354202762246 4.8172421827912322 8.8230557832866889 215.04111524671316 123.54920586198568 16.782519269734625 10.474838938564066 7.0005620270967475 5.6565949693322191 15.256307261064647 190.13280898705125 65.849838335067034 4.4140514321625224 5.8747982829809162 8.509330116212368 16.447532504796982
leaf_count=39 4012 3078 4153 2425 62 11199 372 111 1610 150 705 2516 752 190043 4279 59 137 1725 1347 135 158 58 69 215 1259 462 52 50 143 110
internal_value=1.48902e-05 -0.00329007 -0.00345173 -0.00282062 -0.00443556 -0.00313366 0.0138495 -0.00377487 -0.0113664 0.00859136 0.000293116 -0.00386731 0.000123796 0.000399895 0.00404509 -0.0147306 0.0192493 0.00297185 -0.0124592 -0.00344854 -0.00330802 0.0217364 0.044196 -0.00634648 0.000763929 -0.00169592 0.0150332 0.00707294 0.0321471 0.00845805
internal_weight=31801.3 2469.3 2463.33 2382.39 1889.5 1580.38 57.497 1522.88 204.267 37.3365 29332 733.977 510.976 28598 1396.98 82.1381 13.6403 428.838 223.001 99.4517 213.797 23.132 16.1314 190.665 849.634 643.053 35.5807 31.1666 14.3841 206.58
internal_count=231485 23199 23160 20082 15929 13504 434 13070 1871 261 208286 8121 5689 200165 10122 948 196 4741 2432 1085 3016 285 227 2731 6110 4741 380 328 193 1369
cat_boundaries=0 1 2 3 4
cat_threshold=2114072 658656 4826116 6504664
is_linear=0
shrinkage=0.04


Tree=77
num_leaves=31
num_cat=5
split_feature=1 7 30 31 22 22 14 0 27 19 25 26 22 11 23 22 14 11 32 30 11 15 2 2 2 22 14 9 7 16
split_gain=29.6053 20.0964 27.1474 18.956 15.0585 14.5887 14.1375 10.7379 10.1777 11.7704 9.97318 20.801 11.5727 11.5917 11.8981 11.4033 10.7552 9.9306 11.7477 9.92014 10.5333 11.1512 11.9528 10.5867 11.0368 10.952 14.7432 10.1037 13.7873 9.70818
threshold=1.5000000000000002 5.5000000000000009 -1.4649999999999994 1.5000000000000002 0 1 5.8452380952380958 0.13280727164437708 17.500000000000004 0.29166666666666669 -20.858166666666659 3.5000000000000004 2 48.500000000000007 61.040000000000006 3 2.4722222222222228 23.500000000000004 5.9350000000000014 -2.879166666666666 48.500000000000007 0.1031666666666667 38.385000000000012 35.945000000000007 29.555000000000003 4 4.7638888888888902 -10.173333333333334 3.5000000000000004 0.68333333333333346
decision_type=2 2 2 2 1 1 10 10 2 10 2 2 1 2 2 1 8 2 2 2 2 10 2 2 2 1 10 2 2 10
left_child=3 6 -3 4 7 17 10 -1 -5 -10 11 -2 -12 14 -14 -13 -15 -4 -19 -17 21 22 -21 24 -23 -26 27 28 -27 -25
right_child=1 2 5 8 -6 -7 -8 -9 9 -11 12 15 13 16 -16 19 -18 18 -20 20 -22 23 -24 29 25 26 -28 -29 -30 -31
leaf_value=-0.02080730289879841 0.068829281801020395 -0.01806773417466823 0.013140660305559156 -0.002271712557501832 -0.013518496860242896 0.00071168774891687905 -0.024325608953746164 0.0036970751018616009 0.062383649344746765 -0.0028171459767420293 4.28125666907051e-05 -0.0067816871902599638 0.0026455491395844595 -0.0099895762751238456 -0.0098178217524075712 -0.018099183678842039 0.00020822559306770614 -0.0071575305516357185 -3.0676037899742937e-05 -0.032210527692824779 -0.0073176633789882482 9.5905517495198837e-06 0.021795738506081248 -0.0038738099616381699 0.0015152760817819175 0.013692501854679767 -0.012846819376131096 0.016610883305424803 0.094416244252796114 0.031751360255931824
leaf_weight=34.252498835325241 6.6493493989109984 166.08385161682963 50.822978846728802 2737.1805826798081 457.11678236350417 2083.0068170093 35.6937724519521 173.75671873241663 8.4251678660511988 9.3421813994646055 9397.9962904993445 569.65742839127779 10166.596199212596 177.4285521954298 124.04867830872536 47.680217333137989 2455.4658430032432 1122.1090986058116 552.16727663576603 28.296843290328979 233.63046908378601 339.75431397743523 8.5346004143357259 376.15854497812688 177.6917471550405 7.0911093018949014 26.373897019773722 209.05924685299397 6.4777847491204739 12.65055278688669
leaf_count=537 41 2783 383 28651 6858 14290 1306 2429 69 90 60869 5149 65530 1073 751 1553 16051 8122 3536 229 1743 2754 66 3073 1413 54 345 1554 53 78
internal_value=-2.32904e-05 0.000400378 -0.00223739 -0.00353906 -0.00959973 -0.00154698 0.000829887 -0.000322511 -0.00207583 0.0281007 0.000866729 -0.00180353 0.00111193 0.0018879 0.00249531 -0.00203342 -0.000478996 -0.00425372 -0.00480713 -0.000150553 0.000448646 0.00197072 -0.0196962 0.00266149 0.00538876 0.00967191 0.0148359 0.0187818 0.05223 -0.00271469
internal_weight=31801.2 28381.1 3974.19 3420.07 665.126 3808.11 24406.9 208.009 2754.95 17.7673 24371.2 2049.71 22321.5 12923.5 10290.6 2043.06 2632.89 1725.1 1674.28 1473.4 1425.72 1192.09 36.8314 1155.26 766.448 426.694 249.002 222.628 13.5689 388.809
internal_count=231433 192799 29114 38634 9824 26331 163685 2966 28810 159 162379 18105 144274 83405 66281 18064 17124 12041 11658 12915 11362 9619 295 9324 6173 3419 2006 1661 107 3151
cat_boundaries=0 1 2 3 4 5
cat_threshold=4197534 9059512 6834703 107908 14159912
is_linear=0
shrinkage=0.04


Tree=78
num_leaves=31
num_cat=6
split_feature=29 31 1 7 26 31 6 1 6 22 13 22 22 22 22 3 0 3 22 0 9 9 29 3 6 8 25 0 25 8
split_gain=19.0664 16.9889 15.5005 22.2842 17.3767 17.2117 16.68 16.5418 16.5403 21.0956 15.2305 15.3763 13.9853 13.8046 13.7393 13.4296 14.8147 13.2852 12.9224 12.4571 13.1217 15.539 11.4322 12.6327 13.9222 11.2455 11.1711 11.0457 10.7904 12.0964
threshold=1.6150000000000004 3.5000000000000004 1.5000000000000002 1.5000000000000002 4.5000000000000009 1.5000000000000002 -0.081833333333333411 5.5000000000000009 0.078000000000000749 0 7.5000000000000009 1 2 3 4 0.27303030303030307 0.15660632372214944 0.05411036036036037 5 0.21926878911233977 0.52666666666666562 2.1833333333333322 3.7250000000000005 0.091864313292884733 0.016666666666666167 42.285000000000004 -24.240833333333327 0.14448364735158198 -15.044999999999995 40.920000000000009
decision_type=2 2 2 2 2 2 2 2 2 1 2 1 1 1 1 8 8 10 1 10 2 2 2 10 2 2 2 10 2 2
left_child=1 -1 3 18 26 6 -5 8 10 -10 13 -12 15 25 -8 -9 -17 -13 -2 -7 -21 -22 23 -15 -25 -6 -4 -20 -11 -30
right_child=2 -3 4 5 7 19 14 12 9 28 11 17 -14 22 -16 16 -18 -19 27 20 21 -23 -24 24 -26 -27 -28 -29 29 -31
leaf_value=0.089263064061623029 0.0031396034414436598 -0.015506188560866867 0.024358412453835743 0.092130001504901471 -0.00025603098066898105 0.00054146897528961819 -0.00070941332107131146 -0.0023467547931409023 -0.022117766212675576 -0.011291437472055103 0.0049190743431096837 -0.0076013365760725449 -0.0092071341332634581 -0.0073414146299891191 -0.01510949749136116 -0.045823240187836352 0.033602145659963382 0.0014290099543609813 -0.019029109212867074 0.0024064390298489265 0.10469644523900973 0.024780568286928865 -0.0053268179233914113 0.016901930718631844 -0.0066643540161740776 0.010205096388922211 0.0008394979047437294 -0.0074123501479820145 0.015560235753782905 -0.02958609447858572
leaf_weight=2.5158378705382338 150.4029591716826 157.87555449083447 32.364227026700974 2.6572836861014357 1157.5887741185725 1965.4999670870602 211.5402226857841 571.07154045626521 116.39911197125912 71.460393156856298 1458.5034260433167 359.30125975608826 706.84909828193486 114.19934955984354 218.60263011604548 4.302422508597374 29.664747964590788 949.49789825826883 163.41111126542091 24.62234615534544 5.3068025931715992 14.611732482910154 1677.2619290575385 128.5003963727504 58.309942357242107 191.63395625911653 20558.835547022521 659.48902514204383 74.267917439341545 10.887878887355326
leaf_count=15 1709 5217 223 38 8493 20228 2977 4959 920 615 10287 2506 6565 1078 3233 52 416 6788 2479 213 47 125 11403 1301 664 1335 129498 7638 559 81
internal_value=-0.000106326 -0.0138628 -3.66946e-05 -0.00258173 0.000270837 -0.000542491 -0.00777823 -0.001353 -0.000510378 -0.0101425 -7.89088e-05 0.00211374 -0.00544303 -0.00190242 -0.00839543 -0.000878834 0.0235418 -0.00104211 -0.00769989 0.0010155 0.0219336 0.0460722 -0.00401834 0.00313917 0.00954608 0.00122075 0.000876464 -0.00960251 0.000159684 0.0097879
internal_weight=31847.4 160.391 31687 3416.14 28270.9 2442.84 432.8 7679.7 6367.81 273.015 6094.8 2767.3 1311.89 3327.49 430.143 605.039 33.9672 1308.8 973.303 2010.04 44.5409 19.9185 1978.27 301.01 186.81 1349.22 20591.2 822.9 156.616 85.1558
internal_count=231662 5232 226430 38687 187743 26861 6248 58022 46030 2175 43855 19581 11992 24274 6210 5427 468 9294 11826 20613 385 172 14446 3043 1965 9828 129721 10117 1255 640
cat_boundaries=0 1 2 3 4 5 6
cat_threshold=5915276 14895346 14485788 5558311 13215902 74
is_linear=0
shrinkage=0.04


Tree=79
num_leaves=31
num_cat=5
split_feature=1 30 24 0 17 34 6 22 18 23 22 3 17 6 20 22 17 8 19 0 10 30 6 22 23 11 0 3 22 25
split_gain=24.2264 20.6768 18.5811 18.3988 13.6596 12.3437 12.8445 13.1525 17.5006 22.521 12.7344 13.5701 13.1068 11.7296 11.6722 11.1397 11.8775 10.8471 10.9001 12.5684 10.6585 14.5188 11.745 11.1425 10.1305 11.2417 9.92799 9.83771 9.78064 14.8986
threshold=1.5000000000000002 -2.5758333333333323 3.9350000000000005 0.145737273511648 -0.2000661375661375 4.5000000000000009 0.026666666666666842 0 1.5000000000000002 25.985000000000003 1 0.051758483308146731 0.34448412698412706 0.034999999999999705 0.10555555555555557 2 0.0092592592592592882 21.505000000000006 0.55000000000000016 0.17483956760466715 5.5000000000000009 -0.02500000000000013 -0.073333333333332792 3 35.165000000000006 38.500000000000007 0.19002604166666673 0.33265856950067479 4 -6.6258333333333352
decision_type=2 2 2 10 8 2 2 1 10 2 1 10 8 2 8 1 8 2 10 10 2 2 2 1 2 2 10 10 1 2
left_child=3 2 -2 4 13 6 28 -8 -9 -10 -7 -12 17 14 -1 16 -6 -13 -19 -20 -3 22 24 27 25 -22 -4 -23 -5 -30
right_child=1 20 26 5 15 10 7 8 9 -11 11 12 -14 -15 -16 -17 -18 18 19 -21 21 23 -24 -25 -26 -27 -28 -29 29 -31
leaf_value=-0.0070530007656811038 -0.01673421942064237 0.00075505453721298093 0.041258280022983831 -0.0013559493594943199 0.0093110109587655251 -0.005112664413720827 -0.0035074335674641884 -0.018016125401025488 -0.0021991461120865826 0.030314681762438178 -0.005266524540888419 -0.012371340340637939 0.084978702483936658 0.067079614726985093 0.054410671436138841 -0.014592797373735492 -0.0096611337608051382 0.019576834625449027 -0.017608291326778127 0.033190060820466813 0.021566059939240795 0.0054201913035667008 -0.0049530597900370385 -0.0011992910240829367 0.046073255825051521 -0.021115088560249292 -0.0089461305346901672 -0.036506413342900446 0.00063969387736868648 -0.010377018810433304
leaf_weight=25.645576059818271 181.84854996390641 24171.478602377698 14.612276785075666 936.96973637118936 79.433368239551783 160.26905219629407 184.00147463753819 25.817810732871294 55.549409665167332 88.215377695858479 82.950893055647612 25.503768358379602 4.0345987342298022 5.7067198827862731 6.123994853347539 393.07105195894837 157.45234289765358 172.36058330535889 28.596960749477148 10.712094161659477 24.871341681107879 677.04374983906746 1604.8217214383185 1717.6703181415796 12.230927377939222 16.374145194888115 11.081915546208618 9.0743765681982023 275.54100608080626 683.90729530528188
leaf_count=302 6004 159132 166 9950 1011 1697 1879 304 487 931 851 258 52 59 85 5560 2261 1667 353 110 202 4066 12824 10312 84 122 139 58 2715 8103
internal_value=-3.75942e-05 0.000343983 -0.0122353 -0.00322775 -0.00918199 -0.00177441 -0.00302143 0.00397777 0.011621 0.0177516 0.00401755 0.00842935 0.0134888 0.0142793 0.00479492 -0.0105777 -0.00316569 0.0122727 0.015242 -0.00376525 0.000436453 -0.00145939 -0.00433856 0.000526858 0.0141026 0.00462197 0.0196051 0.00479579 -0.00432642 -0.00713876
internal_weight=31843 28441.1 207.543 3401.86 667.433 2734.43 2250 353.584 169.583 143.765 484.428 324.159 241.208 37.4763 31.7696 629.957 236.886 237.173 211.67 39.3091 28233.6 4062.09 1658.3 2403.79 53.4764 41.2455 25.6942 686.118 1896.42 959.448
internal_count=231744 193109 6309 38635 9278 29357 24369 3601 1722 1418 4988 3291 2440 446 387 8832 3272 2388 2130 463 186800 27668 13232 14436 408 324 305 4124 20768 10818
cat_boundaries=0 1 2 3 4 5
cat_threshold=754639 10559251 839755 6826 1060219
is_linear=0
shrinkage=0.04


Tree=80
num_leaves=31
num_cat=6
split_feature=18 9 29 22 11 22 20 22 30 14 23 30 22 2 9 2 0 0 9 9 13 0 9 18 27 22 23 17 6 33
split_gain=16.623 16.9069 12.4073 12.9111 12.6056 12.08 13.7703 10.3951 12.2572 10.299 12.5674 13.982 10.0265 11.4784 13.7469 10.375 9.25396 9.5182 9.07572 10.5451 9.19514 9.04975 8.74289 11.5635 11.1027 8.92848 8.73794 14.5218 9.40444 8.56664
threshold=5.5000000000000009 -3.4833333333333321 5.3550000000000013 0 39.500000000000007 1 0.35416666666666669 2 0.080000000000000307 4.4722222222222232 20.735000000000003 -1.3249999999999997 3 34.805000000000007 6.1616666666666715 23.445000000000004 0.11906095297029705 0.12167089678510999 -0.25291666666666751 6.2891666666666675 1.5000000000000002 0.20619225302061125 7.1000000000000041 4.5000000000000009 2.5000000000000004 4 48.375000000000007 -0.23882275132275127 -0.0081666666666668757 5
decision_type=10 2 2 1 2 1 8 1 2 10 2 2 1 2 2 2 10 10 2 2 2 10 2 10 2 1 2 10 2 1
left_child=9 2 7 -4 26 6 16 -2 -9 10 12 21 15 14 -14 -1 -3 -18 29 20 -20 -12 24 25 -16 -24 27 28 -5 -19
right_child=1 5 3 4 -6 -7 -8 8 -10 -11 11 -13 13 -15 22 -17 17 18 19 -21 -22 -23 23 -25 -26 -27 -28 -29 -30 -31
leaf_value=0.015080562071035123 -0.00082381798944567829 -0.03859014788885317 -0.0097932814816625822 0.036824542834003333 -0.0044792256459740996 -0.0036205734194519048 0.071682192220486995 -0.015356759540080154 0.016665854794095481 -0.0025405163522012144 -0.014080734912297199 0.00045321688704472461 -0.0043830776456444086 0.0052873099243634413 0.0025784513786579499 0.0043665163400084831 0.051786328642188614 0.015345945712294485 0.0194245214044374 0.0076565577269173592 -0.0052380894819134107 0.028217644312427438 0.021111410618346288 -0.017601812443417394 0.062787513452729163 -0.0012701514927080479 -0.0039885081787342999 0.041918789824418663 -0.016716983851180284 -0.0010764947577549409
leaf_weight=163.69497176632285 144.84863769263029 8.6594448760151845 119.35476065427065 7.9679390788078335 72.774655282497406 977.9225005004555 4.634950026869773 423.16955511644483 20.030157208442688 1698.2991861421615 143.82068146020174 24372.709912069142 720.39439149945974 561.33473272062838 9.5066575519740599 1240.4110834412277 6.3432426843792191 132.78781829588115 25.848576499149203 196.20908489264548 376.51714780554175 8.5755492672324163 51.571694452315569 28.555071182549 10.113440498709677 59.148380722850561 20.601773526519537 36.633275113999844 15.381807930767534 85.059325901791453
leaf_count=1266 1544 75 880 59 545 9219 32 4594 136 15625 1315 166848 5640 4315 73 9581 47 1256 258 1820 3455 75 379 235 78 445 151 266 118 777
internal_value=0.000204396 -0.00281319 -0.00742982 -0.000377872 0.0071239 -0.000622522 0.00289294 -0.0107002 -0.0136026 0.000482063 0.000669614 0.000377695 0.00318632 0.000812982 -0.00203416 0.00557588 0.00254426 0.00297719 0.00259796 5.37141e-05 -0.00365373 -0.0117005 0.00861527 0.00509363 0.033614 0.0109469 0.0184865 0.0262058 0.00155369 0.00958876
internal_weight=31742.9 2674.74 860.763 272.714 153.359 1813.98 836.06 588.048 443.2 29068.1 27369.8 24525.1 2844.73 1440.62 879.29 1404.11 831.425 822.765 816.422 598.575 402.366 152.396 158.895 139.275 19.6201 110.72 80.5848 59.983 23.3497 217.847
internal_count=231107 25232 8293 2019 1139 16939 7720 6274 4730 205875 190250 168238 22012 11165 6850 10847 7688 7613 7566 5533 3713 1390 1210 1059 151 824 594 443 177 2033
cat_boundaries=0 1 2 3 4 5 6
cat_threshold=9774982 16289376 155786 4682161 9963010 316
is_linear=0
shrinkage=0.04


Tree=81
num_leaves=31
num_cat=11
split_feature=26 29 25 5 22 22 33 31 29 30 22 22 13 14 22 25 22 22 33 22 29 9 6 20 30 9 5 0 22 3
split_gain=16.7044 16.6972 13.5291 12.2042 11.6118 10.4043 13.024 9.44726 13.0534 12.6762 15.2145 14.2273 13.6731 11.0345 12.7039 12.2579 12.2155 10.6395 10.4452 13.7534 13.0295 11.9092 10.5624 11.1461 10.2004 10.1867 10.466 10.0795 10.118 9.93368
threshold=4.5000000000000009 1.4750000000000003 -14.23833333333333 6.9450000000000012 0 1 2 1.5000000000000002 6.3050000000000006 0.34000000000000036 3 4 5.5000000000000009 3.5277777777777781 5 13.687333333333335 6 7 8 9 6.6350000000000007 3.811833333333333 0.038333333333332671 0.58571428571428574 -1.7818333333333334 20.095833333333335 6.9750000000000005 0.16207710888145674 10 0.072939020028612314
decision_type=2 2 2 2 1 1 1 2 2 2 1 1 2 10 1 2 1 1 1 1 2 2 2 10 2 2 2 8 1 8
left_child=2 -2 5 -3 -5 -1 -7 8 -4 11 -11 24 -12 15 -15 16 -10 -17 19 22 29 -20 23 -19 -9 26 -18 -14 -29 -21
right_child=1 3 7 4 -6 6 -8 9 13 10 12 -13 27 14 -16 17 25 18 21 20 -22 -23 -24 -25 -26 -27 -28 28 -30 -31
leaf_value=0.00025218329302889998 -0.018604293883085262 -0.00078294819414002599 -0.004361936974113044 -0.0012333877451649214 -0.0089502469587366858 0.023710126667034741 0.0052621364456101613 0.054956548142736747 -0.00022361749570607857 5.7527634818672137e-05 0.0011842393360438884 -0.00049945763815688435 0.0038364550705788578 0.0011072149561397421 -0.015617840156012046 -0.0043566841699298501 0.0053717987199575403 0.00083498096514335622 0.0019461357612924634 0.015391229887919324 0.026146589996262595 -0.0094106509315890208 -0.024384025240485975 0.037936219256206646 0.0044526110232093741 0.042910864466773967 0.023803007693372992 0.015638955666891184 0.0058069201486796026 -0.024369375212257516
leaf_weight=237.14243305660784 91.34919810667634 7289.3787248749286 1480.0688245967031 652.84930494613945 610.1448183991015 91.954197457060218 204.50159277953207 6.4456877373158923 656.14453012123704 3017.5675501450896 1590.1889850646257 10097.547206677496 1169.6318726055324 148.38740288838744 137.47016885131598 923.65274575725198 609.86429091915488 166.19707976654172 525.44248064234853 24.823379367589951 94.032382600009441 205.52561704814434 24.264640372246504 14.051227189600466 876.7527012526989 12.783476665616034 53.628591723740101 287.147345662117 490.78822617605329 16.897136721760035
leaf_count=1888 3628 57482 10215 5195 4856 717 1608 88 4529 19635 9987 71841 8023 1103 989 6440 4309 1159 3700 166 647 1448 156 99 6061 86 347 1877 3204 117
internal_value=-9.30157e-05 -0.00159361 0.000466961 -0.00141191 -0.00504199 0.00676241 0.0115713 0.000318515 -0.001198 0.000758976 0.00215088 -7.19642e-05 0.00392516 9.80504e-05 -0.00744356 0.000745969 0.00371668 -0.00123822 0.0014775 0.00716332 0.0166646 -0.00123021 0.000373648 0.0037272 0.00476722 0.00743307 0.00686155 0.00618328 0.00971174 -0.000712127
internal_weight=31806.6 8643.72 23162.9 8552.37 1262.99 533.598 296.456 22629.3 5093.23 17536.1 6555.32 10980.7 3537.76 3613.17 285.858 3327.31 1332.42 1994.89 1071.23 340.266 135.753 730.968 204.513 180.248 883.198 676.276 663.493 1947.57 777.936 41.7205
internal_count=231600 71161 160439 67533 10051 4213 2325 156226 35510 120716 42726 77990 23091 25295 2092 23203 9271 13932 7492 2344 930 5148 1414 1258 6149 4742 4656 13104 5081 283
cat_boundaries=0 1 2 3 4 5 6 7 8 9 10 11
cat_threshold=4964918 1802614 104 3815064 139264 10244034 715570 4538208 273 11583618 35105
is_linear=0
shrinkage=0.04


Tree=82
num_leaves=31
num_cat=1
split_feature=1 18 30 31 7 0 14 10 4 32 8 7 5 29 17 9 0 31 33 25 34 0 30 3 17 16 29 14 2 17
split_gain=24.6094 19.5222 17.0343 21.8348 19.2148 12.7527 12.3782 11.4076 11.1916 11.2784 10.8444 10.4283 9.9865 9.59605 11.506 12.7705 13.4883 9.37252 9.94738 9.35279 10.848 10.6481 11.8443 11.1673 12.1471 9.76393 11.6165 11.5554 11.1462 9.81414
threshold=1.5000000000000002 1.5000000000000002 -1.2099999999999995 3.5000000000000004 4.5000000000000009 0.14833717357910911 5.4142857142857155 3.5000000000000004 1500.0000000000002 6.1550000000000011 26.375000000000004 5.5000000000000009 6.8350000000000009 3.6450000000000005 -0.21679894179894174 -12.700833333333334 0.17869362047947993 5.5000000000000009 0 -20.858166666666659 5.5000000000000009 0.18266828478964406 -2.5758333333333323 0.36049006886914864 -0.22394179894179889 0.41428571428571431 4.1950000000000012 3.7888888888888892 34.125000000000007 -0.21679894179894174
decision_type=2 10 2 2 2 10 10 2 2 2 2 2 2 2 10 2 8 2 1 2 2 10 2 8 10 8 2 10 2 10
left_child=1 5 3 -2 7 -1 10 -5 -3 -10 13 -4 -11 14 15 16 -6 -12 -19 20 -9 22 23 24 -21 26 -24 28 -28 -29
right_child=2 8 11 4 6 -7 -8 19 9 12 17 -13 -14 -15 -16 -17 -18 18 -20 21 -22 -23 25 -25 -26 -27 27 29 -30 -31
leaf_value=-0.016069438609162573 0.072888691195447344 0.011865134396914371 0.00076601558740822557 0.0022612794124519196 0.12895571696300742 -0.0053256173954887125 -0.029842491366476515 -0.015003189784894231 -0.00085435753116747495 -0.011797638438604905 0.0061589958150352741 -0.0015277606625932821 -0.00052210101067385229 -0.028973729780186707 -0.021976571169964192 -0.0011122152565533889 0.0025599355008998183 0.00083403569389985804 -0.013250719402582689 -0.042829950762012875 0.016733676661547379 -0.008988227171168579 0.0010615288772205243 0.13782682095439855 0.092653245498671169 -0.02455216692528675 -0.024521570814412134 0.017306719808193025 0.038212827968613791 0.084047882670931898
leaf_weight=265.07603106275201 5.9753352329134932 93.240228243172169 22790.66376041621 749.37696795351803 2.7825977243483093 530.6165831387043 44.658767357468605 186.62979059107602 1966.9958253763616 324.49520538747311 94.931423038244247 3683.8468039408326 205.12232306972146 65.042260028421879 35.661398043856025 21.681713143363595 2.6254225466400385 134.14778299443424 205.72599870152771 2.1888287905603643 18.985155239701271 158.99260248802602 135.21723431907594 1.9769571702927349 2.0509274750947948 18.301518589258194 9.1602412536740321 6.3079620972275734 8.9676054492592794 7.990954861044882
leaf_count=4017 33 925 143829 8717 41 6640 1675 2889 19579 4580 922 25084 2803 694 441 336 46 1563 2451 49 288 1847 1339 37 43 160 81 57 77 72
internal_value=-0.000201318 -0.00342487 0.000183043 -0.00345563 -0.00369405 -0.0089048 -0.00957278 -0.000960891 -0.00174125 -0.0022494 -0.00796378 0.000446844 -0.00743059 -0.0182075 -0.00704811 0.012604 0.0675946 -0.00495306 -0.00805682 -0.00529773 -0.0120728 -0.00133065 0.00500513 0.0593168 0.0227083 0.00318933 0.00621784 0.0277193 0.0065123 0.054605
internal_weight=31779.4 3385.55 28393.9 1919.38 1913.4 795.693 607.257 1306.15 2589.85 2496.61 562.599 26474.5 529.618 127.793 62.7511 27.0897 5.40802 434.805 339.874 556.77 205.615 351.155 192.162 6.21671 4.23976 185.946 167.644 32.4268 18.1278 14.2989
internal_count=231315 38544 192771 23858 23825 10657 8169 15656 27887 26962 6494 168913 7383 1558 864 423 87 4936 4014 6939 3177 3762 1915 129 92 1786 1626 287 158 129
cat_boundaries=0 1
cat_threshold=338
is_linear=0
shrinkage=0.04


Tree=83
num_leaves=31
num_cat=8
split_feature=30 26 25 10 30 22 32 15 25 12 23 3 9 22 15 24 14 7 14 22 14 22 3 14 22 11 29 22 22 30
split_gain=18.4655 14.5077 13.0023 11.4889 11.4707 10.9808 8.72699 8.29507 8.17835 8.11478 14.1741 17.9455 13.9378 13.5145 11.5584 12.9705 11.7739 11.4738 18.89 13.2643 13.1038 10.9463 10.3159 17.0132 11.6136 10.2476 9.29832 19.2805 9.41562 11.0847
threshold=-2.7274999999999991 3.5000000000000004 -2.9350000000000001 5.5000000000000009 -0.85166666666666624 0 9.115000000000002 0.28316666666666673 -0.9641666666666654 1 20.735000000000003 0.29894105782160468 15.298333333333334 2 0.19894444444444451 10.055000000000001 4.5857142857142863 4.5000000000000009 4.7638888888888902 3 3.0500000000000003 4 0.15800719748088171 5.3166666666666673 5 64.500000000000014 4.5450000000000008 6 7 -0.86666666666666636
decision_type=2 2 2 2 2 1 2 10 2 1 2 10 2 1 10 2 10 2 8 1 10 1 10 8 1 2 2 1 1 2
left_child=1 2 -1 6 5 -5 7 9 -3 12 11 17 13 -2 15 16 -13 21 19 20 -19 -11 26 24 25 -24 27 -12 -28 -30
right_child=3 8 -4 4 -6 -7 -8 -9 -10 10 22 14 -14 -15 -16 -17 -18 18 -20 -21 -22 -23 23 -25 -26 -27 28 -29 29 -31
leaf_value=0.089520913288993503 0.00082058901812163813 -0.017221265874354772 0.00044859944072496899 0.00043727412650219503 -0.0010255344422277692 -0.011631976349081792 0.02456215835491888 -0.021370285912801081 0.088640937307789491 -3.2538346220067737e-05 0.0039734866491175965 0.08469110643650167 0.021888927932879391 -0.0099860020273882088 -0.005791929359197495 0.017539494212207359 0.013433662515315189 0.050670634299625449 -0.014198740627759695 -0.0025259348292400391 0.0061504074245386543 0.0059117136863518832 -0.0082030078210956377 0.047065650647225218 -0.00064751174060286053 0.036395659337740235 0.0015883794074260738 -0.0044541833540724671 -0.0095143579112619697 9.1644252089017316e-06
leaf_weight=3.8742732219398013 362.87807536870241 155.13147154636681 8.113278500735758 195.68110525980592 4001.7007459700108 326.89905947819352 23.943661324679852 27.967856343835592 1.1764814928174008 720.70632555708289 598.15217440202832 11.835453853011133 32.743260012939572 373.14692072570324 14.508543998003004 25.793908581137657 5.4040247499942771 10.929655805230139 147.32726909965277 563.33014645799994 328.73043233528733 1626.5771552622318 601.22144148871303 10.899861287325619 1145.457236751914 8.357813932001589 9610.6821199767292 1524.5212054811418 199.81504463776946 9151.3765055499971
leaf_count=74 3523 5333 60 1996 27886 3343 160 273 10 5565 4397 100 290 3643 125 202 56 82 1440 4648 2743 12522 4261 82 8048 56 65716 11269 1645 62143
internal_value=4.24362e-05 -0.0131721 0.029236 0.000112702 -0.00175337 -0.00732684 0.000423936 0.000402611 -0.0164245 0.000425103 0.00054389 0.00293189 -0.0035998 -0.00478262 0.0250832 0.0354926 0.0623542 0.00255674 -0.000918215 0.00124857 0.00736612 0.00411165 0.000183046 -0.00275367 -0.00306307 -0.007469 0.000429011 -0.0020816 0.000710059 -0.000194125
internal_weight=31818.9 168.296 11.9876 31650.6 4524.28 522.58 27126.3 27102.4 156.308 27074.4 26305.6 3455.14 768.768 736.025 57.5419 43.0334 17.2395 3397.6 1050.32 902.99 339.66 2347.28 22850.5 1765.94 1755.04 609.579 21084.5 2122.67 18961.9 9351.19
internal_count=231691 5477 134 226214 33225 5339 192989 192829 5343 192556 185100 27483 7456 7166 483 358 156 27000 8913 7473 2825 18087 157617 12447 12365 4317 145170 15666 129504 63788
cat_boundaries=0 1 2 3 4 5 6 7 8
cat_threshold=2193700 8 7430267 13123987 9453718 7970840 5406794 10349712
is_linear=0
shrinkage=0.04


Tree=84
num_leaves=31
num_cat=10
split_feature=1 12 12 10 19 22 22 6 22 22 15 33 6 26 11 22 22 3 25 6 22 16 2 16 5 25 23 15 15 17
split_gain=21.0552 22.5788 17.2573 13.0427 13.1818 14.1002 12.2642 12.9292 12.0744 11.928 9.34769 12.4852 12.1638 9.51399 9.13487 24.2461 13.9436 13.9421 13.6648 13.2967 13.8999 10.9525 9.90648 9.87623 11.7154 13.1994 12.3752 11.9124 16.1774 11.7062
threshold=1.5000000000000002 0 1 5.5000000000000009 1.0000000180025095e-35 2 3 0.065000000000000849 4 5 0.13894444444444451 6 0.058333333333334021 1.5000000000000002 48.500000000000007 7 8 0.43252827295380497 -16.760833333333327 0.040000000000000487 9 0.64583333333333337 10.170000000000002 0.61250000000000016 6.9450000000000012 -4.2981666666666642 15.570000000000002 0.19894444444444451 0.19183333333333338 0.090740740740740775
decision_type=2 1 1 2 8 1 1 2 1 1 10 1 2 2 2 1 1 10 2 2 1 8 2 8 2 2 2 10 8 10
left_child=2 6 8 14 5 -5 7 -2 -1 -4 12 13 -11 -12 16 23 17 -3 -17 21 -21 -20 -23 24 26 29 27 28 -16 -26
right_child=1 3 9 4 -6 -7 -8 -9 -10 10 11 -13 -14 -15 15 18 -18 -19 19 20 -22 22 -24 -25 25 -27 -28 -29 -30 -31
leaf_value=-0.0029374324339553775 0.0031692408820151769 -9.6253856781812186e-06 0.0025691344271686844 0.0090190186222540089 -0.00042654845031184913 -0.0090323286300424827 -0.0085838797603993086 -0.028123424264100111 -0.012776561349107854 -0.01126479701763124 0.031760089060466526 -0.0032824001958711439 0.02927688352135607 0.0045869646360533227 0.019510221157104518 -0.009057174402842252 0.0023330072785326581 0.044894132664114628 0.0007427738168461483 -0.000285932419759452 -0.011732853993993674 0.03138132870797488 -0.012351214430062001 0.016472116070557388 -0.0062265933847440082 0.014835652624880414 -0.00049475332910661458 -0.0061060251985308612 0.090724138005474464 0.034291159719814203
leaf_weight=426.81397954002023 301.96338462084532 6904.092416126281 880.94459675252438 73.074426077306271 3307.8045831769705 531.42299460992217 652.56573272310197 22.71459050104022 402.50508177652955 286.44313067570329 23.636865712702274 1193.9442869871855 12.351473309099672 161.30777455121279 43.970741521567106 409.9096958450973 11581.545049672946 11.081040125340222 2346.5969917550683 337.19863902777433 344.97426772490144 8.7597218155860883 153.77602408826351 95.290062636137009 102.21218049526215 234.64667075872421 878.36353608220816 24.919364634901285 5.7740665748715392 12.84244394302368
leaf_count=6343 4076 44825 8625 559 21729 4109 8974 351 6311 3300 275 12097 125 1615 345 3108 74843 77 15117 2316 2437 53 946 599 769 1494 5723 195 45 83
internal_value=0.00014961 0.000505346 -0.00283088 0.000718999 -0.00141911 -0.00685042 -0.00543858 0.000950713 -0.00780812 -0.00118248 -0.00315599 -0.00178492 -0.0095889 0.00764639 0.00107532 -0.000441766 0.00148535 6.22395e-05 -0.00217605 -0.00129902 -0.00625081 4.72521e-05 -0.00999429 0.00401252 0.00313195 0.00939397 0.000834178 0.016468 0.0277763 -0.00170399
internal_weight=31773.4 28385.5 3387.95 27408.3 3912.3 604.497 977.244 324.678 829.319 2558.63 1677.68 1378.89 298.795 184.945 23496 4999.23 18496.7 6915.17 3601.22 3191.31 682.173 2509.13 162.536 1398.02 1302.73 349.701 953.028 74.6642 49.7448 115.055
internal_count=231464 192773 38691 179372 26397 4668 13401 4427 12654 26037 17412 13987 3425 1890 152975 33230 119745 44902 23977 20869 4753 16116 999 9253 8654 2346 6308 585 390 852
cat_boundaries=0 1 2 3 4 5 6 7 8 9 10
cat_threshold=8 1 2228226 5333080 922863 5252426 192 6430727 2253358 363288
is_linear=0
shrinkage=0.04


Tree=85
num_leaves=31
num_cat=2
split_feature=12 8 1 21 30 7 27 8 15 30 1 31 1 0 17 0 13 3 32 2 3 3 9 8 8 8 28 17 19 0
split_gain=18.5217 14.1264 14.0532 21.0606 15.0388 14.6024 11.4775 12.9437 10.8487 10.5039 29.5857 23.2931 14.582 13.7412 16.0484 12.3761 10.3886 12.8934 16.6876 12.3055 10.8397 10.3427 10.5716 9.91117 11.0713 9.89872 11.3987 9.79279 11.5435 10.0141
threshold=0 45.955000000000005 1.5000000000000002 0.36666666666666675 -0.52166666666666595 1.5000000000000002 4.5000000000000009 28.075000000000003 0.15788888888888894 0.61708333333333354 5.5000000000000009 2.5000000000000004 3.5000000000000004 0.16500996015936259 -0.16219576719576717 0.17257202133965624 5.5000000000000009 0.14822661644695545 5.0050000000000008 37.725000000000001 0.017595459236326112 0.09533688994269908 0.92816666666666425 45.245000000000012 47.565000000000005 46.745000000000012 1 0.074074074074074112 0.29166666666666669 0.12625334224598933
decision_type=1 2 2 10 2 2 2 2 8 2 2 2 2 8 8 8 2 8 2 2 10 10 2 2 2 2 9 10 8 10
left_child=1 6 3 5 -5 -2 27 -8 -6 10 -4 12 13 -11 15 -15 17 18 -12 21 -21 23 -23 -20 -25 -3 -27 -1 -29 -30
right_child=2 25 9 4 8 -7 7 -9 -10 11 16 -13 -14 14 -16 -17 -18 -19 19 20 -22 22 -24 24 -26 26 -28 28 29 -31
leaf_value=-0.009883102316720618 -0.0055343751101503604 0.047740067514849882 0.00072029683371716295 0.014992752050428089 -0.01499303377283284 0.0010855019986754524 0.021337316559353642 -0.0042296812521290797 -0.0034925211377503057 -0.0028349928250508533 -0.0068260194812461506 0.0078683044706381548 0.0024360628485079498 0.080079715700314247 0.0022428979477307882 0.016820007228682602 -0.0053247646567686196 0.010758279868192104 0.0012632511846124648 0.050775458212059289 0.010629140724325874 -0.024971467535214814 0.0035178121536624885 0.071021585544355198 0.010231553623290583 0.016522148721080716 -0.014213348354181881 0.026148570684436316 0.038021234114425963 -0.0085558665636399443
leaf_weight=731.24361612647772 731.84181204810739 10.493824280798433 15898.471349880099 39.059650141745806 349.81936290860176 1963.6515279524028 46.676753267645836 98.625751355662942 210.03806891664863 2173.2777497917414 545.87629541754723 882.83686769008636 4531.2205993682146 7.0460273623466492 819.70326286554337 16.619863480329517 1954.5300382506102 142.01132907159626 226.18077943474054 11.992408908903597 104.78482261300087 47.310555808246136 37.247019447386265 6.9667481407523182 15.36637496948242 40.27170011587441 22.784303775057197 26.002038806676865 8.1452073790132982 79.196774549782276
leaf_count=10633 8611 105 105949 384 5157 21037 558 1314 2672 13685 4626 5067 25286 43 4925 101 15373 1205 1571 81 729 340 255 46 100 505 299 182 54 549
internal_value=6.85866e-05 -0.00509628 0.000248982 -0.00221938 -0.00900426 -0.000711832 -0.00640086 0.00398342 -0.0106785 0.000545621 2.40055e-05 0.0017206 0.00100153 -0.00115324 0.00318046 0.0356543 -0.00355588 -0.0005171 -0.00212521 0.00357907 0.014752 -0.00033822 -0.0124221 0.00377337 0.0291948 0.0117689 0.00578251 -0.00818736 0.00275277 -0.00421225
internal_weight=31779.3 1063.44 30715.9 3294.41 598.917 2695.49 989.89 145.303 559.857 27421.4 18990.7 8430.7 7547.87 3016.65 843.369 23.6659 3092.27 1137.74 995.725 449.849 116.777 333.071 84.5576 248.514 22.3331 73.5498 63.056 844.588 113.344 87.342
internal_count=231442 14199 217243 37861 8213 29648 13290 1872 7829 179382 130275 49107 44040 18754 5069 144 24326 8953 7748 3122 810 2312 595 1717 146 909 804 11418 785 603
cat_boundaries=0 1 2
cat_threshold=8 1
is_linear=0
shrinkage=0.04


Tree=86
num_leaves=31
num_cat=6
split_feature=1 14 1 4 22 7 22 33 24 22 26 7 20 0 22 3 9 10 10 25 14 3 0 13 0 22 3 25 26 1
split_gain=19.8057 17.6648 18.1935 15.8744 14.0004 13.5018 14.7023 13.0884 11.97 11.7906 16.6596 16.1489 15.1065 12.6327 11.2383 12.6521 10.5157 10.4073 10.3662 13.9575 12.718 10.4814 9.91117 10.3628 19.8093 9.74605 17.5729 11.8139 10.5681 9.64156
threshold=1.5000000000000002 3.3166666666666669 5.5000000000000009 1500.0000000000002 0 1.5000000000000002 1 2 48.010000000000012 3 3.5000000000000004 5.5000000000000009 0.23611111111111113 0.12167089678510999 4 0.065758586607363487 -3.5616666666666652 4.5000000000000009 3.5000000000000004 10.143333333333334 5.1180555555555562 0.21315636182075395 0.19580863121185707 10.500000000000002 0.15146026408595101 5 0.10912291933418695 -35.472499999999989 1.5000000000000002 4.5000000000000009
decision_type=2 10 2 2 1 2 1 1 2 1 2 2 10 10 1 10 2 2 2 2 10 10 8 2 10 1 10 2 2 2
left_child=3 25 9 -1 17 6 7 22 -6 12 -11 29 18 -13 -10 16 -16 -4 19 21 -20 -3 23 -5 -25 26 -2 -28 -29 -12
right_child=1 2 4 5 8 -7 -8 -9 14 10 11 13 -14 -15 15 -17 -18 -19 20 -21 -22 -23 -24 24 -26 -27 27 28 -30 -31
leaf_value=0.011336666177435308 0.0042436692981868357 0.001617276619124772 -0.0048435220233783612 0.0057764202118059486 -0.0024772225908591141 -0.0016983352596924102 -0.010758668758329355 -0.0045226011104884476 -0.0068901718849312512 0.0031975396492896903 0.0015869617099828301 0.050997470149856852 -0.012059689419795159 -0.0071565932772352297 0.063734113883861077 0.0059305570826424141 0.020703695768364578 -0.014017056915704896 -0.0026035182724394646 -0.0059939312747198719 -0.023882679420666974 0.01566153922520102 0.067406637098947106 -0.0041541328901801792 0.12429234201623329 0.00071057409044407351 0.053325939206037384 -0.0082110228155502334 0.00061107631797961779 -0.003430273753285962
leaf_weight=122.7967193685472 3691.4099905174226 1780.2038447037339 649.31605523638427 53.309361059218645 1163.2034395914525 2332.9436911530793 629.95791264623404 219.87256935238838 44.318762511014938 3269.1944953184575 2656.5418758969754 6.0355302412062874 207.89289151504636 612.4214841388166 13.683928191661833 56.646101579070091 27.047256305813789 284.60262105986476 2004.473190004006 394.23983819782734 45.970295378938317 89.28857035189867 5.6545818336307994 4.1471975035965434 3.5789052620530128 9561.1612385734916 6.2382608465850344 302.7345882281661 769.44713822752237 796.58979256637394
leaf_count=1284 22600 12390 6174 630 11372 25972 7982 2603 289 20606 18653 45 1334 5078 87 374 172 2781 13929 2420 805 989 53 70 53 59087 43 1822 4803 7096
internal_value=0.000117453 0.000461216 -0.000543881 -0.00278093 -0.00385114 -0.00331444 -0.00742812 0.000259892 -0.00113144 8.02813e-05 0.0010695 -0.000636544 -0.00152453 -0.00658907 0.00983647 0.0164658 0.0351601 -0.00755814 -0.00102039 0.000845697 -0.00308059 0.00228804 0.0145612 0.012051 0.0553452 0.00145023 0.00292525 -0.00156053 -0.00187988 0.000429555
internal_weight=31804.9 28432.7 14101.7 3372.26 2238.82 3249.46 916.521 286.563 1304.9 11862.9 7340.78 4071.59 4522.07 618.457 141.696 97.3773 40.7312 933.919 4314.18 2263.73 2050.44 1869.49 66.69 61.0355 7.7261 14331 4769.83 1078.42 1072.18 3453.13
internal_count=231596 192949 104594 38647 21249 37363 11391 3409 12294 83345 51478 30872 31867 5123 922 633 259 8955 30533 15799 14734 13379 806 753 123 88355 29268 6668 6625 25749
cat_boundaries=0 1 2 3 4 5 6
cat_threshold=14963042 20559 96 1116349 1575040 1839536
is_linear=0
shrinkage=0.04


Tree=87
num_leaves=31
num_cat=1
split_feature=1 26 14 15 7 29 9 23 23 13 11 34 33 25 2 31 1 15 5 32 34 9 15 5 2 34 21 15 19 3
split_gain=16.5837 18.062 19.3971 14.813 11.8721 11.3298 11.1543 13.1898 10.7549 13.1986 10.61 19.4812 10.8278 11.8629 10.5847 22.3237 10.1043 12.3241 8.9225 10.9127 9.94909 14.807 12.5543 8.9927 8.72299 8.2451 15.3413 17.2737 13.6723 15.2525
threshold=1.5000000000000002 5.5000000000000009 4.7888888888888896 0.15211111111111117 5.5000000000000009 7.8550000000000013 2.8816666666666664 14.540000000000001 11.695000000000002 9.5000000000000018 60.500000000000007 1.5000000000000002 0 4.1481666666666621 32.225000000000001 4.5000000000000009 5.5000000000000009 0.1770714285714286 6.7350000000000012 4.0050000000000008 3.5000000000000004 7.7033333333333358 0.23200000000000004 6.9650000000000007 41.685000000000009 1.5000000000000002 1.0000000180025095e-35 0.15950000000000006 0.55000000000000016 0.11506180643348786
decision_type=2 2 8 10 2 2 2 2 2 2 2 2 1 2 2 2 2 8 2 2 2 2 8 2 2 2 8 10 8 8
left_child=3 4 8 6 -2 16 7 -1 24 -10 12 -12 -5 18 -13 -16 -6 -18 25 -20 22 -22 23 -21 -3 -14 -27 -28 29 -29
right_child=1 2 -4 10 5 -7 -8 -9 9 -11 11 14 13 -15 15 -17 17 -19 19 20 21 -23 -24 -25 -26 26 27 28 -30 -31
leaf_value=0.029259628012684797 0.00092550940914601213 0.012090508643236381 -0.012407124733989206 0.001623831648575508 -0.00065501915617913078 0.039746073713036963 -0.011487419356633345 -0.004268431385876327 -0.0044552071252661725 0.0014887361600500026 0.082631107741918688 -0.027979139501408398 -0.011433508815951605 -0.0097925176713056315 -0.023653335739204601 0.094293073329098864 -0.0026947655832352552 -0.014674788328508513 -0.011412959896299599 -0.0024289120284032534 0.0067916671194099736 0.056987274476231309 0.063240636635418956 -0.036357391091415815 -0.01930345913115317 0.00086102089669270966 0.096113037286061312 0.021552386181146153 -0.018962171736459157 0.098035519166331714
leaf_weight=19.186680391430855 21917.831549607217 134.13268878869712 296.7626416105777 1145.7316722236574 2808.5424595177174 10.579553112387655 414.81386074796319 871.28377771750093 1607.6285828612745 951.48204296454787 6.8541918992996242 8.8677133768796939 24.846274632960558 366.90069325640798 5.4785859361290914 4.8321126475930214 482.33095238171518 192.11557014845312 159.3524065464735 147.67349751666188 66.715429581701756 10.945432808250187 4.3921043947339049 13.654935620725153 15.832473967224358 55.94151309132576 5.9570446126162997 19.682455942034725 9.3407517299056035 5.2939375415444365
leaf_count=177 141838 1553 5665 12110 19257 63 5371 11238 11924 7022 65 80 254 4426 53 41 3598 1742 1475 1503 663 110 39 139 191 533 65 192 106 52
internal_value=-8.10385e-05 0.000233496 -0.00269864 -0.0027351 0.000580329 -0.00158525 -0.00606976 -0.00354601 -0.00163513 -0.00224524 -0.000624669 0.02475 -0.000949045 -0.00422937 0.00406378 0.0316223 -0.00171079 -0.00610727 -0.000413318 -0.00327563 0.00205223 0.0138662 -0.00348408 -0.00530064 0.00877611 0.00910867 0.0144134 0.0332378 0.0223234 0.0377636
internal_weight=31785 28417.2 3005.84 3367.75 25411.4 3493.57 1305.28 890.47 2709.08 2559.11 2062.46 26.0326 2036.43 890.696 19.1784 10.3107 3482.99 674.447 523.796 402.734 243.381 77.6609 165.721 161.328 149.965 121.062 96.2157 40.2742 34.3171 24.9764
internal_count=231545 192853 26355 38692 166498 24660 16786 11415 20690 18946 21906 239 21667 9557 174 94 24597 5340 5131 3929 2454 773 1681 1642 1744 1202 948 415 350 244
cat_boundaries=0 1
cat_threshold=460
is_linear=0
shrinkage=0.04


Tree=88
num_leaves=31
num_cat=7
split_feature=14 1 31 7 22 32 1 7 22 2 16 22 11 22 22 32 26 30 12 30 11 14 14 6 33 14 32 26 17 15
split_gain=17.4588 11.5899 20.0012 15.2529 13.3118 12.364 22.9354 12.5164 15.1993 15.7356 13.8781 12.7914 13.2631 12.1561 11.8175 11.5307 17.6339 11.0052 10.9327 10.4452 10.3734 10.999 10.1295 10.0428 10.041 11.3236 10.1642 10.0195 10.0148 9.88046
threshold=5.7888888888888896 1.5000000000000002 1.5000000000000002 1.5000000000000002 0 4.8850000000000007 3.5000000000000004 2.5000000000000004 1 32.085000000000008 0.68333333333333346 2 38.500000000000007 3 4 4.5650000000000004 2.5000000000000004 0.27000000000000096 5 1.2044999999999997 48.500000000000007 3.7888888888888892 4.3166666666666673 0.065000000000000849 6 5.2928571428571436 3.3350000000000004 3.5000000000000004 -0.3738425925925925 0.13612500000000005
decision_type=10 2 2 2 1 2 2 2 1 2 8 1 2 1 1 2 2 2 1 2 2 10 10 2 1 10 2 2 8 10
left_child=1 2 14 4 -4 6 13 8 9 -8 -11 12 18 15 20 -3 22 -12 -9 -16 21 -1 -17 -15 26 -26 27 -20 -5 -23
right_child=-2 5 3 28 -6 -7 7 11 -10 10 17 -13 -14 23 19 16 -18 -19 24 -21 -22 29 -24 -25 25 -27 -28 -29 -30 -31
leaf_value=0.00063240243585076532 -0.021831884816262439 0.0018401892972324349 0.00054771408314251103 0.036397327597853309 -0.010449788867002492 0.00085141404362262265 -0.0017379660709673328 -0.014050423532765963 -0.0025912185258122073 0.0083488723146869764 0.014557825690596733 -0.0016481171200572403 -0.0094767058363283679 -0.00017758375104438024 -0.0055406653629260496 -0.013092173028812727 0.012302799466887306 0.083890738207233279 0.04516301087139097 -0.017775588421922065 -0.023383256594544821 0.10096769318099245 0.026319882744079596 -0.011366610723600025 -0.0055399989773925427 0.047511056870053921 -0.0017278872655903841 0.0088427844677414925 0.00077313014469551481 0.020214239595717793
leaf_weight=142.92220875248313 59.102367971092463 1917.9090794287622 312.44178798794746 12.707199227064846 405.32009424641728 17461.295225933194 350.22271585464478 111.0980568267405 1271.1197011824697 409.43571290746331 7.6073476895689947 2237.1113196723163 958.74876176938415 2195.2703016400337 202.0837352797389 74.723640374839306 398.38002237677574 7.0647780001163483 13.382774360477923 249.459751624614 25.663539554923773 3.0503280721604815 12.127318829298018 136.31821023859084 490.66137956082821 6.5230976250022641 198.89437568560243 132.2092263083905 1979.2508357055485 11.810906682163475
leaf_count=2095 2280 12977 3438 125 4699 108650 2718 2119 9905 3196 61 18380 7427 14745 3122 457 2567 40 87 4016 351 45 80 1005 3695 88 1419 1102 20467 147
internal_value=-0.000111812 -7.13607e-05 -0.00229844 -0.00080107 -0.00580053 0.000191018 -0.000864118 -0.0024662 9.45543e-05 0.00447906 0.00971862 -0.00372877 -0.00612316 0.00123177 -0.00868824 0.00322045 0.0087424 0.0479423 -0.00281284 -0.0120335 0.000191372 0.00403792 -0.00758892 -0.000828207 -0.00114893 -0.00474846 0.00403355 0.0121813 0.00100039 0.0367892
internal_weight=31793.9 31734.8 3344.71 2709.72 717.762 28390.1 10928.8 6194.08 2045.45 774.331 424.108 4148.63 1911.52 4734.73 634.99 2403.14 485.231 14.6721 952.769 451.543 183.447 157.783 86.851 2331.59 841.671 497.184 344.486 145.592 1991.96 14.8612
internal_count=231503 229223 38505 28729 8137 190718 82068 50237 15920 6015 3297 34317 15937 31831 9776 16081 3104 101 8510 7138 2638 2287 537 15750 6391 3783 2608 1189 20592 192
cat_boundaries=0 1 2 3 4 5 6 7
cat_threshold=577871 7442513 12787394 15357251 534543 8 332
is_linear=0
shrinkage=0.04


Tree=89
num_leaves=31
num_cat=1
split_feature=1 7 14 6 23 17 25 29 10 29 0 16 9 34 0 19 13 9 6 23 25 1 1 23 6 14 10 17 12 23
split_gain=13.1728 21.6923 19.3008 17.0682 16.6192 14.5165 15.958 11.2387 10.679 13.6835 16.6126 12.1809 9.76318 8.8665 13.1263 9.28704 13.12 13.4344 8.75989 8.41613 8.96387 10.5361 8.29846 8.19865 12.1694 8.65523 12.6824 8.20815 8.19287 11.1085
threshold=2.5000000000000004 1.5000000000000002 4.2361111111111116 -0.020000000000000902 46.350000000000009 -0.35727513227513213 -3.9525000000000001 1.2550000000000001 5.5000000000000009 4.9450000000000012 0.21926878911233977 0.41428571428571431 -9.0766666666666644 3.5000000000000004 0.11667517006802723 0.55000000000000016 4.5000000000000009 -2.5866666666666673 0.0033333333333325226 30.620000000000001 -23.83733333333333 3.5000000000000004 5.5000000000000009 24.255000000000003 0.011666666666666272 3.3541666666666674 5.5000000000000009 -0.045833333333333288 0 14.540000000000001
decision_type=2 2 10 2 2 8 2 2 2 2 10 8 2 2 8 8 2 2 2 2 2 2 2 2 2 8 2 10 1 2
left_child=1 -1 8 28 5 6 -3 -5 13 10 22 12 -12 -2 15 -15 -17 -18 -8 20 -11 -22 -10 24 -7 26 27 -26 -4 -30
right_child=2 4 3 7 -6 23 18 -9 9 19 11 -13 -14 14 -16 16 17 -19 -20 -21 21 -23 -24 -25 25 -27 -28 -29 29 -31
leaf_value=-0.005049986553319832 0.0017511767584995287 0.0058918866141465555 -0.0056442176439081585 -0.026814121014739071 -0.004578085051165897 0.0056465841415211642 0.015430027139083967 -0.0041700422009811351 -0.005479313657255144 0.054578093016711078 0.05028161705135098 0.083114332916593217 -0.01126166918678261 -0.027168263215746377 4.7976749824323396e-05 0.035883188039584533 0.031779748872505731 -0.027923333145240991 0.076958805813750392 -0.00064659091916683287 0.024146908407279725 0.00023592604536757845 -0.017055431757506255 -0.00067935604150903394 -0.024650326874205129 -0.0025424035176956766 0.051766998104127063 0.011868741448313957 0.015442212720073217 0.0018496906598076516
leaf_weight=2104.6738468911499 11591.092458188534 31.39823474176228 138.55164796672761 35.667494799941778 1271.0195368640125 946.42406235262752 5.774127189069989 2090.8498823102564 542.52823808789253 6.6448113769292823 6.5994158349931284 4.9026832077652207 10.996627379208803 48.666436821222305 5264.8277901429683 11.056463416665791 7.8218063190579405 26.329889565706253 10.317580990493296 1941.0579315647483 41.269267611205578 103.26094579696655 121.2194869723171 4124.4253154918551 12.12510149925947 690.06409021653235 10.839863322675226 52.424321174621582 126.80336437933147 398.59735167771578
leaf_count=19359 73865 286 2638 1597 11651 7138 50 19876 3993 51 61 44 89 309 33569 67 51 161 86 11896 254 682 1177 32526 92 5439 82 381 1211 2811
internal_value=-0.000210305 -0.00148033 0.000311918 -0.00280181 -0.000430278 0.000465733 0.0224915 -0.00454985 0.00075234 -0.00154624 -0.00644763 0.0273559 0.0118202 0.00112913 -0.000216376 -0.0150422 -0.00198863 -0.0142495 0.0548807 6.14071e-05 0.00915196 0.00706349 -0.00759345 0.00028651 0.00261357 -0.00113652 0.011732 0.00500892 0.00279681 0.00503437
internal_weight=31778.2 9259.49 22518.7 2790.47 7154.81 5883.79 47.4899 2126.52 19728.3 2778.48 686.246 22.4987 17.596 16949.8 5358.7 93.8746 45.2082 34.1517 16.0917 2092.23 151.175 144.53 663.748 5836.3 1711.88 765.453 75.3893 64.5494 663.952 525.401
internal_count=231492 77090 154402 28133 57731 46080 422 21473 126269 18247 5364 194 150 108022 34157 588 279 212 136 12883 987 936 5170 45658 13132 5994 555 473 6660 4022
cat_boundaries=0 1
cat_threshold=8
is_linear=0
shrinkage=0.04


Tree=90
num_leaves=31
num_cat=6
split_feature=29 31 30 6 22 9 22 22 15 0 32 6 3 23 2 9 14 23 13 22 22 0 30 20 7 23 30 33 21 32
split_gain=16.0814 13.449 25.2614 18.5191 13.9122 13.6396 18.2281 15.1892 12.2526 11.2771 11.2165 10.7337 10.5359 10.2109 10.3342 12.0879 10.0193 13.5833 9.82934 18.7172 13.0717 10.8139 10.6735 9.82931 9.66855 12.3441 10.758 10.5664 14.6097 11.4163
threshold=1.2550000000000001 3.5000000000000004 -0.98999999999999988 -0.056666666666666192 0 6.2891666666666675 1 2 0.1181666666666667 0.12625334224598933 2.1650000000000005 -0.05666666666666708 0.28607322325915296 27.800000000000004 33.085000000000008 2.3341666666666652 3.2678571428571432 47.925000000000004 3.5000000000000004 3 4 0.16527864044168397 1.8800000000000006 1.0000000180025095e-35 4.5000000000000009 27.635000000000002 0.16833333333333325 5 0.22500000000000003 3.1750000000000003
decision_type=2 2 2 2 1 2 1 1 10 8 2 2 10 2 2 2 10 2 2 1 1 8 2 8 2 2 2 1 10 2
left_child=10 2 -2 4 13 7 -7 24 23 -6 -1 12 -11 14 -4 -16 17 -9 19 22 -20 -22 -5 -8 25 26 -3 29 -29 -26
right_child=1 5 3 18 9 6 8 16 -10 11 -12 -13 -14 -15 15 -17 -18 -19 20 -21 21 -23 -24 -25 27 -27 -28 28 -30 -31
leaf_value=-0.029248016222316202 0.062311161641368885 0.0033229284590193531 -0.0095292172982392575 0.0032767792739234205 -0.014445453001208947 -0.0019473898242016528 0.020976996306732273 0.00078395206782272105 0.0057248498527374602 0.0018981643817897213 0.0089928800619560392 -0.020602773850598478 -0.021350713962382178 -0.0093214161091333021 0.062899153226681298 0.0025057425744796956 -0.0035963917736530895 -0.011024803674060857 -6.0304385430932739e-05 -0.0030062397542812498 0.0016929504740831123 0.0050099331952968727 -0.0088604839963494064 -0.018452484160663644 0.0057687001998880921 -0.0012688401381442888 0.021566059478288584 -0.0019345768379125895 0.012418802387153337 -0.010593792201236778
leaf_weight=49.709268068894744 10.64067956805229 1599.1688523031771 19.773592904210091 1694.3461665138602 87.124397020787001 1183.3107327762991 12.282089773565529 1791.5456985980272 1297.994280019775 1058.2539121098816 16.295134481042624 37.320172693580389 32.135038379579782 594.2061187364161 9.9213994443416613 11.390301182866095 5216.1317721903324 170.70423665270209 4265.9341849274933 2258.2827963531017 5027.6796254552901 2288.3576575480402 124.44113254919648 57.353503128513694 83.829393418505788 1325.5600543618202 53.447653703391552 857.07196852937341 130.77548532932997 366.52994981408119
leaf_count=2214 58 13247 129 11018 704 8944 106 12804 9942 8006 137 273 240 4555 65 74 43021 1215 28125 14254 34182 14887 953 427 878 9352 326 7211 971 2884
internal_value=-8.36486e-05 -4.25365e-05 0.000698192 0.000660749 -0.00312384 -0.000959948 0.00168813 -0.00154254 0.00481272 -0.000575439 -0.0198071 0.000491026 0.00121299 -0.00786417 0.0112975 0.0306212 -0.00267609 -0.00024334 0.0011079 -0.000581205 0.0017025 0.00272673 0.00243297 -0.011498 0.000305284 0.00160657 0.00391293 -0.00238725 -3.407e-05 -0.00738413
internal_weight=31731.5 31665.5 17519.8 17509.2 1850.12 14145.7 2550.94 11594.8 1367.63 1214.83 66.0044 1127.71 1090.39 635.291 41.0853 21.3117 7178.38 1962.25 15659 4077.07 11582 7316.04 1818.79 69.6356 4416.38 2978.18 1652.62 1438.21 987.847 450.359
internal_count=231202 228851 117523 117465 14046 111328 19419 91909 10475 9223 2351 8519 8246 4823 268 139 57040 14019 103419 26225 77194 49069 11971 533 34869 22925 13573 11944 8182 3762
cat_boundaries=0 1 2 3 4 5 6
cat_threshold=2830768 13592656 13836370 7368580 13641260 352
is_linear=0
shrinkage=0.04


Tree=91
num_leaves=31
num_cat=5
split_feature=30 1 31 22 32 1 30 22 9 1 22 25 5 22 6 24 9 24 3 20 6 22 17 27 3 8 29 17 29 17
split_gain=13.3515 13.5581 14.687 15.6917 10.5188 12.8545 14.541 14.6014 12.6218 12.0612 17.32 15.1358 11.6161 11.2555 11.6582 11.2044 11.1077 11.0122 10.9587 10.4138 9.91273 9.89937 9.81157 9.71596 11.6041 9.62463 9.5886 19.515 14.5387 11.1591
threshold=-2.7274999999999991 1.5000000000000002 1.5000000000000002 0 5.7250000000000005 5.5000000000000009 1.5233333333333341 1 6.0383333333333367 3.5000000000000004 2 12.240833333333336 7.1050000000000013 3 -0.010000000000000229 34.300000000000004 -17.332666666666665 66.540000000000006 0.33265856950067479 0.64583333333333337 -0.058333333333333119 4 0.18333333333333332 3.5000000000000004 0.057197382769901862 24.675000000000004 4.6850000000000014 -0.20737433862433857 4.5250000000000012 0.020019841269841302
decision_type=2 2 2 1 2 2 2 1 2 2 1 2 2 1 2 2 2 2 8 8 2 1 10 2 10 2 2 10 2 10
left_child=21 2 3 -2 5 -3 7 -7 -9 10 12 26 17 18 15 -15 -16 20 -11 -17 -6 -1 -13 24 -19 -18 27 -12 29 -29
right_child=1 4 -4 -5 9 6 -8 8 -10 13 11 22 -14 14 16 19 25 23 -20 -21 -22 -23 -24 -25 -26 -27 -28 28 -30 -31
leaf_value=0.0031338438857832708 -1.8008367045662325e-05 0.00012068350038642331 -0.0011518024223089976 -0.012988300421660664 -0.013168365890922143 0.00040207380938795377 0.014174486861458542 -0.0074173391054815083 0.0016216122051831061 0.0043427187377643953 -0.041712704588017457 -0.0024147518295353863 0.04471176982816031 -0.013922661205970648 -0.020825698334415051 0.0052724393972932325 0.0064787865100644241 -0.0051922601100801756 -0.010485856193643206 -0.015082053873851385 0.0040212017469299557 -0.017858711960575799 -0.0090612636925499878 -0.0049843955080922722 0.042945029385640335 -0.0017734514021032972 0.00043850207812394163 0.028558677348512026 0.063198761510950052 -0.032041497297247964
leaf_weight=54.57065303530544 254.33180348575115 14418.608647424728 2700.8695149943233 373.69547479599714 57.538796856999397 1021.0327069908381 77.782601878046989 1328.4334209021181 303.67915877141058 3212.7028427273035 7.118823066353797 1253.630765080452 11.364988356828688 54.938264884054661 44.96956155449152 1142.2409993484616 258.91956520453095 10.701683327555655 81.770222261548042 41.684425383806229 799.62788890302181 105.20659824460745 495.94571413099766 16.915522009134293 31.886560395359993 1785.6946175396442 1796.2918126657605 17.595102801918987 13.816161178052424 6.7182257026433936
leaf_count=1794 3786 96981 28703 6013 378 8326 427 11256 2457 19292 56 7917 70 332 273 6731 1561 67 530 242 4942 3681 3191 107 202 10902 11110 122 89 43
internal_value=-7.66286e-05 -1.83486e-05 -0.00243299 -0.00794283 0.000265767 -0.000355918 -0.00287225 -0.00337201 -0.00570058 0.00122265 -0.000370548 -0.00163004 0.00447255 0.00230976 0.00065987 0.00373635 -0.00116094 0.00402245 0.00396264 0.00455579 0.00286732 -0.0116105 -0.00429881 0.0206624 0.030849 -0.00072843 0.000896601 0.0190825 0.030433 0.0118137
internal_weight=31780.3 31620.5 3328.9 628.027 28291.6 17149.5 2730.93 2653.15 1632.11 11142.1 4519.15 3591.12 928.035 6622.92 3328.45 1238.86 2089.58 916.67 3294.47 1183.93 857.167 159.777 1749.58 59.5038 42.5882 2044.61 1841.54 45.2483 38.1295 24.3133
internal_count=231581 226106 38502 9799 187604 119447 22466 22039 13713 68157 28294 22528 5766 39863 20041 7305 12736 5696 19822 6973 5320 5475 11108 376 269 12463 11420 310 254 165
cat_boundaries=0 1 2 3 4 5
cat_threshold=534751 6031885 1769600 10827546 4473560
is_linear=0
shrinkage=0.04


Tree=92
num_leaves=31
num_cat=9
split_feature=18 23 22 31 22 3 8 14 22 23 29 22 3 20 22 29 22 23 23 22 29 3 16 0 10 13 3 20 22 22
split_gain=19.008 12.6678 17.1224 14.9875 12.0898 10.0836 12.9838 10.0771 13.5726 12.6046 13.798 20.0117 18.9571 16.947 12.6576 12.5042 20.1482 11.5912 11.4744 11.4068 11.6502 10.5731 13.1986 12.0872 10.8552 19.0248 17.2568 16.5527 15.512 10.6372
threshold=5.5000000000000009 51.765000000000008 0 5.5000000000000009 1 0.10978000956480154 12.590000000000002 4.3875000000000011 2 26.540000000000003 4.705000000000001 3 0.30787458986511124 0.13392857142857145 4 5.2150000000000007 5 24.255000000000003 28.270000000000007 6 5.285000000000001 0.27303030303030307 0.29285714285714287 0.18044823957137393 3.5000000000000004 10.500000000000002 0.13053270661966318 0.21111111111111114 7 8
decision_type=10 2 1 2 1 10 2 10 1 2 2 1 10 10 1 2 1 2 2 1 2 10 10 8 2 2 8 8 1 1
left_child=1 7 3 5 -2 6 -3 9 -9 10 12 -12 14 -13 -1 16 -11 -14 19 -17 -21 23 -23 -20 28 29 -27 -28 -25 -26
right_child=4 2 -4 -5 -6 -7 -8 8 -10 15 11 13 17 -15 -16 18 -18 -19 21 20 -22 22 -24 24 25 26 27 -29 -30 -31
leaf_value=0.0053230620472583482 -0.0070292672978187892 -0.019090017180190575 -0.0048433978007997574 0.064447590802423835 -0.0012934830094519776 -0.005034355899437533 0.0046965032573345515 0.0014662274066599371 -0.0049245360728869432 0.001617143309796737 0.00048968818129528689 0.018197848303880361 0.027267541679090103 0.0028283551179887879 0.00022325118213686507 -0.0022829746150550543 -0.0041784448405121103 -0.012151536472838105 0.00050219872469841015 0.057718959769268087 0.014514887382285558 0.017995524564075674 -0.010258328887172031 -0.0087604618213070976 0.0099636883027045074 0.014249381022361745 0.093628736619754904 0.028114802034086304 0.0042341412894830247 -0.0013027226484653809
leaf_weight=965.90414572320879 882.32498336490244 38.557382885366678 1649.0445063151419 6.034170512109994 1769.2161821527407 299.3596371896565 768.92527088522911 962.6999983433634 1172.873291705735 1666.6192056164145 436.14162158966064 311.86859041452408 69.166126301512122 181.64303107559681 3872.821528237313 39.59025040268898 2244.2606762051582 14.424465075135229 12646.759127866477 18.597140893340111 21.567520953714848 29.758943926542997 238.21373600885272 182.32161108404398 281.39597715064883 99.841469582170248 9.239104777574541 18.578547235578299 616.51177325472236 250.73905372619629
leaf_count=7225 8361 273 11501 45 16901 2128 5324 8537 10580 11363 2923 2097 549 1217 28964 253 15427 106 86056 123 138 214 1699 1197 1843 665 64 133 4017 1642
internal_value=8.77745e-06 0.000304072 -0.0022732 0.00156473 -0.00323351 0.00123605 0.00356069 0.000574198 -0.00205982 0.000806489 0.0024231 0.00689242 0.001579 0.0122918 0.00125274 0.000291331 -0.00171521 0.0204654 0.000834281 0.0159645 0.0276381 0.000750327 -0.00712068 0.000899859 0.0043477 0.00814461 0.0220122 0.049874 0.00121166 0.00481778
internal_weight=31765 29113.5 2761.92 1112.88 2651.54 1106.84 807.483 26351.5 2135.57 24216 5851.97 929.653 4922.32 493.512 4838.73 18364 3910.88 83.5906 14453.1 79.7549 40.1647 14373.4 267.973 14105.4 1458.63 659.794 127.659 27.8177 798.833 532.135
internal_count=231565 206303 19271 7770 25262 7725 5597 187032 19117 167915 43081 6237 36844 3314 36189 124834 26790 655 98044 514 261 97530 1913 95617 9561 4347 862 197 5214 3485
cat_boundaries=0 1 2 3 4 5 6 7 8 9
cat_threshold=10127572 6115329 2807081 7642882 1216640 6625060 1548812 2265160 1265907
is_linear=0
shrinkage=0.04


Tree=93
num_leaves=31
num_cat=7
split_feature=25 22 13 18 23 15 15 5 31 22 22 22 6 15 9 5 25 3 30 32 25 22 23 22 15 23 22 3 3 24
split_gain=18.8416 14.0351 10.9436 9.76584 11.7051 11.0279 10.9054 11.4311 10.5413 12.0279 11.1344 10.3188 18.6763 10.2754 12.9574 11.4866 11.1704 10.5264 10.2319 12.5403 12.4998 13.6117 12.2147 19.2096 18.2998 11.8376 15.3817 10.7025 11.0933 16.5067
threshold=-27.454166666666662 0 7.5000000000000009 5.5000000000000009 20.735000000000003 0.21211111111111117 0.20816666666666669 6.9050000000000011 5.5000000000000009 1 2 3 0.063333333333333033 0.18292857142857147 4.4483333333333368 6.9150000000000009 -26.392499999999995 0.13053270661966318 0.16833333333333325 4.8150000000000004 1.388333333333333 4 27.950000000000006 5 0.2431666666666667 28.625000000000004 6 0.09737386507298014 0.060042918454935625 11.215000000000002
decision_type=2 1 2 10 2 8 10 2 2 1 1 1 2 10 2 2 2 10 2 2 2 1 2 1 10 2 1 10 10 2
left_child=1 2 -1 4 6 -5 8 11 9 -2 -10 12 -8 16 15 -15 -11 -18 19 20 21 27 23 -21 -24 26 -20 28 29 -6
right_child=3 -3 -4 5 18 -7 7 -9 10 13 -12 -13 -14 14 -16 -17 17 -19 25 22 -22 -23 24 -25 -26 -27 -28 -29 -30 -31
leaf_value=-0.0060384741669146725 0.0017765489093122346 -0.009059560149821913 0.0067355653045652044 -0.0012439246938033641 0.0048694372244050326 -0.0095676671135345673 0.0067662029039555916 -0.012272729671753427 0.0044229976970346016 0.057573184437594502 -0.0045383126639995048 -0.0033254941816644934 0.078468447684769196 0.0048871649532582712 0.027523649085826794 0.024087140780790561 0.0026522788098800295 0.014764808947329365 -0.00023361290554368364 0.011217755016915498 -0.0090698818250034251 0.00052816113277274492 -0.00086706984664467802 0.00061371225579545728 0.044047189052764842 0.00045016410370955551 0.0093590545468695916 -0.0096150899364193087 0.0016135512329494668 -0.01083713689342509
leaf_weight=213.20485991518945 1005.9969594106078 615.38939474336803 216.03730872180313 2135.7327919313684 147.89131707698107 289.14585723541677 141.01086030527949 142.08046399243176 420.9902476426214 6.4883527494966975 447.18635372258723 325.09605000168085 6.0621393322944632 212.95280927605927 81.444521432742476 65.094862731173635 627.59008291736245 140.49674995429814 516.44731836766005 368.09928279742599 437.43901388347149 1771.9432552531362 4829.937656570226 1005.7320543006063 14.558080643415449 13569.264653943479 554.50408031046391 476.44008391723037 542.80044506117702 387.73645836859941
leaf_count=2378 7272 5974 1875 18767 1048 3253 1216 1278 4320 55 4694 2907 57 1566 573 483 4541 1094 3191 2627 3049 12885 33785 7240 99 91381 3401 3460 3917 2796
internal_value=1.96494e-05 -0.00526315 0.000381797 0.000199583 0.000408719 -0.00223646 0.00253167 -0.00232524 0.0035234 0.00503154 -0.000194184 0.000668055 0.00910274 0.00783419 0.0134922 0.00938215 0.00530937 0.00486788 9.63914e-05 -0.000891073 -0.00271325 -0.00187742 0.000211977 0.00354104 -0.000732099 0.000769704 0.00481837 -0.00459271 -0.00241645 -0.00650042
internal_weight=31714.8 1044.63 429.242 30670.2 28245.3 2424.88 3622.49 614.25 3008.24 2140.06 868.177 472.169 147.073 1134.07 359.492 278.048 774.575 768.087 24622.8 9982.58 3764.25 3326.81 6218.33 1373.83 4844.5 14640.2 1070.95 1554.87 1078.43 535.628
internal_count=231182 10227 4253 220955 198935 22020 30056 5458 24598 15584 9014 4180 1273 8312 2622 2049 5690 5635 168879 70906 27155 24106 43751 9867 33884 97973 6592 11221 7761 3844
cat_boundaries=0 1 2 3 4 5 6 7
cat_threshold=867082 5566734 2151358 667948 1785122 9843712 12042404
is_linear=0
shrinkage=0.04


Tree=94
num_leaves=31
num_cat=6
split_feature=10 1 30 1 22 11 16 22 7 22 30 11 22 2 22 8 14 9 22 15 7 16 25 9 14 19 30 9 30 25
split_gain=11.6965 16.7261 22.238 14.8429 13.9153 14.5042 12.7343 13.0503 11.6366 14.5756 12.8946 10.3347 15.4161 15.1669 11.5944 10.165 14.7505 10.0415 12.6543 12.6035 19.327 16.438 23.9718 14.1366 12.3268 11.2388 11.1927 9.92255 9.54755 9.83348
threshold=5.5000000000000009 3.5000000000000004 0.7533333333333333 1.5000000000000002 0 60.500000000000007 1.0000000180025095e-35 1 5.5000000000000009 2 -1.5999999999999992 38.500000000000007 3 37.235000000000007 4 17.670000000000005 3.6125000000000003 -8.5358333333333327 5 0.15527777777777782 1.5000000000000002 0.47222222222222227 9.0483333333333391 -10.959999999999997 2.6125000000000003 0.36666666666666675 0.099999999999999881 -27.96833333333333 1.1650000000000007 10.679166666666669
decision_type=2 2 2 2 1 2 8 1 2 1 2 2 1 2 1 2 8 2 1 8 2 10 2 2 8 8 2 2 2 2
left_child=3 4 -3 6 -2 27 7 -1 -5 10 -10 13 -13 14 -4 -15 28 18 -8 20 -20 23 -23 26 -21 -25 -22 -6 -17 -30
right_child=1 2 11 8 5 -7 17 -9 9 -11 -12 12 -14 15 -16 16 -18 -19 19 24 21 22 -24 25 -26 -27 -28 -29 29 -31
leaf_value=-0.007078780666013286 0.0041613036230560884 -0.0064907402541616293 -0.0084566106482958734 0.0010786279931356336 0.026666219884096405 0.043784332687921278 -0.0091106864655184847 0.015462608821759741 -0.020828514261881068 -0.00377292823384406 0.0023807004016368812 -0.012213599849984959 0.0046460807047486166 -0.01105453272562314 0.0095907936383942162 0.017529772272171111 -0.016979865516259521 -0.0035431141989854154 -0.013971629220785318 0.065549902138734115 0.040515478169885329 0.15823760588713964 0.02216954924428528 0.10501832232041487 -0.0021656328495513648 0.012836968012508434 -0.043962149778193342 -0.0031011398726452444 0.081587034029524635 0.035144110221515173
leaf_weight=57.610110178589821 1009.8892228007317 1712.2935967091471 86.656878054141998 21159.777916787192 18.198269437998533 10.86669112369418 43.931117132306099 112.17571839690208 39.465923956595361 1871.8537461347878 1297.3149440772831 138.57828922569752 200.94941772520542 11.642173260450361 130.67894564568996 22.309930503368378 9.2825713157653791 2545.2686511948705 9.4666572660207731 4.7595716081559649 5.1248382255435008 4.7446080558001977 3.6771344989538193 5.3417099751532087 44.665870770812035 3.5045682825148115 4.9170528128743172 1158.7888423018157 11.318211376667024 20.51754130423069
leaf_count=537 7722 13640 482 140903 149 84 491 1028 767 13815 8920 772 1124 65 725 124 54 29866 138 65 51 60 57 60 466 43 64 8995 62 113
internal_value=0.000105421 -0.00177367 -0.00412398 0.000419044 0.000733285 -0.00219768 -0.00231487 0.00830787 0.000738248 -0.00150643 0.0016829 0.00228902 -0.00245808 0.00780112 0.00244706 0.0233016 0.0296076 -0.00298901 0.00784871 0.0157245 0.0352797 0.0523521 0.098827 0.0316302 0.00435524 0.0684995 -0.000849336 -0.00264088 0.0375945 0.0516554
internal_weight=31755.6 4541.97 2344.23 27213.6 2197.74 1187.85 2845.19 169.786 24368.4 3208.63 1336.78 631.934 339.528 292.406 217.336 75.0704 63.4283 2675.4 130.133 86.202 36.7766 27.3099 8.42174 18.8882 49.4254 8.84628 10.0419 1176.99 54.1457 31.8358
internal_count=231442 34111 17161 197331 16950 9228 32926 1565 164405 23502 9687 3521 1896 1625 1207 418 353 31361 1495 1004 473 335 117 218 531 103 115 9144 299 175
cat_boundaries=0 1 2 3 4 5 6
cat_threshold=3711662 1131164 7389637 4307176 6590791 5571591
is_linear=0
shrinkage=0.04


Tree=95
num_leaves=31
num_cat=5
split_feature=30 22 31 1 23 1 30 18 17 2 22 22 17 22 19 18 11 3 24 15 11 29 1 30 32 15 22 17 15 19
split_gain=9.70851 11.4597 10.0489 19.8415 17.3049 13.6013 13.2147 13.0306 21.5945 15.2543 14.8915 12.6022 12.3202 17.4285 13.1175 12.1966 12.0855 16.0763 16.5804 12.3301 11.5291 11.496 11.3528 12.3093 10.8483 9.80717 9.80239 10.3512 15.4035 11.1482
threshold=2.4208333333333338 0 5.5000000000000009 5.5000000000000009 22.325000000000003 1.5000000000000002 -2.1608333333333323 4.5000000000000009 -0.17400793650793644 35.165000000000006 1 2 -0.2000661375661375 3 0.29166666666666669 3.5000000000000004 25.500000000000004 0.11051177667926725 13.175000000000002 0.15154761904761913 55.500000000000007 6.9750000000000005 4.5000000000000009 -0.63666666666666638 7.3650000000000011 0.1770714285714286 4 -0.066666666666666666 0.12612500000000007 1.0000000180025095e-35
decision_type=2 1 2 2 2 2 2 8 10 2 1 1 8 1 10 8 2 10 2 8 2 2 2 2 2 10 1 8 10 10
left_child=2 -2 4 -4 6 12 15 8 -8 26 16 -5 13 -6 21 -1 -11 19 -19 -18 22 -15 23 -20 -14 -13 -9 28 29 -28
right_child=1 -3 3 11 5 -7 7 9 -10 10 -12 25 24 14 -16 -17 17 18 20 -21 -22 -23 -24 -25 -26 -27 27 -29 -30 -31
leaf_value=0.076041149256199467 -0.017980602897204667 -6.211903929538233e-05 -0.000687984201852674 0.0014617494733856883 -0.0084559638728201342 0.0001292381156914054 0.020272740047815159 0.0011087593218466578 0.0033321000417190967 -0.0080547341536564201 -0.0022897207654956897 -0.0072441237276471108 -0.002974509497733703 0.020163926221146045 -0.037778044391566949 0.01592535749388161 -0.017379983522678402 0.07226659293651691 0.018700281720646039 0.014842715990053686 -0.033077296380827917 0.087340979757528289 -0.014996898284188853 0.083139531200991962 -0.014256266408663563 -0.019182750291088596 0.07277624743841532 -0.032034365465845566 -0.0077112732870829636 -0.0066727754262386162
leaf_weight=6.4601719174534074 95.797330033034086 134.3889678157866 2843.4411421511322 155.44792434293777 61.643387738615274 21788.644398529083 127.15608072653413 342.01996052637696 2263.8416245020926 38.872801143676043 234.27247658371925 270.71987497899681 2267.2036363556981 84.18681163713336 5.9837233386933795 32.899993462488055 22.318306036293507 14.631631925702093 10.824976935982709 127.80942193418741 5.3075754195451728 4.2832716144621363 6.2793587297201148 8.4417961761355418 145.10081438347697 185.5467382427305 6.6599451377987844 26.913228377699852 427.23171529173851 4.9085512831807137
leaf_count=64 724 944 26710 2397 671 134748 950 2675 15730 323 1837 3659 27506 837 71 604 169 110 81 959 39 61 52 56 2354 3491 54 197 3355 39
internal_value=-0.000118184 -0.00830314 -5.84083e-05 -0.00209392 0.000192199 -0.000195291 0.00273833 0.00249091 0.00423302 -0.000772246 0.00496769 -0.00862916 -0.00294839 0.00794232 0.0176689 0.0257921 0.0118124 0.0163643 0.0371971 0.0100524 0.0205663 0.0234163 0.0317115 0.0469345 -0.00365311 -0.0118396 -0.00410335 -0.00778771 -0.00647805 0.0390658
internal_weight=31749.2 230.186 31519.1 3455.16 28063.9 24357 3706.85 3667.49 2391 1276.49 468.758 611.715 2568.4 156.097 94.4538 39.3602 234.486 195.613 45.4853 150.128 30.8537 88.4701 25.5461 19.2668 2412.3 456.267 807.733 465.713 438.8 11.5685
internal_count=231467 1668 229799 36257 193542 166248 27294 26626 16680 9946 3626 9547 31500 1640 969 668 1789 1466 338 1128 228 898 189 137 29860 7150 6320 3645 3448 93
cat_boundaries=0 1 2 3 4 5
cat_threshold=13415169 13468971 1188376 8896601 1674552
is_linear=0
shrinkage=0.04


Tree=96
num_leaves=31
num_cat=7
split_feature=1 7 12 17 15 22 22 30 15 0 22 6 13 32 32 30 6 30 25 1 22 30 6 22 22 6 2 17 25 3
split_gain=11.2657 12.2516 11.3391 10.8996 14.1629 11.9344 10.7825 11.5333 13.7789 10.5146 18.7004 13.4179 10.8608 11.0006 21.4918 15.6982 10.5071 15.672 13.0111 30.4875 13.3798 15.0783 12.4548 10.3544 10.292 12.365 10.7704 10.1268 10.5335 16.2015
threshold=1.5000000000000002 1.5000000000000002 0 -0.3164351851851851 0.19414285714285717 1 2 0.84666666666666746 0.19683333333333339 0.19102683920440935 3 -0.10166666666666611 2.5000000000000004 3.9250000000000003 1.0000000180025095e-35 -1.3249999999999997 0.017083333333333343 -1.4649999999999994 12.045500000000006 3.5000000000000004 4 0.1483333333333339 -0.049999999999999371 5 6 -0.0066666666666672638 31.465000000000003 -0.2000661375661375 22.227500000000006 0.07021168624039438
decision_type=2 2 1 8 10 1 1 2 10 10 1 2 2 2 2 2 2 2 2 2 1 2 2 1 1 2 2 10 2 8
left_child=1 2 -1 4 5 -2 7 -4 -9 11 12 -3 -11 14 -14 -15 18 -18 -5 22 21 -21 -20 -19 25 26 -6 28 -22 -30
right_child=3 9 6 16 24 -7 -8 8 -10 10 -12 -13 13 15 -16 -17 17 23 19 20 27 -23 -24 -25 -26 -27 -28 -29 29 -31
leaf_value=-0.013146425820290962 0.0072735037499724433 0.080017339876003374 -0.0011748433305242901 0.0015229183940942601 0.10272686311203502 -0.0079908030048044427 -0.0076587518951325645 0.012772341958984031 0.082084844493829121 0.00023578035937753248 -0.0017087091893385452 -0.0018763456283303632 0.064093556267945398 0.11073928818480042 -0.014816136520291215 0.031391379997319009 -0.0090583803225315965 -0.0021581649732381092 -0.011328527927639989 -0.014541141212667849 -0.026489838028430905 2.2644549908948427e-05 -0.0031985818970269369 0.00058935318517552924 -0.021584944163969937 -0.0096155765768848826 0.010632854400538816 0.00437192601340572 -0.024762203338448478 0.052749046705953803
leaf_weight=256.16111058369279 136.55732414405793 3.2060756459832183 241.83949534967542 13587.361592018977 3.4674353115260619 176.6855414910242 373.33030864968896 48.885034441947937 5.0643087886273852 33.249837175011635 198.8392580524087 2075.8590539135039 7.6001279056072262 4.3276959210634223 20.201088719069958 51.020069770514965 348.01805913075805 3448.3913397006691 375.14240257441998 135.03495750576258 34.215567760169506 721.34451054036617 1535.7365670204163 5999.3355412818491 103.90645159687847 18.920225857757032 4.9075768999755383 1714.6680980399251 9.1474451199173945 8.166738845407961
leaf_count=4411 1430 36 2478 91622 38 1815 4160 659 61 277 1832 23924 65 37 171 452 5467 23222 2506 891 222 4055 9558 40000 1414 265 62 9786 55 52
internal_value=-2.37646e-05 -0.00222853 -0.00613754 0.000234297 -0.00598049 -0.00135927 -0.00320986 0.00247215 0.0192788 -0.000717887 0.00608952 -0.00175006 0.0180104 0.0272842 0.00675572 0.0375957 0.000333239 -0.000722215 0.000903797 -0.000951791 0.00184821 -0.00224755 -0.00479465 -0.000415143 -0.0170136 0.00607186 0.0487618 0.0038252 -0.0136249 0.0117982
internal_weight=31680.6 3319.58 925.28 28361 444.445 313.243 669.119 295.789 53.9493 2394.3 315.238 2079.07 116.399 83.149 27.8012 55.3478 27916.6 9795.74 18120.8 4533.46 2622.58 856.379 1910.88 9447.73 131.202 27.2952 8.37501 1766.2 51.5298 17.3142
internal_count=231023 38563 11769 192460 5024 3245 7358 3198 720 26794 2834 23960 1002 725 236 489 187436 68689 118747 27125 15061 4946 12064 63222 1779 365 100 10115 329 107
cat_boundaries=0 1 2 3 4 5 6 7
cat_threshold=1 7049355 9536363 2894890 2746376 12977384 4325472
is_linear=0
shrinkage=0.04


Tree=97
num_leaves=31
num_cat=0
split_feature=14 1 26 6 14 0 8 25 16 18 18 24 8 13 9 9 10 25 27 18 30 31 25 7 30 16 26 24 0 0
split_gain=10.6543 13.4922 19.6546 15.0673 11.7956 11.3662 11.0697 11.0514 10.164 10.139 9.75645 15.7724 11.9053 10.7062 9.85717 15.9535 12.915 9.55808 9.42644 12.5705 9.32403 9.22746 10.6267 9.87269 14.8949 11.1482 8.65303 10.7613 9.00431 29.0219
threshold=3.2678571428571432 5.5000000000000009 3.5000000000000004 -0.022916666666666249 1.6125000000000003 0.1647380892990771 31.590000000000003 27.621666666666666 0.23611111111111113 3.5000000000000004 3.5000000000000004 41.695000000000007 31.830000000000002 9.5000000000000018 5.3536666666666699 -0.38333333333333458 4.5000000000000009 -0.65499999999999925 2.5000000000000004 2.5000000000000004 0.57083333333333341 1.5000000000000002 -22.282499999999999 4.5000000000000009 -1.9508333333333332 0.11805555555555557 5.5000000000000009 37.540000000000006 0.14973332806573961 0.14780052356020948
decision_type=8 2 2 2 10 8 2 2 10 10 10 2 2 2 2 2 2 2 2 10 2 2 2 2 2 10 2 2 8 10
left_child=4 21 7 -4 -1 6 -5 17 10 -9 11 14 -12 -14 15 16 -6 18 -3 -20 -18 22 -2 25 -25 26 27 -23 29 -29
right_child=1 2 3 5 8 -7 -8 9 -10 -11 12 -13 13 -15 -16 -17 20 -19 19 -21 -22 23 -24 24 -26 -27 -28 28 -30 -31
leaf_value=-0.0087864615357076247 -0.027488076908308106 0.00044057278074713456 0.00052660557892516646 -0.011605242565706931 -0.017919823938239467 -0.012433429342307806 0.002161916067869067 0.033277585644005667 0.00069158891276666285 -0.0015573145114689568 -0.007729942173673298 -0.0094899724324017717 0.0035316976278100499 0.029058999259988619 -0.0017784012145325302 0.071829762182307397 0.0093179559723091145 -0.0017526110157795711 0.066751174449359824 0.014192084498002655 0.077267836615587684 0.0049028756925061012 -0.0030757762956993557 -0.017945986925995867 -0.001289435388093777 -0.00019687541713627713 -0.0024456768271606554 0.0014209818398320095 -0.0057458862276093536 0.079520847831675831
leaf_weight=206.61328695714474 29.231444384902716 61.601250691339374 342.63267960119992 162.95868363231421 8.6083331927657145 638.45227191504091 219.07147633377463 30.51398091763258 13711.18223118037 23.79250131547451 80.315221570432186 18.65448061004281 76.705356728285551 39.99331621825695 9.9227076321840268 17.054702822118998 6.1055405065417272 961.47406969219446 8.9900935515761358 38.291993338614702 6.8629669994115829 2009.8393961023539 1188.9542961195111 87.696906241588295 4189.2446619421244 6826.2745488937944 428.34951853752136 81.926329784095287 296.78246332332492 8.3926735483109933
leaf_count=1513 212 533 3725 1514 57 8278 1964 175 93333 153 549 131 523 290 65 115 41 6534 66 342 44 15487 8729 1790 30843 47537 4577 603 2104 59
internal_value=-0.000115152 -0.000771577 -0.00350164 -0.00673111 0.000701072 -0.00916793 -0.0037106 0.000412542 0.000841336 0.0180159 0.00861209 0.0217721 0.00412272 0.0122801 0.033783 0.0429171 0.020064 -0.000480594 0.0107517 0.0241855 0.0452772 -0.000323176 -0.00366157 -3.12004e-05 -0.00163097 0.000677713 0.00279083 0.00372663 -0.00238044 0.00867822
internal_weight=31816.5 17634.5 2487.78 1363.12 14182 1020.48 382.03 1124.66 13975.4 54.3065 264.223 67.2087 197.014 116.699 48.5543 38.6315 21.5768 1070.36 108.883 47.2821 12.9685 15146.7 1218.19 13928.5 4276.94 9651.56 2825.29 2396.94 387.101 90.319
internal_count=231886 135225 23284 15481 96661 11756 3478 7803 95148 328 1815 453 1362 813 322 257 142 7475 941 408 85 111941 8941 103000 32633 70367 22830 18253 2766 662
is_linear=0
shrinkage=0.04


Tree=98
num_leaves=31
num_cat=0
split_feature=31 23 1 14 15 14 1 25 2 24 32 6 13 0 16 31 6 6 8 32 9 11 24 6 34 6 15 5 9 31
split_gain=11.4126 13.5978 18.0167 12.33 12.2466 10.436 14.152 12.811 14.1225 11.559 12.9579 11.495 19.0069 13.6339 13.2603 11.4541 11.0658 10.2869 18.0487 13.7569 10.1938 11.0901 11.0764 9.73714 9.65939 9.59839 9.55795 9.54611 9.3774 13.5323
threshold=5.5000000000000009 35.815000000000005 2.5000000000000004 5.4365079365079376 0.25950000000000012 3.0500000000000003 5.5000000000000009 -21.917499999999997 35.385000000000012 55.935000000000009 6.3850000000000007 0.020000000000000909 11.500000000000002 0.12295346320346322 0.35416666666666669 3.5000000000000004 0.046666666666666419 -0.069999999999999826 26.835000000000004 5.4450000000000012 11.96916666666667 55.500000000000007 9.1450000000000014 -0.046666666666667293 4.5000000000000009 0.026666666666666842 0.1081666666666667 6.6750000000000007 -2.5866666666666673 2.5000000000000004
decision_type=2 2 2 8 10 8 2 2 2 2 2 2 2 8 8 2 2 2 2 2 2 2 2 2 2 2 10 2 2 2
left_child=1 4 28 17 27 -4 7 8 -7 10 11 24 13 -13 16 -15 -14 18 19 -2 21 -20 -22 26 -9 -5 -11 -1 29 -3
right_child=3 2 5 25 -6 6 -8 9 -10 23 -12 12 14 15 -16 -17 -18 -19 20 -21 22 -23 -24 -25 -26 -27 -28 -29 -30 -31
leaf_value=0.0054365278035691253 0.02428277029924809 -0.0030752675047310898 0.0013261905266044893 -0.0067074478991201517 -0.015438464946463393 -0.0020814857567854482 -0.0052007785738572435 0.0033180457194635382 -0.026918721150160516 0.023514374121079706 0.0058052268231987367 -0.036295463224654413 0.0087019188440017377 -0.0024326121107044615 -0.0032442961742366223 -0.015806334040759828 0.056853974672970445 -0.0021998780873810327 -0.0056217020615579932 0.098851079150440585 -0.0065229867716535611 0.049233767818604716 0.055155377332703842 -0.0033386327734753656 -0.0055368965509496239 -0.027779126494443866 -0.028238213165455505 0.00096071926853382762 -0.0042477168337137486 0.0049917413575229575
leaf_weight=812.17671251483262 26.687874253839258 958.13751600682735 6186.0681830197573 120.41246286500245 70.861181639134884 100.98624801635742 1077.0610182210803 1225.6867770925164 57.476455062627792 6.5266308188438407 795.11418056488037 23.13234981149435 13.658602282404901 524.25896100699902 25.694703452289104 127.3571690544486 17.318374440073967 3105.7909849509597 111.30646213330328 4.6479400917887679 8.1270421780645865 6.2266569882631293 10.915697455406187 383.33829722553492 234.87631046026945 48.526441756635904 45.62226440012455 12449.155085416511 2694.4392383620143 509.70101470500231
leaf_count=5636 252 9183 36212 3636 561 638 6758 7183 366 41 4771 145 87 3116 163 853 114 29467 1005 37 83 50 86 2312 1385 1612 285 86466 24920 4230
internal_value=-4.75707e-05 0.000216623 -0.000609256 -0.00222232 0.00114622 0.000249412 -0.00118057 2.85729e-05 -0.0110903 0.000543366 0.00143094 -0.000155775 -0.00424907 -0.00611779 0.0180004 -0.00504648 0.0356224 -0.00167852 0.00796482 0.0353432 0.00168314 -0.00271557 0.0288323 -0.0055447 0.00189406 -0.0127601 -0.0217612 0.00123484 -0.00284639 -0.000274031
internal_weight=31781.3 28338.6 15006.5 3442.64 13332.2 10844.2 4658.11 3581.05 158.463 3422.58 2987.1 2191.98 731.42 674.748 56.6717 651.616 30.977 3273.7 167.912 31.3358 136.576 117.533 19.0427 435.487 1460.56 168.939 52.1489 13261.3 4162.28 1467.84
internal_count=231653 195425 102762 36228 92663 64429 28217 21459 1004 20455 17817 13046 4478 4114 364 3969 201 30980 1513 289 1224 1055 169 2638 8568 5248 326 92102 38333 13413
is_linear=0
shrinkage=0.04


Tree=99
num_leaves=31
num_cat=5
split_feature=1 29 31 33 3 22 14 22 9 5 0 3 9 27 17 6 4 30 9 13 30 8 14 24 22 22 15 23 30 3
split_gain=10.3322 12.6095 11.8934 11.383 19.9917 11.7788 10.2561 9.75027 10.3658 9.79881 11.1551 10.7733 12.0724 11.3223 9.01239 8.51957 11.0633 9.78709 8.87997 8.16221 14.7286 8.10322 8.09697 12.1066 11.8239 10.3933 14.2027 10.3069 14.8716 12.3025
threshold=1.5000000000000002 6.8550000000000013 5.5000000000000009 0 0.044275792539486956 1 5.8452380952380958 2 -14.205833333333329 6.7550000000000008 0.15785870243293829 0.079454725505972656 -16.352499999999996 2.5000000000000004 0.30013227513227519 -0.018333333333333087 1500.0000000000002 0.53500000000000048 2.4881666666666615 6.5000000000000009 1.5233333333333341 63.735000000000007 3.3166666666666669 72.800000000000026 3 4 0.22527777777777783 15.570000000000002 -1.6533333333333329 0.18106842248167257
decision_type=2 2 2 1 10 1 10 1 2 2 10 10 2 2 8 2 2 2 2 2 2 2 8 2 1 1 8 2 2 8
left_child=1 7 -2 4 -3 -5 22 14 9 -9 -11 12 13 -12 15 16 17 18 -1 20 -6 -10 25 24 -24 26 -4 28 -26 -30
right_child=2 3 6 5 19 -7 -8 8 21 10 11 -13 -14 -15 -16 -17 -18 -19 -20 -21 -22 -23 23 -25 27 -27 -28 -29 29 -31
leaf_value=-0.028046012074298493 0.00057330317934944583 0.096178755774973035 0.0061207201272581689 0.00012747954506870955 -0.010177771343732486 -0.018380989832357749 -0.026389789299548889 -0.0064939049169367592 -0.0001565951869572881 -0.0033781494706402377 0.12596503878550719 0.016491474433812114 0.0067010752106725514 0.047323995909553045 -0.019151761527859159 -0.00041919828000742834 -0.0081139163363175421 0.061436536132965777 0.041859188062400819 -0.012940655823751939 0.11525846494036987 0.035136407270141612 -0.0063695602944985356 0.068811400174568452 -0.0020633420724858022 -0.0024286495533053518 0.066591559679836612 -0.0033436858215756498 0.014908769545738472 -0.014098842484917985
leaf_weight=6.9173370152711886 25343.118084214628 4.3105671815574196 317.3969593308866 88.145482003688812 3.6650999002158668 173.68565810844302 27.425549189560115 21.82513265311718 1602.4493059404194 14.648336991667746 5.3694321997463721 17.415941696614027 4.6030729562044135 6.4455853290855885 58.965560138225555 753.60555010661483 516.57495460286736 6.8090644367039195 5.0155592449009418 16.09764663502574 2.5327265337109566 10.476851135492323 991.58357812091708 3.7559845969080916 301.63016507215798 402.37940909340978 6.3385097831487647 865.19539808854461 199.50901187211275 26.500419817864895
leaf_count=70 159945 68 2423 1402 59 2994 1459 239 17298 179 54 169 46 61 837 8321 6261 84 47 273 44 116 10970 27 5595 3113 53 7551 1840 254
internal_value=3.9404e-05 -0.00207253 0.000285524 -0.0100643 0.0125904 -0.0123746 -0.00203589 -0.00131204 0.000723716 0.0157627 0.0257819 0.0384066 0.0616538 0.0830631 -0.00383123 -0.00316007 -0.0070186 0.0231709 0.0013361 0.00207672 0.0410814 7.26525e-05 -0.00182142 -0.00294605 -0.00305909 0.00187748 0.00708582 -0.000651894 0.00374961 0.0115075
internal_weight=31804.4 3319.56 28484.8 288.437 26.606 261.831 3141.71 3031.12 1683.23 70.3075 48.4824 33.834 16.4181 11.815 1347.89 1288.92 535.317 18.742 11.9329 22.2955 6.19783 1612.93 3114.29 2388.17 2384.42 726.115 323.735 1392.83 527.64 226.009
internal_count=231852 38622 193230 4840 444 4396 33285 33782 18162 748 509 330 161 115 15620 14783 6462 201 117 376 103 17414 31826 26237 26210 5589 2476 15240 7689 2094
cat_boundaries=0 1 2 3 4 5
cat_threshold=64 790686 9407376 3970338 6165921
is_linear=0
shrinkage=0.04


Tree=100
num_leaves=31
num_cat=6
split_feature=32 30 24 23 2 29 22 5 15 19 25 2 28 32 32 27 22 24 17 3 5 5 15 25 22 6 20 12 17 22
split_gain=11.7514 10.9781 9.44959 12.2918 15.3438 13.3464 18.7425 12.9392 12.7549 12.0761 26.0474 11.4676 11.1576 10.0999 9.86067 10.0477 9.63014 9.44488 10.2452 9.6575 9.40485 11.4363 10.6686 10.0551 9.90459 9.08256 9.06816 9.03556 13.9013 14.4649
threshold=4.8850000000000007 -3.1941666666666659 25.070000000000004 19.775000000000002 32.295000000000009 5.0850000000000009 0 6.8750000000000009 0.12527777777777782 0.63333333333333341 0.77499999999999514 37.005000000000003 1 4.0750000000000011 4.8650000000000011 1.5000000000000002 2 36.175000000000004 -0.23320105820105816 0.10208423795049935 6.8550000000000013 6.7950000000000008 0.15683333333333338 -5.7199999999999962 3 0.025000000000000803 1.0000000180025095e-35 4 0.24480820105820106 5
decision_type=2 2 2 2 2 2 1 2 8 10 2 2 9 2 2 2 1 2 8 10 2 2 10 2 1 2 8 1 8 1
left_child=1 -1 27 4 7 16 12 -4 -6 14 11 -11 -7 -9 -8 -16 -5 18 -18 -19 21 24 -23 -24 -10 -26 -22 -3 29 -29
right_child=-2 2 3 5 8 6 9 13 20 10 -12 -13 -14 -15 15 -17 17 19 -20 -21 26 22 23 -25 25 -27 -28 28 -30 -31
leaf_value=-0.017467440272052416 0.00043088564569288067 -6.1474616734874082e-05 -0.014633484863796009 -0.011659090677965077 0.061151279784790735 -0.011736181551188891 0.0010144503771436118 0.060054989298173295 -0.008763010276454701 0.03364851865997559 -0.012823092115153157 0.094330412994414886 0.012892589016608461 0.0035162863577446321 0.068009313009960243 0.0078368398802622519 -0.020783630385555026 -0.038625004295188108 -0.0017967464156638431 0.0050539833119921818 0.01353494059612605 -0.0064720776444971593 0.086005587955106252 0.031827809795380732 0.01318607924599653 0.062763658170136696 -0.012896360633862708 -0.010759891571955565 0.0088756473112621692 -0.0013296942259461916
leaf_weight=65.605562484823167 19487.810926198959 8651.941400276497 101.11292530596256 472.89947871118784 7.6867956221103659 243.45804012939334 465.41165478527546 5.5541298352181903 34.490721352398396 16.257104076445106 16.96651691198349 7.184978872537612 26.70599389821291 56.285125389695168 7.1174513101577785 11.803265780210493 48.959829777479172 24.272737681865692 638.07791161909699 12.154916495084761 36.576522525399923 8.7273402810096723 6.9496835507452479 25.936977602541447 31.233049027621746 7.2928200028836718 48.053330048918724 435.54244577605277 124.82452195696533 651.7249469421804
leaf_count=2703 134698 64392 786 3403 58 1639 3114 43 255 106 112 46 182 450 48 80 411 178 4576 95 290 69 62 194 234 61 374 5064 910 7151
internal_value=-0.00017998 -0.00114854 -0.00106097 -0.00333398 0.0033622 -0.00457787 -0.000560416 -0.00581868 0.0105913 0.0038447 0.024926 0.0522475 -0.00892832 0.00859434 0.00216523 0.0304721 -0.0072472 -0.00414489 -0.00314979 -0.0240505 0.00864088 0.0161077 0.0328434 0.0432768 0.00656964 0.0179196 -0.00147291 -0.000516875 -0.0037362 -0.00521848
internal_weight=31778.6 12290.8 12225.2 2361.17 369.899 1991.27 794.905 162.952 206.947 524.741 40.4086 23.4421 270.164 61.8393 484.332 18.9207 1196.36 723.465 687.038 36.4277 199.26 114.631 41.614 32.8867 73.0166 38.5259 84.6299 9864.03 1212.09 1087.27
internal_count=231784 97086 94383 16866 2876 13990 5327 1279 1597 3506 264 152 1821 493 3242 128 8663 5260 4987 273 1539 875 325 256 550 295 664 77517 13125 12215
cat_boundaries=0 1 2 3 4 5 6
cat_threshold=8399514 3 7631920 9124 6 1351105
is_linear=0
shrinkage=0.04


Tree=101
num_leaves=31
num_cat=5
split_feature=1 24 22 28 6 32 30 31 1 6 18 22 32 6 22 22 10 11 5 16 6 18 17 0 31 17 15 6 8 17
split_gain=12.0311 12.9435 11.88 11.1596 14.4976 14.4236 10.1074 18.6679 14.9421 12.1609 18.8937 14.0113 12.1287 10.0259 15.1514 12.5216 12.3875 12.2177 11.2856 14.5173 12.6307 11.4576 14.4693 11.2333 10.6709 13.6666 10.6313 10.3616 12.0853 10.3812
threshold=1.5000000000000002 36.82500000000001 0 1 0.0016666666666673715 6.0750000000000011 -0.85166666666666624 3.5000000000000004 5.5000000000000009 -0.051666666666666299 4.5000000000000009 2 1.0000000180025095e-35 0.056666666666667094 3 4 1.5000000000000002 55.500000000000007 6.8150000000000004 1.0000000180025095e-35 0.0033333333333325226 3.5000000000000004 0.059391534391534391 0.15501012145748991 4.5000000000000009 -0.067658730158730182 0.15950000000000006 -0.10166666666666611 26.705000000000002 0.10000000000000007
decision_type=2 2 1 9 2 2 2 2 2 2 10 1 2 2 1 1 2 2 2 8 2 10 8 8 2 8 10 2 2 8
left_child=1 -1 3 4 5 -3 7 -2 13 10 12 -11 -10 15 -15 17 18 24 -17 26 21 22 -21 -19 25 -9 -20 28 -18 -29
right_child=6 2 -4 -5 -6 -7 -8 8 9 11 -12 -13 -14 14 -16 16 27 23 19 20 -22 -23 -24 -25 -26 -27 -28 29 -30 -31
leaf_value=-0.00036212223494404429 0.042225988134894976 0.063713110084563859 -0.0090104400540539555 -0.0031462374639028567 -0.013334438717059624 0.012904423781605128 0.00045138365502740967 0.0060885549969372649 0.092973323028480326 -0.0010898861093458678 -0.011088501360356707 -0.014043903190841841 0.021166055776892484 0.0029225836858757844 -0.014489653640084485 -0.0035439874995811288 0.087718463749720921 0.04190016688283698 0.087414809907668603 0.063890906177268558 -0.0049818493743122765 0.0075144005118686344 -0.011804313993787232 -0.013383264678999531 0.0032284564965153664 0.047171659508387247 0.025693936201841492 -0.0041573565294064216 0.0085979915391559223 -0.022143658908340916
leaf_weight=2003.0340916514397 15.348151855170725 13.338089775294064 694.7379843480885 559.97270293533802 18.193281661719084 27.108530141413212 24727.187615916133 35.317669931799173 4.3583011887967613 224.54332063347101 36.777550997212529 360.53580326586962 27.578568523749709 135.88138137757778 184.86924922186881 143.94977340381593 3.8794586323201683 6.2503629624843597 5.6889476627111462 15.312188167124985 71.126670321449637 41.304136693477631 5.4888176433742073 99.464444506913424 1107.7715649539605 20.461229972541332 20.757793424651027 1041.5391724379733 15.156954653561113 54.005596827715635
leaf_count=20161 83 164 9995 7707 227 415 154274 236 57 3621 640 5860 279 1388 1943 1280 38 48 62 112 580 317 40 801 10287 126 263 9883 133 436
internal_value=-0.000105781 -0.0023856 -0.00547168 -0.00133029 0.0139428 0.0296596 0.000160401 -0.00179621 -0.00198072 -0.00746148 0.00845714 -0.00933104 0.0309653 -0.000789555 -0.00747384 8.21569e-06 -0.00256634 0.0028824 0.00457811 0.0119002 0.0065266 0.0197068 0.043917 -0.0101146 0.00408802 0.021159 0.0389707 -0.00453562 0.0247221 -0.005044
internal_weight=31720.9 3316.38 1313.35 618.613 58.6399 40.4466 28404.6 3677.37 3662.02 653.794 68.7144 585.079 31.9369 3008.23 320.751 2687.47 1418.21 1269.27 303.628 159.679 133.232 62.1051 20.801 105.715 1163.55 55.7789 26.4467 1114.58 19.0364 1095.54
internal_count=231456 38669 18508 8513 806 579 192787 38513 38430 10457 976 9481 336 27973 3331 24642 13144 11498 2654 1374 1049 469 152 849 10649 362 325 10490 171 10319
cat_boundaries=0 1 2 3 4 5
cat_threshold=2100987 4 1468948 8488718 7436896
is_linear=0
shrinkage=0.04


Tree=102
num_leaves=31
num_cat=6
split_feature=14 31 26 23 22 19 2 33 32 14 9 9 11 6 6 32 23 29 22 34 22 6 8 10 23 22 0 33 29 5
split_gain=13.5074 10.7304 6.93584 9.80508 11.5891 8.81335 10.331 9.03811 16.5776 11.7672 10.3262 11.9675 8.75686 8.67249 8.47735 9.1134 8.31208 11.0148 11.9277 9.67555 9.88241 13.9052 17.4579 9.56036 9.29075 12.6959 19.0524 15.2785 13.2086 22.3438
threshold=5.7888888888888896 3.5000000000000004 4.5000000000000009 55.835000000000008 0 0.63333333333333341 24.635000000000002 1 6.1350000000000007 2.9500000000000006 1.8858333333333344 4.3533333333333344 37.500000000000007 0.13500000000000026 -0.026666666666666835 6.6950000000000012 20.940000000000001 4.4850000000000012 2 8.5000000000000018 3 0.028333333333333769 27.845000000000002 5.5000000000000009 28.095000000000002 4 0.13661332991978156 5 4.8250000000000011 6.6350000000000007
decision_type=10 2 2 2 1 10 2 1 2 10 2 2 2 2 2 2 2 2 1 2 1 2 2 2 2 1 10 1 2 2
left_child=2 -2 3 16 5 6 -5 8 9 -8 12 -12 14 -4 -10 -16 19 18 -18 20 23 -22 -23 -1 25 26 -19 28 29 -28
right_child=1 -3 13 4 -6 -7 7 -9 10 -11 11 -13 -14 -15 15 -17 17 24 -20 -21 21 22 -24 -25 -26 -27 27 -29 -30 -31
leaf_value=0.001445529248286969 0.058997129670815357 -0.024666120100854141 -0.0010238720010382577 -0.015977207345917413 -0.0073643429789256856 -0.0073825160263536116 0.022006447413032423 0.00086696195313183916 0.048256370864638742 0.087595221958320729 0.069143700767377567 0.013103204081650017 -0.008731844109507652 -0.021278879497974107 0.043471532491317619 -0.011548897858454881 0.0011468081378426377 0.037262039233407825 -0.0064776060037690913 -0.0256185273458748 0.0026094937293602047 -0.0032820413616430929 0.01670336688472035 -0.0098169799553476066 8.1209001892898938e-05 0.00068877374459729902 0.075983439719526133 0.00019256694730293813 0.023677332880633128 0.003204099846729648
leaf_weight=924.68308503739536 2.5807175114750853 49.491630174219608 8511.1300158258528 37.411645479500294 567.50266523659229 151.03873800486326 9.8693472519516963 222.47572937980294 10.217604294419287 7.8637560047209254 8.7161134183406848 20.290388308465481 48.307029977440834 33.956905410625041 6.8088837713003185 16.462895445525646 559.36891089379787 32.764450237154961 786.91654540598392 19.23281348310411 938.55470843426883 93.104892948642373 281.00233633257449 138.67955965362489 16248.185714334249 1354.3195065259933 7.0328240469098082 350.83457514643669 113.31947683542967 167.43207912892103
leaf_count=7110 18 2239 68952 267 4024 1084 64 1549 75 58 62 148 342 300 46 112 4072 220 5666 147 6952 774 2201 1176 110494 9074 49 2339 735 1138
internal_value=-0.000164054 -0.0205198 -0.000130582 0.000229287 -0.00344409 0.00080158 0.00400461 0.00613432 0.0140878 0.0510918 0.00943705 0.0299427 0.00216537 -0.00110436 0.0178841 0.00454904 0.000413989 0.000142423 -0.00334933 0.00263846 0.00286719 0.00516932 0.0117296 -2.30658e-05 0.000399669 0.00295404 0.00740304 0.00598704 0.0126063 0.0061379
internal_weight=31719.6 52.0723 31667.5 23122.4 1106.96 539.462 388.423 351.012 128.536 17.7331 110.803 29.0065 81.7964 8545.09 33.4894 23.2718 22015.4 19620.2 1346.29 2395.26 2376.02 1312.66 374.107 1063.36 18273.9 2025.7 671.383 638.619 287.784 174.465
internal_count=231487 2257 229230 159978 7831 3807 2723 2456 907 122 785 210 575 69252 233 158 152147 133787 9738 18360 18213 9927 2975 8286 124049 13555 4481 4261 1922 1187
cat_boundaries=0 1 2 3 4 5 6
cat_threshold=9406617 452 12717626 14425696 9446539 101
is_linear=0
shrinkage=0.04


Tree=103
num_leaves=31
num_cat=6
split_feature=29 15 31 7 8 7 0 14 22 23 15 13 7 12 23 29 22 22 12 30 0 22 8 0 14 25 2 1 23 30
split_gain=12.7613 10.955 12.0815 8.56481 8.16874 11.279 8.72311 7.84373 13.3684 11.19 8.82022 9.44244 8.42484 14.1198 23.8907 20.1173 17.7924 16.1913 14.4357 13.6701 12.7057 11.0803 10.9152 12.0333 10.8382 10.6831 11.9842 10.6167 14.734 14.6716
threshold=1.6150000000000004 0.14527777777777781 3.5000000000000004 4.5000000000000009 30.125000000000004 2.5000000000000004 0.14480099009900993 1.6125000000000003 0 60.065000000000005 0.11700000000000002 10.500000000000002 4.5000000000000009 1 38.650000000000006 5.8150000000000004 2 3 4 2.1091666666666673 0.16117829740591891 5 26.835000000000004 0.13280727164437708 2.4722222222222228 11.846666666666668 33.685000000000009 2.5000000000000004 24.255000000000003 -1.1349999999999993
decision_type=2 10 2 2 2 2 10 8 1 2 8 2 2 1 2 2 1 1 1 2 8 1 2 10 8 2 2 2 2 2
left_child=1 3 -3 4 5 -1 -7 8 9 10 -2 -12 19 14 15 17 24 -14 -16 27 -18 -15 -23 -24 -17 -26 -27 28 -9 -30
right_child=7 2 -4 -5 -6 6 -8 12 -10 -11 11 -13 13 21 18 16 20 -19 -20 -21 -22 22 23 -25 25 26 -28 -29 29 -31
leaf_value=0.0026923527814920307 0.043843215806767248 0.067998747295234557 -0.019297192233676808 -0.025333342501101162 0.0079014760927448944 0.0392902815996969 0.17186385049957942 0.002657853546663896 -0.014727618444897743 -0.026704940985718198 0.016566743301352459 -0.019355591432334708 -0.0044045782691839799 -0.0068106126355906996 0.00096788068674481657 0.071762398308824221 0.013901849029952323 0.0064990914366891295 -0.0045926736217614733 -0.0065754882514613543 -0.018948711346233178 -0.0054455545942472114 -0.013263235478423936 4.9883627722683942e-05 0.039245137250726758 0.030927087015275509 -0.021419914706824989 0.0011968816525595534 0.022742099333960788 -0.0018858615559463319
leaf_weight=2.5265423888340655 11.910022772848604 2.595292553305625 112.17110402602702 6.9559747027233234 11.664221515879033 1.3834993634372952 1.8640154479071496 1611.5755331628025 134.53164558112621 13.987207416445015 39.615277487784624 16.619463700801134 302.11183632165194 788.6265847440809 1931.0990242511034 10.133872196078299 57.061941348016262 732.41300630941987 1206.6903805136681 433.43500605598092 28.121693551540375 916.00268900766969 112.89965056814253 2871.3853085767478 48.115748476237059 16.22598543390632 12.30352460592985 14998.552144173533 38.987394846975803 5300.3074931129813
leaf_count=70 85 14 4553 228 327 26 57 12240 981 107 249 151 2084 6300 12865 64 404 4975 7869 3193 185 7373 846 22201 327 108 78 97454 317 46046
internal_value=-6.25165e-05 -0.0121489 -0.0173231 0.012194 0.0271633 0.0660744 0.115385 -9.34534e-06 -0.007594 0.00524533 0.0125731 0.00595035 4.29629e-05 -0.00098814 0.000655769 0.00544101 0.0181098 0.00333514 -0.00118208 0.000459092 0.00273573 -0.00250727 -0.00162196 -0.00045377 0.029488 0.0277459 0.00835212 0.000598004 -0.000694253 -0.00170603
internal_weight=31771.9 139.161 114.766 24.3943 17.4383 5.77406 3.24751 31632.7 216.664 82.132 68.1448 56.2347 31416 9033.19 4344.28 1206.49 171.963 1034.52 3137.79 22382.9 85.1836 4688.91 3900.29 2984.28 86.7791 76.6453 28.5295 21949.4 6950.87 5339.29
internal_count=231777 5275 4567 708 480 153 83 226502 1573 592 485 400 224929 65679 28959 8225 1166 7059 20734 159250 589 36720 30420 23047 577 513 186 156057 58603 46363
cat_boundaries=0 1 2 3 4 5 6
cat_threshold=320914 3 3710549 9797704 1 8392192
is_linear=0
shrinkage=0.04


Tree=104
num_leaves=31
num_cat=7
split_feature=14 14 23 23 24 8 21 22 30 1 34 6 22 22 12 7 22 22 22 24 24 3 32 24 13 30 19 3 6 6
split_gain=9.20196 7.84269 12.77 10.4497 14.3274 11.7516 10.439 10.5051 13.9296 9.54249 12.8753 16.3279 15.6061 12.0126 11.8551 10.6792 12.327 11.5568 10.3298 16.291 10.0851 9.84701 9.63218 9.46048 13.7934 10.8825 9.4124 9.28423 9.20383 9.16665
threshold=5.7638888888888902 3.7888888888888892 48.375000000000007 38.945000000000007 69.310000000000016 41.615000000000002 0.45000000000000007 0 1.9300000000000002 2.5000000000000004 5.5000000000000009 -0.024500000000000185 1 2 3 4.5000000000000009 4 5 6 46.170000000000009 58.365000000000002 0.02916164694210191 7.2150000000000007 43.705000000000005 5.5000000000000009 0.70333333333333348 0.63333333333333341 0.33265856950067479 0.043333333333334341 -0.021833333333333368
decision_type=10 8 2 2 2 2 10 1 2 2 2 2 1 1 1 2 1 1 1 2 2 10 2 2 2 2 8 10 2 2
left_child=1 3 6 4 -1 -6 7 8 -3 10 11 -5 -12 -13 18 16 20 -17 19 21 29 23 -19 -11 -25 -26 -15 -9 -24 -16
right_child=-2 2 -4 9 5 -7 -8 27 -10 14 12 13 -14 26 15 17 -18 22 -20 -21 -22 -23 28 24 25 -27 -28 -29 -30 -31
leaf_value=0.0012628620119746925 -0.016438369958423502 0.0009953551194419178 -0.009035691490745637 -0.0069533874019585976 0.014734466794094155 0.071565944780569823 -0.032082065400252831 -0.001904364620905047 0.059106334261580747 0.011742624229472236 0.013105777961228023 0.0029927901003428347 -0.0061423148388388381 -0.0018276047878838708 0.0078833248127845729 -0.010664962266783642 -0.0030521101182524883 -0.0027227403584675273 -0.00026871458411541806 0.00049194709984533324 -0.012512679732327449 0.0056068883452527465 2.7079702684773561e-05 -0.0042845809233842324 0.025635139144010367 0.08672453920235966 -0.011913206387716485 0.0091736572083289912 0.046397160074706276 0.00060609821645930795
leaf_weight=10340.966519072652 54.529421553947031 3505.6503272857517 302.22948914393783 1079.2116773687303 25.966817110776901 7.5038458928465834 16.909207977354527 5693.962857645005 6.6124364435672751 98.417974136769772 168.36077322438359 779.1144243106246 103.16564566642046 842.83483811467886 469.43319440633059 360.523850671947 1161.0609268322587 572.05961532890797 2610.9751463755965 1426.3100304082036 65.807534709572792 990.55125366896391 14.794396236538889 8.3529702872037905 8.9335107356309909 9.7663189172744733 179.60178744420409 123.67257933411747 12.75212376564741 675.42402236163616
leaf_count=71220 2388 28214 2233 11371 176 47 123 45184 50 585 1524 6852 966 7447 2741 2204 6780 3501 15482 8414 385 5848 87 47 55 54 1634 1808 77 3923
internal_value=-2.07189e-05 7.55714e-06 -0.000943305 0.000424373 0.00134743 0.0274756 -0.000681637 -0.000624728 0.00110162 -0.000398506 -0.00227773 -0.00306257 0.00604898 -0.000731785 0.000299638 -0.00155743 -0.000121248 -0.00512132 0.00150043 0.00331127 0.0026925 0.00694413 -0.00158382 0.0175012 0.0384508 0.0575402 -0.00356439 -0.001666 0.0214932 0.00359003
internal_weight=31715.5 31660.9 9649.04 22011.9 10374.4 33.4707 9346.81 9329.9 3512.26 11637.5 3152.29 2880.76 271.526 1801.55 8485.16 3331.86 2371.73 960.13 5153.31 2542.33 1210.66 1116.02 599.606 125.471 27.0528 18.6998 1022.44 5817.64 27.5465 1144.86
internal_count=231420 229032 77612 151420 71443 223 75379 75256 28264 79977 29794 27304 2490 15933 50183 19698 13829 5869 30485 15003 7049 6589 3665 741 156 109 9081 46992 164 6664
cat_boundaries=0 1 2 3 4 5 6 7
cat_threshold=10527386 877223 8985766 9 9993603 1578418 5755544
is_linear=0
shrinkage=0.04


Tree=105
num_leaves=31
num_cat=3
split_feature=1 25 13 5 24 12 33 14 3 14 29 30 9 15 2 30 7 9 6 2 14 0 30 3 25 33 34 2 3 6
split_gain=10.1581 18.9816 16.1275 12.8141 11.9402 11.7439 11.7237 10.5223 10.7713 10.1453 16.1243 21.4529 11.0654 11.0024 12.3158 10.6858 9.98867 9.97003 17.0226 15.394 13.5583 11.1653 14.1689 10.454 10.1889 11.4782 11.0714 10.1623 9.69428 14.4381
threshold=1.5000000000000002 -4.2981666666666642 9.5000000000000018 6.8050000000000006 45.375000000000007 0 1 2.2111111111111117 0.074146412037037049 4.1180555555555562 5.7550000000000008 0.84666666666666746 -8.2149999999999963 0.10612500000000002 30.145000000000003 1.1466666666666669 5.5000000000000009 -4.4749999999999952 0.063333333333333922 23.665000000000003 3.8166666666666669 0.15927117825607065 0.53500000000000048 0.17732243300841985 14.315833333333336 2 4.5000000000000009 31.525000000000002 0.09737386507298014 -0.018166666666666661
decision_type=2 2 2 2 2 1 1 8 10 10 2 2 2 10 2 2 2 2 2 2 10 10 2 8 2 1 2 2 10 2
left_child=1 2 4 -3 7 16 9 8 -1 12 -11 -12 28 14 -14 -16 -2 18 21 -20 23 -7 -23 -21 25 -24 -27 -25 -5 -30
right_child=5 3 -4 6 -6 17 -8 -9 -10 10 11 -13 13 -15 15 -17 -18 -19 19 20 -22 22 24 27 -26 26 -28 -29 29 -31
leaf_value=0.0025979319453428469 -0.0025585850470467727 -0.007330016855490438 -0.0099388966332541046 0.0068614582955603878 0.07157267653427464 0.0014919902891211577 -0.0048989303579161916 0.0034044411456002565 0.091161747235299406 0.01172182257358843 0.14887211899114516 -0.00097008764587399048 0.082582066134873899 -0.0026253868923148478 -0.015497439516315452 0.070527065276640891 -0.014658849084675667 0.00082201548382112221 0.0084983568711063124 -0.0075422440404073823 -0.019711368312010976 -0.0034475566456231049 0.016803408538247876 -0.019178562211589471 -0.0032751571912479544 0.005421910369839209 -0.012187590236750496 0.03471378572067934 0.10092648594932355 0.019134764824457456
leaf_weight=4.3460065908730012 816.99530083034188 1092.5800569690764 151.5782601647079 35.971285533159971 4.1793666742742053 2913.8497042991221 607.74504008889198 936.10408248379827 4.4440374933183193 56.994812272489071 3.3201486319303504 2.833384744822979 5.0716984570026424 364.06902640685439 8.4884470216929895 3.1743715852498999 125.98575477208942 20732.143734952435 85.03906979598105 345.24433911219239 156.60477733239532 2452.5479870643467 109.94944387674332 8.0111018046736735 307.28843629360199 365.13843859732151 67.719879284501076 18.587916359305382 4.9653002284467247 11.338511496782301
leaf_count=62 11285 13971 1882 446 62 18523 7481 9012 59 524 43 41 72 4546 116 53 2066 134369 617 2340 1317 17842 627 55 1788 2084 388 127 65 138
internal_value=-8.64596e-06 -0.00211061 0.00217683 -0.00425898 0.00411186 0.00023449 -0.00121963 0.00381347 0.0473737 0.00331839 0.0183633 0.0798775 0.00120127 -0.00116769 0.0305453 0.0079166 -0.00413141 0.00038522 -0.000940093 -0.00729682 -0.00983861 -0.000312767 -0.00190506 -0.00568062 0.00254506 0.00583994 0.00260672 0.0184825 0.0184582 0.0440443
internal_weight=31802.3 3297.2 1100.65 2196.55 949.073 28505.1 1103.97 944.894 8.79004 496.227 63.1483 6.15353 433.079 380.804 16.7345 11.6628 942.981 27562.1 6829.98 613.487 528.448 6216.49 3302.64 371.843 850.096 542.808 432.858 26.599 52.2751 16.3038
internal_count=232001 38573 11077 27496 9195 193428 13525 9133 121 6044 608 84 5436 4787 241 169 13351 180077 45708 4456 3839 41252 22729 2522 4887 3099 2472 182 649 203
cat_boundaries=0 1 2 3
cat_threshold=8 340 258
is_linear=0
shrinkage=0.04


Tree=106
num_leaves=31
num_cat=8
split_feature=30 31 10 30 22 23 29 22 15 33 22 18 27 1 5 20 22 22 22 10 2 19 15 14 30 4 11 34 22 1
split_gain=9.48102 9.31073 8.41711 13.9698 13.1511 10.2497 13.9867 14.2241 11.779 16.0481 14.2328 12.7669 12.6109 11.0883 17.8733 10.72 14.9416 12.9411 10.2081 12.4182 12.2325 13.4415 10.6531 10.4626 10.4516 10.1228 10.1206 12.1689 9.93943 12.8812
threshold=-3.1941666666666659 4.5000000000000009 5.5000000000000009 -0.88333333333333341 0 26.540000000000003 4.285000000000001 1 0.2070714285714286 2 3 1.5000000000000002 4.5000000000000009 2.5000000000000004 6.7950000000000008 0.11805555555555557 4 5 6 3.5000000000000004 31.195000000000004 0.36666666666666675 0.11105555555555557 4.5634920634920642 -0.15450000000000005 1500.0000000000002 39.500000000000007 1.5000000000000002 7 1.5000000000000002
decision_type=2 2 2 2 1 2 2 1 10 1 1 10 2 2 2 10 1 1 1 2 2 10 8 10 2 2 2 2 1 2
left_child=1 -1 5 4 -4 8 7 -7 -2 28 -11 12 -12 14 15 17 -17 -8 22 -20 21 -21 26 -22 -25 -15 27 -16 -10 -30
right_child=2 -3 3 -5 -6 6 13 -9 9 10 11 -13 -14 25 18 16 -18 -19 19 20 23 -23 -24 24 -26 -27 -28 -29 29 -31
leaf_value=0.10079743824743734 0.0021947639908624565 -0.016538537673975968 1.5451647507043522e-05 -0.00080707319553836973 -0.013322074637710615 0.015664232282171325 -0.0052838281565830182 -0.02463206168136324 -0.0020038154142188545 -0.010821420710945925 0.0072850113619832759 -0.0018910810972472859 0.068429489870413251 -0.0052883823050664178 -0.04159314109348447 -0.011923263345764086 -0.0034153373667917993 0.0041530281841721381 -0.0035091003862681492 0.0065949060462672949 0.0055026928396740083 -0.01086712555864172 0.0029723349437426458 0.006251905868078317 0.081310313104217116 0.00066137345530050578 0.044044572836601494 0.022756631188273823 0.048284844968567768 0.01013105925915582
leaf_weight=1.0992465242743481 6445.7299205577001 69.106537094339728 208.00272924918681 4024.0118482597172 283.62933386024088 13.252168372273443 474.36153737083077 55.701447937637568 119.27185585815459 354.069889315404 16.072067655622963 531.76043919939548 8.1255687698721868 473.60905889421701 6.4117483384907272 493.24274056777358 1046.6598258651793 437.62993903458118 1336.6019718945026 118.17176816985011 519.56492876261473 174.94697368144989 864.36431610956788 5.9850486479699612 5.8888224661350232 13479.218306254596 20.121251162141562 17.632459443062544 16.041329331696033 120.59247396606952
leaf_count=18 50984 2733 2277 28214 3191 101 4079 433 1046 3173 106 4705 54 2917 55 4627 9593 3698 11522 980 4450 1527 7124 49 48 82443 187 156 136 1037
internal_value=-1.81649e-05 -0.0147014 1.4384e-05 -0.00158473 -0.00794981 0.000280302 -0.000204686 -0.0181881 0.00152554 -0.00217422 -0.0046436 -0.000587479 0.0278173 -0.000141012 -0.00165827 -0.00420467 -0.0062401 -0.00076784 0.000375647 -0.00112238 0.00273287 -0.00382725 0.0039084 0.00635115 0.043477 0.000459417 0.0231131 0.0055968 0.00653332 0.0136141
internal_weight=31740.9 70.2058 31670.7 4515.64 491.632 27155 19543.4 68.9536 7611.66 1165.93 910.028 555.958 24.1976 19474.4 5521.58 2451.89 1539.9 911.991 3069.69 2161.16 824.558 293.119 908.53 531.439 11.8739 13952.8 44.1655 24.0442 255.906 136.634
internal_count=231663 2751 228912 33682 5468 195230 133989 534 61241 10257 8038 4865 160 133455 48095 21997 14220 7777 26098 18576 7054 2507 7522 4547 97 85360 398 211 2219 1173
cat_boundaries=0 1 2 3 4 5 6 7 8
cat_threshold=2128740 6291778 96 3493009 4766081 8717273 861331 10978252
is_linear=0
shrinkage=0.04


Tree=107
num_leaves=31
num_cat=6
split_feature=0 14 22 14 26 9 22 29 3 9 19 32 32 9 32 15 33 7 19 15 9 14 20 25 22 7 11 22 15 28
split_gain=10.9804 10.3215 9.56346 10.1246 9.25062 10.0313 11.2357 11.8556 13.9219 11.2838 12.3746 10.6245 9.64671 10.4937 9.32969 12.129 9.11666 9.56825 11.8197 8.69569 8.15531 8.58142 9.53304 9.63788 8.03574 9.21191 8.03378 11.3565 15.9109 11.7995
threshold=0.13149094950778026 1.6125000000000003 0 3.9500000000000006 5.5000000000000009 5.140833333333334 1 3.8950000000000005 0.047713906279643337 5.9166666666666705 0.45000000000000007 4.285000000000001 4.6450000000000005 17.634166666666669 1.385 0.14050000000000007 2 2.5000000000000004 0.90000000000000013 0.1152777777777778 17.634166666666669 2.0500000000000003 0.43650793650793657 32.372500000000009 3 1.5000000000000002 29.500000000000004 4 0.12300000000000003 5
decision_type=8 8 1 8 2 2 1 2 10 2 8 2 2 2 2 8 1 2 10 10 2 10 10 2 1 2 2 1 8 9
left_child=2 24 -1 16 -3 26 9 8 -8 10 11 -7 -11 -14 15 -10 17 -4 20 -9 21 -19 23 -23 25 -2 -6 28 -28 -30
right_child=1 4 3 -5 5 6 7 19 14 12 -12 -13 13 -15 -16 -17 -18 18 -20 -21 -22 22 -24 -25 -26 -27 27 -29 29 -31
leaf_value=0.00015885521565843597 -0.020474253408513651 0.00031868088359699538 -0.006223784265252455 -0.014486785469652017 -0.0064722601728558716 0.032156570659525173 0.048431758732197724 -0.033175514079812202 0.069516642739800308 0.0015876181721659738 -0.01485827716675484 0.098565636281746333 0.015268275139528531 0.071981511610294022 0.015077362380883965 -0.024271536456833578 -0.0067070891797674148 -0.024306917477854958 0.043267498639828039 -0.0031554447413185949 0.04558887217468259 0.00055786914958335005 0.031671252134355031 0.047075900183637616 -0.014298611774189854 0.024091481551254745 0.03859430731569656 -0.0034888259728912507 -0.0029906285087929786 0.011454753085724221
leaf_weight=1009.500975035131 11.202014543116091 26127.934009997174 208.18736374750733 159.5880156410858 805.1347261974588 13.139474856667226 14.015668575651942 16.144501931965351 2.447466246783736 142.68952462635934 5.8980143256485453 5.4547139480710021 41.344452556222677 5.9744240418076506 48.927124638110399 22.382870595902205 689.57969666272402 18.243554953485727 12.341771159321068 352.95873452350497 7.1134543977677813 236.54289746284485 18.595141034573317 7.3475711569190016 122.70219357684255 21.986944016069174 20.628604643046856 1195.109635733068 235.29357918351889 134.7762708440423
leaf_count=7143 91 185563 1562 1247 9411 132 150 126 37 1302 44 42 303 44 556 494 4884 118 83 2642 47 1615 125 46 895 152 150 9460 1877 1077
internal_value=-0.000191307 2.00791e-05 -0.00281203 -0.0049857 7.49002e-05 -0.00200505 0.00231524 -0.00129794 0.0118871 0.00962303 0.0356249 0.0516381 0.00677782 0.0224288 0.00494275 -0.0150271 -0.00376161 0.00035866 0.00493574 -0.00446852 0.0032922 0.00222043 0.00406417 0.0019593 -0.010245 0.00695421 -0.00321819 -0.00156606 0.00429485 0.00249897
internal_weight=31713.2 29346.1 2367.04 1357.54 29190.3 3062.32 671.377 456.876 87.7731 214.501 24.4922 18.5942 190.008 47.3189 73.7575 24.8303 1197.95 508.372 300.184 369.103 287.843 280.729 262.486 243.89 155.891 33.189 2390.94 1585.81 390.698 370.07
internal_count=231418 214548 16870 9727 213410 27847 5872 4005 1237 1867 218 174 1649 347 1087 531 8480 3596 2034 2768 1951 1904 1786 1661 1138 243 21975 12564 3104 2954
cat_boundaries=0 1 2 3 4 5 6
cat_threshold=8668916 9601172 401 2154754 1583137 1
is_linear=0
shrinkage=0.04


Tree=108
num_leaves=31
num_cat=6
split_feature=32 1 22 18 2 23 22 15 23 3 16 18 14 23 29 22 22 29 0 29 13 13 8 1 1 18 22 22 8 2
split_gain=9.10431 10.5605 12.557 15.8196 26.4564 11.6059 15.0407 11.8414 11.4483 13.5788 11.5176 15.578 10.4458 12.3346 18.9183 14.4133 11.9505 15.3944 11.8383 13.8459 14.4934 11.3428 11.6545 12.042 10.5762 19.5277 26.3929 11.6997 12.3567 14.0483
threshold=4.8850000000000007 5.5000000000000009 0 2.5000000000000004 25.845000000000002 35.815000000000005 1 0.19050000000000006 35.495000000000005 0.050096525096525103 0.38750000000000007 2.5000000000000004 5.1055555555555561 27.950000000000006 4.7650000000000006 2 3 3.4950000000000006 0.22775254978144735 6.1850000000000014 7.5000000000000009 5.5000000000000009 36.155000000000008 5.5000000000000009 3.5000000000000004 1.5000000000000002 4 5 57.235000000000007 37.235000000000007
decision_type=2 2 1 10 2 2 1 8 2 10 10 8 10 2 2 1 1 2 8 2 2 2 2 2 2 10 1 1 2 2
left_child=1 5 3 4 -3 8 -7 -8 -1 -10 -11 -12 13 14 16 21 17 -2 24 20 -20 -16 23 -23 25 26 -15 -27 -29 -30
right_child=12 2 -4 -5 -6 6 7 -9 9 10 11 -13 -14 18 15 -17 -18 -19 19 -21 -22 22 -24 -25 -26 27 -28 28 29 -31
leaf_value=2.841271819192374e-05 0.037261957309483749 0.043398999015109761 -0.0062686289866936539 -0.0036358773161401093 0.0037063790533613957 -0.0089094831195786085 0.00046216203564770241 -0.012063729860807799 -0.013196974254439954 0.012404356210502539 0.025152060006498667 0.10209638740353143 -0.020958987811851057 -0.0092056276699315834 0.026034978148507019 0.0039742524824404853 -0.0021508258582641606 0.0035907364847934569 0.0059736780000510291 -0.0052062748194073461 0.039645688747883615 0.023320542056173937 -0.0068707604570438941 -0.019101726050858726 0.00098019965552335712 -0.001733042986894957 -0.00055947799000391702 0.0016480577014847107 0.0067709294235827134 0.05519968229833954
leaf_weight=8703.5078850863501 22.333014208823442 32.294469719752669 1126.3040717085823 391.59294733405113 159.89135244861245 537.54597063735127 1094.5756131522357 135.72885640338063 17.511499002575874 29.092817820608616 11.656078837811949 6.59027225524187 36.309755723923445 944.99357329308987 116.23569061607122 426.64010723680258 920.59084763750434 798.38109741732478 42.638018380850554 46.473411992192268 39.308526266366243 78.302134640514851 47.894799694418907 12.401736348867415 9010.9894248023629 2532.7127014994621 1399.7049567885697 2973.3065932691097 27.987544599920511 14.57456338405609
leaf_count=66482 191 230 11970 4541 1129 3704 7522 914 116 198 76 44 301 7926 760 2858 6726 5822 281 341 267 520 324 98 54357 19220 11625 22716 216 113
internal_value=-6.1447e-05 -0.000916153 -0.0038318 0.000960596 0.0103762 -0.000442929 -0.00339954 -0.000912296 0.000153174 0.0168972 0.0280295 0.052943 0.000475548 0.000515551 0.00318601 0.00883612 0.000974791 0.00445273 0.000135697 0.0122346 0.0221256 0.0161847 0.00909157 0.0175202 4.37829e-05 -0.00102523 -0.00408582 0.000268098 0.00194793 0.0233544
internal_weight=31738.1 12246.3 1710.08 583.779 192.186 10536.2 1767.85 1230.3 8768.36 64.8507 47.3392 18.2464 19491.8 19455.5 2422.78 681.474 1741.3 820.714 17032.7 128.42 81.9465 254.834 138.599 90.7039 16904.3 7893.28 2344.7 5548.58 3015.87 42.5621
internal_count=231588 96926 17870 5900 1359 79056 12140 8436 66916 434 318 120 134662 134361 17299 4560 12739 6013 117062 889 548 1702 942 618 116173 61816 19551 42265 23045 329
cat_boundaries=0 1 2 3 4 5 6
cat_threshold=1837701 9479308 9712321 7245608 6480660 10827050
is_linear=0
shrinkage=0.04


Tree=109
num_leaves=31
num_cat=7
split_feature=14 1 3 22 26 22 6 4 10 30 1 22 17 20 22 20 2 2 24 7 33 33 15 22 2 23 6 6 1 30
split_gain=9.32795 8.62488 11.2968 10.7082 11.753 12.858 11.3788 11.2485 10.6747 10.9544 16.5861 16.1122 10.1333 14.5097 9.94838 9.8376 10.659 15.7279 9.77777 9.50353 17.0922 13.1573 10.2379 12.0604 8.78166 10.0015 8.71192 8.40157 8.23435 8.37758
threshold=5.8452380952380958 1.5000000000000002 0.43252827295380497 0 1.5000000000000002 1 0.043333333333333453 1500.0000000000002 5.5000000000000009 0.64166666666666605 3.5000000000000004 2 0.36134259259259266 0.5634920634920636 3 0.68333333333333346 37.525000000000006 37.150000000000006 45.375000000000007 4.5000000000000009 4 5 0.10118055555555558 6 29.065000000000001 55.455000000000005 0.058333333333334021 0.066666666666666888 5.5000000000000009 0.47999999999999982
decision_type=10 2 8 1 2 1 2 2 2 2 2 1 10 8 1 8 2 2 2 2 1 1 10 1 2 2 2 2 2 2
left_child=1 2 3 6 5 -5 -1 27 14 10 11 15 -9 18 19 16 17 -10 -14 21 -21 22 23 -3 25 -7 -23 -6 29 -22
right_child=-2 8 -4 4 7 24 -8 12 9 -11 -12 -13 13 -15 -16 -17 -18 -19 -20 20 28 26 -24 -25 -26 -27 -28 -29 -30 -31
leaf_value=-0.0053867760338741823 -0.021209941743512678 -0.010062986945081637 -0.021150104236139038 -0.018069288333292393 0.021764144338565741 0.014997123889141917 0.0086096858226535865 0.00079690212847838033 0.0070749010153915827 0.0016854640471638232 -0.0055240245147490687 -0.0035083864512290286 -0.0018650835017099566 0.10232821811210988 2.7099862147928521e-05 0.05663595978545348 -0.0044789604379974488 0.05259170297920468 0.073892872389150502 0.0031768216434595008 -0.0036576621591245134 0.0010385147247321828 0.0041611516511145634 0.022600846581568801 -0.0055983103365153256 -0.042786448078595538 0.034238634491712557 -0.026966767516133316 -0.0088811877002932492 0.0031403144654954984
leaf_weight=1196.723263181746 32.638397568836808 20.403209649026394 47.361578147858381 92.655532829463482 64.605650633573532 65.830518051981926 100.76022395119071 1484.9756493419409 392.72875248081982 1209.4719853252172 1609.6687759011984 660.92750256694853 13.342819415032869 3.5792611874639979 13990.05680683814 6.0241381153464308 135.43699809163809 12.534016117453573 3.425709255039691 1305.5793165033683 960.64087277464569 4654.0126938512549 2650.0469104358926 79.672971921041608 198.76893129944801 5.1689970456063739 12.68050326220691 6.2043360397219649 303.79580282140523 415.51397253572941
leaf_count=14768 1598 135 642 1401 641 882 1079 15949 2646 7068 12926 4527 181 58 93828 40 907 83 57 9207 6987 30374 17230 517 2727 87 79 56 2472 2433
internal_value=0.000163051 0.000185055 -0.00175598 -0.00147213 0.000418303 -0.00607459 -0.00426695 0.00191397 0.000409312 -0.00149869 -0.00286565 0.000677675 0.00118107 0.0292174 0.000724293 0.0056981 0.00523597 0.00848265 0.0136118 0.00166032 -0.000243696 0.00242899 0.00461863 0.0171943 -0.00123911 0.0107903 0.00112631 0.0174944 -0.00290359 -0.00160509
internal_weight=31735.2 31702.6 3283.4 3236.04 1938.56 362.424 1297.48 1576.13 28419.2 4026.79 2817.32 1207.65 1505.32 20.3478 24392.4 546.724 540.7 405.263 16.7685 10402.3 2985.53 7416.82 2750.12 100.076 269.768 70.9995 4666.69 70.81 1679.95 1376.15
internal_count=231585 229987 38528 37886 22039 5097 15847 16942 191459 28197 21129 8203 16245 296 163262 3676 3636 2729 238 69434 21099 48335 17882 652 3696 969 30453 697 11892 9420
cat_boundaries=0 1 2 3 4 5 6 7
cat_threshold=15141393 53376 6496622 9915664 154 37 8454144
is_linear=0
shrinkage=0.04


Tree=110
num_leaves=31
num_cat=3
split_feature=6 16 3 19 14 5 30 22 29 11 27 14 17 7 34 17 34 32 14 20 9 20 3 22 13 7 30 30 22 32
split_gain=9.89582 10.5368 10.9311 9.77511 8.098 10.2912 15.7302 8.07644 9.84199 8.2823 7.63278 7.01898 8.57777 11.9088 6.82442 10.1802 11.6865 6.52324 6.51781 7.30333 9.898 6.62443 5.95086 9.25734 6.04821 5.69792 15.8564 12.8259 10.8053 14.1928
threshold=-0.11500000000000064 0.10555555555555557 0.079454725505972656 1.0000000180025095e-35 5.7321428571428585 6.6650000000000009 -2.7274999999999991 0 4.9250000000000007 25.500000000000004 12.500000000000002 1.5277777777777779 0.55046296296296304 1.5000000000000002 5.5000000000000009 -0.22394179894179889 6.5000000000000009 7.3150000000000004 2.683333333333334 0.41428571428571431 0.32666666666666272 0.31666666666666671 0.12331784442701106 1 8.5000000000000018 4.5000000000000009 1.1466666666666669 -1.4649999999999994 2 3.9950000000000006
decision_type=2 10 8 8 10 2 2 1 2 2 2 8 10 2 2 10 2 2 10 10 2 8 10 1 2 2 2 2 1 2
left_child=1 2 -1 -4 11 6 -6 18 9 -9 -10 12 22 -14 -7 16 -16 -15 19 20 -3 -20 23 24 -2 -13 27 28 29 -27
right_child=4 7 3 -5 5 14 -8 8 10 -11 -12 25 13 17 15 -17 -18 -19 21 -21 -22 -23 -24 -25 -26 26 -28 -29 -30 -31
leaf_value=-0.014757066970679076 -0.0048509650383447471 0.074642686083893336 0.01236740096833861 0.075189079387937896 -0.040730832479529487 -0.023104794570993899 0.17710213440055683 -0.037117535227168715 -0.023052702719197012 0.0078476546783725377 0.0048398589891767516 0.00054261501722490909 -0.024830539214561468 0.042852023648448992 0.17956811420055868 -0.04226014602064259 0.008844245028390537 -0.0035371646995726452 -0.0012172777361417933 -0.0041302624902871945 0.0051309775610938078 -0.048109161807413869 -0.032259855742735447 -0.015814362180373517 0.043366560859801388 -0.008423532650882257 0.0039579401641698583 -0.0009221602784425109 -0.014450492496414977 0.019555570675551116
leaf_weight=10.860204124823214 7.6608699373900917 6.4748085513710993 10.184121280908586 6.4874917045235625 1.0328357415273788 48.253238503821194 1.0903322678059328 7.741061069071292 125.87889402359724 42.747439205646515 17.933695886284113 22175.551541334018 11.111873045563696 13.606145825237038 1.0867170561105015 1.9136960636824358 1.5659734252840278 7.5366109758615485 51.651405185461044 11.586165402084587 6.6374757066369057 5.3164374306797972 24.285685803741217 55.419744458049536 9.1144040413200837 92.079707564786077 1056.0758578591049 7657.1829950250685 200.28343533817679 42.349620644003153
leaf_count=86 45 50 104 54 63 2210 27 63 967 312 135 159229 75 83 50 72 64 46 398 89 50 42 209 416 78 1569 6712 54741 3027 481
internal_value=6.2679e-05 -0.0071255 0.0164709 0.0368135 0.000132141 -0.015211 0.0711352 -0.00947959 -0.0135433 0.000953446 -0.0195744 0.000159029 -0.0091618 0.00869577 -0.0186818 0.0280564 0.078784 0.026316 0.00164571 0.0190093 0.0394557 -0.00559339 -0.0151318 -0.00937009 0.0133742 0.000197459 -0.00064848 -0.00125719 -0.00892157 0.000363739
internal_weight=31710.7 303.499 27.5318 16.6716 31407.2 54.9428 2.12317 275.967 194.301 50.4885 143.813 31352.3 128.735 32.2546 52.8196 4.56639 2.65269 21.1428 81.6663 24.6984 13.1123 56.9678 96.4807 72.195 16.7753 31223.5 9047.97 7991.9 334.713 134.429
internal_count=231547 2350 244 158 229197 2486 90 2106 1477 375 1102 226711 952 204 2396 186 114 129 629 189 100 440 748 539 123 225759 66530 59818 5077 2050
cat_boundaries=0 1 2 3
cat_threshold=296514 426753 10887342
is_linear=0
shrinkage=0.04


Tree=111
num_leaves=31
num_cat=2
split_feature=0 14 31 1 30 6 14 1 11 17 33 26 15 2 11 11 0 8 25 25 30 2 14 1 30 26 34 17 21 33
split_gain=6.81054 9.95695 9.89215 17.1962 16.9861 14.7021 10.6156 9.49617 13.2038 11.3794 14.0609 12.7411 16.4083 15.5558 13.865 9.80256 11.0795 12.4072 11.4435 10.6945 10.2577 9.16243 9.14681 9.05001 11.859 8.98312 12.0549 16.4506 9.32874 8.88301
threshold=0.13002127659574472 1.7321428571428574 3.5000000000000004 5.5000000000000009 -1.2363333333333328 -0.069999999999999826 2.4365079365079372 3.5000000000000004 64.500000000000014 0.042592592592592585 0 2.5000000000000004 0.10950000000000004 17.680000000000003 37.500000000000007 34.500000000000007 0.13607252410166523 36.225000000000001 5.2383333333333324 25.675500000000003 -0.52166666666666595 29.065000000000001 3.4722222222222228 4.5000000000000009 1.5536666666666668 3.5000000000000004 1.5000000000000002 0.4335978835978837 0.45000000000000007 1
decision_type=8 8 2 2 2 2 8 2 2 8 1 2 8 2 2 2 10 2 2 2 2 2 10 2 2 2 2 8 10 1
left_child=-1 23 4 -4 -3 -5 -7 8 9 10 -6 12 13 -11 -15 16 17 18 -12 -18 -17 -21 -10 24 -2 26 27 -25 -28 -13
right_child=1 2 3 5 7 6 -8 -9 22 11 15 29 -14 14 -16 20 19 -19 -20 21 -22 -23 -24 25 -26 -27 28 -29 -30 -31
leaf_value=-0.0023194196471259735 -0.0064691056894060281 0.065254566361680005 -0.00010797112291935207 0.010342126681826687 -0.0022651459657538862 0.011615883589440186 -0.0055705518750324154 0.00170797078163631 0.0036741307762691846 0.093653853218075331 0.02962619462146511 0.0039606625908413656 -0.0041885101759025177 -0.010314670264619965 0.029614145736826792 0.049879158982512016 -0.0034695657867605052 0.055796191768284438 -0.025959142956895245 0.059090629629295462 0.0045996500834275681 0.0071719694649742174 0.061475940291355897 0.073345221145405703 -0.030485313749497946 -0.02223488241023627 0.026372174260360547 -0.0016114649027352344 -0.0093045349455988646 -0.0016357756226256968
leaf_weight=2107.1862449953333 104.77156913653016 6.5359887331724158 11656.603238245472 105.51108664087951 1125.8174073882401 59.430999111384153 1772.9853843729943 8139.0782586634159 8.2506625130772608 3.9546864777803412 13.171425525099041 787.62182976305485 2321.7914846949279 25.379119098186493 30.802233077585697 8.044385299086569 569.81471528112888 11.089222915470598 10.772732369601725 7.7950636819005039 1639.7025117091835 17.990142811089754 9.3378641158342344 9.2379216998815519 47.954510856419802 20.934842333197594 15.268915161490439 9.5045868605375308 50.547495365142822 1044.7971786558628
leaf_count=15047 915 33 88786 983 8267 430 19277 47195 58 35 96 5780 18952 221 265 54 4068 87 90 62 12133 147 63 52 382 127 86 54 287 7711
internal_value=-0.000122152 3.40869e-05 0.000102829 -0.000688036 0.000784087 -0.00417712 -0.00501314 0.000757375 -0.000255831 -0.00033575 0.00138431 -0.00172515 -0.00365421 0.0169745 0.0115769 0.00318358 -0.0010435 0.0208174 0.00461776 -0.00232937 0.00482071 0.0228674 0.0343615 -0.00778629 -0.01401 0.00122387 0.00703172 0.0353336 -0.00102781 0.000782408
internal_weight=31741.7 29634.5 29376.3 13594.5 15781.7 1937.93 1832.42 15775.2 7636.13 7618.54 3404.2 4214.35 2381.93 60.136 56.1814 2278.38 630.633 35.0334 23.9442 595.6 1647.75 25.7852 17.5885 258.22 152.726 105.494 84.5589 18.7425 65.8164 1832.42
internal_count=231743 216696 214793 109476 105317 20690 19707 105284 58089 57968 25004 32964 19473 521 486 16737 4550 273 186 4277 12187 209 121 1903 1297 606 479 106 373 13491
cat_boundaries=0 1 2
cat_threshold=289 424
is_linear=0
shrinkage=0.04


Tree=112
num_leaves=31
num_cat=2
split_feature=30 30 1 3 17 8 8 12 9 30 2 1 23 11 3 33 14 5 27 6 16 2 6 13 6 21 2 3 17 15
split_gain=8.95242 7.833 14.466 14.0507 13.8928 11.4794 10.6817 9.28771 12.1018 10.4513 10.4787 10.216 9.57612 9.29249 9.24298 10.6 14.8449 12.4566 14.0611 9.15827 12.6809 15.7739 8.91773 8.8548 8.36514 9.81017 10.447 8.69611 8.37761 10.669
threshold=2.1091666666666673 -0.81916666666666671 5.5000000000000009 0.32588431127756978 -0.016666666666666701 44.865000000000002 44.240000000000002 0 -12.700833333333334 -1.5499999999999994 35.445000000000007 2.5000000000000004 36.905000000000008 47.500000000000007 0.14257481648786 1 4.6125000000000007 6.6950000000000012 1.5000000000000002 -0.10999999999999986 0.10555555555555557 36.485000000000007 -0.00083333333333346349 11.500000000000002 -0.063333333333333894 0.36666666666666675 36.755000000000003 0.1540155879362928 -0.05000000000000001 0.21950000000000006
decision_type=2 2 2 8 10 2 2 1 2 2 2 2 2 2 10 1 8 2 2 2 10 2 2 2 2 8 2 10 8 8
left_child=1 2 5 22 -5 6 7 12 11 10 13 -9 14 -10 -1 16 17 18 -16 20 21 -3 -4 -7 -19 26 27 -26 29 -29
right_child=-2 19 3 4 -6 23 -8 8 9 -11 -12 -13 -14 -15 15 -17 -18 24 -20 -21 -22 -23 -24 -25 25 -27 -28 28 -30 -31
leaf_value=-0.0011329254989409863 -0.0049792131801123145 -0.0013725058459857652 -0.0035327268209042356 0.0059058155575546448 0.090838970987006232 0.0079532018481312649 -0.021892605846576003 0.061227525524557097 -0.0095375820728019218 -0.012256880105040509 0.010876452647945836 0.0057342090769846076 0.054702140043571122 0.035110431560763392 0.0045916561188394205 -0.0021459148670089825 -0.0068941539228457903 0.050619237337649878 0.081935983740242579 0.00036013949664456097 -0.0085572559831675766 0.070760370438554071 -0.013352407286214115 -0.016399997743802082 0.037204208722395597 0.04793562471264904 -0.011389669066964906 -0.0056888930070143106 0.031110609735179866 0.058469201195280852
leaf_weight=2291.7384356670082 582.86621686443686 14.257450643926861 267.31785785779357 69.154307090677321 3.2251571901142588 334.48269353434443 39.852967800572515 7.076454363763335 138.97739582974464 291.76898634061217 79.654588628560305 21.237688330002129 5.096815086901187 7.8814078383147708 6.1941500082612029 164.93130289390683 51.498104138299823 9.3875478804111463 9.5733745917677862 26462.481515776366 300.30059114471078 7.3517098948359481 331.43613564688712 25.72569434158504 21.894702721387148 10.909904465079306 31.823663264513016 46.94426403939724 18.909063316881657 4.5489349961280814
leaf_count=19431 4165 101 3613 2035 33 2829 345 67 2749 2412 1515 305 40 77 50 1453 516 74 75 180515 2276 53 5052 205 182 86 276 406 152 39
internal_value=-6.77542e-05 2.4367e-05 -0.00156222 -0.00695607 0.00969035 -0.000562251 -0.001311 -0.00105627 -0.00575561 -0.00725204 -0.00080538 0.0196035 -7.36658e-05 -0.00714148 -0.000178569 0.00562878 0.011256 0.0177938 0.0515519 0.000278561 -0.0064276 0.023168 -0.00896834 0.00621392 0.0141081 0.0115698 0.00837329 0.0151875 0.00834042 -2.11348e-05
internal_weight=31658.5 31075.6 4291.24 671.133 72.3795 3620.11 3259.9 3220.05 546.597 518.282 226.513 28.3141 2673.45 146.859 2668.35 376.615 211.684 160.186 15.7675 26784.4 321.91 21.6092 598.754 360.208 144.418 135.031 124.121 92.297 70.4023 51.4932
internal_count=231127 226962 44017 10733 2068 33284 30250 29905 7125 6753 4341 372 22780 2826 22740 3309 1856 1340 125 182945 2430 154 8665 3034 1215 1141 1055 779 597 445
cat_boundaries=0 1 2
cat_threshold=4 220
is_linear=0
shrinkage=0.04


Tree=113
num_leaves=31
num_cat=1
split_feature=18 1 23 25 29 14 15 30 17 30 1 17 26 9 12 0 17 3 31 30 2 0 21 24 21 16 30 29 32 23
split_gain=9.48676 14.2552 11.7758 10.3774 14.3831 10.4802 11.7771 10.7687 14.6801 10.0556 14.2142 16.156 11.9732 10.4085 9.92195 16.0775 13.3904 10.8381 11.9191 12.4305 12.2571 11.65 9.9335 9.69833 9.42439 11.7501 9.41646 11.7604 9.59968 9.36275
threshold=5.5000000000000009 4.5000000000000009 20.735000000000003 -9.5366666666666617 4.8050000000000006 3.0500000000000003 0.11800000000000002 -1.3249999999999997 -0.05000000000000001 0.34000000000000036 3.5000000000000004 0.3264550264550265 2.5000000000000004 -0.25291666666666751 0 0.17083582834331343 0.500462962962963 0.11868276449191241 1.5000000000000002 0.71633333333333316 32.565000000000005 0.14973332806573961 0.77500000000000013 68.510000000000005 1.0000000180025095e-35 0.61250000000000016 0.69000000000000072 4.8250000000000011 4.2550000000000008 50.425000000000004
decision_type=10 2 2 2 2 8 8 2 8 2 2 8 2 2 1 8 10 10 2 2 2 10 8 2 10 10 2 2 2 2
left_child=2 -2 3 4 5 6 -1 8 -8 23 11 12 13 -11 17 16 -16 22 -19 -20 21 -21 -12 29 -25 -26 28 -28 -15 -4
right_child=1 -3 9 -5 -6 -7 7 -9 -10 10 14 -13 -14 26 15 -17 -18 18 19 20 -22 -23 -24 24 25 -27 27 -29 -30 -31
leaf_value=-0.040316146956945902 -0.00015746177349833305 -0.0063036884343381713 -0.00081631757009443563 0.0042805878277667013 0.074197992948153865 -0.00061626626732595106 0.10081185440107206 0.0083704160497803399 0.024240043231970432 0.00056426277768158845 0.0053595710935302552 -0.0077001893451109724 0.0020128023289440653 0.036333219879553146 -0.0010321463732726945 0.0046324742482521213 -0.040704777673666016 -0.0047432376507254596 -0.0050282702325051363 0.055584455757826855 0.0035662956730163533 0.014518741468060375 -0.006157326928651688 -0.006994115923554446 0.025107463028697562 -0.015191891092055518 -0.038353614635616297 -0.0053812684054363059 2.7576072398407411e-08 -0.0058701722398290307
leaf_weight=5.4410948455333701 1685.4221327370033 940.80335852596909 11916.78344733268 1933.492517977953 4.1829055249691001 1813.1783347409219 5.4369136281311512 37.17029682546854 15.221302535384895 1575.8226537592709 2331.0496465563774 494.08376353979111 2353.3290841504931 11.960547059774397 2519.2893903106451 1053.9706955105066 13.686225757002829 430.0443189740181 67.936228185892105 19.687907710671425 48.78663158416748 25.202103406190872 126.31937471032143 34.121205031871796 66.484073050320148 14.016779743134974 17.570661298930645 1157.1606868989766 427.58050019294024 616.874242387712
leaf_count=42 13830 11513 83988 14148 27 17708 49 266 130 12818 12937 4234 17475 76 14299 5852 76 2473 405 111 274 142 703 242 462 99 120 9765 3308 4305
internal_value=-5.66813e-05 -0.00235925 0.000150866 0.00222287 0.000107304 -5.78558e-05 0.0159451 0.0212387 0.0443925 -0.000161232 0.000635082 -0.000769339 -0.000151594 -0.00174827 0.00191284 0.000479607 -0.00124651 0.00358561 -0.00126285 0.00799831 0.0174455 0.0325294 0.00476755 -0.000959133 0.0106232 0.0180906 -0.00400571 -0.00587444 0.000988706 -0.00106506
internal_weight=31762.1 2626.23 29135.9 3814.12 1880.63 1876.45 63.2696 57.8285 20.6582 25321.8 12673.5 6037.51 5543.42 3190.1 6635.97 3586.95 2532.98 3049.03 591.657 161.613 93.6766 44.89 2457.37 12648.3 114.622 80.5009 1614.27 1174.73 439.541 12533.7
internal_count=231877 25343 206534 32370 18222 18195 487 445 179 174164 85068 47796 43562 26087 37272 20227 14375 17045 3405 932 527 253 13640 89096 803 561 13269 9885 3384 88293
cat_boundaries=0 1
cat_threshold=1
is_linear=0
shrinkage=0.04


Tree=114
num_leaves=31
num_cat=9
split_feature=14 6 22 23 9 15 26 23 12 1 30 22 22 22 22 14 17 24 3 22 3 5 17 22 29 31 3 22 25 17
split_gain=9.22851 9.83414 8.30297 8.67019 9.6554 19.0747 7.94646 7.14445 12.2215 17.2114 20.1006 12.8861 12.0814 11.9773 11.7199 10.1633 9.9987 9.97456 9.82671 20.4072 14.2472 14.065 12.436 10.2155 12.2594 11.1645 10.7448 10.6156 10.3372 10.0562
threshold=5.4365079365079376 0.026666666666666842 0 1.0000000180025095e-35 7.1000000000000041 0.18816666666666673 3.5000000000000004 46.180000000000007 1 3.5000000000000004 1.1850000000000001 2 3 4 5 3.1547619047619051 -0.15181878306878302 53.885000000000012 0.12747051011639718 6 0.12826185613796234 6.7250000000000005 -0.034722222222222189 7 6.0450000000000008 1.5000000000000002 0.12433832796527099 8 21.045833333333338 -0.35727513227513213
decision_type=10 2 1 2 2 10 2 2 1 2 2 1 1 1 1 10 10 2 10 1 10 2 8 1 2 2 10 1 2 8
left_child=7 2 3 4 -2 -6 -4 18 9 11 12 -9 -11 15 -12 -10 -14 -16 23 -20 21 -21 -23 -1 25 26 27 -25 29 -26
right_child=1 -3 6 -5 5 -7 -8 8 13 10 14 -13 16 -15 17 -17 -18 -19 19 20 -22 22 -24 24 28 -27 -28 -29 -30 -31
leaf_value=-0.0012446474712546108 -0.020535814039108882 -0.025605049715829602 0.018387392088171386 0.037158387574037881 0.19944231281897432 -0.041078443150113594 -0.015006700874157002 0.00041172309512893767 0.0026359253813022683 -0.0046597236199165185 0.011378992639658796 -0.0055766784135893631 -0.011498386423750865 -0.0079573450159156709 0.0061078937666210614 -0.007939514814130879 0.0037677558738588987 -0.0028366616554097866 0.0056231835778367866 -0.027125036684137207 -0.00078810274372479317 0.06223991863738524 0.012140833962107283 -0.014750933342495876 0.051856202557485007 0.00039206049275046327 0.039326286428619496 -0.0024176963327813576 -0.0030283791676863738 0.0045488403194905479
leaf_weight=7259.2285866197199 11.671870621852579 44.277339832857251 13.336624616757033 15.74831179436296 0.99809514358639662 1.1190647967159746 78.568180052563548 1068.6150695048273 475.28171733394265 786.18865485489368 380.61600616574287 1241.6775539629161 75.854837611317635 738.88892443850636 566.2792524844408 209.48266568779945 722.14577613770962 307.96177522838116 1584.6498924549669 7.1552694365382186 2121.340257126838 14.534641265869139 17.439540192484859 150.11594869196415 7.2203590273857117 11418.075848028064 8.4927416481077653 414.17518982663751 326.07903308793902 1680.5039576590061
leaf_count=51731 582 1628 143 308 47 50 2694 9039 3164 4778 2108 10635 501 4980 3125 1456 4311 1721 12379 51 16781 115 120 1088 57 81496 60 2827 2261 11534
internal_value=-5.29707e-05 -0.00946759 -0.00358393 0.0126104 -0.00628024 0.0723105 -0.00916368 -3.56966e-06 -0.00117709 -0.000265046 0.00182056 -0.00282913 -0.00117496 -0.00444288 0.00560224 -0.00059068 0.00228794 0.00292363 0.000304861 0.00219418 -0.000345343 0.0235699 0.0349146 -2.78959e-05 0.000603258 0.000118689 -0.0053308 -0.00600291 0.00349154 0.00475123
internal_weight=31747.7 165.719 121.442 29.5373 13.789 2.11716 91.9048 31582 6572.99 5149.34 2839.05 2310.29 1584.19 1423.65 1254.86 684.764 798.001 874.241 25009 3745.12 2160.47 39.1295 31.9742 21263.9 14004.7 11990.9 572.784 564.291 2013.8 1687.72
internal_count=231770 5452 3824 987 679 97 2837 226318 45818 36218 16544 19674 9590 9600 6954 4620 4812 4846 180500 29446 17067 286 235 151054 99323 85471 3975 3915 13852 11591
cat_boundaries=0 1 2 3 4 5 6 7 8 9
cat_threshold=8426192 1 6947063 4741279 14011444 8420384 10643042 8406630 4325768
is_linear=0
shrinkage=0.04


Tree=115
num_leaves=31
num_cat=0
split_feature=15 29 15 14 6 5 6 17 30 2 9 11 7 3 6 2 31 2 0 5 0 11 29 20 30 25 11 16 16 15
split_gain=6.62265 9.71585 7.02063 9.9625 10.7734 12.262 10.8879 9.01121 8.19786 8.01795 8.46591 13.3102 8.61898 7.68015 9.42818 8.58242 6.88356 6.26641 6.23698 5.9851 5.93991 9.04816 9.16701 22.2026 9.08929 8.66887 7.12742 8.041 10.0134 7.31872
threshold=0.25950000000000012 5.6050000000000013 0.23600000000000004 5.4365079365079376 0.024500000000000192 6.745000000000001 -0.059999999999999158 0.031514550264550252 -0.008333333333333524 32.360000000000007 8.7358333333333338 30.500000000000004 3.5000000000000004 0.10978000956480154 -0.008333333333333302 37.150000000000006 5.5000000000000009 39.415000000000006 0.18204153492382871 6.9050000000000011 0.13149094950778026 58.500000000000007 7.8550000000000013 0.38750000000000007 2.6326666666666676 15.465 45.500000000000007 0.5277777777777779 0.58571428571428574 0.12527777777777782
decision_type=10 2 10 10 2 2 2 10 2 2 2 2 2 10 2 2 2 2 10 2 8 2 2 8 2 2 2 8 8 10
left_child=2 -2 20 4 6 -6 17 -7 -9 18 12 -12 13 16 15 -15 -11 -4 -8 -14 21 22 24 25 26 -24 -1 -28 29 -29
right_child=1 -3 3 -5 5 7 9 8 -10 10 11 -13 19 14 -16 -17 -18 -19 -20 -21 -22 -23 23 -25 -26 -27 27 28 -30 -31
leaf_value=-0.0010637349987172803 -0.012285696527779768 0.034778553176740896 -0.020086544009566977 -0.028283252276934019 0.038780610329062187 -0.011957565597737732 -0.0036098387722568615 -0.011293632819165107 0.049238597055913352 -0.018967219038028442 -0.01811557322537926 0.059157046391887784 0.013106937527536498 0.065065911817784025 -0.022852324041504418 0.0003174194087698089 0.01919045034131351 0.028158944165391577 0.026741206179438731 0.060469718961443215 0.00016840591156081264 0.043825342714322583 0.017233481586407983 0.066725010167584684 -0.030293814380684139 -0.028819734770398231 -0.010745925223088204 0.0067840068347583141 -0.0026178542554311291 0.064924705181079997
leaf_weight=1856.3321771752089 112.34012655727565 7.4857295975089064 23.96229314245284 13.453966978937386 10.119358213618396 91.286314118653536 12.373991224914787 6.5040000006556511 7.9617152214050275 43.042867943644524 5.2634728439152267 11.063044935464857 23.958507558330897 7.3719951305538434 6.3876136671751729 5.8943696860224009 9.1770765706896764 5.251523219048976 86.984964895993471 5.1944493055343619 28852.898535009474 6.8979430161416522 15.927175778895618 10.559667374938725 18.50479269400239 11.095717195421456 283.14737794548273 7.7301978431642038 141.315603826195 6.2770881839096546
leaf_count=13247 1352 50 189 481 80 786 93 48 49 292 43 79 189 60 58 55 85 43 671 48 209856 49 109 72 131 77 2055 54 1011 45
internal_value=4.04438e-05 -0.00934551 7.60507e-05 0.00551471 0.00677153 -0.00328431 0.0115095 -0.00730948 0.0220224 0.0145996 0.0075201 0.0342453 0.00320116 -0.00423974 0.0170736 0.0362976 -0.0122614 -0.0114139 0.0229613 0.021546 1.06608e-05 -0.00191971 -0.00205393 0.0175427 -0.00237231 -0.00167617 -0.00214715 -0.00673397 0.000579671 0.0328386
internal_weight=31705.8 119.826 31585.9 375.252 361.798 115.871 245.926 105.752 14.4657 216.712 117.353 16.3265 101.027 71.8739 19.654 13.2664 52.2199 29.2138 99.359 29.153 31210.7 2357.79 2350.89 37.5826 2313.31 27.0229 2294.8 438.47 155.323 14.0073
internal_count=231457 1402 230055 3349 2868 963 1905 883 97 1673 909 122 787 550 173 115 377 232 764 237 226706 16850 16801 258 16543 186 16412 3165 1110 99
is_linear=0
shrinkage=0.04


Tree=116
num_leaves=31
num_cat=2
split_feature=15 0 32 22 15 3 25 22 3 30 25 2 1 13 13 15 11 19 30 30 25 25 2 2 1 19 8 6 25 32
split_gain=8.59163 7.96347 11.7187 14.0456 11.0454 10.8233 8.78013 10.8809 12.9961 9.6831 8.7094 11.9019 10.6913 9.16019 8.86454 7.96169 7.57585 7.2901 9.9698 7.10042 8.02981 12.4993 9.34663 7.55429 6.98447 6.82432 6.6395 6.48927 10.5588 11.8912
threshold=0.29050000000000009 0.13149094950778026 5.2250000000000005 0 0.1770714285714286 0.30787458986511124 5.0733333333333333 1 0.33265856950067479 0.28000000000000075 7.9999999999999991 35.280000000000008 3.5000000000000004 8.5000000000000018 4.5000000000000009 0.10950000000000004 50.500000000000007 0.77500000000000013 1.1466666666666669 -1.1116666666666664 -23.83733333333333 -18.244499999999995 31.405000000000005 36.675000000000004 3.5000000000000004 0.55000000000000016 34.725000000000001 -0.053333333333333226 11.453666666666669 5.8650000000000011
decision_type=10 10 2 1 10 8 2 1 10 2 2 2 2 2 2 8 2 10 2 2 2 2 2 2 2 8 2 2 2 2
left_child=1 2 6 16 5 27 7 9 17 -1 11 12 -7 -13 -12 24 -4 19 26 20 -9 22 -22 25 -11 -23 -19 28 29 -5
right_child=-2 -3 3 4 -6 10 -8 8 -10 15 14 13 -14 -15 -16 -17 -18 18 -20 -21 21 23 -24 -25 -26 -27 -28 -29 -30 -31
leaf_value=-0.020234379668694062 -0.023903456762506839 0.00041991440787609744 0.0059800133504503885 -0.031486902883978395 0.03696724459192649 0.079681678815242643 -0.020011144985241688 -0.021804824851681878 0.060273711476168751 -0.0034577698187777451 0.024674301945375531 0.040013088288203894 0.019223464049187917 -0.01875429306002073 -0.016675878245298613 -0.0095016158396232907 -0.013916717273298504 -0.013393169861882173 0.060364251027439204 -0.0052447559552755317 0.12408948797227221 0.018593994588274276 0.029924804732235223 0.047061221184337886 0.046585177640445063 -0.045661321607665437 0.038263721254073901 -0.0027750658636651881 -0.02154227683034558 0.0073620143650071938
leaf_weight=116.48926282953471 23.612540065310895 29200.723177987151 543.38448971509933 15.948120456188915 11.162721458822487 8.922041270881893 71.125790007412434 7.0944398771971491 5.5147048607468596 8.8581641651690024 12.860203951597212 6.6747717037797001 9.8428004086017591 11.652049221098421 23.367793206125498 48.408619113266468 32.447118025273085 12.087384007871156 6.8320790678262702 282.70025507733226 3.0630442164838358 5.5713982228189645 3.7529908251017332 5.1707992982119331 8.9923996031284315 5.0342417992651471 5.9361829310655585 1103.9146375432611 80.773587249219418 60.159828390926123
leaf_count=950 373 213363 3813 121 83 62 487 113 51 70 89 44 64 83 184 332 228 81 47 2007 37 56 48 53 53 51 43 7689 663 508
internal_value=0.000215852 0.000233807 -0.00192466 -0.000403866 -0.00263692 -0.00298806 -0.00682152 -0.00503634 -0.000617597 -0.0126007 0.0119521 0.0255769 0.0479693 0.00264925 -0.0019974 -0.00108177 0.00477593 -0.00163163 0.0192176 -0.00329053 0.015319 0.0269766 0.0722413 0.00742047 0.0217519 -0.0119065 0.00362037 -0.00385688 -0.0114692 -0.000778623
internal_weight=31742.1 31718.5 2517.74 1921.11 1345.28 1334.12 596.632 525.506 342.758 182.748 73.3197 37.0917 18.7648 18.3268 36.228 66.2592 575.832 337.243 24.8556 312.387 29.6869 22.5925 6.81604 15.7764 17.8506 10.6056 18.0236 1260.8 156.882 76.1079
internal_count=231846 231473 18110 13631 9590 9507 4479 3992 2587 1405 526 253 126 127 273 455 4041 2536 171 2365 358 245 85 160 123 107 124 8981 1292 629
cat_boundaries=0 1 2
cat_threshold=8782988 2334767
is_linear=0
shrinkage=0.04


Tree=117
num_leaves=31
num_cat=7
split_feature=5 32 32 1 22 31 22 21 25 33 26 24 22 14 30 9 22 3 22 22 14 8 17 9 14 16 30 2 24 0
split_gain=9.09131 8.58799 6.4985 10.2584 13.2229 12.728 15.2091 13.6691 12.4352 15.5465 11.8702 13.628 15.7066 13.6709 15.625 11.5654 14.4783 11.6972 14.7156 13.7291 16.3333 11.3014 11.1985 10.76 9.92054 10.8555 10.2945 10.0276 9.89758 9.42497
threshold=7.1450000000000005 7.2350000000000012 4.8850000000000007 3.5000000000000004 0 3.5000000000000004 1 0.63333333333333341 -10.854999999999997 2 3.5000000000000004 18.215000000000003 3 3.5857142857142863 0.65333333333333388 -3.4833333333333321 4 0.066790582403965307 5 6 2.3541666666666674 45.475000000000009 -0.13654100529100524 -5.3216666666666628 4.6125000000000007 0.10555555555555557 -1.1833333333333331 32.085000000000008 17.255000000000003 0.16554135460761968
decision_type=2 2 2 2 1 2 1 10 2 1 2 2 1 10 2 2 1 10 1 1 8 2 8 2 8 10 2 2 2 8
left_child=2 -2 3 4 -1 6 8 15 9 22 11 13 -13 23 -15 16 -7 19 -19 20 -17 -22 -5 -8 25 -23 -27 -28 -20 -4
right_child=1 -3 29 5 -6 7 10 -9 -10 -11 -12 12 -14 14 -16 17 -18 18 28 -21 21 24 -24 -25 -26 26 27 -29 -30 -31
leaf_value=0.0026149542174329337 -0.0087340952697439415 0.022500595132215459 -9.1755497456519233e-05 0.059200966336532705 -0.0011546602009662012 -0.0014037454286346693 0.046239116556936931 0.050311079330891205 -0.0098071669713724902 -0.0067567855075530963 0.00047223532471497224 0.012845373859624405 -0.0035401582682298154 0.049817558499646981 0.0060806180427020904 0.072131219954210957 -0.010310466512510594 0.0040469286086405086 5.587671093415318e-05 -0.0096266107213633587 -0.0031089021885433716 -0.03585965659299209 0.011551571878412175 -0.0019041818314790087 0.065165298069079183 -0.037057453091181775 0.0484912733302734 0.0021193587928676617 -0.0076125617713435328 0.0017694026098187179
leaf_weight=2698.2794210007414 268.86521709617227 14.862937804311512 12601.605558604002 8.787525422871111 3298.7432575328276 535.70752200949937 8.8970810174941999 7.6688611656427375 326.33376587927341 114.83612431585789 967.84592921286821 170.29696553945541 190.78814513236284 36.516150116920471 20.353537380695343 4.9501788318157187 667.78491043578833 822.93007891438901 680.54834274202585 529.94027786888182 401.78872215934098 6.7615069076418868 77.40222555398941 44.97872044891119 6.0939892865717402 4.4784521684050516 16.823254540562637 13.407360747456549 445.64522788673639 6651.2416769750416
leaf_count=19786 1931 99 87728 57 24312 5505 49 54 1937 696 5847 997 1113 213 111 34 6829 8344 7875 4308 3292 53 466 249 65 41 116 95 3500 45378
internal_value=3.00941e-05 -0.00709788 9.45812e-05 -0.000631474 0.000543862 -0.00178478 0.000864911 -0.00304235 -0.00489347 0.00283972 0.00298747 0.00821018 0.00444538 0.0204853 0.0341642 -0.00314126 -0.00644318 -0.00178656 8.37994e-06 -0.00534112 -0.000127443 -0.000926297 0.0147037 0.00604623 0.0175107 0.0105079 0.0195406 0.0279252 -0.00295238 0.000551215
internal_weight=31645.2 283.728 31361.4 12108.6 5997.02 6111.56 1967.04 4144.53 527.36 201.026 1439.68 471.831 361.085 110.745 56.8697 4136.86 1203.49 2933.37 1949.12 984.244 454.303 449.353 86.1898 53.8758 47.5646 41.4706 34.7091 30.2306 1126.19 19252.8
internal_count=231080 2030 229050 95944 44098 51846 11735 40111 3156 1219 8579 2732 2110 622 324 40057 12334 27723 19719 8004 3696 3662 523 298 370 305 252 211 11375 133106
cat_boundaries=0 1 2 3 4 5 6 7
cat_threshold=15634502 12587150 496 2311745 8549035 10716465 8128711
is_linear=0
shrinkage=0.04


Tree=118
num_leaves=31
num_cat=4
split_feature=0 22 14 25 33 8 3 5 3 1 9 22 14 2 25 25 5 14 14 25 14 29 18 29 31 30 1 22 9 9
split_gain=6.65218 13.9914 10.2909 9.9596 11.53 10.2718 9.105 10.1754 8.50097 8.23599 10.5535 11.7346 8.23468 7.77296 7.6663 8.70502 7.40546 7.31427 10.1376 7.53816 7.3011 7.15665 7.08567 6.97439 6.701 22.7533 22.3998 20.3473 10.5754 9.85417
threshold=0.13080981717011131 0 1.5277777777777779 22.67166666666667 1 8.4500000000000011 0.33265856950067479 6.8250000000000011 0.047145115084461141 5.5000000000000009 0.5966666666666659 2 2.4722222222222228 30.295000000000005 -14.49833333333333 6.1866666666666701 7.0250000000000012 3.3166666666666669 2.8660714285714293 26.932500000000001 2.7071428571428577 6.4250000000000007 2.5000000000000004 7.3450000000000006 3.5000000000000004 -1.0099999999999993 5.5000000000000009 3 2.8816666666666664 -5.6859999999999973
decision_type=8 1 8 2 1 2 10 2 10 2 2 1 10 2 2 2 2 10 8 2 8 2 10 2 2 2 2 1 2 2
left_child=1 6 8 16 -5 -6 14 12 -2 10 11 -7 -8 -11 21 23 -3 18 19 -13 -15 22 -1 -16 25 -4 -26 28 -28 -29
right_child=2 3 24 4 5 9 7 -9 -10 13 -12 17 -14 20 15 -17 -18 -19 -20 -21 -22 -23 -24 -25 26 -27 27 29 -30 -31
leaf_value=-0.04329093499875989 0.0054509799480130117 -0.00013394902922181555 0.061873286272872252 -0.0098365018008202392 0.060346189585335816 -0.011497725763514096 0.0079567847614403567 -0.017281802467069455 -0.020710339986206985 -0.00042299176862254132 -0.0087977715986946158 0.059379942592612055 0.077551016422472141 0.069180396107148198 -0.0020220395732809047 -0.0085431446469953903 -0.018341139096652099 0.0035742346080111054 0.077877079854189693 0.0059313187902476821 0.017472314020617549 -0.0035594153335007958 -0.014826650820018921 0.018754313131743063 7.4302307667314647e-05 0.00058890001568667814 -0.012904803407757421 -0.0088777658008331976 -0.00289829324318655 0.00062508201288793909
leaf_weight=22.645947244018316 28.098708443343639 1045.8949615722522 9.6991170197725278 33.259451508522034 7.9345319867134085 14.568127967417238 4.951518017798664 6.3915497791022053 67.888508271425962 7.6973033845424679 37.019356217235327 6.9666786193847718 6.0369891403242946 10.476508513092996 331.00707225129008 505.94177196919918 37.007308891043067 9.0725273378193361 9.6993281543254835 10.716110084205864 7.4946287274360648 38.536558836698532 36.619230475276709 28.041641898453236 11644.496016317979 15789.015933718532 523.66844617016613 214.9143890067935 249.50033787079155 930.65311638265848
leaf_count=171 203 7458 48 237 57 108 38 51 518 43 273 51 52 57 2384 3638 252 67 71 78 43 278 300 203 88698 105321 5859 2542 2653 9599
internal_value=-0.000135177 -0.00224769 2.38803e-05 0.000596058 0.0100876 0.0151023 -0.00578596 0.0228489 -0.013052 0.0132734 0.00746073 0.019257 0.0461912 0.0332105 -0.00636297 -0.00516276 -0.000756165 0.0272314 0.0450147 0.026989 0.0476162 -0.0169779 -0.0257032 -0.00039941 6.66268e-05 0.000626524 -0.000585552 -0.0045901 -0.00955217 -0.00114768
internal_weight=31675.9 2217.98 29457.9 1237.81 154.905 121.645 980.172 17.3801 95.9872 113.711 88.0421 51.0228 10.9885 25.6684 962.792 864.99 1082.9 36.4546 27.3821 17.6828 17.9711 97.8017 59.2652 359.049 29361.9 15798.7 13563.2 1918.74 773.169 1145.57
internal_count=231351 15910 215441 8795 1085 848 7115 141 721 791 648 375 90 143 6974 6225 7710 267 200 129 100 749 471 2587 214720 105369 109351 20653 8512 12141
cat_boundaries=0 1 2 3 4
cat_threshold=7450922 66 526404 10852160
is_linear=0
shrinkage=0.04


Tree=119
num_leaves=31
num_cat=1
split_feature=14 24 24 14 3 30 23 14 15 6 9 30 17 5 6 3 30 6 23 33 3 8 27 0 17 29 30 30 30 6
split_gain=10.6791 8.6137 8.99743 9.79932 9.17511 8.15361 8.20609 10.0014 10.9263 13.1498 17.4558 11.457 10.5613 9.99776 8.72673 9.71145 8.86887 7.80561 14.4179 11.1458 7.94724 7.49875 11.2947 13.0445 10.0974 10.6436 9.69835 9.3125 7.67869 14.9904
threshold=1.6125000000000003 71.080000000000013 60.050000000000004 1.5857142857142861 0.099800796812749018 -1.2099999999999995 26.725000000000005 3.2111111111111117 0.1589444444444445 0.033333333333332778 1.8858333333333344 -1.5999999999999992 0.14999999999999999 6.8550000000000013 0.00083333333333346371 0.15800719748088171 -1.3583333333333329 -0.10999999999999986 17.355000000000004 0 0.082107578051770144 25.355000000000004 4.5000000000000009 0.18597172262190251 0.029629629629629627 3.0250000000000004 -3.3744999999999994 -1.3583333333333329 -2.2891666666666661 -1.0000000180025095e-35
decision_type=8 2 2 8 10 2 2 8 8 2 2 2 10 2 2 10 2 2 2 1 10 2 2 10 8 2 2 2 2 2
left_child=1 2 -1 4 -4 6 7 8 11 14 -11 13 21 -2 15 16 -10 18 20 -20 -7 22 24 27 -9 -26 -23 -24 29 -25
right_child=5 -3 3 -5 -6 17 -8 12 9 10 -12 -13 -14 -15 -16 -17 -18 -19 19 -21 -22 26 23 28 25 -27 -28 -29 -30 -31
leaf_value=-0.010745018726134099 0.0011432398761819119 -0.042239999447174097 0.02287008253866283 0.047956198076099431 -0.0292028545297006 0.00098351399084983652 -0.015042035966024953 -0.012966772001893279 0.028632367906163792 0.015301658457900831 0.10544862689302946 -0.01532312035337563 0.0490105421269059 0.058971923865534626 -0.011518919727166453 0.074825899338414339 -0.017799031604632542 0.00033548002933327244 -0.020553287868521238 -0.0030032208254462938 0.064565606138649673 -0.023006406132302787 0.043321413557547407 0.12820621063477436 0.073164253963165421 -0.0015361337347529239 -0.0010986970486304393 -0.013480162162973786 -0.024250361891871429 -0.042545288265458538
leaf_weight=163.92495287582278 14.161428075283768 11.784519515931605 11.477655958384281 8.994064908474682 10.247443594038485 5.6896436065435392 78.394005045294762 269.11232652980834 21.14896047487855 7.8940543606877309 6.0868780314922333 41.780289337038994 6.3198803253471842 7.2232247442007056 18.20655120536685 4.8990971744060507 9.556255482137205 29144.224123183638 68.197645895183086 269.74664771929383 7.0336669310927391 33.063275700435042 19.025720397941772 1.638186786323786 4.4149610623717299 9.8846598342061025 1460.5096937017515 6.0983923822641364 17.138770056888461 1.6523985126987124
leaf_count=1222 123 98 82 70 88 42 721 3769 174 79 58 347 60 66 159 38 78 201903 514 2056 49 1455 239 45 67 96 17670 55 186 53
internal_value=3.56537e-05 -0.00903263 -0.00702212 0.0128441 -0.00169204 9.50185e-05 -0.00235179 -0.00184418 0.00883429 0.019987 0.0545489 -0.00313539 -0.00260881 0.0206764 0.0110073 0.0225263 0.0141817 0.000264102 -0.00566813 -0.0072419 0.0361328 -0.00278781 -0.00825488 0.0102323 -0.0112264 0.0215274 -0.00158367 0.0295339 -0.013505 0.0424617
internal_weight=31739.5 206.429 194.644 30.7192 21.7251 31533.1 2038.21 1959.82 130.957 67.7918 13.9809 63.1649 1828.86 21.3847 53.8109 35.6043 30.7052 29494.9 350.668 337.944 12.7233 1822.54 328.965 45.5535 283.412 14.2996 1493.57 25.1241 20.4294 3.29059
internal_count=231662 1560 1462 240 170 230102 25538 24817 1122 586 137 536 23695 189 449 290 252 204564 2661 2570 91 23635 4510 578 3932 163 19125 294 284 98
cat_boundaries=0 1
cat_threshold=416
is_linear=0
shrinkage=0.04


Tree=120
num_leaves=31
num_cat=5
split_feature=14 22 26 25 28 2 22 5 6 15 30 11 24 22 9 8 33 11 32 14 24 9 24 24 30 1 0 9 9 18
split_gain=7.52902 12.4881 11.9473 22.3639 10.172 11.4461 8.80169 8.77353 8.61798 11.9391 10.5769 9.07482 8.42797 12.794 8.52632 9.2162 7.94461 10.3197 7.52194 10.4799 16.5864 8.07143 7.65678 8.85187 7.47042 7.40215 11.4557 9.56453 11.7644 11.7035
threshold=3.7888888888888892 0 4.5000000000000009 -24.651833333333325 1 34.625000000000007 2 6.7150000000000007 0.074999999999999747 0.21414285714285716 0.19833333333333372 33.500000000000007 74.27500000000002 3 -6.7449999999999983 30.215000000000003 4 37.500000000000007 6.0550000000000006 3.8944444444444448 55.015000000000008 0.5966666666666659 46.690000000000005 42.895000000000003 1.8341666666666667 1.5000000000000002 0.14663899986224002 -0.5733333333333358 -0.96166666666666412 1.5000000000000002
decision_type=10 1 2 2 9 2 1 2 2 10 2 2 2 1 2 2 1 2 2 10 2 2 2 2 2 2 10 2 2 10
left_child=12 2 3 -2 5 -5 -7 -4 -3 11 -11 -10 25 -14 -15 -16 17 -13 -6 20 22 -22 23 -20 -17 26 27 28 -1 -30
right_child=1 8 7 4 18 6 -8 -9 9 10 -12 16 13 14 15 24 -18 -19 19 -21 21 -23 -24 -25 -26 -27 -28 -29 29 -31
leaf_value=-0.0033731847997369997 0.068887669483101877 -0.0018588458216381649 0.0060131179295160042 -0.0061432806269085885 0.005028099383270793 -0.0093281961276102613 0.0077157290107315712 -0.0032076271630946569 -0.027764778362960454 0.0018352332899394556 0.059048587824114762 0.05142890676039414 -0.0044584937653922088 0.040285282507214949 -0.012719147644516956 0.022704207395725193 -0.014250053222505854 -0.0017148357433468334 -0.010689960607119168 -0.0062287439337848118 0.070024596769151057 0.013661886427070589 -0.014397485482252446 0.041840621596137523 -0.010198228665411526 0.00055551126665274314 -0.00022955564978568218 -0.011955725339005128 -0.017162861387202272 0.060668613742582526
leaf_weight=244.49889105185866 8.0849814396351558 5124.9047166332603 188.70644509978592 409.84485533088446 1468.9793627895415 53.147927962243557 223.66174094099551 1320.154407877475 48.825503995642066 24.139503336511556 6.5789422988891593 6.4466751143336287 79.349835485219955 20.744279008358717 19.347574003040791 74.097535196691751 110.95454036816955 62.778011415153742 9.3448546305298823 219.71212675049901 9.7135118655860442 6.9911328218877307 26.112540643662214 11.386227332055567 12.974268797785042 19971.320339255035 1645.4226301051676 286.40270628035069 4.6555195190012446 9.1994092874228937
leaf_count=3719 70 42457 1789 2975 10726 393 1617 13066 543 267 41 50 544 141 138 517 890 509 66 1593 68 49 182 79 90 124859 19491 4446 77 128
internal_value=-9.92798e-06 -0.000963758 0.000743102 0.00247116 0.00225099 -0.00187177 0.00438501 -0.00205443 -0.00221498 -0.0093275 0.0140886 -0.0124685 0.000388374 0.00843165 0.015599 0.0122527 -0.00832347 0.00282603 0.00385526 -0.00209093 0.0122152 0.046436 1.18645e-05 0.0181617 0.0178015 0.000313422 -0.00189409 -0.00692177 -0.00134129 0.0345158
internal_weight=31708.5 9340.47 3955.84 2446.98 2438.89 686.655 276.81 1508.86 5384.63 259.723 30.7184 229.005 22368 206.513 127.164 106.419 180.179 69.2247 1752.24 283.26 63.5483 16.7046 46.8436 20.7311 87.0718 22161.5 2190.18 544.757 258.354 13.8549
internal_count=231580 77430 32673 17818 17748 4985 2010 14855 44757 2300 308 1992 154150 1430 886 745 1449 559 12763 2037 444 117 327 145 607 152720 27861 8370 3924 205
cat_boundaries=0 1 2 3 4 5
cat_threshold=10495643 2 1040 10930856 178
is_linear=0
shrinkage=0.04


Tree=121
num_leaves=31
num_cat=2
split_feature=25 14 22 3 5 2 8 8 2 33 24 29 18 1 5 5 15 32 5 8 10 15 15 2 3 1 15 2 24 8
split_gain=6.84682 12.5938 9.47991 11.4373 7.68288 8.41685 10.2374 7.31238 9.42795 7.29758 9.10338 10.6945 8.27564 8.21322 7.56111 8.44024 7.22015 6.99298 6.85882 9.5686 8.70041 7.00444 6.80582 7.73382 6.72491 7.31367 9.25035 6.57617 9.44314 11.1989
threshold=-25.467499999999998 5.4142857142857155 0 0.027855369335816265 6.6650000000000009 35.445000000000007 36.305000000000007 30.020000000000003 31.795000000000005 1 12.56 6.6750000000000007 3.5000000000000004 3.5000000000000004 6.6750000000000007 6.7550000000000008 0.16211111111111118 1.2550000000000001 6.7250000000000005 26.835000000000004 4.5000000000000009 0.18211111111111114 0.1710555555555556 31.525000000000002 0.33265856950067479 4.5000000000000009 0.15612500000000004 38.230000000000011 40.440000000000005 32.010000000000012
decision_type=2 8 1 10 2 2 2 2 2 1 2 2 10 2 2 2 10 2 2 2 2 8 10 2 10 2 8 2 2 2
left_child=1 2 3 7 5 6 -5 17 -9 14 24 12 -12 -14 -4 18 -10 -1 19 -16 22 -21 23 -20 -11 -26 -27 -2 -29 -30
right_child=27 -3 9 4 -6 -7 -8 8 16 10 11 -13 13 -15 15 -17 -18 -19 20 21 -22 -23 -24 -25 25 26 -28 28 29 -31
leaf_value=0.023971663138967939 -0.0002350630643038312 -0.02246855613668676 -0.024385017396223643 0.012745251469389724 -0.0005779205095022479 -0.010295801699506143 0.076741657261789178 0.06353174991283396 0.048102156629581116 -0.0096725421476546499 0.071204918234594378 -0.021072019145789975 0.048927653045620745 -0.019294405721769707 0.057363842036014336 -0.0019276181835807711 -0.019303988839112732 -0.033143741492217216 0.024451186118445906 0.0059237284959529381 -0.0067058230416851055 -0.036625041185455939 0.014242169969876761 0.087000334920844885 -0.020161199493621097 0.11065543804026684 0.015395198789521334 0.0022550579383656798 0.0024163811830052021 -0.0030506263604292462
leaf_weight=8.86993485316634 23347.560518367216 50.120722669176757 18.72959896735847 9.8433459848165565 452.85169241577387 8.4537936337292177 6.7365702074021092 11.464466113597156 4.592869106680153 478.97528976947069 6.0512740947306218 8.6117826364934427 5.399882107973097 5.9177137576043606 4.5766834970563641 223.23962902650237 5.6954279318451881 5.5923090204596511 5.520068068057304 25.921234244480729 8.0805760510265809 8.1326105762273055 8.5208850335329753 7.4063816517591476 4.5389682743698341 2.3198591452091932 5.4927202258259058 4505.4311638139188 1013.3907817229629 1467.9054183997214
leaf_count=69 167877 2089 154 82 3961 66 58 91 40 4130 47 63 43 54 42 1962 49 49 46 210 81 81 79 61 48 37 123 32746 7052 10176
internal_value=-3.87476e-05 -0.0027822 -0.00204671 0.00221388 0.000614542 0.0221858 0.0387476 0.0239298 0.0385854 -0.00466428 -0.00755482 0.0153744 0.0334452 0.0132559 0.000242671 0.00183394 0.0107872 0.00188609 0.0141542 0.00306051 0.0286678 -0.00423761 0.0419952 0.0602896 -0.00892105 0.0202206 0.0436817 8.71148e-05 0.00116374 -0.000817836
internal_weight=31725.9 1391.66 1341.54 514.1 477.885 25.0337 16.5799 36.215 21.7528 827.435 517.307 25.9807 17.3689 11.3176 310.128 291.398 10.2883 14.4622 68.1584 38.6305 29.5279 34.0538 21.4473 12.9264 491.327 12.3515 7.81258 30334.3 6986.73 2481.3
internal_count=231666 13815 11726 4465 4167 206 140 298 180 7261 4545 207 144 97 2716 2562 89 118 600 333 267 291 186 107 4338 208 160 217851 49974 17228
cat_boundaries=0 1 2
cat_threshold=10635832 402
is_linear=0
shrinkage=0.04


end of trees

feature_importances:
stadium_code=561
win_rate_all_diff_mean=308
boat_number=288
recent_rank_10=196
exhibition_time_diff_mean=193
win_rate_all_rank_in_race=141
top2_rate_all=133
motor_win_rate_diff_mean=131
avg_st=130
course_change_rate=124
recent_top2_10_diff_mean=120
recent_st_10=116
win_rate_all=114
exhibition_time_rank_in_race=106
top2_rate_local_diff_mean=105
win_rate_local=101
top2_rate_local=77
boat_win_rate=75
motor_win_rate=72
player_age=69
top2_rate_local_rank_in_race=61
race_number=52
exhibition_time=49
recent_top2_10_rank_in_race=49
motor_win_rate_rank_in_race=43
wind_direction=38
player_class=37
recent_top2_10=35
recent_win_10=29
wave_height=28
recent_top2_5=26
wind_speed=23
recent_win_5=16
distance=9
weather=5

parameters:
[boosting: gbdt]
[objective: binary]
[metric: auc,binary_logloss]
[tree_learner: serial]
[device_type: cpu]
[data_sample_strategy: bagging]
[data: ]
[valid: ]
[num_iterations: 1500]
[learning_rate: 0.04]
[num_leaves: 31]
[num_threads: 10]
[seed: 42]
[deterministic: 0]
[force_col_wise: 0]
[force_row_wise: 0]
[histogram_pool_size: -1]
[max_depth: -1]
[min_data_in_leaf: 40]
[min_sum_hessian_in_leaf: 0.001]
[bagging_fraction: 0.8]
[pos_bagging_fraction: 1]
[neg_bagging_fraction: 1]
[bagging_freq: 1]
[bagging_seed: 400]
[bagging_by_query: 0]
[feature_fraction: 0.8]
[feature_fraction_bynode: 1]
[feature_fraction_seed: 30056]
[extra_trees: 0]
[extra_seed: 12879]
[early_stopping_round: 0]
[early_stopping_min_delta: 0]
[first_metric_only: 0]
[max_delta_step: 0]
[lambda_l1: 0]
[lambda_l2: 0]
[linear_lambda: 0]
[min_gain_to_split: 0]
[drop_rate: 0.1]
[max_drop: 50]
[skip_drop: 0.5]
[xgboost_dart_mode: 0]
[uniform_drop: 0]
[drop_seed: 17869]
[top_rate: 0.2]
[other_rate: 0.1]
[min_data_per_group: 100]
[max_cat_threshold: 32]
[cat_l2: 10]
[cat_smooth: 10]
[max_cat_to_onehot: 4]
[top_k: 20]
[monotone_constraints: ]
[monotone_constraints_method: basic]
[monotone_penalty: 0]
[feature_contri: ]
[forcedsplits_filename: ]
[refit_decay_rate: 0.9]
[cegb_tradeoff: 1]
[cegb_penalty_split: 0]
[cegb_penalty_feature_lazy: ]
[cegb_penalty_feature_coupled: ]
[path_smooth: 0]
[interaction_constraints: ]
[verbosity: -1]
[saved_feature_importance_type: 0]
[use_quantized_grad: 0]
[num_grad_quant_bins: 4]
[quant_train_renew_leaf: 0]
[stochastic_rounding: 1]
[linear_tree: 0]
[max_bin: 255]
[max_bin_by_feature: ]
[min_data_in_bin: 3]
[bin_construct_sample_cnt: 200000]
[data_random_seed: 175]
[is_enable_sparse: 1]
[enable_bundle: 1]
[use_missing: 1]
[zero_as_missing: 0]
[feature_pre_filter: 1]
[pre_partition: 0]
[two_round: 0]
[header: 0]
[label_column: ]
[weight_column: ]
[group_column: ]
[ignore_column: ]
[categorical_feature: 12,22,28,33]
[forcedbins_filename: ]
[precise_float_parser: 0]
[parser_config_file: ]
[objective_seed: 16083]
[num_class: 1]
[is_unbalance: 0]
[scale_pos_weight: 1]
[sigmoid: 1]
[boost_from_average: 1]
[reg_sqrt: 0]
[alpha: 0.9]
[fair_c: 1]
[poisson_max_delta_step: 0.7]
[tweedie_variance_power: 1.5]
[lambdarank_truncation_level: 30]
[lambdarank_norm: 1]
[label_gain: ]
[lambdarank_position_bias_regularization: 0]
[eval_at: ]
[multi_error_top_k: 1]
[auc_mu_weights: ]
[num_machines: 1]
[local_listen_port: 12400]
[time_out: 120]
[machine_list_filename: ]
[machines: ]
[gpu_platform_id: -1]
[gpu_device_id: -1]
[gpu_use_dp: 0]
[num_gpu: 1]

end of parameters

pandas_categorical:[["A1", "A2", "B1", "B2"], ["01", "02", "03", "04", "05", "06", "07", "08", "09", "10", "11", "12", "13", "14", "15", "16", "17", "18", "19", "20", "21", "22", "23", "24"], ["\u6674", "\u66c7\u308a", "\u96e8", "\u96ea", "\u9727"], ["\u5317", "\u5317\u6771", "\u5317\u897f", "\u5357", "\u5357\u6771", "\u5357\u897f", "\u6771", "\u7121\u98a8", "\u897f"]]
