tree
version=v4
num_class=1
num_tree_per_iteration=1
label_index=0
max_feature_idx=31
objective=binary sigmoid:1
feature_names=boat_number boat_win_rate distance exhibition_time exhibition_time_diff_mean exhibition_time_rank_in_race motor_win_rate motor_win_rate_diff_mean motor_win_rate_rank_in_race player_age player_class race_number recent_rank_10 recent_top2_10 recent_top2_10_diff_mean recent_top2_10_rank_in_race recent_top2_5 recent_win_10 recent_win_5 stadium_code top2_rate_all top2_rate_local top2_rate_local_diff_mean top2_rate_local_rank_in_race wave_height weather win_rate_all win_rate_all_diff_mean win_rate_all_rank_in_race win_rate_local wind_direction wind_speed
feature_infos=[1:6] [0:100] [1200:1800] [6.3399999999999999:8.2699999999999996] [-0.55333333333333279:0.92166666666666774] [1:6] [0:100] [-50.276666666666664:81.481666666666669] [1:6] [17:77] -1:2:0:1:3 [1:12] [1:6] [0:1] [-0.625:0.83333333333333337] [1:6] [0:1] [0:1] [0:1] -1:11:7:19:14:23:5:1:8:9:16:4:20:0:6:10:2:17:21:22:13:18:3:12:15 [0:100] [0:100] [-60.064999999999998:73.498333333333335] [1:6] [0:20] -1:0:1:2:3 [0:9.1600000000000001] [-5.3883333333333328:4.2366666666666672] [1:6] [0:10] -1:2:3:4:0:5:1:8:6:7 [0:15]
tree_sizes=3427 3532 3547 3529 3529 3519 3536 3509 3557 3535 3536 3537 3525 3535 3526 3543 3530 3523 3563 3529 3533 3544 3547 3541 3558 3556 3551 3491 3518 3544 3546 3535 3562 3534 3507 3575 3546 3559 3539 3555 3562 3541 3544 3542 3563 3522 3546 3520 3540 3533 3532 3543 3499 3527 3533 3516 3510 3520 3525 3532 3494 3527 3507 3517 3518 3510 3531 3520 3552 3544 3494 3504 3512 3536 3530 3527 3512 3513 3493 3538 3486 3488 3496 3525 3462 3523 3487 3480 3484 3518 3512 3495 3508 3497 3487 3467 3483 3515 3461 3470 3445 3494 3469 3485 3493 3512 3482 3504 3492 3459 3460 3490 3467 3493 3517 3484 3490 3462 3484 3499 3442 3442 3505 3518 3462 3449 3503 3500 3470 3433 3504 3479 3451 3447 3476 3461 3510 3478 3524 3484 3529 3517 3454 3447 3505 3440 3462 3425 3464 3474 3447 3458 3415 3468 3474 3444 3462 3470 3426 3471 3488 3424 3434 3481 3476 3515 3489 3458 3430 3432 3471 3466 3491

Tree=0
num_leaves=31
num_cat=3
split_feature=0 27 27 0 27 0 0 27 27 27 0 26 0 4 0 26 27 5 27 9 11 14 19 27 27 19 0 19 14 4
split_gain=3766.56 1548.38 1520.12 875.427 713.444 358.818 290.19 266.835 230.677 180.024 153.995 135.974 103.819 103.61 93.7938 70.5921 70.2302 60.7093 60.6452 51.1883 46.4932 39.6716 37.5571 36.9713 33.6004 31.9338 30.9697 30.2886 29.746 29.5191
threshold=4.5000000000000009 -0.42999999999999922 0.32000000000000078 1.5000000000000002 0.44833333333333264 3.5000000000000004 3.5000000000000004 1.3291666666666668 -0.95333333333333325 -1.1349999999999993 3.5000000000000004 6.3350000000000009 5.5000000000000009 0.0066666666666663774 5.5000000000000009 5.3250000000000011 -1.4266666666666667 3.5000000000000004 1.0450000000000004 47.500000000000007 7.5000000000000009 -0.053637566137566144 0 -0.051833333333333613 -1.8600000000000003 1 1.5000000000000002 2 0.12037037037037045 -0.0018333333333333532
decision_type=2 2 2 2 2 2 2 2 2 2 2 2 2 2 2 2 2 2 2 2 2 10 1 2 2 1 2 1 8 2
left_child=1 6 8 11 5 13 9 14 -2 24 20 19 23 15 22 27 -8 -11 -12 -3 -6 -15 -4 -10 -1 -22 -26 -5 -27 -13
right_child=2 3 7 4 10 -7 16 -9 12 17 18 29 -14 21 -16 -17 -18 -19 -20 -21 25 -23 -24 -25 26 28 -28 -29 -30 -31
leaf_value=-1.6208871911685188 -1.6328357614150455 -1.5900816693262148 -1.5811327468330685 -1.5833051752013219 -1.5594471077711083 -1.5948810506500792 -1.6279904430584318 -1.572825639556543 -1.6154448348703185 -1.5843678067322868 -1.5773048316608547 -1.6054339757915288 -1.6239070878598447 -1.5880644358235136 -1.605461461342641 -1.5611734107635424 -1.6098081345704371 -1.5959711276873909 -1.5622445214468372 -1.5775618249729719 -1.5601706310311603 -1.5760978727791559 -1.5951576976501738 -1.6049530202276203 -1.5920296569089243 -1.5500229265575252 -1.6085308521740884 -1.5691915747052796 -1.5343555626440017 -1.5935618077017235
leaf_weight=253.02779942750931 2476.3586407899857 2107.3480653762817 462.1057091653347 501.98356434702873 2316.9876350462437 1929.0210369229317 456.91035479307175 951.73275500535965 1702.6720842719078 1566.0483057796955 944.57159087061882 1070.3834156692028 2311.9326956570148 745.60355991125107 1251.7995737493038 1140.7313221693039 1327.2024196386337 1337.7335433661938 781.97104051709175 694.77333605289459 564.18740183115005 1093.1306429207325 862.00758084654808 785.20058512687683 239.54796105623245 459.71865445375443 757.25800350308418 577.80765518546104 335.31097948551178 487.80165106058121
leaf_count=1802 17636 15008 3291 3575 16501 13738 3254 6778 12126 11153 6727 7623 16465 5310 8915 8124 9452 9527 5569 4948 4018 7785 6139 5592 1706 3274 5393 4115 2388 3474
internal_value=-1.59318 -1.58356 -1.61247 -1.577 -1.57117 -1.58068 -1.60097 -1.59092 -1.62292 -1.59518 -1.56063 -1.59224 -1.6178 -1.57393 -1.59761 -1.56811 -1.61446 -1.58971 -1.57048 -1.58698 -1.556 -1.58095 -1.59019 -1.61213 -1.60787 -1.55013 -1.60457 -1.57544 -1.54403 -1.60172
internal_weight=32492.9 21689.1 10803.8 15751.3 11391 5988.28 5937.73 3527.65 7276.16 4153.62 5402.75 4360.31 4799.81 4059.26 2575.91 2220.52 1784.11 2903.78 1726.54 2802.12 3676.2 1838.73 1324.11 2487.87 1249.83 1359.22 996.806 1079.79 795.03 1558.19
internal_count=231406 154464 76942 112177 81124 42647 42287 25123 51819 29581 38477 31053 34183 28909 18345 15814 12706 20680 12296 19956 26181 13095 9430 17718 8901 9680 7099 7690 5662 11097
cat_boundaries=0 1 2 3
cat_threshold=1583254 4334255 5768431
is_linear=0
shrinkage=1


Tree=1
num_leaves=31
num_cat=5
split_feature=27 27 27 4 4 27 27 27 27 27 11 7 19 22 27 12 4 19 15 3 17 4 27 11 19 5 27 15 19 19
split_gain=3184.08 825.825 462.214 227.923 115.459 107.905 64.9971 52.3079 42.3027 34.327 40.6804 31.8848 31.5274 28.4864 27.0545 25.7004 24.9357 23.2735 22.2042 24.4466 22.0813 21.8645 21.3175 22.7056 20.6997 20.6427 19.7409 19.2366 19.1344 18.3944
threshold=-0.15450000000000005 -1.3583333333333329 0.64166666666666605 0.013333333333334087 0.026666666666665954 -1.8600000000000003 -0.70333333333333259 0.20916666666666653 -0.97000000000000031 1.2850000000000006 1.5000000000000002 8.5466666666666669 0 -4.1241666666666648 0.39183333333333353 4.9500000000000011 -0.0049999999999994485 1 3.5000000000000004 7.1450000000000005 0.2678571428571429 -0.051666666666667187 1.8800000000000006 8.5000000000000018 2 1.5000000000000002 -0.48500000000000004 2.5000000000000004 3 4
decision_type=2 2 2 2 2 2 2 2 2 2 2 2 1 2 2 8 2 1 10 2 10 2 2 2 1 2 2 8 1 1
left_child=1 5 4 6 7 15 13 18 -5 -4 12 25 -11 20 -6 -1 -7 -16 19 -2 -3 -12 -23 -24 -9 -8 29 -10 -15 -13
right_child=2 3 9 8 14 16 11 24 27 10 21 26 -14 28 17 -17 -18 -19 -20 -21 -22 22 23 -25 -26 -27 -28 -29 -30 -31
leaf_value=-0.033518590166848453 0.00591578675818523 -0.014184002581544158 0.01505435982518818 -0.024456992822132907 -0.0049053936959507485 -0.018343638796632856 0.002349775039283603 0.013933645405449509 -0.0091114339285394627 -0.0097727438162131027 0.014076942992853681 0.016284364982053007 0.01657907862264732 0.0039962346880532112 0.01478184377603587 -0.044209774488815558 -0.029764443874017991 -0.00068839561024314363 -0.00035921713850078793 0.082135218358330223 0.0027043938248312721 0.020536137409335412 0.030823402890611484 0.01067020599367389 0.0078185056087494813 -0.0048509324073515159 0.01402381508822914 -0.016282643891138291 -0.008808260752048833 -0.010835803480884795
leaf_weight=535.90798385441303 2176.5118238627911 1526.9574183672667 5371.7805174440145 897.0712033957243 1981.1562983989716 513.73610933125019 874.16556765139103 1586.2436555176973 764.14620669186115 120.29606945812702 548.45434649288654 47.808147892355919 158.29231394827366 318.93670155107975 216.00765334069729 1094.4895663112402 756.00078876316547 504.09618374705315 1360.2350468039513 6.7538555562496176 134.80645434558392 1922.9913585633039 707.0638380497694 102.40111993253231 2293.9052137136459 2347.8422821760178 315.32476596534252 2760.9141162782907 429.4028372168541 122.16948153078556
leaf_count=3908 15480 10970 37894 6484 14135 3721 6233 11226 5477 855 3861 342 1110 2287 1526 7996 5484 3562 9680 48 968 13499 4961 719 16240 16759 2246 19815 3081 875
internal_value=-7.50167e-05 -0.0149845 0.0104401 -0.00978322 0.00458918 -0.0338866 -0.00478201 0.00716581 -0.0167017 0.017073 0.0201194 -0.00145763 0.00544452 -0.0098957 -0.00249196 -0.0406956 -0.0251436 0.00414789 0.00365229 0.00615157 -0.012814 0.0213654 0.0228284 0.0282739 0.0103745 -0.0028973 0.00810065 -0.0147281 -0.00341538 -0.0028874
internal_weight=32495.9 13439.7 19056.2 10539.5 10124.9 2900.13 6117.41 7423.65 4422.13 8931.28 3559.5 3707.31 278.588 2410.1 2701.26 1630.4 1269.74 720.104 3543.5 2183.27 1661.76 3280.91 2732.46 809.465 3880.15 3222.01 485.302 3525.06 748.34 169.978
internal_count=231442 96646 134796 75537 71897 21109 43761 52674 31776 62899 25005 26455 1965 17306 19223 11904 9205 5088 25208 15528 11938 23040 19179 5680 27466 22992 3463 25292 5368 1217
cat_boundaries=0 1 2 3 4 5
cat_threshold=7545728 8417411 7116336 8955083 5375568
is_linear=0
shrinkage=0.04


Tree=2
num_leaves=31
num_cat=5
split_feature=28 20 4 28 28 20 4 22 22 12 22 22 14 20 5 21 6 14 14 19 14 4 19 19 31 19 6 14 4 19
split_gain=2786.13 752.987 274.141 147.147 130.326 86.4204 70.0089 54.0389 51.7335 43.2922 40.0886 38.8517 34.4995 27.8057 27.5346 28.5156 25.6276 25.3848 24.5876 23.3572 21.0268 27.0026 20.8898 20.2961 19.3762 18.2006 23.4758 18.0796 17.7125 17.6502
threshold=3.5000000000000004 7.8800000000000008 0.0083333333333333055 2.5000000000000004 4.5000000000000009 24.255000000000003 0.0050000000000003384 -7.1933333333333334 10.143333333333334 4.6833333333333345 -11.070833333333333 1.0708333333333331 -0.033333333333333277 19.775000000000002 5.5000000000000009 25.730000000000004 42.605000000000011 0.10000000000000007 -0.064880952380952414 0 -0.014814814814814821 -0.10166666666666611 1 2 1.0000000180025095e-35 3 31.915000000000003 -0.066666666666666666 0.05549999999999989 4
decision_type=2 2 2 2 2 2 2 2 2 8 2 2 10 2 2 2 2 10 8 1 8 2 1 1 2 1 2 10 2 1
left_child=3 9 4 8 11 10 23 13 14 -2 -4 -3 28 -6 15 -1 19 22 -9 -13 24 -22 -8 -5 -10 -17 -27 -12 -7 -26
right_child=1 2 5 6 7 12 17 18 20 -11 27 16 -14 -15 -16 25 -18 -19 -20 -21 21 -23 -24 -25 29 26 -28 -29 -30 -31
leaf_value=0.016487291416330256 -0.024936703052249966 -0.001326633656651045 -0.025593337054365596 0.013609297827242146 -0.017321391459416663 -0.01229212601770662 -0.005842796586146488 -0.007894082763806036 0.032552873303925055 -0.041788365152283138 -0.019543100596452354 -0.0010319444163195276 -0.0065945861457362758 -0.0086875556173910441 0.0027831223120752986 0.0050495941224917764 0.022386403555807705 0.0081241500806501308 0.00070165258878558678 0.011021384390393218 -0.00031225392829164914 0.018062317777410325 0.0025333782526265193 0.0068614067137495087 0.0035637107049494199 0.0068970357868318576 0.015270366558345769 -0.011034082806606687 -0.020735913358293369 0.01445626642775742
leaf_weight=1536.4717648774385 302.40177869796753 1793.5456493347883 1291.5963587462902 1377.4976084530354 1048.1813817024231 1539.1110696047544 868.37607163190842 1086.5063883066177 65.264431580901146 1261.2314730584621 1022.7431278824806 472.85644719004631 1556.4663127064705 1385.9953213483095 580.8620520234108 955.23342949151993 169.40499806404114 600.59655031561852 1044.0943792313337 560.28089083731174 131.52939142286777 4722.3127227723598 1033.2658183723688 1654.7252629101276 429.21787384152412 898.53412561118603 1326.7974521070719 655.66336193680763 535.8879146873951 596.86102400720119
leaf_count=10747 2237 12771 9463 9714 7646 11132 6178 7811 457 9462 7454 3358 11190 9987 4079 6699 1199 4249 7478 3976 920 32900 7348 11668 3004 6292 9296 4745 3890 4174
internal_value=-9.12824e-05 -0.0121875 -0.0092792 0.0112468 -0.00407906 -0.0152351 0.0059076 -0.00833365 0.0138751 -0.0385293 -0.0202958 0.00240313 -0.0110962 -0.0124054 0.0110007 0.0120127 0.00796593 0.000955205 -0.00368177 0.00560139 0.0164364 0.0175644 -0.00130897 0.00999439 0.0114196 0.00985106 0.0118362 -0.0162191 -0.0144728 0.0100754
internal_weight=32503.5 15726 14162.3 16777.5 7560.87 6601.47 5534.46 4564.78 11243.1 1563.63 2970 2996.09 3631.47 2434.18 5297.9 4717.04 1202.54 2502.24 2130.6 1033.14 5945.19 4853.84 1901.64 3032.22 1091.34 3180.57 2225.33 1678.41 2075 1026.08
internal_count=231524 113799 102100 117725 54226 47874 39157 32922 78568 11699 21662 21304 26212 17633 37113 33034 8533 17775 15289 7334 41455 33820 13526 21382 7635 22287 15588 12199 15022 7178
cat_boundaries=0 1 2 3 4 5
cat_threshold=5321007 6393298 7619260 8798408 10504619
is_linear=0
shrinkage=0.04


Tree=3
num_leaves=31
num_cat=0
split_feature=0 27 27 0 27 0 0 27 27 27 26 0 0 27 27 27 0 27 27 5 27 12 5 0 9 0 27 4 4 0
split_gain=3410.48 1293.5 1139.06 754.485 527.915 327.382 269.925 240.101 173.395 144.879 136.298 115.032 108.909 82.8472 69.3455 49.7144 49.6431 47.4628 46.5606 45.2128 43.8925 43.5077 43.3918 34.9259 34.4879 33.0973 31.3748 30.0325 29.5825 29.5576
threshold=4.5000000000000009 0.4250000000000001 -0.42999999999999922 1.5000000000000002 0.51333333333333309 3.5000000000000004 3.5000000000000004 -0.95333333333333325 0.94833333333333358 -1.0283333333333329 5.8750000000000009 5.5000000000000009 3.5000000000000004 0.070000000000000742 -1.4266666666666667 -1.8600000000000003 2.5000000000000004 1.7136666666666669 -0.16366666666666682 4.5000000000000009 0.93333333333333302 3.3541666666666674 3.5000000000000004 1.5000000000000002 51.500000000000007 5.5000000000000009 0.84666666666666746 1.0000000180025095e-35 0.0066666666666663774 5.5000000000000009
decision_type=2 2 2 2 2 2 2 2 2 2 2 2 2 2 2 2 2 2 2 2 2 8 2 2 2 2 2 2 2 2
left_child=2 7 6 10 5 13 9 -2 25 15 24 18 26 21 -8 -1 -15 29 -9 -7 -14 28 -11 -17 -4 -3 -6 -12 -5 -10
right_child=1 8 3 4 12 19 14 11 17 22 27 -13 20 16 -16 23 -18 -19 -20 -21 -22 -23 -24 -25 -26 -27 -28 -29 -30 -31
leaf_value=-0.027283378636618706 -0.038452133481120095 -0.0015942955406029588 0.0056091852876755215 0.025673883149309726 0.028147951590001798 0.0031439957052789335 -0.033512497617279251 -0.022095650912663092 0.013476075636478131 0.0099163323804964849 -0.009054359200331822 -0.029206488991513235 0.013131930151631718 0.030292720123624557 -0.014861358267308628 0.004401059415557039 0.017864465571256653 0.022177845058859998 -0.011463898731097561 -0.0095280571910226659 0.026362099071849193 0.0086386834136919378 -0.00049279963514275754 -0.011088095931660316 0.019395883311039055 -0.01344784236431394 0.036032982883302103 0.00088351929491592852 0.011613208404434843 0.0011361149962931857
leaf_weight=236.56005467474461 2319.6286965310574 783.81890158355236 1697.7558759003878 561.05866482853889 1239.8022746741772 1376.1288893520832 423.76563112437725 1418.3750612586737 612.74525506794453 1408.3184385150671 1663.7597110718489 2429.3639182895422 687.75214007496834 1051.8527337759733 1289.560802012682 308.3345755636692 1006.0896752625704 467.11685931682587 1231.1230033189058 669.74043089151382 963.01542380452156 1374.4077818840742 1175.6847088485956 952.34331294894218 350.19605913758278 725.96399845182896 2315.0833804309368 687.63597792387009 417.60957416892052 629.77321957051754
leaf_count=1795 17640 5491 11957 3912 8489 9758 3221 10375 4248 10049 11701 17727 4773 7321 9443 2243 7010 3198 8807 4803 6587 9738 8547 7003 2454 5136 15761 4822 2969 4390
internal_value=1.80441e-05 -0.01858 0.00905302 0.0145378 0.0198623 0.012221 -0.00615006 -0.0277896 0.0025844 -0.000556413 0.000422483 -0.0229198 0.0293404 0.018355 -0.0194744 -0.0104571 0.0242168 0.011308 -0.0171555 -0.00100436 0.0208501 0.0132284 0.00518033 -0.00729978 0.00796669 -0.00729395 0.033283 -0.00614815 0.019674 0.00722154
internal_weight=32474.4 10617.9 21856.5 16061.9 11662.5 6456.89 5794.57 7398.49 3219.42 4081.24 4399.35 5078.86 5205.65 4411.02 1713.33 1497.24 2057.94 1709.64 2649.5 2045.87 1650.77 2353.08 2584 1260.68 2047.95 1509.78 3554.89 2351.4 978.668 1242.52
internal_count=231368 77012 154356 112055 81121 45511 42301 54549 22463 29637 30934 36909 35610 30950 12664 11041 14331 11836 19182 14561 11360 16619 18596 9246 14411 10627 24250 16523 6881 8638
is_linear=0
shrinkage=0.04


Tree=4
num_leaves=31
num_cat=0
split_feature=0 27 27 0 27 0 0 27 27 28 0 27 0 27 12 27 0 20 0 0 4 4 9 26 4 14 4 4 27 0
split_gain=3150.09 1247.38 1102.09 680.347 514.348 259.869 253.589 248.787 173.375 156.211 138.924 125.235 112.471 73.5347 65.7291 61.1693 56.2044 53.439 46.4461 37.4255 35.1941 33.9708 33.8876 31.155 29.7173 27.7907 27.0102 26.6471 26.1988 26.1173
threshold=4.5000000000000009 0.4250000000000001 -0.42999999999999922 1.5000000000000002 0.4033333333333336 3.5000000000000004 3.5000000000000004 -0.85166666666666624 1.3066666666666671 1.5000000000000002 2.5000000000000004 -1.1349999999999993 5.5000000000000009 1.0116666666666672 3.3541666666666674 -1.3583333333333329 5.5000000000000009 39.085000000000008 2.5000000000000004 2.5000000000000004 -0.012916666666666464 -0.024500000000000185 36.500000000000007 2.0150000000000001 0.013333333333333199 -0.02777777777777778 0.013333333333333199 0.023333333333332987 0.18833333333333371 1.5000000000000002
decision_type=2 2 2 2 2 2 2 2 2 2 2 2 2 2 8 2 2 2 2 2 2 2 2 2 2 8 2 2 2 2
left_child=2 7 6 9 5 14 11 23 16 27 25 20 21 24 -5 -8 -3 22 -13 26 -1 -9 -11 -2 -12 -6 -16 -4 -23 -22
right_child=1 8 3 4 10 -7 15 12 -10 17 13 18 -14 -15 19 -17 -18 -19 -20 -21 29 28 -24 -25 -26 -27 -28 -29 -30 -31
leaf_value=-0.0028348914747138836 -0.044314562858502687 0.0024869615999898492 -0.012711392178582595 0.021774259692868638 0.02624267660029117 -0.001997613111804116 -0.031971400670663834 -0.0068408955499584456 0.016167606439462145 0.0027036763026187511 0.021438132944981737 0.0073681022088983765 -0.028324541376100878 0.028653814884849384 0.02150955315527555 -0.014839950809143292 -0.010296091624601414 -0.00042882053376514846 -0.0031440780271263713 0.0060641208681266349 -0.0022098410491850694 -0.020539015976035194 0.014453043330848939 -0.034540611889514725 0.011690304851669804 0.03782586539044161 0.0085161261365009362 0.0034744847153240221 -0.0085776442679545584 -0.020885223843983076
leaf_weight=428.27379010617733 738.99091163277626 1135.4181902110577 1206.2660112828016 1831.1866182237864 413.69228833913803 1832.7259961813688 457.55929963290691 514.31087481975555 1030.5475212484598 607.97913555800915 1287.6163560003042 1810.2729602754116 2256.5115301460028 1803.9448661357164 682.80068996548653 1229.706801250577 1067.9558195769787 1311.467290520668 1069.9569760560989 1050.6382872909307 149.36801932752132 1622.5413742810488 1109.5556457191706 1775.4713120907545 818.47100776433945 1666.1972030699253 409.49227857589722 188.12083464860916 357.54136003553867 605.55660960078239
leaf_count=3176 5882 7927 8483 12635 2782 13075 3547 3734 7009 4278 8754 12986 16780 12053 4727 9091 7588 9252 7703 7362 1101 11958 7770 13678 5595 11128 2893 1311 2560 4554
internal_value=-1.74165e-05 -0.0180402 0.00859522 0.0139295 0.0189459 0.010463 -0.00645048 -0.0272387 0.00262513 0.000551196 0.0271696 -0.00103782 -0.0218538 0.0227267 0.0162094 -0.0194857 -0.00370887 0.00565132 0.003463 0.011454 -0.0119941 -0.0160001 0.010294 -0.0374131 0.0176499 0.035522 0.0166384 -0.0105277 -0.0183792 -0.0171901
internal_weight=32470.1 10499.3 21970.8 16220.2 11796.8 5806.84 5750.69 7265.37 3233.92 4423.39 5989.92 4063.43 4750.91 3910.03 3974.12 1687.27 2203.37 3029 2880.23 2142.93 1183.2 2494.39 1717.53 2514.46 2106.09 2079.89 1092.29 1394.39 1980.08 754.925
internal_count=231372 77116 154256 112098 81004 40692 42158 54592 22524 31094 40312 29520 35032 26402 27617 12638 15515 21300 20689 14982 8831 18252 12048 19560 14349 13910 7620 9794 14518 5655
is_linear=0
shrinkage=0.04


Tree=5
num_leaves=31
num_cat=0
split_feature=0 27 27 0 27 27 0 0 27 0 27 26 0 27 27 0 11 9 4 27 0 5 29 27 27 5 5 5 26 27
split_gain=2928.25 1186.3 993.346 627.295 402.914 229.66 228.964 206.162 157.049 127.498 122.711 116.598 116.519 66.4749 58.5622 54.994 54.0443 47.4731 46.6064 42.4443 38.3189 36.4177 35.7836 35.5602 34.5448 33.9038 31.6896 30.1668 27.7358 26.3104
threshold=4.5000000000000009 0.4250000000000001 -0.42999999999999922 1.5000000000000002 0.30999999999999989 -0.9199999999999996 3.5000000000000004 3.5000000000000004 1.3291666666666668 3.5000000000000004 -1.1349999999999993 5.9750000000000005 5.5000000000000009 -1.4266666666666667 1.2044999999999997 2.5000000000000004 10.500000000000002 45.500000000000007 0.018333333333333094 0.84666666666666746 5.5000000000000009 2.5000000000000004 5.4650000000000007 -1.6533333333333329 1.9300000000000002 3.5000000000000004 1.5000000000000002 4.5000000000000009 2.0150000000000001 -0.051833333333333613
decision_type=2 2 2 2 2 2 2 2 2 2 2 2 2 2 2 2 2 2 2 2 2 2 2 2 2 2 2 2 2 2
left_child=2 5 6 11 7 28 10 15 20 16 23 17 25 -8 -11 21 19 -4 -12 -6 -3 29 -17 -1 -10 -7 -13 -9 -2 -5
right_child=1 8 3 4 9 12 13 27 24 14 18 26 -14 -15 -16 22 -18 -19 -20 -21 -22 -23 -24 -25 -26 -27 -28 -29 -30 -31
leaf_value=-0.02212952587648901 -0.043669360548670356 0.001702650959142891 0.0028280458402266812 0.01920631634056932 0.021919977144157322 -0.010765118970256869 -0.032728705489838708 0.0017599280755157534 0.010776148696256678 0.011808065677901314 0.0071425551409638969 -0.012734975431690441 -0.02820102787266841 -0.014017662565236769 0.026172103647034317 0.0052253861046325442 0.039023519133150671 0.015237710463257963 -0.003596030916746617 0.030198818869911173 -0.0087887337286236145 0.015561392559584145 0.016791893480775626 -0.0071235957370132498 0.026864841166399322 -0.020033804627248394 -0.0026046126897798943 -0.0098188488480642645 -0.034121687359439691 0.03482223539522751
leaf_weight=365.77718007564545 706.49088102579117 1152.634713858366 1525.0215410590172 335.9323757737875 1787.0485302060843 1168.321556687355 400.18514424562454 1103.2686794400215 713.31951960921288 1434.2065438628197 1920.3607305139303 759.16241030395031 2299.0718447566032 1261.2819993495941 664.5663982629776 1020.1143290251493 640.40927489101887 729.00617738068104 974.95383121073246 2223.8451275229454 1077.9303557127714 1123.5548059493303 737.24165676534176 817.13569632172585 304.76069608330727 1374.0934403389692 1414.8871237039566 534.40371632575989 1565.6464797258377 355.11379541456699
leaf_count=2810 5803 8032 10680 2296 11913 8579 3183 7838 4815 9792 13650 5403 17442 9427 4376 7086 4223 5037 7101 14511 7707 7766 5070 6090 2033 10247 9997 3875 12390 2391
internal_value=9.50333e-05 -0.017453 0.00831277 0.0133284 0.0180904 -0.0265991 -0.00600779 0.00973324 0.00257433 0.0245403 -0.000908508 0.000467035 -0.0216755 -0.0185245 0.0163564 0.0151212 0.0282331 0.00684163 0.0035265 0.0265102 -0.00336736 0.0200055 0.0100777 -0.0117637 0.0155923 -0.0157745 -0.00614206 -0.00201845 -0.0370904 0.027231
internal_weight=32489.7 10362.3 22127.5 16387.8 11959.7 7113.62 5739.69 5209.63 3248.65 6750.08 4078.23 4428.08 4841.49 1661.47 2098.77 3571.96 4651.3 2254.03 2895.31 4010.89 2230.57 1814.6 1757.36 1182.91 1018.08 2542.41 2174.05 1637.67 2272.14 691.046
internal_count=231563 77048 154515 112254 81137 54461 42261 36322 22587 44815 29651 31117 36268 12610 14168 24609 30647 15717 20751 26424 15739 12453 12156 8900 6848 18826 15400 11713 18193 4687
is_linear=0
shrinkage=0.04


Tree=6
num_leaves=31
num_cat=1
split_feature=0 27 27 0 28 0 0 27 27 28 27 0 0 13 12 27 0 27 0 20 27 5 5 19 27 5 5 5 5 27
split_gain=2689.93 1119.47 931.35 578.224 394.421 222.825 216.568 204.739 170.316 121.96 111.548 101.82 90.1901 63.8531 56.5799 48.6221 46.0879 40.29 39.2888 39.1549 37.1806 36.3877 34.3245 33.9238 33.4349 31.4085 31.2971 29.5046 29.0286 27.3767
threshold=4.5000000000000009 0.30999999999999989 -0.42999999999999922 1.5000000000000002 2.5000000000000004 3.5000000000000004 3.5000000000000004 -0.83499999999999963 0.94833333333333358 1.5000000000000002 -1.0483333333333333 3.5000000000000004 5.5000000000000009 0.47222222222222227 4.4142857142857155 0.52400000000000058 5.5000000000000009 1.583666666666667 2.5000000000000004 37.220000000000006 -1.8600000000000003 3.5000000000000004 4.5000000000000009 0 -1.8600000000000003 5.5000000000000009 3.5000000000000004 2.5000000000000004 2.5000000000000004 0.32000000000000078
decision_type=2 2 2 2 2 2 2 2 2 2 2 2 2 8 10 2 2 2 2 2 2 2 2 1 2 2 2 2 2 2
left_child=2 7 6 9 11 13 10 24 16 -4 20 23 26 18 -8 -13 -3 -10 27 -11 -1 -12 -7 -5 -2 -22 -9 -6 -15 -20
right_child=1 8 3 4 5 22 14 12 17 19 21 15 -14 28 -16 -17 -18 -19 29 -21 25 -23 -24 -25 -26 -27 -28 -29 -30 -31
leaf_value=-0.024819061088252437 -0.04143988044818283 -0.0013340792103994619 -0.0093369953925881918 0.022354830309821151 0.023882466641850231 0.0026679000276054517 -0.01367940256987084 -0.010474426141011692 0.0054277165205610023 0.0095437027354415352 0.0081487587010501406 0.0040794278136903599 -0.02744540121576201 0.031580086352431945 -0.030435458365840235 0.020269513639917795 -0.013872333031950066 0.018031691763055815 0.0051641977224825622 0.000444957646530486 -0.004559593601869423 -0.0012747697856653043 -0.008799925962174427 0.031177167268052801 -0.031905540611890236 -0.023258612068414782 -0.020042737476145042 0.012728530109426945 0.018399007649799539 0.017804051664501077
leaf_weight=227.53458304703236 999.4301673322916 991.81614428758621 1397.0816532075405 1350.1581776589155 602.86227083206177 1302.2991539537907 1209.3093593344092 1008.6748625934124 1095.0169597119093 1499.0492337197065 1451.093803614378 372.77333189547062 1967.5705918818712 441.6506175249815 439.65527631342411 1456.1498883664608 889.95543871819973 644.70633327960968 1222.1274760812521 1528.162752866745 1027.054271042347 1195.9514215737581 614.7217853218317 2675.6071684360504 1431.2393030002713 167.10903589427471 1194.8905003964901 1023.912431627512 677.28025509417057 353.46337659657001
leaf_count=1801 8405 6984 9908 8744 4013 9166 9201 7473 7568 10402 10216 2602 15245 2923 3479 9601 6492 4271 8452 10771 7638 8686 4441 17284 11495 1265 9052 6975 4563 2346
internal_value=0.000187499 -0.0167946 0.00799559 0.0128122 0.017339 0.0103407 -0.00591855 -0.0265981 0.00107681 0.000438918 -0.000962661 0.0247958 -0.0212208 0.0153759 -0.018147 0.0169696 -0.00726386 0.0100985 0.0125017 0.00495058 -0.00999992 0.00389115 -0.00100943 0.0283513 -0.0358258 -0.0071763 -0.0156629 0.016862 0.0236017 0.00799979
internal_weight=32458.3 10223.3 22235 16517.3 12093 6238.32 5717.71 6601.81 3621.49 4424.29 4068.74 5854.69 4171.14 4321.3 1648.96 1828.92 1881.77 1739.72 3202.37 3027.21 1421.7 2647.05 1917.02 4025.77 2430.67 1194.16 2203.57 1626.77 1118.93 1575.59
internal_count=231462 76985 154477 112191 81110 42879 42286 51670 25315 31081 29606 38231 31770 29272 12680 12203 13476 11839 21786 21173 10704 18902 13607 26028 19900 8903 16525 10988 7486 10798
cat_boundaries=0 1
cat_threshold=2146478
is_linear=0
shrinkage=0.04


Tree=7
num_leaves=31
num_cat=5
split_feature=0 28 28 0 28 0 0 28 28 12 26 0 4 0 0 12 20 11 0 4 19 10 19 19 26 19 0 14 14 11
split_gain=2514.04 1061.82 787.603 470.227 360.147 199.279 193.68 179.965 132.756 104.72 96.9331 88.8006 80.6831 79.7199 70.0573 58.015 47.8999 47.4871 47.293 45.8443 34.7686 34.6367 34.5972 33.6609 32.4927 32.3259 29.8724 29.3321 28.8836 28.0142
threshold=4.5000000000000009 3.5000000000000004 4.5000000000000009 1.5000000000000002 2.5000000000000004 3.5000000000000004 3.5000000000000004 1.5000000000000002 1.5000000000000002 4.6833333333333345 3.6450000000000005 3.5000000000000004 0.017083333333333343 5.5000000000000009 5.5000000000000009 4.0500000000000007 36.120000000000012 8.5000000000000018 5.5000000000000009 -0.0049999999999994485 0 1 2 3 4.785000000000001 4 2.5000000000000004 0.29917328042328045 0.19629629629629636 7.5000000000000009
decision_type=2 2 2 2 2 2 2 2 2 10 2 2 2 2 2 10 2 2 2 2 1 1 1 1 2 1 2 8 10 2
left_child=2 7 3 8 11 10 12 18 -1 13 -4 26 17 -3 -9 -7 -10 20 25 -12 -6 -8 -14 -18 -21 -2 29 -20 -13 -5
right_child=1 9 5 4 6 15 21 14 16 -11 19 28 22 -15 -16 -17 23 -19 27 24 -22 -23 -24 -25 -26 -27 -28 -29 -30 -31
leaf_value=-0.0096024444016712378 0.0053592096349831453 -0.020863467136332026 -0.014034995251454447 0.025760460532967145 0.020537267738498781 -0.010308640377240316 0.004636989397612353 -0.0029768369192542986 0.010785358075101444 -0.039831139331093827 0.0071729350541431891 0.01255443584763313 -0.00059456853909596315 -0.031887649868771226 -0.015035237622513537 -0.025260655955039683 0.0072920483115843857 0.025393415075205206 -0.0031827527107189412 -0.00563963096822819 0.0091576174501661299 -0.0063293315990341492 0.011878531738345235 -0.0043949198924129566 0.0051501545207423586 0.021899829166323666 0.022831964796330331 0.01351100860662581 0.023576025763226656 0.035194267792188073
leaf_weight=1376.2813675552607 370.31069764494896 2225.2763104736805 702.39672806113958 1212.1220156699419 801.68220466375351 985.5170012190938 803.1057645380497 1625.3391590863466 1405.5789419487119 1118.6421161666512 1629.68297059834 1313.4737832099199 660.63310471177101 1986.3830329328775 1466.4008515179157 717.48253194242716 682.81433425843716 908.43919205665588 648.56210485100746 1286.7755681350827 1054.5385554656386 1055.8804725781083 770.37697369605303 905.52330483496189 683.8996592015028 431.17412143945694 2003.8714598864317 227.46959316730499 535.5571922659874 861.67607122659683
leaf_count=9822 2504 17384 5347 7683 5352 7462 5674 11644 9714 9534 11472 8725 4539 15961 10984 5678 4796 6022 4498 9421 7055 7604 5295 6362 4854 2913 12791 1530 3481 5438
internal_value=-0.000120623 -0.0166841 0.00736166 0.0119116 0.0160083 -0.0050263 0.00914698 -0.00297261 0.00068015 -0.0289524 -0.000442339 0.0230178 0.013909 -0.0260629 -0.00869609 -0.016608 0.00540698 0.0178998 0.00757604 0.00220946 0.0142323 -0.00160084 0.00619911 0.000647459 -0.00189516 0.0145977 0.0263148 0.00115193 0.0157468 0.0296803
internal_weight=32456.9 10099.6 22357.3 16351.6 11981.4 6005.75 6054.66 4769.26 4370.2 5330.3 4302.75 5926.7 4195.67 4211.66 3091.74 1703 2993.92 2764.66 1677.52 3600.36 1856.22 1858.99 1431.01 1588.34 1970.68 801.485 4077.67 876.032 1849.03 2073.8
internal_count=231539 76952 154587 110353 79659 44234 41541 34073 30694 42879 31094 38118 28263 33345 22628 13140 20872 18429 11445 25747 12407 13278 9834 11158 14275 5417 25912 6028 12206 13121
cat_boundaries=0 1 2 3 4 5
cat_threshold=2579328 3 5680147 6432303 10753852
is_linear=0
shrinkage=0.04


Tree=8
num_leaves=31
num_cat=1
split_feature=0 27 27 0 27 27 0 0 28 0 27 0 27 27 27 9 0 4 0 14 4 11 11 28 19 4 26 4 26 20
split_gain=2320.96 1042.3 779.361 437.366 282.404 231.16 206.265 142.693 135.866 124.975 120.979 96.2848 95.5356 77.8285 49.8284 49.1997 46.4667 45.1773 43.3208 36.9694 36.0305 35.9589 35.8185 35.2955 32.6831 31.1594 30.9028 30.2 27.9394 27.9113
threshold=4.5000000000000009 0.4250000000000001 -0.42999999999999922 1.5000000000000002 0.20916666666666653 -0.95333333333333325 3.5000000000000004 2.5000000000000004 1.5000000000000002 3.5000000000000004 1.583666666666667 5.5000000000000009 -1.0283333333333329 0.93333333333333302 -1.8600000000000003 38.500000000000007 5.5000000000000009 -0.013333333333333195 3.5000000000000004 0.040039682539682563 0.031833333333333165 11.500000000000002 7.5000000000000009 3.5000000000000004 0 0.026666666666665954 5.1750000000000007 0.015499999999999849 2.0150000000000001 39.085000000000008
decision_type=2 2 2 2 2 2 2 2 2 2 2 2 2 2 2 2 2 2 2 8 2 2 2 2 1 2 2 2 2 2
left_child=2 5 6 8 9 28 12 22 25 20 16 23 17 18 -8 -10 24 -1 -9 -18 26 -15 -6 -7 -3 -4 -5 -14 -2 -17
right_child=1 10 3 4 7 11 14 13 15 -11 -12 -13 27 21 -16 29 19 -19 -20 -21 -22 -23 -24 -25 -26 -27 -28 -29 -30 -31
leaf_value=0.00047757910452681326 -0.042948878270757371 0.011001591843072343 -0.011936735150788236 0.009516326752618539 0.023741785659585429 -0.0077665242697766961 -0.035842379275005554 0.016476358656940242 -0.00018206818166280027 -0.0022807385674840147 0.018120174554740871 -0.026086090713512183 0.0070332869373754053 0.02104556593986262 -0.014960353393461022 0.01432632008301396 -0.016446771309581922 -0.014265273586708871 0.0066298752805845733 -0.0018225940572663254 0.0040412960070066893 0.05263718579273171 0.033077296375854118 -0.017913590468561735 -0.0015212113936558412 0.006413279327584777 0.018470383804598013 -0.001996336280477086 -0.032905384957733833 0.0038890989703929128
leaf_weight=518.26711847633123 649.88363033533096 586.03869788348675 1196.7584713995457 1155.5144809037447 1629.6137675642967 813.78380693495274 210.46304361522198 1518.114444732666 1349.2017591893673 1409.5841092914343 653.50033687055111 2198.0654793232679 1679.1141863465309 2078.1962728351355 1392.5918590128422 1001.4556796252728 415.94002363085747 928.14251386374235 1351.2498647868633 825.48303636908531 704.07898630201817 59.292493030428886 1102.4426721185446 1682.3551151305437 757.42314647138119 168.96312367916107 1322.5693637430668 915.89682856202126 1393.2447885274887 694.07096236944199
leaf_count=3870 5845 4026 8619 7799 10259 6027 1792 9782 9441 10135 4262 17653 11754 13089 10828 6827 3025 7112 9185 5906 4850 373 6863 13077 5248 1190 8736 6678 11840 4892
internal_value=0.000141639 -0.0159053 0.00729267 0.0116264 0.0154931 -0.0248694 -0.00556094 0.020156 0.00081603 0.00763437 0.00274399 -0.0199813 -0.000745144 0.0161438 -0.0177019 0.00551801 -0.00114335 -0.00898272 0.0118394 -0.00672244 0.0120264 0.0219219 0.0275089 -0.0146055 0.00401199 -0.00966652 0.0142952 0.00384632 -0.0361 0.0100538
internal_weight=32361.3 9975.72 22385.6 16741.1 12330.7 6737.33 5644.48 7738.91 4410.45 4591.75 3238.39 4694.2 4041.42 5006.85 1603.05 3044.73 2584.88 1446.41 2869.36 1241.42 3182.16 2137.49 2732.06 2496.14 1343.46 1365.72 2478.08 2595.01 2043.13 1695.53
internal_count=230983 76909 154074 112040 81071 54442 42034 49551 30969 31520 22467 36757 29414 32429 12620 21160 18205 10982 18967 8931 21385 13462 17122 19104 9274 9809 16535 18432 17685 11719
cat_boundaries=0 1
cat_threshold=1587351
is_linear=0
shrinkage=0.04


Tree=9
num_leaves=31
num_cat=4
split_feature=0 27 27 0 27 27 27 0 27 0 0 26 0 0 29 27 27 26 14 28 19 0 19 19 0 0 0 8 19 14
split_gain=2093.62 1000.38 718.373 424.065 260.61 221.405 191.217 148.984 132.275 123.813 100.153 93.5089 92.8359 51.397 44.5172 40.7242 39.7946 36.0113 31.7476 30.3421 30.8038 30.2454 29.7307 26.0556 25.117 25.0507 24.7911 24.605 24.5614 26.1707
threshold=4.5000000000000009 0.4250000000000001 -0.42999999999999922 1.5000000000000002 0.30999999999999989 -0.85166666666666624 -1.3583333333333329 3.5000000000000004 1.3291666666666668 2.5000000000000004 5.5000000000000009 5.8850000000000007 3.5000000000000004 5.5000000000000009 5.3050000000000006 0.86000000000000065 -1.8600000000000003 2.0150000000000001 0.016666666666666673 2.5000000000000004 0 2.5000000000000004 1 2 2.5000000000000004 5.5000000000000009 2.5000000000000004 1.5000000000000002 3 -0.096296296296296227
decision_type=2 2 2 2 2 2 2 2 2 2 2 2 2 2 2 2 2 2 10 2 1 2 1 1 2 2 2 2 1 8
left_child=2 5 6 11 7 17 16 14 13 -8 19 -4 21 23 24 -14 -1 -2 -11 -7 -21 -6 -13 -3 -5 -19 -18 -15 -23 -30
right_child=1 8 3 4 12 10 9 -9 -10 18 -12 22 15 27 -16 -17 26 25 -20 20 -22 28 -24 -25 -26 -27 -28 -29 29 -31
leaf_value=-0.030085534577298758 -0.042742046704025642 0.0092636459156559096 0.0062265542842236008 0.012589187797888961 0.02574016563684392 1.2932941539634321e-05 0.0050691206640367335 -0.0021363909954241317 0.014558182038159069 -0.010491578241307037 -0.025600655308168491 -0.010432797830939106 0.0069347293243022688 0.0032145071085171468 0.016946021101732107 0.017891389061675242 -0.005622994156638186 -0.02655076548012358 0.00098323242951788752 -0.0078537178309196452 -0.018455359829904122 0.024456436406345913 -0.001266788547013929 -0.0026950257901784186 0.0035065747699547906 -0.036649809438295329 -0.020910818525324903 -0.012149584314449721 -0.00084717642337349462 0.017491071913243467
leaf_weight=424.86469396948814 630.60368844121695 552.29250493645668 2123.0165564566851 1004.6888333857059 2507.7846628576517 237.7558591067791 2114.1456366479397 1633.8382118344307 1038.9992850571871 1927.0779941305518 2060.06525413692 1027.7695670723915 1023.1749188601971 207.61772713065147 1770.4067187309265 1156.0012256652117 290.23280058801174 813.54840177297592 482.33825594186783 708.55781338363886 1421.8578257933259 1013.0147676020861 1270.030951038003 601.01931189000607 945.70924670994282 760.21321996301413 408.7200239226222 847.75451190769672 138.1494150608778 1261.5889952778816
leaf_count=3591 5857 3799 14566 6655 15403 1747 15081 11733 6789 14484 16832 7372 6884 1516 11641 7307 2209 6995 3575 5489 11018 6319 9091 4193 6419 6609 3284 6201 876 7886
internal_value=-4.96518e-05 -0.0154008 0.00668466 0.0108173 0.0145951 -0.0243072 -0.0056642 0.00793241 0.00278834 -0.00199555 -0.0191509 0.000174336 0.0196202 -0.00274838 0.0123537 0.012747 -0.0204312 -0.0346654 -0.00819445 -0.0135403 -0.0150528 0.0226641 -0.00541751 0.00308864 0.00818521 -0.0314292 -0.0145627 -0.00912709 0.0194669 0.0155699
internal_weight=32402.8 9880.29 22522.6 16875.2 12454.4 6632.6 5647.38 5354.64 3247.68 4523.56 4428.24 4420.82 7099.71 2208.68 3720.8 2179.18 1123.82 2204.37 2409.42 2368.17 2130.42 4920.54 2297.8 1153.31 1950.4 1573.76 698.953 1055.37 2412.75 1399.74
internal_count=231421 77045 154376 112152 81123 54547 42224 36448 22498 33140 35086 31029 44675 15709 24715 14191 9084 19461 18059 18254 16507 30484 16463 7992 13074 13604 5493 7717 15081 8762
cat_boundaries=0 1 2 3 4
cat_threshold=1836059 9722336 5781686 14097472
is_linear=0
shrinkage=0.04


Tree=10
num_leaves=31
num_cat=0
split_feature=0 28 27 0 27 27 0 0 27 28 27 0 0 27 0 0 5 12 27 5 9 27 27 27 4 22 4 16 22 0
split_gain=1943.98 939.821 593.38 395.437 261.753 227.928 173.593 138.881 111.505 102.152 94.6958 89.9367 70.9262 48.434 44.8316 44.5413 35.8553 35.4011 35.3029 34.9642 34.8196 33.1784 33.1413 32.4845 29.2965 27.5471 26.9756 26.9021 26.4272 26.4024
threshold=4.5000000000000009 2.5000000000000004 -0.42999999999999922 1.5000000000000002 0.30999999999999989 -0.85166666666666624 3.5000000000000004 3.5000000000000004 0.97999999999999987 1.5000000000000002 -1.0283333333333329 3.5000000000000004 5.5000000000000009 -1.3583333333333329 2.5000000000000004 5.5000000000000009 2.5000000000000004 4.6458333333333348 1.2044999999999997 3.5000000000000004 37.500000000000007 -1.6533333333333329 -0.13499999999999931 1.9300000000000002 -0.028333333333333762 8.3450000000000024 0.0050000000000003384 0.29166666666666669 -4.2981666666666642 5.5000000000000009
decision_type=2 2 2 2 2 2 2 2 2 2 2 2 2 2 2 2 2 8 2 2 2 2 2 2 2 2 2 10 2 2
left_child=2 8 6 9 7 17 10 14 15 24 21 25 -7 -8 16 -2 -5 29 -13 28 -11 -1 -14 -10 -4 -6 -23 -16 -12 -3
right_child=1 5 3 4 11 12 13 -9 23 20 19 18 22 -15 27 -17 -18 -19 -20 -21 -22 26 -24 -25 -26 -27 -28 -29 -30 -31
leaf_value=-0.019384225747569789 0.0016074079054562011 -0.023922760733773907 -0.015779378000831304 0.022664334016333786 0.018525869704182952 -0.0136046372507354 -0.027824342855271151 -0.0025579840329069078 0.0073156519665483503 -0.0012360795041602285 0.0037320173083114721 0.0086110640286498237 -0.028626416681842397 -0.011837031334255062 0.0019592323402445135 -0.011829147452197358 0.01139668953829121 -0.039922634840196924 0.019429850951004943 -0.0009444768560465844 0.0074839364025187051 0.00061033328705353905 -0.018346945646735138 0.021614176409616919 -0.0039618168101344855 0.024503838687447405 -0.01195559524587907 0.011661329149357687 0.014693686653251483 -0.03579453595970309
leaf_weight=345.46616634726524 824.44371367990971 625.55316226929426 595.66945822536945 734.41128660738468 2224.2048043459654 2364.9815082848072 410.38681494444609 1626.741572201252 1352.4652229547501 1211.7501725256443 834.29479575157166 1483.1560436934233 1072.5063412338495 1160.764714628458 885.22763179242611 757.34755560010672 1174.5054882019758 957.32234437763691 715.33818735182285 1172.3204452693462 1853.1723013371229 593.73422319442034 943.08269836008549 313.06994684040546 768.90289404988289 2768.5832102000713 506.53400840610266 945.87082500755787 608.60353675484657 575.45918970555067
leaf_count=2815 5816 5446 4360 4674 13690 18302 3560 11699 9124 8470 5804 9784 9043 9080 5984 5748 7760 8995 4422 8520 12727 4394 7610 1980 5528 16831 3902 6234 4201 5112
internal_value=8.46161e-05 -0.01481 0.00652867 0.0102591 0.0138836 -0.0235455 -0.0047229 0.00719871 0.00277993 -1.67834e-05 -0.000354875 0.0188724 -0.0183034 -0.0160129 0.0114424 -0.00482589 0.0157317 -0.0341847 0.0121312 0.00418665 0.00403638 -0.00857013 -0.0238167 0.0100033 -0.00912047 0.0218408 -0.00517468 0.00697094 0.00835557 -0.0296111
internal_weight=32405.9 9786.23 22619.6 16987.5 12558 6538.91 5632.1 5366.76 3247.33 4429.49 4060.95 7191.28 4380.57 1571.15 3740.02 1581.79 1908.92 2158.33 2198.49 2615.22 3064.92 1445.73 2015.59 1665.54 1364.57 4992.79 1100.27 1831.1 1442.9 1201.01
internal_count=231615 77176 154439 112163 81078 54508 42276 36351 22668 31085 29636 44727 34955 12640 24652 11564 12434 19553 14206 18525 21197 11111 16653 11104 9888 30521 8296 12218 10005 10558
is_linear=0
shrinkage=0.04


Tree=11
num_leaves=31
num_cat=0
split_feature=0 27 27 0 27 27 0 27 27 0 28 0 0 0 0 27 14 14 26 5 14 0 9 28 26 8 5 27 11 12
split_gain=1840.22 884.558 610.803 355.799 223.073 186.462 182.065 176.443 148.807 127.585 103.972 72.9375 52.6986 46.7845 43.9669 41.468 40.5906 38.9038 37.232 34.2079 33.6839 30.6562 30.1411 28.1527 28.1367 25.6971 24.1535 23.2952 22.9678 22.828
threshold=4.5000000000000009 0.28000000000000075 -0.42999999999999922 1.5000000000000002 0.51333333333333309 -0.9199999999999996 3.5000000000000004 -1.6533333333333329 0.94833333333333358 2.5000000000000004 1.5000000000000002 5.5000000000000009 2.5000000000000004 5.5000000000000009 2.5000000000000004 1.8800000000000006 0.015555555555555574 -0.064880952380952414 5.3250000000000011 5.5000000000000009 0.25849867724867731 5.5000000000000009 45.500000000000007 2.5000000000000004 2.0150000000000001 1.5000000000000002 5.5000000000000009 0.20916666666666653 9.5000000000000018 4.0500000000000007
decision_type=2 2 2 2 2 2 2 2 2 2 2 2 2 2 2 2 10 8 2 2 10 2 2 2 2 2 2 2 2 8
left_child=2 5 7 10 6 24 12 -1 13 17 -4 23 18 -3 -6 21 -11 -9 -5 25 26 -10 -12 -7 -2 -8 -16 -20 -19 -14
right_child=1 8 3 4 14 11 19 9 15 16 22 -13 29 -15 20 -17 -18 28 27 -21 -22 -23 -24 -25 -26 -27 -28 -29 -30 -31
leaf_value=-0.025956090232586226 -0.041818499063902455 -0.0014654177242267247 -0.0090421757971725115 0.011600776250163739 0.023719654213498444 0.0048471831513105272 0.010339978525687866 -0.00026966102927518241 0.011596785563120363 -0.011337471080355961 0.0016136998831564576 -0.025216928100242089 0.010155842558847994 -0.013882970486572055 0.015989036498142845 0.020883343967318835 0.00094063916474012839 0.0069775723178957597 0.016946271351761268 -0.013798850857836539 0.024407332348882673 -7.2239058468633388e-05 0.010234335237644179 -0.015436421308899195 -0.031348117142662633 -0.0018223374174134597 0.0052365758921879245 0.027930165293206032 0.022234966361110473 -0.0003111890556892031
leaf_weight=595.32920720428228 587.62116450071335 1051.5651828497648 1369.4753120094538 1169.7386840432882 2055.3768066316843 115.82450567185879 346.86355559527874 1395.1385710462928 713.79166762530804 2139.9723540097475 2165.6992793977261 1839.1019484400749 1948.8408532738686 901.74928052723408 2706.7436081320047 360.10060624778271 539.39394496381283 722.80289740115404 747.81344386935234 311.32859380543232 695.09608320891857 727.2197173833847 926.5726466178894 1999.9733286425471 1363.4938433393836 1399.0892475098372 381.35380531847477 526.41391833126545 201.9744823500514 402.18026180565357
leaf_count=5118 5812 7451 9985 7588 12211 860 2452 10045 4736 16419 15065 15668 12722 6903 16766 2253 4026 5110 4785 2274 4235 4996 6267 15900 12416 9927 2384 3216 1426 2717
internal_value=-0.000105717 -0.0147321 0.00610592 0.00984932 0.0132652 -0.0243826 0.00836997 -0.00537103 0.000448889 -0.0029197 0.000133268 -0.0193905 0.0126408 -0.00719799 0.0190104 0.00874197 -0.00886572 0.0039476 0.0167537 -0.00158414 0.0164519 0.0057079 0.0041968 -0.014326 -0.0345015 0.000593916 0.0146612 0.021484 0.0103098 0.00836529
internal_weight=32407.6 9660.44 22747.2 17152.6 12690.8 5906.01 6852.27 5594.61 3754.43 4999.28 4461.75 3954.9 4794.99 1953.31 5838.57 1801.11 2679.37 2319.92 2443.97 2057.28 3783.19 1441.01 3092.27 2115.8 1951.12 1745.95 3088.1 1274.23 924.777 2351.02
internal_count=231733 76995 154738 112594 81277 50656 45681 42144 26339 37026 31317 32428 31028 14354 35596 11985 20445 16581 15589 14653 23385 9732 21332 16760 18228 12379 19150 8001 6536 15439
is_linear=0
shrinkage=0.04


Tree=12
num_leaves=31
num_cat=7
split_feature=27 27 27 5 5 23 27 27 7 27 5 7 14 19 27 6 26 7 6 15 19 30 19 8 19 19 19 29 20 6
split_gain=1471.84 440.362 254.106 116.807 89.1175 56.9208 52.1736 50.4041 35.6495 30.9732 27.2144 27.1795 25.8335 27.2026 24.3681 23.6354 22.58 22.389 21.7725 18.971 18.9425 18.8336 18.6336 18.4541 18.3056 16.6212 16.4581 16.2888 19.4126 15.8226
threshold=-0.42999999999999922 -1.8600000000000003 0.30999999999999989 3.5000000000000004 4.5000000000000009 3.5000000000000004 0.8883333333333342 -0.95333333333333325 8.9316666666666684 -0.008333333333333524 4.5000000000000009 -2.6549999999999989 0.016666666666666673 0 -1.1116666666666664 58.860000000000007 2.2150000000000003 1.3283333333333369 27.845000000000002 4.5000000000000009 1 2 3 1.5000000000000002 4 5 6 8.0050000000000008 51.570000000000007 37.645000000000003
decision_type=2 2 2 2 2 2 2 2 2 2 2 2 10 1 2 2 2 2 2 10 1 1 1 2 1 1 1 2 2 2
left_child=1 16 4 5 8 19 10 -5 9 -2 23 -11 -9 -14 -7 20 -1 -6 -12 -3 -16 -8 -10 26 -20 29 -4 28 -25 -23
right_child=2 3 6 7 17 14 21 12 22 11 18 -13 13 -15 15 -17 -18 -19 24 -21 -22 25 -24 27 -26 -27 -28 -29 -30 -31
leaf_value=-0.040400102570410532 -0.00092647043985484611 0.0075016484229259465 0.0045309334339490425 -0.020920350390350295 -0.0082290601735341209 -0.013674999306764453 0.013016580403001963 -0.013698551055475029 0.016691958674804188 -0.00025401367457209088 -0.0053905760298655408 0.0079551719399475231 -0.01317176175564907 0.0056924651504688699 -0.0011502891679122506 0.030324116713558728 -0.029182625282116393 -0.00075809764615547049 -0.0014715470199156522 -0.0043613260850287605 -0.0092868969201822856 0.00084846818985583375 0.0040389865313203224 0.0070398768458444227 0.0082540698494782249 0.010516655620618718 0.01590934054524076 0.024626695408877734 -0.0025067953037880351 0.013126256942788539
leaf_weight=763.08638392388821 3274.3942507952452 595.29396912455559 324.22455990314484 1522.4315990433097 1879.8870305344462 887.53633979707956 3886.6667941808701 1820.0850987881422 400.09525532275438 1040.4243137314916 474.25010222941637 1699.1740605831146 219.73923259973526 254.10902665555477 750.67411541193724 28.708044983446598 460.30513325333595 974.50390480458736 497.97875966131687 338.23659629374743 1215.9804489836097 660.29465541243553 381.81421592086554 3479.3493582233787 812.81116688996553 2326.8063857257366 698.27542659640312 77.49538180232048 377.80528866499662 225.22638055682182
leaf_count=7612 23401 4451 2153 12831 13900 7311 24899 14339 2793 7265 3186 11833 1705 1967 5659 215 4235 7172 3351 2577 9174 4248 2675 23086 5464 14930 4626 518 2527 1448
internal_value=-3.88237e-06 -0.0139002 0.00523499 -0.0103293 0.000252704 -0.00538109 0.00870872 -0.0152776 0.00274388 0.00169926 0.00618874 0.00483755 -0.0115327 -0.00321335 -0.0081609 -0.00570824 -0.0361795 -0.00567843 0.00195376 0.00320346 -0.00623422 0.011102 0.0107785 0.00771373 0.00461098 0.00871792 0.0125013 0.00646959 0.00610479 0.0039269
internal_weight=32347.7 8856.19 23491.5 7632.79 9650.29 3816.43 13841.2 3816.36 6795.9 6013.99 6742.19 2739.6 2293.93 473.848 2882.9 1995.36 1223.39 2854.39 1785.04 933.531 1966.65 7098.99 781.909 4957.15 1310.79 3212.33 1022.5 3934.65 3857.15 885.521
internal_count=231551 72076 159475 60229 69039 29387 90436 30842 47967 42499 44911 19098 18011 3672 22359 15048 11847 21072 12001 7028 14833 45525 5468 32910 8815 20626 6779 26131 25613 5696
cat_boundaries=0 1 2 3 4 5 6 7
cat_threshold=146358 12918953 440 2794173 4950568 2147108 145675
is_linear=0
shrinkage=0.04


Tree=13
num_leaves=31
num_cat=4
split_feature=0 27 27 0 27 27 0 0 27 20 27 16 0 0 11 19 19 27 21 27 29 0 27 0 27 19 5 27 19 5
split_gain=1708.12 796.769 482.372 294.282 229.33 199.816 163.241 153.568 112.164 98.7995 78.5014 63.3174 46.3117 44.6743 39.8777 38.0812 37.9339 37.2863 32.6011 30.5268 29.6344 29.1343 30.8753 27.3915 27.388 26.5984 25.5491 25.5253 25.2684 24.5796
threshold=4.5000000000000009 -0.008333333333333524 -0.49666666666666676 1.5000000000000002 0.43666666666666681 0.94833333333333358 3.5000000000000004 3.5000000000000004 -1.0099999999999993 37.220000000000006 -1.0283333333333329 0.29166666666666669 5.5000000000000009 5.5000000000000009 10.500000000000002 0 1 -1.6533333333333329 31.600000000000005 2.0400000000000009 6.5050000000000008 2.5000000000000004 1.2044999999999997 2.5000000000000004 -1.9508333333333332 2 2.5000000000000004 -2.5758333333333323 3 4.5000000000000009
decision_type=2 2 2 2 2 2 2 2 2 2 2 8 2 2 2 1 1 2 2 2 2 2 2 2 2 1 2 2 1 2
left_child=2 8 7 9 6 12 11 10 27 -4 24 16 -3 -10 21 -11 23 -9 28 -7 -19 -6 -23 -5 -1 -16 -12 -2 -13 -26
right_child=1 5 3 4 14 19 -8 17 13 15 26 18 -14 -15 25 -17 -18 20 -20 -21 -22 22 -24 -25 29 -27 -28 -29 -30 -31
leaf_value=-0.023099119361924526 -0.041802883546803289 -0.0045954479204765464 0.0075908523753413304 0.02054201025985488 0.020120942963329971 0.0055888587915933095 -0.0027101429949629419 -0.030548383042462192 -0.016847783744527351 0.0019165862863166985 0.0095003914361132084 0.0010505012215513852 -0.014551237716868344 -0.026587471311795459 0.014643600628311696 -0.007923330044508882 0.0021018567100465511 -0.014503135790800837 0.018964362210422098 0.020860290862155559 0.021414604613033333 0.011145779731252642 0.018673674927875018 0.0054264283285540994 -0.0023509920470466826 0.031549922596749241 0.00064125131709139927 -0.031028614744684904 0.014398589793043079 -0.014666534285030878
leaf_weight=171.44142039120197 497.75438091903925 1623.7701951563358 1760.0515227168798 398.66294559836388 1976.1497596949339 1575.8694774955511 2010.0297057628632 243.37154661864042 1631.5102123767138 962.12565769255161 831.84005908668041 366.72215330600739 1385.4391573294997 1400.1707488596439 303.56370787322521 1808.5733271688223 1450.4918181449175 1118.3602086380124 1509.1953911632299 241.53014202415943 38.002386786043644 2226.1550291925669 1432.8032280355692 369.69601531326771 865.91232138127089 499.5323548913002 1393.1761136353016 1199.9439258575439 630.06096950173378 370.12190017104149
leaf_count=1519 5226 11837 11928 2564 11565 10468 14479 2292 13360 6825 5741 2385 11040 12334 1824 12902 9558 9056 9570 1479 300 13846 8519 2473 6601 2987 10076 11480 4078 2964
internal_value=-9.71516e-05 -0.0142874 0.00586705 0.00897332 0.0119978 -0.0028542 0.00683762 -0.00506111 -0.0259557 0.000179727 -0.000723504 0.0108994 -0.00917909 -0.021346 0.0173957 -0.0045281 0.00597842 -0.0163178 0.0152566 0.00761841 -0.0133227 0.0162073 0.0140936 0.0130987 -0.00811688 0.0257347 0.00395331 -0.0341876 0.00964274 -0.0060388
internal_weight=32292 9555.99 22736 17703.8 13173.1 4826.61 6734.86 5032.23 4729.38 4530.75 3632.49 4724.83 3009.21 3031.68 6438.2 2770.7 2218.85 1399.73 2505.98 1817.4 1156.36 5635.11 3658.96 768.359 1407.48 803.096 2225.02 1697.7 996.783 1236.03
internal_count=231276 77224 154052 115503 83848 34824 45107 38549 42400 31655 26901 30628 22877 25694 38741 19727 14595 11648 16033 11947 9356 33930 22365 5037 11084 4811 15817 16706 6463 9565
cat_boundaries=0 1 2 3 4
cat_threshold=9791 10699424 712758 1778707
is_linear=0
shrinkage=0.04


Tree=14
num_leaves=31
num_cat=6
split_feature=27 27 27 5 5 5 27 12 28 15 27 7 27 19 27 6 19 7 19 7 19 18 3 23 27 14 19 12 19 18
split_gain=1299.82 372.296 235.502 102.281 84.4875 46.6888 41.7393 36.8508 35.7789 35.5935 34.3194 28.6975 26.1708 22.2423 20.4265 21.8738 20.3698 19.5101 19.063 20.4574 17.9656 17.3714 16.8684 15.6993 15.5985 14.4743 14.0946 13.9736 13.8332 15.8629
threshold=-0.47449999999999987 -1.8600000000000003 0.4250000000000001 2.5000000000000004 4.5000000000000009 5.5000000000000009 0.8883333333333342 4.9500000000000011 3.5000000000000004 3.5000000000000004 -0.008333333333333524 8.9316666666666684 -1.0283333333333329 0 -0.22166666666666643 32.360000000000007 1 6.9591666666666692 2 -2.1149999999999998 3 0.22500000000000003 7.1750000000000007 2.5000000000000004 -1.1116666666666664 0.29917328042328045 4 4.3166666666666673 5 0.55000000000000016
decision_type=2 2 2 2 2 2 2 8 2 10 2 2 2 1 2 2 1 2 1 2 1 10 2 2 2 8 1 10 1 10
left_child=1 7 4 8 10 9 17 -1 23 26 11 16 20 -13 -6 -16 -2 -4 27 -20 -10 -18 25 -3 -7 -21 -5 -12 -8 -30
right_child=2 3 6 5 14 24 28 -9 12 -11 18 13 -14 -15 15 -17 21 -19 19 22 -22 -23 -24 -25 -26 -27 -28 -29 29 -31
leaf_value=-0.0252155507208939 -0.0051244565004617991 0.090100633808338812 0.0045617429128189295 -0.010807789330802883 -0.009937457507688768 -0.028238469151450406 0.012826230296268391 -0.040222711631055723 -0.003600659796886019 -0.014482162734229942 0.0025357029029402555 0.018717693282749973 -0.00099812116398959212 0.0011698279151352562 -0.0068805510652191169 0.00065009748551425638 -0.00068817539001325354 0.011294287414885371 0.0025717163678288953 0.0089115185059923645 -0.015676445432053349 0.0080785434496625213 0.06689031073978649 0.021835315881768673 -0.017941293031305101 0.028541955414952986 -0.0019694279056036291 -0.014253919555400651 0.0081076441769729422 0.015166545318827485
leaf_weight=401.07104923576117 1346.6329939737916 8.1156644299626368 4446.7639815211296 526.82943919301033 934.81371049582958 335.92182967066765 2432.8802956342697 753.9298177883029 408.89799122512341 2390.4798829704523 1519.6721617132425 205.349748916924 1486.1508269757032 265.62808976322412 1196.300863713026 1274.7266452386975 1781.5314864516258 814.89088430255651 947.64198266714811 1579.5457209572196 412.04849969595671 453.75339464098215 8.2813660651445371 16.049835257232189 786.40802133083344 62.474832981824875 658.65488737821579 83.681022077798843 4170.6712658554316 580.22827130556107
leaf_count=3867 9693 60 29223 4190 7154 2998 15332 7936 3377 19547 10465 1441 11143 1876 8737 9259 12779 5338 6544 10830 3401 3248 56 118 6420 427 5218 580 26485 3668
internal_value=-0.000192075 -0.013965 0.00448428 -0.010507 0.000399632 -0.0139057 0.00831115 -0.0350115 -0.00365733 -0.0116719 0.0025868 -3.92456e-05 -0.00416449 0.00924308 -0.00490105 -0.00299572 -0.00125976 0.00560444 0.00512008 0.00722804 -0.00989654 0.00108657 0.0099456 0.0447613 -0.0210233 0.00965841 -0.00600498 0.00164915 0.0102937 0.00895091
internal_weight=32290 8184.56 24105.5 7029.56 11660 4698.29 12445.4 1155 2331.26 3575.96 8254.19 4052.9 2307.1 470.978 3405.84 2471.03 3581.92 5261.65 4201.3 2597.94 820.946 2235.28 1650.3 24.1655 1122.33 1642.02 1185.48 1603.35 7183.78 4750.9
internal_count=231410 68275 163135 56472 83089 38373 80046 11803 18099 28955 57939 29037 17921 3317 25150 17996 25720 34561 28902 17857 6778 16027 11313 178 9418 11257 9408 11045 45485 30153
cat_boundaries=0 1 2 3 4 5 6
cat_threshold=11149525 4796467 8588363 12787139 1241940 4217926
is_linear=0
shrinkage=0.04


Tree=15
num_leaves=31
num_cat=0
split_feature=27 27 27 4 4 22 12 27 27 6 12 13 4 14 8 22 9 9 14 1 15 14 20 6 27 29 3 8 20 26
split_gain=1200.13 365.568 253.857 103.537 69.08 49.2407 45.9001 37.2825 29.7914 25.3435 23.7579 21.9595 20.3472 16.5899 16.2015 15.5644 17.5019 15.2471 15.1844 15.0995 15.032 14.8444 15.6191 15.061 14.7182 12.8844 13.6991 12.8744 17.317 14.9275
threshold=-0.47449999999999987 -1.6533333333333329 0.30999999999999989 0.0016666666666664833 0.016666666666666167 -3.9525000000000001 4.8660714285714297 0.84666666666666746 -1.1349999999999993 40.920000000000009 2.3875000000000006 0.41428571428571431 0.014999999999999238 0.26319444444444456 3.5000000000000004 18.101833333333335 43.500000000000007 26.500000000000004 -0.10925925925925924 41.07500000000001 4.5000000000000009 -0.064880952380952414 18.675000000000004 27.845000000000002 -0.19166666666666707 7.0550000000000006 6.8350000000000009 3.5000000000000004 49.100000000000009 6.5250000000000012
decision_type=2 2 2 2 2 2 8 2 2 2 8 10 2 8 2 2 2 2 8 2 8 8 2 2 2 2 2 2 2 2
left_child=1 6 4 5 9 10 -1 12 -5 18 -3 24 15 27 20 16 19 -8 -2 -4 -10 -14 -23 -24 -6 -7 -27 28 -9 -30
right_child=2 3 7 8 11 25 17 13 14 -11 -12 -13 21 -15 -16 -17 -18 -19 -20 -21 -22 22 23 -25 -26 26 -28 -29 29 -31
leaf_value=-0.022961414986966897 -0.0028307006419714276 0.032993284378881993 0.0057207124950449349 -0.020393315178333839 -0.010394899533277829 0.0021343465864482121 -0.039021313653705252 0.012834634037520982 -0.005290208799037556 0.0074066899084620445 -0.0080546215691847389 0.00060484913209981749 -0.0033017521264911082 0.013141521820928955 -0.015041747885515858 0.013416418657740117 0.010532063962387745 -0.018088166630697174 0.0021783110854728784 -0.0035599905660685894 -0.013827899727399527 0.043237049629894629 -0.0022546951815883586 0.0064055973448267816 -0.004282906339370166 0.011657786913057562 0.064956286586227222 0.0068448634801102038 -0.006898200920819263 0.0081725392937114644
leaf_weight=582.24307028204203 1272.0489188507199 22.812399864196777 2173.519034922123 876.67213822901249 995.19046219438314 1012.1425153538585 788.91040189564228 1967.9438580870628 795.50273697823286 1204.6193180829287 2041.5769083872437 927.79515671730042 518.99357900768518 1891.1450332850218 1329.5192863494158 586.13425897061825 1125.1965710669756 59.899276718497276 4055.1741187348962 322.05361668765545 563.81373425573111 16.451048545539379 440.27599747478962 1188.9587156251073 1719.720567189157 30.942870870232582 10.278909511864184 2748.3084321171045 118.8712936937809 911.47093798220158
leaf_count=5531 9076 172 14310 7744 7649 7669 8511 12458 6379 8375 16100 6828 3491 11824 10803 3837 7370 572 28514 2124 4625 110 2935 7918 12620 230 76 17376 756 5736
internal_value=4.82686e-05 -0.0132631 0.00451458 -0.00933438 -0.000294288 -0.0040102 -0.0316109 0.00800711 -0.01399 0.00216706 -0.00760102 -0.0047078 0.00574787 0.00989183 -0.0119022 0.00736932 0.00639041 -0.0375441 0.000982246 0.00452304 -0.00883145 0.00259669 0.00445686 0.00406528 -0.00652335 0.00302713 0.0249481 0.00882238 0.010635 0.00643382
internal_weight=32298.2 8114.31 24183.9 6683.26 10174.5 3117.75 1431.05 14009.3 3565.51 6531.84 2064.39 3642.71 6371.58 7637.74 2688.84 4206.9 3620.77 848.81 5327.22 2495.57 1359.32 2164.68 1645.69 1629.23 2714.91 1053.36 41.2218 5746.59 2998.29 1030.34
internal_count=231719 68412 163307 53798 73062 24247 14614 90245 29551 45965 16272 27097 42095 48150 21807 27641 23804 9083 37590 16434 11004 14454 10963 10853 20269 7975 306 36326 18950 6492
is_linear=0
shrinkage=0.04


Tree=16
num_leaves=31
num_cat=0
split_feature=0 28 27 0 27 27 28 0 27 0 0 12 0 11 0 9 15 20 27 27 26 12 5 17 0 29 6 8 11 8
split_gain=1555.28 698.635 363.357 182.376 309.32 155.99 126.385 112.751 112.701 94.6734 74.1043 59.3227 53.931 50.6081 46.4716 42.9532 39.2254 38.1432 36.9369 29.2161 27.2625 24.7698 24.1054 23.8031 23.5911 22.7977 22.7764 22.7598 22.5421 21.9195
threshold=4.5000000000000009 3.5000000000000004 -0.93666666666666576 1.5000000000000002 -0.008333333333333524 0.94833333333333358 1.5000000000000002 2.5000000000000004 -0.95333333333333325 3.5000000000000004 2.5000000000000004 3.683333333333334 5.5000000000000009 7.5000000000000009 5.5000000000000009 43.500000000000007 2.5000000000000004 6.7600000000000007 0.97999999999999987 1.7136666666666669 1.7950000000000002 4.7638888888888902 3.5000000000000004 0.21111111111111114 5.5000000000000009 4.995000000000001 37.185000000000009 3.5000000000000004 11.500000000000002 2.5000000000000004
decision_type=2 2 2 2 2 2 2 2 2 2 2 8 2 2 2 2 8 2 2 2 2 10 2 10 2 2 2 2 2 2
left_child=2 5 10 6 9 14 -4 13 20 16 21 18 -10 -6 -2 23 -5 -12 27 -7 -3 -1 -19 -8 -22 -18 -11 -9 -20 -16
right_child=1 8 3 4 7 19 15 11 12 26 17 -13 -14 -15 29 -17 25 22 28 -21 24 -23 -24 -25 -26 -27 -28 -29 -30 -31
leaf_value=0.0017714714446970326 -0.0038757612937748431 -0.041162956265427257 -0.00950359136449439 0.012102105454560421 0.015578548800699712 0.0030810453287947316 0.0039940667244383575 0.013148920173225526 -0.014938561931145492 -0.0090926224611541217 -0.030383589071633871 0.0032337920323284664 -0.025835004101555314 0.025305947338861299 -0.0071564589159233069 0.010210681164284814 -0.00025412836429942667 -0.0061145978577654084 0.0162881931503631 0.014214288894649683 -0.024386531229643817 -0.014953957630452652 -0.017774207619602335 -0.0048780954122551881 -0.035392293535928168 0.0070735522570165091 0.0010726108029959108 0.0063153748821068315 0.041851389565217521 -0.017733260158664343
leaf_weight=867.37612164020538 1571.3909186422825 458.26528004556894 1367.9272922277451 1034.641503199935 2094.9823298603296 1309.3513379991055 1629.9931139200926 1686.0489087104797 1600.0891262516379 1154.6352069973946 220.61071368306875 1357.369549959898 1331.5379089266062 1446.6870044916868 487.23155092447996 1411.849682494998 1544.6235733479261 542.74638998508453 1845.4522534310818 529.71079634130001 638.93651537597179 169.33099211752415 594.41886451840401 688.07159143686295 608.30328498035669 1212.6462992280722 507.76301041245461 1450.8769275397062 56.894519716501236 879.23473283648491
leaf_count=6704 11429 5312 9870 6871 12366 8662 11233 10730 13253 8888 2172 8740 11994 8415 3876 9535 10809 4420 10779 3219 6323 1414 5084 4774 6184 8215 3858 9302 326 7081
internal_value=0.0001011 -0.0135842 0.00573076 0.00745375 0.00962547 -0.00284812 0.000896369 0.0138262 -0.024644 0.00197138 -0.00901346 0.0106559 -0.0198877 0.019552 -0.00856709 0.0047105 0.00546071 -0.0151623 0.0126552 0.00628779 -0.0328197 -0.000960384 -0.0122093 0.00136054 -0.0297543 0.00296858 -0.00598775 0.0099883 0.0170527 -0.013962
internal_weight=32299 9414.05 22884.9 20490.5 15392.6 4776.92 5097.84 9938.31 4637.13 5454.31 2394.48 6396.64 2931.63 3541.67 2937.86 3729.91 3791.91 1357.78 5039.27 1839.06 1705.51 1036.71 1137.17 2318.06 1247.24 2757.27 1662.4 3136.93 1902.35 1366.47
internal_count=231838 77333 154505 134711 99299 34267 35412 60658 43066 38641 19794 39877 25247 20781 22386 25542 25895 11676 31137 11881 17819 8118 9504 16007 12507 19024 12746 20032 11105 10957
is_linear=0
shrinkage=0.04


Tree=17
num_leaves=31
num_cat=6
split_feature=0 27 27 27 0 27 0 26 0 27 27 0 0 4 0 19 27 27 10 19 19 19 9 5 7 21 19 5 15 7
split_gain=1425.45 658.907 345.792 200.858 177.017 292.545 109.717 105.218 97.5061 79.7301 75.7331 67.9638 61.1017 47.2159 46.9395 45.3746 42.3736 35.0409 34.2871 33.9954 32.0182 30.7521 30.7072 27.9674 25.3497 25.1092 25.0031 24.9298 24.7341 27.5911
threshold=4.5000000000000009 -0.14449999999999982 -0.9199999999999996 0.94833333333333358 1.5000000000000002 0.059999999999999838 3.5000000000000004 5.8250000000000011 3.5000000000000004 -1.9508333333333332 -1.6533333333333329 5.5000000000000009 5.5000000000000009 0.0066666666666663774 1.5000000000000002 0 0.52400000000000058 1.583666666666667 1 2 3 4 32.500000000000007 5.5000000000000009 -0.31999999999999845 19.370000000000005 5 1.5000000000000002 3.5000000000000004 7.554166666666668
decision_type=2 2 2 2 2 2 2 2 2 2 2 2 2 2 2 1 2 2 1 1 1 1 2 2 2 2 1 2 10 2
left_child=2 9 10 11 7 8 15 22 13 -2 25 20 -11 18 -12 27 -8 -5 21 -13 -3 -6 -4 -16 -15 -1 -26 -7 29 -17
right_child=1 3 4 17 5 6 16 -9 -10 12 14 19 -14 24 23 28 -18 -19 -20 -21 -22 -23 -24 -25 26 -27 -28 -29 -30 -31
leaf_value=-0.026068128167752322 -0.037993516794607003 0.0016688458656769359 -0.0015769862485657477 0.002375679776268689 -0.00049706408152864502 0.026524601392861152 0.00048137096788243762 -0.0052865883805340488 -0.0054723729928354281 -0.017872354574488335 0.0078506044688517566 -0.0094857715413915605 -0.028800841917019659 -0.0034739726207418322 -0.0057321887574379319 0.013110053609077891 0.010658971291685049 0.013705890236454459 0.016329092163073582 -0.021633435875491065 -0.0088910098418575698 0.011102417409555891 0.0086616939409388562 -0.020440225919803212 -0.0050446115514038922 -0.003761126182042432 0.0097160340105844466 0.018045997245044337 0.0065048291459438492 0.024805798361992436
leaf_weight=439.83785896003246 675.83255485445261 792.13542602956295 613.38580194115639 1145.15302939713 671.86118023097515 703.16908529400826 1015.4479514807463 2466.5246421843767 1803.6979228034616 1775.4042644798756 367.48586098849773 798.20254919677973 1518.8359656184912 976.68518413603306 1322.5747295841575 2208.7206069529057 1841.4741139858961 705.9841498285532 781.12118445336819 788.53638372570276 1084.8917221277952 802.7169369161129 1986.5742357373238 245.20365836471319 247.25483648478985 98.888656370341778 669.6898830384016 2630.9238161444664 735.23659758269787 377.94922241568565
leaf_count=4269 7871 5844 4218 7617 4490 4072 7012 17574 13787 15768 2734 6546 14512 6847 10534 12925 11155 4295 4988 6484 8072 5337 13391 2077 1728 897 4664 15496 4445 2197
internal_value=7.95017e-05 -0.0131495 0.00541848 -0.00394004 0.00712072 0.00924647 0.0135984 0.00063166 0.00229213 -0.0254785 -0.00870899 -0.00962466 -0.022911 0.00566734 -0.00501651 0.0164128 0.0070415 0.00669678 0.00957685 -0.0157187 -0.00447306 0.0058496 0.00624617 -0.00803256 0.00101031 -0.0219735 0.00578676 0.0197748 0.0129398 0.014819
internal_weight=32291.4 9284.98 23006.4 5314.9 20532.4 15465.9 9512.92 5066.48 5953.03 3970.07 2473.99 3463.77 3294.24 4149.33 1935.26 6656 2856.92 1851.14 2255.7 1586.74 1877.03 1474.58 2599.96 1567.78 1893.63 538.727 916.945 3334.09 3321.91 2586.67
internal_count=231846 77009 154837 38858 134326 99143 57302 35183 41841 38151 20511 26946 30280 28054 15345 39135 18167 11912 14815 13030 13916 9827 17609 12611 13239 5166 6392 19568 19567 15122
cat_boundaries=0 1 2 3 4 5 6
cat_threshold=11491136 4 5038735 1846295 1635351 823378
is_linear=0
shrinkage=0.04


Tree=18
num_leaves=31
num_cat=0
split_feature=27 27 27 4 5 22 27 12 27 12 7 15 4 20 22 4 4 5 6 14 29 16 6 27 6 14 4 27 14 26
split_gain=962.65 327.784 167.691 100.555 79.3268 36.6414 31.9725 31.1946 28.3134 28.3125 23.8046 19.5905 17.7118 19.384 16.1178 15.9168 15.2598 14.6703 21.6712 16.8551 12.8656 12.7812 12.8762 23.8998 12.7543 20.1049 12.704 12.6443 12.0976 11.959
threshold=-0.47449999999999987 -1.8600000000000003 0.66550000000000031 0.0066666666666672656 4.5000000000000009 -4.1241666666666648 -1.0283333333333329 4.4365079365079376 -0.008333333333333524 2.3875000000000006 8.9316666666666684 3.5000000000000004 -0.034999999999999691 48.055000000000007 8.6908333333333321 -0.0049999999999994485 0.050833333333333293 5.5000000000000009 32.955000000000005 -0.3164351851851851 5.3050000000000006 0.90000000000000013 35.465000000000011 1.0283333333333338 1.0000000180025095e-35 0.30965608465608474 0.066666666666666888 -1.3583333333333329 -0.0052910052910052621 2.0150000000000001
decision_type=2 2 2 2 2 2 2 8 2 8 2 8 2 2 2 2 2 2 2 8 2 8 2 2 2 10 2 2 10 2
left_child=1 7 4 5 8 9 26 -1 10 -3 12 14 -2 20 -6 -7 -8 18 -13 -20 -14 22 23 -4 25 -10 -5 -11 -21 -9
right_child=2 3 21 6 11 15 16 29 24 27 -12 17 13 -15 -16 -17 -18 -19 19 28 -22 -23 -24 -25 -26 -27 -28 -29 -30 -31
leaf_value=-0.018406082362513815 0.0040176815729841674 0.034527989971859532 0.003277393199407173 -0.017488387979148142 -0.003056813863307925 0.003726734128503047 -0.0089062829733113184 -0.039707274037137544 0.011312874638770435 -0.013701167906319043 0.0088497796531829837 -0.009049143975456404 -0.00370756871240655 -0.014803693348515196 0.004342253970306886 -0.0075156315804316542 -0.016474009684963958 -0.010349031488579597 0.050266628008226649 0.00055749982720472966 0.0022594312220171938 0.014373266278863468 0.009614323051934718 0.0085535752499427253 0.0043835107090289096 0.07562324019030349 -0.02865225884938043 -0.0062425269465682812 0.034646384457692671 -0.029801903027359231
leaf_weight=192.61803687363863 959.14921969920397 25.744922988116741 2225.2451244369149 958.27487866580486 1728.9833381846547 951.30766108632088 1479.4144883230329 554.54787100106478 267.33490940928459 447.90518292039633 480.52089751511812 477.84568687528372 1485.9017586782575 185.39716988056898 647.44927361607552 255.63867197930813 598.91222885251045 859.66743220388889 11.833988383412359 424.73039833456278 946.36286275833845 480.80926910042763 3466.6826603412628 3589.3806795626879 6121.2856979742646 8.010917663574217 196.54133488982916 1933.4591770395637 17.336799070239067 300.80100090056658
leaf_count=1967 6798 193 14293 8776 12536 7227 12096 6692 1784 4015 3360 3534 10800 1344 4541 2011 5045 6455 89 3124 6832 3016 21663 22153 41013 54 1865 15304 124 3222
internal_value=2.38943e-05 -0.0121157 0.00395452 -0.00892718 0.00124411 -0.00434238 -0.0140521 -0.0329489 0.00310442 -0.00719435 0.000490632 -0.00342199 -0.000632364 -0.00233621 -0.00104097 0.00134553 -0.0110871 -0.00658057 -0.00310363 0.00315553 -0.00138589 0.00801421 0.00768478 0.00653439 0.00476233 0.0131839 -0.0193884 -0.00764541 0.00189438 -0.0362238
internal_weight=32279.1 7895.17 24383.9 6847.2 14621.8 3614.06 3233.14 1047.97 10454 2407.11 4057.33 4167.85 3576.81 2617.66 2376.43 1206.95 2078.33 1791.41 931.747 453.901 2432.26 9762.12 9281.31 5814.63 6396.63 275.346 1154.82 2381.36 442.067 855.349
internal_count=231926 68413 163513 56532 102388 28750 27782 11881 71985 19512 29134 30403 25774 18976 17077 9238 17141 13326 6871 3337 17632 61125 58109 36446 42851 1838 10641 19319 3248 9914
is_linear=0
shrinkage=0.04


Tree=19
num_leaves=31
num_cat=7
split_feature=0 27 27 0 28 27 0 28 27 27 0 13 0 0 19 12 19 4 19 22 14 19 9 5 4 26 19 19 30 27
split_gain=1289.01 637.712 283.876 186.224 178.632 145.851 131.532 107.687 92.7108 76.6203 65.4787 55.0444 53.7281 46.3441 39.4949 34.6894 34.5591 33.1459 35.7605 29.2249 28.3996 27.4953 27.3405 26.6467 25.9632 24.275 23.4395 23.1059 22.0899 21.6595
threshold=4.5000000000000009 0.30999999999999989 -0.73166666666666613 1.5000000000000002 2.5000000000000004 -0.95333333333333325 3.5000000000000004 1.5000000000000002 -1.6533333333333329 1.0283333333333338 5.5000000000000009 0.43650793650793657 3.5000000000000004 3.5000000000000004 0 3.1547619047619051 1 -0.025000000000000796 2 -0.65499999999999925 -1.0000000180025095e-35 3 40.500000000000007 5.5000000000000009 0.018333333333333982 1.7950000000000002 4 5 6 1.583666666666667
decision_type=2 2 2 2 2 2 2 2 2 2 2 8 2 2 1 8 1 2 1 2 10 1 2 2 2 2 1 1 1 2
left_child=2 5 8 7 13 25 11 24 19 20 17 14 23 21 -6 -8 -9 -7 -19 -1 -3 -5 -18 -10 -4 -2 -22 -15 -24 -11
right_child=1 9 3 4 6 10 15 16 12 29 -12 -13 -14 27 -16 -17 22 18 -20 -21 26 -23 28 -25 -26 -27 -28 -29 -30 -31
leaf_value=-0.023623807065472451 -0.040025675628401654 -0.011900672279484104 -0.01183152968238514 0.012004080560337005 0.0014816830950660138 -0.0023968876004768196 0.0041436998604908225 0.0086178660127298554 0.0021024339230901424 0.0025094028759706228 -0.022895605053198775 0.014982457034578612 -0.012103038499567327 0.0040494409266332446 0.0093429852886591867 -0.0060846891900312606 -0.0037290741725543503 -0.008159296945269557 -0.020154519356354709 0.020378684957148719 0.004808240312505806 0.018772773506666701 -0.0022011859273427096 -0.011289090747862742 0.0033578358578850559 -0.028691148287324712 -0.0059520094468694306 0.012823657521244725 0.0098661651922966106 0.011646007398423166
leaf_weight=482.59378527849913 408.07754807174206 669.36802554875612 1142.9386996775866 1718.7676830589771 1754.2209834456444 418.85840325057507 793.77258802205324 1419.0755312591791 1843.3611910492182 986.1574187874794 1767.8939432427287 1523.9335086792707 746.94501057267189 895.95590199530125 2491.5791209042072 1599.6614269092679 1123.2005117535591 766.36018137633801 945.66316328197718 25.42228065431118 518.69613496214151 2836.1071748733521 391.20063093304634 272.94263865798712 213.72035746276379 1166.5879371091723 830.01414622366428 1110.800724864006 629.38863214850426 716.96616724133492
leaf_count=4816 5209 4956 8320 9832 11509 3351 5662 9607 13798 6482 16288 9459 6402 5475 16219 11838 7766 6390 7933 235 3762 16083 2619 2223 1503 12384 6086 6759 4223 4305
internal_value=-8.20194e-06 -0.0126682 0.00504944 0.00688975 0.00914085 -0.0213542 0.0051909 0.000151886 -0.00567403 0.000107722 -0.0172045 0.00846114 -0.00287996 0.0140549 0.00612046 -0.00269249 0.00380376 -0.0124828 -0.0149504 -0.0214218 -0.00516511 0.0162862 0.000574197 0.00037531 -0.00943868 -0.0316285 -0.00182224 0.00899032 0.00531575 0.00635565
internal_weight=32210.2 9194.64 23015.6 19644.3 14724.8 5473.44 8163.17 4919.52 3371.26 3721.2 3898.78 5769.73 2863.25 6561.63 4245.8 2393.43 3562.87 2130.88 1712.02 508.016 2018.08 4554.87 2143.79 2116.3 1356.66 1574.67 1348.71 2006.76 1020.59 1703.12
internal_count=231494 77146 154348 126874 92836 51555 54687 34038 27474 25591 33962 37187 22423 38149 27728 17500 24215 17674 14323 5051 14804 25915 14608 16021 9823 17593 9848 12234 6842 10787
cat_boundaries=0 1 2 3 4 5 6 7
cat_threshold=1616923 6333997 1844319 57407 1588243 7275289 56
is_linear=0
shrinkage=0.04


Tree=20
num_leaves=31
num_cat=5
split_feature=0 28 28 0 0 0 28 0 28 28 10 12 12 20 0 11 20 19 19 19 7 28 4 22 18 8 0 4 4 19
split_gain=1295.41 612.211 228.096 178.832 133.441 129.555 103.572 83.3531 77.0153 75.8108 50.4723 49.7403 44.3671 43.0548 41.9262 37.5281 35.6102 35.4377 35.3892 32.2562 29.4507 28.7647 27.8568 26.3604 25.2241 25.03 24.1626 24.1478 23.3695 23.0316
threshold=4.5000000000000009 3.5000000000000004 4.5000000000000009 1.5000000000000002 3.5000000000000004 3.5000000000000004 1.5000000000000002 5.5000000000000009 3.5000000000000004 1.5000000000000002 0 4.6833333333333345 4.1180555555555562 18.470000000000002 5.5000000000000009 10.500000000000002 38.945000000000007 1 2 3 2.4881666666666615 5.5000000000000009 -0.028333333333333762 13.052666666666665 1.0000000180025095e-35 4.5000000000000009 1.5000000000000002 0.048333333333333346 0.036666666666665744 4
decision_type=2 2 2 2 2 2 2 2 2 2 1 8 10 2 2 2 2 1 1 1 2 2 2 2 10 2 2 2 2 1
left_child=2 9 3 6 13 8 22 11 15 -2 17 -3 20 26 -11 23 -8 -7 25 -17 -6 -9 -1 27 -24 -10 -4 29 -15 -5
right_child=1 7 4 5 12 10 16 21 18 14 -12 -13 -14 28 -16 19 -18 -19 -20 -21 -22 -23 24 -25 -26 -27 -28 -29 -30 -31
leaf_value=-0.015200803568828225 0.0039244842185898543 -0.015531563317241646 0.0049259204821953664 0.0077700400911318067 -0.01178112981904166 -0.0037052957116107126 0.0082484952037906074 -0.025374494832032177 0.015031219266829042 -0.0022163506133180749 -0.0024270797892534108 -0.031475961255931252 -0.021128539014000722 0.0062648093131155201 -0.011728484009694709 0.028414641924123067 -0.00046989981936382329 0.0092313493763674179 0.00061040304642961366 0.013721796368786222 0.0028948949740117864 -0.034986009328714214 0.0072895994488537362 0.01691199699031936 -0.0084975429975155895 0.0020513842772915437 -0.0076965696222186875 0.0020215255780828686 -0.0028357396128263187 0.01495181406010288
leaf_weight=588.52862176299095 1758.2154152393341 1898.3124232068658 331.6938219293952 1209.0100129693747 644.97836723178625 402.75087289512157 1804.0528503209352 1233.3013542741537 760.09398802369833 1630.1706974431872 1364.1961070969701 374.86805000901222 535.79093412309885 2427.455967746675 1359.8477498665452 543.43337145447731 1282.444238781929 2087.2916745916009 1051.9782054573298 558.9158674031496 331.0752676576376 835.81874996423721 234.8264374434948 2070.7953256517649 521.63970102369785 345.87298908829689 903.8304099291563 401.92961163073778 554.62860600650311 2108.3959949612617
leaf_count=4355 11400 17039 2562 7107 5333 2571 11985 11978 4913 11820 9652 4275 5033 17042 10993 3107 8882 13203 6893 3227 2706 9583 1683 11688 3763 2261 7362 2447 4196 12348
internal_value=0.000195051 -0.0125935 0.00523521 0.00752195 -0.00168399 0.00990267 0.000589221 -0.0234483 0.0125181 -0.00266665 0.0037611 -0.0181609 -0.0118799 0.00197085 -0.00654243 0.0145828 0.00462599 0.00713247 0.00592364 0.0213473 -0.00680305 -0.0292571 -0.00867436 0.0132949 -0.00359681 0.0108737 -0.00430788 0.0112811 0.00457223 0.0124029
internal_weight=32156.1 9090.53 23065.6 17336.2 5729.45 12904.7 4431.49 4342.3 9050.43 4748.23 3854.24 2273.18 1511.84 4217.61 2990.02 6892.48 3086.5 2490.04 2157.95 1102.35 976.054 2069.12 1344.99 5790.13 756.466 1105.97 1235.52 3719.34 2982.08 3317.41
internal_count=231407 77088 154319 110085 44234 79417 30668 42875 53991 34213 25426 21314 13072 31162 22813 39924 20867 15774 14067 6334 8039 21561 9801 33590 5446 7174 9924 21902 21238 19455
cat_boundaries=0 1 2 3 4 5
cat_threshold=3 4784129 10733989 13964784 4227805
is_linear=0
shrinkage=0.04


Tree=21
num_leaves=31
num_cat=4
split_feature=0 27 27 0 27 27 0 20 0 0 27 0 19 29 7 5 5 12 0 19 22 12 9 5 5 27 15 19 19 12
split_gain=1115.23 548.498 239.024 162.617 153.246 142.799 93.1655 91.6578 81.3216 68.5483 64.9547 42.1255 38.0124 39.674 36.8298 31.9581 31.8517 31.059 30.8677 28.3351 28.2412 28.2192 28.1873 27.5196 26.1936 25.6624 25.156 23.0814 22.0948 20.5921
threshold=4.5000000000000009 0.4250000000000001 -0.73166666666666613 1.5000000000000002 -0.85166666666666624 0.24000000000000069 3.5000000000000004 36.465000000000011 3.5000000000000004 5.5000000000000009 1.3066666666666671 2.5000000000000004 0 7.6750000000000007 -8.3749999999999964 4.5000000000000009 1.5000000000000002 3.1339285714285716 5.5000000000000009 1 -7.5808333333333335 3.3541666666666674 37.500000000000007 4.5000000000000009 3.5000000000000004 0.82000000000000084 4.5000000000000009 2 3 4.8660714285714297
decision_type=2 2 2 2 2 2 2 2 2 2 2 2 1 2 2 2 2 10 2 1 2 10 2 2 2 2 8 1 1 10
left_child=2 4 8 7 18 6 14 22 15 24 17 -7 -13 25 -5 19 -9 -3 29 26 -10 -16 -4 -8 -6 -14 -1 -26 -24 -2
right_child=1 10 3 5 9 11 23 16 20 -11 -12 12 13 -15 21 -17 -18 -19 -20 -21 -22 -23 28 -25 27 -27 -28 -29 -30 -31
leaf_value=0.015838805225496185 -0.020051117686367918 0.0009994660880384787 0.00060044747156789437 -0.0029837736280645013 -0.0058298135656689324 0.015682619959966473 -4.8095886125959677e-05 -0.010324532543039193 -0.019958802533970799 -0.021055581736485789 0.0085927716931761926 0.0059604707395756211 0.0078378240186721907 0.0341245122562761 0.012183119628559039 -0.0086762362903469066 -0.0015202581619433999 -0.0086683747209847905 -0.03481574700198254 -0.0024555506572955682 -0.005068381033268116 0.0054874639076390678 0.0032072510965874346 -0.010191067697196856 -0.020659600016650251 0.015594519731886212 0.00011872755222756391 -0.0089197431369090613 0.014574898777321706 -0.034127938569114322
leaf_weight=333.60641367733479 589.96154473721981 1240.1190540939569 752.99694395065308 518.09316208958626 1023.385000564158 2981.3034842908382 1311.9093682020903 987.2787766456604 641.70297373086214 1787.0848207101226 1155.8999378681183 2420.7811335325241 1315.8583283722401 134.3579952865839 1750.7838941961527 685.78176935017109 1967.9800110757351 930.69361192733049 874.72433503717184 1080.8992150053382 298.63294076919556 2370.9989973455667 456.34276795387268 635.21643152087927 543.28579843789339 1417.6879611313343 318.2511665597558 637.08116568624973 758.30883692204952 231.51783976703882
leaf_count=2465 6138 8781 5121 3412 8260 16575 9669 7087 6089 16800 7063 14402 8134 775 11033 5678 13836 6703 10419 8252 2590 15780 3005 4958 4655 8063 2493 5384 4997 2952
internal_value=-3.22421e-05 -0.0119681 0.00461738 0.00629269 -0.0195148 0.00838044 0.00398638 -7.96126e-06 -0.00524826 -0.0152341 0.000933125 0.0118803 0.00973685 0.0128588 0.00706806 -0.00136738 -0.00446155 -0.00314543 -0.0295865 0.00152529 -0.0152299 0.00833154 0.00668099 -0.00335707 -0.0105133 0.0118606 0.00804057 -0.0145738 0.0104505 -0.0240184
internal_weight=32152.5 9013.75 23138.8 19779.9 5687.04 14857 6587 4922.91 3358.87 3990.84 3326.71 8269.99 5288.69 2867.9 4639.88 2418.54 2955.26 2170.81 1696.2 1732.76 940.336 4121.78 1967.65 1947.13 2203.75 2733.55 651.858 1180.37 1214.65 821.479
internal_count=231569 77155 154414 126847 54608 92801 44852 34046 27567 35099 22547 47949 31374 16972 30225 18888 20923 15484 19509 13210 8679 26813 13123 14627 18299 16197 4958 10039 8002 9090
cat_boundaries=0 1 2 3 4
cat_threshold=6882107 10718273 10734304 2584594
is_linear=0
shrinkage=0.04


Tree=22
num_leaves=31
num_cat=5
split_feature=0 27 27 27 27 0 0 27 0 10 12 27 0 0 23 26 0 4 19 16 20 19 4 8 19 4 0 7 4 19
split_gain=1019.85 557.229 224.892 115.389 94.462 237.807 94.7774 90.1692 70.0406 53.1044 45.0197 44.5093 42.5682 40.2708 29.5319 29.4378 29.1902 28.1696 26.5028 25.8229 23.7326 23.5247 22.8745 22.8741 21.9699 21.8558 21.3062 20.2595 20.1479 22.4447
threshold=4.5000000000000009 -1.0000000180025095e-35 -1.1349999999999993 0.94833333333333358 0.059999999999999838 1.5000000000000002 3.5000000000000004 -0.90083333333333282 2.5000000000000004 0 4.354166666666667 1.2044999999999997 5.5000000000000009 5.5000000000000009 3.5000000000000004 1.7950000000000002 3.5000000000000004 -1.0000000180025095e-35 1 0.29166666666666669 47.635000000000005 2 0.063333333333333922 2.5000000000000004 3 -0.034999999999999691 1.5000000000000002 6.9591666666666692 -0.028333333333333762 4
decision_type=2 2 2 2 2 2 2 2 2 1 10 2 2 2 2 2 2 2 1 10 2 1 2 2 1 2 2 2 2 1
left_child=2 7 10 13 6 9 14 15 18 -6 17 22 -9 -3 20 -2 -12 -1 -7 -16 24 -8 -10 -15 -4 -5 -19 -20 29 -11
right_child=1 3 4 25 5 8 21 12 11 28 16 -13 -14 23 19 -17 -18 26 27 -21 -22 -23 -24 -25 -26 -27 -28 -29 -30 -31
leaf_value=0.0029807277948378525 -0.039548213625372884 -0.0029756846548530647 0.014618761524080648 0.013365007433948648 0.0029271020147310267 0.018832157864502992 -0.00035906374457159179 -0.01305886128731161 0.0069431222689935942 0.00020496614587816139 -0.011976591686714977 0.013913081872008921 -0.023329209614647 -0.0053506150349151528 -0.00039761628844625397 -0.026717742986666706 -0.029392479891827972 0.011211125094752385 0.0097723372101601348 0.0061402402920186583 -0.0067917879114707128 -0.0092331998955624273 -0.0042510239363914622 -0.016432784007236075 0.0061082560973492244 0.0031304027621826373 -0.014798113457310141 0.021701941176635924 -0.0030257371875716484 -0.016599985555347713
leaf_weight=422.95610662549734 376.84022787958384 1593.2508102282882 738.90943482518196 433.3632378578186 1959.858294993639 1744.7964616268873 825.80326399952173 1439.9044607132673 4299.5978825241327 180.66486516594887 429.87063353508711 1606.8065446466208 1170.6828255653381 463.9539722725749 2332.5784308239818 1188.4101238399744 239.92088294774294 57.903038799762726 1492.2676153033972 1650.6400846913457 164.56705294549465 1149.8994185999036 313.35887810587883 833.10588616132736 1561.2291202917695 1453.771335542202 388.54290277510881 268.79835878312588 871.23888103663921 483.3879310041666
leaf_count=3470 5262 11783 4911 2735 13264 9696 6475 12561 26377 1324 3800 8969 11587 3830 16271 13362 2577 468 8387 11100 1068 9039 2006 7033 10413 9229 3503 1493 6206 3549
internal_value=-7.58224e-05 -0.0115422 0.00435238 -0.00221267 0.00540296 0.00751226 0.00209245 -0.0222158 0.0107283 -0.00143665 -0.0104211 0.00817976 -0.0176645 -0.0072358 0.00444108 -0.0298067 -0.018215 -0.00441663 0.0152496 0.00231166 0.00788244 -0.00557254 0.0061827 -0.0124687 0.00893233 0.00548069 -0.0114248 0.0115277 -0.00698075 -0.0122749
internal_weight=32136.9 8953.28 23183.6 4777.45 21644.4 13220.8 8423.63 4175.84 9725.63 3495.15 1539.19 6219.76 2610.59 2890.31 6447.92 1565.25 669.792 869.402 3505.86 3983.22 2464.71 1975.7 4612.96 1297.06 2300.14 1887.13 446.446 1761.07 1535.29 664.053
internal_count=231748 77382 154366 34610 140548 81271 59277 42772 56928 24343 13818 37352 24148 22646 43763 18624 6377 7441 19576 27371 16392 15514 28383 10863 15324 11964 3971 9880 11079 4873
cat_boundaries=0 1 2 3 4 5
cat_threshold=6 11491088 559610 10488364 1155608
is_linear=0
shrinkage=0.04


Tree=23
num_leaves=31
num_cat=6
split_feature=0 27 27 27 0 27 20 12 0 0 20 0 0 27 7 19 0 27 19 5 5 5 19 9 19 21 18 19 19 31
split_gain=965.181 507.381 221.393 125.836 114.354 169.177 90.9234 74.1845 68.6678 63.9384 59.1295 56.0639 39.8882 39.0838 32.3565 30.152 30.0531 28.3568 30.5044 27.9748 27.7587 26.4144 24.394 23.656 23.5527 23.3197 21.3286 33.0623 20.7166 19.752
threshold=4.5000000000000009 -0.14449999999999982 -0.9199999999999996 0.64166666666666605 1.5000000000000002 0.070000000000000742 36.755000000000003 4.6458333333333348 2.5000000000000004 3.5000000000000004 4.7900000000000009 5.5000000000000009 1.5000000000000002 1.2850000000000006 -2.2483333333333362 0 5.5000000000000009 1.6136666666666672 1 1.5000000000000002 2.5000000000000004 4.5000000000000009 2 34.500000000000007 3 26.650000000000002 0.29166666666666669 4 5 2.5000000000000004
decision_type=2 2 2 2 2 2 2 8 2 2 2 2 2 2 2 1 2 2 1 2 2 2 1 2 1 2 10 1 1 2
left_child=2 7 10 16 6 9 23 11 28 14 -1 -2 -12 19 -6 -8 24 18 -5 -10 22 -11 -14 -4 -3 -22 -16 -28 -7 -30
right_child=1 3 4 17 5 8 15 -9 13 21 12 -13 20 -15 26 -17 -18 -19 -20 -21 25 -23 -24 -25 -26 -27 27 -29 29 -31
leaf_value=-0.028279123433045537 -0.014584721267704423 0.0022406027262379734 -0.00022296318227024221 -0.0052081887606709341 0.00011111165228983715 0.011038047387944451 0.00034997689804509797 -0.033573123459546363 0.01275327476576606 -0.00090417403507808594 0.0058453706910052902 -0.025959530297643349 0.0072688780381818252 0.013771964235663616 0.0057510636142072925 -0.007889578713710637 -0.01441508322552917 0.0098228105573700906 0.0047425310744439843 0.0048052711401522577 -0.014919381276677792 -0.011210982444732677 -0.008810899265739202 0.0090334364070274419 -0.0090182402580900808 -0.0021918511551912794 0.027241604636091328 0.0048471272553242293 0.022000862578172908 0.014148572724754891
leaf_weight=197.34087973088026 1524.078073836863 421.58388548344374 610.33282364904881 871.43537214398384 1571.3131606429815 1477.4746301025152 1265.8736851215363 799.96042651683092 865.26136222481728 1197.5465645492077 408.92519343644381 1271.8379984796047 288.87682373076677 1435.2672365009785 2250.1485169231892 1621.7865704670548 1154.3553277105093 681.02068345248699 1108.4177254289389 3912.2218464612961 868.48593299090862 595.76726092398167 295.23750364035368 1599.3085746765137 1000.1531852930784 313.46731611341238 194.00673754513264 250.75143848359585 937.67993418872356 1130.5032838284969
leaf_count=2148 14430 3217 4160 6016 10542 8230 8945 10248 5186 9131 3123 13529 2354 7947 14974 11606 10243 4013 7566 23959 7695 4824 2403 10545 7778 2649 1230 1596 5166 6226
internal_value=-4.06727e-06 -0.0112627 0.00426627 -0.0033187 0.00557979 0.00725878 0.000369527 -0.0228322 0.0105185 0.00200919 -0.00731414 -0.019759 -0.00541195 0.00798369 0.00467315 -0.00430369 -0.00962036 0.00278216 0.000360355 0.00624475 -0.00801853 -0.00432826 -0.00088496 0.00647669 -0.00572736 -0.0115439 0.00733313 0.0153372 0.0149602 0.0176235
internal_weight=32120.4 8832.84 23287.6 5236.97 20915.2 15817.9 5097.3 3595.88 9758.41 6059.53 2372.33 2795.92 2174.99 6212.75 4266.22 2887.66 2576.09 2660.87 1979.85 4777.48 1766.07 1793.31 584.114 2209.64 1421.74 1181.95 2694.91 444.758 3545.66 2068.18
internal_count=231679 77040 154639 38833 134267 99011 35256 38207 56714 42297 20372 27959 18224 37092 28342 20551 21238 17595 13582 29145 15101 13955 4757 14705 10995 10344 17800 2826 19622 11392
cat_boundaries=0 1 2 3 4 5 6
cat_threshold=4335167 10979144 7311555 1844242 3316625 1091774
is_linear=0
shrinkage=0.04


Tree=24
num_leaves=31
num_cat=7
split_feature=0 27 27 27 0 27 27 26 0 0 27 0 4 0 27 19 9 21 7 19 4 14 19 4 19 19 19 19 4 7
split_gain=931.724 454.791 205.492 102.464 92.8568 140.353 73.7521 70.1821 57.2779 56.6378 53.5751 48.4027 38.5606 36.1861 33.9138 32.0408 30.6668 28.4905 26.9715 25.9934 25.9199 24.5852 26.5301 24.2229 23.8852 20.5101 20.4058 20.3384 20.2059 20.2044
threshold=4.5000000000000009 -0.14449999999999982 -0.97000000000000031 0.94833333333333358 1.5000000000000002 0.059999999999999838 -1.3583333333333329 6.3350000000000009 3.5000000000000004 2.5000000000000004 -1.8600000000000003 5.5000000000000009 0.018333333333333094 5.5000000000000009 0.52400000000000058 0 43.500000000000007 50.145000000000003 0.25916666666666549 1 -0.0049999999999994485 -0.034722222222222189 2 -0.028333333333333762 3 4 5 6 -0.024500000000000185 -4.2366666666666655
decision_type=2 2 2 2 2 2 2 2 2 2 2 2 2 2 2 1 2 2 2 1 2 8 1 2 1 1 1 1 2 2
left_child=2 6 10 13 7 9 -2 16 15 21 -1 28 25 26 -10 17 -4 -7 -14 -9 29 22 -6 -21 -15 -11 -3 -18 -8 -12
right_child=1 3 4 -5 5 8 11 19 14 12 20 -13 18 24 -16 -17 27 -19 -20 23 -22 -23 -24 -25 -26 -27 -28 -29 -30 -31
leaf_value=-0.022798090426951374 -0.032234458449729726 0.00065690983283381939 0.00065737823723196868 0.0036450470165662837 -0.010173640002464589 0.012571496018250569 -0.0047526759738123221 1.8990953163763815e-05 -0.00086232824807994232 0.0068394999137027096 -0.011174149868347557 -0.025028886944966827 -0.010543558119418329 -0.018759544492581482 0.0081481826989652471 0.0088261008644630861 0.0018842646542098615 0.021458346846938651 0.00036421399175771881 -0.018466125060727798 -0.0093587452885769678 0.01162470730529456 0.0058067271144567421 -0.0054461348054963797 -0.0081179023747497813 -0.00066915160069627602 -0.0078451613202006887 0.011968778880722118 -0.016482115605361173 0.0038392221309442366
leaf_weight=323.64203873276711 901.10278785973787 786.98251339793205 2199.6248096674681 1893.9129668176174 191.27135016024113 2746.2284259796143 294.15614818036556 597.00938050448895 1029.6209724023938 927.70874246954918 187.87684575468302 1173.6458088830113 864.90757870674133 608.11530865728855 1904.7129556685686 3457.2404204010963 528.24454538524151 730.79508033394814 624.66033265739679 387.75857304781675 1016.4428353980184 1030.6344839632511 970.02035222947598 557.0929184705019 883.1367127969861 1536.3440109491348 1059.3194705694914 864.35177184641361 1168.2294069081545 606.10246031731367
leaf_count=3571 11966 5886 15061 11929 1288 15406 2634 4326 7012 6546 1482 12543 6601 5314 11157 19534 3493 3984 4675 2908 8824 6583 6481 4033 7640 10873 8098 5709 11123 4765
internal_value=-0.000163886 -0.0112769 0.0040215 -0.00378632 0.00521525 0.006716 -0.0223555 0.000534123 0.00967109 0.00197068 -0.00780832 -0.0189785 -0.000888546 -0.00800329 0.00498651 0.0116534 0.00359808 0.0143979 -0.00596931 -0.00660428 -0.00512866 0.00712792 0.00313707 -0.0106764 -0.0126377 0.00218288 -0.0042601 0.00824296 -0.0141228 0.000286655
internal_weight=32050.9 8768.6 23282.3 5231.47 21148.2 16014.1 3537.13 5134.08 9868.6 6145.55 2134.06 2636.03 3953.62 3337.55 2934.33 6934.26 3592.22 3477.02 1489.57 1541.86 1810.42 2191.93 1161.29 944.851 1491.25 2464.05 1846.3 1392.6 1462.39 793.979
internal_count=231445 77133 154312 38867 135670 100140 38266 35530 57093 43047 18642 26300 28695 26938 18169 38924 24263 19390 11276 11267 15071 14352 7769 6941 12954 17419 13984 9202 13757 6247
cat_boundaries=0 1 2 3 4 5 6 7
cat_threshold=15161152 6366750 557066 11736896 7080026 1588502 11937936
is_linear=0
shrinkage=0.04


Tree=25
num_leaves=31
num_cat=0
split_feature=0 28 26 0 0 26 20 28 20 0 0 12 14 0 23 4 5 5 0 14 11 23 12 11 8 14 4 8 26 0
split_gain=819.154 459.561 183.055 156.368 86.2819 80.7488 79.7421 62.4664 56.3252 56.186 55.3979 40.3067 36.8622 35.0961 34.2308 28.1213 27.7717 26.5952 33.626 26.2929 26.2118 24.9149 24.4774 24.3469 21.7994 21.4935 20.4496 20.4461 18.671 17.9184
threshold=4.5000000000000009 3.5000000000000004 4.7650000000000006 1.5000000000000002 3.5000000000000004 2.0150000000000001 5.8050000000000006 2.5000000000000004 36.465000000000011 3.5000000000000004 5.5000000000000009 3.5634920634920637 -0.012962962962962938 5.5000000000000009 2.5000000000000004 0.016666666666666167 1.5000000000000002 1.5000000000000002 1.5000000000000002 0.29917328042328045 1.5000000000000002 2.5000000000000004 4.4365079365079376 10.500000000000002 4.5000000000000009 0.12705026455026455 0.010000000000000233 2.5000000000000004 1.0000000180025095e-35 5.5000000000000009
decision_type=2 2 2 2 2 2 2 2 2 2 2 8 8 2 2 2 2 2 2 8 2 2 10 2 2 10 2 2 2 2
left_child=2 7 6 8 12 -3 28 13 -4 14 25 21 15 -2 -8 -5 -10 -16 -19 27 -20 -6 26 -14 -22 -7 -11 -15 -1 -9
right_child=1 5 3 4 11 10 9 29 16 22 -12 -13 23 19 17 -17 -18 18 20 -21 24 -23 -24 -25 -26 -27 -28 -29 -30 -31
leaf_value=0.025081685132575037 0.0048144265951101054 -0.037935272101010588 0.0061725996712943473 0.0095148539252942095 0.009050153988278898 -0.015626012664482512 0.008825925031345043 -0.0052951460747623627 -0.0094758020074645361 -0.00046787511316912482 -0.024314864449664846 -0.004328437482075561 0.010816771854386325 0.00059048824573040566 0.0063184827806215624 0.0016215446073379351 -0.0011789883552402764 0.0049935219461006587 0.0059040893143745788 0.0066466162406263333 -0.00345573349470994 0.0016655584829301218 -0.018432793518076036 0.017398809480435286 -0.012352838328145209 -0.00093298715308014375 -0.011232947522861574 -0.009865282132916665 -0.027225820805060724 -0.014403370980408434
leaf_weight=11.466262117028235 1688.8356192857027 390.70737382769585 1270.2167778164148 2023.4925094023347 1442.8958386108279 1823.2988023459911 734.85528733581305 787.86502987891436 963.65839736908674 604.72307335585356 1609.0806532353163 910.53930056095123 4726.2124987319112 473.66995155066252 729.38505154848099 1122.9297666326165 1955.1748227402568 795.26382449269295 334.63930267840624 329.670704677701 1451.8119864091277 1481.67215667665 294.71499010175467 1110.4351634681225 632.6226100474596 174.54518227279186 529.60798815637827 812.59014458954334 228.52003032714128 615.60587628185749
leaf_count=123 11174 5935 8336 12108 8805 17731 4812 6098 7026 4857 17754 6297 26602 3422 5020 7144 13814 5648 2250 2120 10765 10056 2654 6363 4748 1540 4503 5987 2510 5543
internal_value=-0.000216356 -0.0106886 0.00368732 0.00585079 0.0080434 -0.0206622 -0.00210929 -0.00222024 -0.000858434 -0.00122059 -0.0187912 0.00302078 0.0101877 0.000782275 0.000899746 0.0066978 -0.0039182 -0.000577182 -0.00214192 -0.00343179 -0.00448768 0.0053089 -0.00816238 0.012069 -0.00615599 -0.0143423 -0.00549398 -0.00601491 -0.0247266 -0.0092903
internal_weight=32060.7 8705.87 23354.8 17007.2 12818.2 3997.63 6347.61 4708.24 4189.05 6107.62 3606.92 3835.11 8983.07 3304.77 4678.58 3146.42 2918.83 3943.72 3214.34 1615.93 2419.07 2924.57 1429.05 5836.65 2084.43 1997.84 1134.33 1286.26 239.986 1403.47
internal_count=231745 77304 154441 106551 77375 42960 47890 34344 29176 45257 37025 25158 52217 22703 33243 19252 20840 28431 23411 11529 17763 18861 12014 32965 15513 19271 9360 9409 2633 11641
is_linear=0
shrinkage=0.04


Tree=26
num_leaves=31
num_cat=5
split_feature=0 28 27 27 27 0 28 28 0 0 14 12 4 0 27 0 19 19 9 19 20 27 19 14 4 6 19 0 7 12
split_gain=766.996 453.623 171.75 94.7119 84.031 71.6863 152.545 80.5198 69.7315 54.9082 42.1961 40.1846 35.7977 35.0755 32.5689 32.3539 29.1129 28.9924 27.9278 26.0805 25.8073 24.8154 24.2364 23.7057 23.0845 22.1932 21.9969 21.6019 21.1468 24.6464
threshold=4.5000000000000009 3.5000000000000004 -1.1349999999999993 -1.0099999999999993 0.94833333333333358 1.5000000000000002 3.5000000000000004 2.5000000000000004 3.5000000000000004 3.5000000000000004 -0.083333333333333273 4.3875000000000011 1.0000000180025095e-35 5.5000000000000009 1.7136666666666669 5.5000000000000009 0 1 32.500000000000007 2 4.7900000000000009 1.9300000000000002 3 -0.05000000000000001 0.03666666666666752 32.955000000000005 4 5.5000000000000009 3.7250000000000036 2.2678571428571432
decision_type=2 2 2 2 2 2 2 2 2 2 10 8 2 2 2 2 1 1 2 1 2 2 1 10 2 2 1 2 2 10
left_child=2 4 11 27 13 7 9 12 10 17 25 24 -4 26 23 -5 -12 -7 -9 -14 -13 -6 -15 -11 -1 -8 -2 -3 29 -10
right_child=1 3 5 15 21 6 8 18 28 14 16 20 19 22 -16 -17 -18 -19 -20 -21 -22 -23 -24 -25 -26 -27 -28 -29 -30 -31
leaf_value=-0.00048439438962818857 0.0043080653482166602 -0.023882118149779943 -0.0078008428270124452 -0.012176490040377717 0.0025085502918311665 0.013410846376448149 -0.0050625975283672252 -0.0020442281866471603 0.02088111685582543 -0.003889467974133132 0.014052492852667143 -0.030896391658739787 0.010831013144467532 -0.018459876895200452 0.016780595694820526 -0.021063374629538851 0.0044501566733110703 0.0081908875784797771 0.0074572185244641733 -0.0039323042553499905 -0.012363722314363806 0.014469073020519559 -0.0066913621755197595 0.0050402880829521993 -0.017451158998391746 0.0035191275280406259 -0.0056709859053076352 -0.034364029780583998 0.0014875130838384858 -0.0090006489429374694
leaf_weight=685.65624339133501 533.69920633733273 605.13009541481733 1753.278195142746 1512.8947156146169 1552.1995130926371 3587.8905530497432 962.30947190523148 645.98345499485731 45.688060663640499 615.07230816036463 688.42977308481932 158.96594601124525 331.33674836158752 463.2459167689085 306.07320556044579 1156.5287364125252 1962.2311596870422 3546.5154178962111 2117.2673648074269 429.14346851408482 493.27931351214647 337.98514173924923 794.07925628870726 2098.4979089424014 157.84051118791103 966.33983877301216 1007.9914678782225 655.17538859695196 517.65599127113819 1323.2955632805824
leaf_count=5836 3902 7620 12622 13812 9952 19894 6723 4464 350 4066 4453 1877 2284 4057 1689 12376 12789 19943 14180 2986 4594 1932 6857 13019 1482 6647 7599 9073 4027 10567
internal_value=-6.90499e-05 -0.0102694 0.00368922 -0.0202936 -0.00186878 0.00458501 0.00587463 0.000523311 0.00107236 0.00893265 0.00373862 -0.00942467 -0.00465712 -0.00626905 0.00441139 -0.0160267 0.00701388 0.0108463 0.005236 0.0025907 -0.0168805 0.00464722 -0.0112274 0.00301622 -0.00365932 -0.000762768 -0.0022253 -0.0293312 -0.00539927 -0.00800338
internal_weight=32011.7 8618.93 23392.8 3929.73 4689.2 21897 16620 5277.01 6465.95 10154 4579.31 1495.74 2513.76 2799.02 3019.64 2669.42 2650.66 7134.41 2763.25 760.48 652.245 1890.18 1257.33 2713.57 843.497 1928.65 1541.69 1260.31 1886.64 1368.98
internal_count=231672 77180 154492 42881 34299 140703 104167 36536 45556 58611 30612 13789 17892 22415 18774 26188 17242 39837 18644 5270 6471 11884 10914 17085 7318 13370 11501 16693 14944 10917
cat_boundaries=0 1 2 3 4 5
cat_threshold=11141760 13573952 214623 11736352 1583127
is_linear=0
shrinkage=0.04


Tree=27
num_leaves=31
num_cat=6
split_feature=27 27 27 5 23 5 5 19 6 26 9 14 19 15 26 7 1 9 19 19 19 22 7 19 11 6 1 1 1 29
split_gain=509.98 180.702 151.415 84.6211 36.0089 32.6992 27.0238 29.7592 26.0064 25.078 28.2493 18.6768 18.3916 18.2791 22.6419 17.3062 15.74 25.0226 21.0171 18.8583 15.6038 15.0986 14.0556 17.5598 13.8597 13.972 15.836 13.7893 13.6196 13.534
threshold=-0.97000000000000031 0.20916666666666653 -1.8600000000000003 5.5000000000000009 3.5000000000000004 2.5000000000000004 4.5000000000000009 0 44.705000000000005 2.2150000000000003 28.500000000000004 0.14999999999999999 1 4.5000000000000009 6.6250000000000009 6.2891666666666675 30.375000000000004 41.500000000000007 2 3 4 14.315833333333336 11.96916666666667 5 1.5000000000000002 40.32500000000001 38.230000000000011 29.735000000000003 46.980000000000011 7.035000000000001
decision_type=2 2 2 2 2 2 2 1 2 2 2 8 1 8 2 2 2 2 1 1 1 2 2 1 2 2 2 2 2 2
left_child=2 3 9 4 22 12 16 15 13 10 -1 28 -4 -6 24 -8 -3 19 -19 -18 -16 -7 -2 -24 -15 27 -27 -26 -9 -22
right_child=1 6 5 -5 8 21 7 11 -10 -11 -12 -13 -14 14 20 -17 17 18 -20 -21 29 -23 23 -25 25 26 -28 -29 -30 -31
leaf_value=-0.036323956543885934 0.0017522002543150852 0.007694186673586339 0.0025008065291895936 -0.0097614099159725846 -0.0016389915457982272 -0.013351038080796431 0.0051853573925024765 -0.0034480402651851315 0.0055391020770100509 -0.020903195773134278 0.025891332184233517 0.004349188569120999 -0.0090600494133404076 0.0047256939598131929 -0.010011823974525689 0.019014447828148505 0.0060089257243484667 0.011674350692841548 0.0046573833606724123 0.0010090853097340429 0.016627485279851181 0.020754337473170858 0.022160290697954461 0.0022875263942217288 -0.0038407825010047894 0.010436550272774485 -0.018531126800976946 -0.012521163980352319 0.01303117042348087 0.063760746903561205
leaf_weight=491.05533971264958 4244.7543627917767 4000.2382961809635 434.74550375342369 1787.5885433331132 3958.360919393599 1642.8875674977899 1023.0015619769692 1796.327771499753 609.29893919080496 350.15360581129789 11.961513239890335 879.77394787222147 432.47108177095652 134.59672926366329 31.94000967592001 168.65919686108828 1959.6117512211204 1188.4142986088991 1709.4502165317535 3153.7143015265465 49.965515330433846 21.03470715880394 115.3095923140645 186.80160543322563 418.05710903555155 113.71571435779333 41.111846961081028 977.34267383813858 83.995968252420425 12.109896704554556
leaf_count=7501 30953 24919 3833 14659 29661 16166 6470 11582 4535 4249 140 5400 3861 1054 236 1048 12177 7395 10664 19782 370 200 820 1327 3305 892 318 7736 535 87
internal_value=0.000134453 0.0018694 -0.0145498 -0.00169518 -0.000371518 -0.00963767 0.00470105 0.00183175 -0.0023181 -0.0291228 -0.0348445 -0.00045953 -0.0033401 -0.00315255 -0.00652059 0.00708319 0.00564505 0.00462185 0.0075914 0.00293893 0.0125835 -0.0129199 0.00234552 0.0106818 -0.00758662 -0.00865562 0.00274467 -0.00992055 -0.0027119 0.0222397
internal_weight=32028.5 28644.1 3384.31 12681 10893.4 2531.14 15963.2 3951.76 6346.5 853.17 503.017 2760.1 867.217 5737.2 1778.84 1191.66 12011.4 8011.19 2897.86 5113.33 94.0154 1663.92 4546.87 302.111 1684.82 1550.23 154.828 1395.4 1880.32 62.0754
internal_count=231875 195925 35950 95953 81294 24060 99972 25035 48194 11890 7641 17517 7694 43659 13998 7518 74937 50018 18059 31959 693 16366 33100 2147 13305 12251 1210 11041 12117 457
cat_boundaries=0 1 2 3 4 5 6
cat_threshold=24903 13049027 1741404 4742196 2639060 8004744
is_linear=0
shrinkage=0.04


Tree=28
num_leaves=31
num_cat=8
split_feature=0 28 27 26 27 0 27 28 0 0 0 0 9 4 0 11 4 19 10 11 19 19 19 15 19 19 14 15 19 4
split_gain=693.261 409.214 144.974 80.7341 73.7014 70.3557 152.851 70.5456 63.1086 60.2087 45.8203 37.7016 33.5751 32.2978 31.8195 31.4572 29.5783 29.493 28.521 27.3037 26.78 25.4978 24.3624 23.9108 23.8399 21.9284 21.4626 20.741 20.4939 20.4818
threshold=4.5000000000000009 3.5000000000000004 -1.1349999999999993 2.0150000000000001 0.94833333333333358 1.5000000000000002 -0.01666666666666616 1.5000000000000002 5.5000000000000009 3.5000000000000004 2.5000000000000004 2.5000000000000004 46.500000000000007 0.0066666666666663774 5.5000000000000009 7.5000000000000009 0.010000000000000233 0 1 1.5000000000000002 2 3 4 4.5000000000000009 5 6 0.12705026455026455 3.5000000000000004 7 0.016666666666666167
decision_type=2 2 2 2 2 2 2 2 2 2 2 2 2 2 2 2 2 1 1 2 1 1 1 8 1 1 10 8 1 2
left_child=2 4 11 -3 14 7 9 -4 26 13 15 -1 28 18 25 17 22 -8 -7 24 -16 -17 -12 -13 -15 -2 -5 -18 -9 -6
right_child=1 3 5 8 29 6 10 12 -10 -11 16 23 -14 19 20 21 27 -19 -20 -21 -22 -23 -24 -25 -26 -27 -28 -29 -30 -31
leaf_value=-0.001030737721563196 0.0052840084543762803 -0.037548577548158865 -0.0074976392010007876 -0.013995390462156452 0.0072442222544828547 0.01345504573425374 0.014126279569800818 0.0049809267413942291 -0.023522099416087273 -0.0055379578547597244 0.005059669390492471 -0.0051566766631195426 0.0089492569592053237 0.030029925198599258 -0.017670698479679628 0.0085514023445791773 0.0055098335039638815 0.0048665851739049153 0.0035911429027272387 -0.0019582164421486211 -0.0054961962407931624 0.019919945199149986 0.011428095719323459 -0.019142025580268091 -0.0006313289934113868 -0.0051078936811294997 0.00077921163218153556 -0.0024829060727918732 -0.0019732981610868887 -0.0016041510132019563
leaf_weight=621.70328890532255 456.00060278922319 353.44577300921082 1329.7020503133535 1765.1504258066416 1282.9131936132908 653.87565293908119 1023.4464754462242 1118.3997534513474 1542.1743689030409 1758.0131162926555 1708.927809715271 308.75510791689157 1138.5810472369194 73.701938435435295 503.54823873192072 519.6154487580061 1954.5778068602085 1258.6530229151249 1689.6727828234434 1796.6285918280482 735.58763542771339 1083.7322909384966 2376.138097718358 533.70818664133549 87.181336864829063 1070.9594612717628 172.70779608935118 707.50110980123281 1690.4698266535997 621.25411497056484
leaf_count=5315 3331 5873 9864 17641 7982 4021 5577 7572 17764 14156 9964 2889 7447 519 4455 2819 11626 6935 11181 12687 6373 5779 13811 5530 613 8059 1539 4493 11592 3912
internal_value=0.000134241 -0.00964876 0.00368446 -0.0193339 -0.00169896 0.00449669 0.00576948 0.000470854 -0.0174839 0.000698863 0.00865901 -0.0085026 0.00315505 0.0032481 -0.0058681 0.0121193 0.00666637 0.00910248 0.00641602 -0.000544558 -0.0106305 0.0164132 0.00880432 -0.0140165 0.0152422 -0.00200338 -0.0126786 0.0033856 0.000806354 0.00435735
internal_weight=31936.7 8503.74 23433 3833.48 4670.26 21968.8 16691.7 5277.15 3480.03 6059.07 10632.6 1464.17 3947.45 4301.06 2766.1 3885.45 6747.14 2282.1 2343.55 1957.51 1239.14 1603.35 4085.07 842.463 160.883 1526.96 1937.86 2662.08 2808.87 1904.17
internal_count=231319 76929 154390 42817 34112 140656 104181 36475 36944 43177 61004 13734 26611 29021 22218 21110 39894 12512 15202 13819 10828 8598 23775 8419 1132 11390 19180 16119 19164 11894
cat_boundaries=0 1 2 3 4 5 6 7 8
cat_threshold=6756113 3 11736512 4333615 2122603 16723972 1837077 6464045
is_linear=0
shrinkage=0.04


Tree=29
num_leaves=31
num_cat=7
split_feature=28 20 5 4 28 22 28 19 14 4 29 12 7 19 29 8 4 19 19 29 19 19 14 29 7 14 7 7 19 18
split_gain=428.587 240.054 75.8563 69.1972 43.0468 30.6271 27.2982 26.6684 25.6955 24.4461 23.0025 20.6825 20.1214 20.0782 19.2449 17.5951 26.0464 20.293 16.2404 15.9423 17.3073 16.6623 15.7496 15.6002 14.9379 14.0522 14.0107 13.9745 13.9204 13.7663
threshold=4.5000000000000009 6.7600000000000007 4.5000000000000009 0.0066666666666663774 2.5000000000000004 -7.1933333333333334 3.5000000000000004 0 -0.0018518518518518682 0.068333333333332927 4.8650000000000011 2.3166666666666669 8.9316666666666684 1 4.995000000000001 3.5000000000000004 0.035000000000000593 2 3 5.4450000000000012 4 5 -0.070370370370370319 2.0050000000000003 -8.8916666666666657 -0.090740740740740691 2.1833333333333322 -6.0983333333333336 6 1.0000000180025095e-35
decision_type=2 2 2 2 2 2 2 1 10 2 2 8 2 1 2 2 2 1 1 2 1 1 10 2 2 8 2 2 1 10
left_child=2 8 6 5 7 11 15 25 23 14 18 -3 19 24 -5 16 -1 -17 22 21 -21 -8 -6 -2 -12 -4 -11 -24 -28 -13
right_child=1 3 4 9 10 -7 12 -9 -10 26 13 29 -14 -15 -16 17 -18 -19 -20 20 -22 -23 27 -25 -26 -27 28 -29 -30 -31
leaf_value=0.005578644217520177 -0.034084844022159853 0.02534275525145498 -0.0050867118817914522 -0.011014064216312158 -0.012121078202451171 0.0012864728119566316 0.0014794759033393517 -0.0014782332512688434 0.015652554980588231 -0.022366929071134519 -0.012081004167863521 -0.0090898932545370389 0.0087632221642878379 -0.0050939651881217463 -0.0042548414233150493 0.0060092491578173949 0.022540418237458688 0.0012908060047040868 -0.013265942952509957 0.0089287704258760783 -0.0010445062975940863 -0.0055639695739206595 -0.014597401709761999 -0.018729263497734811 0.0055604514061445513 0.0075287820108482168 0.0061594895779758952 0.0049531314091804252 -0.017520539648529582 -0.0023393841412073031
leaf_weight=7489.0329207181931 580.65536890923977 33.599563725292683 159.35726218670607 1973.0718703344464 234.24134314060211 1902.5391659289598 990.53506506234407 1603.2316233068705 19.164277501404285 364.86961626261473 87.404566578567028 1171.0342173427343 442.04937924444675 1156.8397044911981 1023.630388662219 2318.8918058872223 147.70933086425066 3951.6918313279748 639.83064586669207 505.47712538391352 607.27747019380331 1161.1544030718505 72.746481716632843 129.45686541125178 632.75180147588253 1244.810628913343 65.73092282563448 298.66052237153053 82.412503600120544 823.09323053061962
leaf_count=47067 8891 247 1050 18341 1859 14730 7258 9996 212 3534 651 10185 3093 8562 8730 14645 961 25069 4895 3584 4322 8541 544 1543 4670 7635 627 2223 788 6942
internal_value=-0.000248262 -0.00815103 0.00247076 -0.00600427 -0.00136174 -0.00235888 0.00380453 0.00205379 -0.030052 -0.0100865 -0.0046514 -0.00577918 0.000754245 -0.00185477 -0.00870521 0.00461748 0.00590672 0.00304735 -0.00886605 -0.000330278 0.00355678 -0.00234049 -0.00393384 -0.0312854 0.0033725 0.00605395 -0.0181548 0.00112382 -0.00778066 -0.00630356
internal_weight=31913 8169.26 23743.7 7439.98 6129.87 3930.27 17613.8 3007.4 729.277 3509.72 3122.48 2027.73 3706.49 1877 2996.7 13907.3 7636.74 6270.58 1245.48 3264.44 1112.75 2151.69 605.648 710.112 720.156 1404.17 513.013 371.407 148.143 1994.13
internal_count=231395 74770 156625 64124 42085 32104 114540 18681 10646 32020 23404 17374 26798 13883 27071 87742 48028 39714 9521 23705 7906 15799 4626 10434 5321 8685 4949 2767 1415 17127
cat_boundaries=0 1 2 3 4 5 6 7
cat_threshold=292175 12603949 955970 12159247 10718540 13543072 6351138
is_linear=0
shrinkage=0.04


Tree=30
num_leaves=31
num_cat=6
split_feature=0 27 22 27 27 27 0 14 28 0 12 17 0 5 0 19 7 26 14 0 27 0 19 19 27 19 19 7 19 5
split_gain=634.453 347.502 116.287 79.035 76.8124 73.9461 73.2573 71.7644 68.2382 41.1933 38.7413 33.8834 32.8643 31.5935 29.8135 28.1074 23.8701 23.7772 23.5754 23.2266 22.5161 21.2071 31.7292 20.6378 20.4703 20.4259 19.3399 24.3823 18.9 18.087
threshold=4.5000000000000009 -0.14449999999999982 -7.1933333333333334 0.71633333333333316 -1.6533333333333329 -1.1349999999999993 1.5000000000000002 -0.062929894179894141 1.5000000000000002 5.5000000000000009 3.3541666666666674 0.21111111111111114 3.5000000000000004 5.5000000000000009 2.5000000000000004 0 7.8600000000000021 5.1550000000000011 0.18888888888888899 5.5000000000000009 -0.45166666666666683 1.5000000000000002 1 2 -2.5758333333333323 3 4 7.554166666666668 5 3.5000000000000004
decision_type=2 2 2 2 2 2 2 8 2 2 10 10 2 2 2 1 2 2 10 2 2 2 1 1 2 1 1 2 1 2
left_child=2 5 4 16 -1 24 8 13 29 -7 21 -10 26 17 23 -5 19 -8 -14 -3 -16 22 -6 -12 -2 -18 27 -9 -20 -4
right_child=1 3 6 15 10 9 7 12 11 -11 14 -13 18 -15 20 -17 25 -19 28 -21 -22 -23 -24 -25 -26 -27 -28 -29 -30 -31
leaf_value=-0.018433157799953862 -0.037485347658394563 -0.0056228804042972669 -0.010379782036021908 -0.0024576332991431745 0.0069247459901010987 -0.010866957713342782 -0.00059171624881881467 0.0053659387044516504 0.0062389626642720452 -0.021747377204155569 -0.0042269165453615951 -0.0031463610413463828 0.0024998565323073895 -0.0075006006118378344 -0.010412105711647976 0.0060826720942466139 0.015343821059739636 0.0066175453606994077 0.0023325555437238689 -0.013634555021287569 -0.0013095831321946032 0.0060077605254371348 -0.013758165941198051 0.0045842879132779778 -0.024965568703508585 -0.0046377016712910073 0.011492483014252524 0.01625754751160911 0.01567744690790995 0.00073936517320570062
leaf_weight=395.39387208223343 297.11052718386054 1316.7305138036609 902.90399527549744 1125.4091118723154 226.05984684079885 1273.1812464818358 1394.4071326553822 2193.515514716506 2252.2893188372254 989.39096845686436 719.38234029710293 846.90132788568735 2088.4421828091145 520.45984325557947 1001.1906710118055 1345.7261837869883 112.02959885448217 1540.8100286349654 288.41104261577129 1033.3404093682766 768.58512695878744 1727.2288907915354 231.11745563149452 1011.4866977706552 704.22901123762131 240.41930830478668 4230.093089453876 386.85954760760069 459.8712005391717 315.98468445241451
leaf_count=4540 5204 10263 6804 7339 1573 12335 10074 12551 15016 11328 5021 5789 13799 3804 8593 8676 918 9416 1688 9555 5185 11139 1616 6990 9453 1983 23858 2165 2693 2256
internal_value=-1.06071e-06 -0.00940993 0.00337695 -0.0029623 -0.00138568 -0.0196301 0.00503925 0.00652831 0.000520827 -0.0156248 -0.00020003 0.00367428 0.00830004 0.00158219 -0.00280842 0.0022079 -0.00768983 0.00319271 0.0046826 -0.00914566 -0.00645903 0.00398007 -0.00368058 0.000924247 -0.0286804 0.0020174 0.00980679 0.00697183 0.0107746 -0.00749725
internal_weight=31939 8437.57 23501.4 5173.66 6080.44 3263.91 17420.9 13102.9 4318.08 2262.57 5685.05 3099.19 9647.19 3455.68 3500.64 2471.14 2702.52 2935.22 2836.72 2350.07 1769.78 2184.41 457.177 1730.87 1001.34 352.449 6810.47 2580.38 748.282 1218.89
internal_count=231624 77054 154570 38734 44657 38320 109913 80048 29865 23663 40117 20805 56754 23294 25789 16015 22719 19490 18180 19818 13778 14328 3189 12011 14657 2901 38574 14716 4381 9060
cat_boundaries=0 1 2 3 4 5 6
cat_threshold=10717096 7484175 1615047 1852421 5253182 205019
is_linear=0
shrinkage=0.04


Tree=31
num_leaves=31
num_cat=0
split_feature=0 27 27 27 27 29 0 28 0 0 0 12 28 0 17 12 14 21 27 0 7 8 14 7 22 27 7 0 7 3
split_gain=621.73 354.527 130.215 71.8732 67.6959 50.72 120.751 47.2181 47.1843 47.0851 46.0832 34.2198 31.7289 30.9135 25.1663 24.6813 23.653 21.1698 20.4419 19.491 19.2473 18.8277 17.5633 17.5334 17.3538 17.0895 19.7905 16.753 17.0345 16.6645
threshold=4.5000000000000009 -0.14449999999999982 -1.3583333333333329 0.94833333333333358 -1.8600000000000003 5.3050000000000006 1.5000000000000002 1.5000000000000002 3.5000000000000004 3.5000000000000004 5.5000000000000009 4.1180555555555562 2.5000000000000004 5.5000000000000009 0.18333333333333338 3.6458333333333335 0.18888888888888899 24.020000000000003 1.8800000000000006 1.5000000000000002 9.1324999999999985 4.5000000000000009 0.16679894179894186 3.0458333333333329 -0.16183333333333569 0.67833333333333312 -0.51000000000000323 5.5000000000000009 13.176666666666666 6.955000000000001
decision_type=2 2 2 2 2 2 2 2 2 2 2 8 2 2 10 10 10 2 2 2 2 2 10 2 2 2 2 2 2 2
left_child=2 4 11 13 -2 9 7 -7 15 21 22 24 -11 -3 -9 -8 -10 -18 27 -13 -15 -4 -6 -14 -1 26 -23 -5 29 -29
right_child=1 3 5 18 10 6 8 14 16 12 -12 19 23 20 -16 -17 17 -19 -20 -21 -22 25 -24 -25 -26 -27 -28 28 -30 -31
leaf_value=-0.004853012035999766 -0.033337545459536204 -0.0029660472319641587 0.0046559149782601453 0.0053915233288634457 -0.013497178333451786 -0.0077231029195194987 0.011047977831344548 0.007722837807024794 0.0015888818960918157 0.0056140721776887824 -0.023106006096589457 -0.00052726754588388301 -0.0082156153771374956 -0.012367398269737156 -0.0013203932936478918 0.0046555223016149739 0.074053666380709537 0.0095508867969523563 0.011393048613468409 -0.020872369578466287 0.0028477932051464531 -0.0015571484481164549 0.0084796434352187519 0.00042702382177031549 0.022931186911690535 0.0076839097915091872 0.037337328818550237 -0.002120147206076227 0.02153015537207106 -0.020329781391164189
leaf_weight=294.23338431864977 494.34954809397459 1827.4860927462578 5532.9235562831163 764.05695772171021 1459.7693341560662 1107.3453496396542 5291.1635493859649 863.09486527740955 2112.4367063418031 516.86045888066292 1200.2067453712225 89.707299143075943 1257.61373167485 1292.5374863296747 1146.308576926589 1182.332961589098 8.2480043768882734 627.83645965158939 398.97574684023857 470.47716214507818 148.28700610250235 1962.1945489421487 60.598478846251965 535.49020287394524 40.977544978260994 426.4733297303319 21.157248310744762 618.31267707049847 42.678892552852631 92.430215254426003
leaf_count=2734 8413 13995 35935 4746 14978 8304 29372 5732 13997 3092 14454 815 10066 11747 7827 7138 47 3612 2252 5233 1289 13232 564 4170 353 2499 139 4019 273 607
internal_value=5.48404e-05 -0.00928497 0.00339507 -0.00281393 -0.0197209 0.00398801 0.00571568 -0.00109094 0.0080161 0.00190882 -0.0172467 -0.0115653 -0.00311767 -0.00642027 0.00256393 0.00988045 0.00362508 0.0103873 0.0033363 -0.0176143 -0.0108015 0.00337066 -0.0126212 -0.00563459 -0.00145656 0.000419744 -0.00114224 0.00121802 -0.0030144 -0.00448826
internal_weight=31886.6 8399.69 23486.9 5184.77 3214.92 22591.5 12338.8 3116.75 9222.02 10252.7 2720.57 895.395 2309.96 3268.31 2009.4 6473.5 2748.52 636.084 1916.45 560.184 1440.82 7942.75 1520.37 1793.1 335.211 2409.83 1983.35 1517.48 753.422 710.743
internal_count=231634 77337 154297 38928 38409 145162 76029 21863 54166 69133 29996 9135 17328 27031 13559 36510 17656 3659 11897 6048 13036 51805 15542 14236 3087 15870 13371 9645 4899 4626
is_linear=0
shrinkage=0.04


Tree=32
num_leaves=31
num_cat=4
split_feature=0 27 27 27 0 27 27 28 0 22 0 0 0 27 4 9 7 14 19 7 19 14 27 19 7 4 19 5 11 4
split_gain=556.798 314.7 104.142 72.8844 67.8002 126.349 64.3849 61.3299 45.4261 42.2221 41.6985 38.8141 38.3619 33.3716 29.7441 26.6887 26.6298 25.1055 24.0148 23.9921 22.4985 21.4477 20.8126 20.507 20.3267 19.8865 19.8509 19.6495 19.3705 18.9928
threshold=4.5000000000000009 -0.17333333333333353 -1.3583333333333329 1.3291666666666668 1.5000000000000002 -0.096666666666667109 -2.5758333333333323 2.5000000000000004 5.5000000000000009 -1.6083333333333305 3.5000000000000004 5.5000000000000009 2.5000000000000004 0.8883333333333342 -0.028333333333332874 32.500000000000007 7.554166666666668 -0.21666666666666656 0 9.1324999999999985 1 0.12962962962962971 -2.4324999999999988 2 33.569166666666675 -0.008333333333333302 3 1.5000000000000002 7.5000000000000009 -0.013333333333333195
decision_type=2 2 2 2 2 2 2 2 2 2 2 2 2 2 2 2 2 10 1 2 1 10 2 1 2 2 1 2 2 2
left_child=2 6 9 11 7 10 -2 14 21 22 16 -3 28 -14 -4 -9 17 -6 -19 26 -16 -8 -1 -21 -12 -10 -13 -20 -7 -24
right_child=1 3 4 -5 5 12 8 15 25 -11 24 19 13 -15 20 -17 -18 18 27 23 -22 -23 29 -25 -26 -27 -28 -29 -30 -31
leaf_value=-0.029866466865761096 -0.037301086177441045 -0.0019189739805049056 -0.0099091037903733022 0.0059594312864716635 -0.0072516962710396987 0.0081094985179504565 -0.013858004198056223 -0.0032141037240073374 -0.016011408223346076 0.015990792004400387 -0.0053834341151494762 -0.017082055508656126 0.0035310451476023015 0.0091715318039371357 -0.0079924354227063951 0.005861557424863769 0.010151028839898218 0.0099938466376702853 0.008728927304779463 -0.010567253162151718 0.0024943991537386338 0.0053189089817883284 -0.0018045421252506589 0.014281038914736494 0.058857104778860102 -0.026590086943994215 -0.0076909536766780352 -0.0008549073102777794 0.013634201158687438 -0.015697192135441164
leaf_weight=104.91632822901011 280.9759167842567 2263.2366753146052 1059.650397926569 1151.740398183465 506.04657678306103 2444.0913883596659 1440.6712934784591 677.14603128284216 437.81110046058893 87.615833789110184 1719.1601465344429 608.83536458015442 4592.6789586246014 2644.7299575358629 485.88010316342115 2211.8458711132407 593.66313104331493 533.19455474615097 409.04839743673801 86.872481569647789 954.81737531721592 99.776003926992416 244.88979776203632 109.47268349677324 7.9170461222529402 811.02462352439761 1036.1753738373518 2097.2692002281547 1737.1004693508148 440.95302613824606
leaf_count=1413 5235 16924 7759 6814 3727 13305 15455 4694 5436 784 14278 5381 28396 14302 3430 14736 3989 3641 2642 723 6649 936 2322 900 62 10392 9036 14549 9223 4533
internal_value=1.5147e-05 -0.00887565 0.00315833 -0.00293245 0.00368184 0.0049032 -0.0190505 -0.000235352 -0.0172121 -0.0103556 0.000131901 -0.00542749 0.00735445 0.00559222 -0.00482206 0.00373433 0.00231028 0.000997442 0.00237084 -0.00973986 -0.00108048 -0.0126159 -0.0132747 0.00347611 -0.00508895 -0.0228815 -0.0113173 0.000706422 0.0104048 -0.0107366
internal_weight=31879.2 8326.59 23552.6 5256.33 22674.2 17284.9 3070.26 5389.34 2789.28 878.375 5866.3 4104.59 11418.6 7237.41 2500.35 2888.99 4139.22 3545.56 3039.51 1841.36 1440.7 1540.45 790.759 196.345 1727.08 1248.84 1645.01 2506.32 4181.19 685.843
internal_count=231666 77232 154434 39778 145382 108114 37454 37268 32219 9052 42888 32964 65226 42698 17838 19430 28548 24559 20832 16040 10079 16391 8268 1623 14340 15828 14417 17191 22528 6855
cat_boundaries=0 1 2 3 4
cat_threshold=11536384 2406784 6753704 11668816
is_linear=0
shrinkage=0.04


Tree=33
num_leaves=31
num_cat=7
split_feature=27 27 12 5 5 19 5 7 12 18 5 19 22 7 19 19 19 22 12 19 21 19 6 5 1 12 1 27 6 1
split_gain=354.679 156.049 75.0047 62.8126 29.6592 29.0119 27.7672 26.3744 22.1076 19.2909 19.1557 17.7184 16.7544 14.9378 17.5575 16.6093 14.6443 14.2135 14.1225 14.067 13.4556 16.2144 13.3861 13.3472 15.9156 20.1335 13.0983 13.8668 12.6975 13.8807
threshold=-1.3583333333333329 -0.008333333333333524 5.1339285714285721 2.5000000000000004 4.5000000000000009 0 5.5000000000000009 27.417500000000008 3.1055555555555561 0.29166666666666669 3.5000000000000004 1 -6.6258333333333352 6.9591666666666692 2 3 4 -7.7716666666666621 4.7071428571428582 5 18.545000000000005 6 32.435000000000009 1.5000000000000002 26.875000000000004 4.7888888888888896 35.165000000000006 0.84666666666666746 41.845000000000006 43.145000000000003
decision_type=2 2 10 2 2 1 2 2 8 10 2 1 2 2 1 1 1 2 10 1 2 1 2 2 2 8 2 2 2 2
left_child=2 3 10 7 13 22 9 8 19 28 18 -11 -7 14 -3 -15 17 -10 -1 -2 -8 -22 -6 24 25 -18 27 -16 -5 -30
right_child=1 4 -4 6 5 12 20 -9 16 11 -12 -13 -14 15 26 -17 23 -19 -20 -21 21 -23 -24 -25 -26 -27 -28 -29 29 -31
leaf_value=-0.0053500522003473638 0.00064449903691492303 0.0015715310829017301 -0.032877849926805799 -0.0055363104247628803 0.00081516547794557046 -0.0093246267918125122 -0.015683963528658227 0.033546768482862969 -0.0093808732838882251 0.0096465688973305444 -0.018556990135505966 -0.0027966547230022154 -0.0008681428658995487 0.011462689023909831 0.0040342806402071793 0.0043713411258470957 0.012747034573608771 -0.00054530089620653929 -0.020393208767347445 0.010366943615575939 -0.012579849380519604 -0.0028876534884868105 0.0076248552630805815 -0.0019626066823509049 0.0023606192100600657 0.072242754869149703 0.0024812698447367857 0.0086154438560844954 0.0025472845735042926 -0.015607469276389816
leaf_weight=494.61642226949334 441.04769729822874 4987.892933934927 422.25393193587661 4186.3134155571461 909.01641756296158 440.93306896090508 446.50239030271769 39.842996187508106 510.17919789999723 293.60023648291826 567.84603580832481 455.08898407965899 2501.6035140529275 819.12948904186487 2383.1007645577192 1596.8762807250023 154.22647302597761 679.01947885751724 125.10718757286668 529.81910969316959 524.74782989919186 613.72882851213217 938.94999203830957 886.47498136758804 674.41407951712608 9.6712188422679883 2632.4313339069486 1900.0609690696001 581.30961035937071 76.217916660010815
leaf_count=5290 3203 31391 7262 34535 5872 3008 4173 287 4080 2311 6898 3557 16144 5046 15443 9890 1160 5031 1642 3861 4662 5399 6053 6823 5148 76 16500 11330 4669 605
internal_value=-0.000103917 0.000870874 -0.0183982 -0.00290072 0.00306203 0.000337558 -0.00512554 0.00116804 0.000835969 -0.00380106 -0.0132498 0.00217448 -0.0021281 0.00397349 0.00339145 0.00684115 -0.000905755 -0.0042997 -0.0083869 0.00606363 -0.00979892 -0.00749085 0.00425215 0.00145081 0.00507763 0.0162577 0.00469501 0.00606654 -0.00472467 0.000442859
internal_weight=31822 30212.2 1609.82 11102.2 19110 4790.5 7177.51 3924.7 3884.85 5592.53 1187.57 748.689 2942.54 14319.5 11903.5 2416.01 2913.99 1189.2 619.724 970.867 1584.98 1138.48 1847.97 1724.79 838.312 163.898 6915.59 4283.16 4843.84 657.528
internal_count=231349 210257 21092 89580 120677 31077 59911 29669 29382 45677 13830 5868 19152 89600 74664 14936 22318 9111 6932 7064 14234 10061 11925 13207 6384 1236 43273 26773 39809 5274
cat_boundaries=0 1 2 3 4 5 6 7
cat_threshold=4481351 5279472 11551503 3227701 5264967 11253796 9358417
is_linear=0
shrinkage=0.04


Tree=34
num_leaves=31
num_cat=8
split_feature=27 28 27 5 5 14 7 15 6 8 5 19 21 14 19 19 21 19 14 21 19 27 12 6 19 19 7 19 7 5
split_gain=341.304 132.659 70.739 60.8434 35.0662 26.4553 25.6296 25.5278 25.3286 21.5712 20.0867 19.7915 18.446 18.3005 16.5765 15.8815 15.7762 15.3621 14.8227 14.2097 14.1257 17.1093 13.3852 13.3848 13.3049 13.2559 13.1238 12.9515 12.9363 12.8262
threshold=-1.3583333333333329 3.5000000000000004 -2.5758333333333323 4.5000000000000009 5.5000000000000009 0.027777777777777807 1.3966666666666703 4.5000000000000009 44.865000000000002 4.5000000000000009 2.5000000000000004 0 37.975000000000001 -0.11679894179894178 1 2 34.795000000000009 3 0.04629629629629637 35.495000000000005 4 -0.60999999999999999 3.6458333333333335 72.315000000000012 5 6 -5.3216666666666628 7 17.634166666666669 1.5000000000000002
decision_type=2 2 2 2 2 10 2 8 2 2 2 1 2 8 1 1 2 1 8 2 1 2 8 2 1 1 2 1 2 2
left_child=2 4 12 7 9 -6 13 19 27 20 -4 28 -1 -5 -7 -15 -12 -10 25 23 21 -2 -13 -3 -11 -18 -22 -9 -8 -29
right_child=1 3 10 6 5 14 11 8 17 24 16 22 -14 15 -16 -17 18 -19 -20 -21 26 -23 -24 -25 -26 -27 -28 29 -30 -31
leaf_value=-0.035054633446822192 0.055484718466841436 -0.00048258719472675239 -0.0067878867978181925 -0.014161031152156101 -0.0071498230857295099 -0.0056821915886418536 0.0031115719721510177 -0.0083370029206731762 -0.0036899674726496756 -0.0018768428866200832 -0.018877182220435704 -0.00047790514268553986 0.066607797198409022 -0.011172861225421334 0.0048839824650699446 -0.0027243270092748972 0.017579152730274911 0.016450620286939596 0.080751216508201176 0.0040496987853227105 0.011563772291799911 0.0060553736985604657 -0.010889398036009258 0.048246170262406393 0.0027018797882970838 -0.01930544149419549 0.002943934837173381 0.0049177268601691875 0.032815330946995472 -0.0045162798207286029
leaf_weight=341.96306037902832 11.229597337543963 3761.1026832088828 434.32999546825886 818.50321292877197 886.58141417056322 318.93233349919319 398.94612440466881 1059.7141875475645 101.26405023038387 1426.1076711043715 750.74698811769485 376.0406501814723 2.8796794191002837 670.91285210102797 854.48190368711948 792.58554158359766 20.859584622085094 140.14884945750237 3.8113313652575007 1688.4026600494981 295.62371434271336 4958.3233626335859 416.27684378623962 9.0407142639160138 3477.1771616339684 21.610360082238913 6418.0080843195319 299.03506745398045 24.924587361514568 1007.2831477001309
leaf_count=6305 87 28790 4896 7567 6102 2035 3416 8587 792 8993 9241 3148 34 5719 5393 6729 226 1108 40 12208 1864 30961 3651 63 21985 237 40299 2312 202 8255
internal_value=-4.69362e-05 0.000899808 -0.018193 -0.002466 0.00298722 -0.00193488 -0.00687171 -0.000555256 -0.00381114 0.00359853 -0.0137086 -0.00218178 -0.0342057 -0.0093712 0.00200531 -0.00669235 -0.0174799 0.00853095 0.00518575 0.00100002 0.00453304 0.00615468 -0.00587388 -0.000365737 0.00137185 -0.00159564 0.00331855 -0.00507043 0.00474625 -0.0023388
internal_weight=31786.8 30210.6 1576.2 11564.2 18646.5 2060 3498.19 8065.99 2607.45 16586.5 1231.36 1216.19 344.843 2282 1173.41 1463.5 797.028 241.413 46.2813 5458.55 11683.2 4969.55 792.317 3770.14 4903.28 42.4699 6713.63 2366.03 423.871 1306.32
internal_count=231245 210266 20979 92547 117719 13530 30432 62115 21054 104189 14640 10417 6339 20015 7428 12448 9744 1900 503 41061 73211 31048 6799 28853 30978 463 42163 19154 3618 10567
cat_boundaries=0 1 2 3 4 5 6 7 8
cat_threshold=3203362 3017472 4871409 2329365 5789812 85005 3291346 1086839
is_linear=0
shrinkage=0.04


Tree=35
num_leaves=31
num_cat=1
split_feature=0 28 27 27 0 15 28 27 4 0 23 0 10 12 4 26 4 4 0 11 7 0 23 9 11 0 23 11 7 14
split_gain=509.058 298.454 91.0231 68.6965 50.2576 103.838 75.079 48.0595 46.3364 39.5246 42.0766 35.0508 34.0856 33.8739 29.84 29.552 26.4641 24.5012 23.0693 21.0614 20.3542 19.8459 19.8002 19.4176 18.904 18.7204 18.662 17.1141 16.5582 16.4342
threshold=4.5000000000000009 3.5000000000000004 -1.1349999999999993 -0.81916666666666671 1.5000000000000002 3.5000000000000004 2.5000000000000004 1.583666666666667 0.018333333333333094 2.5000000000000004 2.5000000000000004 5.5000000000000009 0 4.354166666666667 -0.036666666666666618 1.6150000000000004 -0.039166666666666565 -0.028333333333333762 5.5000000000000009 10.500000000000002 27.417500000000008 3.5000000000000004 1.5000000000000002 31.500000000000004 1.5000000000000002 5.5000000000000009 3.5000000000000004 10.500000000000002 -5.410000000000001 0.12962962962962971
decision_type=2 2 2 2 2 8 2 2 2 2 2 2 1 8 2 2 2 2 2 2 2 2 2 2 2 2 2 2 2 8
left_child=2 7 13 15 6 9 17 11 12 27 -11 -2 -7 26 -5 -3 -13 -4 -17 23 24 -15 -19 -8 -14 -16 -1 -6 -12 -18
right_child=1 3 4 14 5 8 19 -9 -10 10 28 16 20 21 25 18 29 22 -20 -21 -22 -23 -24 -25 -26 -27 -28 -29 -30 -31
leaf_value=0.013210473144014377 -0.00025060737531907906 -0.037794453832154087 -0.0095757467932473719 -0.0017413728925285111 0.0088848684580271915 0.0074011845271455944 -0.00085294287163500851 0.0073652389702352208 -0.0044254240882012456 0.0084263487996870893 -0.0031416163279679478 0.0027410596595182834 0.0089962690084045248 -0.0088928156129604759 -0.011509440739495041 -0.016499265374465538 -0.013317272866561295 -0.007351439465040791 -0.027889125420821725 -0.005632473732979989 0.039622916777644387 -0.024276369187228419 0.0021223492385591645 0.0076936845732764169 -0.0022081603669227628 -0.01961372753804224 -0.004096817860231459 0.015766453978346622 0.0035378645384399679 -0.0046381936189451049
leaf_weight=116.45364371687174 2131.1048968993127 220.24540816247463 1030.0796374157071 323.96261538565159 3304.7552864551544 1592.0012123063207 542.17074751853943 743.82090529799461 2106.1886801123619 3276.047643378377 738.88768939673901 313.0229002609849 277.72294639796019 390.43577424436808 1094.0487528145313 612.09383295848966 928.57004402950406 576.36720799654722 531.65472593903542 284.38555506616831 20.198512621223927 204.43086234480143 910.69081007689238 1973.6321470439434 1818.7406366020441 782.01559494435787 692.16739942133427 700.85338311642408 3024.3266430720687 559.35751774162054
leaf_count=985 15200 4552 7556 3193 18285 9484 3739 4251 15065 18698 4804 2477 1838 3839 10418 7813 8038 4076 7825 1951 133 2665 6295 12996 12564 9128 6325 3825 19326 4285
internal_value=-4.61491e-05 -0.00860483 0.00294456 -0.0173245 0.00356975 0.00463913 0.000179068 -0.00195858 0.00031276 0.00691685 0.00511183 -0.00372235 0.00300362 -0.00693429 -0.0129518 -0.0243773 -0.00783054 -0.0048341 -0.0217937 0.00468549 -0.000337278 -0.0141795 -0.00154959 0.00585183 -0.000723886 -0.0148876 -0.00160431 0.0100889 0.00222638 -0.0100545
internal_weight=31820.4 8239.9 23580.5 3564.02 22177 16859.7 5317.33 4675.88 5814.85 11044.9 7039.26 3932.06 3708.66 1403.49 2200.03 1363.99 1800.95 2517.14 1143.75 2800.19 2116.66 594.867 1487.06 2515.8 2096.46 1876.06 808.621 4005.61 3763.21 1487.93
internal_count=231629 77180 154449 42929 140635 104022 36613 34251 39084 64938 42828 30000 24019 13814 22739 20190 14800 17927 15638 18686 14535 6504 10371 16735 14402 19546 7310 22110 24130 12323
cat_boundaries=0 1
cat_threshold=3
is_linear=0
shrinkage=0.04


Tree=36
num_leaves=31
num_cat=5
split_feature=27 28 4 12 14 5 22 14 8 19 19 19 8 19 14 27 6 18 22 22 27 9 27 4 27 4 19 29 20 16
split_gain=326.251 148.3 75.8251 40.0556 35.8734 25.9719 25.6314 24.9342 23.7872 20.7026 20.1729 18.7919 18.292 18.5074 16.192 16.6295 16.0197 15.1183 14.3768 14.3471 14.154 14.0429 16.4881 13.3839 13.7323 13.3558 13.2085 14.742 27.2928 13.0711
threshold=-1.6533333333333329 3.5000000000000004 0.0083333333333333055 5.0500000000000007 -0.12585978835978831 5.5000000000000009 9.0483333333333391 0.03333333333333334 1.5000000000000002 0 1 2 3.5000000000000004 3 -0.053637566137566144 0.20916666666666653 19.010000000000002 0.55000000000000016 7.9999999999999991 11.055000000000007 0.059999999999999838 43.500000000000007 -0.36366666666666653 0.056666666666667094 -0.4066666666666669 0.068333333333333815 4 6.8650000000000011 45.250000000000007 1.0000000180025095e-35
decision_type=2 2 2 10 10 2 2 8 2 1 1 1 2 1 10 2 2 8 2 2 2 2 2 2 2 2 1 2 2 8
left_child=3 5 6 19 -4 12 8 18 -3 -8 -10 16 13 21 15 -11 -6 -14 -7 -1 -19 22 -2 24 -15 -13 27 -22 -29 -24
right_child=1 2 4 -5 11 7 9 -9 10 14 -12 25 17 23 -16 -17 -18 20 -20 -21 26 -23 29 -25 -26 -27 -28 28 -30 -31
leaf_value=-0.016952214292559682 0.040328740364926001 0.0038371710926067026 -0.010859597988616963 -0.032986226695946884 -0.016354956179790967 -0.010578614474036354 -0.001490123575406254 0.0025109756873138329 0.00031301064438259878 -0.00037498119326265038 -0.0049306105592636694 -0.0047608363008768712 0.0013543423931425518 0.031518652917572561 0.017193991980940435 0.040684644278567383 0.0021968583629764869 -0.017959320490405488 -0.00040115382864391587 0.043718657655182826 0.0098265984374993464 0.005912067879634956 -0.0093518313430896189 0.019334909903572475 0.0056648344744433567 -0.013679861020862232 0.0038740973503964193 0.078161860805289543 0.019113815736389865 0.0013245359347247724
leaf_weight=528.02882006019354 16.72906281799078 1289.4207079149783 1876.7688529454172 398.9576255902648 81.094893172383308 531.38831645995378 334.81541666388512 1160.4474770501256 2364.8089447841048 196.39048195630312 2326.3429215103388 2147.6328631453216 6912.2809370979667 33.085656225681305 314.79522624611855 17.161429770290852 912.10913978517056 33.303591251373291 381.52178138494492 6.3107667602598658 183.06086707115173 1257.0392295494676 199.0909312069416 120.2249154523015 5068.8388448059559 307.03498106449842 408.68063899874687 15.434385418891905 66.429199419915676 2339.6832217052579
leaf_count=7023 126 9890 17556 7534 695 3784 2384 7319 18437 1448 18224 17955 43643 247 2174 111 7635 231 2525 68 1127 7816 1277 781 31413 2768 2507 94 405 14551
internal_value=-9.56357e-05 0.000608225 -0.00282975 -0.023396 -0.00640949 0.00284211 -4.45949e-05 -0.00137967 -0.000974577 0.00639895 -0.00229715 -0.00398717 0.00336771 0.0045851 0.0112142 0.00292465 0.000675307 0.00192415 -0.00632527 -0.0162357 0.00749582 0.00244431 0.000748108 0.00613161 0.00583249 -0.0058526 0.00875434 0.0155496 0.0302466 0.000487294
internal_weight=31828.9 30895.6 12168.4 933.297 5324.64 18727.2 6843.74 2073.36 5980.57 863.163 4691.15 3447.87 16653.9 9034.69 528.347 213.552 993.204 7619.19 912.91 534.34 706.909 3812.54 2555.5 5222.15 5101.92 2454.67 673.605 264.924 81.8636 2538.77
internal_count=231748 217123 99277 14625 46609 117846 52668 13628 46551 6117 36661 29053 104218 56211 3733 1559 8330 48007 6309 7091 4364 23770 15954 32441 31660 20723 4133 1626 499 15828
cat_boundaries=0 1 2 3 4 5
cat_threshold=4481827 15630761 11567115 8783811 7092432
is_linear=0
shrinkage=0.04


Tree=37
num_leaves=31
num_cat=0
split_feature=0 27 27 27 0 0 28 14 27 14 0 0 9 12 4 26 9 3 5 0 12 31 4 11 26 11 0 4 31 6
split_gain=469.805 261.666 77.5064 75.0396 42.3807 67.2069 61.3932 47.7456 47.5637 39.8076 37.1495 33.1246 31.1528 29.1334 26.018 25.9574 25.3074 21.8432 19.7904 19.574 21.3627 18.625 18.4949 17.8254 26.8383 17.7437 17.3853 15.8109 15.0477 15.0045
threshold=4.5000000000000009 0.28000000000000075 -1.0099999999999993 -1.2099999999999995 3.5000000000000004 1.5000000000000002 1.5000000000000002 -0.041600529100529075 0.4250000000000001 -0.011011904761904749 5.5000000000000009 1.5000000000000002 38.500000000000007 4.7638888888888902 -0.028333333333332874 1.7950000000000002 34.500000000000007 6.8550000000000013 4.5000000000000009 5.5000000000000009 2.2928571428571431 1.5000000000000002 -0.039999999999999584 1.5000000000000002 4.8650000000000011 6.5000000000000009 5.5000000000000009 -0.10999999999999986 3.5000000000000004 35.465000000000011
decision_type=2 2 2 2 2 2 2 8 2 8 2 2 2 10 2 2 2 2 2 2 10 2 2 2 2 2 2 2 2 2
left_child=3 2 15 11 5 6 28 23 18 -3 17 16 21 -13 25 -2 -1 -4 -6 -11 -21 -8 -12 -7 27 -9 -17 -25 -5 -16
right_child=1 9 10 4 8 7 12 14 -10 19 22 13 -14 -15 29 26 -18 -19 -20 20 -22 -23 -24 24 -26 -27 -28 -29 -30 -31
leaf_value=-0.0077451799823265634 -0.036197608634956281 -0.0086545922280787373 -0.0048976391954546677 -0.01000031968765284 -0.0011685142799440289 0.010833713726021215 -0.0086949632713814225 0.0077024418479087024 0.0043924097875383148 0.0045471740429889858 -0.006064728241791501 -0.006268543509581689 0.0059198718939720806 -0.022366239621661631 0.0045607219716174378 -0.015659508176177634 0.020196333874152303 -0.013594130480095362 -0.0083808987214458106 0.0070166087977468943 -0.0045485544105145995 0.0011067164305623553 -0.018875054302445481 0.046202514160983969 0.0041840230313768259 0.014724905405643118 -0.027573236275978665 -0.0031428878868184013 -0.00072939073404271269 0.0087862217476810563
leaf_weight=95.957985803484917 240.24257170408964 799.38960978388786 1123.7114792987704 899.16832297295332 1909.4518985152245 356.23797728866339 404.7876953035593 1157.629815749824 2197.4034618884325 1534.1870981901884 211.44302735477686 736.9986568801105 2298.3314122855663 237.95899050310254 3554.8677444681525 423.04084374383092 112.86814419180155 784.88669361174107 893.59083649516106 330.49098597466946 1126.9520119652152 1327.1609554886818 1225.1925264000893 10.464820817112921 2267.3488900661469 1145.1728926599026 365.12494368851185 1437.9387328103185 406.8728144094348 2162.5052701681852
leaf_count=876 5254 6003 10301 6760 14291 2287 2787 6354 12569 9955 2291 7223 15067 3042 20299 5749 926 7425 7386 2162 8165 9095 14090 69 13616 6205 5670 10344 3038 12197
internal_value=-0.000145533 -0.00841664 -0.0150835 0.0027144 0.00323244 0.0041638 0.000424687 0.00581388 -1.36827e-05 -0.000725201 -0.0121311 -0.00710083 0.00286705 -0.0101975 0.00760484 -0.0246872 0.00735689 -0.00847396 -0.00346777 0.0013936 -0.00192603 -0.00118411 -0.0169896 0.00228641 0.00146696 0.0111947 -0.0211787 -0.00278636 -0.00711213 0.00615895
internal_weight=31777.4 8164.66 4373.64 23612.7 22428.9 17428.5 5336.32 12092.2 5000.45 3791.02 3345.23 1183.78 4030.28 974.958 8020.18 1028.41 208.826 1908.6 2803.04 2991.63 1457.44 1731.95 1436.64 4071.99 3715.75 2302.8 788.166 1448.4 1306.04 5717.37
internal_count=231496 77065 50780 154431 142364 108118 36747 71371 34246 26285 34107 12067 26949 10265 45055 16673 1802 17726 21677 20282 10327 11882 16381 26316 24029 12559 11419 10413 9798 32496
is_linear=0
shrinkage=0.04


Tree=38
num_leaves=31
num_cat=8
split_feature=0 28 27 27 0 0 23 28 26 27 0 4 19 23 26 19 19 6 27 19 0 27 19 4 19 7 4 19 8 19
split_gain=426.598 251.444 78.9874 68.5761 54.338 78.5804 69.2231 57.1855 50.3498 36.6083 31.9703 30.0397 25.6276 23.8438 23.6793 26.2109 23.3193 27.2353 23.0947 22.9335 22.6758 21.5397 21.6582 21.4157 20.8233 20.3334 19.2117 19.1511 18.3704 17.1166
threshold=4.5000000000000009 4.5000000000000009 0.64166666666666605 -0.97000000000000031 1.5000000000000002 2.5000000000000004 2.5000000000000004 2.5000000000000004 1.7950000000000002 -2.2891666666666661 5.5000000000000009 -0.028333333333333762 0 1.5000000000000002 4.7650000000000006 1 2 44.035000000000004 0.52400000000000058 3 1.5000000000000002 2.2908333333333339 4 -0.0066666666666672638 5 8.1836666666666691 0.021666666666666948 6 3.5000000000000004 7
decision_type=2 2 2 2 2 2 2 2 2 2 2 2 1 2 2 1 1 2 2 1 2 2 1 2 1 2 2 1 2 1
left_child=3 2 16 9 7 14 12 11 -3 -1 -10 19 13 -7 15 -6 26 -18 25 -5 -11 22 -4 29 -16 -8 -2 -9 -14 -22
right_child=1 8 21 4 5 6 18 27 10 20 -12 -13 28 -15 24 -17 17 -19 -20 -21 23 -23 -24 -25 -26 -27 -28 -29 -30 -31
leaf_value=-0.025023452802616926 -0.0087223706724908912 -0.037048755814713639 0.0045161098341240779 -0.0016240006477551746 0.0089126238843461568 0.018707529501705338 -0.0027689856327952518 0.0075668681956163313 -0.012786790650173159 0.0059842335398263644 -0.022883849227997893 -0.00094591288838510369 0.0073364777582730235 0.0058082425456480293 0.012286048483784609 -0.0025445439957372455 -0.0065985377353114261 0.009243318550930732 0.0039436565347846023 -0.014325059287543221 -0.0071272534663564067 0.017130465510801024 -0.002816715311222481 -0.0090508050562405056 0.0068486658360419105 0.0052138169992750859 -0.019266708347467909 0.00075830366325383423 0.0014879291685506188 0.0064420970816012691
leaf_weight=128.98789851367474 845.69139522686601 228.5588962957263 1214.0851254761219 366.28159957379103 634.35582106560469 461.36228854954243 4037.4779316037893 1195.0480383485556 1135.5528874769807 362.74189018458128 898.92059860378504 1470.1553705334663 1850.1725023686886 455.78715699166059 2206.136483207345 629.94602476805449 1702.6235369518399 193.35430463403463 1506.2563877999783 647.85442653298378 247.03405381366611 133.65343555808067 1351.7430676147342 900.06975350901484 2544.2886783257127 584.4269073009491 410.7483860515058 1485.1976261138916 1604.484520830214 343.34945306926966
leaf_count=1889 7683 5172 7883 2672 4091 2592 28538 7872 13000 2850 12492 10267 10702 2709 11950 4087 15573 1686 8393 4813 2151 734 8971 8812 13956 3946 3988 9873 9448 2940
internal_value=-1.14623e-05 -0.00792545 -0.00354685 0.00270272 0.00335386 0.00447374 0.00238543 -0.000227178 -0.0192479 -0.00441886 -0.0172481 -0.00459911 0.00623069 0.0121645 0.00811933 0.00325439 -0.00784724 -0.00495682 -0.000357769 -0.00989501 -0.00298471 0.0014751 0.000659616 -0.00516755 0.00941411 -0.00175958 -0.0120734 0.00382512 0.00460684 0.000752671
internal_weight=31776.3 8114.93 5851.9 23661.4 21679.2 16514.7 10500 5164.54 2263.03 1982.18 2034.47 2484.29 4371.81 917.149 6014.73 1264.3 3152.42 1895.98 6128.16 1014.14 1853.2 2699.48 2565.83 1490.45 4750.43 4621.9 1256.44 2680.25 3454.66 590.384
internal_count=231733 77182 46518 154551 135909 100412 66328 35497 30664 18642 25492 17752 25451 5301 34084 8178 28930 17259 40877 7485 16753 17588 16854 13903 25906 32484 11671 17745 20150 5091
cat_boundaries=0 1 2 3 4 5 6 7 8
cat_threshold=8782016 3303333 14913872 2695740 5797911 11490176 7439917 1335996
is_linear=0
shrinkage=0.04


Tree=39
num_leaves=31
num_cat=0
split_feature=0 28 27 27 27 0 0 26 20 27 0 4 27 8 4 5 4 8 0 14 22 14 3 26 28 13 5 27 24 27
split_gain=352.905 247.701 69.7168 69.0312 52.8796 40.7667 48.1409 74.6148 64.4882 40.7361 29.4039 29.3321 27.5966 24.2358 22.9762 22.6781 22.1528 21.9119 19.301 19.1532 18.7867 18.4474 18.0368 16.8427 21.337 16.791 16.3729 15.7993 16.9358 15.7915
threshold=4.5000000000000009 3.5000000000000004 -1.6533333333333329 -0.77500000000000002 1.3291666666666668 3.5000000000000004 1.5000000000000002 4.7650000000000006 37.545000000000009 0.52400000000000058 5.5000000000000009 0.0083333333333333055 -2.5758333333333323 4.5000000000000009 1.0000000180025095e-35 4.5000000000000009 -0.029999999999999801 1.5000000000000002 5.5000000000000009 -0.15416666666666656 10.499166666666667 0.24983465608465616 6.745000000000001 4.8450000000000006 2.5000000000000004 0.5634920634920636 4.5000000000000009 2.4208333333333338 1.5000000000000002 1.7136666666666669
decision_type=2 2 2 2 2 2 2 2 2 2 2 2 2 2 2 2 2 2 2 10 2 8 2 2 2 10 2 2 2 2
left_child=2 4 -1 12 10 6 8 13 -4 15 -2 -9 -3 26 27 -7 -5 23 -18 -15 -21 -13 -14 24 -12 -25 -8 28 -10 -11
right_child=1 3 5 16 -6 9 7 11 14 29 17 21 22 19 -16 -17 18 -19 -20 20 -22 -23 -24 25 -26 -27 -28 -29 -30 -31
leaf_value=-0.013868651551676913 -0.00034411369939796988 -0.035206827113561989 0.0048822852067182902 -0.0021683654379329427 0.0062124284008473231 -0.00084962300007487476 0.0041560172606937397 0.0086107352610951104 -0.010740102505190823 0.0025898875927950495 0.095805496565762399 0.0030079084166973759 -0.0096377717368557186 -0.014721133002196076 0.0016479592813635074 -0.0080761980122275607 -0.0092087813816123451 -0.010092728625483027 -0.017966557478479941 -0.0042603577336291047 0.017717900412953992 0.012394009175059126 -0.022396747997908379 -0.006756892075891893 0.011329911714321812 0.015165342602957989 -0.0033537560310629168 -0.031146129549537088 -0.0028043883367243555 0.012379862687633681
leaf_weight=410.46486209332943 1910.851738460362 226.17459139972925 2727.6232026964426 385.46377839893103 1151.5270656645298 2166.6488597616553 1639.2118052318692 5748.035760730505 680.95206199586391 1661.3483178913593 6.4705595523118999 3192.2365085482597 220.55109283328056 264.18833142518997 852.27361316978931 1022.79554554075 978.85505364835262 1256.3052253387868 683.97840345650911 619.26008433103561 69.179486535489559 374.31560636311769 903.46871369332075 212.44254665076733 18.353942558169365 75.865180283784866 648.18533700704575 39.964414723217487 1168.8778957799077 313.34207782149315
leaf_count=5152 13885 5202 18063 3858 6725 16343 11143 31292 5002 9454 56 18714 3068 2095 5953 8583 9575 10887 8362 4384 432 1982 12755 1749 180 582 4913 311 8454 1655
internal_value=7.72152e-06 -0.00723537 0.00247242 -0.0154368 -0.00121775 0.00276168 0.00365941 0.0050239 0.000527512 -0.000371659 -0.00367618 0.0068426 -0.0224584 -0.000204618 -0.00380432 -0.00316705 -0.0108083 -0.0077331 -0.0128111 -0.00556535 -0.00205182 0.003993 -0.0198932 0.00173388 0.0333487 -0.000988284 0.00202795 -0.00626323 -0.00572565 0.00414335
internal_weight=31629.2 8030.31 23598.9 3398.49 4631.82 23188.4 18024.3 12554.6 5469.69 5164.13 3480.29 9314.59 1350.19 3240.03 2742.07 3189.44 2048.3 1569.44 1662.83 952.628 688.44 3566.55 1124.02 313.132 24.8245 288.308 2287.4 1889.79 1849.83 1974.69
internal_count=230809 76884 153925 42820 34064 148773 112738 74955 37783 36035 27339 51988 21025 22967 19720 24926 21795 13454 17937 6911 4816 20696 15823 2567 236 2331 16056 13767 13456 11109
is_linear=0
shrinkage=0.04


Tree=40
num_leaves=31
num_cat=0
split_feature=0 28 27 14 26 0 0 0 20 27 27 24 20 0 27 11 11 11 5 9 29 5 4 4 7 7 4 3 27 0
split_gain=356.834 219.393 66.5678 60.6434 49.032 42.0858 38.8166 62.6157 63.5333 40.9631 38.5453 30.0622 29.5458 27.6009 26.0922 22.8323 21.2199 29.5643 21.0339 19.1197 18.4978 17.525 17.2918 16.8413 16.4833 15.7937 15.5491 15.3034 15.2852 15.2517
threshold=4.5000000000000009 4.5000000000000009 -1.1349999999999993 0.012962962962962997 1.7950000000000002 5.5000000000000009 3.5000000000000004 1.5000000000000002 38.185000000000009 0.54666666666666719 0.070000000000000742 1.5000000000000002 5.8050000000000006 5.5000000000000009 0.28000000000000075 6.5000000000000009 9.5000000000000018 1.5000000000000002 4.5000000000000009 32.500000000000007 4.9250000000000007 5.5000000000000009 0.0050000000000003384 -0.036666666666667506 10.507500000000002 -5.3216666666666628 0.034999999999999705 6.7650000000000006 2.4208333333333338 5.5000000000000009
decision_type=2 2 2 8 2 2 2 2 2 2 2 2 2 2 2 2 2 2 2 2 2 2 2 2 2 2 2 2 2 2
left_child=2 3 12 13 -3 -6 7 8 19 18 16 -10 20 23 24 -12 17 -9 -8 -4 -1 25 -16 -2 -5 -14 -26 -21 -13 -24
right_child=1 4 6 14 5 -7 9 10 11 -11 15 28 21 -15 22 -17 -18 -19 -20 27 -22 -23 29 -25 26 -27 -28 -29 -30 -31
leaf_value=-0.023449290425133586 0.0071962646206574742 -0.036234210838184983 -0.0015687993313766061 -0.0079758008537163302 -0.010984466331121113 -0.022752649514121513 -0.00081039117309472349 0.011176887923665935 -0.009820836592578909 0.0043536902568069901 0.0051240012652056226 -0.00038752826680247274 -0.011624227332683574 -0.013804982137233612 0.0044611489167940598 0.0096096319672841334 0.0069725758707523556 -0.00028884469252536053 -0.0080305415693983084 0.0016229633611132997 0.062699351217811089 -0.016036683962595905 0.00242637184050822 -0.0064995363767919347 0.0029982720394752392 0.00062952692559520827 0.050123828448847441 0.0089358402671317182 -0.027387790300790013 -0.0065554940521102703
leaf_weight=171.41618634387851 166.12162472307682 214.88770435005426 616.26573432981968 775.31281530484557 1115.1371549330652 862.13543097302318 2049.5703146159649 407.37863105535507 954.26133705675602 1960.9672188162804 3737.4713481366634 1651.3878251239657 212.4427015222609 921.74246966466308 1606.1741403564811 3530.8438035398722 1339.3159098997712 3082.0488867759705 942.42299289256334 691.15479206293821 4.0828660354018202 163.08517999574542 632.78792569041252 1062.2239279150963 59.562259152531624 809.81110525131226 13.797463394701479 1356.4296023994684 34.24267353862524 579.50019911676645
leaf_count=2446 1293 5181 4198 7474 13052 12395 15044 2684 6971 10983 20031 11849 2020 9213 10688 18589 8540 20693 7699 4423 42 1759 4154 8808 537 7476 133 8769 265 4180
internal_value=-3.71311e-06 -0.00730346 0.00246171 -0.0032395 -0.0180878 -0.0161157 0.0029846 0.00387389 0.000250073 -0.000139649 0.00546268 -0.00414768 -0.00612757 -0.00857321 -0.000112274 0.00730306 0.00269252 0.00104974 -0.00308461 0.00460828 -0.0214451 -0.00385968 0.00173919 -0.00464731 -0.00626104 -0.00191702 0.0118616 0.0064674 -0.000936024 -0.00186716
internal_weight=31724 8009.38 23714.6 5817.22 2192.16 1977.27 22353.8 17400.8 5303.74 4952.96 12097.1 2639.89 1360.84 2150.09 3667.13 7268.32 4828.74 3489.43 2991.99 2663.85 175.499 1185.34 2818.46 1228.35 848.673 1022.25 73.3597 2047.58 1685.63 1212.29
internal_count=231589 77108 154481 46480 30628 25447 140738 107012 36475 33726 70537 19085 13743 19314 27166 38620 31917 23377 22743 17390 2488 11255 19022 10101 8144 9496 670 13192 12114 8334
is_linear=0
shrinkage=0.04


Tree=41
num_leaves=31
num_cat=0
split_feature=0 28 12 22 12 0 0 29 28 0 16 15 20 28 26 0 6 15 9 8 9 31 3 5 9 12 0 8 13 26
split_gain=356.354 210.469 73.139 66.6881 49.05 44.6523 40.7395 38.5391 36.6887 32.4513 32.4456 27.0979 26.6914 24.4495 25.6319 24.0106 21.6663 19.7335 18.7305 17.5848 17.2334 17.279 16.1485 15.9096 14.5642 14.5314 14.4418 22.2012 14.2443 14.5314
threshold=4.5000000000000009 3.5000000000000004 4.6833333333333345 -7.1933333333333334 4.0500000000000007 1.5000000000000002 5.5000000000000009 6.0950000000000006 1.5000000000000002 2.5000000000000004 0.70833333333333337 2.5000000000000004 4.7900000000000009 2.5000000000000004 4.4050000000000011 3.5000000000000004 26.115000000000006 4.5000000000000009 23.500000000000004 2.5000000000000004 37.500000000000007 1.5000000000000002 6.9150000000000009 4.5000000000000009 47.500000000000007 3.3166666666666669 5.5000000000000009 1.5000000000000002 0.15476190476190479 6.285000000000001
decision_type=2 2 8 2 10 2 2 2 2 2 10 8 2 2 2 2 2 10 2 2 2 2 2 2 2 8 2 2 10 2
left_child=3 10 6 4 15 8 16 9 24 -7 13 -11 -6 14 -2 22 -3 26 -18 -13 21 -10 -1 -8 -5 -17 -16 -28 29 -22
right_child=1 2 -4 5 12 7 23 -9 20 11 -12 19 -14 -15 17 25 18 -19 -20 -21 28 -23 -24 -25 -26 -27 27 -29 -30 -31
leaf_value=0.0013969284486772802 0.047350939445781295 -0.017984025759532889 -0.028594617379221657 -0.007848904718300893 -0.024935430773709868 0.0063939630532300418 -0.014672572386490383 0.0074153525150575089 -0.010636515230128776 0.0044495193889158456 0.0057451447422439362 0.0027486842699665126 -0.0055072952418210377 -0.0079856600022939813 0.0024830037938586833 0.0004633004591744793 0.012845055498194955 -0.01261860257825659 -0.0073179870759080166 -0.0037954963580799105 0.010580855550389128 0.0011562846310815549 0.0085691276620763306 -0.024419545145588244 0.0041053915861228047 -0.0091022107328777354 0.0074946006860986914 -0.006549370205612459 0.0031306373952623245 0.053947877281291301
leaf_weight=2680.0011805221438 17.303924843668938 302.78038916736841 535.50989192351699 989.67208182066679 121.60814006999135 2914.3609063401818 752.79540890827775 5379.8072243630886 259.76026201248169 2183.9509670883417 751.05038148164749 1020.273382011801 1625.456401668489 1234.9645942226052 1283.0263665467501 511.30835963785648 78.395828321576118 232.53393195569515 1234.7113859951496 1844.990355309099 309.15520095080137 847.02157996594906 618.1288008466363 416.01203959807754 195.23091491311789 505.14634929969907 225.34480903297663 897.02340888231993 1678.1232902184129 12.877485871315001
leaf_count=17548 134 3270 10154 7562 1828 16906 9746 29990 1806 13089 5022 6922 13446 10745 8350 3681 950 1800 12932 12865 2007 5779 4129 5794 1448 4231 1590 6589 10922 89
internal_value=-4.55321e-05 -0.00736714 -0.0150565 0.00241431 -0.00120507 0.00365838 -0.0124531 0.00479989 0.000109404 0.00303301 -0.00186638 0.0010931 -0.00685963 -0.00333588 -0.00117323 0.00108459 -0.00833834 -0.00149154 -0.0061142 -0.00146522 0.00239332 -0.00161147 0.00274113 -0.0181418 -0.00587925 -0.00429046 -0.000415861 -0.00372968 0.00460936 0.012315
internal_weight=31658.3 7961.45 3320.2 23696.9 6061.65 17635.2 2784.7 13343.4 4291.84 7963.58 4641.25 5049.21 1747.06 3890.2 2655.23 4314.58 1615.89 2637.93 1313.11 2865.26 3106.94 1106.78 3298.13 1168.81 1184.9 1016.45 2405.39 1122.37 2000.16 322.033
internal_count=231324 77076 42846 154248 44863 109385 32692 79772 29613 49782 34230 32876 15274 29208 18463 29589 17152 18329 13882 19787 20603 7585 21677 15540 9010 7912 16529 8179 13018 2096
is_linear=0
shrinkage=0.04


Tree=42
num_leaves=31
num_cat=7
split_feature=0 14 0 28 12 28 0 12 17 28 19 19 14 4 19 23 7 9 4 4 21 19 9 29 19 26 11 19 23 19
split_gain=311.399 130.683 112.002 136.207 44.3373 42.2773 39.6093 63.7723 51.2565 37.5871 36.9355 30.0266 26.9852 24.5074 24.4887 23.8358 22.8663 22.5411 22.3077 19.2947 18.8519 21.3733 19.5249 18.7925 18.3706 18.2405 16.6737 16.6559 16.5559 19.0256
threshold=5.5000000000000009 0.015555555555555574 3.5000000000000004 4.5000000000000009 4.4142857142857155 2.5000000000000004 1.5000000000000002 4.1055555555555561 0.21111111111111114 4.5000000000000009 0 1 0.29917328042328045 -0.028166666666666892 2 3.5000000000000004 -3.9350000000000009 38.500000000000007 -0.049999999999999371 -0.031833333333333151 51.530000000000008 3 45.500000000000007 5.3050000000000006 4 1.7950000000000002 8.5000000000000018 5 3.5000000000000004 6
decision_type=2 10 2 2 10 2 2 10 10 2 1 1 10 2 1 2 2 2 2 2 2 1 2 2 1 2 2 1 2 1
left_child=2 9 6 5 14 24 8 10 17 -2 13 -9 -3 -8 -5 -13 -12 -1 -7 -11 21 22 -10 -15 -4 -6 -18 -28 -19 -30
right_child=1 12 3 4 25 18 7 11 20 19 16 15 -14 23 -16 -17 26 28 -20 -21 -22 -23 -24 -25 -26 -27 27 -29 29 -31
leaf_value=-0.00069497889427583379 -0.013629753566830606 -0.0061558837367026512 0.0064332202560126372 -0.0028184131057411859 -0.035142313131028828 0.0073878419207738565 0.014011250343800557 -0.011101004589146349 -0.00076531443280490618 -0.012242159085893501 3.8432122674444137e-05 0.006994275908585164 0.0060541215879698941 0.0032469286334328275 -0.011764462968562461 -0.0036591597534639604 0.0034279803462642345 0.002615474282913728 -0.0037563169790539937 -0.028358478918326279 -0.012578923782663745 -0.0071728973317830135 0.018027075547222327 0.0095660923358594756 0.00089591131356623515 -0.016631622119340543 0.0031607378255795789 0.011218545831896869 0.016390767808533938 0.0045046468811889562
leaf_weight=1625.2608421221375 939.95002226158977 1503.7712422385812 1807.9992122426629 1000.0669731907547 105.54507163167 318.36728160455823 1005.2728113606572 466.91694824025035 397.37943624705076 145.25842078030109 1917.0892578735948 552.69798993691802 358.68955520913005 1334.15889506042 991.69233851879835 857.14356398954988 3160.3719725310802 1317.1875676289201 2954.2615470178425 653.95626703649759 438.74685654789209 756.57969851791859 113.78995392471552 1728.5687507539988 2053.9896255657077 441.32262871786952 685.87673650681973 1123.3273570090532 378.05529095977545 544.22986462712288
leaf_count=11544 9526 13246 10868 10045 2434 2350 5489 3486 2824 2371 11260 3534 2372 8398 9949 6725 18289 8740 23364 11197 3249 5383 763 9445 12511 5665 4011 6473 2546 3670
internal_value=-9.43762e-05 -0.0111673 0.00132607 -0.00215859 -0.0101158 0.000672726 0.00315776 0.00438056 0.000341451 -0.0190521 0.00554776 -0.00243236 -0.00380437 0.00857104 -0.00734585 0.000513647 0.003744 0.00289093 -0.00267219 -0.0254293 -0.00543241 -0.00295912 0.00335242 0.00681339 0.00350719 -0.0202042 0.00518102 0.00824328 0.00549335 0.00960347
internal_weight=31677.5 3601.63 28075.9 9673.24 2538.63 7134.62 18402.7 12831.4 5571.23 1739.16 10954.7 1876.76 1862.46 4068 1991.76 1409.84 6886.67 3864.73 3272.63 799.215 1706.5 1267.75 511.169 3062.73 3861.99 546.868 4969.58 1809.2 2239.47 922.285
internal_count=231727 38712 193015 77186 28093 49093 115829 77110 38719 23094 63365 13745 15618 23332 19994 10259 40033 26500 25714 13568 12219 8970 3587 17843 23379 8099 28773 10484 14956 6216
cat_boundaries=0 1 2 3 4 5 6 7
cat_threshold=15667712 527386 1677771 636684 3205334 40975 13746980
is_linear=0
shrinkage=0.04


Tree=43
num_leaves=31
num_cat=7
split_feature=0 27 27 27 27 0 0 0 20 12 4 12 19 19 19 11 5 19 19 28 5 22 9 6 9 19 29 21 23 19
split_gain=274.112 192.317 53.8846 50.6133 48.5799 33.2456 28.5512 45.9874 50.1424 38.9627 35.3312 28.5208 28.4442 28.3539 27.4266 24.659 24.1913 21.164 19.9605 19.6568 19.2159 19.0575 18.6297 17.3611 17.2859 17.1154 16.7914 16.7487 16.5854 16.447
threshold=4.5000000000000009 -0.20166666666666686 -1.1349999999999993 -1.8600000000000003 0.94833333333333358 5.5000000000000009 3.5000000000000004 1.5000000000000002 35.495000000000005 3.5857142857142863 0.010000000000000233 4.354166666666667 0 1 2 10.500000000000002 2.5000000000000004 3 4 3.5000000000000004 4.5000000000000009 -38.267499999999991 46.500000000000007 29.425000000000004 24.500000000000004 5 2.1650000000000005 64.315000000000012 1.5000000000000002 6
decision_type=2 2 2 2 2 2 2 2 2 8 2 10 1 1 1 2 2 1 1 2 2 2 2 2 2 1 2 2 2 1
left_child=2 3 11 -2 14 24 7 8 29 -8 12 18 15 21 -3 -9 -16 -12 -1 -14 -7 -10 -15 -20 25 -5 -13 -11 -19 -4
right_child=1 4 6 5 -6 20 9 10 13 27 17 26 19 22 16 -17 -18 28 23 -21 -22 -23 -24 -25 -26 -27 -28 -29 -30 -31
leaf_value=-0.0088174628254532612 -0.029385188161089291 -0.00054119259818691202 0.00081290051661123911 0.018463611701879587 0.0027960414247702571 -0.014710854969448605 0.0023247638988929571 0.0075543060047178895 0.066802732108676807 -0.0055949917254471526 -0.0015207177316078921 -0.021688952195316601 0.0061317547797128374 -0.0092573192938819448 -0.0020162626649442828 0.01693552428965751 -0.011250136212978006 0.010589248544501346 -0.0073295720415515577 0.00056222081954171942 -0.026576617222615756 0.00046523498510641991 0.0013496939523215674 0.0089349419687835812 -0.010750977870583963 -0.0077943979344866363 -0.0072101283897383229 0.030383404574847561 0.0025440082629142385 0.0077007566351703161
leaf_weight=312.89054638892412 361.35994423925877 1273.0044042617083 1023.6488709747791 60.224239699542522 1944.6249387338758 608.74453392252326 3249.0244175344706 2629.7143273353577 6.9622589796781531 1677.6832457482815 1850.8544447347522 212.88351671770215 2821.1029713600874 1243.6687731742859 689.2096034064889 540.44305918365717 1329.9148759543896 502.85970117151737 150.84205446764827 1582.7247511893511 340.51819007471204 1448.1532787084579 336.6498563811183 345.56841105595231 1169.6508592292666 83.556859359145164 322.00205398723483 20.960889004170895 2219.808443158865 1229.1279708445072
leaf_count=2891 8295 10842 6662 728 11945 8383 20829 14714 50 12772 11338 2906 14767 9122 5830 2945 11828 2719 1420 9983 5117 10246 2329 3147 13026 1024 3320 138 13862 7947
internal_value=-0.000171855 -0.00664557 0.00197285 -0.0154841 -0.00221673 -0.013264 0.00243997 0.00320098 8.74854e-05 -0.00024184 0.00455639 -0.0058057 0.00623272 -0.00326801 -0.00517771 0.00912482 -0.00805833 0.00178031 -0.00106888 0.00412072 -0.0189673 0.000777297 -0.00695374 0.00391387 -0.00914209 0.00394609 -0.0129727 -0.00515103 0.00401517 0.00460875
internal_weight=31588.4 7860.81 23727.6 2624.05 5236.75 2262.69 22383.4 17435.7 5288.21 4947.67 12147.5 1344.19 7573.99 3035.43 3292.13 3170.16 2019.12 4573.52 809.301 4403.83 949.263 1455.12 1580.32 496.41 1313.43 143.781 534.886 1698.64 2722.67 2252.78
internal_count=231125 77018 154107 36573 40445 28278 140423 106684 36356 33739 70328 13684 42409 21747 28500 17659 17658 27919 7458 24750 13500 10296 11451 4567 14778 1752 6226 12910 16581 14609
cat_boundaries=0 1 2 3 4 5 6 7
cat_threshold=15175824 4433439 1859599 5146654 820146 16580739 453011
is_linear=0
shrinkage=0.04


Tree=44
num_leaves=31
num_cat=2
split_feature=0 27 27 28 0 0 27 0 22 17 14 28 29 27 4 9 12 4 27 4 8 16 7 18 30 14 28 30 27 7
split_gain=265.437 123.212 98.3989 74.1784 92.1175 66.4314 46.0092 34.9814 32.8525 32.2037 31.8205 25.4494 23.5918 21.7363 21.3971 19.7178 18.7302 18.125 17.7171 17.3233 16.3233 20.1647 15.9503 15.8399 15.418 15.0328 14.7274 14.5083 13.7659 12.9348
threshold=5.5000000000000009 0.39183333333333353 -1.9508333333333332 3.5000000000000004 2.5000000000000004 1.5000000000000002 -0.83499999999999963 2.5000000000000004 15.008333333333336 0.21111111111111114 0.0092592592592592882 4.5000000000000009 5.1650000000000009 -0.62333333333333318 0.048333333333333346 32.500000000000007 4.8660714285714297 -0.031666666666666725 -0.4066666666666669 -0.039999999999999584 1.5000000000000002 0.63333333333333341 0.52666666666666562 0.45000000000000007 0 0.16679894179894186 1.5000000000000002 1 1.3066666666666671 0.25916666666666549
decision_type=2 2 2 2 2 2 2 2 2 10 10 2 2 2 2 2 8 2 2 2 2 8 2 10 1 10 2 1 2 2
left_child=2 6 11 5 15 9 23 -7 13 17 12 -1 22 -9 28 24 -13 26 -19 -8 -3 -22 -6 -2 -5 -16 -4 -28 -15 -23
right_child=1 20 3 4 10 7 19 8 -10 -11 -12 16 -14 14 25 -17 -18 18 -20 -21 21 29 -24 -25 -26 -27 27 -29 -30 -31
leaf_value=0.090581881322922442 -0.027834367956916243 0.0055292763584467806 -0.012169190971793172 -0.0066016415200475884 -0.010550008169385764 0.0076815460721348875 -0.0027290705869955512 0.054014013348619494 0.0067636135057484907 -0.0064891368568418071 0.00015369757050058195 -0.010080340016596485 -0.0017732928530177019 0.0016019346788426578 -0.0071009417195873562 0.0047906666288414293 -0.029132735289353135 0.055345467185325015 0.0035717800486717716 -0.0152548763851496 -0.0071147320875152775 0.0114676403001972 -0.0046839202009027409 0.037868222496535812 0.0025284458545421669 0.0068980540621031627 0.00701308356777962 -0.0063667962895341216 0.0074567725509285237 -0.0055091253326327314
leaf_weight=3.294454086571931 536.32733696699142 340.48444912582636 229.58970856666565 482.98299759626389 1712.1437645740807 3911.0443742349744 208.38266115635633 12.631918907165526 2830.7779448479414 1361.8486199378967 1921.9085438214242 142.32648649811745 1430.4722622074187 4875.4574525430799 670.83807045221329 3452.7710148096085 196.60041570663452 10.654010742902754 1432.2945669442415 1160.4904155433178 976.5722162425518 181.1980507671833 1308.3766436241567 5.9358964450657359 732.29383216798306 150.21713468432426 239.80940007418394 259.61901868134737 740.06523974239826 118.94423970580101
leaf_count=55 10450 2349 1816 3363 16155 20205 2302 101 15993 9931 14947 2002 11642 30484 4526 22951 4045 68 9616 14015 7298 1208 11953 93 5096 912 1570 1713 3967 778
internal_value=-3.69455e-05 -0.0103783 0.00126118 0.00152393 -0.00102068 0.00320376 -0.0172543 0.00450857 0.00317133 -0.00166685 -0.00414767 -0.0200566 -0.00600498 0.00159455 0.00149168 0.00324834 -0.021132 0.00135679 0.00395405 -0.0133481 -0.00225253 -0.00432784 -0.00800904 -0.0271152 -0.00113361 -0.00453974 -0.00378399 7.07305e-05 0.00237354 0.00473987
internal_weight=31636.4 3528.34 28108 27765.8 11040.9 16724.8 1911.14 13191 9279.99 3533.82 6372.9 342.221 4450.99 6449.21 6436.58 4668.05 338.927 2171.97 1442.95 1368.87 1617.2 1276.71 3020.52 542.263 1215.28 821.055 729.018 499.428 5615.52 300.142
internal_count=231604 38493 193111 187009 86107 100902 26860 76188 55983 24714 54697 6102 39750 39990 39889 31410 6047 14783 9684 16317 11633 9284 28108 10543 8459 5438 5099 3283 34451 1986
cat_boundaries=0 1 2
cat_threshold=56 297
is_linear=0
shrinkage=0.04


Tree=45
num_leaves=31
num_cat=8
split_feature=20 28 4 15 4 15 7 4 9 12 26 19 18 19 19 21 19 4 7 26 19 19 19 19 9 26 23 4 14 26
split_gain=153.057 81.3062 46.9382 28.3809 34.4181 25.9839 20.3223 20.0714 18.2222 15.9018 14.8051 15.8793 14.6654 16.1448 14.2524 15.5705 13.7907 14.0344 13.3575 12.472 12.1141 11.666 11.3327 11.3043 11.2961 23.3455 12.945 11.1244 18.8432 10.8848
threshold=4.7900000000000009 4.5000000000000009 0.0054999999999996172 3.5000000000000004 0.014999999999999238 4.5000000000000009 7.3941666666666679 0.055000000000000167 48.500000000000007 4.6833333333333345 3.6450000000000005 0 0.29166666666666669 1 2 39.145000000000003 3 -0.015499999999999845 -8.8916666666666657 6.4750000000000005 4 5 6 7 23.500000000000004 3.9250000000000003 3.5000000000000004 -0.016666666666667048 -0.096296296296296227 2.2150000000000003
decision_type=2 2 2 10 2 8 2 2 2 10 2 1 10 1 1 2 1 2 2 2 1 1 1 1 2 2 2 2 8 2
left_child=5 3 12 6 14 9 8 10 -2 29 11 -4 16 -14 -5 -16 17 27 -18 -15 24 -6 -17 -10 25 -12 -26 -3 -29 -1
right_child=1 2 7 4 21 -7 -8 -9 23 -11 20 -13 13 19 15 22 18 -19 -20 -21 -22 -23 -24 -25 26 -27 -28 28 -30 -31
leaf_value=0.045054798386237688 0.00096009265838484464 0.0044112933638173401 0.0021869588325158637 0.0047231389185901571 0.00020952573407708133 -0.028648776180019452 0.0053936084153072055 -0.012622565788851677 0.0071587681051021833 -0.016967890496909874 0.11411693254405961 -0.018111966377229231 0.01815747424534251 0.0041087865066164273 -0.0027424470146086601 0.0077697019693771397 -0.014061519753220264 -0.0032015153048775154 -0.0024644435682416033 -0.019331225957466551 -0.0056315874399334867 -0.0062150066956439967 -0.00064032434943358326 0.0019873475984793871 0.010796913725980517 0.0082676935693186994 -0.0039141254201862583 0.058451133181104196 -0.0049212431356219673 -0.0038904246962184925
leaf_weight=14.380583453923466 12140.504362039268 709.61037650704384 86.587739944458008 1344.7031850554049 607.52630101889372 345.71019647270441 2706.918287448585 768.84816077724099 1353.15760980919 49.411387111991644 4.259725388139489 239.66413203626871 118.05964439734817 349.79586587101221 1633.7400511577725 500.45247556269169 173.24867535755038 509.93376009911299 1919.9514974504709 40.527702935039997 1745.3255168870091 1833.6049558371305 519.3827148526907 1394.6317985355854 133.86079601198435 15.338540580123661 335.76380806416273 16.262479603290558 13.944029152393343 14.702108100056646
leaf_count=202 77105 5987 1037 9071 4511 7874 16790 8171 8680 963 43 2923 947 2827 11250 3254 1551 4515 16507 297 16353 13699 3375 8985 1149 140 3195 139 113 181
internal_value=-6.62191e-05 0.000258099 -0.00347666 0.00137396 -0.000898147 -0.0239315 0.00220549 -0.00695473 0.00162584 -0.00315553 -0.00525303 -0.0132127 -0.00046972 0.0058598 0.00138687 -0.000320381 -0.00143229 0.00188901 -0.00340802 0.00163314 -0.00409089 -0.00464073 0.00355654 0.00456732 0.00149028 0.0312743 0.000279078 0.00542329 0.029197 0.0203116
internal_weight=31639.8 31215.6 7180.98 24034.6 6439.41 424.204 17595.2 3329.65 14888.3 78.4941 2560.8 326.252 3851.33 508.383 3998.28 2653.58 3342.95 1249.75 2093.2 390.324 2234.55 2441.13 1019.84 2747.79 489.223 19.5983 469.625 739.817 30.2065 29.0827
internal_count=231834 222614 65894 156720 45160 9220 111560 33011 94770 1346 24840 3960 32883 4071 26950 17879 28812 10754 18058 3124 20880 18210 6629 17665 4527 183 4344 6239 252 383
cat_boundaries=0 1 2 3 4 5 6 7 8
cat_threshold=143642 4231362 9101600 15141896 3227904 8392997 3480072 14964425
is_linear=0
shrinkage=0.04


Tree=46
num_leaves=31
num_cat=1
split_feature=27 15 12 5 29 5 27 6 14 6 30 4 8 12 14 31 4 9 29 22 9 22 28 20 22 20 1 29 26 27
split_gain=171.357 71.9132 35.0994 32.3409 31.2466 30.1717 14.978 14.8873 14.67 14.6076 13.9217 12.9456 12.8695 11.9267 11.8975 11.5531 11.1548 10.8991 10.514 9.68068 12.5402 9.95225 9.56231 9.46174 10.6198 12.0167 13.1237 12.67 9.42126 9.61007
threshold=-1.8600000000000003 4.5000000000000009 4.9500000000000011 4.5000000000000009 4.8550000000000013 5.5000000000000009 -0.81916666666666671 27.845000000000002 0.10000000000000007 41.985000000000007 0 -0.034500000000000412 2.5000000000000004 4.354166666666667 -0.016666666666666653 5.5000000000000009 0.033666666666666518 26.500000000000004 7.3650000000000011 17.814166666666676 33.500000000000007 25.052666666666667 4.5000000000000009 10.360000000000001 0.61083333333333389 38.340000000000011 33.755000000000003 4.2550000000000008 3.6450000000000005 0.69000000000000072
decision_type=2 10 8 2 2 2 2 2 10 2 1 2 2 10 10 2 2 2 2 2 2 2 2 2 2 2 2 2 2 2
left_child=2 3 11 12 7 6 18 -5 -9 10 -8 13 16 15 -14 -1 23 22 -3 -11 -21 -22 -4 -2 -25 -26 27 -27 -6 -30
right_child=1 5 17 4 28 -7 9 8 -10 19 -12 -13 14 -15 -16 -17 -18 -19 -20 20 21 -23 -24 24 25 26 -28 -29 29 -31
leaf_value=0.016707350094681685 0.019484078411550733 -0.0063872292584326766 0.030944734924618928 -0.010884422694082024 0.040957892618000279 -0.010448202776577381 3.0323850792655109e-05 -0.0054643412237993091 0.0040080026189423489 0.0034437832963720707 -0.005265814275945413 -0.015053148341455004 -0.00092477878136025234 -0.011936763101110004 0.001966536786633936 0.099296075598305208 0.014144070154326416 -0.00074586806006612125 0.056770860930681365 -0.018576330092506758 0.052403001113791869 0.0062730103886186467 -0.032810849180772358 0.00097642111020849423 0.0070040664130098726 0.049650043972948699 -0.00032636783727318805 0.0048520172809908618 -0.0010851978475862642 0.0027291237843067528
leaf_weight=23.134006239473823 55.946265611797571 1314.1598644778132 3.8104932382702819 568.11273045837879 9.2461758181452733 903.82286282256246 1882.4671420603991 1121.3803808987141 341.19270170852542 467.3208574205637 1368.6815716251731 197.81289969012141 3141.1485075578094 25.783840179443359 8278.2246272116899 3.0696386396884909 149.39491028338671 18.893795743584633 4.2308240272104731 8.7955603525042516 20.222118951380253 11.878490976989267 308.29112658277154 2660.1654686294496 1555.0633669570088 10.169623166322706 1299.4780259355903 1504.5676336213946 2483.7776400893927 1839.5933607891202
leaf_count=313 545 13387 74 4677 95 8638 13990 9469 2402 3389 10183 3125 22745 431 53301 40 1041 304 36 57 132 75 7605 18748 10100 58 7872 9077 18826 10766
internal_value=-0.000177865 0.000225449 -0.0217041 0.0011675 -0.00129491 -0.00371462 -0.00251607 -0.00538916 -0.00325461 -0.00122955 -0.00221537 -0.010385 0.00200748 0.00737746 0.00117122 0.0263822 0.00332744 -0.0302466 -0.00618455 0.00507692 0.0237388 0.0353331 -0.0320324 0.00309937 0.00296897 0.0041821 0.00262276 0.00515278 0.000624055 0.000537795
internal_weight=31579.8 30999 580.796 25017.5 6363.3 5981.58 5077.76 2030.69 1462.57 3759.37 3251.15 249.8 18654.2 51.9875 11419.4 26.2036 7234.79 330.995 1318.39 508.217 40.8962 32.1006 312.102 7085.39 7029.44 4369.28 2814.22 1514.74 4332.62 4323.37
internal_count=231501 219609 11892 169722 46235 49887 41249 16548 11871 27826 24173 3909 123487 784 76046 353 47441 7983 13423 3653 264 207 7679 46400 45855 27107 17007 9135 29687 29592
cat_boundaries=0 1
cat_threshold=372
is_linear=0
shrinkage=0.04


Tree=47
num_leaves=31
num_cat=9
split_feature=0 27 27 27 14 29 0 29 19 26 0 19 0 11 4 0 0 19 27 19 5 19 19 6 19 0 19 19 14 26
split_gain=235.605 166.446 60.6859 45.7382 28.7894 28.5228 53.7386 33.7472 27.2909 27.1214 26.1905 27.5382 25.47 23.265 21.4241 20.3681 20.2196 18.9596 17.4494 23.6219 17.1133 16.3743 16.3163 16.3038 22.6168 15.9802 17.5624 15.6372 15.5666 15.3028
threshold=4.5000000000000009 0.32000000000000078 -0.7599999999999999 -1.3900000000000001 0.12962962962962971 5.3050000000000006 1.5000000000000002 6.4150000000000009 0 1.6150000000000004 3.5000000000000004 1 2.5000000000000004 1.5000000000000002 -0.024500000000000185 2.5000000000000004 5.5000000000000009 2 0.45833333333333331 3 5.5000000000000009 4 5 39.195000000000007 6 5.5000000000000009 7 8 -0.3164351851851851 5.495000000000001
decision_type=2 2 2 2 8 2 2 2 1 2 2 1 2 2 2 2 2 1 2 1 2 1 1 2 1 2 1 1 10 2
left_child=3 2 9 15 25 10 7 8 -7 -2 11 13 22 -5 23 -1 27 -16 28 -20 -12 -9 -8 -4 -25 26 -3 -11 -14 -27
right_child=1 4 14 5 -6 6 12 21 -10 16 20 -13 18 -15 17 -17 -18 -19 19 -21 -22 -23 -24 24 -26 29 -28 -29 -30 -31
leaf_value=-0.00014916253398856977 -0.034765323968516205 -0.0084981695239157648 -0.0060485079666825238 0.01351179934024341 0.0035357151071456396 -0.0040564534854904489 0.011853700589317879 -0.011958197177564467 0.0062457018306194077 0.0044364318389058981 -0.0018049810953486266 -0.00038543384668578569 -0.018569798939677331 0.0031578905134563655 -0.0053891042906991154 -0.013656179439867236 -0.023070213255913265 -0.013263141652521206 0.0084969171374679256 0.0017886015109028505 -0.011611058343447512 -0.0026501572072664646 0.005735333259470371 0.020282837040358093 -0.0071022196191880341 0.0045427548460599551 0.0030642612042287654 -0.014423539061349799 0.0013776460083810827 -0.010414189964516651
leaf_weight=305.90916785225272 154.88450577482581 284.96560538560152 490.07045951485634 392.07165609300137 1837.7980407774448 644.365125015378 1022.5251460373402 463.40799803286791 1106.3817034140229 81.478540875017643 1957.9564271867275 4683.2296155244112 64.108328185975552 3035.8679500743747 823.91926581412554 429.32228648290038 475.6105957403779 1400.3709818832576 1712.7690781205893 1675.0729202032089 333.2082923874259 891.62158671021461 2457.583032913506 94.511277474462986 85.142286121845245 131.66043205559254 721.4158353805542 533.21789640560746 2651.5234434306622 648.70385270565748
leaf_count=3043 4532 1983 4855 2425 11918 4447 5348 3416 7498 1126 14700 30289 461 19472 8716 5498 8416 15212 9104 8979 2845 6475 13079 898 829 1159 4875 7427 17529 5078
internal_value=-0.000186564 -0.00623817 -0.0117188 0.00178529 2.06613e-05 0.002098 0.00337084 -0.00120175 0.00246648 -0.0191026 0.000545323 0.00161205 0.00485269 0.00432949 -0.00854182 -0.00803629 -0.0168776 -0.0104303 0.00329559 0.00521044 -0.0032311 -0.00594123 0.00758357 -0.00226979 0.00803805 -0.00359483 -0.000263736 -0.0120861 0.000906744 -0.0078907
internal_weight=31590.7 7763.75 4139.21 23826.9 3624.54 23091.7 12689.4 3105.78 1750.75 1245.19 10402.3 8111.17 9583.58 3427.94 2894.01 735.231 1090.31 2224.29 6103.47 3387.84 2291.16 1355.03 3480.11 669.724 179.654 1786.75 1006.38 614.696 2715.63 780.364
internal_count=231632 77024 52011 154608 25013 146067 76336 21836 11945 21501 69731 52186 54500 21897 30510 8541 16969 23928 36073 18083 17545 9891 18427 6582 1727 13095 6858 8553 17990 6237
cat_boundaries=0 1 2 3 4 5 6 7 8 9
cat_threshold=16011456 16188192 1836063 9894082 9473376 6429440 3858479 10814728 262274
is_linear=0
shrinkage=0.04


Tree=48
num_leaves=31
num_cat=3
split_feature=27 15 5 12 27 7 28 27 5 5 27 9 22 27 30 9 11 16 27 29 30 20 7 14 22 29 10 14 3 5
split_gain=147.709 87.1952 43.0267 30.1269 28.4865 22.874 23.0506 21.2074 15.0977 14.9516 14.5838 13.9428 11.9995 11.8953 13.2533 11.7471 11.5295 11.3874 12.9375 11.364 10.6812 10.5319 11.2817 11.5075 10.984 9.91446 9.83017 13.6447 9.81491 10.0991
threshold=-1.9508333333333332 3.5000000000000004 5.5000000000000009 4.9500000000000011 -0.7599999999999999 8.9316666666666684 3.5000000000000004 -0.62333333333333318 1.5000000000000002 5.5000000000000009 -0.65000000000000002 48.500000000000007 9.418333333333333 0.62999999999999934 0 26.500000000000004 10.500000000000002 0.90000000000000013 0.52400000000000058 2.6350000000000002 1 46.975000000000001 9.3441666666666681 -0.12407407407407402 -7.1933333333333334 4.6250000000000009 2 8.3266726846886753e-17 6.8750000000000009 5.5000000000000009
decision_type=2 10 2 8 2 2 2 2 2 2 2 2 2 2 1 2 2 8 2 2 1 2 2 8 2 2 1 10 2 2
left_child=3 5 4 12 8 6 7 -2 19 20 -4 17 -1 14 25 -5 -10 28 -19 -3 -8 22 -7 -24 -23 -6 -15 -28 -9 -30
right_child=1 2 10 15 13 21 9 11 16 -11 -12 -13 -14 26 -16 -17 -18 18 -20 -21 -22 24 23 -25 -26 -27 27 -29 29 -31
leaf_value=-0.01089690343474063 0.048874255148635241 -0.010245892486674965 -0.014466023797335404 -0.031392341051602303 -0.0022778172684013568 0.018809857614031082 0.0061652380417972523 0.0021491526212270686 -0.0057752813456599999 -0.0067631263515020015 -0.0060797950096408374 0.0050847204743537447 0.056474567864954167 0.0059261563901481752 -0.0024052840658975809 0.0035075867438006491 -0.015066572900509806 -0.0040659163274719438 0.010768804686138998 0.005219704947851218 -0.00072567930784518859 -0.013075882228494172 0.047647162750806132 0.0060460510643242796 0.0031322109505764364 0.003709265379162528 -0.00313444199771362 0.021597160820821908 0.00051085921801066443 -0.0055703309618104066
leaf_weight=194.11475680395961 15.633508317172526 100.69539267942309 480.88486886024475 284.90717943012714 674.72807251662016 124.48935203626752 387.58086301013827 7275.7800210863352 1518.4406554400921 612.95315022394061 1070.0908763706684 2301.0723929852247 4.3241418823599806 798.73242693394423 3780.8821444623172 16.314886532723904 248.68389127403498 122.10071268677711 409.60748682916164 310.19026288762689 3787.858764346689 75.923089437186718 10.708890400826929 1624.7057867571712 562.79779615998268 1286.0512261614203 462.9816020578146 38.674167051911354 2434.9754863604903 532.50057952851057
leaf_count=3183 119 1061 5600 7447 5189 822 3014 44654 15469 5520 8688 14158 47 4840 28017 263 2645 830 2433 2738 29360 466 77 10753 3327 9309 2819 229 14979 3406
internal_value=4.53587e-05 0.000392556 -0.00251594 -0.02153 -0.00147904 0.00193741 0.00144536 0.00231394 -0.00547695 -0.000929399 -0.00867997 0.00225828 -0.00942883 -0.000242545 -0.00102492 -0.0295021 -0.00708283 0.00165467 0.00736218 0.00142956 -7.30095e-05 0.00560528 0.00720206 0.00631846 0.0012056 0.00164067 0.00321192 -0.00120381 0.0013584 -0.000580384
internal_weight=31549.4 31049.7 10771 499.661 9220.06 20278.7 17880.1 13091.7 2178.01 4788.39 1550.98 13076 198.439 7042.05 5741.66 301.222 1767.12 10775 531.708 410.886 4175.44 2398.62 1759.9 1635.41 638.721 1960.78 1300.39 501.656 10243.3 2967.48
internal_count=231462 220522 86604 10940 72316 133918 118473 80579 21913 37894 14288 80460 3230 50403 42515 7710 18114 66302 3263 3799 32374 15445 11652 10830 3793 14498 7888 3048 63039 18385
cat_boundaries=0 1 2 3
cat_threshold=324 2 5
is_linear=0
shrinkage=0.04


Tree=49
num_leaves=31
num_cat=6
split_feature=0 28 26 12 0 0 23 0 20 19 0 19 23 3 19 5 0 19 14 5 7 19 29 13 20 8 14 4 30 13
split_gain=231.027 139.54 52.2194 40.6695 36.8454 38.0778 42.0096 36.0458 33.9707 30.9351 30.6571 24.8357 22.5274 22.5262 22.2821 21.428 19.4484 18.8789 17.7755 17.2316 17.1133 17.003 19.3385 16.9009 20.4708 17.0746 16.8683 16.2185 15.7475 15.6466
threshold=4.5000000000000009 2.5000000000000004 1.6150000000000004 4.1055555555555561 1.5000000000000002 2.5000000000000004 2.5000000000000004 5.5000000000000009 36.465000000000011 0 3.5000000000000004 1 3.5000000000000004 6.7250000000000005 2 4.5000000000000009 5.5000000000000009 3 -0.084444444444444391 1.5000000000000002 6.0383333333333367 4 8.1050000000000022 0.58571428571428574 20.080000000000002 3.5000000000000004 0.011111111111111157 -0.10166666666666611 5 0.18333333333333338
decision_type=2 2 2 10 2 2 2 2 2 1 2 1 2 2 1 2 2 1 8 2 2 1 2 8 2 2 10 2 1 8
left_child=3 16 -3 4 8 17 21 9 -1 26 14 29 -9 -14 -5 -8 -2 -6 -17 -13 -19 22 -7 24 -18 -26 -4 -28 -16 -10
right_child=1 2 7 10 5 6 15 12 11 -11 -12 19 13 -15 28 18 23 20 -20 -21 -22 -23 -24 -25 25 -27 27 -29 -30 -31
leaf_value=0.0032811811039973561 0.0028311199427205756 -0.034342042927569358 -0.0055399601962152567 -0.0046790314273323112 0.0082752760484256158 0.006965346719574125 0.0011204912378472468 -0.0089247640713872884 0.042509000671213854 -0.010806350765193382 -0.0093863697741749397 -0.010853661230788781 -0.0047268355799142707 -0.020573714399075575 0.0084265598666955713 -0.011494619373926899 0.079054050864004216 0.0022047280345508309 -0.0019103879560536943 -0.0031959373040814959 0.010035281618599656 0.0024588629968137639 0.030985189448199654 0.0021843688760584444 -0.0018689260353510662 -0.012347021168288029 0.074657404431208024 0.0040510644145717381 -0.00011711584038140295 0.0022202086499339161
leaf_weight=1972.4689962044358 1732.6989216506481 147.65090596675873 669.4621639251709 1094.2791059054434 2723.7244900763035 1834.3558400198817 4095.9458411559463 710.00821725651622 15.792107671499251 1436.3292852416635 775.67485512048006 695.5741268619895 170.21739588305354 915.16531152278185 511.58612637966871 409.14711230620742 4.4612518474459639 2438.8997004106641 1272.8024819307029 1450.8099194392562 546.63469277322292 2268.0880441889167 55.244500875473022 570.5278294980526 526.49124217778444 471.82761485874653 5.2792271822690955 371.52289614081383 1028.9995631314814 659.96787407249212
leaf_count=12791 11174 4595 7380 8059 15094 10328 26800 8314 109 15092 7698 5249 2365 13447 3678 3439 39 13733 8880 10345 2998 12963 298 3777 3943 3658 45 3294 7492 4675
internal_value=-0.000301006 -0.00630973 -0.0109542 0.00164689 0.00232162 0.00326179 0.00176589 -0.010147 -0.000746175 -0.00702456 -0.00239676 -0.003561 -0.0144646 -0.0180885 -0.000339093 -0.000440483 -9.2328e-05 0.00586505 -0.00424183 -0.00565123 0.00362631 0.00483206 0.00762723 -0.00331195 -0.00643906 -0.00682111 -0.0017132 0.0050403 0.00275605 0.00311563
internal_weight=31581.6 7731.64 4425.64 23850 20439.5 15644.8 9935.58 4277.98 4794.61 2482.59 3410.54 2822.14 1795.39 1085.38 2634.86 5777.9 3306.01 5709.26 1681.95 2146.38 2985.53 4157.69 1889.6 1573.31 1002.78 998.319 1046.26 376.802 1540.59 675.76
internal_count=231752 77123 54532 154629 127702 94533 62708 49937 33169 25811 26927 20378 24126 15812 19229 39119 22591 31825 12319 15594 16731 23589 10626 11417 7640 7601 10719 3339 11170 4784
cat_boundaries=0 1 2 3 4 5 6
cat_threshold=3933339 9735 839194 11160481 9941200 133
is_linear=0
shrinkage=0.04


Tree=50
num_leaves=31
num_cat=8
split_feature=0 27 27 0 12 27 0 27 12 0 19 11 19 4 19 27 19 19 11 4 4 29 8 10 29 12 8 19 13 19
split_gain=210.62 139.764 43.4957 39.6015 38.8672 37.4727 34.9347 43.2137 37.981 28.5867 26.1027 25.0397 33.6222 27.1034 21.039 20.5215 21.0536 20.124 19.9396 18.9 16.3427 15.5837 14.9751 14.3428 14.3345 14.0542 13.8703 20.3017 22.6798 16.1385
threshold=4.5000000000000009 -0.14449999999999982 -2.5758333333333323 3.5000000000000004 3.5634920634920637 1.0450000000000004 1.5000000000000002 -0.061666666666666085 4.1055555555555561 5.5000000000000009 0 7.5000000000000009 1 0.040000000000000487 2 -1.3900000000000001 3 4 1.5000000000000002 -0.028333333333333762 -0.031833333333333151 6.5950000000000006 3.5000000000000004 5 4.6950000000000012 2.5277777777777781 3.5000000000000004 6 0.76388888888888895 7
decision_type=2 2 2 2 8 2 2 2 10 2 1 2 1 2 1 2 1 1 2 2 2 2 2 1 2 8 2 1 10 1
left_child=3 2 -2 6 26 10 7 -1 11 -4 22 14 13 24 -8 -6 -17 25 -10 -19 21 -11 -3 -14 -13 -9 29 -28 -29 -5
right_child=1 5 9 4 15 -7 8 17 18 20 -12 12 23 -15 -16 16 -18 19 -20 -21 -22 -23 -24 -25 -26 -27 27 28 -30 -31
leaf_value=0.0050996615053794233 -0.033063479959355331 -0.004793497462650175 -0.0083153647472298895 -0.0016961505254228096 -0.017790680522396931 0.0028407779104943961 0.0055150138406241242 -0.0065202216099104508 0.0076881684458046063 -0.0094178681046958798 -0.001465127894136225 0.0060135724381030911 0.0059736770881164249 -0.0015011177513107393 0.00082291768665561751 -0.0094375297243895814 -0.00062253079670564887 -0.010508557914454963 -0.0033832261048141509 -0.0022986455169669642 -0.019497297323640556 0.039531291515726104 -0.013221085655211788 -3.3728541686671145e-05 0.015053328571332354 0.0023171726507042259 -0.0074055044450213273 0.00077831371700404304 0.030006358591808655 0.0063446183910908088
leaf_weight=1795.8005880527198 167.57901730760932 718.37739315629005 1419.0568977147341 591.71101173758507 201.75015457719564 1716.8560812026262 2823.21658051759 358.2119041159749 313.19776942953467 184.84710385277867 1972.9652037471533 362.83945459127426 2154.6068209260702 236.4650132060051 3349.7493320927024 739.64415650069714 1045.2618876174092 706.77291474491358 1540.2817964553833 1228.4339809417725 836.87316199764609 11.027196966111658 636.0358888655901 910.07843323796988 1239.2741643115878 1467.3611066266894 561.37556476891041 895.98631238937378 44.591593667864799 1216.3622661307454
leaf_count=12406 5179 6150 16872 3794 3042 10351 16070 2617 2094 2694 16541 2311 11560 1488 19276 5867 8162 5167 11622 8482 13346 137 5660 5977 6702 9927 3670 5897 254 7728
internal_value=-8.45762e-05 -0.00585143 -0.0133476 0.00177369 -0.00127565 -0.00195881 0.00264738 -5.11379e-06 0.0037873 -0.012 -0.0044353 0.00467414 0.00680808 0.01108 0.00297912 -0.00569852 -0.00433172 -0.00244268 -0.0015124 -0.00526982 -0.0170629 -0.00666216 -0.00868698 0.00419543 0.013006 0.000579932 0.00137892 -0.00146205 0.00214121 0.0037389
internal_weight=31446.6 7663.62 2619.38 23783 5296.68 5044.23 18486.3 5556.58 12929.7 2451.8 3327.38 11076.2 4903.26 1838.58 6172.97 1986.66 1784.91 3760.78 1853.48 1935.21 1032.75 195.874 1354.41 3064.69 1602.11 1825.57 3310.03 1501.95 940.578 1808.07
internal_count=231043 76930 38228 154113 38414 38702 115699 38599 77100 33049 28351 63384 28038 10501 35346 17071 14029 26193 13716 13649 16177 2831 11810 17537 9013 12544 21343 9821 6151 11522
cat_boundaries=0 1 2 3 4 5 6 7 8
cat_threshold=10688352 11279440 15143555 12670545 5383743 3 6826289 10815041
is_linear=0
shrinkage=0.04


Tree=51
num_leaves=31
num_cat=1
split_feature=27 27 5 12 8 15 4 6 22 5 30 4 20 3 4 14 1 3 23 22 23 12 11 5 6 21 21 6 29 9
split_gain=134.299 62.2597 40.1966 31.3693 27.3688 18.6739 15.8931 14.7185 12.3791 12.0192 15.4923 13.7246 12.7215 12.3206 11.2711 11.1626 11.1148 10.973 10.8439 13.6534 14.495 14.1858 10.8506 10.6986 10.5428 10.3934 12.4693 11.5928 19.1283 11.2937
threshold=-1.8600000000000003 -0.31291666666666668 4.5000000000000009 4.9500000000000011 4.5000000000000009 4.5000000000000009 0.010833333333333252 72.315000000000012 8.6908333333333321 2.5000000000000004 0 -0.023333333333332981 46.350000000000009 7.0250000000000012 -0.011666666666667156 0.25849867724867731 24.940000000000001 7.0150000000000006 3.5000000000000004 -2.2700000000000009 2.5000000000000004 4.9500000000000011 8.5000000000000018 3.5000000000000004 22.255000000000003 39.305000000000007 22.045000000000005 39.725000000000001 3.8250000000000006 34.500000000000007
decision_type=2 2 2 8 2 8 2 2 2 2 1 2 2 2 2 10 2 2 2 2 2 8 2 2 2 2 2 2 2 2
left_child=3 2 5 23 8 7 -6 18 9 10 11 -3 15 17 -15 -11 -8 -12 19 20 -2 -21 -22 -1 -4 26 -20 -28 -29 -27
right_child=1 4 24 -5 6 -7 16 -9 -10 12 13 -13 -14 14 -16 -17 -18 -19 25 21 22 -23 -24 -25 -26 29 27 28 -30 -31
leaf_value=-0.0015175939907727243 0.067215951235845631 0.0069783718937473727 -0.014195433957690547 -0.028541233993665739 0.00085108953211969561 -0.0037661776229005206 -0.0099371627830331655 0.051789759978676048 0.0035466076526185987 0.00064200282162172316 0.0020256829171410159 0.02586787462839191 -0.0036094340236790833 0.028304584841590416 -0.01877526990590743 0.0099815062054785225 -0.0021107679350612146 -0.035242195999228988 0.0011644990006806836 0.0020312495051573428 0.0062483559148374468 0.056749318029910456 0.033621741168286791 -0.018465259296398071 -0.0061063863873205186 -0.0096752498388334371 -0.0076036256291213689 0.064683253999051782 0.00091845998469541488 0.016353268948705386
leaf_weight=133.18582642823458 8.3370064496994001 273.11410719901323 295.27934442460537 295.77241616882384 4257.5455875992775 2136.6428390592337 329.67981556802988 9.115248039364813 7186.0095631666481 3889.229016136378 3330.7089452147484 79.445286728441715 1160.5005743317306 48.593576930463314 9.7723212391138059 216.1355542615056 2432.698678959161 12.689037784934042 1274.5767017602921 880.30439159274101 97.147606913000345 7.6466002091765395 30.426110301166773 107.86429776623845 2030.9418174102902 35.591721881181002 661.98539909720421 7.8404840826988211 188.39952968806028 106.42759350687265
leaf_count=2106 68 1732 3118 7982 27083 19497 2223 66 43728 26874 21364 516 7470 310 59 1371 16525 80 11070 6747 794 61 247 1817 20722 287 5456 66 1514 824
internal_value=2.38601e-05 0.000367392 -0.00273191 -0.0198121 0.00140431 -0.00085141 -0.000681972 0.00103136 0.00230801 0.00132128 0.00305053 0.010925 8.84003e-05 0.00219585 0.0204219 0.0011337 -0.00304482 0.00188424 0.000891098 0.00430959 0.0161163 0.00250245 0.0127769 -0.00910128 -0.00713317 -0.000647515 -0.00134521 -0.00507245 0.00346609 0.00983021
internal_weight=31533.6 30996.8 7770.66 536.823 23226.1 5444.44 7019.92 3307.8 16206.2 9020.19 3754.32 352.559 5265.87 3401.76 58.3659 4105.36 2762.38 3343.4 3298.68 1023.86 135.911 887.951 127.574 241.05 2326.22 2274.82 2132.8 858.225 196.24 142.019
internal_count=231777 219872 70537 11905 149335 46697 45831 27200 103504 59776 24061 2248 35715 21813 369 28245 18748 21444 27134 7917 1109 6808 1041 3923 23840 19217 18106 7036 1580 1111
cat_boundaries=0 1
cat_threshold=64
is_linear=0
shrinkage=0.04


Tree=52
num_leaves=31
num_cat=10
split_feature=0 14 0 12 26 0 17 20 19 19 22 24 4 29 19 19 19 19 19 6 3 22 30 0 20 20 30 11 19 4
split_gain=204.548 82.9719 62.7985 75.7374 33.4474 32.0812 45.0639 41.5548 38.7139 29.9764 23.9686 23.8731 22.3367 22.095 19.9956 19.9406 19.4668 19.3501 18.1323 17.2852 17.1942 16.5868 15.536 14.8467 21.4926 14.1845 14.0347 13.9147 13.8225 13.7467
threshold=5.5000000000000009 -0.0018518518518518682 3.5000000000000004 3.3541666666666674 1.7950000000000002 1.5000000000000002 0.18333333333333338 29.430000000000003 0 1 10.499166666666667 2.5000000000000004 0.0050000000000003384 1.7850000000000004 2 3 4 5 6 19.525000000000002 6.8950000000000005 15.465 7 2.5000000000000004 53.305000000000007 43.050000000000004 8 8.5000000000000018 9 -0.023333333333333869
decision_type=2 8 2 8 2 2 10 2 1 1 2 2 2 2 1 1 1 1 1 2 2 2 1 2 2 2 1 2 1 2
left_child=2 13 5 10 -5 6 -1 8 29 20 19 18 -3 -2 -9 22 -14 -15 -8 28 -6 -13 25 24 26 -12 -16 -18 -4 -7
right_child=1 12 3 4 9 7 11 14 -10 -11 15 21 16 17 23 -17 27 -19 -20 -21 -22 -23 -24 -25 -26 -27 -28 -29 -30 -31
leaf_value=0.0035426013559498471 -0.027787844585302035 -0.00023995814811460743 0.011114527704310918 -0.029936831581901 0.0021090392738733255 0.011804388124109933 0.0080121160379014247 0.007633291146934033 -0.0026910049454263287 -0.0073279659467315782 0.0047641427333486872 0.0034309859106696752 -0.015922510765032111 -0.0089419730102908469 0.0092814029325400081 0.0014188195631361343 0.00061180293620840675 -0.019726177020550253 -0.0080940826099877225 0.00057217923912710952 -0.0065344224593715181 -0.007248148115007751 0.0032928474534549071 0.0015145743176093649 -0.0044143999065055844 0.018625722045667929 0.0031437497198829796 -0.013720972949153124 -0.014290711244813839 0.0031388151698186085
leaf_weight=2806.9436259008944 235.25116701610386 1129.935901902616 35.514477264136076 85.921927466988564 1184.78332875669 387.0240487344563 115.39058671146631 3293.6162272542715 2592.7099605873227 2737.7367155961692 173.51346808671951 878.3446943834424 349.77431543916464 615.89595489390194 1530.5528009906411 1021.0096269622445 364.9902274645865 570.33296138606966 1449.3121260926127 2805.5043025016785 534.29792350530624 316.58384539932013 398.71736275032163 2648.4621053114533 302.43915443122387 369.96019425243139 1030.092444524169 154.14630421437323 203.08848126232624 1204.3963139764965
leaf_count=19106 5584 9441 259 2509 10478 2510 811 17599 18634 24762 1118 6063 3297 7942 8126 6208 3197 7556 10349 20810 4933 2300 2408 14833 1503 2123 5487 1577 1521 8613
internal_value=3.4307e-05 -0.00920175 0.00115828 -0.00147728 -0.00521714 0.00251471 -2.59271e-05 0.00360351 0.000321466 -0.00474058 0.0019156 -0.00365564 -0.00394797 -0.0165895 0.0051631 0.00536169 -0.00876988 -0.0143686 -0.00690684 -0.000306843 -0.000574047 0.000601661 0.00951832 0.00366645 0.00566983 0.0139436 0.00686088 -0.00357514 -0.0106424 0.00521347
internal_weight=31526.2 3420.33 28105.9 9550.05 4542.74 18555.9 5566.57 12989.3 4184.13 4456.82 5007.31 2759.63 1998.85 1421.48 8805.16 1963.2 868.911 1186.23 1564.7 3044.11 1719.08 1194.93 942.191 5511.55 2863.08 543.474 2560.65 519.137 238.603 1591.42
internal_count=231657 38594 193063 77129 42682 115934 38629 77305 29757 40173 34447 19523 17512 21082 47548 11857 8071 15498 11160 22590 15411 8363 5649 29949 15116 3241 13613 4774 1780 11123
cat_boundaries=0 1 2 3 4 5 6 7 8 9 10
cat_threshold=10955016 3713410 13046976 1984754 11734688 813247 6291968 314 117 884768
is_linear=0
shrinkage=0.04


Tree=53
num_leaves=31
num_cat=9
split_feature=0 28 27 12 4 19 0 0 17 28 12 15 19 28 7 19 19 0 19 20 11 19 19 9 19 20 4 27 19 27
split_gain=176.218 132.203 56.0845 30.3328 27.2994 34.9233 23.0869 31.14 45.3287 32.411 30.248 22.5265 21.8 21.6358 21.5466 30.6351 21.5998 21.4923 21.2227 20.7198 19.1585 19.4118 17.7861 17.2641 18.6731 15.9538 17.6075 15.121 14.7023 14.2377
threshold=4.5000000000000009 2.5000000000000004 -1.0099999999999993 4.7071428571428582 -0.039166666666666565 0 3.5000000000000004 1.5000000000000002 0.21111111111111114 3.5000000000000004 3.2111111111111117 4.5000000000000009 1 1.5000000000000002 -1.6683333333333346 2 3 5.5000000000000009 4 4.7900000000000009 10.500000000000002 5 6 32.500000000000007 7 51.765000000000008 0.02666666666666773 1.0783333333333336 8 -0.14449999999999982
decision_type=2 2 2 10 2 1 2 2 10 2 8 10 1 2 2 1 1 2 1 2 2 1 1 2 1 2 2 2 1 2
left_child=3 11 17 6 22 -6 7 8 13 20 28 -2 -12 -1 16 -16 -11 -3 27 -5 -9 -22 -4 -15 -25 26 -23 -10 -8 -7
right_child=1 2 4 19 5 29 10 9 18 14 12 -13 -14 23 15 -17 -18 -19 -20 -21 21 25 -24 24 -26 -27 -28 -29 -30 -31
leaf_value=-0.0041858325051737462 0.0015915762617718372 -0.013288510110684966 0.011123168118106506 -0.024937613120971341 -0.014242329699949532 -0.0091117858302458121 -0.00064556197260491513 0.0044238582003686498 0.0057782894968377695 -0.0066797120809180292 -0.0074776366848971921 -0.011422518539956818 -0.00015967069324809234 -0.0016882063846090417 -0.0010938374832983988 0.0069441000402253733 0.0017115438465625421 -0.026371719321613113 -0.0084957435086457523 -0.0039142618456598785 0.0026312207021414501 0.020552395456240335 -0.0044210039695276203 0.0091096322644842829 0.0019911870720854246 0.0045078743732925846 0.0035463973678362855 -0.0086923167482859873 0.0055439146321332837 -0.0018388425521997265
leaf_weight=643.12874408066273 3063.3194713070989 425.12810799852014 166.5160199329257 84.637312263250351 1273.4244860000908 852.47378673776984 1137.8532990440726 6341.297838114202 365.29118974506855 886.59388844668865 1175.9634608142078 228.69443332403898 1456.7784801982343 690.78878108412027 1399.0556599535048 1649.1867333874106 1080.518874309957 380.8908092584461 1135.9736594855785 659.19647297263145 422.64756807684898 468.72982020676136 344.37409396097064 1158.6816465631127 1229.0469937622547 225.16236379742622 122.9673272818327 168.98779767006636 1328.0600428879261 870.36839979141951
leaf_count=4857 20696 7648 1627 1552 14111 10589 7142 33206 2533 6186 9244 1829 11283 4833 9530 10998 7580 9064 8266 5591 2186 2370 3395 7478 8047 1115 667 1281 8264 8054
internal_value=-4.7792e-05 -0.00534912 -0.00995654 0.00164405 -0.0077699 -0.00922714 0.00190021 0.00257365 2.98922e-05 0.00366253 -0.000475679 0.000687494 -0.00345739 0.00248686 0.00116797 0.00327411 -0.00209572 -0.0194711 -0.00544471 -0.00630641 0.00531289 0.00986118 0.000776543 0.00388084 0.00549201 0.0134057 0.0170182 0.00117929 0.00270775 -0.00540616
internal_weight=31435.7 7605.19 4313.18 23830.5 3507.16 2996.27 23086.7 17988.1 5391.9 12596.2 5098.66 3292.01 2632.74 3721.65 5015.36 3048.24 1967.11 806.019 1670.25 743.834 7580.8 1239.51 510.89 3078.52 2387.73 816.86 591.697 534.279 2465.91 1722.84
internal_count=231222 77013 54488 154209 37776 32754 147066 111133 37295 73838 35933 22525 20527 25215 34294 20528 13766 16712 12080 7143 39544 6338 5022 20358 15525 4152 3037 3814 15406 18643
cat_boundaries=0 1 2 3 4 5 6 7 8 9
cat_threshold=10693568 12875313 1849462 4408782 209676 2253326 3031472 6932076 15403289
is_linear=0
shrinkage=0.04


Tree=54
num_leaves=31
num_cat=6
split_feature=0 27 22 27 27 0 27 0 27 0 27 6 12 19 7 3 19 19 22 8 14 19 19 4 14 14 19 29 7 6
split_gain=167.568 93.8535 52.7496 42.4928 29.4875 23.4953 23.5088 21.4261 36.7438 35.877 44.0582 26.102 22.6582 21.0058 20.8891 17.6766 17.6025 16.9764 16.0932 15.7296 16.5923 15.479 15.0414 14.789 26.7737 14.52 14.4037 17.7444 14.057 14.2873
threshold=5.5000000000000009 0.44833333333333264 -7.7716666666666621 -2.4324999999999988 -0.77500000000000002 3.5000000000000004 -0.6883333333333338 3.5000000000000004 0.65333333333333388 1.5000000000000002 -0.061666666666666085 28.175000000000004 2.3166666666666669 0 -2.5155000000000007 6.8950000000000005 1 2 -5.8999999999999995 2.5000000000000004 0.30013227513227519 3 4 -0.008333333333333302 0.18888888888888899 0.13333333333333333 5 5.1850000000000014 -10.173333333333334 26.115000000000006
decision_type=2 2 2 2 2 2 2 2 2 2 2 2 8 1 2 2 1 1 2 2 10 1 1 2 10 10 1 2 2 2
left_child=2 4 3 -1 23 -5 16 9 11 10 21 22 -12 -13 -11 -15 -7 -3 -14 -19 -21 -4 25 24 -2 -9 -16 -28 -22 -30
right_child=1 17 7 5 -6 6 -8 8 -10 14 12 13 18 15 26 -17 -18 19 -20 20 28 -23 -24 -25 -26 -27 27 -29 29 -31
leaf_value=-0.02401785180750626 -0.015781999687344735 -0.0064778765318561759 0.012292867918093333 0.00014662804671928571 -0.011469065921106143 -0.0029438655896118536 -0.0017476064562878966 -0.00016841653663185298 0.0036356398748714188 0.0017225965021866927 -0.011128089016775207 -0.0045787973769769999 0.017050797914270544 0.0043963256193534856 0.0032633337797131345 -0.0043010526029510091 -0.014651085384634333 0.0086613418613899849 -0.001659688841208355 -0.0052243031560414302 -0.030013762948290799 0.0024937791301365879 -0.0096599943832411436 -0.028195397006183551 0.11545688214722861 0.038625325981776232 0.0029895911043387674 0.0090019891797038093 0.053312800597353417 0.01046634306360362
leaf_weight=138.11201446130872 186.79735048301518 585.11770284175873 466.66444892063737 4344.20210487023 1314.4399315901101 367.66537092626095 1499.6429549604654 108.85413184203207 2889.870294034481 3492.667313542217 418.64609564840794 1203.3773631509393 75.532374195754528 1437.4183108657598 2631.6042100116611 505.33180866576731 515.18027565255761 365.12353231012821 2804.6687533259392 470.94271341711283 11.520639546215532 600.67314817756414 875.768241295591 313.23892828635871 2.5207243263721457 17.987926967442036 1123.7126869112253 2608.6083133816719 14.538431234657763 86.767136096954346
leaf_count=3493 4005 4231 3066 29972 16207 4658 12072 934 16634 19915 3173 9939 506 11636 14728 4253 6529 2489 19378 3533 71 4002 7468 7146 37 134 6852 13806 88 534
internal_value=-1.3812e-05 -0.00846905 0.000993561 -0.00205501 -0.0146199 -0.00160407 -0.00479626 0.00197787 0.000172841 0.00287115 -0.000147329 -0.00223923 -0.00243289 -0.000448141 0.00420825 0.00212311 -0.00997485 -0.00118353 -0.00116901 0.00212699 -0.00192355 0.0069167 -0.00785954 -0.0228609 -0.0140346 0.00494334 0.00557243 0.00717258 0.011854 0.0166153
internal_weight=31477.2 3351.01 28126.2 6864.8 1817 6726.69 2382.49 21261.4 7038.61 14222.8 4366.18 4148.74 3298.85 3146.13 9856.59 1942.75 882.846 1534.01 2880.2 948.892 583.769 1067.34 1002.61 502.557 189.318 126.842 6363.93 3732.32 112.826 101.306
internal_count=231489 38341 193148 56724 27395 53231 23259 136424 50998 85426 30125 34364 23057 25828 55301 15889 11187 10946 19884 6715 4226 7068 8536 11188 4042 1068 35386 20658 693 622
cat_boundaries=0 1 2 3 4 5 6
cat_threshold=10576657 3797250 10948352 7980108 2130048 4497835
is_linear=0
shrinkage=0.04


Tree=55
num_leaves=31
num_cat=7
split_feature=0 15 27 29 0 15 0 28 19 27 27 19 0 19 27 29 11 19 28 30 19 24 22 21 6 4 11 19 4 14
split_gain=172.253 83.8262 51.6023 34.2544 40.3171 34.7388 25.6709 28.2113 25.6437 24.9873 23.3375 17.147 16.6989 24.8937 21.9403 16.0643 14.5718 18.435 14.4899 14.2672 14.1955 15.0375 14.1016 13.9178 17.6041 13.806 14.8716 15.6329 13.6116 16.1746
threshold=5.5000000000000009 3.5000000000000004 -2.2891666666666661 5.3050000000000006 3.5000000000000004 4.5000000000000009 1.5000000000000002 2.5000000000000004 0 0.45833333333333331 -0.83499999999999963 1 3.5000000000000004 2 1.0450000000000004 6.4150000000000009 10.500000000000002 3 4.5000000000000009 4 5 8.5000000000000018 0.45916666666666478 24.020000000000003 33.835000000000008 -0.039999999999999584 6.5000000000000009 6 -0.025000000000000796 -0.21666666666666656
decision_type=2 10 2 2 2 8 2 2 1 2 2 1 2 1 2 2 2 1 2 1 1 2 2 2 2 2 2 1 2 10
left_child=2 9 18 4 8 20 7 11 -4 -2 -3 28 13 -8 -14 -13 -9 -18 -1 -10 21 -6 -21 24 -16 26 27 -12 -5 -30
right_child=1 10 3 6 5 -7 12 16 19 -11 25 15 14 -15 23 -17 17 -19 -20 22 -22 -23 -24 -25 -26 -27 -28 -29 29 -31
leaf_value=0.093992596460498012 -0.0090828361621282765 -0.02572282142761587 -0.00093583836121758236 -0.015207700342762528 0.0013348275007155689 -0.0090461111898446252 0.0021814893302455037 0.006305043690971247 0.0053480308578977833 -0.00041161805188246001 0.034734547348633911 0.0040227572520734889 -3.0171853758303166e-05 0.007020644632389811 -0.0028788605505036054 -0.0052664305753011556 -0.016990106595337087 0.0053843045923872967 -0.02152890073240326 -0.0012669043270047023 -0.0037917508033178528 0.059937712126642326 0.0063161636056627115 0.0052953706874812037 0.081968334360886047 -0.015491646962733164 -0.01307589379479562 -0.0069780345906286824 0.041932397967718055 -0.0053044954287080606
leaf_weight=1.7547560892999161 880.90676196478307 354.64950789883733 3930.8358217217028 294.29820767045021 1583.6299175713211 1210.1249119248241 3208.4050223529339 979.95384339988232 2680.2708218507469 1341.3543107137084 20.224557533860207 590.20808926224709 3456.4872888103127 3685.9261648654938 7.2237649559974662 601.37210754305124 98.310821793973446 123.77401669323444 174.068613730371 1409.4073175229132 1537.0087871942669 7.0369135215878478 543.74743445217609 1551.7339217364788 8.5355949699878675 669.38620491698384 61.648050382733345 27.028842657804489 11.948178783059118 395.96061012148857
leaf_count=32 11141 8716 26055 2324 13072 13261 17402 6374 17505 9322 217 4169 25864 19521 40 4515 690 844 4144 9463 12805 55 3278 8495 45 8279 677 290 84 2873
internal_value=0.000202866 -0.00836326 0.00122597 0.00136202 -0.000149485 -0.00329133 0.00266091 -0.000584353 0.00144186 -0.0038489 -0.0172182 -0.00362648 0.00350387 0.004782 0.00174992 -0.000659815 0.00420845 -0.00504281 -0.020376 0.00345358 -0.00106476 0.00158412 0.00083988 0.00567521 0.0430761 -0.0133428 -0.000134577 0.016749 -0.00852976 -0.00392087
internal_weight=31447.2 3355.2 28092 27916.2 12902.1 4337.8 15014.1 3095.83 8564.26 2222.26 1132.94 1893.79 11918.3 6894.33 5023.98 1191.58 1202.04 222.085 175.823 4633.43 3127.68 1590.67 1953.15 1567.49 15.7594 778.288 108.901 47.2534 702.207 407.909
internal_count=231552 38642 192910 188734 95494 39193 93240 21873 56301 20463 18179 13965 71367 36923 34444 8684 7908 1534 4176 30246 25932 13127 12741 8580 85 9463 1184 507 5281 2957
cat_boundaries=0 1 2 3 4 5 6 7
cat_threshold=571607 14963136 1630638 9935234 87 1617363 11281112
is_linear=0
shrinkage=0.04


Tree=56
num_leaves=31
num_cat=10
split_feature=0 27 15 0 12 27 0 0 27 27 19 7 19 10 19 4 19 19 4 27 3 19 19 9 1 19 4 19 13 7
split_gain=167.003 71.7881 51.4434 50.4289 33.4527 28.0452 27.9219 29.8245 27.3382 25.4749 29.5416 21.3375 20.3634 18.8234 20.2217 17.9266 25.1069 20.3927 17.6047 16.1862 15.7514 15.341 14.4467 14.3675 19.2968 14.3352 14.0806 18.4825 13.9483 13.9249
threshold=5.5000000000000009 -0.63666666666666638 3.5000000000000004 3.5000000000000004 5.1339285714285721 1.7136666666666669 1.5000000000000002 2.5000000000000004 -0.37499999999999972 -0.096666666666667109 0 13.176666666666666 1 2 3 -0.03666666666666573 4 5 0.024999999999999915 1.2044999999999997 6.8850000000000007 6 7 29.500000000000004 34.865000000000002 8 -0.063333333333333894 9 0.2678571428571429 7.1000000000000041
decision_type=2 2 10 2 10 2 2 2 2 2 1 2 1 1 1 2 1 1 2 2 2 1 1 2 2 1 2 1 10 2
left_child=2 -2 6 12 13 11 8 -8 28 10 -9 15 -4 14 -5 17 -17 23 19 22 21 -11 -10 24 -3 -7 27 -15 -1 -12
right_child=1 5 3 4 -6 25 7 9 18 20 29 -13 -14 26 -16 16 -18 -19 -20 -21 -22 -23 -24 -25 -26 -27 -28 -29 -30 -31
leaf_value=0.02234389974830412 -0.021036193506298477 0.052330070334963036 0.0035168284508099897 0.011204969114337191 -0.024162939024935437 -0.004309034555001057 0.0059542940949729121 0.0027851710436681298 0.006580653650848956 0.006380011533688966 -0.0082100924159326603 0.0084441732466151807 -0.0010044804829653425 0.021188628867550525 -0.0038962713677483602 -0.0021648717225578006 -0.012607788751108438 -0.0082602653693405713 0.0052358850524635223 -0.0084026822784059926 0.00020085477429489785 0.0021873663528503284 -0.0027745883464928749 0.003328685295590592 -0.001333972688735387 0.012722504614593231 -0.0063784182580673863 -0.0073412791267062948 0.0049269611753048658 0.0034912807212271343
leaf_weight=95.346701521426439 587.30708247981966 25.059810876846313 2711.203671939671 230.18736352771521 141.72347884997725 133.14737987518311 4357.9801345206797 1180.324475325644 301.04783222079277 2702.4019099026918 961.2407230194658 133.96097901836038 3841.4049046263099 61.046746909618378 339.39859796315432 532.01815125718713 1323.8564294539392 241.77622672915459 464.25244456529617 707.22149911522865 2176.0734162330627 2954.4236228391528 1759.3815083354712 149.90206526964903 18.737244889140129 177.47605416178703 2547.8250062428415 69.012810193002224 322.10283637046814 195.8772969096899
leaf_count=654 12789 225 18187 1671 3392 750 23199 9853 1984 15745 8147 1203 26265 560 2548 5353 13519 2208 3136 5420 13131 17441 12041 1316 179 988 25361 631 2142 1573
internal_value=0.00013252 -0.00834725 0.00113468 -0.00117875 -0.00513995 -0.00562339 0.00239996 0.00318567 -0.000728016 0.00199932 -0.00166539 -0.00707273 0.000870088 -0.00430976 0.00229464 -0.00797991 -0.00969375 -0.000675985 -0.00197227 -0.00318139 0.00309292 0.00420544 -0.00138923 0.00876471 0.0293715 0.00569287 -0.00570179 0.00711465 0.00890504 -0.00617591
internal_weight=31442.7 3323.24 28119.5 9941.8 3389.19 2735.93 18177.7 14528.3 3649.35 10170.3 2337.44 2425.31 6552.61 3247.47 569.586 2291.35 1855.87 435.475 3231.9 2767.65 7832.9 5656.83 2060.43 193.699 43.7971 310.623 2677.88 130.06 417.45 1157.12
internal_count=231611 38530 193081 78615 34163 25741 114466 89089 25377 65890 19573 24003 44452 30771 4219 22800 18872 3928 22581 19445 46317 33186 14025 1720 404 1738 26552 1191 2796 9720
cat_boundaries=0 1 2 3 4 5 6 7 8 9 10
cat_threshold=4000986 10957600 1 9480604 4243471 9204376 12369026 33292 3344022 3734944
is_linear=0
shrinkage=0.04


Tree=57
num_leaves=31
num_cat=7
split_feature=20 28 4 15 7 22 7 19 20 26 23 19 19 19 19 14 12 7 21 4 1 14 4 7 19 14 6 19 14 1
split_gain=87.1374 54.2729 35.3998 34.2784 16.929 16.6846 16.8223 16.5697 16.2163 14.2396 13.656 14.8338 13.1158 12.9809 12.8 13.6242 12.4437 16.744 11.7416 11.637 14.5432 11.6007 11.4791 19.6245 16.1242 14.9907 16.1988 12.216 16.3106 13.9958
threshold=3.4000000000000008 3.5000000000000004 0.0083333333333333055 3.5000000000000004 0.92816666666666425 1.0708333333333331 27.417500000000008 0 45.565000000000005 5.0050000000000008 3.5000000000000004 1 2 3 4 0.33346560846560858 2.6458333333333335 1.6074999999999984 31.270000000000003 0.0033333333333325226 28.265000000000004 0.12705026455026455 0.012249999999999874 -8.2149999999999963 5 0.37981481481481488 31.040000000000003 6 -0.13333333333333333 34.805000000000007
decision_type=2 2 2 8 2 2 2 1 2 2 2 1 1 1 1 10 8 2 2 2 2 10 2 2 1 10 2 1 10 2
left_child=3 22 5 -1 10 6 14 21 9 13 11 -4 -6 -9 19 -16 17 -14 -11 20 -3 -7 27 -24 25 -25 -27 28 -2 -30
right_child=1 2 4 -5 12 7 -8 8 -10 18 -12 -13 16 -15 15 -17 -18 -19 -20 -21 -22 -23 23 24 -26 26 -28 -29 29 -31
leaf_value=0.031477985638320709 0.012517218319186887 0.011992478624777553 0.003558864601968002 -0.025443144009910341 0.0016976127431804881 -0.0029993943140597169 0.022736634590928978 0.0093068165176048417 -0.0081998006605808541 -0.0071458715968804754 -0.0080926431119908351 -0.0060580082625068081 0.07694415555435441 -0.0022264522065776745 -0.0029561927771604374 0.037347298228577248 -0.0060566557634186913 0.0056604120321697617 0.01402193326028396 -0.0092753516787794886 0.00084571924567403351 0.0096028717741846199 -0.0054571521511153345 -0.0024747604779334961 0.0026543035023514037 0.045100546973976946 0.0017584434619624658 0.0013489327432692306 0.005226563006909277 0.000334906658785952
leaf_weight=18.057717675343156 331.55511119216681 242.16857888363302 397.88693205267191 270.45455705933273 1012.0149307064712 807.97100694477558 45.935581635683775 283.17269207909703 118.56149356812239 45.938837751746178 2091.8082666583359 692.33352813124657 5.7658693082630625 330.9895428493619 3518.8256125748158 13.471146285533903 907.91023765876889 61.589866265654564 480.12419993430376 130.62736413627863 826.19608516432345 136.63503637909889 861.3770482763648 1914.9318560063839 3521.5068277530372 22.082360781729221 36.771490983664989 8354.7381730973721 2347.1945753023028 1556.3928218111396
leaf_count=307 2134 1997 3451 7892 9353 5894 359 2091 837 313 21141 6076 47 2491 29837 101 8571 487 3349 1158 6876 940 5571 12377 22395 126 211 51119 14212 9479
internal_value=8.83496e-07 0.000203898 -0.00188287 -0.0218805 -0.00439189 -2.48818e-05 -0.00135298 0.00285459 0.00583323 0.00734355 -0.00620088 -0.00257116 -0.00149533 0.00320649 -0.00158686 -0.00279458 -0.00477701 0.0117625 0.0121734 0.00197794 0.00337238 -0.00116418 0.00154209 0.000156468 0.00103639 -0.00185424 0.0180207 0.00224169 0.00399024 0.00327622
internal_weight=31385 31096.5 12149.9 288.512 5169.31 6980.62 4777.22 2203.39 1258.79 1140.23 3182.03 1090.22 1987.28 614.162 4731.29 3532.3 975.266 67.3557 526.063 1198.99 1068.36 944.606 18946.6 6356.67 5495.29 1973.79 58.8539 12589.9 4235.14 3903.59
internal_count=231192 222993 105369 8199 49126 56243 40328 15915 9081 8244 30668 9527 18458 4582 39969 29938 9105 534 3662 10031 8873 6834 117624 40680 35109 12714 337 76944 25825 23691
cat_boundaries=0 1 2 3 4 5 6 7
cat_threshold=1274147 1409419 11755822 8686596 4391297 11438720 2001936
is_linear=0
shrinkage=0.04


Tree=58
num_leaves=31
num_cat=7
split_feature=0 27 27 27 19 0 8 29 19 16 19 11 0 20 27 16 6 30 6 19 20 7 7 4 19 21 0 9 23 19
split_gain=125.958 117.848 43.0125 36.578 32.9647 30.527 26.994 23.5341 21.431 19.3652 16.3726 18.2308 22.8949 26.541 21.5475 19.5152 14.9377 14.2415 14.3977 14.2325 14.2214 13.603 13.4428 13.3291 12.9464 12.7074 14.3177 12.5745 15.0012 14.8537
threshold=3.5000000000000004 -0.47449999999999987 -2.5758333333333323 1.7136666666666669 0 5.5000000000000009 3.5000000000000004 5.1850000000000014 1 0.36666666666666675 2 6.5000000000000009 1.5000000000000002 35.495000000000005 0.77999999999999969 0.22500000000000003 38.355000000000011 3 1.0000000180025095e-35 4 49.555000000000007 -13.129166666666663 -1.605000000000002 -0.078333333333332686 5 35.495000000000005 2.5000000000000004 38.500000000000007 2.5000000000000004 6
decision_type=2 2 2 2 1 2 2 2 1 10 1 2 2 2 2 10 2 1 2 1 2 2 2 2 1 2 2 2 2 1
left_child=10 2 7 4 9 8 -6 -2 -4 -3 20 21 13 17 15 24 -10 -13 -19 -7 25 -12 -18 -24 -14 26 -1 -15 -29 -30
right_child=1 3 5 -5 6 19 -8 -9 16 -11 11 12 14 27 -16 -17 22 18 -20 -21 -22 -23 23 -25 -26 -27 -28 28 29 -31
leaf_value=0.0048133446448670536 -0.030895208300814256 -0.0081390987969627987 -0.0012087884768419465 0.0065365411887128222 0.0030329487471376028 -0.0071590116363525625 -0.002833714528107887 0.13874935854102707 -0.012541821995288893 -0.0024063609700899899 -0.009269390945250585 -0.0019633060821000314 -0.0072222363043397365 -0.0086018233555483457 0.0092754735649498606 0.0051766128288662176 0.068121185422153507 0.050446190956381275 0.0096769921514844644 -0.0211376277332825 -0.0009464882462059714 6.7423628628514716e-05 0.032867377093130583 -0.0053395247290838792 0.0014865730539260428 0.0068032717033195064 -0.00087365243517900984 -0.0055273121819978321 0.018650041083643546 -0.00045489440045547191
leaf_weight=2063.0165115892887 172.94175165705383 1501.5099499821663 744.13640087097883 918.65081200003624 2713.2911273799837 210.90452792309225 2334.6634996794164 1.3183630723506201 919.51975666545331 2533.6979336999357 260.66504943743348 217.31889643147588 379.44240379333496 577.11393968760967 1060.8893635869026 2020.6233373433352 4.2431668899953356 14.465668473392723 330.75431437045336 409.08035973645747 893.66216645389795 5916.0821704007685 15.332329362630842 309.90395296737552 908.0794900842011 2241.2259002476931 1078.6668379865587 400.3125028014183 92.688177086412907 185.42804305255413
leaf_count=13274 6016 12559 8574 4912 20299 3904 18319 23 10933 19057 1672 1423 2581 4337 5183 11735 47 99 2155 7592 5196 36925 158 3479 6159 13105 7144 2905 656 1291
internal_value=-3.9688e-05 -0.00309679 -0.0103702 -0.00106977 -0.00183905 -0.00908708 0.000319003 -0.0296118 -0.00667581 -0.0045283 0.00205779 0.00120969 0.00274536 -0.00102663 0.004315 0.00272422 -0.00984449 0.00619361 0.0110648 -0.0168388 0.00372054 -0.000326599 -0.00261551 -0.00353837 -0.00112453 0.00450227 0.00286077 -0.00426162 -0.00056957 0.00656646
internal_weight=31429.6 12789.2 2787.38 10001.8 9083.16 2613.12 5047.95 174.26 1993.14 4035.21 18640.4 12363.9 6187.12 1818.08 4369.03 3308.15 1249 562.539 345.22 619.985 6276.57 6176.75 329.479 325.236 1287.52 5382.91 3141.68 1255.54 678.429 278.116
internal_count=231712 115872 40726 75146 70234 34687 38618 6039 23191 31616 115840 77121 38524 12866 25658 20475 14617 3677 2254 11496 38719 38597 3684 3637 8740 33523 20418 9189 4852 1947
cat_boundaries=0 1 2 3 4 5 6 7
cat_threshold=15143745 7438531 10682917 56 553107 4235400 51458
is_linear=0
shrinkage=0.04


Tree=59
num_leaves=31
num_cat=8
split_feature=0 27 27 4 19 15 26 11 19 0 28 23 19 4 0 19 11 12 19 19 6 28 19 0 4 23 14 19 27 0
split_gain=138.772 89.099 43.4074 28.7237 25.0974 19.6609 26.8696 20.8431 24.6323 17.7434 32.9769 23.365 22.8948 23.6567 21.3409 20.131 18.2231 17.1173 20.8179 16.0532 15.8524 15.7913 15.2407 14.9235 14.3641 15.0335 13.4666 13.4341 14.7632 14.4351
threshold=4.5000000000000009 0.4250000000000001 -1.3900000000000001 -0.05000000000000026 0 4.5000000000000009 3.4450000000000007 1.5000000000000002 1 1.5000000000000002 2.5000000000000004 2.5000000000000004 2 1.0000000180025095e-35 2.5000000000000004 3 8.5000000000000018 3.1180555555555558 4 5 44.470000000000006 4.5000000000000009 6 5.5000000000000009 -0.023333333333332981 1.5000000000000002 0.16490740740740747 7 2.2908333333333339 5.5000000000000009
decision_type=2 2 2 2 1 10 2 2 1 2 2 2 1 2 2 1 2 8 1 1 2 2 1 2 2 2 10 1 2 2
left_child=5 2 21 20 23 9 -7 8 -8 10 12 19 13 -1 16 -16 22 27 -19 -11 -4 -2 -13 -5 -14 -26 -22 -3 29 -29
right_child=1 17 3 4 -6 6 7 -9 -10 11 -12 14 24 -15 15 -17 -18 18 -20 -21 26 -23 -24 -25 25 -27 -28 28 -30 -31
leaf_value=-0.0032498534084413827 0.043402788807121867 0.0050764427048499983 9.8062499148047003e-05 0.0008769050632820044 -0.010807429028681703 -0.012206106484517738 -0.0032929925340648308 -0.00091613824511986997 0.019967344559533778 0.0021823094167922157 0.0031283377374483347 0.0055829955633824374 -0.012121264771158522 0.0099637254281373829 -0.0070573425735420969 0.00054487871809350463 0.0079670783831991207 -0.010670611555885985 0.00024510557066529721 0.0062578794774854644 0.015563620747306391 -0.021622518544286106 -0.0013477487418255439 -0.0092413707441410826 -0.011037391685971178 0.0010825222466339941 0.073521837107246815 0.0023947525158822826 0.017703839122766917 -0.0074131462679386919
leaf_weight=709.62518684566021 6.0590114388614884 1123.2392335012555 310.25465735793114 592.22686290368438 2354.6822395399213 318.86333003640175 128.54163666814566 4050.5628436282277 160.53716137260199 2877.8258692063391 2263.6998454965651 867.82763960584998 557.81455285847187 312.14583113789558 623.20806851610541 4643.4350309632719 1093.3473298810422 440.99709503352642 743.04057359695435 3428.9729780629277 38.766142304986715 433.41679009050131 1199.6534516178071 384.74264103546739 263.51943566650152 432.51061996817589 7.6860413476824752 483.54721053689718 61.738649621605873 476.89081428200006
leaf_count=5168 124 7261 3271 5922 27960 4310 866 29206 1106 15621 14801 5010 4319 2124 4246 31125 6108 3233 5310 18300 403 11453 7052 5218 1932 3035 69 3061 327 3341
internal_value=-0.000151663 -0.00491618 -0.00884291 -0.00742702 -0.00858204 0.00133297 -0.000999032 -0.000175572 0.0102012 0.00189663 -0.000289957 0.00257027 -0.00369035 0.000779201 0.00119231 -0.000367067 0.00379058 -4.78429e-05 -0.00390852 0.00441156 0.0033609 -0.020726 0.00158192 -0.00307631 -0.00728079 -0.00350612 0.0251535 0.00208284 -0.00124424 -0.00247521
internal_weight=31389.4 7457.29 4127.83 3688.36 3331.65 23932.1 4658.5 4339.64 289.079 19273.6 4539.32 14734.3 2275.62 1021.77 8427.47 5266.64 3160.83 3329.45 1184.04 6306.8 356.707 439.476 2067.48 976.97 1253.84 696.03 46.4522 2145.42 1022.18 960.438
internal_count=231282 76953 54420 42843 39100 154329 35488 31178 1972 118841 31379 87462 16578 7292 53541 35371 18170 22533 8543 33921 3743 11577 12062 11140 9286 4967 472 13990 6729 6402
cat_boundaries=0 1 2 3 4 5 6 7 8
cat_threshold=6029323 11257922 730655 4113 16008960 6826047 2300683 5795477
is_linear=0
shrinkage=0.04


Tree=60
num_leaves=31
num_cat=8
split_feature=0 27 27 0 5 0 27 14 19 16 0 19 22 0 24 3 19 24 21 21 7 3 19 7 27 19 19 19 26 19
split_gain=129.651 66.4403 45.0858 26.2614 26.1007 23.6674 22.0376 17.726 17.4227 16.0537 27.941 20.3042 15.5788 14.9761 14.8891 14.4282 13.9815 14.9083 17.2973 24.7673 13.6677 13.6676 13.6361 13.2901 14.7915 15.3087 13.2321 12.7662 12.5173 18.092
threshold=5.5000000000000009 -0.63666666666666638 -1.3583333333333329 3.5000000000000004 5.5000000000000009 2.5000000000000004 0.45833333333333331 0.14454365079365084 0 0.55000000000000016 1.5000000000000002 1 -1.6083333333333305 4.5000000000000009 1.5000000000000002 6.6850000000000014 2 6.5000000000000009 34.155000000000008 24.020000000000003 2.2570833333333344 6.9050000000000011 3 14.150833333333333 1.8800000000000006 4 5 6 4.4050000000000011 7
decision_type=2 2 2 2 2 2 2 10 1 8 2 1 2 2 2 2 1 2 2 2 2 2 1 2 2 1 1 1 2 1
left_child=2 8 3 12 9 -6 15 26 -2 13 11 14 -1 -4 20 -3 17 -15 19 21 -11 -19 -9 24 27 -26 -7 -8 29 -17
right_child=1 6 4 -5 5 7 23 22 -10 10 -12 -13 -14 16 -16 28 -18 18 -20 -21 -22 -23 -24 -25 25 -27 -28 -29 -30 -31
leaf_value=-0.0042654017506441192 -0.0087769205621095608 0.0052321507615877387 0.0012899264840403502 -0.014771089440272665 0.0024660687838543162 -0.0027808436060718913 -0.009627916591311016 0.013689402144147727 -0.025436920841483222 0.001927477100407596 0.0043461590462113807 -0.0067363626316530876 0.01629506464463807 0.00035458145960715141 0.0065346221544890703 0.020536570448246763 -0.0051306732961113443 0.064835805599627191 -0.003180973442328025 0.12239786710483223 -0.020498484732724958 -0.029570993684807853 -0.0021437083452577961 0.014542723075447088 0.020208663705309465 -0.0016710591458796199 -0.010014310622488129 -0.0012018349784458161 -0.01189460237151427 -0.010858599472504504
leaf_weight=463.95930263400078 188.06123047880828 101.61877125129104 14755.816512227058 451.59020285867155 1060.4555716961622 786.08887062221766 458.74285643547773 114.6175789013505 362.20014432445168 111.59379081428051 5640.5574613213539 699.01746517419815 67.548667296767235 1035.2731529474258 498.33025297522545 41.123991511762142 1203.552057299763 5.0387612730264681 14.077540941536425 5.928539164364337 71.241533741354942 4.7824051827192307 284.69048245996237 74.659314729273319 74.754028886556625 132.18312588334084 885.93740898743272 772.42736034095287 989.96266796067357 59.801191709935665
leaf_count=4941 4253 1182 93264 8571 6785 6403 3494 705 8392 826 32961 5054 587 8898 3528 572 10800 46 103 54 524 46 1769 492 404 727 7355 5728 12304 846
internal_value=-0.000137029 -0.00769459 0.000736686 -0.00767852 0.0010411 -0.00239372 -0.00511741 -0.00488177 -0.0203649 0.00148847 0.00309792 -0.00200339 -0.0016524 0.000824742 0.0029098 -0.00918365 -0.00220092 0.00114707 0.0290383 0.0578368 -0.00681077 0.0188645 0.00269018 -0.00191202 -0.00276627 0.00712859 -0.00669008 -0.00442942 -0.0105265 0.00289292
internal_weight=31415.6 3255.53 28160.1 983.098 27177 3131.79 2705.27 2071.33 550.261 24045.2 7020.74 1380.18 531.508 17024.5 681.166 1192.51 2268.65 1065.1 29.8272 15.7497 182.835 9.82117 399.308 1512.77 1438.11 206.937 1672.03 1231.17 1090.89 100.925
internal_count=231614 38394 193220 14099 179121 23017 25749 16232 12645 156104 42893 9932 5528 113211 4878 14904 19947 9147 249 146 1350 92 2474 10845 10353 1131 13758 9222 13722 1418
cat_boundaries=0 1 2 3 4 5 6 7 8
cat_threshold=28823 2744670 1850515 4293639 12642408 11673966 10685608 1556627
is_linear=0
shrinkage=0.04


Tree=61
num_leaves=31
num_cat=9
split_feature=0 28 12 20 0 27 6 19 7 19 27 0 9 17 11 19 19 11 6 19 26 9 19 19 12 30 27 19 22 6
split_gain=111.435 62.7332 37.8398 24.9056 23.4319 42.9858 24.0715 22.777 21.0723 22.1862 18.1859 16.7945 32.8059 23.3774 19.9714 24.2297 21.286 21.6519 17.9562 17.0463 16.884 16.5136 18.3597 15.771 22.011 15.7145 15.5384 15.5203 15.5211 15.1687
threshold=5.5000000000000009 4.5000000000000009 4.7071428571428582 5.8050000000000006 3.5000000000000004 0.54666666666666719 27.645000000000003 0 10.248333333333333 1 1.7136666666666669 1.5000000000000002 46.500000000000007 0.21111111111111114 7.5000000000000009 2 3 1.5000000000000002 35.245000000000012 4 4.6650000000000009 42.500000000000007 5 6 3.3875000000000006 7 -0.90083333333333282 8 4.9199999999999973 41.365000000000002
decision_type=2 2 10 2 2 2 2 1 2 1 2 2 2 10 2 1 1 2 2 1 2 2 1 1 8 1 2 1 2 2
left_child=2 8 4 -4 11 6 21 29 9 -2 -11 12 13 -1 16 26 17 -13 -18 -15 -17 22 -6 -7 -25 -5 -16 28 -14 -8
right_child=1 -3 3 25 5 23 7 -9 -10 10 -12 14 27 19 15 20 18 -19 -20 -21 -22 -23 -24 24 -26 -27 -28 -29 -30 -31
leaf_value=0.00045039539627135842 -0.014018794819882623 -0.017026934991402228 -0.021375753396947732 0.0016551913686015235 0.0037567027925997434 0.0066547648330529023 -0.0081971151290746985 0.00061090325854191627 0.0075883592972291062 -0.0047211080119736312 0.0071687338046044335 0.011839618160401171 0.01486738359956437 0.001158326959902306 -0.0022624616915026714 -0.0056228631652100363 -0.0027762521657958218 0.0025090312338873055 0.0027591026977754046 -0.0088937199786025961 0.0032615789941709251 -0.013624035455819328 -0.0087402126552827437 0.0033067001168721293 -0.0056603051604223117 -0.0098997527779311149 0.0082495836894166657 0.00099828633945575596 0.0032894287208448491 0.002397883316959528
leaf_weight=2611.0616590380669 359.66769816912711 751.61654697731137 161.17914852313697 384.78753875754774 298.35285919718444 1215.8838783204556 967.39028773456812 3071.8019478935748 233.68409556895494 1673.0087769031525 234.70155331492424 459.89082517102361 391.86281030625105 380.1905497610569 247.1587931625545 403.11601326242089 2348.4340559355915 2953.1470056660473 1560.8639962896705 946.18710777908564 2266.3953936621547 455.76127118244767 485.99995014443994 1726.5600801631808 586.86514326930046 358.83717798069119 2507.6646844595671 721.16548114269972 351.37599442154169 278.43408497050405
leaf_count=17966 3394 15857 4158 3504 2779 7009 8831 27247 1916 16197 1302 2666 2534 2717 2096 3039 13980 17120 9049 7090 12357 4311 4587 9903 3616 3330 13692 4735 2313 2459
internal_value=0.000116079 -0.00689361 0.000926311 -0.00712118 0.00119366 -0.000464418 -0.00265675 -0.00124593 -0.00384835 -0.00502706 -0.00324134 0.00202387 0.000154694 -0.00174633 0.002816 0.00465557 0.00145325 0.00375528 -0.000564709 -0.00607074 0.0019128 -0.00756871 -0.00405016 0.00298794 0.00102753 -0.00403153 0.00728003 0.00526611 0.00926904 -0.00578278
internal_weight=31393 3252.68 28140.4 904.804 27235.6 9087.05 5557.74 4317.63 2501.06 2267.38 1907.71 18148.5 5401.84 3937.44 12746.7 5424.33 7322.34 3413.04 3909.3 1326.38 2669.51 1240.11 784.353 3529.31 2313.43 743.625 2754.82 1464.4 743.239 1245.82
internal_count=231754 38666 193088 10992 182096 70742 50214 38537 22809 20893 17499 111354 37355 27773 73999 31184 42815 19786 23029 9807 15396 11677 7366 20528 13519 6834 15788 9582 4847 11290
cat_boundaries=0 1 2 3 4 5 6 7 8 9
cat_threshold=10508804 11665408 11820400 14885793 140814 12109058 682180 199 13354792
is_linear=0
shrinkage=0.04


Tree=62
num_leaves=31
num_cat=10
split_feature=0 15 15 0 27 4 11 0 9 19 27 28 22 0 19 4 20 19 19 8 19 3 4 30 19 19 30 31 3 19
split_gain=100.782 71.6881 38.1118 40.1578 31.1934 26.7771 23.3692 22.4469 31.4086 22.4206 22.0802 21.5861 19.7324 20.1433 18.5759 18.08 16.5376 15.9021 15.547 14.7642 15.2624 15.1211 14.6688 14.2788 14.225 14.1983 13.4178 13.3421 12.8358 20.7593
threshold=5.5000000000000009 3.5000000000000004 3.5000000000000004 2.5000000000000004 -1.3583333333333329 0.018333333333333094 7.5000000000000009 1.5000000000000002 48.500000000000007 0 -0.83499999999999963 1.5000000000000002 10.499166666666667 2.5000000000000004 1 -0.028166666666666892 51.765000000000008 2 3 5.5000000000000009 4 6.8350000000000009 0.0050000000000003384 5 6 7 8 2.5000000000000004 6.8950000000000005 9
decision_type=2 10 8 2 2 2 2 2 2 1 2 2 2 2 1 2 2 1 1 2 1 2 2 1 1 1 1 2 2 1
left_child=2 6 7 26 -5 25 9 8 11 -2 -3 14 13 16 22 -11 24 -10 -12 20 -15 -21 -1 -19 -9 -6 -4 -13 29 -8
right_child=1 10 3 4 5 -7 28 12 17 15 18 27 -14 19 -16 -17 -18 23 -20 21 -22 -23 -24 -25 -26 -27 -28 -29 -30 -31
leaf_value=-0.0050728844241659122 0.0061576028523448517 -0.024107753799814082 -0.0013502121045513725 -0.012594138588786203 -0.0040343366265603404 -0.0061589598800613331 0.0056234328335801375 0.0097265432062344 0.01183129401152804 0.0061724573741650168 -0.0044765680658064968 -0.0041736764585293216 0.0044420808851232717 -0.0018760293913442708 -0.0119770578672756 -0.0079297249035962473 -0.0056772309452656593 0.0085447098495785075 -0.016589791309952931 -0.009902403449131441 0.0024952193963841216 0.00081750999362160352 0.014502975287826571 -0.0069274760926644934 0.0031432468568048867 0.0016086637649884836 0.0032316476266336259 0.0025179641713399155 -0.016420393523944674 -0.010041360577701029
leaf_weight=233.13826759159565 617.30516340024769 319.63282937556505 1594.3498154208064 544.59096377529204 1056.8772745840251 2003.5477688796818 195.76696821860969 756.92618791013956 380.68054392188787 198.836978610605 326.22626537457108 878.73426938802004 5258.4413877762854 2026.4362965933979 607.72470404207706 541.87252748198807 247.48874153196812 165.3300559669733 412.10490746423602 443.38311292976141 3427.2040376774967 400.89031522907317 83.066590741276741 199.43960749357939 1784.708157684654 2143.6572400256991 2828.5416800677776 1042.1156547367573 213.27433043159544 402.84435680694878
leaf_count=1829 5462 8808 10614 9628 7972 17378 1917 4130 2447 1620 4081 5965 28601 14026 4870 5022 1218 1070 5320 3078 23484 2911 595 1285 9891 16109 18762 6935 2234 4126
internal_value=-9.39811e-05 -0.006788 0.000674766 -0.00128113 -0.00348568 -0.00253251 -0.00262562 0.00178398 -0.00104465 0.000584021 -0.0153251 -0.00295982 0.0024919 0.00136337 -0.00798383 -0.00408891 0.00419333 0.00626402 -0.011523 0.00011009 0.000872108 -0.00481222 6.75319e-05 0.000126095 0.00515446 -0.000262341 0.00158425 -0.000543271 -0.00799429 -0.00499222
internal_weight=31335.1 3227.86 28107.3 10171.6 5748.67 5204.08 2169.9 17935.7 3590.23 1358.01 1057.96 2844.78 14345.5 9087.04 923.93 740.71 2789.12 745.45 738.331 6297.91 5453.64 844.273 316.205 364.77 2541.63 3200.53 4422.89 1920.85 811.886 598.611
internal_count=231388 38590 192798 80463 51087 41459 20381 112335 24996 12104 18209 20194 87339 58738 7294 6642 15239 4802 9401 43499 37510 5989 2424 2355 14021 24081 29376 12900 8277 6043
cat_boundaries=0 1 2 3 4 5 6 7 8 9 10
cat_threshold=5790029 4785685 10191693 9177530 8548885 389 8537857 6358595 42 2273799
is_linear=0
shrinkage=0.04


Tree=63
num_leaves=31
num_cat=8
split_feature=0 15 0 12 12 7 22 5 19 11 9 19 26 19 22 19 14 4 12 6 22 19 20 20 28 19 19 14 19 29
split_gain=111.325 68.9007 35.1598 43.124 20.1608 18.5989 18.4998 17.6331 20.3862 16.7815 16.7227 16.3173 14.9169 14.4823 13.5865 17.918 13.2325 12.2239 12.325 12.2039 11.6406 12.086 14.3741 20.5791 11.6044 12.0302 11.0146 10.9886 10.9229 13.5604
threshold=5.5000000000000009 3.5000000000000004 3.5000000000000004 3.5857142857142863 5.0500000000000007 11.646666666666668 -3.6116666666666695 4.5000000000000009 0 10.500000000000002 30.500000000000004 1 7.8050000000000006 2 16.981833333333338 3 0.17592592592592599 0.0099999999999993445 2.4142857142857146 19.525000000000002 10.143333333333334 4 38.185000000000009 50.160000000000004 5.5000000000000009 5 6 -0.28353174603174591 7 5.205000000000001
decision_type=2 10 2 8 10 2 2 2 1 2 2 1 2 1 2 1 10 2 8 2 2 1 2 2 2 1 1 8 1 2
left_child=2 5 10 14 7 9 -3 28 -9 11 12 17 27 -12 19 -16 -10 -2 -19 20 -4 -22 -23 -24 25 -6 -7 -1 -5 -30
right_child=1 6 3 4 24 26 -8 8 16 -11 13 -13 -14 -15 15 -17 -18 18 -20 -21 21 22 23 -25 -26 -27 -28 -29 29 -31
leaf_value=-0.013614138547726605 -0.0040375033881323982 -0.02071398633229541 -0.011108284967439519 -0.0057498372396560136 0.011919263325888513 -0.0029507809070537117 -0.010085321758123843 -0.014563920120921198 -0.0042109990016703965 -0.01379970593593682 0.0037387253529124437 -0.00028239408561063918 0.056546632842627384 0.0011879015635108947 -0.0025962877776480979 0.0074029465648511508 0.050467875256224648 0.0034240338980321768 -0.021668190528804025 0.00028404837185449236 -0.012475619185488984 -0.016261966708409969 0.04622669604149407 -0.017044720746874371 -0.026728396367421459 -0.019484226936257044 0.017294968647097515 -0.00044556669336093767 -0.0028209263422624836 0.0055787980411718388
leaf_weight=104.13180012255907 317.54651517421007 549.55057906359434 289.32441995292902 816.01931645721197 30.645378673449159 72.964712351560593 500.78085250779986 470.29515063762665 660.39647348597646 256.41544218361378 6067.9304738678038 1222.6598551291972 7.2726516500115386 8680.8206520751119 416.36277506127954 900.03627491742373 7.1582084894180289 39.033057522028685 158.51310938224196 4276.5792864821851 32.573345109820366 14.758116416633127 31.244955286383629 11.163586087524889 103.62366770207882 28.729216732084751 98.077684363350272 3847.3395975418389 886.97496895119548 470.70252355933189
leaf_count=967 2783 11908 2256 7495 463 635 6348 4884 6735 2943 36700 11249 42 53460 2448 5212 48 293 1699 31498 207 106 192 62 3079 408 804 24705 8650 3506
internal_value=-0.000188674 -0.00723959 0.000616627 -0.00137259 -0.00491578 -0.00316149 -0.0156464 -0.00423979 -0.00827407 -0.00424723 0.00162111 -0.00283771 -0.000687255 0.0022407 0.000688842 0.00427681 -0.00357118 -0.00872824 -0.0167102 -0.000325669 -0.00720445 0.00538161 0.0150979 0.0295712 -0.0186495 -0.00454986 0.009497 -0.000792594 -0.00212799 9.05647e-05
internal_weight=31369.6 3215.54 28154.1 9446.59 3474.54 2165.21 1050.33 3311.55 1137.85 1994.17 18707.5 1737.75 3958.74 14748.8 5972.04 1316.4 667.555 515.093 197.546 4655.64 379.064 89.74 57.1667 42.4085 162.998 59.3746 171.042 3951.47 2173.7 1357.68
internal_count=231785 38662 193123 77249 35268 20406 18256 31318 11667 18967 115874 16024 25714 90160 41981 7660 6783 4775 1992 34321 2823 567 360 254 3950 871 1439 25672 19651 12156
cat_boundaries=0 1 2 3 4 5 6 7 8
cat_threshold=15337136 10880160 15140357 4294157 12591544 5345063 6528400 12931713
is_linear=0
shrinkage=0.04


Tree=64
num_leaves=31
num_cat=10
split_feature=0 28 26 19 19 8 26 29 16 20 9 0 4 4 28 7 0 19 19 19 19 4 19 4 3 10 6 19 11 19
split_gain=98.5443 79.5405 37.1165 23.4163 19.0861 17.3981 15.8262 20.3648 15.4602 19.1634 14.9129 31.9431 29.0191 18.9005 17.8379 16.0683 17.4227 20.2273 16.2862 16.0117 15.0715 14.7308 14.6829 14.5078 14.3503 13.987 15.0752 16.9396 13.9701 15.1798
threshold=4.5000000000000009 3.5000000000000004 1.6150000000000004 0 1 2.5000000000000004 4.4850000000000012 5.1350000000000007 1.0000000180025095e-35 4.7900000000000009 42.500000000000007 1.5000000000000002 0.068333333333333815 0.023333333333332987 1.5000000000000002 8.9316666666666684 3.5000000000000004 2 3 4 5 0.0099999999999993445 6 0.0083333333333333055 6.705000000000001 7 27.645000000000003 8 10.500000000000002 9
decision_type=2 2 2 1 1 2 2 2 8 2 2 2 2 2 2 2 2 1 1 1 1 2 1 2 2 1 2 1 2 1
left_child=8 4 -3 24 21 6 7 -6 9 -1 11 13 28 14 -10 16 17 -12 -17 -15 -16 -2 -11 -5 -4 -18 -27 -28 -13 -30
right_child=1 2 3 23 5 -7 -8 -9 10 22 15 12 -14 19 20 18 25 -19 -20 -21 -22 -23 -24 -25 -26 26 27 -29 29 -31
leaf_value=-0.019269926741140642 -0.00099732600328950537 -0.032626638658692621 0.010396757305955844 -0.0079112738373749453 0.018886442864955756 -0.0011271458342129123 0.00459411076641474 0.10533845180616065 -0.0097657036581256761 0.0033619576402554793 0.0059273438205588759 0.0016234548565607402 -0.0086655385258794342 -0.003212057948604824 -0.0076795377397644088 -0.00084911612422964092 0.0018658491095613372 0.00096712783748563068 0.01115244585868894 0.012504911038265532 0.00037594482809905338 -0.0083642846954492221 -0.002335798426505077 -0.015621874310199511 -0.0053606670218508679 -0.017283208389484141 0.0071215915842461931 -0.0084026550411897254 0.0099359497951097952 0.0024384637219143001
leaf_weight=91.04292419180274 1079.0410550013185 105.41304079443216 101.6926818266511 803.67607548832893 25.099959671497349 1704.7889281511307 998.61811713129282 5.2760182172060004 673.56910613924265 1011.3797648102045 2657.4720405898988 7682.9698160365224 397.19374694302678 195.48716701567173 526.17752650007606 251.66971982643008 842.24629102647305 2623.4799704477191 679.05229344591498 207.78794109076262 1215.191905695945 726.7875807210803 2475.7865194194019 759.31369801424444 1019.834362635389 147.36083299666643 172.89944217354059 285.59984609112144 731.82938807830215 1088.4670312739909
leaf_count=1747 8017 4601 1304 10980 223 12863 7093 48 5418 7236 15984 45919 2696 1381 3623 1524 5185 15993 4116 1457 8226 5930 17849 11629 14348 1276 1422 2346 4355 6489
internal_value=2.99259e-05 -0.00402865 -0.00934396 -0.00842972 -0.000761999 0.00134706 0.00545929 0.0339023 0.00127165 -0.00115333 0.00169744 0.000857709 0.00192722 -0.00289953 -0.00423815 0.00309178 0.00241043 0.00347625 0.00801789 0.00511656 -0.00210007 -0.00394047 -0.000680341 -0.011583 -0.00389714 -0.00147641 -0.00605358 -0.00257642 0.00236995 0.00552072
internal_weight=31286.2 7329.54 2789.93 2684.52 4539.61 2733.78 1028.99 30.376 23956.7 3578.21 20378.5 12718.7 9900.46 2818.21 2414.94 7659.78 6729.06 5280.95 930.722 403.275 1741.37 1805.83 3487.17 1562.99 1121.53 1448.11 605.86 458.499 9503.27 1820.3
internal_count=231278 77036 42862 38261 34174 20227 7364 271 154242 26832 127410 79564 59459 20105 17267 47846 42206 31977 5640 2838 11849 13947 25085 22609 15652 10229 5044 3768 56763 10844
cat_boundaries=0 1 2 3 4 5 6 7 8 9 10
cat_threshold=1847451 10950464 15291977 12916864 3500897 8933906 11546660 3 5427368 13948424
is_linear=0
shrinkage=0.04


Tree=65
num_leaves=31
num_cat=7
split_feature=0 27 27 0 12 27 19 14 9 8 19 19 3 9 4 4 19 27 6 14 27 19 9 19 19 3 27 11 14 13
split_gain=98.5757 48.2952 34.3271 23.8936 38.8932 21.4347 20.3725 18.8089 18.4174 17.0907 16.3273 16.2958 15.5899 15.2518 15.2181 14.4714 13.6408 15.728 14.6874 13.429 13.3707 13.8363 12.8644 14.3695 14.147 21.2881 19.8743 13.2379 12.2005 12.147
threshold=5.5000000000000009 -0.65000000000000002 -2.2891666666666661 3.5000000000000004 3.3541666666666674 1.7136666666666669 0 0.19401455026455025 62.500000000000007 2.5000000000000004 1 2 6.5550000000000006 56.500000000000007 -0.10499999999999997 -0.031666666666665837 3 1.0283333333333338 26.955000000000002 0.26679894179894187 2.4208333333333338 4 31.500000000000004 5 6 6.6450000000000005 1.3066666666666671 11.500000000000002 -0.27030423280423271 1.0000000180025095e-35
decision_type=2 2 2 2 8 2 1 10 2 2 1 1 2 2 2 2 1 2 2 10 2 1 2 1 1 2 2 2 8 10
left_child=2 19 13 12 16 8 -6 -8 9 11 -11 -3 -4 29 -13 -9 17 -5 -18 -2 22 -22 23 -14 25 26 27 -24 -12 -1
right_child=1 5 3 4 6 -7 7 15 -10 10 28 14 20 -15 -16 -17 18 -19 -20 -21 21 -23 24 -25 -26 -27 -28 -29 -30 -31
leaf_value=-0.027346269880515185 -0.018315758421894219 0.0041521011701967708 -0.019946707301207841 0.002333867594409685 -0.0065026288188621507 0.0054896454802304574 -0.0013524282873684276 -0.017530360602584113 0.049290362124904882 -0.013815854684798137 0.032383059607533266 0.044113341465357413 -0.0025946979177478742 0.1038818504161946 -0.0078439359820784843 0.048713161048025928 -0.0044186354593396407 0.012110019362143669 0.0017610838281072816 0.078498769139850447 -0.022912427290668204 0.00097266266907996917 0.030647313308413065 0.002088653649210979 0.0016222263011855488 0.00385700246021987 -0.015528870768363163 -0.022692303702293009 -0.0056530873155576115 -0.0035215758419861061
leaf_weight=100.87666647136211 506.35271801613271 418.14862252399325 52.704371012747288 846.22733031958342 1953.8759761787951 308.34019947052002 2294.5144717227668 7.0876241326332119 9.6962713599204999 575.75772962719202 13.701684504747389 9.2045060172677022 1884.4921412356198 1.6264242772012938 448.98187040165067 20.648727864027023 774.77075097709894 382.23656046390533 2990.6802146993577 2.3027921281754962 60.753723196685314 92.508906498551369 103.74266637861729 2336.5217250660062 9575.3305518329144 4565.8453640155494 21.074535399675369 8.0200816765427572 885.53097447752953 51.833560340106487
leaf_count=3168 12583 3994 315 6314 18180 1711 20930 43 105 6266 196 79 12064 23 4436 139 5385 2048 20495 36 359 549 615 14956 58701 27465 122 47 9167 970
internal_value=9.61634e-05 -0.00658143 0.000850696 0.000954499 -0.000705997 -0.00442894 -0.00350595 -0.000952535 -0.00572427 -0.00595113 -0.00857973 -0.00152684 0.0017776 -0.0179619 -0.00665492 0.0317856 0.00169152 0.00533231 0.000488262 -0.0178775 0.001839 -0.00992697 0.0019365 -3.45027e-06 0.00251017 0.00430708 0.0201011 0.0268197 -0.00501773 -0.0192596
internal_weight=31303.4 3178.02 28125.4 27971 9270.04 2669.36 4276.13 2322.25 2361.02 2351.33 1474.99 876.335 18701 154.337 458.186 27.7364 4993.91 1228.46 3765.45 508.656 18648.3 153.263 18495 4221.01 14274 4698.68 132.837 111.763 899.233 152.71
internal_count=231461 38573 192888 188727 73534 25954 39292 21112 24243 24138 15629 8509 115193 4161 4515 182 34242 8362 25880 12619 114878 908 113970 27020 86950 28249 784 662 9363 4138
cat_boundaries=0 1 2 3 4 5 6 7
cat_threshold=10966624 11765072 9486583 1344130 1786724 8451974 10688004
is_linear=0
shrinkage=0.04


Tree=66
num_leaves=31
num_cat=7
split_feature=0 27 27 4 4 18 23 19 19 17 22 4 19 0 4 30 19 20 19 0 21 3 4 20 27 1 0 28 19 4
split_gain=86.5757 52.1297 32.9564 25.7951 22.382 20.7311 18.1568 18.1336 15.9825 15.1111 14.2186 16.4497 28.0428 14.2137 13.7611 13.558 12.8892 12.828 12.929 12.8204 18.1385 13.6232 12.3443 11.9339 13.1709 11.9196 11.1717 37.696 17.9461 16.3954
threshold=5.5000000000000009 -0.27166666666666622 -1.9508333333333332 -0.039166666666666565 0.068333333333333815 0.29166666666666669 1.5000000000000002 0 1 1.0000000180025095e-35 -7.1933333333333334 -0.025000000000000796 2 2.5000000000000004 0.012249999999999874 3 4 47.145000000000003 5 1.5000000000000002 21.070000000000004 6.6050000000000013 -0.043333333333333439 35.655000000000008 1.9826666666666666 28.265000000000004 1.5000000000000002 2.5000000000000004 6 0.0081666666666668792
decision_type=2 2 2 2 2 8 2 1 1 10 2 2 1 2 2 1 1 2 1 2 2 2 2 2 2 2 2 2 1 2
left_child=2 9 6 -3 10 8 -1 -6 -5 -2 11 12 19 -13 -11 -14 -15 18 -7 21 -21 -4 -8 -10 -25 -23 27 28 -12 -28
right_child=1 3 4 5 7 17 22 -9 23 14 26 13 15 16 -16 -17 -18 -19 -20 20 -22 25 -24 24 -26 -27 29 -29 -30 -31
leaf_value=0.090931956301321892 -0.021526262708240502 0.0052430601271657483 0.058810278691960233 -0.014125386118648442 -0.014829685205225492 -0.0038064090156199673 0.0062632932474119152 -0.0022340913620879591 0.0029385490970349317 -0.004593766383885165 7.5193068309040041e-06 0.00074603975913243995 0.0070072996982823302 -0.0066669333283457411 -0.018216310798710406 -0.0034300981797962303 -0.0011796017169003544 -0.00564215087259311 0.011439769828436119 0.016401025824819785 -0.00033913344714086294 0.015263529848059159 -0.018066825910643642 -0.0097669409528444179 0.015884183707563688 -0.0090511588642312995 0.0029849914423761802 0.0035283520105321028 -0.0073550500278869837 0.00033848135164951497
leaf_weight=2.6413932405412188 340.31229654327035 449.60280002653599 5.9655028358101836 483.04313222318888 210.28313297405839 145.80062837153673 39.16635069809854 1152.092532094568 228.50571601837873 272.71863713487983 968.07813442498446 1867.4292661771178 241.44021324068308 1292.7192206289619 210.01444126665592 954.12457722984254 1476.4372272528708 315.93348311632872 211.07283236086369 389.21981214359403 141.10851185396314 43.65038375556469 225.28054339066148 478.79991715028882 34.323265731334686 123.60547994077206 9749.0537483468652 2046.0931949391961 1174.58356551826 6081.9112817496061
leaf_count=28 9064 3619 42 4870 1673 1358 814 8755 2547 4567 6938 12535 1692 11345 4076 6811 12796 2230 1863 2834 958 299 5258 4308 187 847 57549 13168 8786 40059
internal_value=-0.000141862 -0.00640907 0.00056305 -0.0033716 0.000696835 -0.00541283 -0.0134211 -0.00430348 -0.0085118 -0.015071 0.000953367 -0.000666558 0.00246902 -0.00195087 -0.0105203 -0.00128166 -0.00376958 0.000228055 0.00542484 0.0087367 0.0119468 -0.000587 -0.0144634 -0.00460299 -0.00805111 -0.00270552 0.00148221 -0.000354755 -0.00406285 0.00196826
internal_weight=31355 3170.13 28184.9 2347.08 27917.8 1897.48 267.088 1362.38 1224.67 823.045 26555.4 6535.7 1899.11 4636.59 482.733 1195.56 2769.16 672.807 356.873 703.55 530.328 173.221 264.447 741.629 513.123 167.256 20019.7 4188.75 2142.66 15831
internal_count=231876 38689 193187 20982 187087 17363 6100 10428 11912 17707 176659 50159 13483 36676 8643 8503 24141 5451 3221 4980 3792 1188 6072 7042 4495 1146 126500 28892 15724 97608
cat_boundaries=0 1 2 3 4 5 6 7
cat_threshold=9113744 14882576 7803056 66 12745368 10951488 8988191
is_linear=0
shrinkage=0.04


Tree=67
num_leaves=31
num_cat=1
split_feature=27 5 14 7 14 21 27 3 27 22 13 6 22 1 14 22 7 3 30 14 22 27 4 6 7 4 9 1 27 6
split_gain=66.9554 36.8444 23.8289 18.2682 16.2158 13.351 13.0968 12.3871 10.0372 9.5006 12.3696 12.8317 10.2208 9.46756 15.0648 12.5015 11.0861 9.41175 9.21881 8.49492 9.00907 10.6384 8.45399 8.30249 8.52286 8.54464 9.52305 8.25995 10.1238 8.25564
threshold=-1.8600000000000003 5.5000000000000009 -0.049999999999999954 -2.7883333333333318 -0.051388888888888908 36.82500000000001 -2.7274999999999991 6.8150000000000004 0.22 -33.795833333333327 0.10555555555555557 37.525000000000006 -7.1933333333333334 33.685000000000009 0.36134259259259266 32.372500000000009 -1.0881666666666658 6.5550000000000006 0 0.16679894179894186 -9.1425000000000001 -0.02500000000000013 -0.043333333333333439 58.860000000000007 20.095833333333335 -0.07499999999999972 28.500000000000004 31.265000000000004 -1.0900000000000003 31.040000000000003
decision_type=2 2 10 2 8 2 2 2 2 2 8 2 2 2 10 2 2 2 1 10 2 2 2 2 2 2 2 2 2 2
left_child=5 3 27 4 -2 6 -1 8 19 10 -5 -12 23 -9 15 16 -15 -14 -18 -4 -21 -22 -8 -11 -25 -26 -27 28 -3 -17
right_child=1 2 7 9 -6 -7 22 13 -10 12 11 -13 17 14 -16 29 18 -19 -20 20 21 -23 -24 24 25 26 -28 -29 -30 -31
leaf_value=-0.026764678933638805 -0.0032933012963098558 -0.025431144205253255 -0.0060349195467732583 0.053568959091597118 0.0003673033274869098 0.033534155075956668 0.0043108111716856088 -0.005549510856314872 0.0082133209905338976 -0.00062810988901197413 -0.0041255015449594571 0.020101622915886141 -0.015232996364011897 -0.006603012000758534 0.028521618900302598 0.058916176476579221 0.011631715800096401 0.0019126464912350984 -0.0013227803959144535 -0.030031945027463935 0.056809814569222412 0.00069848372462913357 -0.014686631599529994 0.045372299820192301 0.053360434889564143 0.033526085255950959 -0.0066502642893846589 -0.0052103570316180039 -0.0093488304802431272 0.007045521542201099
leaf_weight=137.77990828827024 2846.3218634426594 72.012062413617969 178.80333406105638 10.371861610561607 6055.364188130945 8.6661982890218479 44.250903325155377 888.26508543640375 355.22576059401035 4163.3152464702725 68.216598279774189 71.788834992796183 51.415710013359785 348.36076782271266 29.53560596331954 9.0455581098794955 126.01039052754641 13815.870837977156 248.60570129752159 5.0339433103799847 11.058922972530132 10.57678516954183 244.91855515725911 11.080202776938675 5.8006229661405078 12.143741823732851 42.392029009759426 884.01447805762291 480.57649005576968 10.736535042524336
leaf_count=5439 23248 1040 1600 98 40036 106 921 6448 2154 33650 547 553 334 2588 173 56 924 90303 1819 51 89 80 5425 90 40 97 332 8565 4312 63
internal_value=-4.53643e-05 0.000174795 -0.00359389 0.000682466 -0.000803178 -0.0156177 -0.0166153 -0.00099752 0.00414302 0.00140701 0.0114196 0.00829714 0.00132384 -0.00273326 0.000505899 -0.000608139 -0.00146654 0.00184908 0.00330994 -0.00289381 0.0181654 0.0293794 -0.0117795 -0.00039614 0.0131268 0.00720523 0.002296 -0.00760837 -0.0114446 0.0307639
internal_weight=31247.6 30811.9 3657.86 27154.1 8901.69 435.616 426.949 2221.26 560.699 18252.4 150.377 140.005 18102 1660.56 772.295 742.759 722.977 13867.3 374.616 205.473 26.6697 21.6357 289.169 4234.73 71.4166 60.3364 54.5358 1436.6 552.589 19.7821
internal_count=231181 219290 29962 189328 63284 11891 11785 16045 3974 126044 1198 1100 124846 12071 5623 5450 5331 90637 2743 1820 220 169 6346 34209 559 469 429 13917 5352 119
cat_boundaries=0 1
cat_threshold=74
is_linear=0
shrinkage=0.04


Tree=68
num_leaves=31
num_cat=1
split_feature=27 22 4 22 16 7 20 13 28 7 27 16 26 20 28 29 12 3 12 26 13 29 27 30 13 6 9 27 20 14
split_gain=62.9506 30.1455 30.4392 16.655 16.0159 16.8696 15.906 14.6071 14.4325 17.7026 13.3961 13.2804 12.8006 14.1232 12.6311 12.5869 12.5791 12.6314 12.0376 11.8591 16.5215 13.5153 10.9544 17.2863 11.8408 11.1715 14.2193 16.6923 10.6483 14.4021
threshold=-2.4324999999999988 -3.7850000000000015 0.048333333333333346 10.499166666666667 0.55000000000000016 -6.9833333333333316 47.465000000000011 0.31666666666666671 3.5000000000000004 -4.6333333333333302 -0.62333333333333318 0.90000000000000013 6.8150000000000004 49.555000000000007 4.5000000000000009 6.6250000000000009 3.6125000000000003 6.7650000000000006 4.1055555555555561 6.455000000000001 0.68333333333333346 5.9150000000000009 0.77999999999999969 0 0.31666666666666671 53.760000000000012 41.500000000000007 1.0966666666666665 34.320000000000007 0.27585978835978847
decision_type=2 2 2 2 8 2 2 8 2 2 2 10 2 2 2 2 8 2 8 2 10 2 2 1 10 2 2 2 2 8
left_child=3 2 8 14 5 -3 19 15 10 -10 18 -9 -11 16 -1 -8 17 -14 -2 -6 21 -21 24 -24 -7 28 -27 -28 29 -25
right_child=1 4 -4 -5 6 22 7 11 9 12 -12 -13 13 -15 -16 -17 -18 -19 -20 20 -22 -23 23 25 -26 26 27 -29 -30 -31
leaf_value=0.074472243824324796 0.071088619491465721 -0.0030400110917284491 -0.0077168815014303409 0.061260018166799844 0.0032079087384375726 0.0011444244376911442 -0.0040979117441672808 -0.0010898204457739013 -0.0061620580901620989 -0.0011591537424179173 0.0010894121640949953 0.0078082048031539531 0.050789853653555532 -0.0023975728866505665 -0.02517844386628703 0.044489843523158761 0.072636938396677564 -0.0013743306968002265 0.00075501391042674627 0.039270561582612822 -0.00024718463083170031 0.011625138278627547 0.0054787866602772671 0.0059053920057582764 -0.0019968990872834083 -0.00043691349122299727 0.083816944348739167 0.015107133400453202 -0.0013908488297206115 0.064786320389151636
leaf_weight=2.0569591149687758 8.3266316950321162 2177.5541381537914 1185.1451301202178 3.7253949102014294 3495.6427933610976 5069.3986336328089 13.970341734588144 2454.224261905998 1317.0315092764795 4235.9353958126158 3149.8539338037372 301.32666213810444 12.369371835142376 37.645605001598597 192.16605468280613 21.908839270472527 9.2457874715328199 18.588969875127077 7.3128994591534147 30.437531627714634 203.63815875723958 401.83347832411528 1741.5796776041389 231.47082440555096 3090.2006980031729 29.676052078604698 9.0597257837653178 15.062908984720705 1836.9083483442664 6.8430684357881537
leaf_count=52 62 15099 11914 39 22804 37528 82 14514 12702 39209 20273 1773 87 277 7125 132 72 142 57 178 1221 2449 10131 1338 21161 171 52 82 10754 40
internal_value=-3.04357e-05 0.000112628 -0.00169899 -0.0225162 0.000968375 0.000199667 0.00254596 0.000213377 -0.000888187 -0.00210302 0.00127277 -0.000116798 -0.000863762 0.015209 -0.0241231 0.0255711 0.0316952 0.0194678 0.0382013 0.00412195 0.00914648 0.0135717 0.000786072 0.00253859 -4.52565e-05 0.000107223 0.0181036 0.0409124 -0.000358804 0.00759613
internal_weight=31310.1 31112.2 9981.46 197.948 21130.7 14207.8 6922.98 2791.43 8796.31 5630.82 3165.49 2755.55 4313.79 77.8497 194.223 35.8792 40.2041 30.9583 15.6395 4131.55 635.909 432.271 12030.2 3870.6 8159.6 2129.02 53.7987 24.1226 2075.22 238.314
internal_count=231520 224304 84795 7216 139509 96356 43153 16501 72881 52489 20392 16287 39787 578 7177 214 301 229 119 26652 3848 2627 81257 22568 58689 12437 305 134 12132 1378
cat_boundaries=0 1
cat_threshold=184
is_linear=0
shrinkage=0.04


Tree=69
num_leaves=31
num_cat=0
split_feature=0 15 15 0 20 7 29 5 5 0 28 22 7 0 29 20 18 0 22 1 9 5 6 31 20 3 5 3 23 20
split_gain=77.9004 51.7463 27.4746 32.9804 19.1871 17.2504 16.584 15.7603 15.485 30.9297 26.4934 16.3205 15.5973 15.5606 17.2504 29.3888 14.5261 17.2517 15.6727 13.8888 13.473 13.4111 17.9678 12.8039 13.6484 12.6837 12.4046 12.3417 12.2066 11.8527
threshold=5.5000000000000009 3.5000000000000004 4.5000000000000009 4.5000000000000009 5.8050000000000006 9.7800000000000011 1.7850000000000004 2.5000000000000004 4.5000000000000009 1.5000000000000002 2.5000000000000004 8.6908333333333321 -15.509166666666667 2.5000000000000004 4.7750000000000012 12.295000000000002 0.29166666666666669 1.5000000000000002 -5.3499999999999988 21.545000000000005 24.500000000000004 2.5000000000000004 72.315000000000012 1.5000000000000002 29.615000000000006 6.6050000000000013 1.5000000000000002 6.8950000000000005 4.5000000000000009 33.805000000000007
decision_type=2 10 10 2 2 2 2 2 2 2 2 2 2 2 2 2 10 2 2 2 2 2 2 2 2 2 2 2 2 2
left_child=2 5 8 4 -4 7 25 -2 9 10 -1 12 -11 -10 -15 -16 17 19 -19 29 -7 22 -14 24 -13 -3 -8 -5 -23 -6
right_child=1 6 3 27 16 20 26 -9 13 11 -12 23 21 14 15 -17 -18 18 -20 -21 -22 28 -24 -25 -26 -27 -28 -29 -30 -31
leaf_value=-0.0047149722870043669 0.00075261316286236895 0.090873421714760205 -0.018197286980897211 -0.0061984926273217023 0.026985278879471521 0.04949300606448314 -8.1971784084442263e-05 -0.0067051658218451448 0.0021808332615741071 -0.009137757475266458 0.0019725171121855309 0.021952385214775886 0.0032993253443070808 -0.0064584233818084282 0.088118825058200734 -0.00061963075761115375 0.0082726658547079453 -0.0053433409390819635 0.00023210732349481842 0.0022067410368604361 0.0054897410813514562 0.0017781070383765714 0.050034284090150559 0.0033499947492256063 0.0067581866609983743 -0.026313246340776707 -0.013416433875630631 -0.016905435196514284 -0.0029883579364267322 -0.0043246559374603422
leaf_weight=1917.714843891561 739.28932466357946 1.4914041962474573 97.546013122424483 616.25154540129006 69.100918725132942 11.722079150378702 132.58539330773056 1172.3423169143498 1996.4271512851119 211.94052972085774 1874.1214675568044 103.5344300493598 4077.7808253727853 1077.4865430109203 5.9856978990137568 2505.3682932071388 297.78315812349319 1463.4216423071921 1797.55242568627 893.75969352573156 221.559874933213 2526.8764408007264 13.204937167465685 3945.5132664777339 1094.9457118287683 161.76711816340685 705.98537892475724 239.07872927002609 1302.9022071119398 26.866594560444355
leaf_count=14191 6568 35 1954 8232 482 137 1811 11796 12248 1415 12063 657 25910 9302 62 16903 1979 12586 12188 6188 1855 16266 76 21402 5829 5287 11046 3344 9545 182
internal_value=-0.000104591 -0.00607347 0.000562516 -0.00197309 -0.000644234 -0.00256788 -0.0135789 -0.003821 0.00117828 0.00177651 -0.00140967 0.00268648 0.00157112 -0.000649913 -0.00222462 -0.000408127 -0.000267795 -0.000866097 -0.00226998 0.00375943 0.00770084 0.00185767 0.00345018 0.00444987 0.00807078 -0.0252427 -0.0113081 -0.00919126 0.000156541 0.0182199
internal_weight=31301.9 3146.74 28155.2 5501.36 4646.03 2144.91 1001.83 1911.63 22653.8 17068.5 3791.84 13276.7 8132.7 5585.27 3588.84 2511.35 4548.48 4250.7 3260.97 989.727 233.282 7920.76 4090.99 5143.99 1198.48 163.259 838.571 855.33 3829.78 95.9675
internal_count=231539 38535 193004 47135 35559 20356 18179 18364 145869 107354 26254 81100 53212 38515 26267 16965 33605 31626 24774 6852 1992 51797 25986 27888 6486 5322 12857 11576 25811 664
is_linear=0
shrinkage=0.04


Tree=70
num_leaves=31
num_cat=7
split_feature=0 15 26 4 19 13 28 19 12 19 18 19 20 19 30 11 8 6 0 9 20 15 5 2 1 6 1 1 19 4
split_gain=77.5497 58.8067 23.5608 22.3195 31.5136 18.8153 17.7032 17.5366 15.7346 15.4691 13.9927 14.7632 13.6725 13.2491 15.2692 12.6192 12.5766 17.3601 11.98 18.8555 26.7011 11.3441 10.9912 10.5325 10.2804 10.2031 24.7008 16.9949 10.1392 10.4963
threshold=4.5000000000000009 4.5000000000000009 1.7950000000000002 0.0081666666666668792 0 0.10555555555555557 1.5000000000000002 1 4.1055555555555561 2 1.0000000180025095e-35 3 4.7900000000000009 4 5 11.500000000000002 4.5000000000000009 31.115000000000006 1.5000000000000002 35.500000000000007 10.360000000000001 1.5000000000000002 5.5000000000000009 1500.0000000000002 34.445000000000007 39.505000000000003 31.195000000000004 38.135000000000012 6 -0.048333333333332444
decision_type=2 10 2 2 1 10 2 1 10 1 8 1 2 1 1 2 2 2 2 2 2 10 2 2 2 2 2 2 1 2
left_child=8 3 -3 5 -5 9 -6 -4 -1 -2 -7 21 28 14 15 -14 17 -11 19 24 -21 23 -9 -12 -15 -19 -27 -28 29 -10
right_child=1 2 7 4 6 10 -8 22 12 16 11 -13 13 18 -16 -17 -18 25 -20 20 -22 -23 -24 -25 -26 26 27 -29 -30 -31
leaf_value=0.0014236918330115581 -0.0023021426746462933 -0.030681836806009832 -0.014606322158983163 0.0013172494697865427 -0.0010762145622890576 -0.0049705366929229831 -0.010472410036840792 -0.0029570276311268661 0.073330703150742707 0.076950326430846885 0.032276577772126593 0.003798726896219652 -0.0061503632574050841 -0.00077935400823386184 0.0036554559321450471 0.049851934309246282 0.00035989354770821848 0.010295960225783074 -0.005557676084762043 0.086462630288988901 0.0065505910335882309 -0.0069197912097940994 -0.015298553425534621 0.00069668975312038724 -0.024459628025483984 -0.014630207242336048 0.11942132082010552 0.019908421071201606 -0.022560022055540713 -0.0014411903371085461
leaf_weight=20632.660496052355 60.329679919406772 90.518277542665601 610.94259428977966 907.29196803830564 435.19637306779623 783.68369013257325 1220.7695319987833 603.83059571124613 3.4141874685883549 13.384551407769321 17.617304317653179 1390.9884860981256 406.91231422871351 71.954281393438578 1240.587012425065 6.5413387194275847 20.280476309359074 28.430885851383209 1242.7465548142791 6.8730216547846785 251.18555831164122 487.3650281149894 142.75476386398077 413.7059164904058 49.52054551243782 6.4043703489005592 7.4841153398156148 4.3371371813118458 70.362725047394633 24.994647888466716
leaf_count=127274 754 4520 8853 8503 2828 7435 13785 8394 57 174 125 11116 3146 537 9304 52 286 363 9923 55 1674 4405 2244 2913 374 87 88 64 1450 485
internal_value=-8.50805e-05 -0.00371211 -0.0109226 -0.00191107 -0.00469889 0.000298546 -0.007955 -0.00960509 0.00100952 0.0146068 -0.000352034 0.00121504 -0.00152238 -0.00108034 0.00143921 -0.00514002 0.0245388 0.0367928 -0.00363568 0.00256194 0.00867893 -0.00270878 -0.00524658 0.00198656 -0.0104329 0.0252727 0.0486354 0.0829107 -0.0161852 0.00558056
internal_weight=31253.1 7245.32 1448.05 5797.27 2563.26 3234.01 1655.97 1357.53 24007.8 140.651 3093.36 2309.68 3375.09 3276.32 1654.04 413.454 80.3215 60.0411 1622.28 379.533 258.059 918.688 746.585 431.323 121.475 46.6565 18.2256 11.8213 98.7716 28.4088
internal_count=231268 76937 24011 52926 25116 27810 16613 19491 154331 1816 25994 18559 27057 25065 12502 3198 1062 776 12563 2640 1729 7443 10638 3038 911 602 239 152 1992 542
cat_boundaries=0 1 2 3 4 5 6 7
cat_threshold=5251103 10653513 2212774 12997639 15806821 40 13116160
is_linear=0
shrinkage=0.04


Tree=71
num_leaves=31
num_cat=5
split_feature=27 16 5 19 20 28 4 19 20 8 19 19 27 27 22 1 1 9 7 19 23 22 1 27 22 20 29 17 4 9
split_gain=54.72 32.1911 27.1153 24.0942 19.2924 14.5752 22.0285 17.2356 16.1304 14.0908 17.4575 14.0904 15.7345 13.8567 13.1538 12.6369 14.5628 12.4854 12.0662 11.2909 13.1102 11.9932 12.3646 11.4127 11.8976 10.949 11.16 13.91 10.8833 14.5508
threshold=-2.4324999999999988 0.55000000000000016 5.5000000000000009 0 36.905000000000008 3.5000000000000004 -0.044999999999999478 1 26.340000000000003 5.5000000000000009 2 3 0.77999999999999969 -0.37499999999999972 20.697500000000005 21.545000000000005 19.265000000000004 48.500000000000007 -1.2133333333333363 4 2.5000000000000004 -38.267499999999991 35.445000000000007 1.8800000000000006 -0.33166666666666872 35.495000000000005 4.8150000000000004 0.10555555555555557 0.083333333333333495 42.500000000000007
decision_type=2 8 2 1 2 2 2 1 2 2 1 1 2 2 2 2 2 2 2 1 2 2 2 2 2 2 2 10 2 2
left_child=14 2 5 4 25 8 7 15 11 13 -11 12 -2 -10 -1 16 -7 -6 -19 -3 -21 22 -22 -23 -25 26 -4 -28 -15 -30
right_child=1 19 3 -5 17 6 -8 -9 9 10 -12 -13 -14 28 -16 -17 -18 18 -20 20 21 23 -24 24 -26 -27 27 -29 29 -31
leaf_value=-0.022037916981040417 0.0094395818273360563 0.0040122536920920975 -0.0069800913970584312 -0.006788933130533116 0.0045752672788091069 0.018606945354979348 -0.002102931064502989 0.00042578590864428869 0.026677474123390579 0.0023153878707973326 -0.0067694892754614358 0.0017968561344363484 0.037500295771796414 0.00091999744320436685 0.10433495628454215 0.0080162973636454787 0.075003366057195028 0.0073573315830806462 0.038971163233286983 0.0030822311337453572 0.0060176269686288229 -0.0015884734842990145 0.067060310931792308 -0.0020616820273662317 0.032581378107595031 -0.025318592465046683 0.012181152041897918 -0.007772235098906408 0.0021135638954645555 0.049661692235042125
leaf_weight=189.79867435432971 356.45842324197292 3715.3774354476482 302.32234461419284 1866.7536681238562 254.92070035263896 33.388722717761993 7180.2603658363223 956.59017068706453 33.822482954710722 555.81239957362413 847.45980477333069 579.41747731715441 35.122836768627167 8355.6428394839168 1.3270603716373433 369.76160469464958 9.3851206488907319 39.218081962317228 38.066239103674889 2697.3155123330653 14.909815896302463 2498.744154587388 8.2452806755900365 31.134197756648064 32.334629237651825 33.900779895484447 147.28408957645297 90.094856422394514 25.770299129188061 17.15131901204586
leaf_count=7322 2383 24007 3234 16366 1789 270 63716 7625 251 3511 5343 3775 202 51477 13 2967 75 280 260 16296 106 17531 62 173 176 257 1300 746 168 113
internal_value=0.000177068 0.000308086 -0.000512188 -0.00421181 0.00116143 1.77468e-05 -0.00121631 0.00343347 0.000994039 0.000508477 -0.00320286 0.0059125 0.0116587 0.0011261 -0.0211605 0.0101513 0.030981 0.00884501 0.0229287 0.00232536 0.00112921 -0.000904018 0.0277543 -0.00116301 0.0155875 -0.0032683 -0.00188324 0.00460804 0.0010232 0.0211136
internal_weight=31317.8 31126.7 22128.6 2772.56 905.807 19356 8549.39 1369.13 10806.7 9835.66 1403.27 970.999 391.581 8432.39 191.126 412.535 42.7738 332.205 77.2843 8998.06 5282.68 2585.37 23.1551 2562.21 63.4688 573.602 539.701 237.379 8398.56 42.9216
internal_count=231794 224459 166108 24232 7866 141876 74653 10937 67223 60863 8854 6360 2585 52009 7335 3312 345 2329 540 58351 34344 18048 168 17880 349 5537 5280 2046 51758 281
cat_boundaries=0 1 2 3 4 5
cat_threshold=1187949 11999616 5419527 2570764 2136790
is_linear=0
shrinkage=0.04


Tree=72
num_leaves=31
num_cat=9
split_feature=0 15 27 8 22 11 27 19 16 28 19 19 19 4 27 19 30 13 29 9 0 12 4 19 19 0 27 19 27 3
split_gain=69.9204 45.7751 23.3567 22.9991 17.8939 17.8755 16.1689 15.9513 17.1749 14.8741 14.7502 13.4849 12.9054 12.3972 11.9943 11.8478 14.7238 12.4528 22.2137 11.7841 11.691 22.5489 18.424 17.1665 17.0665 16.8388 23.5499 18.1645 15.2825 15.5627
threshold=5.5000000000000009 3.5000000000000004 -2.2891666666666661 4.5000000000000009 -3.6116666666666695 7.5000000000000009 -0.9199999999999996 0 0.77500000000000013 4.5000000000000009 1 2 3 -0.025000000000000796 0.83333333333333337 4 5 0.23611111111111113 6.955000000000001 27.500000000000004 3.5000000000000004 3.5634920634920637 0.013333333333334087 6 7 1.5000000000000002 1.2636666666666667 8 -0.67500000000000038 7.0050000000000008
decision_type=2 10 2 2 2 2 2 1 10 2 1 1 1 2 2 1 1 10 2 2 2 8 2 1 1 2 2 1 2 2
left_child=2 5 9 20 12 7 -5 -2 -9 -1 -7 -8 -3 -13 -15 16 17 18 -6 -12 25 -22 23 -23 -24 26 28 -27 -4 -30
right_child=1 4 3 6 15 10 11 8 -10 -11 19 13 -14 14 -16 -17 -18 -19 -20 -21 21 22 24 -25 -26 27 -28 -29 29 -31
leaf_value=0.1047518562542073 0.0060576580079198371 -0.010269567552696882 0.0077347043266851427 -0.0069405817082941173 0.020196494276881076 -0.0011992769938230822 0.0014495535503264946 -0.0058355238818771984 0.0084621885509897285 -0.01692757764071218 0.0045101601227659788 0.0015758536321604372 -0.024718421581798808 -0.0046996606088295333 0.00067452905991477127 -0.013255976969392019 -0.0070053552994664052 -0.004135126196898352 0.11814452620067017 -0.015164250999954674 0.0017995297805002977 0.0076709964433613375 -0.014319397675673121 -0.0027049042497888092 -0.0031009716564334151 0.00479201629916401 -0.0076426180685585134 0.0012336032611688509 -0.00056178954401140183 0.013349923189250497
leaf_weight=1.6259337589144696 492.70987288653851 248.98692532256246 490.10581145435572 685.49204520136118 35.443722704425454 375.3789946846664 3206.5466722510755 670.53023285791278 168.13170932605863 140.8008939307183 56.30452055670321 1178.0594887137413 248.54207126796246 2385.6992784291506 920.96076183766127 245.01346477307379 165.55921654216945 28.807058822363615 4.1370822153985491 361.10447503998876 4207.8289722017944 329.88511732406914 347.86988225765526 1013.056157220155 599.66054997220635 4740.6043224185705 561.56391304731369 4486.7525521554053 2736.5380794033408 135.00759713351727
leaf_count=30 4398 5871 3520 7419 485 3781 20990 6442 1162 4216 666 7336 5932 16849 5172 3286 2129 365 41 3810 29231 2919 3633 9071 6084 27114 4307 26133 18257 868
internal_value=-8.74901e-06 -0.00570985 0.00061881 0.000700922 -0.012878 -0.0024146 -0.00105404 0.000416947 -0.00293419 -0.0155385 -0.00716978 -0.0005294 -0.0181908 -0.00194324 -0.00320286 -0.0073593 -0.00059178 0.0138477 0.0304343 -0.0122177 0.0014491 6.11053e-05 -0.00313256 -0.00011915 -0.00740348 0.00213498 -6.01579e-05 0.00306829 0.00120649 9.22787e-05
internal_weight=31268.7 3100.65 28168.1 28025.6 976.49 2124.16 8376.76 1331.37 838.662 142.427 792.788 7691.27 497.529 4484.72 3306.66 478.961 233.947 68.3879 39.5808 417.409 19648.9 6498.3 2290.47 1342.94 947.53 13150.6 3923.22 9227.36 3361.65 2871.55
internal_count=231517 38368 193149 188903 18109 20259 57766 12002 7604 4246 8257 50347 11803 29357 22021 6306 3020 891 526 4476 131137 50938 21707 11990 9717 80199 26952 53247 22645 19125
cat_boundaries=0 1 2 3 4 5 6 7 8 9
cat_threshold=4249925 1094207 11838337 4645299 9195710 98 2630659 13338144 11754432
is_linear=0
shrinkage=0.04


Tree=73
num_leaves=31
num_cat=5
split_feature=0 27 26 19 22 12 19 22 19 7 9 14 12 0 14 29 27 12 7 19 11 8 26 6 19 0 27 7 12 29
split_gain=58.6758 55.406 31.693 19.5695 18.1609 16.3058 15.9481 15.9362 15.4988 14.4194 13.3482 15.4638 13.2531 16.403 13.8287 11.8137 16.0588 11.8133 12.1044 11.4674 11.3745 11.3736 11.3255 13.2383 11.2389 16.9359 23.317 16.1293 14.3523 14.1573
threshold=4.5000000000000009 0.45833333333333331 2.0150000000000001 0 -7.1933333333333334 3.1180555555555558 1 -19.840833333333325 2 -13.129166666666663 21.500000000000004 0.16114417989417995 3.3541666666666674 2.5000000000000004 -0.3738425925925925 1.0000000180025095e-35 0.33000000000000057 4.3166666666666673 -6.8600000000000003 3 7.5000000000000009 3.5000000000000004 4.9050000000000011 16.440000000000005 4 1.5000000000000002 -0.061666666666666085 8.9316666666666684 1.788888888888889 7.455000000000001
decision_type=2 2 2 1 2 8 1 2 1 2 2 10 8 2 8 2 2 8 2 1 2 2 2 2 1 2 2 2 8 2
left_child=4 2 -2 10 12 8 -7 -5 -3 -6 11 -4 -1 19 -15 16 -16 18 -18 22 -10 -12 -14 -24 27 26 -26 -11 -29 -27
right_child=1 5 3 7 9 6 -8 -9 20 24 21 -13 13 14 15 -17 17 -19 -20 -21 -22 -23 23 -25 25 29 -28 28 -30 -31
leaf_value=0.0015319355601741552 -0.026684151403242956 -0.0019329003538017372 0.012412606291765159 -0.018113648642836728 -0.0036332576792862327 0.0018371347544622347 -0.0077344630363178788 -0.0071802055763900844 0.0078923105007712418 7.4210180296671374e-05 -0.00053239822652766794 0.11395136893635195 0.007396209335019042 -0.034805114419109565 -0.0027578186698780502 -0.0063549916432033603 -0.028855224650109569 0.0538658880235258 0.017350432638082211 -0.0022018313535694771 0.00022209830840158395 -0.0067054110082221579 0.028020658886387689 -0.0067981042786975929 0.0069858182554762118 0.0032600247256636141 -0.0025866114935301776 -0.033064480770571787 0.0063859480884076178 0.010399242329786649
leaf_weight=2204.8656427003443 118.16179419867694 717.92142656445503 47.770497178658843 244.77753996662796 800.28687523677945 533.85543223470449 569.95076455175877 1658.6383673585951 924.17053887993097 6901.0312701109797 1042.3986493628472 2.5267217382788649 516.68414494395256 24.650586610659957 319.54620205052197 1429.3700680602342 10.57070232182741 11.803433716297148 63.9551837220788 1173.9778813458979 464.98038040101528 881.30593839846551 19.229603104293346 191.07876385748386 537.40569956228137 6734.4299109391868 1679.7096436470747 15.001967899501322 896.21226430684328 475.82721374183893
leaf_count=14070 5824 4706 952 4002 4941 3802 4240 20936 5821 42084 12458 32 3866 341 3102 13163 62 71 365 8468 3124 11146 118 1157 3483 39143 11899 85 5282 2478
internal_value=3.25918e-05 -0.00313277 -0.0062769 -0.005655 0.00098283 0.000779737 -0.00315859 -0.00854136 0.00284286 0.00161551 -0.00281432 0.0175135 -0.000930359 -0.00237392 -0.00504459 -0.00464486 0.00137772 0.0166853 0.0107967 0.000239055 0.00528686 -0.00336044 0.00415385 -0.00361444 0.00185917 0.00278808 -0.000266354 0.00073371 0.00573645 0.00373116
internal_weight=31212.1 7206.46 3995.58 3877.42 24005.6 3210.88 1103.81 1903.42 2107.07 18039.9 1974 50.2972 5965.73 3760.87 1859.9 1835.25 405.876 86.3293 74.5259 1900.97 1389.15 1923.7 726.993 210.308 17239.6 9427.37 2217.12 7812.25 911.214 7210.26
internal_count=231221 77043 55350 49526 154178 21693 8042 24938 13651 109395 24588 984 44783 30713 17104 16763 3600 498 427 13609 8945 23604 5141 1275 104454 57003 15382 47451 5367 41621
cat_boundaries=0 1 2 3 4 5
cat_threshold=1863839 565751 10813610 14750512 6103071
is_linear=0
shrinkage=0.04


Tree=74
num_leaves=31
num_cat=7
split_feature=0 28 27 9 18 4 12 0 19 19 0 24 7 19 19 4 6 19 10 20 19 26 4 3 14 27 14 7 21 27
split_gain=55.6261 45.1594 25.4091 18.8331 19.1977 17.0302 16.0019 25.1248 21.3317 18.9651 16.3392 21.1179 16.709 19.7913 15.7946 15.345 15.1876 14.3138 14.0323 13.7604 13.4066 14.6865 12.8784 12.8097 12.7488 11.8119 11.3742 11.3667 11.1639 11.0681
threshold=5.5000000000000009 4.5000000000000009 -2.5758333333333323 63.500000000000007 0.29166666666666669 -0.008333333333333302 3.3166666666666669 3.5000000000000004 0 1 1.5000000000000002 2.5000000000000004 6.9591666666666692 2 3 0.013333333333334087 45.245000000000012 4 5 45.250000000000007 6 4.0950000000000006 0.043333333333333453 6.7550000000000008 0.30013227513227519 1.0283333333333338 0.14080687830687835 -8.7083333333333339 44.845000000000006 1.6791666666666665
decision_type=2 2 2 2 8 2 8 2 1 1 2 2 2 1 1 2 2 1 1 2 1 2 2 2 10 2 10 2 2 2
left_child=2 3 -1 4 16 24 10 9 18 -8 11 22 13 -12 19 -10 20 -13 -9 -14 25 -22 28 29 -3 -2 -20 -11 -4 -19
right_child=1 5 6 -5 -6 -7 7 8 15 27 12 17 14 -15 -16 -17 -18 23 26 -21 21 -23 -24 -25 -26 -27 -28 -29 -30 -31
leaf_value=-0.021026611174176701 -0.015865338934260481 -0.007056860161752083 -0.0022968035956921445 0.075253189731016218 0.0019853287098984206 -0.019468874875649952 0.0029221619631451157 0.0067424769208919277 -0.0028944468875098106 -0.0061339758361980447 -0.0016667822373823483 -0.0017265177744127302 0.014229649871730815 0.0025371019335896565 0.0024557253367316154 -0.0098403094745628424 0.007771857838022032 0.0010839600870948954 -0.0022327258763824558 0.0037367986280084581 0.030152443590558638 -0.0044014250385103378 0.011197704956538563 0.010650510609400914 0.093314597522250617 -0.0021089307838641634 0.013949556381269299 -0.00011243608529952387 -0.0093310518961493213 -0.03414569329974268
leaf_weight=87.069055140018463 362.32652714475989 250.92249655909836 917.3042441084981 4.962994471192359 875.93261171504855 406.06684970855713 3902.599982637912 379.89320739172399 1214.0228770337999 560.39267475157976 2363.7413851954043 591.07105103880167 480.83301504701376 7342.2444557361305 1160.6100565195084 876.18626432679594 127.97858142852783 166.37627132236958 1794.0124994963408 342.34389444440603 20.121461546048522 898.84798809885979 82.140818297863007 447.20672123879194 2.0412103161215773 137.87078365683556 72.297007717192173 4779.120825432241 595.25063028931618 15.606841586530207
leaf_count=3064 4342 5538 6400 52 7051 10188 25112 3372 10853 3803 14252 4152 2897 43624 6672 8983 1163 1159 16874 1808 312 8967 567 3080 26 922 497 31246 4515 125
internal_value=-1.02257e-05 -0.00510759 0.000548373 -0.00258709 -0.00274653 -0.0143937 0.000615264 -0.000371585 -0.0028835 0.000807009 0.0015391 -0.00119673 0.0021979 0.00151421 0.00554296 -0.00577841 -0.00542552 0.00276388 -0.000163186 0.00974746 -0.00661564 -0.00360561 -0.00422739 0.00690001 -0.00624694 -0.011837 -0.0015973 -0.000743017 -0.00506506 -0.00193733
internal_weight=31257.4 3087.07 28170.3 2428.04 2423.08 659.031 28083.3 13578.5 4336.41 9242.11 14504.7 2814.96 11689.8 9705.99 1983.79 2090.21 1547.15 1220.26 2246.2 823.177 1419.17 918.969 1594.7 629.19 252.964 500.197 1866.31 5339.51 1512.55 181.983
internal_count=231616 38561 193055 22809 22757 15752 189991 100740 40579 60161 89251 19998 69253 57876 11377 19836 15706 8516 20743 4705 14543 9279 11482 4364 5564 5264 17371 35049 10915 1284
cat_boundaries=0 1 2 3 4 5 6 7
cat_threshold=1616374 15009569 10285 9519199 6544272 9 15934480
is_linear=0
shrinkage=0.04


Tree=75
num_leaves=31
num_cat=9
split_feature=0 27 12 14 8 19 27 0 0 28 19 19 3 19 28 19 4 19 22 14 19 4 14 27 7 19 9 16 19 8
split_gain=56.8401 40.1578 19.9165 16.7021 24.8221 21.5482 14.3264 33.335 24.8323 17.8031 17.6359 17.1688 22.6323 16.916 16.1233 15.1221 14.3894 13.8393 14.0057 12.6914 12.6893 12.572 20.0925 12.3087 12.328 12.2098 12.0296 13.951 13.2811 13.1198
threshold=5.5000000000000009 -0.27166666666666622 5.3166666666666673 0.29917328042328045 2.5000000000000004 0 -0.008333333333333524 2.5000000000000004 1.5000000000000002 1.5000000000000002 1 2 6.7550000000000008 3 2.5000000000000004 4 0.070000000000000742 5 -1.4558333333333342 -0.28320105820105806 6 -0.056666666666666192 0.3264550264550265 -0.061666666666666085 4.8399999999999981 7 29.500000000000004 0.77500000000000013 8 3.5000000000000004
decision_type=2 2 10 8 2 1 2 2 2 2 1 1 2 1 2 1 2 1 2 10 1 2 10 2 2 1 2 10 1 2
left_child=2 17 6 4 5 -3 7 11 9 13 14 23 -13 -8 -9 -11 19 -2 -19 -12 -5 22 -22 24 -1 -6 28 29 -21 -28
right_child=1 3 -4 20 25 -7 8 10 -10 15 16 12 -14 -15 -16 -17 -18 18 -20 26 21 -23 -24 -25 -26 -27 27 -29 -30 -31
leaf_value=-0.0019573037728695146 -0.0073379954343584658 -0.01023101242242044 -0.014438243049835455 -0.0028561698953498593 -0.0022859263591764483 0.0056338635523591083 -0.00011864791448839693 0.053341172204808295 0.0020765631249645075 0.0054012483759852906 -0.012038096781244878 -0.0021834814914840498 0.0062219401915478856 -0.0095252476650117355 0.00059627262767331254 -0.0016202187190490786 -0.012898458185863404 -0.023806837902399364 -0.0058662905848605095 -0.0044222646281373828 0.08992553362115184 0.0076979391296551651 0.017349207237554686 -0.013816758442295449 0.006099119067111052 -0.010724626727440989 -0.0021028983886410492 0.0092084880270914046 0.0053703174769822847 -0.007685024798106445
leaf_weight=1337.0132130011916 400.09751255251467 171.82526922598481 141.57114000804722 177.09219111129642 462.71924222633243 549.49061534926295 545.09610126912594 9.3226138055324537 13856.807728663087 677.19116648286581 249.71635615453124 688.88020768016577 2002.2805747315288 705.65775392204523 1737.72048965469 1707.7102425172925 266.99264219589531 273.65995381213725 93.380106210708618 370.09885076805949 7.9685698226094237 169.32491553202271 26.073330037295818 111.86413004994392 393.29243114590645 741.96563636511564 1513.5962792597711 122.55027348548174 523.45693880319595 1213.9883425179869
leaf_count=9212 9047 1595 3354 1186 4475 4860 4191 63 78133 4317 2947 4502 13398 5654 15886 11357 2926 6968 1645 3751 52 1120 156 675 2617 7447 12912 927 5276 10975
internal_value=-3.63959e-05 -0.00520152 0.000527068 -0.00256467 -0.00407752 0.00179095 0.000602645 -0.000562235 0.00130459 -0.00163768 -0.0025163 0.00202723 0.00405526 -0.00550282 0.000872736 0.000389376 -0.00389892 -0.0131294 -0.0187322 -0.00330699 0.00509389 0.0115875 0.034338 -0.00095229 -0.000126107 -0.00759132 -0.00272459 -0.00399419 0.00132497 -0.00458738
internal_weight=31248.4 3073.6 28174.8 2306.46 1926 721.316 28033.2 10540.8 17492.5 3635.66 6007.44 4533.33 2691.16 1250.75 1747.04 2384.9 4260.4 767.138 367.04 3993.41 380.459 203.367 34.0419 1842.17 1730.31 1204.68 3743.69 2850.13 893.556 2727.58
internal_count=231624 38551 193073 20891 18377 6455 189719 86067 103652 25519 55663 30404 17900 9845 15949 15674 39714 17660 8613 36788 2514 1328 208 12504 11829 11922 33841 24814 9027 23887
cat_boundaries=0 1 2 3 4 5 6 7 8 9
cat_threshold=2239232 3244106 1941594 1650197 4194863 96695 11993825 289549 4854308
is_linear=0
shrinkage=0.04


Tree=76
num_leaves=31
num_cat=8
split_feature=0 15 7 12 19 19 26 20 0 28 4 26 19 9 19 19 19 22 30 6 3 13 20 7 3 13 4 9 19 9
split_gain=53.7811 32.6562 18.3333 17.3336 15.4503 15.2951 13.3712 13.1389 12.8189 31.2703 24.9535 18.6535 15.7184 13.7735 15.3325 13.606 13.5429 13.046 12.9181 12.3492 12.413 14.4918 15.2118 12.0764 18.0903 20.1961 12.7574 11.3939 12.8202 11.3616
threshold=5.5000000000000009 3.5000000000000004 -13.129166666666663 5.2361111111111116 0 1 1.4750000000000003 63.565000000000005 3.5000000000000004 2.5000000000000004 -0.05000000000000026 4.6450000000000005 2 34.500000000000007 3 4 5 18.101833333333335 6 26.625000000000004 6.785000000000001 0.2678571428571429 48.545000000000009 10.007500000000002 6.8750000000000009 0.41428571428571431 -0.024999999999999908 50.500000000000007 7 23.500000000000004
decision_type=2 10 2 10 1 1 2 2 2 2 2 2 1 2 1 1 1 2 1 2 2 10 2 2 2 10 2 2 1 2
left_child=2 5 27 8 -3 7 -6 -2 13 11 12 17 -11 15 -15 -4 -12 -10 -13 -8 21 22 -21 26 -25 -26 -7 -1 -29 -5
right_child=1 4 3 29 6 23 19 -9 9 10 16 18 -14 14 -16 -17 -18 -19 -20 20 -22 -23 -24 24 25 -27 -28 28 -30 -31
leaf_value=-0.0024018115215673542 -0.010058780842893553 -0.019370324251185556 -0.0024049748974679336 -0.022958161149819203 -0.034940071147206743 0.0042084967636451046 -0.017365045343668013 0.043019767677278081 0.01725098124163979 0.015973742196851309 0.00010042329094637115 0.0042288220662666529 0.00094989966239931393 0.0036767589576523138 0.00089463192287798975 0.0017030903132723221 -0.0046680440119033191 0.076253821021093779 -0.00051006539313989822 0.010243576275333812 -0.0080159658314780686 -0.0093238937293611962 0.069066141255421321 0.0019877771020184254 0.062518466366592224 0.0083244419466849944 -0.0039172837943978658 -0.00098793992888204308 -0.021605141928522059 -0.0021596501886308765
leaf_weight=1047.7849576845765 412.48956572078168 260.47383703663945 2349.931457106024 79.022199358791113 27.623560696840286 433.43027610704303 134.07360375486314 7.5992119759321204 64.9917898401618 161.67018431425095 1361.4362062755972 2018.6142701432109 335.36829852871597 6341.3749223388731 6370.2568457946181 2835.2580207362771 3215.2168968562037 6.6052269190549842 1687.6258286684752 94.829243401065469 354.55668089911342 66.954986589029431 7.5977316796779624 132.03287702985108 19.129313241690397 25.897168625146151 1078.0286437068135 96.99396425485611 104.28910122439265 89.755205322057009
leaf_count=7402 4072 5363 14805 2624 1582 3783 2401 45 437 1358 12926 11850 2886 38139 38868 17989 31176 40 9978 1731 6108 932 70 1111 200 202 10875 688 748 1096
internal_value=0.000114388 -0.00492677 0.000661119 0.000880953 -0.011101 -0.00215645 -0.00756663 -0.00888706 0.000961583 -0.00028355 -0.00233507 0.00247168 0.00617715 0.00157741 0.00228613 -0.000160041 -0.00325953 0.0226943 0.00208102 -0.00653248 -0.00376048 0.00514727 0.0146069 -0.000426776 0.00945427 0.0313485 -0.00158711 -0.00407625 -0.0127926 -0.0118976
internal_weight=31220.9 3054.72 28166.2 26917.1 946.11 2108.61 685.636 420.089 26748.3 8851.53 5073.69 3777.84 497.038 17896.8 12711.6 5185.19 4576.65 71.597 3706.24 658.012 523.939 169.382 102.427 1688.52 177.059 45.0265 1511.46 1249.07 201.283 168.777
internal_count=231485 38475 193010 184172 18187 20288 12824 4117 180452 70651 48346 22305 4244 109801 77007 32794 44102 477 21828 11242 8841 2733 1801 16171 1513 402 14658 8838 1436 3720
cat_boundaries=0 1 2 3 4 5 6 7 8
cat_threshold=3343936 6422664 756104 10966856 12678470 5800994 440 6423279
is_linear=0
shrinkage=0.04


Tree=77
num_leaves=31
num_cat=8
split_feature=0 10 15 7 12 19 19 3 9 19 0 31 19 17 19 17 7 11 29 23 19 1 15 19 3 29 9 12 1 7
split_gain=51.2311 51.7722 39.2429 26.9748 26.9352 22.832 15.632 15.2574 13.7235 17.8322 15.3359 15.0378 14.916 14.3483 15.6022 14.0078 13.4873 12.9352 12.9205 12.8602 12.778 14.8188 12.7696 11.8832 12.6821 11.4249 11.356 10.9741 15.4923 10.9418
threshold=3.5000000000000004 0 4.5000000000000009 8.9316666666666684 5.4365079365079376 1 2 6.8750000000000009 42.500000000000007 3 1.5000000000000002 1.5000000000000002 4 0.11805555555555557 5 0.31666666666666671 11.055833333333338 4.5000000000000009 5.9150000000000009 5.5000000000000009 6 24.635000000000002 2.5000000000000004 7 6.6850000000000014 7.1150000000000011 24.500000000000004 3.8944444444444448 28.010000000000002 2.3341666666666652
decision_type=2 1 8 2 10 1 1 2 2 1 2 2 1 8 1 10 2 2 2 2 1 2 10 1 2 2 2 8 2 2
left_child=8 6 3 19 7 -5 27 -4 10 25 13 12 -12 16 15 -15 -1 -14 22 20 26 -22 -13 24 -24 -10 -3 -2 -29 -17
right_child=1 2 4 5 -6 -7 -8 -9 9 -11 11 18 17 14 -16 29 -18 -19 -20 -21 21 -23 23 -25 -26 -27 -28 28 -30 -31
leaf_value=0.0021521329168846192 0.0038031571506513514 0.0051345016603670949 -0.005042603850041869 0.011960875358861421 -0.02917908677598376 -0.0017556808151721491 -0.00053896371314876405 -0.01242086330038873 -0.0007556687815002917 0.0041263198966292585 6.1675984155244747e-05 0.0017941494942571687 0.0010325882143186725 0.003385425081656809 -0.0074322001535681139 -0.00187100573728988 -0.012212040303118808 0.010103305412259549 0.0028427230815202191 -0.0092084490783918699 -0.0077725896985487057 0.00042175052329826364 0.024879448095846093 -0.004556191221363008 0.00035731086034512403 0.0092810221251629719 -0.0055590481332063423 -0.017412720666040712 0.02356133900327842 -0.019901492712272439
leaf_weight=1366.1701196022332 1646.8659945651889 171.3976550064981 1329.6485237572342 360.08693451434374 96.377704225480556 409.17035987600684 2062.6292884014547 676.62180355191231 2431.8310512825847 4603.9285300150514 778.91382986679673 1629.0488448515534 365.18894002586603 569.98087410628796 1041.5030737891793 153.5494581758976 113.25926397368312 808.28820728138089 2215.030193708837 515.32841922715306 413.15298449620605 2429.5672413427383 35.487099654972553 1731.8463599719107 686.9515026062727 196.09781026095152 2177.6373266577721 17.619078025221825 91.128072768449783 82.938130639493465
leaf_count=9522 10971 1832 17654 3003 4570 3399 14311 9472 15068 27897 4545 8880 2125 4008 7707 1152 760 4679 11311 6010 3591 21113 216 11657 4572 1141 18789 133 729 616
internal_value=-5.26555e-05 -0.00204898 -0.0037709 -0.00223381 -0.00852322 0.00479766 0.00182499 -0.00753095 0.00126308 0.00263015 0.000409183 0.00133367 0.00440082 -0.00188321 -0.00423342 -1.0113e-05 0.00105247 0.00721896 0.0003829 -0.00318158 -0.00258335 -0.000766496 -0.000951446 -0.00277385 0.00154055 -6.6987e-06 -0.00475853 0.00458968 0.0169228 -0.00819444
internal_weight=31207.2 12397.2 8578.99 6476.34 2102.65 769.257 3818.24 2006.27 18810 7231.86 11578.2 8250.75 1952.39 3327.4 1847.97 806.468 1479.43 1173.48 6298.36 5707.08 5191.76 2842.72 4083.33 2454.28 722.439 2627.93 2349.03 1755.61 108.747 236.488
internal_count=231433 115577 89433 57737 31696 6402 26144 27126 115856 44106 71750 47985 11349 23765 13483 5776 10282 6804 36636 51335 45325 24704 25325 16445 4788 16209 20621 11833 862 1768
cat_boundaries=0 1 2 3 4 5 6 7 8
cat_threshold=1 191821 1878190 1321118 13693958 4236669 10778017 473216
is_linear=0
shrinkage=0.04


Tree=78
num_leaves=31
num_cat=7
split_feature=27 9 28 4 27 19 22 12 30 19 4 6 7 19 9 19 26 4 19 22 12 4 1 6 8 19 22 1 1 4
split_gain=37.1907 22.0604 21.9481 24.2498 17.9009 17.1784 15.4715 15.4464 13.1292 16.0434 14.1707 11.7569 11.616 11.5137 10.7282 12.3759 12.6091 11.0101 18.8693 10.2692 10.1097 14.0666 15.1749 9.93835 15.9508 9.78001 9.61141 9.17181 14.5461 13.5389
threshold=-2.5758333333333323 28.500000000000004 3.5000000000000004 -0.046666666666666405 -0.62333333333333318 0 13.052666666666665 3.3541666666666674 1 2 0.021666666666666948 31.755000000000006 14.150833333333333 3 47.500000000000007 4 3.8950000000000005 0.06000000000000006 5 38.285000000000011 4.8944444444444457 0.015499999999999849 32.010000000000012 30.785000000000004 2.5000000000000004 6 -25.920833333333331 21.545000000000005 18.545000000000005 -0.05666666666666708
decision_type=2 2 2 2 2 1 2 10 1 1 2 2 2 1 2 1 2 2 1 2 8 2 2 2 2 1 2 2 2 2
left_child=1 -1 4 5 -2 6 11 -5 9 26 -10 -4 -11 -12 17 16 -16 25 -19 20 -17 22 -22 -21 -25 -6 -9 28 -7 -30
right_child=2 -3 3 7 14 27 -8 8 10 12 13 -13 -14 -15 15 19 -18 18 -20 23 21 -23 -24 24 -26 -27 -28 -29 29 -31
leaf_value=-0.025052946421166965 0.0326434912346193 0.036924853165324227 -0.0089673858596667905 0.00017951470868578126 -0.00084578886100317055 0.01013738498564073 0.01892619788869233 -0.014048506427306562 -0.0027295114831067165 -0.0035273160322399849 -0.0035028262694432617 0.0013748628145845748 0.013143919628975499 -0.010496334485544932 0.056041410044268311 0.0039672512780679911 -0.00021858378413523431 0.0027400273612404125 -0.0088979636337088459 0.0028190950942650508 0.099162010363606432 -0.0014830919921598035 0.020976662736316518 0.015808666784147125 0.086858304875168726 0.0013678198700960169 0.0055884671105033788 0.0059041434005193483 0.023106077897246804 0.087287933293301909
leaf_weight=129.59960397705436 28.353496413677931 9.8900615405291301 278.85301986709237 3447.3498081713915 4783.880376316607 66.450874365866184 58.392447683960199 42.428530164062977 2986.1769411135465 1590.0242918524891 721.84914190135896 476.18883278779685 69.807166246697307 866.35989309102297 6.3997313454747191 2172.5875731483102 1577.2850348055363 387.47431066632271 509.2917377576232 17.637082926928997 6.6071689203381601 14.816214047372339 9.9582513943314535 13.006332330405714 8.2704814821481687 9569.9579167664051 664.00672326236963 725.60943615622818 13.864626364782454 8.4720558226108533
leaf_count=6136 215 165 2254 28023 29521 530 390 474 26792 15273 7775 3749 632 9396 42 13440 9728 2551 3415 98 40 101 63 69 47 58683 6175 5715 109 61
internal_value=-5.06445e-05 -0.0206586 4.17229e-05 -0.00129774 0.000884138 0.00324165 -0.000899575 -0.00200908 -0.00309613 -0.000663333 -0.00434364 -0.00244475 -0.00280925 -0.00740589 0.000836936 0.00273061 8.71003e-06 0.000361789 -0.00393809 0.00463184 0.00429284 0.0268341 0.0521611 0.0250217 0.0434263 0.000630427 0.00434753 0.0072994 0.0195242 0.0474495
internal_weight=31260.8 139.49 31121.4 12015.8 19105.5 1627.83 813.434 10388 6940.65 2366.27 4574.39 755.042 1659.83 1588.21 19077.2 3826.57 1583.68 15250.6 896.766 2242.88 2203.97 31.3816 16.5654 38.9139 21.2768 14353.8 706.435 814.397 88.7876 22.3367
internal_count=231662 6301 225361 107348 118013 12808 6393 94540 66517 22554 43963 6003 15905 17171 117798 23628 9770 94170 5966 13858 13644 204 103 214 116 88204 6649 6415 700 170
cat_boundaries=0 1 2 3 4 5 6 7
cat_threshold=4776039 70 14798888 1586735 4323602 4522343 2425289
is_linear=0
shrinkage=0.04


Tree=79
num_leaves=31
num_cat=6
split_feature=0 27 12 4 27 9 18 3 19 4 19 20 12 27 6 0 4 19 12 20 19 19 29 26 26 6 4 19 9 27
split_gain=46.9584 38.1154 19.409 17.7874 15.3152 19.477 17.2426 15.2242 13.6888 11.1346 14.2204 12.3899 16.1855 12.0968 11.0336 16.0554 22.0532 22.491 17.0335 17.9088 15.1307 14.6713 14.0652 14.0509 13.3639 13.3935 12.7007 20.0401 12.3177 15.4141
threshold=5.5000000000000009 0.4250000000000001 5.2928571428571436 0.068333333333333815 -0.95333333333333325 63.500000000000007 0.45000000000000007 6.6450000000000005 0 0.0066666666666663774 1 30.270000000000007 3.2678571428571432 2.0400000000000009 32.150000000000006 1.5000000000000002 0.016666666666667055 2 3.3541666666666674 42.435000000000009 3 4 6.6950000000000012 6.5250000000000012 5.8050000000000006 33.025000000000013 -0.046666666666666405 5 50.500000000000007 1.7933333333333334
decision_type=2 2 10 2 2 2 10 2 1 2 1 2 8 2 2 2 2 1 10 2 1 1 2 2 2 2 2 1 2 2
left_child=2 4 3 14 6 7 -2 -6 -5 -3 13 -12 -13 -11 20 16 17 -16 19 22 -1 23 -17 24 25 -18 27 -20 29 -19
right_child=1 9 -4 8 5 -7 -8 -9 -10 10 11 12 -14 -15 15 18 21 28 26 -21 -22 -23 -24 -25 -26 -27 -28 -29 -30 -31
leaf_value=0.0016007148901444066 -0.018719869508440307 0.0025734837032137183 -0.013163008065609785 -0.00075030958602781276 0.015223834590124868 0.089946295074842267 0.069757313363695256 -0.0084433916148356474 -0.0090847922514942347 -0.013391983917589657 0.034271512813439035 0.0049721503822470065 -0.015355992185820809 0.014780998515880729 -0.0078187672581046357 0.0048219477133698129 0.048951529793671338 -0.00042649922269544775 -0.0012353773622764696 0.0015051103862100388 -0.0013437699017620792 -0.00081784315981520844 0.014242431660000266 0.032396182231731116 -0.0082375230314759088 0.010738293106583648 -0.00032213469393330976 0.012107526405463268 0.0076375131853186895 -0.018584704782977132
leaf_weight=4691.7760424483567 280.95638262201101 895.68306428194046 165.97830587811768 842.28405058383942 45.145448572933674 3.2855698093771926 3.5689596943557254 1183.896727245301 501.59511020965874 272.00580532103777 17.400182723999023 238.07869738340378 85.058088153600693 26.786439776420593 862.60413182154298 2962.8014203514904 16.29571108520031 1329.1366436108947 366.12290138192475 3512.966745890677 6865.8789113145322 244.86349607259035 277.31785624474287 49.555593013763428 55.072720095515251 147.58374542742968 4575.0711524728686 347.57202573120594 287.46094754338264 79.258551709353924
leaf_count=31887 9441 6364 3808 6538 558 43 74 17192 3987 2205 157 1722 728 149 6034 18952 110 9154 2486 19003 46866 1676 1605 350 373 979 34484 2385 1793 641
internal_value=-3.53413e-05 -0.00474844 0.000475061 0.00055586 -0.00924532 -0.00731404 -0.0176101 -0.00757404 -0.00393429 -0.000304753 -0.00433708 0.00135205 -0.000378751 -0.0105144 0.000782104 0.00149356 -0.00108771 -0.00260589 0.00215203 0.00348338 -0.000148248 0.00647837 0.00562824 0.0126899 0.00880939 0.0145381 0.000452066 0.005415 9.12235e-05 -0.00144837
internal_weight=31233.1 3051.87 28181.2 28015.2 1516.85 1232.33 284.525 1229.04 1343.88 1535.01 639.329 340.537 323.137 298.792 26671.3 15113.7 3071.83 2558.46 12041.9 6753.09 11557.7 513.371 3240.12 268.508 218.952 163.879 5288.77 713.695 1695.86 1408.4
internal_count=231744 38633 193111 189303 27308 17793 9515 17750 10525 11325 4961 2607 2450 2354 178778 100025 21110 17622 78915 39560 78753 3488 20557 1812 1462 1089 39355 4871 11588 9795
cat_boundaries=0 1 2 3 4 5 6
cat_threshold=5563207 12454562 283078 10761034 8415166 8401775
is_linear=0
shrinkage=0.04


Tree=80
num_leaves=31
num_cat=4
split_feature=0 27 27 6 19 19 9 5 20 20 27 20 19 27 3 27 8 19 21 21 1 27 9 6 29 29 31 15 0 11
split_gain=45.7265 44.9911 22.8941 19.9637 20.4029 15.9778 15.9977 13.884 12.3494 11.6138 11.4861 11.356 11.3149 10.8501 16.6306 13.6699 10.5668 9.93869 9.89425 10.555 13.4427 18.8081 19.1697 12.2061 11.6399 9.69534 10.8186 9.54282 24.2352 14.4698
threshold=4.5000000000000009 -0.85166666666666624 1.0283333333333338 41.465000000000011 0 1 28.500000000000004 4.5000000000000009 11.160000000000002 36.465000000000011 2.2908333333333339 62.090000000000011 2 0.4033333333333336 6.6850000000000014 0.87499999999999944 4.5000000000000009 3 16.720000000000002 29.185000000000006 35.725000000000009 -1.0099999999999993 41.500000000000007 35.905000000000008 4.2250000000000005 4.3850000000000007 3.5000000000000004 4.5000000000000009 2.5000000000000004 1.5000000000000002
decision_type=2 2 2 2 1 1 2 2 2 2 2 2 1 2 2 2 2 1 2 2 2 2 2 2 2 2 2 10 2 2
left_child=27 7 3 5 -5 9 -7 17 -8 13 12 -12 -4 -3 -15 -16 -13 18 -2 20 23 -22 -23 -20 -25 -26 -27 -1 29 -29
right_child=1 2 10 4 -6 6 8 -9 -10 -11 11 16 -14 14 15 -17 -18 -19 19 -21 21 22 -24 24 25 26 -28 28 -30 -31
leaf_value=0.0012134420068213572 -0.0084102664715317021 -0.00033689872309176238 0.0050734204657472319 -0.0063739415991120596 0.0075042453976023648 0.0012612707107199394 0.06002481924943507 -0.019238284666944258 -0.0083493703993640315 -0.0048104606369095771 0.0078603035772518912 0.058414833430810956 -0.0016194780832278098 0.06282100761143164 0.013304583518439708 -0.018747759157307906 0.0046377654047249743 -0.013377624998969202 -0.013160513573724462 -0.0070345293140630797 0.021065665889575352 0.18731211545403448 0.038324105764084355 -0.017716973266697921 0.12411157087051562 -0.00088909964198022481 0.10221552776751457 0.013113988940537637 -0.0037562045169171822 0.0011444362941483628
leaf_weight=19414.867361443117 159.24995859246701 670.47413581982255 687.16570367664099 249.33995429053903 485.9474079683423 340.85537118837237 4.2364615984261027 267.95627729594707 1797.5736975930631 808.60163656622171 114.2919180393219 15.223182067275049 955.20278760045767 9.3945749476551992 128.74273594468832 25.507598958909512 9.4909274578094465 259.61085303500295 22.961288589984179 44.435433235019445 13.803825791925194 2.6044683009386054 2.9432539790868759 4.7687494773417702 2.6332858949899656 4.7493293043226004 2.4778181686997414 174.44484179094434 2272.7275593597442 2193.7213330641389
leaf_count=118652 4620 8067 4124 2462 4578 3686 59 6992 19093 7396 596 78 5832 70 1026 181 49 6135 409 733 249 42 46 83 44 80 41 1150 19425 15109
internal_value=-8.14864e-06 -0.00283122 -0.00170436 -0.00321777 0.00281345 -0.0043893 -0.00665426 -0.0118411 -0.00818861 -0.00138607 0.00213629 0.0131767 0.00120186 0.00191694 0.0111512 0.00800425 0.0377629 -0.00803101 -0.00211096 0.00757615 0.0189778 0.0460652 0.108269 0.00503319 0.0335892 0.0584021 0.0344602 0.000823929 -0.000805575 0.00202614
internal_weight=31146 7090.24 6302.05 4520.67 735.287 3785.39 2142.67 788.195 1801.81 1642.72 1781.37 139.006 1642.37 834.119 163.645 154.25 24.7141 520.238 260.627 101.377 56.942 19.3515 5.54772 37.5905 14.6292 9.86043 7.22715 24055.8 4640.89 2368.17
internal_count=231107 76771 57297 46618 7040 39578 22838 19474 19152 16740 10679 723 9956 9344 1277 1207 127 12482 6347 1727 994 337 88 657 248 165 121 154336 35684 16259
cat_boundaries=0 1 2 3 4
cat_threshold=4686688 6054098 5914851 5716131
is_linear=0
shrinkage=0.04


Tree=81
num_leaves=31
num_cat=9
split_feature=0 28 12 20 9 19 20 14 30 14 23 0 0 22 21 10 6 19 19 17 19 9 24 19 6 4 30 1 30 4
split_gain=42.9234 36.324 21.3439 19.9402 16.4137 15.783 12.7858 12.182 11.7743 11.2669 11.1241 23.9235 23.8677 17.7512 17.0253 15.1176 17.366 16.4798 15.3308 13.7575 17.51 16.7655 15.3727 13.3831 12.9405 12.3126 12.2055 11.7821 11.6172 12.3317
threshold=5.5000000000000009 4.5000000000000009 4.7071428571428582 7.8800000000000008 63.500000000000007 0 18.470000000000002 0.016798941798941844 1 0.30013227513227519 2.5000000000000004 1.5000000000000002 2.5000000000000004 -3.6116666666666695 10.570000000000002 2 27.735000000000003 3 4 0.10555555555555557 5 58.500000000000007 1.5000000000000002 6 41.985000000000007 0.051666666666666312 7 63.965000000000011 8 -0.098166666666666721
decision_type=2 2 10 2 2 1 2 8 1 10 2 2 2 2 2 1 2 1 1 10 1 2 2 1 2 2 1 2 1 2
left_child=2 4 10 -4 5 7 -7 -2 -5 -3 11 19 27 14 -13 23 17 -17 -18 -1 22 -22 24 -14 26 -24 -21 -12 29 -20
right_child=1 9 3 8 -6 6 -8 -9 -10 -11 12 13 15 -15 -16 16 18 -19 28 20 21 -23 25 -25 -26 -27 -28 -29 -30 -31
leaf_value=0.0019400027614502706 -0.013180679827215934 -0.013830736396812872 -0.018548717024432577 0.0020735939239799172 0.068166510990004134 0.029166457778798283 -0.00054162598323675363 -0.0035833692440366484 -0.0082834335995043105 0.051988304543025582 0.0015727917635968466 0.014049287183105847 -0.0028003427548239563 0.0022499735448109656 0.094836469140359536 -0.002307737346834138 0.0011562747057327777 -0.011601828916062136 0.025481170928991825 0.0069998749956490126 -0.009453306064052102 0.044160883249987085 0.0017000803533025297 0.0020617398859147386 -0.032602868755816833 0.026162177243690452 -0.014252665176669265 -0.023365100522309393 -0.0070859344571424857 -0.0018911692324287059
leaf_weight=828.02724693715572 315.11889954842627 621.40180979389697 164.20089863426983 355.28636433556676 5.2370070666074744 23.564372027292848 1418.0434372462332 644.23177902959287 334.51170975156128 4.1892770715057841 7076.0260818526149 12.378478348255159 1426.9791788049042 8764.2861284017563 6.2970012053847304 612.02672610804439 1679.4678799752146 636.11241714283824 26.908295599743724 71.407157175242901 755.8683502599597 9.4487180560827237 531.15223036706448 2440.8554121740162 33.185705617070198 35.09712228178978 87.057362578809261 30.443095579743385 1002.5414965748787 1234.3846685700119
leaf_count=5513 3948 15783 4704 3187 50 345 13077 5440 3104 60 44309 85 9389 49820 40 5562 14454 5821 203 524 5654 65 3777 16108 240 236 639 189 8619 10655
internal_value=-0.000281052 -0.00480325 0.000205926 -0.00602108 -0.00257077 -0.00272506 -5.56348e-05 -0.00666632 -0.00303898 -0.01339 0.00040072 0.00137365 -0.000269387 0.00233298 0.0412891 -0.00163067 -0.00303794 -0.0071559 -0.00174222 -0.00220991 -0.00446582 -0.00867799 -9.66491e-05 0.000265352 -0.00989008 0.00321628 -0.00513355 0.00146596 -0.00388048 -0.00129693
internal_weight=31185.7 3031.79 28153.9 853.999 2406.2 2400.96 1441.61 959.351 689.798 625.591 27300 11134.2 16165.7 8782.96 18.6755 9059.28 5191.44 1248.14 3943.3 2351.24 1523.22 765.317 757.9 3867.83 191.65 566.249 158.465 7106.47 2263.83 1261.29
internal_count=231600 38703 192897 10995 22860 22810 13422 9388 6291 15843 181902 66593 115309 49945 125 70811 45314 11383 33931 16648 11135 5719 5416 25497 1403 4013 1163 44498 19477 10858
cat_boundaries=0 1 2 3 4 5 6 7 8 9
cat_threshold=14886192 199 3 2408386 14254312 4957239 1249745 78 107
is_linear=0
shrinkage=0.04


Tree=82
num_leaves=31
num_cat=5
split_feature=27 0 15 19 5 14 19 19 14 18 14 1 9 1 6 14 1 19 30 5 22 1 5 6 13 22 9 9 6 24
split_gain=40.4722 26.5255 23.2208 17.1303 15.623 17.8864 16.2177 14.8375 14.2575 12.7956 12.8732 16.6971 12.8549 13.6992 12.7569 12.6203 11.5791 11.2137 11.8555 11.3635 10.2565 11.1024 9.90148 9.89432 9.8588 20.2798 9.65309 9.61095 9.52042 11.5321
threshold=-2.5758333333333323 5.5000000000000009 3.5000000000000004 0 5.5000000000000009 0.14454365079365084 1 2 -0.2000661375661375 0.45000000000000007 -0.2000661375661375 22.250000000000004 55.500000000000007 50.135000000000012 34.865000000000002 -0.041600529100529075 30.020000000000003 3 4 2.5000000000000004 -11.314166666666663 32.805000000000007 1.5000000000000002 47.290000000000013 0.10555555555555557 16.981833333333338 31.500000000000004 52.500000000000007 51.870000000000012 2.5000000000000004
decision_type=2 2 10 1 2 10 1 1 10 8 10 2 2 2 2 10 2 1 1 2 2 2 2 2 10 2 2 2 2 2
left_child=8 4 17 22 -2 6 26 -7 -1 10 11 -5 13 20 -14 -11 -8 18 19 -3 -13 -22 -4 -20 25 -12 -6 -9 -28 -30
right_child=1 2 3 9 5 7 16 27 -10 15 24 12 14 -15 -16 -17 -18 -19 23 -21 21 -23 -24 -25 -26 -27 28 -29 29 -31
leaf_value=-0.029729886348341047 0.00080590547292008373 0.010899703334266762 -0.00090175824334101293 -0.034635331537005924 -0.0085736585961291786 0.013380958863073538 -0.01053602929161962 0.0019939569570996542 -0.00017290533637565075 0.0090878804579514003 -0.0019564065963402102 -0.010591554933749244 0.10013500143300993 0.10697616974646172 -0.010838175360604945 0.10537167986848477 -0.0035722922302249423 -0.00013737698986076633 -0.025158488872434073 -0.011264821164210641 0.033400113212486184 0.00037670079264033932 -0.021260832623768048 0.023145794780637007 -0.011720291147925103 0.074685656902967135 0.0020904781215603098 -0.016799405030704494 0.067858224721457208 0.0011854372214467385
leaf_weight=98.807452266104519 24857.164764789864 65.296766895800829 45.991110356524587 14.956286625936626 143.19236100278795 177.28931280225515 567.09010916389525 381.93506398797035 35.491825945675373 6.8240484520792961 73.037402201443911 42.091880854219198 4.7724849693477145 2.1432637218385926 2.5392575990408659 3.1992831565439683 1170.7842808067799 1844.2553320657462 89.453862261027098 85.432115538045764 28.687721664085984 37.688822282478213 226.23524647392333 7.3415960036218157 371.24368139728904 5.975926872342824 702.33112321794033 49.140695177018642 7.8693468868732479 8.7840962260961515
leaf_count=4940 164988 608 757 318 1328 1051 4668 2306 1433 103 1468 1119 100 46 55 39 9513 17606 919 950 492 657 4255 67 5592 63 5444 302 60 68
internal_value=-7.67362e-06 8.71807e-05 -0.00351612 -0.00902691 0.000466847 -0.00216 -0.00360467 0.00401426 -0.0219187 -0.00490805 -0.00576104 0.00517902 0.0102287 0.00683319 0.0615957 0.0398201 -0.00581121 -0.00123626 -0.00905258 -0.00155953 0.00485443 0.0146493 -0.0171898 -0.0194821 -0.00898966 0.00384018 0.000899976 -0.000145037 0.00279925 0.0326907
internal_weight=31157 31022.7 2957.17 865.386 28065.6 3208.42 2600.05 608.365 134.299 593.16 583.137 132.88 117.923 110.612 7.31174 10.0233 1737.87 2091.78 247.524 150.729 108.468 66.3765 272.226 96.7955 450.257 79.0133 862.177 431.076 718.985 16.6534
internal_count=231315 224942 35214 15064 189728 24740 21081 3659 6373 10052 9910 2787 2469 2314 155 142 14181 20150 2544 1558 2268 1149 5012 986 7123 1531 6900 2608 5572 128
cat_boundaries=0 1 2 3 4 5
cat_threshold=3344192 1188398 4293956 10616832 229
is_linear=0
shrinkage=0.04


Tree=83
num_leaves=31
num_cat=7
split_feature=0 28 4 19 19 4 19 14 26 20 1 5 18 21 7 20 22 14 14 13 26 22 19 22 19 18 21 19 22 30
split_gain=36.7814 29.5391 16.4269 21.1357 14.3212 13.2611 14.3528 13.8956 11.9479 21.4057 11.9826 16.0059 11.6887 11.224 10.9736 10.8494 16.1201 14.5678 10.8333 12.0713 10.4381 10.0479 13.9627 13.6308 15.3705 12.04 10.833 10.5498 15.7764 11.0881
threshold=5.5000000000000009 5.5000000000000009 -0.039999999999999584 0 1 -0.008333333333333302 2 0.23346560846560852 1.0000000180025095e-35 1.0000000180025095e-35 30.750000000000004 3.5000000000000004 1.0000000180025095e-35 66.785000000000011 -13.129166666666663 33.805000000000007 -19.19083333333333 0.20000000000000001 -0.17959656084656081 0.10555555555555557 5.1250000000000009 -7.1933333333333334 3 -6.0866666666666651 4 1.0000000180025095e-35 37.050000000000004 5 -29.249166666666664 6
decision_type=2 2 2 1 1 2 1 8 2 2 2 2 10 2 2 2 2 8 8 8 2 2 1 2 1 10 2 1 2 1
left_child=8 2 4 12 13 6 7 -3 10 -10 11 -1 -4 -2 15 -11 17 -17 -18 -20 -21 22 -16 24 -23 -24 27 28 -27 -30
right_child=1 5 3 -5 -6 -7 -8 -9 9 14 -12 -13 -14 -15 21 16 18 -19 19 20 -22 23 25 -25 -26 26 -28 -29 29 -31
leaf_value=0.15512562137669647 0.011462249145724222 0.0067745333393976273 -0.015540477087784917 -0.00098496606107301545 -0.0014238302829745902 -0.023042300331999201 -0.017273712323186953 0.12347830758481308 -0.023603998491491644 -0.0075350568535990587 -0.0030197211777913124 0.020570131502883175 -0.0059559288933186127 0.073077343995804026 -0.0032941346588040051 0.040373756601892817 -0.022659054641134099 -0.026889021721428139 0.047003078000012327 0.037902823459846816 -0.0014348693804394303 0.013666078698861654 -0.0014866301227178225 0.00088565126207345473 0.00087440898657562395 -0.01190229261550141 -0.0096599112649152427 0.0013456990377928551 0.016997472962529944 0.0051810613897082082
leaf_weight=2.6147296074777824 169.44794712588191 54.203231024555862 300.15232147183269 1253.7678180728108 334.00213633384556 179.53945375606418 63.928496816195548 1.6830971594899882 59.303584064356983 532.47811736911535 4.8911956679075956 3.0814166516065598 632.76559007354081 4.8662157692015162 2232.0049053709954 26.553460411727428 36.064217999577522 6.3920567706227294 8.576499328017233 10.979216389358042 634.70705555379391 278.32769638672471 2244.7547011710703 19582.743374785408 330.09062385186553 60.535861734300852 108.38125434890389 1440.6081284815446 201.99671762436628 399.01343778148293
leaf_count=47 1504 1556 4030 13892 3049 6052 1894 37 2347 4356 105 48 6368 35 18371 181 257 38 53 78 3864 2023 19692 123308 2373 473 748 10527 1478 2907
internal_value=-2.9151e-05 -0.00424429 -0.00292019 -0.00442587 0.00355697 -0.0161648 -0.00585897 0.00872757 0.000418359 0.000402405 0.0429028 0.0823358 -0.00894374 0.0124671 0.000453008 -0.00320183 -1.16842e-05 0.0273235 -0.00131624 -0.000139786 -0.000765973 0.000623761 -0.000720088 0.00106884 0.00696509 0.000575556 0.00267227 0.00330808 0.00744851 0.00952152
internal_weight=31198.5 2994.36 2695 2186.69 508.316 299.354 119.815 55.8863 28204.1 28193.5 10.5873 5.69615 932.918 174.314 28134.2 1255.75 723.273 32.9455 690.327 654.263 645.686 26878.5 6687.3 20191.2 608.418 4455.29 2210.54 2102.15 661.546 601.01
internal_count=231691 38417 28878 24290 4588 9539 3487 1593 193274 193074 200 95 10398 1539 190727 8827 4471 219 4252 3995 3942 181900 54196 127704 4396 35825 16133 15385 4858 4385
cat_boundaries=0 1 2 3 4 5 6 7
cat_threshold=11415168 8985224 1276081 23764 2161861 3473410 196
is_linear=0
shrinkage=0.04


Tree=84
num_leaves=31
num_cat=10
split_feature=0 15 15 26 0 19 29 19 30 19 29 3 19 26 19 26 3 14 6 19 9 14 14 27 21 30 19 29 9 19
split_gain=35.4342 25.5304 18.6958 20.1826 14.5633 19.6158 18.5351 15.6137 14.0061 13.906 15.9901 13.5825 12.6517 11.5276 12.3083 11.3907 11.1712 11.1584 11.0474 14.976 12.8661 14.833 14.569 12.4184 10.9203 12.2679 14.1981 10.6793 12.3482 10.663
threshold=5.5000000000000009 3.5000000000000004 4.5000000000000009 2.0150000000000001 2.5000000000000004 0 6.5950000000000006 1 2 3 8.4450000000000021 6.7950000000000008 4 2.4150000000000005 5 1.4750000000000003 6.8850000000000007 0.30965608465608474 28.075000000000003 6 28.500000000000004 -0.048148148148148141 -0.083333333333333273 -0.24083333333333365 40.055000000000007 7 8 1.0000000180025095e-35 25.500000000000004 9
decision_type=2 10 8 2 2 1 2 1 1 1 2 2 1 2 1 2 2 10 2 1 2 8 10 2 2 1 1 2 2 1
left_child=2 11 13 -4 5 24 7 -6 -8 -3 15 18 -10 14 -1 -11 -16 29 19 23 21 22 -20 -2 25 26 -5 -18 -29 -13
right_child=1 9 3 4 6 -7 8 -9 12 10 -12 17 -14 -15 16 -17 27 -19 20 -21 -22 -23 -24 -25 -26 -27 -28 28 -30 -31
leaf_value=-0.012426477328366001 -0.014219190129940874 -0.016567250760640421 -0.023867629359203786 -0.00915233589789545 -0.0078374035581094195 0.0034089792665968179 0.0254969384735175 -0.0017335132051882938 0.010063353854288333 -0.035016667189780713 0.093052340758423155 -0.0018689592809361078 -0.0048419479886303582 0.00090649954241283737 0.023670471209257849 -0.0052681506009749591 0.012272831040129491 0.0047576110567720568 0.0037945926670603929 -0.0020232961513514574 -0.0026819169744572687 0.0088251331222280877 0.13179143831742957 0.028321470338099175 -0.011731471922691762 -0.0063372667498874206 0.01048150936332775 0.15202218391242844 0.036167369957953138 -0.010004817115648306
leaf_weight=12.973597026430069 12.637906786054371 311.43887319043279 64.462249335832894 75.053181126713753 1153.9632472451776 1671.8145098388195 37.261426240205765 1627.6259528007358 159.63891990110278 21.377293724566698 2.6003835611045352 534.07523569650948 188.66400630772114 22382.474304782227 23.727657670155168 561.95258499123156 2.8676905855536443 180.96390034630895 2.5659922007471323 87.827164813876152 563.25265496224165 104.10066492296755 3.1937275882810354 83.661502785980701 221.47997882962227 338.25280489400029 195.81178245320916 3.6873614359647036 2.4499512128531933 519.71376050077379
leaf_count=240 229 6745 2862 521 11141 11333 252 15638 1083 1427 28 5524 1299 142822 429 9960 57 1196 53 821 5112 1064 54 710 1361 2396 1378 74 30 5625
internal_value=-1.3163e-05 -0.00415388 0.000426366 -0.00161192 -0.00135888 0.000921829 -0.0031609 -0.00430017 0.00505814 -0.00979797 -0.00581786 -0.00173283 0.00207985 0.000947479 0.0210152 -0.00635834 0.0291582 -0.00441836 0.00213538 0.0108175 -0.000239561 0.0122824 0.074768 0.0205995 -0.00407624 -0.00135965 0.00490906 0.0759982 0.105774 -0.00599413
internal_weight=31151.6 2989.36 28162.2 5734.03 5669.57 2502.41 3167.15 2781.59 385.564 897.369 585.93 2091.99 348.303 22428.2 45.7063 583.33 32.7327 1234.75 857.24 184.127 673.113 109.86 5.75972 96.2994 830.598 609.118 270.865 9.005 6.13731 1053.79
internal_count=231464 38548 192916 49264 46402 16989 29413 26779 2634 18160 11415 20388 2382 143652 830 11387 590 12345 8043 1760 6283 1171 107 939 5656 4295 1899 161 104 11149
cat_boundaries=0 1 2 3 4 5 6 7 8 9 10
cat_threshold=753990 4345733 256 3380800 16387348 280075 5338946 326 131078 1628491
is_linear=0
shrinkage=0.04


Tree=85
num_leaves=31
num_cat=6
split_feature=12 0 14 19 6 4 22 19 23 19 9 14 21 3 13 4 0 3 0 19 4 19 23 11 13 19 9 22 1 18
split_gain=29.8168 23.333 23.6738 14.8446 13.1428 12.2807 13.248 14.4889 12.2757 10.9745 10.6728 11.2387 16.7849 9.6943 9.82544 9.66374 9.35903 9.33611 15.4562 14.9152 11.5511 22.2256 15.7901 14.7896 13.0322 10.9659 10.8652 14.1373 10.6626 11.3174
threshold=5.3166666666666673 5.5000000000000009 0.015555555555555574 0 51.170000000000009 0.068333333333333815 6.1866666666666701 1 4.5000000000000009 2 24.500000000000004 0.28004629629629635 31.490000000000006 6.7950000000000008 0.29285714285714287 -0.10499999999999997 2.5000000000000004 6.7650000000000006 1.5000000000000002 3 -0.018333333333333087 4 3.5000000000000004 7.5000000000000009 0.95000000000000007 5 46.500000000000007 -1.4558333333333342 26.495000000000001 0.22500000000000003
decision_type=10 2 8 1 2 2 2 1 2 1 2 10 2 2 10 2 2 2 2 1 2 1 2 2 10 1 2 2 2 8
left_child=1 5 3 -3 -5 17 7 16 -2 -8 11 13 -13 14 -4 -10 -7 18 19 -1 21 23 24 -20 -22 28 -21 -28 29 -24
right_child=8 2 10 4 -6 6 9 -9 15 -11 -12 12 -14 -15 -16 -17 -18 -19 20 26 22 -23 25 -25 -26 -27 27 -29 -30 -31
leaf_value=-0.0082229466299705185 -0.001669974230227038 -0.0030170841252977936 -0.034862444747343228 -0.013441851873824337 0.020834925834310111 0.0066560279622985751 0.0080243287552153042 -0.012350019542916472 0.088016719303140506 -0.0033640548677508425 -0.0012147841427993424 0.079739097554864274 0.0024785434632894048 -0.0081979980966278999 0.029175701988164129 -0.024889657989374959 -0.0056351553023330269 0.0010358230849943934 0.0018947978764468861 -0.0031566517669633309 0.0007665527888839305 -0.0017642797652895931 0.0052916515358070269 0.0089377363388241649 0.051144654899292451 -0.0077352476512545345 0.016835159118163613 -0.00083326997507556584 -0.0026636304831299889 0.041635206163556607
leaf_weight=717.23877536132932 60.762511211447418 571.50153811927885 4.3870528917759648 579.69470862857997 18.4683419438079 147.17489437013865 224.95522294566035 367.2685427730903 1.2254238231107581 311.35108425654471 1667.3489061780274 9.0160781182348746 8.9802616387605649 37.650429029017687 30.380869457498193 118.76431411318481 303.5732630006969 18047.75981545262 1180.3395453142002 949.63777966052294 1872.1941333394498 1467.8879126878455 65.271265241317451 800.65540497284383 8.25211553275585 774.15822300035506 111.85949222743511 205.71211816370487 466.98484275303781 17.35422395542264
leaf_count=4991 1287 8983 97 10116 277 1006 1443 3261 39 2014 14931 70 57 506 331 5157 2905 122306 7240 6781 11187 9061 568 4873 43 6051 711 1318 3714 118
internal_value=-0.000119685 -2.51331e-05 -0.00342325 -0.00783286 -0.0121799 0.000329641 -0.00338622 -0.00658954 -0.0163186 0.00149973 -0.000488971 0.0128958 0.0411857 0.00586566 0.0210953 -0.0237366 -0.00158673 0.000518228 -0.000563265 -0.00366145 0.000360845 0.00196735 -0.00136832 0.00471752 0.000987631 -0.00471502 -0.00100682 0.00539015 -0.000314389 0.0129251
internal_weight=31147.8 30967.1 2927.43 1169.66 598.163 28039.6 1354.32 818.017 180.752 536.306 1757.76 90.4147 17.9963 72.4184 34.7679 119.99 450.748 26685.3 8637.55 1984.45 6653.1 3448.88 3204.21 1980.99 1880.45 1323.77 1267.21 317.572 549.61 82.6255
internal_count=231442 224959 35368 19376 10393 189591 10629 7172 6483 3457 15992 1061 127 934 428 5196 3911 178962 56656 13801 42855 21174 21681 12113 11230 10451 8810 2029 4400 686
cat_boundaries=0 1 2 3 4 5 6
cat_threshold=796863 3992581 13648358 4495387 5624248 5243990
is_linear=0
shrinkage=0.04


Tree=86
num_leaves=31
num_cat=5
split_feature=12 0 27 8 19 19 9 9 14 19 20 19 20 7 3 7 27 12 3 27 7 19 12 6 3 9 27 26 7 18
split_gain=29.6954 23.3609 27.158 19.1491 20.4815 14.0729 17.0547 12.8357 15.6046 13.8912 13.0189 14.8962 12.7372 13.075 18.1968 15.9251 14.0889 12.7525 18.737 12.1103 11.2126 11.1999 11.0284 20.0444 17.9146 14.9241 10.9986 10.9657 10.9428 10.7144
threshold=5.4722222222222232 4.5000000000000009 0.62999999999999934 3.5000000000000004 0 1 22.500000000000004 33.500000000000007 -0.26643518518518511 2 12.295000000000002 3 25.295000000000005 -3.4144999999999999 6.745000000000001 -1.2133333333333363 -0.47449999999999987 4.8944444444444457 6.8650000000000011 -1.1349999999999993 12.750833333333334 4 3.7071428571428577 54.585000000000001 6.8950000000000005 27.500000000000004 -2.0481666666666656 4.035000000000001 27.417500000000008 0.70833333333333337
decision_type=10 2 2 2 1 1 2 2 10 1 2 1 2 2 2 2 2 10 2 2 2 1 8 2 2 2 2 2 2 10
left_child=1 7 3 4 29 -5 12 8 -1 28 11 -11 13 16 15 -15 -7 -16 -19 -8 -6 -4 23 24 -22 -25 -2 -21 -9 -3
right_child=26 2 21 5 20 6 19 9 -10 10 -12 -13 -14 14 17 -17 -18 18 -20 27 22 -23 -24 25 -26 -27 -28 -29 -30 -31
leaf_value=-0.0098660701303678617 -0.028616242650637901 -0.0069098460780809582 -0.0020907896381835394 -0.01177313111227693 9.2714556430811522e-05 0.0023152620334821179 -0.019008907546158662 -0.00040715500412627395 -0.00047309825653653727 -0.0090516773379782194 0.0019256211981088427 0.023135876528372984 -0.017335530789687643 0.058036569161972647 -0.00040345412691581795 0.20378092418743321 0.11147314041394035 0.018624067272968954 0.21624311805953908 0.011530145593564257 0.018446946797256534 0.0031340305748202724 -0.0042673357094159328 0.056331419034071052 0.062786367321000847 -0.015060741134905622 -0.0042055889537503865 -0.0052460704104220802 0.016227608588154297 0.052405349683248934
leaf_weight=296.66058766841888 78.532461958937347 831.23893232736737 1069.7405564412475 640.77179552149028 1293.8196970177814 24.384968648664653 96.85973132494837 6666.326947953552 6139.7454537097365 28.877122912555933 10791.070312388241 79.497675612568855 12.986699592322109 2.7814908754080534 7.5990435648709518 2.109141847118738 2.0509690307080737 2.0051076253876094 1.2438492691144345 66.140971815213561 54.580333542078733 1670.0885569304228 51.019341858103871 5.4446514863520852 19.893770387396216 33.577673381194472 47.33163957670331 1084.770191622898 63.87886268645525 4.9012818224728099
leaf_count=2884 4606 10779 7141 8748 16217 710 2264 41908 40423 262 66915 706 145 69 180 51 24 88 58 993 541 10761 740 51 203 331 663 12710 375 50
internal_value=-4.66379e-05 3.19759e-05 -0.00200578 -0.00401217 -0.00153749 -0.00693344 -0.00442896 0.000622828 -0.00090603 0.001181 0.00206227 0.0158589 0.0173027 0.0279687 0.0568335 0.120891 0.010784 0.0279546 0.0942817 -0.00542517 0.00133426 0.00109786 0.0111794 0.018123 0.030291 -0.00509964 -0.0194365 -0.00428197 -0.000248899 -0.0064846
internal_weight=31169.9 31044.1 6978.01 4238.18 2294.48 1943.7 1302.93 24066.1 6436.41 17629.7 10899.4 108.375 55.1613 42.1746 15.7386 4.89063 26.4359 10.848 3.24896 1247.77 1458.34 2739.83 164.516 113.496 74.4741 39.0223 125.864 1150.91 6730.21 836.14
internal_count=231596 226327 72854 54952 28912 26040 17292 153473 43307 110166 67883 968 1325 1180 446 120 734 326 146 15967 18083 17902 1866 1126 744 382 5269 13703 42283 10829
cat_boundaries=0 1 2 3 4 5
cat_threshold=11639552 11142244 797747 1245440 15127560
is_linear=0
shrinkage=0.04


Tree=87
num_leaves=31
num_cat=11
split_feature=12 0 27 6 5 19 19 23 30 27 19 19 7 19 19 9 11 30 19 19 12 27 18 19 3 27 14 7 0 1
split_gain=30.415 21.5098 32.7956 21.1236 17.0882 23.0778 14.616 14.7665 13.9704 15.2023 14.8365 13.9703 16.0158 12.3719 11.9789 11.8734 11.8528 11.6587 12.2836 11.4345 12.4305 11.2963 11.178 10.8558 10.8211 10.7841 11.5451 10.6913 10.3767 12.2762
threshold=5.4722222222222232 3.5000000000000004 1.0283333333333338 27.645000000000003 1.5000000000000002 0 1 1.5000000000000002 2 1.6136666666666672 3 4 8.9316666666666684 5 6 42.500000000000007 10.500000000000002 7 8 9 2.183333333333334 -0.42999999999999922 0.55000000000000016 10 6.9250000000000007 1.5233333333333341 0.30013227513227519 9.5483333333333373 5.5000000000000009 49.860000000000007
decision_type=10 2 2 2 2 1 1 2 1 2 1 1 2 1 1 2 2 1 1 1 8 2 8 1 2 2 8 2 2 2
left_child=1 19 3 4 5 21 -6 23 9 -4 -11 28 17 -14 15 24 -16 -13 -19 20 -1 -3 -17 -8 -10 -24 -27 -15 29 -5
right_child=-2 2 8 11 6 -7 7 -9 14 10 -12 12 13 27 16 22 -18 18 -20 -21 -22 -23 25 -25 -26 26 -28 -29 -30 -31
leaf_value=-0.0055111907066513945 -0.019839825876985927 -0.0050351704838369387 0.0016867978516909607 -0.0021628345363485309 -0.011823444612936013 -0.0067222440608910332 0.018627441160479152 -0.0062751284271830915 -0.0062661052736680198 -0.00040168240832343897 0.013294812970381167 0.00058287482746994254 -0.0043699638325193522 0.022977824321852275 0.0019392894663325176 -0.001099067205464137 0.025439302657327488 -0.00054851591852195843 -0.0069188392630733647 0.00013127198765205907 0.0026291260164143238 0.022342408302599544 0.046791972122328371 -0.0027036960727855248 -0.02742332734703512 0.043617530313924659 -0.016453817576982409 0.0058467904899817845 -0.0096914783551985892 -0.022839128544488312
leaf_weight=315.9449490904808 124.31530222482979 31.719300989061594 938.58738166093826 1574.6097748000175 736.06548462808132 177.96104419510812 61.519483029842377 907.95087846368551 392.39558057487011 180.90330880880356 465.19023133814335 2417.9034081734717 174.97318833880126 65.305258184671402 596.93442429602146 195.64174298197031 36.436519727110863 1030.9925619224086 917.84746533166617 12509.924128195271 6000.7472628764808 100.5684230774641 16.592761904001236 82.57687122002244 42.9084727242589 7.8278456032276154 14.792487636208536 542.50471667945385 440.11267280299217 47.325919095426798
leaf_count=1831 5244 454 5529 14011 8131 1703 499 10172 2249 948 2450 24152 1644 599 3365 1137 208 10368 9057 77216 36437 784 96 666 254 42 77 4973 6842 407
internal_value=-9.40928e-05 -1.49723e-05 -0.00132344 -0.00247865 -0.00601085 0.00265499 -0.00751443 -0.00434593 0.0024003 0.00490637 0.00965941 -0.00145088 -0.000331679 0.00493643 -0.000678716 -0.00437554 0.00324004 -0.0012768 -0.00356876 0.00083281 0.00221846 0.0146691 0.00280779 0.00750835 -0.0083516 0.0222999 0.00433408 0.00756298 -0.00422377 -0.00276614
internal_weight=31149.1 31024.8 12198.1 9309.94 2098.36 310.249 1788.11 1052.05 2888.21 1584.68 646.094 7211.57 5149.53 782.783 1303.53 670.159 633.371 4366.74 1948.84 18826.6 6316.69 132.288 234.855 144.096 435.304 39.2131 22.6203 607.81 2062.05 1621.94
internal_count=231545 226301 110817 94462 22409 2941 19468 11337 16355 8927 3398 72053 50793 7216 7428 3855 3573 43577 19425 115484 38268 1238 1352 1165 2503 215 119 5572 21260 14418
cat_boundaries=0 1 2 3 4 5 6 7 8 9 10 11
cat_threshold=2120554 9311848 440 9703445 14877440 266264 2950889 121 817352 15009281 2195477
is_linear=0
shrinkage=0.04


Tree=88
num_leaves=31
num_cat=5
split_feature=27 0 15 3 13 27 6 5 19 4 19 14 19 4 19 29 29 22 7 20 1 19 14 4 7 22 26 26 9 9
split_gain=24.6318 18.7758 21.2087 21.0448 15.1726 17.863 18.0271 16.0868 14.3578 22.6901 14.3498 14.1846 15.4346 14.1714 12.3115 12.9907 11.5618 11.1927 11.3438 11.7984 10.6667 10.5105 11.8076 10.9653 11.012 19.0931 10.268 25.3583 9.9782 9.83333
threshold=-1.8600000000000003 4.5000000000000009 4.5000000000000009 6.9450000000000012 0.10555555555555557 0.32000000000000078 11.190000000000001 4.5000000000000009 0 -0.035000000000000579 1 -0.21111111111111103 2 -0.10166666666666611 3 4.9250000000000007 5.0750000000000011 5.878333333333333 -1.7966666666666613 7.8800000000000008 32.635000000000012 4 -0.20363756613756609 0.0083333333333333055 10.248333333333333 10.499166666666667 6.9750000000000005 6.6350000000000007 62.500000000000007 58.500000000000007
decision_type=2 2 10 2 8 2 2 2 1 2 1 10 1 2 1 2 2 2 2 2 2 1 8 2 2 2 2 2 2 2
left_child=11 -2 4 8 7 6 -6 10 9 26 -3 29 -13 -14 15 -9 -15 18 -12 -20 -17 -8 -23 -24 28 -26 27 -4 -25 -1
right_child=1 2 3 -5 5 -7 21 14 -10 -11 17 12 13 16 -16 20 -18 -19 19 -21 -22 22 23 24 25 -27 -28 -29 -30 -31
leaf_value=-0.018085053278996798 0.00069473227047998594 -0.0051245520485011581 0.018679988086558054 -0.018770897497912994 -0.019856372811280058 0.00082145797274614843 0.0013715028069531034 -0.0045949099401748029 -0.0088985647074030869 -0.003008244421282712 -0.00096739792250811834 -0.017357492040475066 0.094573220340416472 0.0019669360403167398 -0.020015986867073021 0.0028744227502979355 0.058471535906530106 0.053563234368464378 0.10015001847058023 0.026721445830262404 0.08601245969848749 0.067637009639807885 -0.0018991344275818734 -0.010971608099387622 -0.0017333812306405455 0.06347366421091534 -0.032278987442731201 0.12187086574951284 0.04665512715835677 0.10207388436867917
leaf_weight=199.21801027283072 23924.727061327547 33.017188388854265 68.890166863799095 188.92049842700362 107.01057592593133 3306.8719349503517 615.46368138864636 17.289895379915837 504.10623869672418 424.18748912028968 23.849179873242974 54.643030512146652 2.9061300260946146 104.73052696604282 31.095792962238193 4.1568953171372396 6.1332865711301556 22.628317546099424 3.8918026741594067 34.880814172327518 6.081601656973362 3.5823240615427494 789.61772082559764 593.00411833636463 48.870825519785285 8.4229863770306093 5.5023077577352515 4.0333634689450255 4.8468457758426657 1.0956968776881684
leaf_count=7441 150806 391 867 2902 1396 22738 7165 253 7165 6109 312 1443 56 2916 420 48 70 199 67 382 65 50 9218 8161 620 83 48 36 62 14
internal_value=4.29233e-05 0.000166057 -0.00168037 -0.00652058 -0.000656922 -0.00102927 -0.00384853 0.0108732 -0.00422169 0.000633515 0.019366 -0.0102342 -0.00167789 0.00678245 -0.00625981 0.0121401 0.00509292 0.0263601 0.0207397 0.0340918 0.0522579 -0.00301851 -0.00485992 -0.00507332 -0.00889903 0.00785296 0.0204117 0.0243874 -0.0105044 -0.0174278
internal_weight=31143.7 30774.9 6850.22 1195.64 5654.58 5477.69 2170.82 176.891 1006.72 502.613 118.267 368.727 168.413 113.77 58.6242 27.5284 110.864 85.2501 62.6218 38.7726 10.2385 2063.81 1448.34 1444.76 655.145 57.2938 78.4258 72.9235 597.851 200.314
internal_count=231503 219563 68757 17127 51630 49493 26755 2137 14225 7060 1351 11940 4485 3042 786 366 2986 960 761 449 113 25359 18194 18144 8926 703 951 903 8223 7455
cat_boundaries=0 1 2 3 4 5
cat_threshold=13334690 4301600 8849546 10598787 1310751
is_linear=0
shrinkage=0.04


Tree=89
num_leaves=31
num_cat=7
split_feature=0 27 3 14 19 12 27 6 19 20 19 18 20 30 3 9 4 14 28 26 9 0 4 19 19 12 14 19 31 9
split_gain=30.1878 28.0422 16.5397 15.3166 14.389 13.9777 11.8939 14.6195 26.5199 14.3097 14.7621 16.1131 17.8982 11.9047 20.2979 11.289 12.587 13.0847 11.1321 10.8744 10.8016 15.2814 21.1385 19.2342 18.6132 18.1702 18.1319 18.3182 15.0397 12.0445
threshold=4.5000000000000009 -0.67500000000000038 6.8550000000000013 0.17976190476190482 0 2.8166666666666669 0.64166666666666605 39.725000000000001 1 38.185000000000009 2 0.36666666666666675 9.6950000000000021 3 6.6550000000000011 29.500000000000004 0.065000000000000849 -1.0000000180025095e-35 3.5000000000000004 6.9050000000000011 42.500000000000007 1.5000000000000002 0.053333333333334128 4 5 2.8819444444444451 -0.0052910052910052621 6 2.5000000000000004 26.500000000000004
decision_type=2 2 2 10 1 8 2 2 1 2 1 10 2 1 2 2 2 10 2 2 2 2 2 1 1 10 10 1 2 2
left_child=20 2 3 4 -2 -5 7 9 -9 10 -3 12 -12 15 -15 -10 -17 -18 -6 -11 21 26 23 28 25 -24 27 -1 -23 -29
right_child=1 6 -4 5 18 -7 -8 8 13 19 11 -13 -14 14 -16 16 17 -19 -20 -21 -22 22 24 -25 -26 -27 -28 29 -30 -31
leaf_value=0.0062947367406069035 0.0021337934363380938 -0.0064533502430660743 -0.014823653102172315 0.071750196981152897 0.088183626396657278 -0.012682893633584382 0.00067415947233167618 0.011058614456173153 0.020860327835571995 -0.010006558845799025 0.087874871482573266 0.014872076796388791 -0.0011201648426838614 0.060541082723272181 -0.01428303972826765 -0.0052363244742091039 -0.005541562255168074 0.06956967576677163 -0.011203978344635934 0.00094656213865846413 0.001728911128716343 0.0053186314112219826 0.01356199334130404 -0.00033672375283847351 -0.011318790896672952 -0.0044673814397611575 -0.0049086692307601636 -0.013953635835601816 0.00078879627344326979 -0.00073231437482748033
leaf_weight=598.93843370676041 249.30318900290877 662.90528210625052 399.83150725159794 7.9389418549835655 1.8125987611711014 5.1866330578923234 2698.4185238182545 297.86895840242505 41.497592490166426 819.78544823825359 3.6321727931499472 122.23467208445072 799.03308531269431 5.9855678752064696 187.91732787340879 172.64163157716393 7.20689956843853 7.6496779136359674 345.82786891143769 176.19875064864755 9168.4784730486572 2372.6724003423005 122.31986673548818 6058.0790374409407 414.76476635038853 332.69463193789124 1935.4843533784151 132.61865481361747 2318.8109298031777 653.45674127340317
leaf_count=4140 5570 7915 9559 102 24 75 17582 2934 419 8642 46 1288 9269 54 1928 1775 91 79 8083 1714 57919 14520 709 37637 3043 2528 13977 1042 14272 4556
internal_value=-2.38002e-05 -0.00233364 -0.00850047 -0.00435634 -0.00529616 0.0383861 -0.00129618 -0.00290511 0.00213223 -0.00431031 -0.00195268 0.0013285 -0.00071745 -0.00431455 -0.0113861 0.00189917 -0.00219607 0.0331333 -0.010387 -0.00806885 0.000648111 -1.51686e-05 0.000668711 0.00115402 -0.00532916 0.00037123 -0.00240825 0.00108595 0.00307317 -0.00292566
internal_weight=31121.2 7012.88 1009.9 610.069 596.944 13.1256 6002.98 3304.56 720.768 2583.79 1587.81 924.9 802.665 422.899 193.903 228.996 187.498 14.8566 347.64 995.984 24108.3 14939.8 11619.3 10749.6 869.779 455.014 3320.5 1385.01 4691.48 786.075
internal_count=231492 77149 23413 13854 13677 177 53736 36154 7280 28874 18518 10603 9315 4346 1982 2364 1945 170 8107 10356 154343 96424 72709 66429 6280 3237 23715 9738 28792 5598
cat_boundaries=0 1 2 3 4 5 6 7
cat_threshold=1718663 574645 10693924 60 10906496 5613607 14820381
is_linear=0
shrinkage=0.04


Tree=90
num_leaves=31
num_cat=1
split_feature=0 28 11 7 4 9 14 20 26 4 22 0 6 1 17 30 6 4 31 24 3 28 28 3 20 7 6 4 17 16
split_gain=20.8785 25.3463 16.9505 13.76 12.0346 11.6714 11.296 10.165 10.3579 8.63969 12.9041 13.1028 11.6265 8.63667 8.58505 8.49942 9.61043 10.8196 8.73024 8.32569 9.47057 8.49378 8.25652 8.24859 17.3236 9.47265 10.5401 12.8882 13.9523 11.3393
threshold=5.5000000000000009 5.5000000000000009 7.5000000000000009 -13.129166666666663 -0.008333333333333302 62.500000000000007 -0.10370370370370365 5.8050000000000006 1.0000000180025095e-35 0.069999999999999854 22.227500000000006 1.5000000000000002 27.435000000000006 39.065000000000005 0.11805555555555557 0 32.735000000000007 0.098333333333334064 7.5000000000000009 3.5000000000000004 6.9750000000000005 3.5000000000000004 3.5000000000000004 6.6950000000000012 39.835000000000008 -7.1044999999999972 36.380000000000003 -1.0000000180025095e-35 0.29285714285714287 0.55000000000000016
decision_type=2 2 2 2 2 2 8 2 2 2 2 2 2 2 10 1 2 2 2 2 2 2 2 2 2 2 2 2 8 10
left_child=3 2 5 -1 -3 6 -2 8 -5 -9 11 -11 -12 -14 22 16 17 -13 -18 20 -19 -22 -10 24 25 -4 27 28 -27 -28
right_child=1 4 23 7 -6 -7 -8 9 14 10 12 15 13 -15 -16 -17 18 19 -20 -21 21 -23 -24 -25 -26 26 29 -29 -30 -31
leaf_value=-0.0037857749060930539 -0.008495078220351204 -0.0046884960833349079 -0.026336265189761256 0.029228259922667709 -0.021509190182266439 0.047475113569972922 0.0015791750731333116 0.0007330704607419826 0.050339565269000339 0.0080828628753964668 0.037194822427985712 -0.012717782269771478 -0.0027742345615449321 0.030882437346729203 0.031489863463454455 -0.0093015776428923801 0.0014636708669653357 0.00073999581982021596 0.029539158464800638 -0.0080662444626451394 0.065522730640816637 0.0072032732534211179 -0.013922249033506163 -0.0071184981025719683 -0.0080623699839355127 0.099259878025690404 -0.012885990870101371 -0.010105782304221269 0.0041068353424395599 0.063813711844656867
leaf_weight=1248.4678098578006 203.91445354558527 115.10531959496439 4.6181753613054743 10.892577584832905 166.49488075636327 8.436069827526806 1405.6934067420661 25491.815239943564 3.2600625716149798 128.46490085870028 21.484543912112713 179.14060642197728 61.490817554295063 15.218061119318007 7.3243772312998763 473.14105896279216 245.83784541115165 20.52243672311306 19.097781550139189 36.405172970145941 9.6813450083136576 6.8037932105362406 170.72073061205447 947.54469203017652 59.198977641761303 9.7717090658843517 10.22075058147311 3.6126936078071621 3.2976609654724607 4.4167565517127505
leaf_count=8868 3482 3480 67 202 6022 87 12978 169185 29 881 130 1479 356 87 93 3894 1962 176 138 288 64 70 4860 11354 559 132 133 56 40 50
internal_value=-1.57277e-05 -0.00322182 -0.00201404 0.000319386 -0.0146337 0.000548854 0.00030291 0.000509904 -0.00865615 0.000575862 -0.00271631 -0.00393624 0.011187 0.00390282 -0.0109322 -0.00549488 -0.00179989 -0.00741776 0.00348748 0.00551527 0.0188757 0.041453 -0.0127181 -0.00599118 0.00523676 0.0271439 0.0350298 0.0567659 0.0752509 0.0102576
internal_weight=31092.1 2942.33 2660.73 28149.8 281.6 1618.04 1609.61 26901.3 192.198 26709.1 1217.29 1119.09 98.1934 76.7089 181.305 990.63 517.489 252.553 264.936 73.4127 37.0076 16.4851 173.981 1042.68 95.1367 35.9377 31.3196 16.6821 13.0694 14.6375
internal_count=231202 38440 28938 192762 9502 16547 16460 183894 5184 178710 9525 8952 573 443 4982 8071 4177 2077 2100 598 310 134 4889 12391 1037 478 411 228 172 183
cat_boundaries=0 1
cat_threshold=141
is_linear=0
shrinkage=0.04


Tree=91
num_leaves=31
num_cat=4
split_feature=0 28 3 7 22 26 19 14 7 19 6 14 9 3 14 31 21 12 19 21 6 1 30 9 12 22 3 9 14 22
split_gain=25.512 27.0958 16.3908 16.4225 16.0594 15.5271 13.4527 18.405 19.0027 12.3026 11.8039 12.3163 11.0805 10.6305 12.0376 10.3032 12.4994 10.4675 11.892 10.2527 10.2839 12.6703 12.2408 11.5076 10.2111 10.1771 10.0838 10.0708 10.0601 9.7102
threshold=4.5000000000000009 4.5000000000000009 6.8150000000000004 12.750833333333334 17.814166666666676 1.4750000000000003 0 0.26679894179894187 1.6783333333333295 1 50.120000000000012 -0.051388888888888908 28.500000000000004 6.5550000000000006 0.051851851851851836 1.5000000000000002 46.170000000000009 2.2361111111111116 2 53.885000000000012 20.660000000000004 38.900000000000006 3 47.500000000000007 2.1339285714285716 22.67166666666667 6.705000000000001 22.500000000000004 -0.19444444444444434 -5.001666666666666
decision_type=2 2 2 2 2 2 1 10 2 1 2 8 2 2 8 2 2 8 1 2 2 2 1 2 8 2 2 2 10 2
left_child=13 2 4 9 15 12 -7 26 -9 -4 -5 -12 -3 14 -1 -2 -17 24 -19 20 -6 22 23 -22 -18 -23 -8 28 -28 -30
right_child=1 5 3 10 19 6 7 8 -10 -11 11 -13 -14 -15 -16 16 17 18 -20 -21 21 25 -24 -25 -26 -27 27 -29 29 -31
leaf_value=0.00082455204730456878 -0.0052450097433758541 -0.031170005555416859 -0.006629207670872962 0.019356746516043688 -0.0096556193905990746 -0.010248022245835998 0.008363715904565772 0.0035287763936692747 0.12190297282403505 -0.001196328283130681 0.032694363714468516 -0.0089286590844609992 0.091834626161593408 0.0005880975000861475 -0.032759206020749068 0.0030203555506146855 0.0004481205471298225 0.0023325650008216366 -0.017186553325129729 0.0020553414522352605 0.026994050645374787 0.017777947197508467 -0.00029461366801758395 -0.0043429796483961417 0.04674737709808742 0.053906850898755007 -0.0085975171576339899 -0.0064216306120409841 0.031835139120289541 -0.04353065852936927
leaf_weight=35.793864920735359 508.97447763010859 50.999362128786743 1242.3708105739206 87.326404437422752 30.452953115105629 678.09642596542835 104.94347228109837 5.0026523321866971 3.8317803405225277 1459.8726670090109 13.700121011584995 67.006945952773094 1.1993046961724747 24049.225394489244 32.656570985913277 1227.3075363170356 31.93546449393034 81.040351383388042 129.63512104004622 318.29669150337577 90.517168365418911 30.159854345023632 102.71312450617552 23.647690452635288 10.010635569691656 21.274499520659447 24.375489898957312 628.73327836953104 30.73641318641603 3.002459291368722
leaf_count=233 4414 3744 11275 685 204 12472 1710 59 42 12548 132 493 38 153910 191 10945 219 660 1111 2090 583 207 663 163 71 130 977 10814 751 47
internal_value=-7.39855e-05 -0.00219858 -0.000883427 -0.00296859 0.00141323 -0.00690299 -0.00614613 -0.00251261 0.0548715 -0.00372308 0.00916478 -0.0018631 -0.0283439 0.000543294 -0.0151977 -0.000335802 0.00135256 -0.00675005 -0.0103832 0.00705068 0.0123726 0.0148727 0.0106397 0.0188517 0.0114977 0.0327217 -0.00318461 -0.00494908 0.0109823 0.0251283
internal_weight=31124.8 7007.16 5476.24 2870.28 2605.97 1530.92 1478.72 800.626 8.83443 2702.24 168.033 80.7071 52.1987 24117.7 68.4504 1988.9 1479.93 252.622 210.675 617.062 298.765 268.312 216.878 114.165 41.9461 51.4344 791.791 686.848 58.1144 33.7389
internal_count=231581 77247 46593 25133 21460 30654 26872 14400 101 23823 1310 625 3782 154334 424 17420 13006 2061 1771 4040 1950 1746 1409 746 290 337 14299 12589 1775 798
cat_boundaries=0 1 2 3 4
cat_threshold=12197412 10737056 1362971 300
is_linear=0
shrinkage=0.04


Tree=92
num_leaves=31
num_cat=5
split_feature=27 5 0 19 27 9 12 1 24 7 14 12 1 22 27 12 1 1 19 4 22 26 19 18 8 29 0 19 19 14
split_gain=23.6609 16.6256 16.581 21.0865 14.27 12.9515 12.6953 11.256 21.0063 10.8301 16.0435 10.5774 12.0599 11.5337 9.98533 9.57708 9.19398 11.4 10.0307 14.1477 11.5358 9.52704 13.096 13.6377 19.0813 12.3992 14.2887 12.5681 12.4519 9.95229
threshold=-2.7274999999999991 5.5000000000000009 3.5000000000000004 0 -1.0483333333333333 59.500000000000007 3.2111111111111117 46.980000000000011 1.5000000000000002 -16.352499999999996 0.47519841269841273 4.7071428571428582 20.080000000000002 13.483333333333338 -0.19166666666666707 4.8944444444444457 35.165000000000006 35.895000000000003 1 0.021666666666666948 -4.8316666666666643 6.7550000000000008 2 0.70833333333333337 1.5000000000000002 5.8950000000000005 1.5000000000000002 3 4 -0.3738425925925925
decision_type=2 2 2 1 2 2 8 2 2 2 8 8 2 2 2 8 2 2 1 2 2 2 1 8 2 2 2 1 1 8
left_child=11 9 4 5 15 -4 -5 -8 14 10 -2 12 -1 -13 -9 -3 18 -18 19 -11 -21 25 -23 -24 -25 28 27 -27 29 -19
right_child=1 2 3 6 -6 -7 7 8 -10 16 -12 13 -14 -15 -16 -17 17 21 -20 20 -22 22 23 24 -26 26 -28 -29 -30 -31
leaf_value=0.10292581212996754 -0.0053443690914760037 -0.017307281451639504 -0.0015015985132698522 -0.0042831818841242899 0.00099018050524474926 0.031058980884830122 -0.015300035891860121 0.014843848451875202 -0.01970369243976508 0.003461005088327558 0.042191237279914029 -0.027184500555048896 -0.003184241110260944 0.14333975769915039 0.10556700286389514 0.013027042609150342 -0.0043034885640367672 0.053937092166238987 0.0004410007276163311 -0.0083506965619722217 0.0012106991906480605 -0.0076620601920884173 -0.0010437774468411572 0.072693759005155512 0.008729091531128769 0.0050627631029034857 0.0043958153339531464 -0.0080978766478083594 -0.0017203767530603489 0.0022861210156235371
leaf_weight=1.9203543588519121 673.78944946825504 110.41730853170156 794.86344251502305 375.64845457300544 1795.5901932045817 20.038593422621489 466.54168896842748 3.4440409010276198 10.904074078425763 4523.524045820348 11.554910456761716 79.387608252465725 15.930217737331985 0.63973849266767402 4.4480513818562057 19.610225399956107 1064.5237158397213 5.9910460710525513 10950.705919318832 305.2372753508389 596.33156492002308 557.73718108981848 774.83805175870657 9.1824337989091855 39.823107238858938 177.98625261336565 2027.0462628696114 301.90658263862133 3810.6297328192741 1606.3987757889554
leaf_count=42 4960 1192 8301 3250 11334 211 6040 58 137 31483 77 5060 363 9 39 258 7558 66 77913 2917 4228 3435 4680 52 230 1230 12621 2139 29397 12285
internal_value=2.48567e-05 8.67767e-05 -0.00246842 -0.0053777 6.35631e-05 -0.000692431 -0.00969158 -0.0140773 0.0162714 0.000422181 -0.00454292 -0.019611 0.00823102 -0.0258213 0.0659762 -0.0127324 0.00054938 -0.0003822 0.00113965 0.00254439 -0.00202643 6.60942e-05 -0.00299922 0.000247488 0.0207145 0.000600143 0.00292647 -0.00328001 -0.000475263 0.00246276
internal_weight=31136.6 31038.7 3601.51 1675.89 1925.62 814.902 860.986 485.338 18.7962 27437.2 685.344 97.8779 17.8506 80.0273 7.89209 130.028 26751.9 10376.1 16375.8 5425.09 901.569 9311.54 1381.58 823.844 49.0055 7929.96 2506.94 479.893 5423.02 1612.39
internal_count=231565 226091 30820 18036 12784 8512 9524 6274 234 195271 5037 5474 405 5069 97 1450 190234 73693 116541 38628 7145 66135 8397 4962 282 57738 15990 3369 41748 12351
cat_boundaries=0 1 2 3 4 5
cat_threshold=5267823 2001472 13254739 199262 4522147
is_linear=0
shrinkage=0.04


Tree=93
num_leaves=31
num_cat=7
split_feature=0 10 20 15 26 7 20 19 27 19 3 20 19 1 23 20 4 19 20 19 27 12 0 11 19 18 27 6 4 11
split_gain=20.9139 29.0588 23.2205 21.068 21.8103 20.9515 17.7824 19.0706 16.9897 16.8271 16.0183 14.2805 13.9123 16.1702 12.779 15.9136 16.1453 12.7075 12.6768 15.3254 12.4262 13.1994 12.2291 12.1407 13.3039 13.9545 14.3852 16.6528 13.791 12.6002
threshold=3.5000000000000004 0 30.800000000000001 4.5000000000000009 1.7950000000000002 8.9316666666666684 43.975000000000001 1 0.8883333333333342 2 6.9050000000000011 57.025000000000013 3 60.265000000000008 5.5000000000000009 3.4000000000000008 0.058333333333334021 4 46.835000000000008 5 -0.90083333333333282 2.9500000000000006 1.5000000000000002 9.5000000000000018 6 0.29166666666666669 0.87499999999999944 26.835000000000004 0.068333333333332927 1.5000000000000002
decision_type=2 1 2 8 2 2 2 1 2 1 2 2 1 2 2 2 2 1 2 1 2 10 2 2 1 10 2 2 2 2
left_child=18 2 -2 5 -5 14 7 -4 11 -7 12 -8 13 -6 15 16 -3 20 23 -20 -16 -22 -21 29 25 -25 -27 -28 -26 -1
right_child=1 3 6 4 10 9 8 -9 -10 -11 -12 -13 -14 -15 17 -17 -18 -19 19 22 21 -23 -24 24 28 26 27 -29 -30 -31
leaf_value=0.0043659287744921317 0.06338683163473148 0.024022637422021577 0.01637316576567676 -0.026847059711043137 0.0029477310125675853 -0.0033852945185812722 -0.0020876411394436605 0.0027843885505070267 0.0025289111317044182 0.0089202514451622548 -0.011587601130897865 -0.016058652860849083 -0.0053917809218500682 0.093754806077551267 -0.018095835905312045 -0.0017956502351157242 0.15666825113957766 -0.012864278266535379 -0.0045810815626363124 -0.0034726728793202967 -0.012659362076948772 0.014817591965927109 0.0024453403914915426 -0.0024200646857143984 0.0066372983624738415 0.0043109984763107295 0.078985555771041438 0.014921497815464056 -0.010996174476562336 0.00037937675418812602
leaf_weight=1445.248797846958 9.7343345470726472 16.303886121138934 225.28940129652619 78.021026704460382 353.93678208626807 267.34204871580005 1043.4953987710178 602.76306050829589 1798.8468802273273 508.61630811169744 481.45761108677834 131.85113646090031 1080.6015406083316 3.165643408894538 42.94789136108011 5100.3143310043961 1.6134795350953925 323.85644925944507 1327.874918051064 798.25622303783894 39.837812911719084 93.921521503478289 1861.5085987597704 849.16590556688607 1729.9282334279269 381.86373112350702 8.7656759694218618 25.028252452611923 74.000122208148241 10374.787243183702
leaf_count=8806 88 498 1691 5340 4640 2271 8653 4664 10092 4143 6966 993 14688 37 762 44590 57 3878 7618 6226 366 993 9192 5373 10546 2274 51 148 507 65031
internal_value=7.80591e-05 -0.0012124 0.0016821 -0.00252621 -0.00611549 -0.00140917 0.00152855 0.00671286 8.51755e-05 0.00475193 -0.00527268 -0.00365492 -0.00315794 0.00365049 -0.00226002 -0.00166345 0.0359675 -0.00835984 0.000912363 -0.00109061 0.000590183 0.00663408 0.000666703 0.00144882 0.00369053 0.000515364 0.00652468 0.0315388 0.00588134 0.000866817
internal_weight=31080.3 12203.9 3811.98 8391.94 1997.18 6394.75 3802.25 828.052 2974.19 775.958 1919.16 1175.35 1437.7 357.102 5618.8 5118.23 17.9174 500.564 18876.4 3987.64 176.707 133.759 2659.76 14888.8 3068.75 1264.82 415.658 33.7939 1803.93 11820
internal_count=231182 115410 26181 89229 31671 57558 26093 6355 19738 6414 26331 9646 19365 4677 51144 45145 555 5999 115772 23036 2121 1359 15418 92736 18899 7846 2473 199 11053 73837
cat_boundaries=0 1 2 3 4 5 6 7
cat_threshold=1 306212 13963856 1744902 923701 29229 1158026
is_linear=0
shrinkage=0.04


Tree=94
num_leaves=31
num_cat=9
split_feature=27 8 0 10 19 29 4 19 19 30 19 19 6 4 12 19 27 9 5 1 22 19 9 13 6 1 17 27 17 27
split_gain=23.4922 14.8167 21.0149 24.5664 19.5678 14.3407 14.1583 16.0535 14.9748 12.5338 14.765 12.2193 12.0048 10.3242 11.6755 10.2427 10.0598 11.7659 14.0401 10.2169 9.92148 9.91855 9.84323 13.1109 10.2747 9.78326 13.0644 12.6763 9.96397 10.7742
threshold=-2.7274999999999991 3.5000000000000004 2.5000000000000004 0 1 5.0750000000000011 0.0083333333333333055 2 3 4 5 6 36.305000000000007 0.063333333333333033 2.3541666666666674 7 -0.45166666666666683 25.500000000000004 4.5000000000000009 45.840000000000011 6.6725000000000003 8 37.500000000000007 0.88194444444444453 34.045000000000009 12.880000000000001 0.11805555555555557 0.43666666666666681 0.35416666666666669 -0.77500000000000002
decision_type=2 2 2 1 1 2 2 1 1 1 1 1 2 2 8 1 2 2 2 2 2 1 2 8 2 2 10 2 10 2
left_child=5 11 9 4 22 -1 8 -8 -5 10 25 13 21 -2 -15 -14 17 18 -9 -18 -21 -11 24 -24 -4 26 -3 -28 29 -27
right_child=1 2 3 6 -6 -7 7 16 -10 12 -12 -13 15 14 -16 -17 19 -19 -20 20 -22 -23 23 -25 -26 28 27 -29 -30 -31
leaf_value=-0.023625546062663504 -0.00028719061785715427 0.0034935860632437704 0.0025961021069247992 -0.0062559132952936811 -0.0023842482443160351 0.048524716798908955 -0.0026676847488703564 0.02838925065277479 -8.6874038344826265e-05 -0.0045458360294495636 0.0001758556117149934 0.0015607841433991406 0.0025797040309950134 0.017016744083621832 -0.0098270776821868314 -0.017724579864455432 -0.007556815244719497 -0.016903043123013529 -0.011309589780633289 -0.0031280173957268531 0.034160888547524297 0.00095682490658057645 0.0064623596608895549 0.033809658086089101 -0.013815259572921306 -0.0045062407061139094 0.09149071674764285 0.02383173268174248 -0.0042551771775586533 0.0084989542419774636
leaf_weight=89.75481341406703 6083.645292583853 19.907095223665237 439.27966292947531 874.22857646644115 1354.0753233022988 4.6353566180914632 1394.5639482652768 21.143270921893418 2198.0443252651021 670.83100621029735 1495.9064305312932 10331.756218204275 62.819841682910919 28.346221726387739 303.40423970948905 109.09878696873784 958.91768806427717 353.84995688684285 43.745262798853219 29.426966123282909 18.653488058596849 2268.0573078989983 702.15958178788424 29.216443624347448 70.888007681816816 115.38558987155557 7.2388549000024822 11.420669987797735 144.74012496322393 873.57486006617546
leaf_count=5413 43132 128 2828 7260 8898 52 13480 394 18448 4197 9380 73605 398 173 2698 678 7780 4795 851 249 138 14234 4466 165 464 926 42 68 874 5228
internal_value=-0.000157341 -9.67005e-05 -0.00104393 -0.00231063 0.000934208 -0.0200824 -0.00373519 -0.00578795 -0.00186295 0.000816595 0.00282187 0.000710262 -0.000909498 -0.000660875 -0.00753342 -0.0111862 -0.00875985 -0.0140318 0.00162587 -0.00665462 0.0113387 -0.000311425 0.00454358 0.00755481 0.000315737 0.00616835 0.0260331 0.0500796 0.00554699 0.00698159
internal_weight=31108.7 31014.3 14267.2 8488.19 2595.62 94.3902 5892.57 2820.3 3072.27 5778.98 2668.17 16747.2 3110.81 6415.4 331.75 171.919 1425.74 418.738 64.8885 1007 48.0805 2938.89 1241.54 731.376 510.168 1172.27 38.5666 18.6595 1133.7 988.96
internal_count=231442 225977 106369 70216 16821 5465 53395 27687 25708 36153 16646 119608 19507 46003 2871 1076 14207 6040 1245 8167 387 18431 7923 4631 3292 7266 238 110 7028 6154
cat_boundaries=0 1 2 3 4 5 6 7 8 9
cat_threshold=1 9764420 1389391 58629 263 4597347 2428610 1821186 8464385
is_linear=0
shrinkage=0.04


Tree=95
num_leaves=31
num_cat=2
split_feature=0 27 20 9 12 29 29 31 7 22 1 21 21 23 12 22 19 0 21 7 19 1 22 16 27 14 27 14 20 1
split_gain=24.9713 18.6265 13.2649 20.0366 17.4356 12.1044 12.0533 13.445 11.2098 11.1521 12.6869 18.1735 35.7082 10.5282 13.2048 9.41615 9.28111 9.67747 20.2134 13.4865 11.4512 11.5317 10.0414 9.21647 8.46688 11.2555 19.0047 13.7777 10.5325 9.5613
threshold=5.5000000000000009 0.4250000000000001 29.430000000000003 42.500000000000007 3.683333333333334 1.7850000000000004 2.4050000000000007 5.5000000000000009 8.9316666666666684 -19.524166666666662 26.875000000000004 5.5950000000000006 2.9650000000000003 4.5000000000000009 5.2928571428571436 -30.687499999999996 0 2.5000000000000004 7.4300000000000006 2.8066666666666706 1 48.295000000000009 -10.640833333333331 1.0000000180025095e-35 -0.18291666666666637 -0.075925925925925855 0.22 -0.12 21.530000000000005 40.920000000000009
decision_type=2 2 2 2 8 2 2 2 2 2 2 2 2 2 10 2 1 2 2 2 1 2 2 8 2 10 2 8 2 2
left_child=13 5 3 -3 -5 8 7 9 -2 15 -11 12 -12 -1 16 -7 23 -18 20 -20 21 -19 -21 -15 28 26 27 -26 29 -24
right_child=1 2 -4 4 -6 6 -8 -9 -10 10 11 -13 -14 14 -16 -17 17 18 19 22 -22 -23 24 -25 25 -27 -28 -29 -30 -31
leaf_value=0.00072911445074386281 -0.020524042554035001 0.0015005855756257424 -0.0011881985465219203 0.097929799735878509 0.016650326960456575 0.061383473266127253 -0.0061464387855722407 0.11072622292487162 0.011948252257237443 -0.030297967397522777 0.034608241576050684 -0.011200288649004946 0.22981202202361306 -0.0035980600884918433 -0.016512686363626645 -0.025998678892256783 0.0001140187584374447 -0.0065368464008631602 -0.009843428536790556 -0.0070725063175473106 0.0063557223641450876 0.045908090013086163 0.0065060405527179767 0.0016397012632185233 0.033397775196393795 0.0068047073832605554 -0.0088740259581665034 0.11848906317697884 -0.011180325386410931 0.064237424167850193
leaf_weight=21363.490534182638 151.3637932529673 32.522940792143345 1465.0010541677475 8.0233162343502062 8.9146188572049123 2.3346924874931601 1216.5034514069557 2.359910422936081 19.163005687296391 3.4035171791911134 4.6684490693733078 3.8540374338626862 2.208780906163156 670.36008955258876 87.545192715711892 12.739510163664818 1424.7578582465649 231.0347571708262 882.28676371276379 223.75721682235599 353.89686506800354 6.9088052883744231 29.035800725221634 2712.4755487544462 6.8558043166995049 78.532393924891949 7.7100052610039702 5.4766948744654673 73.181866783648729 5.4518327228724948
leaf_count=136428 5610 285 10832 68 81 83 20082 69 690 92 117 92 61 6304 2877 401 9529 2304 7853 1965 3464 79 293 20484 52 503 49 38 626 56
internal_value=-7.30014e-05 -0.00358542 -0.000500346 0.0198734 0.0551515 -0.00687897 -0.0055132 0.0188885 -0.016875 0.0114686 0.0369928 0.0583347 0.0973024 0.000292806 -0.00107809 -0.0124649 -0.000876764 -0.00237212 -0.00424483 -0.00701253 0.00189199 -0.00481186 -0.00120403 0.000599986 0.00516276 0.013633 0.0403881 0.0711857 -0.00259198 0.0156323
internal_weight=31095.8 2933.06 1514.46 49.4609 16.9379 1418.6 1248.07 31.5689 170.527 29.209 14.1348 10.7313 6.87723 28162.8 6799.27 15.0742 6711.72 3328.89 1904.13 1312.29 591.84 237.944 430.002 3382.84 206.244 98.5749 20.0425 12.3325 107.67 34.4876
internal_count=231467 38563 11266 434 149 27297 20997 915 6300 846 362 270 178 192904 56476 484 53599 26811 17282 11435 5847 2383 3582 26788 1617 642 139 90 975 349
cat_boundaries=0 1 2
cat_threshold=15597931 53776
is_linear=0
shrinkage=0.04


Tree=96
num_leaves=31
num_cat=7
split_feature=29 27 20 19 4 7 27 9 15 7 19 20 19 4 30 21 27 19 23 4 1 19 5 26 7 7 19 21 3 22
split_gain=20.4099 16.8091 14.8243 18.2869 16.0035 12.8976 14.5983 16.0511 12.8303 11.3391 12.1184 13.7348 11.1435 11.3378 17.4951 11.9891 12.0808 10.3941 10.1807 12.3324 16.3108 10.856 10.1722 9.64486 11.4438 9.62197 9.18755 12.5518 9.15317 8.96967
threshold=5.3050000000000006 -2.7274999999999991 19.340000000000003 0 -0.029999999999999801 -4.8844999999999947 -1.2363333333333328 41.500000000000007 4.5000000000000009 4.2633333333333345 1 41.695000000000007 2 0.050000000000000273 3 19.110000000000003 0.79333333333333333 4 3.5000000000000004 -0.019999999999999126 33.395000000000003 5 2.5000000000000004 1.0000000180025095e-35 5.2455000000000025 -8.8916666666666657 6 25.540000000000003 6.745000000000001 9.6033333333333353
decision_type=2 2 2 1 2 2 2 2 8 2 1 2 1 2 1 2 2 1 2 2 2 1 2 2 2 2 1 2 2 2
left_child=1 8 3 -2 5 -5 -7 -8 22 12 11 -11 13 15 17 16 -3 29 -14 20 -20 25 23 -1 -25 -22 -4 -28 -21 -15
right_child=2 9 26 4 -6 6 7 -9 -10 10 -12 -13 18 14 -16 -17 -18 -19 19 28 21 -23 -24 24 -26 -27 27 -29 -30 -31
leaf_value=0.13146770420407591 -0.013212163583985071 -0.0013992375905408645 -0.00083888018985940757 -0.014768982494136502 0.012403189770097457 0.0037653268406576696 0.097657559881794587 0.01826526577174133 -0.024320522291706694 -0.00085815081939457976 0.0025334127601469355 -0.014257245382701048 0.0018532135774456534 0.0073013676354985301 -0.01493403874075076 -0.0045336509812601272 0.0082699138349347327 -0.0068014665021973479 0.0057438374436309678 -0.0086040842082512042 -0.017953107351360877 -0.0075185761763794387 -0.011457272677415274 -0.041417395657431764 0.13116017541994571 0.005730516045548837 0.010334573116800605 0.0011395006107456456 -0.0022379145884301602 0.051155621817928348
leaf_weight=2.0400926535949093 30.904078714549541 1454.4926688317209 4226.3211435824633 4.7926450483500984 100.73497676290572 6.2938476279377964 13.596811570227148 5.817824847996234 77.45743269380182 1057.0053154081106 2373.8733519390225 138.4334599673748 1852.840452786535 76.92069848626852 296.04870094638318 2127.6798835713416 241.0044929459691 129.56185710988939 690.70328263379633 423.47972960211337 30.973350534215569 364.9779681218788 6.4200962157920003 1.8254720084369185 0.92697024717926968 241.04188194219023 242.18902428075671 12341.762544581667 2463.2497517056763 8.2640263922512514
leaf_count=31 286 13803 27457 40 912 58 97 39 5064 8571 18865 847 13358 747 3044 16076 1388 1329 5476 3799 252 2915 228 81 36 1897 1629 79515 23128 55
internal_value=-4.34685e-05 -0.00117059 0.000890187 0.0129272 0.0186669 0.0454741 0.0567048 0.0738667 -0.0185314 -0.0010604 0.000884928 -0.00238979 -0.00172796 -0.00327434 -0.00887908 -0.00253408 -2.48272e-05 0.000156409 -0.000616934 -0.00170438 0.00148619 -0.00313045 0.0214602 0.0655565 0.0167035 0.00292618 0.000774086 0.00131542 -0.00317182 0.0103418
internal_weight=31031.6 14059.2 16972.4 162.14 131.236 30.5011 25.7085 19.4146 88.6701 13970.6 3569.31 1195.44 10401.2 4333.97 510.795 3823.18 1695.5 214.747 6067.27 4214.43 1327.7 636.993 11.2126 4.79253 2.75244 272.015 16810.3 12584 2886.73 85.1847
internal_count=231023 120990 110033 1432 1146 234 194 136 5440 115550 28283 9418 87267 36442 5175 31267 15191 2131 50825 37467 10540 5064 376 148 117 2149 108601 81144 26927 802
cat_boundaries=0 1 2 3 4 5 6 7
cat_threshold=944 956160 4927574 389 69638 2376065 11600001
is_linear=0
shrinkage=0.04


Tree=97
num_leaves=31
num_cat=3
split_feature=20 9 27 12 8 14 28 29 22 30 14 7 10 20 14 22 18 26 20 30 28 28 24 27 6 24 7 7 20 26
split_gain=19.0259 13.04 12.2379 11.9035 11.9224 11.5687 11.298 9.13209 8.20463 8.18608 23.561 8.17245 9.97309 20.5979 14.437 14.3776 12.3415 11.2215 10.4683 13.5801 11.4289 9.92195 10.688 9.85768 14.6993 9.2363 9.13468 9.74206 9.06629 9.52997
threshold=1.0000000180025095e-35 56.500000000000007 -0.73166666666666613 2.8452380952380958 4.5000000000000009 -0.2000661375661375 3.5000000000000004 1.655 1.0000000180025095e-35 0 0.020019841269841302 8.9316666666666684 1 43.975000000000001 0.40753968253968259 11.453666666666669 0.36666666666666675 6.3850000000000007 36.120000000000012 2 3.5000000000000004 1.5000000000000002 9.5000000000000018 -0.008333333333333524 47.015000000000008 6.5000000000000009 4.5400000000000018 3.2966666666666691 46.180000000000007 6.3950000000000005
decision_type=2 2 2 8 2 10 2 2 2 1 8 2 1 2 8 2 10 2 2 1 2 2 2 2 2 2 2 2 2 2
left_child=1 5 3 7 6 -1 -5 -2 -6 10 -10 12 13 17 23 26 -17 -4 20 -20 -14 -13 -23 24 28 -25 27 -16 -15 -30
right_child=2 -3 11 4 8 -7 -8 -9 9 -11 -12 21 18 14 15 16 -18 -19 19 -21 -22 22 -24 25 -26 -27 -28 -29 29 -31
leaf_value=-0.029386165741262033 0.038281107276711059 0.13485943274128431 0.0030186558939083426 0.033547822622220967 -0.0077092900641661955 -0.0012658470219370627 -0.00125127322519794 0.005290642523169845 0.0070806831811929529 -0.003147806025853751 0.095744329537449546 -0.0015767813603464083 0.0019478670665847972 0.0025380485400287429 0.019524412806922301 0.015653565145423751 -0.0027471834416925994 0.0097593659291577393 0.00022842224758614277 -0.0034163735494171254 -0.00088177821035865665 0.0031993082788361825 0.020989151195356728 0.00053402038310284812 0.047818529653489657 -0.0083152724549487751 0.048027582393913748 -0.029876329393898459 0.0082110106417661449 -0.010686528141422923
leaf_weight=61.610063589178026 14.567032787948845 0.89272325672209163 1592.1607336737216 15.014213006943463 868.52914800494909 37.750799028202891 2581.9978162031621 171.23581391014159 33.614946557208896 138.23088809847832 5.593289326876401 783.4817808419466 4296.9343027658761 153.51715911179781 76.263308014720678 84.825401470065117 186.64112006127834 525.58822394162416 3179.6079870946705 3364.337025936693 4874.7141778171062 2325.3080655150115 55.320138931274414 5023.0505583956838 8.271205507218836 196.0792480558157 16.425431773066521 6.9709247201681128 47.700900889933109 407.05276763066649
leaf_count=3958 141 13 10583 116 11203 1556 29588 1584 341 1400 52 4471 27946 1214 452 469 995 3464 20539 21765 39310 15121 354 30328 64 1184 93 41 368 3173
internal_value=6.25068e-05 -0.0173348 0.00011871 -0.00199863 -0.00250232 -0.0187022 -0.00105009 0.00787711 -0.00610803 0.00172984 0.0157198 0.000416708 0.000165186 0.0012837 0.000123008 0.00777279 0.00300252 0.00469158 -0.000427836 -0.00165029 0.000443916 0.00232771 0.0036127 -0.000363488 -0.0051467 0.000201558 0.0207667 0.0153871 -0.00586692 -0.00870429
internal_weight=31133.3 100.254 31033 3828.78 3642.98 99.3609 2597.01 185.803 1045.97 177.439 39.2082 27204.3 24040.1 8324.55 6206.8 371.126 271.467 2117.75 15715.6 6543.95 9171.65 3164.11 2380.63 5835.67 616.542 5219.13 99.6597 83.2342 608.271 454.754
internal_count=231886 5527 226359 44425 42700 5514 29704 1725 12996 1793 393 181934 161988 52428 38381 2050 1464 14047 109560 42304 67256 19946 15475 36331 4819 31512 586 493 4755 3541
cat_boundaries=0 1 2 3
cat_threshold=18 9 308
is_linear=0
shrinkage=0.04


Tree=98
num_leaves=31
num_cat=5
split_feature=20 5 20 19 0 12 12 9 11 19 0 7 19 3 3 19 29 9 22 7 19 26 26 13 29 29 12 1 26 23
split_gain=15.3237 14.8464 14.0547 23.0613 13.7113 13.0429 10.8309 10.8152 10.43 10.3975 10.3164 9.94835 9.88493 10.5803 11.1944 9.85157 9.82218 8.81097 8.92322 8.79858 8.37125 9.67949 12.7523 9.44517 11.0445 10.6711 8.88913 10.2041 11.3453 8.35355
threshold=7.8800000000000008 5.5000000000000009 12.295000000000002 0 2.5000000000000004 3.3541666666666674 5.2928571428571436 48.500000000000007 1.5000000000000002 1 4.5000000000000009 -3.8583333333333321 2 7.1350000000000007 6.705000000000001 3 3.4450000000000007 24.500000000000004 -19.840833333333325 -6.8600000000000003 4 3.9550000000000005 5.0650000000000004 0.38750000000000007 5.7250000000000005 5.1450000000000005 3.8819444444444451 25.685000000000006 3.7250000000000005 4.5000000000000009
decision_type=2 2 2 1 2 8 8 2 2 1 2 2 1 2 2 1 2 2 2 2 1 2 2 8 2 2 8 2 2 2
left_child=6 2 3 11 20 9 15 -8 10 -6 16 17 -7 14 -14 -1 -5 18 -2 -19 21 26 23 24 25 -23 -3 -28 -29 -4
right_child=1 4 29 8 5 12 7 -9 -10 -11 -12 -13 13 -15 -16 -17 -18 19 -20 -21 -22 22 -24 -25 -26 -27 27 28 -30 -31
leaf_value=-0.012585337732938524 0.042040063801905884 -0.020577465451162763 0.00064068363371084982 -0.0069610002545864589 -0.005237270359965145 -0.010876904914312664 -0.01938677455420296 0.11064914355350831 -0.0014745578388304893 0.0021417367937921544 0.050254358773095177 0.019283658976606645 0.027252956188848154 0.02149778202203884 -0.0054142496397746936 0.0028501402433067017 0.028720187634610095 0.0054942314970845875 0.12979613354488964 0.065481015825255506 -0.0011812361714863388 0.0010165351491276302 0.0097417697568630609 -0.031610136543516229 0.044888942073610501 -0.037348699001445752 0.093525731515772134 -0.0052851483349507294 0.060027558364284007 -0.0010434630121207787
leaf_weight=101.43858292233199 3.7360976450145245 4.6328749097883728 20664.681339835748 27.802474416792393 532.48156268522143 550.86003896780312 115.06868054997176 1.0325438268482674 249.98102718964219 691.74777607619762 11.946670154109595 67.907955495640635 17.225599646568298 25.85676752962172 654.80382179096341 158.86581430956721 22.200397811830044 8.6179502196609974 3.6799454689025906 7.1646811328828308 726.06785898655653 68.6475570499897 236.80337477475405 19.985400401055813 7.6111768558621398 13.958587490022181 4.5742148682475117 8.8159715458750743 8.2260805964469892 6104.2725527118891
leaf_count=2131 62 42 135573 233 4253 6136 6423 15 3044 5303 198 757 168 272 6998 3151 161 100 53 74 4696 499 1386 132 51 98 42 84 68 49450
internal_value=-4.86611e-05 4.95505e-05 0.000368265 0.00778228 -0.00237469 -0.00402695 -0.00807045 -0.0182303 0.0020993 -0.00109307 0.0168595 0.0243379 -0.00690323 -0.00355984 -0.00457692 -0.00353894 0.00888082 0.0496239 0.0855859 0.0327258 0.00134214 0.00611843 0.00451072 -0.00672974 -0.00121811 -0.00546633 0.0297028 0.040479 0.0262408 0.000256638
internal_weight=31120.7 30744.3 27172 403.037 3572.3 2472.98 376.406 116.101 311.931 1224.23 61.9495 91.1066 1248.75 697.886 672.029 260.304 50.0029 23.1987 7.41604 15.7826 1099.32 373.255 347.006 110.203 90.2173 82.6061 26.2491 21.6163 17.0421 26769
internal_count=231653 219933 189705 4682 30228 23130 11720 6438 3636 9556 592 1046 13574 7438 7166 5282 394 289 115 174 7098 2402 2166 780 648 597 236 194 152 185023
cat_boundaries=0 1 2 3 4 5
cat_threshold=111232 3054177 9410192 6096472 681121
is_linear=0
shrinkage=0.04


Tree=99
num_leaves=31
num_cat=7
split_feature=0 15 19 12 11 5 19 0 19 26 19 6 12 19 17 15 21 21 1 19 30 1 22 4 22 23 12 28 1 17
split_gain=18.6629 17.1544 14.6946 11.5341 14.3611 15.9203 11.5 11.2141 10.8661 10.7566 11.6673 9.73964 9.5894 12.6619 11.3143 19.3411 10.9858 11.6805 9.49476 18.0177 9.38846 11.8009 9.25471 12.5723 11.5248 9.6447 9.11733 8.79484 8.55486 8.29022
threshold=5.5000000000000009 3.5000000000000004 0 4.1055555555555561 1.5000000000000002 3.5000000000000004 1 1.5000000000000002 2 4.4050000000000011 3 29.135000000000002 4.2928571428571436 4 1.0000000180025095e-35 4.5000000000000009 13.910000000000002 24.830000000000002 37.525000000000006 5 6 55.665000000000013 4.7733333333333325 0.071999999999999634 3.0625000000000004 1.5000000000000002 2.8166666666666669 4.5000000000000009 27.105000000000004 0.10555555555555557
decision_type=2 10 1 10 2 2 1 2 1 2 1 2 10 1 10 10 2 2 2 1 1 2 2 2 2 2 8 2 2 10
left_child=3 2 -2 -1 12 18 -7 -8 -3 10 -4 -10 -5 -14 22 -16 -17 -18 -6 -20 21 29 23 24 28 -24 -12 -11 -15 -21
right_child=1 8 9 4 5 6 7 -9 11 27 26 -13 13 14 15 16 17 -19 19 20 -22 -23 25 -25 -26 -27 -28 -29 -30 -31
leaf_value=0.00049881608071923166 -0.0052529914019425273 -0.016016076264722033 -0.0052774896322890022 -0.0059149170623086691 0.0014565177339958908 -0.0012487586328658732 0.0009121203898041552 -0.010518276721022105 -0.012803307795010046 0.0015191945050856827 0.092884240831893339 -0.0020979288907232371 -0.0010287804238592708 -0.012987098727577098 0.012498719890108062 0.099444092342980725 -0.0095882091280107586 0.065289664044877724 -0.014006384901791914 -0.01402011728407343 0.0094415821603056841 0.052309127176844487 0.017579147083700612 0.065371017152670782 0.053852067632360841 -0.018879026051248929 0.025904814332230207 -0.012882433513490853 0.011892523931042349 0.022502424017105737
leaf_weight=24338.468898572028 841.24634834378958 198.74536837730557 31.0902085211128 134.09884727373719 1277.5242497734725 569.27202651556581 165.50100981071591 806.75521672237664 193.07973500248045 1076.9382763504982 3.5106750875711432 459.75114446226507 230.60323190316558 27.732374330051243 53.051615500822663 6.8353191204369095 5.2634662538766852 9.0897438302636129 194.54403470922261 87.808122021146119 124.17727896664292 5.1345672225579611 17.101790562272072 6.7975187730044118 8.8893227726221067 36.150791253894567 44.072593540884554 72.407733833417296 109.12802312616259 11.214032080024479
leaf_count=157341 8533 4641 601 939 11219 5836 1209 8761 4183 9099 51 9325 1952 283 387 67 44 65 1696 784 1059 40 115 72 62 250 819 1279 1055 85
internal_value=-0.000139294 -0.00318307 -0.00121655 0.000175687 -0.00184776 -0.00293207 -0.00587604 -0.00848528 -0.00796155 0.0015785 0.0159002 -0.00518471 0.00360447 0.00610434 0.0116007 0.0254015 0.0577072 0.0378312 -0.000263169 -0.00545838 0.00233577 -0.00622086 0.0071859 0.0121976 0.00971771 -0.00717067 0.0254897 0.000611905 0.0068511 -0.00988402
internal_weight=31146 2920.84 2069.27 28225.1 3886.67 3241.93 1541.53 972.256 851.576 1228.02 78.6735 652.831 644.742 510.643 280.04 74.2401 21.1885 14.3532 1700.4 422.878 228.334 104.157 205.8 152.547 145.75 53.2526 47.5833 1149.35 136.86 99.0222
internal_count=231852 38531 20382 193321 35980 30689 15806 9970 18149 11849 1471 13508 5291 4352 2400 563 176 109 14883 3664 1968 909 1837 1472 1400 365 870 10378 1338 869
cat_boundaries=0 1 2 3 4 5 6 7
cat_threshold=14820784 1061223 3212864 557642 3555899 1727216 154
is_linear=0
shrinkage=0.04


Tree=100
num_leaves=31
num_cat=5
split_feature=27 22 0 18 4 19 9 27 31 22 7 19 4 4 30 19 22 22 9 20 26 26 11 4 19 20 20 12 1 9
split_gain=16.8145 12.6174 11.1951 19.1152 16.6039 16.5651 15.8554 12.1587 10.7082 11.5175 10.5098 10.2976 11.5989 11.9464 10.1281 9.98384 14.758 13.2193 16.9582 14.0905 15.4751 12.9979 20.4335 11.8996 9.8429 9.25506 13.4401 9.70616 9.66842 9.15016
threshold=-2.7274999999999991 23.53166666666667 5.5000000000000009 0.29166666666666669 -0.039999999999999584 0 62.500000000000007 2.1091666666666673 1.5000000000000002 -8.9426666666666677 27.417500000000008 1 0.0083333333333333055 0.024999999999999915 2 3 9.418333333333333 1.0708333333333331 37.500000000000007 32.935000000000009 6.4350000000000014 4.035000000000001 5.5000000000000009 0.013333333333334087 4 9.6950000000000021 8.8400000000000016 2.8452380952380958 39.415000000000006 24.500000000000004
decision_type=2 2 2 8 2 1 2 2 2 2 2 1 2 2 1 1 2 2 2 2 2 2 2 2 1 2 2 10 2 2
left_child=1 -1 -2 4 -4 6 10 -7 9 -5 14 12 -11 -14 25 16 17 21 19 -19 23 22 -10 -21 -23 26 -6 28 -27 -26
right_child=2 -3 3 8 5 7 -8 -9 15 11 -12 -13 13 -15 -16 -17 -18 18 -20 20 -22 24 -24 -25 29 27 -28 -29 -30 -31
leaf_value=-0.019401647014775956 0.00025113049979569383 0.10762351432846334 0.0036264367585809409 -0.030012447835445284 0.02296289383658482 -0.011005443768682852 0.084192661725925322 0.020864709283758765 -0.019784525825345917 0.00034900083725091495 0.061593527247811419 -0.0069643423243956086 0.090463089243077929 0.01880774045036291 -0.0073136736904644154 -7.5831032297651274e-05 0.0018132090668451862 0.11365867742723466 0.012728189504657306 -0.0057462639418553339 0.075006701897087941 -0.010183344248963533 0.16322508914087691 0.071310865259540016 0.064401100785436621 0.019165695137727267 0.16764109791828041 -0.0024708817205446663 -0.019966959860461115 0.011527754949431382
leaf_weight=86.16694416757673 28169.605804052204 1.2695874348282803 323.0545895807445 26.70577647536993 9.9664835315197671 822.15511157456785 3.4018323086202136 19.609992280602455 1.7925378074869507 28.400589976459742 4.089921958744525 150.5660445895046 5.5233494751155403 11.419208442792295 370.94357891194522 367.34078570175916 185.20821191743016 5.0438008159399024 36.941814545542002 11.707995869219308 12.242735899984835 34.731600854545832 2.1433111466467381 4.4158068001270285 5.8083878494799128 67.25842597708106 1.1454184222966439 297.90089594572783 11.887118872255085 53.227113785222173
leaf_count=5462 190700 9 3832 369 408 12451 45 109 46 223 47 1321 50 104 5167 3390 1309 59 349 106 91 379 50 43 66 610 31 4209 115 634
internal_value=-4.08572e-05 -0.0175572 8.4779e-06 -0.00236937 -0.0046488 -0.00631096 -0.00194602 -0.0101425 0.00229819 -0.00536982 -0.00235547 -0.00201061 0.0130882 0.0421677 -0.00270002 0.00466706 0.0093368 0.0181839 0.0314046 0.052055 0.0411014 0.00866418 0.0798754 0.0153573 0.00567511 0.00184978 0.0378764 0.000837104 0.0132882 0.0143065
internal_weight=31131.7 87.4365 31044.2 2874.63 1931.41 1608.36 766.594 841.765 943.219 222.615 763.192 195.909 45.3431 16.9426 759.102 720.604 353.263 168.055 70.3522 33.4103 28.3665 97.703 3.93585 16.1238 93.7671 388.158 11.1119 377.046 79.1455 59.0355
internal_count=231784 5471 226313 35613 27024 23192 10632 12560 8589 2067 10587 1698 377 154 10540 6522 3132 1823 648 299 240 1175 96 149 1079 5373 439 4934 725 700
cat_boundaries=0 1 2 3 4 5
cat_threshold=842027 50824 403 7125015 561156
is_linear=0
shrinkage=0.04


Tree=101
num_leaves=31
num_cat=5
split_feature=12 8 4 19 20 19 1 21 19 21 14 7 12 22 9 28 14 19 22 22 4 7 19 3 20 18 12 4 4 4
split_gain=15.6827 14.9398 14.903 14.6755 13.5501 11.7578 11.2673 12.5437 11.8553 13.7163 12.5929 11.2412 14.2133 11.6311 9.5663 21.0175 9.1301 8.54816 8.87614 10.0072 9.44364 9.39151 12.288 10.4901 8.78248 9.61193 18.1183 11.2708 11.0978 10.0677
threshold=5.4722222222222232 3.5000000000000004 0.0083333333333333055 0 27.305000000000003 1 57.465000000000011 40.925000000000004 2 33.025000000000013 0.03333333333333334 -19.762499999999996 2.2678571428571432 -25.920833333333331 21.500000000000004 2.5000000000000004 0.083333333333333412 3 21.42583333333334 27.621666666666666 0.01166666666666716 2.7250000000000036 4 6.9150000000000009 30.115000000000006 0.22500000000000003 2.2111111111111117 -0.034500000000000412 -0.009999999999999341 0.017083333333333343
decision_type=10 2 2 1 2 1 2 2 1 2 8 2 10 2 2 2 10 1 2 2 2 2 1 2 2 8 8 2 2 2
left_child=1 6 5 14 -5 11 17 8 9 -8 -11 12 -3 -13 15 -4 -10 18 -1 24 21 -21 23 -23 -20 -26 -27 -28 -29 -30
right_child=-2 2 3 4 -6 -7 7 -9 16 10 -12 13 -14 -15 -16 -17 -18 -19 19 20 -22 22 -24 -25 25 26 27 28 29 -31
leaf_value=-0.00076094161394565756 -0.015235266579327746 0.039118966753819956 0.12546760928898248 -0.0081677277541309084 -0.0025753866276884887 -0.001104626565935563 0.0014624656351993205 -0.023396685402714196 -0.022814697312443486 0.085560766300984845 0.0079283381797182993 -0.010517476777573474 -0.017279124378197851 0.002723288957308606 -0.00030455645678156482 0.011173855076193147 0.010424524739856507 0.0016623691024425693 0.030471864615779012 -0.014829601825777789 0.0096274336301800881 0.023962241477385047 -0.0094409099271499913 -0.024889279304243114 0.0010431356962581188 -0.0067942582656004445 0.044321273554405398 -0.0080907755032856091 0.04273505729418603 0.0085527201346916968
leaf_weight=5461.8824211014435 107.7881190367043 7.8547899872064582 2.9239129498600986 955.76436591986567 2523.6848221980035 4772.5844839606434 29.077380261383951 63.852983569726348 44.585065408609807 7.354570370167492 6.1294240672141314 109.63991458807141 79.646574650891125 3333.3304224712774 2420.0059137782082 21.528727479279041 18.795895732939243 10404.58579820022 26.691566102206707 99.842778168618679 90.069366611540318 47.431802004575729 66.52371197193861 8.2574699223041517 205.91919115558267 45.830853991210461 29.461257852613926 22.946207918226719 26.580164924263954 28.641969814896584
leaf_count=40157 5253 48 17 10491 18135 33369 216 407 369 54 43 1075 568 23038 19301 394 121 74374 180 558 519 270 374 46 1201 258 171 131 150 168
internal_value=-4.19658e-06 4.88284e-05 -0.000904124 -0.00243682 -0.00409976 0.000189396 0.00085899 -0.00939261 -0.00095215 0.0137056 0.0502714 0.00193633 -0.0122164 0.00230164 -5.28072e-05 0.0248405 -0.0111917 0.000964073 -0.000217717 0.00402872 -0.00129722 -0.00572844 0.00170683 0.0141735 0.00833457 0.0066904 0.0142681 0.0232369 0.0152903 0.0250058
internal_weight=31069.2 30961.4 14227 5923.91 3479.45 8303.06 16734.5 169.795 105.942 42.5614 13.484 3530.47 87.5014 3442.97 2444.46 24.4526 63.381 16564.7 6160.08 698.196 312.125 222.056 122.213 55.6893 386.071 359.38 153.46 107.63 78.1683 55.2221
internal_count=231456 226203 106436 48338 28626 58098 119767 1210 803 313 97 24729 616 24113 19712 411 490 118557 44183 4026 1767 1248 690 316 2259 2079 878 620 449 318
cat_boundaries=0 1 2 3 4 5
cat_threshold=2482947 15469264 5496876 6555226 6291480
is_linear=0
shrinkage=0.04


Tree=102
num_leaves=31
num_cat=9
split_feature=0 27 3 28 27 19 18 3 19 19 10 9 27 19 19 7 6 26 19 1 21 30 6 7 30 12 26 6 11 27
split_gain=14.5256 19.2355 17.6846 20.9201 16.0147 15.4062 11.6832 10.5916 15.6773 14.9557 11.7955 10.5908 10.3768 13.0589 10.4782 10.8014 10.3703 10.5249 18.7044 12.3463 10.1607 12.0039 17.5598 12.3079 10.1065 9.84689 9.73198 11.8599 13.2266 12.1959
threshold=3.5000000000000004 -0.47449999999999987 6.8750000000000009 3.5000000000000004 -0.7899999999999997 0 0.36666666666666675 6.7650000000000006 1 2 3 24.500000000000004 1.6791666666666665 4 5 8.1836666666666691 24.250000000000004 4.2650000000000006 6 10.170000000000002 31.600000000000005 7 41.365000000000002 10.507500000000002 8 1.8166666666666669 5.2350000000000012 46.465000000000011 3.5000000000000004 -0.01666666666666616
decision_type=2 2 2 2 2 1 10 2 1 1 1 2 2 1 1 2 2 2 1 2 2 1 2 2 1 8 2 2 2 2
left_child=7 2 3 4 -2 20 -7 9 -9 10 -1 -11 14 25 15 -3 -4 18 19 -18 -5 22 -22 -24 -15 -14 27 28 -17 -30
right_child=1 12 16 5 -6 6 -8 8 -10 11 -12 -13 13 24 -16 26 17 -19 -20 -21 21 -23 23 -25 -26 -27 -28 -29 29 -31
leaf_value=-0.0013278493863385296 0.10183601765450019 7.962043443801822e-05 -0.01950468641687848 -0.00061476682349920707 0.016251670863706338 -0.0074836629902350618 0.008231987872533179 0.0031948522555024879 0.00032843321024091218 -0.0064364710323138608 -0.0095571811829649033 0.00089453902060190687 -0.0086213759738559565 -0.010241468175589821 -0.0018699214277586634 0.0073212322881215054 0.10690455578375739 -0.011935115275915021 -0.0088665233686908845 0.0097712397626141759 0.017003654238801982 0.0012923277638612685 0.11476020858650809 0.027728770617753584 0.0023452392727141918 0.010492783930672758 0.0030647557825822648 0.0030357578427599192 0.063221043738657626 0.018576933713335214
leaf_weight=707.46169996261597 5.1418842673301723 3330.1577511839569 128.28125083073974 546.27349081914872 10.943832553923128 763.98743512947112 84.008726540952921 4957.6282403618097 7944.2134999465197 338.91453782469034 462.90285553969443 4524.5488089378923 47.97972609102726 124.26610106229782 4899.5011822730303 30.899150650948286 2.1337024802342048 344.17624375224113 205.74454110860825 111.75242670066655 53.790476825088263 112.61673922650516 5.511690251529215 4.9212336093187332 416.66396352648735 426.00953795015812 388.23308097571135 63.368716172873974 20.887306120246649 18.428491108119488
leaf_count=4154 51 26303 2508 9786 109 13363 1047 30192 49149 2362 2972 27185 241 658 39649 238 46 4738 4326 2415 659 1371 66 54 2182 2225 2608 494 203 133
internal_value=9.3113e-05 -0.000986595 -0.00421171 -0.00177554 0.0436092 -0.00224021 -0.00585768 0.000785657 0.00143261 -0.000597685 -0.00463611 0.000382884 -0.000200895 0.0036278 -0.000644913 0.000915708 -0.00909332 -0.00708131 -0.00185477 0.0106554 0.00205459 0.0104166 0.0226831 0.0737073 -0.000679674 0.00838113 0.00626905 0.0155817 0.0269043 0.042295
internal_weight=31081.3 12145.7 2379.28 1587.2 16.0857 1571.11 847.996 18935.7 12901.8 6033.83 1170.36 4863.46 9766.4 1014.92 8751.48 3851.97 792.088 663.807 319.631 113.886 723.114 176.84 64.2234 10.4329 540.93 473.989 521.817 133.584 70.2149 39.3158
internal_count=231487 115473 40539 26506 160 26346 14410 116014 79341 36673 7126 29547 74934 5306 69628 29979 14033 11525 6787 2461 11936 2150 779 120 2840 2466 3676 1068 574 336
cat_boundaries=0 1 2 3 4 5 6 7 8 9
cat_threshold=5990531 14681957 4777985 3 1494342 1599662 4368401 450 6
is_linear=0
shrinkage=0.04


Tree=103
num_leaves=31
num_cat=8
split_feature=0 28 12 20 4 19 14 19 19 12 27 19 7 6 7 14 22 19 20 27 20 19 19 19 1 20 7 22 29 0
split_gain=16.1658 26.0653 20.5751 18.4879 18.0619 17.7947 17.0857 19.2525 16.9125 14.0215 13.3825 13.3098 12.6684 11.0292 10.3963 10.1964 12.4057 12.2152 10.7055 10.1715 10.6216 15.633 11.1524 10.4161 10.1308 9.82736 9.78277 9.63221 9.55725 10.8893
threshold=2.5000000000000004 2.5000000000000004 4.6833333333333345 45.70000000000001 -0.05000000000000026 0 0.1834656084656085 1 2 3.6125000000000003 -0.19166666666666707 3 4.4483333333333368 47.565000000000005 -10.6755 -0.21111111111111103 17.814166666666676 4 51.945000000000007 1.583666666666667 26.145000000000003 5 6 7 39.515000000000008 51.945000000000007 -7.6099999999999977 -38.267499999999991 7.1950000000000012 5.5000000000000009
decision_type=2 2 8 2 2 1 10 1 1 10 2 1 2 2 2 10 2 1 2 2 2 1 1 1 2 2 2 2 2 2
left_child=3 10 4 27 5 9 11 13 -4 26 -2 -6 -13 -8 -11 16 17 -5 -18 20 21 24 -22 25 -12 -21 -3 -1 -24 -30
right_child=1 2 8 15 6 -7 7 -9 -10 14 19 12 -14 -15 -16 -17 18 -19 -20 23 22 -23 28 -25 -26 -27 -28 -29 29 -31
leaf_value=0.033848393866296442 0.050520198641346152 -0.019128839549177268 -0.0016899677011769196 0.018634167911705704 -0.0045810527550857287 -0.00056704420214841503 0.015239075825732949 -0.0011493297559921117 -0.013669695411627207 0.067405443333904871 0.0029415172458053282 -0.0023778710659327672 0.0022436201853420273 -0.023419698619068098 0.018346080680875298 -0.0018791296681276882 0.064107250016359016 -0.0095659538001441509 0.0027524219877305312 -0.0034778921679148454 -0.0024033331461449361 0.019408704136817733 0.00051333595111767818 0.0067451307810713857 -0.031542471130115865 0.0053269111345367595 0.0075801025773352482 0.0020930329405742325 0.0090057257071165259 -0.0065720310598673653
leaf_weight=15.307786352932451 8.7682882323861104 24.297607809305191 367.03358081635088 36.195288084447384 3023.3844565190375 623.50153542123735 234.24225885421038 419.63755334727466 405.35468110162765 7.310435799881815 73.326929870992899 3805.0398662574589 1264.3746581794694 12.434538051486014 126.55411205999553 2918.1911477819085 11.635049410164358 44.209541775286198 7.4725210666656485 449.1254298761487 1994.4866324774921 100.79006347432733 3637.9396287277341 899.06063163280487 16.743614129722118 369.84237027168274 226.28609231766313 9483.0266783069819 423.11579263210297 86.470394786447287
leaf_count=108 61 193 7470 224 28987 5108 1783 3189 8558 69 479 37022 11300 93 1148 17815 70 271 50 2327 12381 659 22253 4605 108 1900 1740 58755 2334 717
internal_value=0.000166241 -0.000581686 -0.00189115 0.00127768 -0.00139415 0.00367657 -0.00197766 0.00417915 -0.00817587 0.0103056 0.00113068 -0.00248458 -0.0012228 0.0127726 0.0210252 -0.00144976 0.0111414 0.00425652 0.0401128 0.00107689 0.00033635 0.00962927 4.75764e-05 0.0038066 -0.00312222 0.000492308 0.0049903 0.00214421 0.00122902 0.00636238
internal_weight=31115.2 18599.1 10539.5 12516 9767.06 1007.95 8759.11 666.314 772.388 384.448 8059.67 8092.8 5069.41 246.677 133.865 3017.7 99.5124 80.4048 19.1076 8050.9 6332.87 190.861 6142.01 1718.03 90.0705 818.968 250.584 9498.33 4147.53 509.586
internal_count=231777 154484 106660 77293 90632 8258 82374 5065 16028 3150 47824 77309 48322 1876 1217 18430 615 495 120 47763 38931 1246 37685 8832 587 4227 1933 58863 25304 3051
cat_boundaries=0 1 2 3 4 5 6 7 8
cat_threshold=10295752 7389842 1633188 208772 12687651 6835636 2917129 6427325
is_linear=0
shrinkage=0.04


Tree=104
num_leaves=31
num_cat=5
split_feature=8 16 7 19 20 19 26 12 19 12 1 19 18 17 17 7 21 21 22 28 3 16 22 19 20 16 3 3 31 9
split_gain=12.8763 16.8807 13.8866 13.1849 12.8896 21.8673 23.8356 20.2957 14.7809 12.5004 13.0139 11.7729 13.5003 13.6663 11.0469 11.4282 11.1678 14.1819 10.2249 10.0804 9.76191 9.36985 8.93801 8.53712 8.43759 8.42601 15.0592 12.0114 13.3338 8.04466
threshold=3.5000000000000004 0.90000000000000013 -3.3463333333333334 0 49.100000000000009 1 6.6350000000000007 3.1055555555555561 2 3.8452380952380958 29.735000000000003 3 0.70833333333333337 0.11805555555555557 0.38750000000000007 4.0766666666666707 52.410000000000004 50.855000000000011 27.621666666666666 4.5000000000000009 6.6150000000000011 0.90000000000000013 4.1481666666666621 4 62.090000000000011 0.63333333333333341 6.6950000000000012 6.8150000000000004 2.5000000000000004 21.500000000000004
decision_type=2 8 2 1 2 1 2 8 1 10 2 1 10 8 8 2 2 2 2 2 2 8 2 1 2 10 2 2 2 2
left_child=4 3 18 19 7 9 -7 -1 29 10 21 -4 13 -13 16 -16 17 22 23 -2 -8 -6 -12 -3 -18 -21 -27 28 -28 -9
right_child=1 2 11 -5 5 6 20 8 -10 -11 14 12 -14 -15 15 -17 24 -19 -20 25 -22 -23 -24 -25 -26 26 27 -29 -30 -31
leaf_value=0.0030671152864234488 -0.0020762452793984662 0.0083821743955144034 -0.0010644243088073799 -0.00044610419391805415 -0.007729425629514175 -0.012892356027978938 -0.020692710933710955 -0.014298957282548871 0.0012869239180682513 0.036294439975288112 0.026452078959396795 0.079736869110119249 0.057670048031177354 0.01466802286997047 0.010014287474711015 -0.010562403202929839 -0.001635231021447087 0.059167077372327688 0.024459755751383736 -0.0072461486767184851 -0.0014255555780956013 0.02373011863828681 0.0070666172896014894 -0.0065231600234699925 0.040301065709249614 -0.048963372283417031 0.013876559651220553 0.0009707028893694322 0.096384190106431317 -0.0017273054506684324
leaf_weight=5085.0119259804487 3585.3026821706444 84.964006679132581 55.824920145794749 9207.9516153251752 179.93112172186375 389.30336894467473 43.174664683640003 83.280220916494727 5191.8317011930048 19.137093685567379 66.369318403303623 5.4846669100224963 16.527075253427029 88.463367627002299 83.726954370737076 89.190500412136316 92.62573754414916 12.782050408422945 27.117992021143436 986.5649034762755 1651.2485470101237 16.540188021957874 89.200188115239143 165.69408733863384 8.3700887113809568 5.2075662203133097 6.4320705905556697 14.919027499854563 6.1117017939686775 3687.527384438552
leaf_count=32758 23828 592 381 70473 1045 2391 266 1888 42356 123 436 37 97 638 490 519 556 75 155 11256 9857 96 513 1193 46 39 53 135 56 29072
internal_value=-0.000191689 -0.00107571 0.00660064 -0.00132251 0.000558975 -0.00194981 -0.00394817 0.0010486 -9.66172e-05 0.00437327 0.00348535 0.0157424 0.0223119 0.0184667 0.00729085 -0.000599131 0.0123561 0.0186647 0.00112761 -0.00306747 -0.00191649 -0.00508096 0.0153369 -0.00139663 0.00184026 -0.00658432 0.0134014 0.0252272 0.0540767 -0.00199965
internal_weight=31045.8 14256.6 444.076 13812.5 16789.3 2741.6 2083.73 14047.7 8962.64 657.873 638.736 166.3 110.475 93.948 442.265 172.917 269.347 168.352 277.776 4604.54 1694.42 196.471 155.57 250.658 100.996 1019.24 32.6704 27.4628 12.5438 3770.81
internal_count=231420 108933 3093 105840 122487 16413 12514 106074 73316 3899 3776 1153 772 675 2635 1009 1626 1024 1940 35367 10123 1141 949 1785 602 11539 283 244 109 30960
cat_boundaries=0 1 2 3 4 5
cat_threshold=147645 1087760 5581410 10528521 10667074
is_linear=0
shrinkage=0.04


Tree=105
num_leaves=31
num_cat=1
split_feature=12 7 9 4 29 14 4 16 21 7 16 30 7 1 4 29 29 13 14 3 1 7 29 9 24 20 1 1 21 29
split_gain=15.1816 9.85834 11.3452 10.0848 12.1077 9.76263 11.951 13.0989 9.07071 7.815 12.1861 11.8148 9.36229 8.46785 9.3209 10.351 12.12 10.0071 10.5542 9.84784 8.26203 10.4696 9.10152 14.1987 11.7106 8.31318 7.66736 7.55784 7.42058 7.92354
threshold=5.4722222222222232 -13.129166666666663 57.500000000000007 -0.0050000000000003366 6.3650000000000011 -0.057142857142857141 -0.034999999999999691 1.0000000180025095e-35 46.035000000000004 8.9316666666666684 0.90000000000000013 0 1.7483333333333333 40.435000000000009 0.025000000000000803 6.995000000000001 7.2950000000000008 0.88194444444444453 0.29319444444444448 6.8450000000000006 38.305000000000007 11.336333333333334 5.9150000000000009 37.500000000000007 9.5000000000000018 61.040000000000006 33.82500000000001 28.265000000000004 23.550000000000004 4.6050000000000013
decision_type=10 2 2 2 2 8 2 10 2 2 10 1 2 2 2 2 2 10 10 2 2 2 2 2 2 2 2 2 2 2
left_child=1 2 3 4 5 -1 8 -8 -7 10 -3 13 -13 14 15 17 -17 18 27 26 21 25 24 -24 28 -11 -20 -12 29 -22
right_child=-2 9 -4 -5 -6 6 7 -9 -10 20 11 12 -14 -15 -16 16 -18 -19 19 -21 22 -23 23 -25 -26 -27 -28 -29 -30 -31
leaf_value=-0.0041048389613371232 -0.015139393593482738 -0.00017970181832351346 -0.025537439681212463 -0.0056065533279218418 -0.0086635765119725382 -0.0031245909510812038 0.059316070321678939 0.013358325140647697 0.037804150776606191 0.006952825962867587 0.039726717104932571 0.0062747774178469164 -0.0075765401355666557 -0.009378669608548303 -0.0019330591374607836 0.074745811159376743 0.025168556914998148 -0.0078133586686352195 0.0090490642824057662 0.083652964665491825 -0.0028933000977153784 0.0012450683023768046 -0.0076999661985595125 0.0092130406299828198 0.031206456169038336 -0.025412009984903974 0.06073169276693572 -0.0060151335389474481 -0.0095346287516686716 0.019441881464850565
leaf_weight=131.37822366971523 105.9081329992041 25540.241741172969 35.693881329149008 784.27782538253814 141.3418919108808 116.36387218162417 10.650168338790534 145.31156076677144 9.3606608062982541 909.03082870971411 8.2627317607402819 242.71036854758859 115.10365491360426 18.663143433630466 26.465905882418156 12.169893473386763 22.432535503059626 20.313229493796825 12.215621858835226 7.0370328947901717 198.50970546901226 1772.3317060684785 118.81640988960862 239.51920851320028 14.25587093643844 12.878040149807928 7.3599625676870337 19.230733763426542 311.54697334580123 29.144317258149385
leaf_count=1134 5264 188282 282 6363 870 769 79 964 58 6355 51 1481 693 116 168 71 134 120 71 41 1684 12106 718 1455 113 74 42 124 2117 202
internal_value=-2.0718e-05 3.08791e-05 -0.00328098 -0.00268755 0.00144175 0.00489958 0.00909923 0.0164966 -7.72933e-05 0.000184352 -5.72182e-05 0.00605308 0.00176955 0.0149137 0.0193607 0.0245299 0.0426052 0.0161256 0.025113 0.0430695 0.00192961 0.00304344 -0.00136163 0.00360505 -0.0045773 0.00650073 0.0284805 0.00773187 -0.00552338 -3.39453e-05
internal_weight=31138.5 31032.6 1374.38 1338.68 554.406 413.064 281.686 155.962 125.725 29658.2 26052.2 511.965 357.814 154.151 135.488 109.022 34.6024 74.4193 54.1061 26.6126 3606.03 2694.24 911.792 358.336 553.457 921.909 19.5756 27.4935 539.201 227.654
internal_count=232001 226737 10519 10237 3874 3004 1870 1043 827 216218 191394 3112 2174 938 822 654 205 449 329 154 24824 18535 6289 2173 4116 6429 113 175 4003 1886
cat_boundaries=0 1
cat_threshold=274
is_linear=0
shrinkage=0.04


Tree=106
num_leaves=31
num_cat=7
split_feature=0 28 19 3 26 1 1 4 19 19 20 14 26 7 20 19 17 14 19 0 1 24 26 19 3 4 14 19 28 29
split_gain=16.091 20.3836 17.7493 12.3075 13.4365 13.6397 12.0274 11.6281 18.4242 13.4504 11.7435 21.5571 9.54844 9.49368 10.4812 12.7649 11.9304 10.3184 12.7713 10.1311 17.4224 14.0557 12.6699 14.213 10.3609 9.93089 10.3676 10.3346 10.6036 9.49059
threshold=4.5000000000000009 4.5000000000000009 0 6.6550000000000011 5.9050000000000011 32.360000000000007 31.265000000000004 -0.038333333333333545 1 2 25.295000000000005 -0.088888888888888851 1.7950000000000002 -8.0449999999999982 48.900000000000006 3 0.58571428571428574 0.17976190476190482 4 1.5000000000000002 37.805000000000007 4.5000000000000009 6.785000000000001 5 6.705000000000001 -0.023333333333332981 -0.066666666666666666 6 1.5000000000000002 6.4050000000000011
decision_type=2 2 1 2 2 2 2 2 1 1 2 8 2 2 2 1 10 10 1 2 2 2 2 1 2 2 8 1 2 2
left_child=13 7 -3 4 5 6 -4 8 10 -9 11 -2 -5 17 -15 -16 19 -1 -19 22 -21 -22 23 24 -17 -24 -27 28 -28 -25
right_child=1 2 3 12 -6 -7 -8 9 -10 -11 -12 -13 -14 14 15 16 -18 18 -20 20 21 -23 25 29 -26 26 27 -29 -30 -31
leaf_value=-0.0027163401399642978 0.098767259931450052 -0.011994696922383466 0.020492881667388236 -0.022277392218119942 0.070398437275458289 -0.014859503964673584 0.12107489374711994 -0.0042612513058829099 -0.0010765416156280757 0.00028906489817367737 0.0086100136922932814 0.012419926985417818 -0.002671917569295813 0.0012003323408822423 -0.0040476214773821056 0.061077218521602764 -0.010565373539575668 0.011303978001877721 -0.0019696425652108371 0.0057592155429431113 -0.0017318570396373455 -0.028111230898404803 -0.016369626900956655 0.0072764268159372638 0.015031826292253555 0.02571172104763093 -0.0029300237832234522 -0.015618696868291475 0.034782982310954766 -0.017772449973699412
leaf_weight=2377.3189951200038 6.6656301561743021 488.28240351192653 8.7469131434336322 41.549625128507614 6.966512903571128 16.503216220065951 2.430794063024222 1645.6624406883493 595.24835817143321 2796.0263949073851 365.7859749160707 15.118726294487717 915.81634006649256 17857.483498535119 1451.3848776817322 9.231266535818575 136.6892244592309 194.20349459350109 267.10340706259012 1105.596615344286 328.28850357234478 35.846795596182346 138.73575188219547 49.60809201747179 51.103065617382526 19.562235541641712 44.071231581270695 62.556331060826778 16.355577662587166 47.253925114870071
leaf_count=16167 73 10284 161 3441 83 258 45 14948 4526 24023 2662 148 16318 115823 8347 72 781 1122 1539 5638 1670 187 1151 377 386 143 337 474 115 364
internal_value=3.3204e-05 -0.00166995 -0.00583031 -0.00264851 0.020745 0.00824857 0.0423663 -0.00053463 0.00340242 -0.00140579 0.0100499 0.0388407 -0.00352279 0.000519306 0.00080821 -0.00119458 0.000846052 -0.001654 0.0038207 0.00166791 0.00325986 -0.00432874 -0.00366814 0.00542725 0.018938 -0.00875118 -0.00133635 -0.00563873 0.0062443 -0.004481
internal_weight=31097.2 6904.8 1480.3 992.013 34.6474 27.6809 11.1777 5424.51 982.819 4441.69 387.57 21.7844 957.366 24192.4 21353.8 3496.28 2044.9 2838.63 461.307 1908.21 1469.73 364.135 438.477 157.196 60.3343 281.281 142.545 122.983 60.4268 96.862
internal_count=231663 76970 30590 20306 547 464 206 46380 7409 38971 2883 221 19759 154693 135865 20042 11695 18828 2661 10914 7495 1857 3419 1199 458 2220 1069 926 452 741
cat_boundaries=0 1 2 3 4 5 6 7
cat_threshold=659044 11231408 15139232 4743405 8678445 1083410 11600914
is_linear=0
shrinkage=0.04


Tree=107
num_leaves=31
num_cat=1
split_feature=12 5 27 14 30 3 0 22 9 18 27 27 27 26 7 14 16 27 14 6 1 9 12 6 22 15 6 20 12 22
split_gain=13.0115 12.4723 13.4266 10.649 10.0368 11.9051 9.04873 15.0365 10.4173 10.576 7.52331 13.0384 7.64041 8.32881 7.3489 10.3909 7.35104 9.23726 7.06199 8.25263 8.91107 7.56809 8.93458 8.85251 9.88016 7.46616 7.87187 7.0043 10.5678 9.63538
threshold=5.6125000000000007 5.5000000000000009 -1.1116666666666664 0.21111111111111119 0 7.1050000000000013 3.5000000000000004 29.16416666666667 49.500000000000007 0.55000000000000016 -0.096666666666667109 -1.0683333333333338 -0.02500000000000013 4.6850000000000014 -3.7063333333333328 0.30965608465608474 0.55000000000000016 1.583666666666667 -0.28320105820105806 29.135000000000002 22.665000000000003 37.500000000000007 5.2111111111111121 47.290000000000013 -8.9426666666666677 4.5000000000000009 14.375000000000002 37.220000000000006 3.2361111111111116 2.4516666666666631
decision_type=10 2 2 10 1 2 2 2 2 10 2 2 2 2 2 10 10 2 8 2 2 2 8 2 2 10 2 2 10 2
left_child=1 18 -3 6 5 27 -4 8 -8 10 11 -10 13 -12 15 -6 17 -16 19 25 -21 -22 23 -23 -25 -1 -27 28 -5 -29
right_child=-2 2 3 4 14 -7 7 -9 9 -11 12 -13 -14 -15 16 -17 -18 -19 -20 20 21 22 -24 24 -26 26 -28 29 -30 -31
leaf_value=0.026343959428536172 -0.018958369522885564 -0.011761006044962897 -0.00050212752571385407 0.037887668755057002 -0.025867304928122104 -0.025489089102942772 -0.0078281154600283662 0.018226913032796006 0.081644723190237842 0.053338785225535618 0.084705193541770168 -0.0094050117240598915 0.0024400009008251696 0.014558621754611974 0.0070527915780118347 0.0075950439835089307 -0.002569386909838392 0.052136716202600908 0.00029170680223419387 -0.020727330821368697 -0.0054419783060917415 0.002118978529349023 0.05606803188221169 -0.0057949004465451424 0.061424070792468401 0.0035218176283649551 -0.017490380101496391 -0.011605548659025682 -0.019081778499773862 0.014704465026533917
leaf_weight=8.0612487290054542 58.615292918868363 225.71212742384523 1605.0918084010482 32.725621443241835 39.553839769214392 13.261118255555628 963.56537865661085 43.2790906727314 2.5651761256158343 5.9427071437239638 3.7046274803578845 132.47806252539158 168.48957681655884 10.069656439125536 32.162315189838409 23.7709706351161 107.29888755455613 9.3956484347581846 26819.108614150435 33.96261702477932 180.12571558728814 197.09540606848896 5.4813407007604829 5.8450786806643 8.7153063490986806 36.175592139363289 134.92275344114751 27.499285623431206 6.1962336413562289 117.14880202710629
leaf_count=70 3534 4251 10367 230 260 78 10095 302 46 53 41 1890 1432 110 208 139 662 50 189552 409 2593 1802 61 59 70 454 1706 184 40 670
internal_value=-0.000130173 -9.45721e-05 -0.00231859 -0.00168128 0.0043654 0.0105744 -0.00252388 -0.00496362 -0.00574359 0.000470127 -0.000520027 -0.0076755 0.00478162 0.0334247 -0.00180757 -0.0133062 0.00296258 0.0172456 0.00019488 -0.00405948 -0.00106155 0.000619707 0.00564817 0.00434242 0.0344399 -0.0112753 -0.0130477 0.0137557 0.0288183 0.00970263
internal_weight=31058 30999.4 3569.91 3344.2 409.013 196.831 2935.19 1330.09 1286.82 323.25 317.307 135.043 182.264 13.7743 212.182 63.3248 148.857 41.558 27429.5 610.385 431.225 397.263 217.137 211.656 14.5604 179.16 171.098 183.57 38.9219 144.648
internal_count=231418 227884 31108 26857 2521 1202 24336 13969 13667 3572 3519 1936 1583 151 1319 399 920 258 196776 7224 4994 4585 1992 1931 129 2230 2160 1124 270 854
cat_boundaries=0 1
cat_threshold=312
is_linear=0
shrinkage=0.04


Tree=108
num_leaves=31
num_cat=3
split_feature=12 0 27 8 12 29 30 5 7 30 26 20 18 17 20 9 11 21 9 26 26 30 3 17 31 12 26 26 27 3
split_gain=15.1759 11.0492 20.4534 16.2396 12.2821 23.232 12.0546 11.8695 16.1624 10.7234 11.0662 10.6614 9.9393 9.79946 11.4608 9.69559 10.1803 21.7458 9.09134 17.9222 11.2755 10.0371 9.93809 10.7239 9.90174 11.8709 9.45863 11.8635 9.36677 12.2269
threshold=5.4722222222222232 3.5000000000000004 1.583666666666667 3.5000000000000004 1.5857142857142861 7.1550000000000011 0 4.5000000000000009 -0.77000000000000124 1 6.3350000000000009 55.835000000000008 1.0000000180025095e-35 0.41428571428571431 56.195000000000007 27.500000000000004 7.5000000000000009 19.810000000000002 31.500000000000004 7.8050000000000006 6.3350000000000009 2 6.5550000000000006 0.18333333333333338 1.5000000000000002 2.8166666666666669 6.6650000000000009 7.205000000000001 0.39183333333333353 6.9350000000000014
decision_type=10 2 2 2 8 2 1 2 2 1 2 2 10 10 2 2 2 2 2 2 2 1 2 8 2 8 2 2 2 2
left_child=1 18 3 7 5 -5 13 8 9 10 -3 -10 -12 -4 -15 16 -11 -18 19 20 24 26 23 -20 25 -1 -22 -28 -27 -30
right_child=-2 2 6 4 -6 -7 -8 -9 11 15 12 -13 -14 14 -16 -17 17 -19 22 -21 21 -23 -24 -25 -26 28 27 -29 29 -31
leaf_value=0.015120623141046242 -0.015386423135920733 0.011788469150184895 0.010027748208053529 -0.011054501711828058 -0.0033052320376352148 0.073494602585713595 -0.00054259356295574177 -0.0029553161413245648 0.00072542852174607817 0.0029088569547789712 0.078665037775067226 -0.011224178191255024 0.02639494360168915 -0.0087154959120780192 0.013975182908050797 -0.0034500644353731183 0.11837230275738242 0.00584616445963323 0.0081595715953693554 0.062305750960398372 -0.0079468793296451484 -0.0073477528050184954 0.0011631856547857883 -0.034683120948563795 -0.0011893423698649023 -0.0013539326689366066 0.013948119643209784 -0.012614916108022359 0.012196162412141831 -0.027236239867681932
leaf_weight=127.87853474915028 102.4988321159035 128.52814402151853 540.76482580602169 11.441562388092281 4893.788414504379 9.5316228717565519 554.88305285573006 1638.9944282453507 3826.5883638625965 17.022131358273331 7.2338776215910903 123.31040424481034 29.793286848813295 107.7514071315527 53.199757218360901 122.71894596889615 4.6436035539954883 6.7305939868092537 14.862076655030249 7.1460199877619734 94.475947745144367 697.5451969653368 14586.472726974636 25.195652663707733 2557.439350258559 450.30588597431779 121.8447352796793 34.523836858570576 172.35967024415731 13.572173878550528
leaf_count=743 5210 1254 2840 83 49023 58 2947 17319 34081 199 57 807 204 553 269 1046 61 60 91 39 549 4071 87780 149 16863 3260 715 206 976 75
internal_value=-2.0439e-05 3.03992e-05 -0.000914694 -0.00147567 -0.00317433 0.0273703 0.00391574 -6.19998e-05 0.00104946 0.00974434 0.0163515 0.000352378 0.0366068 0.00734425 -0.00121547 0.00133537 0.0224866 0.0517858 0.000634189 -0.000987987 -0.00109391 -0.00494066 0.00110855 -0.0187878 4.43161e-06 0.0039999 0.00196746 0.0080834 0.00176473 0.00931778
internal_weight=31083 30980.5 12076.9 10820.3 4914.76 20.9732 1256.6 5905.56 4266.57 316.671 165.555 3949.9 37.0272 701.716 160.951 151.115 28.3963 11.3742 18903.6 4277.09 4269.95 948.39 14626.5 40.0577 3321.56 764.116 250.845 156.369 636.238 185.932
internal_count=231588 226378 110861 104252 49164 141 6609 55088 37769 2881 1515 34888 261 3662 822 1366 320 121 115517 27497 27458 5541 88020 240 21917 5054 1470 921 4311 1051
cat_boundaries=0 1 2 3
cat_threshold=440 217 9
is_linear=0
shrinkage=0.04


Tree=109
num_leaves=31
num_cat=5
split_feature=27 19 7 4 19 14 28 27 4 22 30 17 18 3 11 22 19 27 26 26 27 19 4 4 14 4 3 14 21 4
split_gain=10.615 11.0617 9.76594 15.8242 14.9433 8.74395 10.6171 9.23871 9.00046 8.1538 8.14597 13.0387 8.48925 8.27089 7.70207 7.99807 6.66153 8.03151 7.73985 7.16895 7.40022 7.30514 7.53479 6.6048 6.9027 6.59158 9.35644 6.50687 6.26158 6.2537
threshold=-2.7274999999999991 0 -13.604499999999996 -0.010833333333333249 1 -0.30532407407407397 5.5000000000000009 -3.6166666666666663 -0.0063333333333335231 -0.65499999999999925 2 0.23611111111111113 0.22500000000000003 6.745000000000001 5.5000000000000009 -30.687499999999996 3 1.7933333333333334 6.9450000000000012 6.8150000000000004 1.0283333333333338 4 0.010000000000000233 -0.029166666666666782 -0.11679894179894178 -0.028333333333333762 6.8050000000000006 0.03333333333333334 62.550000000000004 0.0083333333333333055
decision_type=2 1 2 2 1 10 2 2 2 2 1 8 8 2 2 2 1 2 2 2 2 1 2 2 10 2 2 10 2 2
left_child=1 5 3 4 10 25 -7 8 -8 -10 -2 13 -13 -12 -9 -16 -5 19 -19 20 -18 22 -22 -15 -25 26 -1 -23 -6 -4
right_child=2 -3 29 16 28 6 7 14 9 -11 11 12 -14 23 15 -17 17 18 -20 -21 21 27 -24 24 -26 -27 -28 -29 -30 -31
leaf_value=-0.040819597727722721 -0.013886764243355285 -0.02327708619773431 0.00065538518513761951 -0.010622532392026355 0.011280411965958866 0.14524900954533521 0.13513963269577414 -0.026350121687179252 -0.041886019234755656 0.090491043663093851 -0.026392209165927886 0.046941681315509833 0.0083711897055746467 -0.011617188795989974 0.12459346821428648 0.011748046940859982 -0.0052222554432618017 0.038690814419021911 -0.0057637738093086954 -0.02197906274852186 0.069309214766690289 0.026462077621020957 0.017926419796679593 -0.016401365965988443 0.025251229174141136 -0.040904406458063425 0.13592186089067596 -0.014796091074839555 -0.024064737918894928 -0.00053794831046819695
leaf_weight=1.021551292389631 84.355095130391419 51.075274338945746 18344.462563912384 373.20911648590118 219.06224827561527 1.0690269516780997 1.7958790101110933 8.0136149646714276 1.5476625096052885 1.4345573671162191 25.777858414687216 12.565779794007538 33.393649276345968 35.257654499262571 1.2067558737471697 6.008798085153102 317.11682623066008 13.916840776801111 11.399211570620535 34.536329310387373 7.1661924645304707 8.1567793264985067 12.585595123469828 8.8454764373600501 22.708414785563946 7.4892438165843505 0.90274672023951996 24.446027673780918 8.3241823613643628 11388.487999158911
leaf_count=69 568 3511 125775 3071 1538 54 70 565 104 13 187 80 216 259 75 407 2764 78 59 229 40 50 75 82 159 514 55 143 50 90725
internal_value=1.46049e-05 -0.0143965 5.25398e-05 -0.00340693 0.00259459 0.0061103 0.0224302 0.0158677 0.0643946 0.0217922 -0.00473361 0.00139894 0.0189168 -0.00714544 0.00064257 0.0306207 -0.00677431 -0.00310922 0.018674 -0.00455116 -0.00292209 0.0110103 0.0242775 0.00028053 0.0135748 -0.0239378 0.0420952 -0.00342373 0.00956581 0.000198308
internal_weight=31067.3 81.5651 30985.8 1252.82 450.29 30.4898 21.0763 20.0073 4.7781 2.98222 222.904 138.549 45.9594 92.5894 15.2292 7.21555 802.533 429.324 25.3161 404.008 369.471 52.3546 19.7518 66.8115 31.5539 9.41354 1.9243 32.6028 227.386 29733
internal_count=231585 5437 226148 9648 3139 1926 1288 1234 187 117 1551 983 296 687 1047 482 6509 3438 137 3301 3072 308 115 500 241 638 124 193 1588 216500
cat_boundaries=0 1 2 3 4 5
cat_threshold=14296320 12741205 292 3510458 149569
is_linear=0
shrinkage=0.04


Tree=110
num_leaves=31
num_cat=6
split_feature=0 28 6 19 9 28 19 9 27 3 7 27 9 6 26 18 19 27 27 26 29 19 19 1 7 30 1 6 7 1
split_gain=11.3388 19.7636 18.0204 13.8108 13.3053 15.566 13.0361 13.1449 13.133 15.5127 12.1967 11.2356 10.1884 11.4881 11.3458 12.4702 10.8893 10.093 9.78293 12.5262 19.0478 11.3188 9.62447 9.64937 9.37758 10.0435 9.17162 19.6572 13.5668 9.00884
threshold=4.5000000000000009 2.5000000000000004 16.440000000000005 0 27.500000000000004 4.5000000000000009 1 58.500000000000007 0.090000000000000094 6.7750000000000012 -0.6399999999999969 -2.879166666666666 22.500000000000004 16.935000000000006 4.705000000000001 0.22500000000000003 2 -1.1116666666666664 1.7520833333333339 5.8250000000000011 7.2750000000000012 3 4 38.475000000000009 8.3655000000000026 5 37.235000000000007 27.975000000000005 -9.9216666666666633 33.615000000000002
decision_type=2 2 2 1 2 2 1 2 2 2 2 2 2 2 2 10 1 2 2 2 2 1 1 2 2 1 2 2 2 2
left_child=22 6 4 -4 5 -3 7 8 9 -2 -9 -5 14 -14 15 16 -13 -17 19 20 21 24 23 26 25 -8 -1 28 -28 -20
right_child=1 2 3 11 -6 -7 18 10 -10 -11 -12 12 13 -15 -16 17 -18 -19 29 -21 -22 -23 -24 -25 -26 -27 27 -29 -30 -31
leaf_value=0.001363655588430197 0.10075918201727874 0.02129808894514235 -0.006484165871428086 -0.026937882359122225 -0.019353070574164511 -0.017449068064362274 0.019730167370854201 0.0067951485659366951 0.0028532005257078589 0.014933496096978536 0.07675575959441143 -0.0092633942016441401 0.055872668661472689 -0.0014577479620259809 -0.010196967932671752 0.024726652729712209 0.021787900825104383 0.13127663670197678 -0.0014175919041712914 -0.004849607060063336 0.075094386702202837 -0.002284856422358508 -0.00046858706957835129 -0.0010284005302537143 0.040201359786128911 -0.0045518920467517389 0.0099296410092505269 0.009450867641455982 -0.0155058428660436 0.01176075826739968
leaf_weight=8859.6912671430036 4.6195555552840259 32.492678347975016 1074.3074994706549 26.424884287640452 185.37998770177364 33.892565390095115 45.978219330310822 8.4620647355914134 1352.8149239867926 12.452829156070946 7.5394167080521575 22.222778518684208 5.6068033110350362 2173.8537251800299 29.590715821832418 2.9699911829084158 54.615205698646605 2.7298834361135951 176.03049367666245 1155.3694413080812 5.8501833677291861 266.18936236575246 11963.633424106054 2607.482652625069 17.602240324020386 51.372017972171307 50.861854869872332 569.33216549828649 98.58510697633028 157.04318286478519
leaf_count=56491 42 363 16879 2361 2597 1036 377 59 9049 119 49 704 83 28498 327 62 1621 34 945 8405 45 2137 76695 16631 129 415 324 3586 641 843
internal_value=-7.1381e-05 -0.00150073 -0.00352515 -0.00275885 -0.0138503 0.00151597 0.000761283 0.0036876 0.00329318 0.0381568 0.0397585 -0.00100003 -0.000705298 -0.00131026 0.0110535 0.018672 0.0144374 0.0757574 -0.0014133 -0.00276335 0.00346518 0.00236574 0.000337332 0.00112801 0.0122665 0.00847559 0.00171621 0.00606178 -0.00684929 0.00479596
internal_weight=31055 6905.41 3644.09 3392.32 251.765 66.3852 3261.32 1385.89 1369.89 17.0724 16.0015 2318.01 2291.59 2179.46 112.129 82.5379 76.838 5.69987 1875.44 1542.36 386.992 381.142 24149.6 12186 114.952 97.3502 9578.47 718.779 149.447 333.074
internal_count=231547 77179 54565 50569 3996 1399 22614 9318 9210 161 108 33690 31329 28581 2748 2421 2325 96 13296 11508 3103 3058 154368 77673 921 792 61042 4551 965 1788
cat_boundaries=0 1 2 3 4 5 6
cat_threshold=10652480 5781590 4456492 10486017 11790944 313
is_linear=0
shrinkage=0.04


Tree=111
num_leaves=31
num_cat=9
split_feature=7 19 23 12 8 19 26 19 4 12 29 20 10 19 27 11 4 30 19 3 19 21 14 19 14 12 4 29 17 4
split_gain=14.2521 9.64451 8.27087 12.5521 11.7203 18.5473 11.1377 10.5748 10.5466 16.1981 10.0221 9.32336 13.8471 15.7996 11.6056 15.023 10.7303 10.5422 12.2066 10.3851 12.3151 11.557 9.713 9.28484 9.25252 9.24558 9.08905 19.9982 13.808 9.00476
threshold=-16.352499999999996 0 4.5000000000000009 5.3166666666666673 4.5000000000000009 1 7.035000000000001 2 0.14333333333333401 3.4142857142857146 6.6950000000000012 43.975000000000001 3 4 0.61708333333333354 1.5000000000000002 0.076666666666666675 5 6 6.6750000000000007 7 21.395000000000003 -0.10000000000000002 8 -0.15181878306878302 1.7071428571428573 -0.0066666666666663757 5.7250000000000005 0.13392857142857145 -0.013333333333334084
decision_type=2 1 2 10 2 1 2 1 2 8 2 2 1 1 2 2 2 1 1 2 1 2 8 1 10 8 2 2 8 2
left_child=1 -1 11 4 7 -6 -7 10 29 -10 -4 12 13 -2 25 -16 17 18 -17 21 22 -19 -21 -18 -8 -13 -23 -28 -29 -9
right_child=2 -3 3 -5 5 6 24 8 9 -11 -12 14 -14 -15 15 16 23 19 -20 20 -22 26 -24 -25 -26 -27 27 28 -30 -31
leaf_value=-0.00062587035034651162 0.009218882718372165 -0.0094744417684896869 -0.0037569741602467609 -0.01548743957506501 -0.0073119103309025766 -0.00062361277554294861 0.066921883225167692 0.0035324141114026863 -0.0086620721244409973 0.094488170548323466 0.022403749217596559 -0.019210222628904532 0.00088679165630935154 0.0015296747947343902 -0.011157265072754665 -0.0078572071232954864 0.017994731583663204 -0.053420048487291427 0.00026439228208016338 0.019046724346619578 0.00014992936994579056 -0.0065194834986928209 0.0041505747619801185 -0.0018018276159725891 0.012112968869111524 -0.0024096226163649588 0.071163777935277533 0.045907456962393199 -0.010338715693858707 -0.00031367052192232729
leaf_weight=408.86195986811072 713.77080978453159 385.53722452558577 1032.0896873958409 91.908759641926736 926.94656012114137 1054.8710915409029 5.41061908006668 1638.8419838771224 4.871594121679661 4.8716375986114153 23.974653951823711 53.711030449718237 13309.083700134419 1079.0352066550404 169.01375871896744 435.54486063122749 96.64892665296793 7.6859897747635832 889.04856967926025 73.169745475053787 2024.8017893731594 294.32553349435329 1635.610333673656 63.595602445304394 55.257416866719723 2161.7268119417131 7.705483727157115 8.7808023020625097 34.115008153021336 2400.8611831860617
leaf_count=3204 4490 3057 9158 5086 8713 9933 35 13001 38 68 162 353 96781 6908 1081 2489 552 43 5141 453 11604 1702 9304 384 369 14776 43 49 191 22575
internal_value=0.000241433 -0.0050474 0.000380107 -0.000799323 -0.000610463 -0.00317127 0.00033192 0.000414002 0.00134356 0.0429133 -0.00313341 0.000750443 0.00133424 0.00462514 -0.000357771 0.000591372 0.000947801 0.000645695 -0.00244497 0.00164952 0.00227327 -0.00490818 0.00476057 0.0111487 0.017001 -0.00281694 -0.00382719 0.0118327 0.00117492 0.00124662
internal_weight=31091.7 794.399 30297.3 7239.91 7148 2042.49 1115.54 5105.51 4049.45 9.74323 1056.06 23057.4 15101.9 1792.81 7955.48 5740.05 5571.03 5410.79 1324.59 4086.19 3733.58 352.613 1708.78 160.245 60.668 2215.44 344.927 50.6013 42.8958 4039.7
internal_count=231743 6261 225482 69138 64052 19050 10337 45002 35682 106 9320 156344 108179 11398 48165 33036 31955 31019 7630 23389 21361 2028 9757 936 404 15129 1985 283 240 35576
cat_boundaries=0 1 2 3 4 5 6 7 8 9
cat_threshold=677351 4949143 10490376 1 2958389 68 369204 1553090 13641031
is_linear=0
shrinkage=0.04


Tree=112
num_leaves=31
num_cat=1
split_feature=0 5 27 7 9 28 29 21 12 21 24 6 6 12 29 0 11 20 5 30 9 6 20 7 1 22 9 3 7 26
split_gain=15.5764 13.0937 14.1416 10.8812 10.6152 10.2246 9.24059 12.3708 12.5252 11.4598 8.8924 9.60469 11.4134 8.6595 11.5821 11.4327 15.7517 14.5136 12.117 11.6143 12.9419 18.4522 12.4979 14.4487 12.0596 10.8604 10.7603 9.18172 8.7308 9.0257
threshold=5.5000000000000009 2.5000000000000004 -0.74633333333333318 12.353333333333335 64.500000000000014 4.5000000000000009 2.8350000000000004 2.9650000000000003 4.4365079365079376 6.705000000000001 3.5000000000000004 51.170000000000009 45.955000000000005 4.1339285714285721 8.1450000000000014 1.5000000000000002 2.5000000000000004 22.800000000000001 3.5000000000000004 0 25.500000000000004 30.125000000000004 20.735000000000003 -6.5191666666666661 32.085000000000008 -13.22583333333333 31.500000000000004 6.7150000000000007 11.96916666666667 3.9550000000000005
decision_type=2 2 2 2 2 2 2 2 8 2 2 2 2 10 2 2 2 2 2 1 2 2 2 2 2 2 2 2 2 2
left_child=13 -2 5 4 -4 -3 7 -7 9 -9 -5 12 -12 -1 15 17 -17 19 -18 -15 -21 22 24 -24 25 -22 -19 -28 29 -23
right_child=1 2 3 10 -6 6 -8 8 -10 -11 11 -13 -14 14 -16 16 18 26 -20 20 21 28 23 -25 -26 -27 27 -29 -30 -31
leaf_value=0.00050272946745521369 0.00054205178900618666 0.022271284684630622 -0.0047067819598735914 0.002615264111709746 0.059057568032157635 -0.012584088433117464 -0.023775475370222874 0.14217776120472256 -0.010224517105443563 0.024909818068448501 0.011267828799932331 0.0018584383447179862 0.088306079094291196 -0.0042793653364169562 0.05103325443660249 0.001873127785848136 -0.0016025706849545935 -0.015995429951461301 -0.0076770010385326997 -0.0072009617157077609 0.07485142020273472 0.022192826405421071 0.025621461868405561 0.095374944797736796 0.0062122638990500271 0.024733897651946751 -0.01505516351805427 0.0037925819354230192 -0.01984386496280436 0.0010760043421445789
leaf_weight=24424.940104104578 1116.6559065142646 11.188309461809693 1477.47496394068 68.93323302641511 4.1891243271529666 60.616171468514949 121.32583229336888 2.3949802573770258 5.1647971421480188 3.0078668631613255 5.4383311234414595 9.7158293873071653 7.0863522030413151 87.443091230466962 6.6825222596526137 828.65752027276903 1051.1593952933326 77.433136709034443 1050.5040817409754 43.66001302190125 10.152675524353983 63.369727700948715 9.6338104456663149 9.3750813826918584 33.041136663407087 21.714432865381241 49.426417775452137 253.23236475139856 16.0850435718894 66.233531579375267
leaf_count=157968 13023 257 16871 657 42 3653 3509 73 205 89 49 91 64 662 44 7505 10127 540 11735 420 83 467 65 61 246 150 317 1617 105 432
internal_value=-5.74453e-05 -0.00285209 -0.00498551 -0.00370119 -0.0045265 -0.0149023 -0.0170628 -0.00562162 0.0343152 0.0768925 0.00971092 0.0317035 0.0548554 0.000230265 -0.00157922 -0.00167499 -0.00279734 0.0027646 -0.00463884 0.00851188 0.0123111 0.0165575 0.0314985 0.0600235 0.0231447 0.040701 -0.0026896 0.000714606 0.00795144 0.0114011
internal_weight=30995.9 2893.19 1776.54 1572.84 1481.66 203.698 192.51 71.1838 10.5676 5.40285 91.1737 22.2405 12.5247 28102.7 3677.8 3671.12 2930.32 740.8 2101.66 360.709 273.265 229.605 83.9171 19.0089 64.9082 31.8671 380.092 302.659 145.688 129.603
internal_count=231127 38583 25560 17774 16913 7786 7529 4020 367 162 861 204 113 192544 34576 34532 29367 5165 21862 2691 2029 1609 605 126 479 233 2474 1934 1004 899
cat_boundaries=0 1
cat_threshold=48
is_linear=0
shrinkage=0.04


Tree=113
num_leaves=31
num_cat=5
split_feature=12 0 12 19 23 9 4 7 19 20 19 19 26 0 14 11 6 16 12 20 1 20 16 21 14 14 26 19 4 4
split_gain=12.3375 10.7207 15.23 17.6678 16.9123 12.9555 17.9708 12.4204 11.1586 10.6388 16.5501 15.0648 11.703 11.9559 10.5784 10.5584 14.6015 10.3162 9.96272 9.94925 10.55 16.8903 13.3761 13.0527 12.7007 11.623 9.92972 12.9417 12.3013 23.6146
threshold=5.4365079365079376 3.5000000000000004 3.3875000000000006 0 3.5000000000000004 29.500000000000004 0.060000000000000948 27.417500000000008 1 45.70000000000001 2 3 6.2550000000000008 1.5000000000000002 -0.22662698412698407 8.5000000000000018 45.045000000000009 inf 4.9500000000000011 11.160000000000002 46.980000000000011 50.535000000000004 0.45000000000000007 56.770000000000003 -0.016666666666666653 -0.064880952380952414 5.2150000000000007 4 0.068333333333333815 0.063333333333333922
decision_type=10 2 8 1 2 2 2 2 1 2 1 1 2 2 8 2 2 8 10 2 2 2 8 2 8 10 2 1 2 2
left_child=1 9 26 4 19 6 7 8 -5 11 -11 15 -13 14 -14 -1 18 -12 -17 -4 21 -21 -22 24 25 -23 27 28 29 -3
right_child=-2 2 3 5 -6 -7 -8 -9 -10 10 17 12 13 -15 -16 16 -18 -19 -20 20 22 23 -24 -25 -26 -27 -28 -29 -30 -31
leaf_value=-0.0017875136071565071 -0.013779638690916609 0.010251627355182728 0.036432851716094665 -0.0073343528887750064 -0.0032275218563312274 -0.0057432326002423489 -0.024348654922225803 0.071023850004690914 0.0040834265161505089 -0.0050674333199216218 5.7425813308825926e-05 0.0015828041681859876 0.047463496423731287 0.010475938677442769 -0.0022939027559580965 0.00053786702331361409 0.013502195087675891 0.021805159093370222 0.045836382939868692 0.0012954069495710776 0.013970891616121604 0.038581102182029432 0.076997186204942683 -0.0061614821142299079 0.016040341317413095 0.10665550637651448 -0.00043640097270015126 8.1862906654657652e-05 -0.020084014504340383 0.097550448109781931
leaf_weight=3860.7167420666665 106.27427327819169 359.76296547241509 15.310547024942933 172.18605327047408 945.6545319063589 2619.7746051847935 45.030395177192986 4.1111779417842618 545.70026100426912 1273.6038982272148 3246.6970671564341 8272.4180505685508 7.0599030256271362 483.93510241061449 215.92677564918995 1365.6964845061302 161.73369307816029 35.278204649686813 7.8128083087503901 765.43922703154385 36.94559339620173 12.746951039880516 6.3075731061398974 17.118229299783707 24.156143255531788 5.8569031283259383 5879.4653250519186 580.82400442659855 20.922080051153898 5.0270180050283662
leaf_count=24368 5444 3698 234 2489 12540 27844 822 53 7675 7382 18715 51232 48 2443 1574 8582 967 198 83 6634 320 93 45 115 146 39 41761 6016 262 55
internal_value=-0.000174084 -0.000127431 -0.00105942 -0.0026877 0.000487912 -0.00439162 0.000167538 0.00169659 0.00129957 0.000466409 -0.00121804 0.00100022 0.00200271 0.00694482 -0.000718551 -0.000670491 0.00213415 0.000290309 0.000795534 0.00446853 0.00390509 0.00289588 0.023162 0.0233551 0.0351715 0.0600124 0.00018126 0.00393851 0.00949767 0.0114547
internal_weight=31099.5 30993.2 12062.3 5216.34 1829.54 3386.8 767.028 721.997 717.886 18930.9 4555.58 14375.3 8979.34 706.922 222.987 5395.96 1535.24 3281.98 1373.51 883.881 868.571 825.317 43.2532 59.8782 42.76 18.6039 6846 966.536 385.712 364.79
internal_count=231877 226433 110841 59049 20166 38883 11039 10217 10164 115592 26295 89297 55297 4065 1622 34000 9632 18913 8665 7626 7392 7027 365 393 278 132 51792 10031 4015 3753
cat_boundaries=0 1 2 3 4 5
cat_threshold=1607830 131176 286765 1608851 9548994
is_linear=0
shrinkage=0.04


Tree=114
num_leaves=31
num_cat=5
split_feature=5 19 14 1 22 9 14 20 18 19 14 7 19 12 27 18 3 18 1 9 11 27 12 7 17 23 19 22 12 19
split_gain=11.7257 14.6738 19.261 14.0045 13.4258 11.3663 10.8235 8.91007 9.8543 15.8027 11.771 11.3123 8.96689 10.0413 11.4661 14.7525 10.5934 9.9168 8.77821 10.2388 8.81175 10.7829 10.6199 8.68355 8.62953 8.5053 17.2712 14.5637 11.1592 15.2754
threshold=5.5000000000000009 0 -0.15912698412698409 30.885000000000002 20.000833333333336 48.500000000000007 -0.11287037037037036 48.900000000000006 0.29166666666666669 1 -0.10925925925925924 -7.7575000000000012 2 3.9500000000000006 2.2908333333333339 0.22500000000000003 6.6850000000000014 0.70833333333333337 41.07500000000001 53.500000000000007 10.500000000000002 0.23083333333333303 3.2111111111111117 -8.7083333333333339 0.10555555555555557 3.5000000000000004 3 -13.22583333333333 5.2928571428571436 4
decision_type=2 1 10 2 2 2 10 2 10 1 10 2 1 8 2 10 2 8 2 2 2 2 10 2 10 2 1 2 8 1
left_child=7 4 24 -4 5 -2 -5 8 25 10 18 -11 13 14 -9 23 -15 -17 19 20 21 22 -10 -16 -3 26 -1 -28 -27 -30
right_child=1 2 3 6 -6 -7 -8 12 9 11 -12 -13 -14 16 15 17 -18 -19 -20 -21 -22 -23 -24 -25 -26 28 27 -29 29 -31
leaf_value=-0.0013148351050426272 -0.0028472775106854753 -0.010336981426719929 -0.0073569760793305754 0.011984520695922254 0.011030714117473264 0.0052682893912835626 -0.0011995518057002592 -0.00053727074331065441 0.089759174902114922 -0.0069729288074978921 0.0043431714648674482 0.0012392006683470563 -0.0026398058541599505 -0.030009304225915176 -0.013049331358484868 -0.0044885782047996911 0.021130039271463362 0.034320076175665529 -0.010246584176698588 -0.031936859862611383 0.013368116630236997 0.0063779301183888764 0.037088977222977472 0.035189591265084773 -0.028014680473312174 -0.00042259082351553428 0.030761834816354975 0.0021552067836773394 0.0042876861092066235 -0.016613939927310965
leaf_weight=3213.2212213110179 952.70819603418931 279.09668149845675 627.84073179028928 110.99070719629526 183.86394993960857 388.8126028906554 973.35135607607663 1747.1770278550684 8.697797756642105 302.11521615274251 1872.6649916954339 2403.9997781850398 2851.2905795387924 7.2337263077497473 6.913135088980197 71.123323276638985 62.284093614667654 12.366805277764795 14.519516263157128 5.0285039041191331 39.084050299599767 11.087248273193834 20.707271745428443 43.795213781297207 52.493118518963456 8243.2909618522972 28.603351945988834 6326.6251638168469 86.819246192462742 145.06980973994359
leaf_count=21295 8839 3882 5126 1145 1120 3524 7596 10613 72 2042 12069 15678 17199 46 40 373 393 63 121 45 322 70 179 248 573 70278 255 41848 2503 4213
internal_value=7.02934e-05 -0.0020868 -0.00429065 -0.00260277 0.000888314 -0.000495145 0.000149939 0.000350016 0.000680878 0.0023169 0.00502871 0.000321198 -0.00121546 0.00087531 0.000328166 0.0115956 0.0158087 0.00125987 0.0184873 0.0234185 0.0269164 0.0399936 0.0526684 0.0286131 -0.0131355 0.00025673 0.00107406 0.00228037 -0.000666031 -0.00931993
internal_weight=31092.9 3569.16 2043.77 1712.18 1525.38 1341.52 1084.34 27523.7 22721.5 4677.9 1971.79 2706.11 4802.18 1950.89 1881.38 134.198 69.5178 83.4901 99.1244 84.6049 79.5764 40.4923 29.4051 50.7083 331.59 18043.6 9568.45 6355.23 8475.18 231.889
internal_count=231770 31805 18322 13867 13483 12363 8741 199965 170990 30598 12878 17720 28975 11776 11337 724 439 436 809 688 643 321 251 288 4455 140392 63398 42103 76994 6716
cat_boundaries=0 1 2 3 4 5
cat_threshold=1074791 5816986 9877824 5317010 308505
is_linear=0
shrinkage=0.04


Tree=115
num_leaves=31
num_cat=4
split_feature=0 18 19 4 19 7 29 27 22 3 7 4 12 14 12 11 18 4 27 7 29 3 7 26 26 4 12 19 9 30
split_gain=8.57127 15.6292 14.1733 11.3853 11.6885 11.8152 13.2229 11.7278 11.0293 15.5495 10.1308 10.0959 16.1625 10.0583 9.9591 9.70519 9.51981 9.43959 11.0747 15.1139 8.91634 8.67406 13.5552 8.36401 8.30302 8.29756 8.29481 12.8541 12.3878 8.11002
threshold=5.5000000000000009 0.29166666666666669 0 -0.039999999999999584 1 11.646666666666668 6.955000000000001 1.7136666666666669 10.499166666666667 6.7650000000000006 8.1836666666666691 -0.010000000000000229 2.9500000000000006 0.20000000000000001 3.5277777777777781 9.5000000000000018 0.55000000000000016 0.018333333333333094 -0.12499999999999976 -1.2133333333333363 3.1150000000000007 6.7350000000000012 -1.4116666666666668 1.0000000180025095e-35 4.6250000000000009 -0.081666666666665652 1.9500000000000002 2 23.500000000000004 3
decision_type=2 8 1 2 1 2 2 2 2 2 2 2 8 10 8 2 10 2 2 2 2 2 2 2 2 2 10 1 2 1
left_child=23 3 8 25 17 7 13 -6 9 10 11 21 -13 -7 -9 -4 -10 29 -19 24 -21 22 -3 -1 -20 -2 27 28 -25 -5
right_child=1 2 15 4 5 6 -8 14 16 -11 -12 12 -14 -15 -16 -17 -18 18 19 20 -22 -23 -24 26 -26 -27 -28 -29 -30 -31
leaf_value=0.034059969489142583 -0.0090582842175044847 0.0070397401068289589 0.0017624481046299852 0.00845964641071008 -0.011361783111593833 0.0086260322568296379 0.066682652269967516 0.001214827969091996 -0.0078172373487471278 0.0099358385956608737 0.00033809933533365886 0.045725395565805675 0.15589210133487241 -0.039336393157814842 0.052199378197931336 -0.0091068194285977636 0.015951997753700872 -0.016673025685640518 0.038497881161182294 0.053430338283810455 0.0061208477259872976 -0.0083145481065582463 0.087336169860440266 0.035478181921950055 -0.015163602140975419 0.0058159334658551423 0.00021212474524981407 0.00013314043248042345 -0.010391137949687542 -0.003027446663086832
leaf_weight=11.593870388343928 77.933994906954467 5.9569091806188244 539.99413454625756 179.01469087088481 770.3893327829428 51.55636608088389 5.5471926294267169 49.115811750292778 68.025469422340393 89.016958148218691 7.624212844297289 5.6916107013821611 3.4056937545537957 8.0942304469645006 7.0042174309492102 173.72462848573923 44.659214645624161 115.67172810947523 4.8514063619077197 6.8003145270049563 101.66723872348666 5.1980682974681249 7.7274210900068283 9.6584327891468984 94.0786447301507 260.86889042146504 27121.752832512371 635.44401839096099 382.3034098520875 199.10927567910403
leaf_count=212 945 63 4505 2598 13397 822 44 284 512 1000 72 60 55 60 43 2112 281 3262 65 70 974 53 75 80 993 3345 186330 3916 2338 2891
internal_value=-0.000120183 -0.00219757 0.00200002 -0.00426415 -0.00568041 -0.00868517 0.00761116 -0.0100758 0.0102401 0.0188717 0.0412131 0.0523512 0.0869677 0.00211782 0.0075781 -0.000871011 0.00160299 -0.00171098 -0.00675634 -0.00122552 0.00908689 0.0356734 0.0523824 9.24731e-05 -0.0125321 0.00239445 7.84828e-05 -0.00344943 -0.00903047 0.00255453
internal_weight=31043.5 2882.73 951.024 1931.7 1592.9 891.707 65.1978 826.509 237.306 124.621 35.6039 27.9797 9.0973 59.6506 56.12 713.719 112.685 701.193 323.069 207.398 108.468 18.8824 13.6843 28160.8 98.9301 338.803 28149.2 1027.41 391.962 378.124
internal_count=231457 38581 8788 29793 25503 14650 926 13724 2171 1378 378 306 115 882 327 6617 793 10853 5364 2102 1044 191 138 192876 1058 4290 192664 6334 2418 5489
cat_boundaries=0 1 2 3 4
cat_threshold=4481044 51691 4394594 115
is_linear=0
shrinkage=0.04


Tree=116
num_leaves=31
num_cat=10
split_feature=0 23 0 17 20 19 11 19 12 13 3 12 20 30 19 19 21 9 19 19 30 14 16 22 9 19 9 19 31 13
split_gain=13.1519 18.3062 14.8375 27.5352 16.5816 21.222 16.346 16.8099 14.8088 13.9961 14.1963 14.9335 13.6318 13.1051 21.8385 15.9381 13.0985 14.9066 12.7946 12.6632 13.9688 12.6542 12.6059 11.3415 11.0402 10.7099 10.4256 10.7009 12.5894 11.5286
threshold=2.5000000000000004 3.5000000000000004 1.5000000000000002 0.21111111111111114 29.430000000000003 0 4.5000000000000009 1 4.4365079365079376 0.13392857142857145 6.7550000000000008 3.5857142857142863 51.765000000000008 2 3 4 47.845000000000006 56.500000000000007 5 6 7 -0.10925925925925924 0.55000000000000016 -16.170833333333331 50.500000000000007 8 53.500000000000007 9 3.5000000000000004 0.41428571428571431
decision_type=2 2 2 10 2 1 2 1 8 10 2 10 2 1 1 1 2 2 1 1 1 10 10 2 2 1 2 1 2 10
left_child=2 19 3 6 5 21 -1 -8 -3 10 -9 -12 13 15 -15 -6 18 -18 -5 -2 -21 -4 -7 -22 -14 -10 27 29 -29 -24
right_child=1 8 4 16 12 22 7 9 25 -11 11 -13 24 14 -16 -17 17 -19 -20 20 23 -23 26 -25 -26 -27 -28 28 -30 -31
leaf_value=-0.001873437446112645 -0.0016832913674644798 -0.0014804371594419248 -0.0017825927580908006 0.0040809957597986411 0.010235853211895114 -0.0044823971883188336 -0.00099979611361148638 0.0018147971222927163 0.0017896960168429267 0.0040696312410080284 0.053023839605817913 0.016365089060892669 5.5581082803858641e-05 0.0082081801548357352 -0.0016357229092326306 0.0035934382221250254 -0.010783738977236921 0.027499689401822722 -0.0051057577616943203 -0.0017620644007225199 0.056456531502680145 0.0090373536226459762 0.015817108349149459 0.0021863576287197901 -0.017356333256529053 -0.0091304892251721764 -0.023934354864160779 0.014080701165612693 0.054309000515730704 -0.025849640556795186
leaf_weight=1537.4321870338172 3201.1133720697835 6670.5213391836733 276.81520130485296 348.30209444463253 1005.6979516074061 1336.0812959671021 890.77552775666118 104.46902374364436 182.35000765230507 1245.8586069643497 19.794909194111824 174.65841504372656 620.45503081381321 533.10832972824574 1068.068207450211 1434.2181120365858 556.41900327801704 16.763664841651917 751.88211491703987 1816.6198879955336 6.167615393176674 460.89298915117979 22.570502430200577 5948.7074454165995 64.302751615643501 707.26388138299808 13.174902789294718 37.537653408944607 18.621528491377831 20.074401378631592
leaf_count=10203 22086 61129 2093 2445 5130 9142 6033 721 3783 8270 126 1216 2986 2719 5473 7291 4294 115 5363 12509 70 2795 136 40540 310 14315 80 238 115 120
internal_value=6.48058e-05 -0.000612412 0.00106423 -0.000456974 0.00230695 -0.000573903 0.00135586 0.00339433 -0.00212695 0.00589644 0.0137075 0.0200969 0.00363938 0.00452372 0.00167239 0.00636195 -0.00476108 -0.00966408 -0.00220668 0.000431105 0.00130252 0.00491074 -0.00337861 0.00223881 -0.0015795 -0.00697462 0.0094895 0.0139464 0.0232753 -0.00307562
internal_weight=31090.7 18532.7 12558 5646.36 6911.62 2185.77 3972.99 2435.56 7560.14 1544.78 298.922 194.453 4725.85 4041.09 1601.18 2439.92 1673.37 573.183 1100.18 10972.6 7771.49 737.708 1448.06 5954.88 684.758 889.614 111.979 98.8041 56.1592 42.6449
internal_count=231846 154432 77414 38786 38628 14719 26569 16366 79227 10333 2063 1342 23909 20613 8192 12421 12217 4409 7808 75205 53119 4888 9831 40610 3296 18098 689 609 353 256
cat_boundaries=0 1 2 3 4 5 6 7 8 9 10
cat_threshold=2240288 10360842 117 8606214 1890593 78666 6308611 68 9449728 5591104
is_linear=0
shrinkage=0.04


Tree=117
num_leaves=31
num_cat=4
split_feature=0 14 8 19 19 19 31 1 20 4 22 6 19 14 29 16 29 11 20 14 26 17 1 1 1 1 29 14 22 1
split_gain=11.691 14.4347 17.4431 17.2664 15.1223 12.6325 11.0276 10.4187 10.2625 9.39693 12.5828 11.8129 18.0259 8.982 10.1274 13.9692 11.5754 8.99626 12.193 8.69304 8.64517 8.53735 9.5866 8.52641 14.9173 9.09765 13.7492 13.2388 8.31949 8.13901
threshold=5.5000000000000009 0.29917328042328045 2.5000000000000004 0 1 2 1.5000000000000002 27.295000000000005 45.70000000000001 0.068333333333333815 22.227500000000006 36.715000000000011 3 0.25849867724867731 4.7550000000000008 0.63333333333333341 5.1150000000000011 10.500000000000002 43.050000000000004 -0.088888888888888851 7.8550000000000013 0.11805555555555557 40.920000000000009 49.860000000000007 51.740000000000002 28.955000000000002 6.6750000000000007 0.12407407407407416 31.114166666666669 31.465000000000003
decision_type=2 8 2 1 1 1 2 2 2 2 2 2 1 10 2 8 2 2 2 8 2 10 2 2 2 2 2 10 2 2
left_child=9 2 3 6 20 7 28 -3 21 -1 11 -11 13 14 -13 16 -16 29 -19 -5 -4 22 -7 25 -25 26 -8 -28 -2 -18
right_child=1 5 4 19 -6 8 23 -9 -10 10 -12 12 -14 -15 15 -17 17 18 -20 -21 -22 -23 -24 24 -26 -27 27 -29 -30 -31
leaf_value=0.00049796694720502348 -0.006928111942128049 0.017266108951580452 -0.012762155082227271 -0.014240440423771284 -0.0033630427137056351 -0.014788813070203724 0.012528009731510428 -0.011261954301004557 0.0034817772426887776 -0.0066322488987489662 0.0095214943734533639 0.00057791266304302031 -0.00556833132415923 -0.022622172946968892 0.057837804581326438 0.073436601064150162 0.027218586610439393 0.073013147657347524 0.0011012427159486629 -0.0015526260442907806 0.054479441530633263 0.025502137393545038 0.053542157695240088 0.11132864003533705 0.01330160730611874 0.0046202716024575131 0.088666814243248265 0.014680289778307785 0.062193548964667923 -0.0056934535479029732
leaf_weight=26787.223492370918 99.549522564746439 25.451156028546393 463.56915872730315 111.63306130096316 1059.2446719268337 18.15464959573001 79.69817461585626 104.92689410131425 155.24387175217271 871.27487086132169 118.13168824091554 44.425797628238797 201.73340120632201 10.30211880803108 10.581355694681404 8.2853763028979284 18.03557912632823 8.2449674084782583 6.9545933604240409 382.25609329994768 3.0795924589037886 83.484151501208544 4.0108794225379816 3.5960925305262199 8.0303824339061958 239.5774504202418 8.1819279640912992 7.3418020047247401 2.8662631958723059 36.057024281471968
leaf_count=181792 1367 186 7389 2717 15504 289 1103 786 922 7429 682 437 1634 58 86 52 124 69 46 4103 22 607 50 55 98 3084 69 49 20 251
internal_value=8.6995e-05 -0.00234958 -0.00348094 0.000796782 -0.00612381 0.00478843 0.00639514 -0.00528743 0.00965624 0.000334792 -0.00294176 -0.00415264 0.00211634 0.012482 0.0161511 0.0239989 0.0188707 0.0129201 0.0401097 -0.00433271 -0.01206 0.0196431 -0.00242424 0.00994667 0.0436216 0.00877725 0.0192362 0.0536756 -0.00499364 0.00528009
internal_weight=30981.1 2859.9 2468.62 942.731 1525.89 391.272 448.842 130.378 260.894 28121.3 1334.03 1215.9 344.62 142.887 132.585 88.1589 79.8735 69.2922 15.1996 493.889 466.649 105.65 22.1655 346.426 11.6265 334.799 95.2219 15.5237 102.416 54.0926
internal_count=231080 38420 35580 12665 22915 2840 5845 972 1868 192660 10868 10186 2757 1123 1065 628 576 490 115 6820 7411 946 339 4458 153 4305 1221 118 1387 375
cat_boundaries=0 1 2 3 4
cat_threshold=9490677 11699296 9896129 8417573
is_linear=0
shrinkage=0.04


Tree=118
num_leaves=31
num_cat=5
split_feature=20 14 7 19 14 26 30 22 1 20 29 3 5 14 19 14 19 7 23 21 19 22 29 26 9 7 1 27 15 27
split_gain=13.3454 13.3584 9.71173 12.0251 8.31713 8.25848 7.98512 8.93899 7.87306 18.7264 11.5974 13.8081 7.48902 10.5734 8.55249 14.6407 7.95426 7.91346 12.3919 8.91634 12.9754 9.13051 14.2048 9.93522 21.1391 21.8942 14.8026 23.8624 12.1596 10.5035
threshold=1.0000000180025095e-35 -0.099999999999999936 -15.509166666666667 0 0.13333333333333333 3.7950000000000004 1 -5.001666666666666 21.165000000000003 18.675000000000004 5.4650000000000007 6.8150000000000004 5.5000000000000009 -0.14616402116402114 2 -0.1407275132275132 3 -1.0881666666666658 1.5000000000000002 33.430000000000007 4 -5.001666666666666 4.5850000000000009 5.3550000000000013 37.500000000000007 1.5358333333333329 31.115000000000006 -0.47449999999999987 4.5000000000000009 -0.97000000000000031
decision_type=2 8 2 1 8 2 1 2 2 2 2 2 2 8 1 8 1 2 2 2 1 2 2 2 2 2 2 2 10 2
left_child=1 -1 3 5 6 -2 8 -8 9 -5 -11 -12 -4 16 15 -15 -14 18 -16 20 21 23 -23 24 25 -19 -27 -28 29 -26
right_child=2 -3 12 4 -6 -7 7 -9 -10 10 11 -13 13 14 17 -17 -18 19 -20 -21 -22 22 -24 -25 28 26 27 -29 -30 -31
leaf_value=-0.022767301672465129 -0.030884554330630577 0.018371504572240432 0.00010337011494352544 0.079556585336978472 0.00054304552250599065 0.0035419400394278429 -0.0039872063118826058 -0.019448630106896132 -0.0077813949979092471 -0.018493567775120092 0.059745603560469845 -0.017759264539627739 0.0007213521870263796 0.048369634401090336 0.0068065076440872651 -0.0046028968615903238 -0.0097590614082249984 0.020712120961261099 -0.0047471692064636316 -0.00041595899252628037 0.00017289358806199518 -0.014358621111351567 0.015654687978028291 0.0068290201341582157 -0.016316197147888466 0.030660136041714248 0.18238237712484254 0.057915001069185193 -0.030230578334105217 0.033371327120899956
leaf_weight=73.948185590095818 11.587621574755756 15.230054372921584 26617.677435933147 5.711209960281848 148.99977103434503 294.51590817421675 85.666062031872571 198.36745611578226 128.13211445230991 20.051872434094548 8.9356631860136968 6.2505308762192717 167.18012367095798 8.4263845365494472 190.61142596974969 896.70591679960489 404.56931553781033 12.598147409036757 672.79527088720351 568.31906116753817 242.03638000413775 37.686181792058051 76.339151803404093 46.644744858145714 8.49244676530361 4.2259178161621085 4.9284246563911429 4.9294405467808238 7.9949764106422654 34.299652570858598
leaf_count=5234 178 389 189318 63 935 2161 885 1454 1072 167 53 48 2080 82 1220 7193 4988 143 5752 3894 2108 312 579 345 113 56 66 41 102 320
internal_value=-0.000290022 -0.0157415 -0.000245449 -0.00432055 -0.00753009 0.00216789 -0.010351 -0.0142825 -0.00273982 0.0123664 0.00147656 0.0278451 -0.000122107 -0.00189315 -0.000886558 -0.00406484 -0.00685265 0.000636037 -0.0021965 0.00297462 0.0069876 0.0133461 0.00573508 0.0214139 0.0301955 0.059023 0.0932927 0.120142 0.0150504 0.0235104
internal_weight=31003.9 89.1782 30914.7 908.218 602.115 306.104 453.115 284.034 169.081 40.9493 35.2381 15.1862 30006.5 3388.78 2817.03 905.132 571.749 1911.9 863.407 1048.49 480.175 238.139 114.025 124.114 77.469 26.6819 14.0838 9.85787 50.7871 42.7921
internal_count=231351 5623 225728 7016 4677 2339 3742 2339 1403 331 268 101 218712 29394 22326 7275 7068 15051 6972 8079 4185 2077 891 1186 841 306 163 107 535 433
cat_boundaries=0 1 2 3 4 5
cat_threshold=4940224 210 1874448 276002 2228559
is_linear=0
shrinkage=0.04


Tree=119
num_leaves=31
num_cat=1
split_feature=0 4 22 7 18 17 12 30 9 3 1 20 22 1 22 9 3 4 22 4 1 22 4 26 3 1 12 26 22 1
split_gain=10.6119 18.2726 13.6099 10.9032 10.5707 11.0585 10.3929 10.3547 9.78772 9.28122 9.1868 12.7561 22.3265 10.6521 9.0898 9.00232 8.86747 7.75436 10.2258 9.72142 7.73334 9.26423 7.66089 10.1567 9.18999 12.6719 7.83248 19.0238 12.2003 9.14572
threshold=4.5000000000000009 0.0054999999999996172 11.453666666666669 -11.582499999999996 1.0000000180025095e-35 0.29285714285714287 5.1833333333333345 0 24.500000000000004 6.5650000000000004 23.895000000000003 3.4000000000000008 -18.884166666666662 37.150000000000006 4.6174999999999988 23.500000000000004 7.0450000000000008 0.075000000000000636 2.0016666666666674 0.084999999999999534 24.150000000000002 1.6933333333333336 -0.063333333333333894 7.1650000000000009 6.7550000000000008 28.405000000000005 3.8166666666666669 5.535000000000001 -0.65499999999999925 31.590000000000003
decision_type=2 2 2 2 8 10 8 1 2 2 2 2 2 2 2 2 2 2 2 2 2 2 2 2 2 2 10 2 2 2
left_child=-1 4 6 -4 5 7 10 22 -6 -9 17 12 -12 -14 -8 -5 -10 -3 -19 -20 21 -13 24 26 -2 -26 -24 -28 -29 -30
right_child=1 2 3 15 8 -7 14 9 16 -11 11 20 13 -15 -16 -17 -18 18 19 -21 -22 -23 23 -25 25 -27 27 28 29 -31
leaf_value=0.0005006708227896251 0.0045661284215549247 -0.014097783431895154 -0.014770355345377857 0.054712472114478813 0.011507379282179412 -0.021760823575263443 -0.025131195242098565 0.047136476394179574 0.0017434248027050616 -0.0047541739301488238 -0.0093609159178440673 0.0010820259096029545 0.063319949133508246 0.19248122394345007 0.023129312112509234 0.0013958834171977172 -0.017993064257204369 -0.0099987486316542029 0.087888073913099607 0.011266064515542887 -0.0041628673664616603 0.086610740068097242 -0.0048225156563596874 0.048048357104127845 0.1023635139071199 0.022236528358599746 0.0021431963416326631 0.09385742617874962 -0.013198488569823173 0.054328564117769429
leaf_weight=24207.897770919837 23.756639299914241 240.90683566313237 69.348119519650936 5.0966405905783168 165.13006053119898 45.755252908915281 63.345290047116578 5.5549358744174233 2311.9884678767994 767.38371581351385 6.3179898364469409 5.2756593991070968 3.0499312868341786 1.5361905321478841 6.9272687565535298 870.90220411121845 37.006343131884933 22.16955079510808 3.8789037391543379 8.3581737373024207 1844.2646144125611 3.2899229265749454 180.10024440474808 7.4379292391240588 4.3142633745446828 11.782492439262567 129.22590989805758 5.7401329316198852 5.8562868870794755 7.0993536002933979
leaf_count=154659 301 3173 575 48 1813 381 3284 58 19541 10661 331 77 110 49 79 6851 309 350 40 91 23856 30 1785 58 61 170 2748 61 49 63
internal_value=0.000107073 -0.00128131 -0.00351905 0.000497417 0.000622439 -0.00247658 -0.00523766 -0.00170814 0.00209422 -0.00432529 -0.00474041 -0.00373289 0.0394041 0.106584 -0.0203738 0.00170608 0.00143249 -0.0115608 0.00620245 0.0355537 -0.00398675 0.0339324 0.00369844 0.00182722 0.0203772 0.0437122 0.000779149 0.00759939 0.0453128 0.0238046
internal_weight=31070.7 6862.8 3154.67 945.347 3708.13 1194.01 2209.32 1148.25 2514.12 772.939 2139.05 1863.73 10.9041 4.58612 70.2726 875.999 2348.99 275.313 34.4066 12.2371 1852.83 8.56558 375.313 335.46 39.8534 16.0968 328.022 147.922 18.6958 12.9556
internal_count=231662 77003 38944 7474 38059 16396 31470 16015 21663 10719 28107 24453 490 159 3363 6899 19850 3654 481 131 23963 107 5296 4764 532 231 4706 2921 173 112
cat_boundaries=0 1
cat_threshold=112
is_linear=0
shrinkage=0.04


Tree=120
num_leaves=31
num_cat=5
split_feature=0 27 26 19 3 29 17 17 4 19 17 28 6 9 22 20 1 3 17 6 19 30 19 3 22 27 8 4 6 6
split_gain=12.1577 15.5904 14.51 16.4645 14.2374 15.0914 11.6589 13.2613 11.3979 11.8042 13.2637 11.5729 11.2059 9.89464 9.56248 19.7549 8.87787 8.5468 11.3409 8.37168 13.0963 9.7623 10.6787 10.0764 14.7876 13.1148 9.20153 9.02875 8.62514 8.05827
threshold=5.5000000000000009 -0.83499999999999963 4.035000000000001 0 6.7750000000000012 3.8950000000000005 0.15476190476190479 1.0000000180025095e-35 -0.009999999999999341 1 0.29285714285714287 4.5000000000000009 49.235000000000007 64.500000000000014 -3.6116666666666695 22.325000000000003 31.335000000000004 6.5450000000000008 0.11805555555555557 39.095000000000006 2 3 4 6.6450000000000005 -3.4408333333333334 0.99666666666666648 1.5000000000000002 -0.05000000000000026 38.900000000000006 44.470000000000006
decision_type=2 2 2 1 2 2 8 10 2 1 10 2 2 2 2 2 2 2 8 2 1 1 1 2 2 2 2 2 2 2
left_child=17 8 3 -3 5 -5 7 16 9 10 14 -10 -11 19 -2 -16 -6 18 -1 28 26 22 -22 24 -23 -26 27 -21 -4 -29
right_child=1 2 13 4 6 -7 -8 -9 11 12 -12 -13 -14 -15 15 -17 -18 -19 -20 20 21 23 -24 -25 25 -27 -28 29 -30 -31
leaf_value=0.0079778506641124541 0.0016385478865284927 -0.0094273381666227472 -0.0033240401588371035 0.15252248073341576 0.065669574418085186 0.036549868859663215 -0.043313629681605167 0.092692185027028043 0.03131801696321386 -0.016284687897847556 0.096682625340101108 -0.020999000341506653 0.049927582029132882 0.05277326021540054 0.12648788480963755 -0.025938026991128758 -0.012115476455517565 8.7651238266526007e-05 -0.028579334992768407 0.044079220944124815 0.00023710060209606221 0.072538058347551823 0.02126897493961671 -0.0012055012176837964 -0.028610116903180251 0.041642814107202851 -0.027202470574744932 0.009433579048182943 -0.033321110069017223 -0.022776647041182395
leaf_weight=21.40363029204309 28.697010887786746 20.835115861147642 1895.2485847435892 3.6715295650064972 3.6785347387194651 3.5131706781685352 2.9565546140074721 5.5973314307630053 7.0796234607696524 67.864006455056369 3.1502348165959111 152.29871348664165 4.3519635489210478 5.2402050644159308 3.0791265983134499 2.4372874647378922 6.488974716514349 28116.962481636088 37.13371688965708 6.0718400850892058 74.891371682286263 7.4087791256606605 87.11619096621871 348.15700060501695 8.9266470298171061 8.1181144714355451 39.441662255674601 23.524806842207909 15.46168779209256 26.343439944088459
leaf_count=152 1052 386 20803 55 65 55 46 95 170 2388 57 6673 135 49 62 48 114 192679 234 50 736 75 823 3372 80 47 413 243 170 253
internal_value=-0.000196437 -0.00268056 -0.00172963 0.0203551 0.0345935 0.0958143 0.0295769 0.0432468 -0.0118473 -0.00191653 0.0143116 -0.0186751 -0.0107991 -0.00213509 0.0109102 0.0591424 0.0160266 5.58636e-05 -0.0152125 -0.00224834 0.00175034 0.00419757 0.0121256 0.000523727 0.0253578 0.0048501 -0.0112293 -0.00197444 -0.00356678 -0.00758182
internal_weight=31037.1 2861.65 2592.69 46.7412 25.9061 7.1847 18.7214 15.7648 268.958 109.58 37.3637 159.378 72.216 2545.95 34.2134 5.51641 10.1675 28175.5 58.5373 2540.71 630 534.618 162.008 372.611 24.4535 17.0448 95.3817 55.9401 1910.71 49.8682
internal_count=231580 38515 27930 816 430 110 320 274 10585 3742 1219 6843 2523 27114 1162 110 179 193065 386 27065 6092 5133 1559 3574 202 127 959 546 20973 496
cat_boundaries=0 1 2 3 4 5
cat_threshold=10946155 225473 6555648 273 1180627
is_linear=0
shrinkage=0.04


Tree=121
num_leaves=31
num_cat=5
split_feature=0 3 10 19 20 19 24 9 26 20 19 15 0 20 20 20 5 31 9 12 3 27 5 31 30 21 21 12 17 12
split_gain=10.0446 12.3358 14.1434 15.3082 12.9219 12.8035 12.5302 11.5561 10.8196 11.3777 12.2977 16.3623 10.7613 10.7084 10.6926 10.4872 10.1526 10.2991 9.72084 9.27413 9.61201 11.6707 10.7297 17.3202 11.587 16.7534 10.8742 13.5128 16.9546 11.7954
threshold=5.5000000000000009 6.955000000000001 0 1 32.365000000000009 2 8.5000000000000018 62.500000000000007 1.0000000180025095e-35 3.4000000000000008 3 4.5000000000000009 2.5000000000000004 63.565000000000005 1.0000000180025095e-35 47.305000000000007 3.5000000000000004 3.5000000000000004 26.500000000000004 5.4722222222222232 6.9250000000000007 0.37166666666666753 1.5000000000000002 5.5000000000000009 4 17.955000000000002 1.0000000180025095e-35 3.3166666666666669 0.10555555555555557 4.2928571428571436
decision_type=2 2 1 1 2 1 2 2 2 2 1 8 2 2 2 2 2 2 2 8 2 2 2 2 1 2 2 10 10 10
left_child=8 2 4 18 -2 6 15 -5 -1 10 11 12 -10 -7 -14 -6 17 -13 19 20 22 -22 23 -4 25 26 -24 -28 29 -29
right_child=1 -3 3 7 5 13 -8 -9 9 -11 -12 16 14 -15 -16 -17 -18 -19 -20 -21 21 -23 24 -25 -26 -27 27 28 -30 -31
leaf_value=0.038419624307245694 0.066939274656975162 -0.0090791064802979455 0.02119185290876088 -0.0080903039759073134 0.014440326190151625 -0.0030219902276921429 0.062331302799337199 0.054302024094619192 -0.015383350806302471 0.00035449979755398562 -0.021220559681759125 0.03619382015338718 0.010360482814129999 0.032850261745756053 0.11629613602824752 0.001612460648718645 -0.037576495481426629 -0.034030822777322625 -0.0016679239310778734 -0.020952670815948458 0.027742115308589478 0.14465344242046616 0.020629006615913999 0.12465365599798675 -0.0092430071502759888 -0.0095791063489865484 -0.00011756181742095357 -0.0055426284720156861 0.19415875543525932 0.1273372219044091
leaf_weight=11.922098237089811 4.9869606234133235 360.90488995984197 30.155882080085576 743.09779773233458 167.56306585296988 487.13431130535901 6.5617063082754603 4.7802841085940591 2.5909926965832693 28081.335314336233 67.434522944036871 10.263958086259665 2.3055933145806193 13.688748843967913 4.4996404480189085 260.49021304771304 10.657246576156465 4.9544503521174184 668.361995248124 14.023476261179892 5.1170091461390248 1.8637609407305715 12.64526686538011 2.832017606124281 48.995353530161083 15.59408702328801 2.5676182284951192 2.1507182214409113 2.3545465525239706 2.1248320350423455
leaf_count=214 58 5327 484 12553 1555 4094 57 58 26 188956 2612 446 80 86 83 1983 537 197 9037 1237 137 15 395 41 1034 192 31 42 41 58
internal_value=9.29741e-05 -0.00216662 -0.00116756 -0.00349506 0.00269362 0.00237991 0.00730676 -0.00759002 0.000322011 0.000305895 -0.0129832 0.0068419 0.0539919 -0.00200155 0.0804054 0.00663398 -0.00763552 0.0133317 0.000337965 0.00990922 0.0133332 0.0589557 0.0106663 0.0300741 0.00325909 0.0174333 0.0446992 0.0777914 0.107963 0.060495
internal_weight=31054 2857.99 2497.09 1556.66 940.425 935.438 434.615 747.878 28196 28184 102.706 35.2719 9.39623 500.823 6.80523 428.053 25.8757 15.2184 808.787 140.425 126.401 6.98077 119.42 32.9879 86.4324 37.4371 21.843 9.19772 6.6301 4.27555
internal_count=231666 38515 33188 25355 7833 7775 3595 12611 193151 192937 3981 1369 189 4180 163 3538 1180 643 12744 3707 2470 152 2318 525 1793 759 567 172 141 100
cat_boundaries=0 1 2 3 4 5
cat_threshold=1 31167 10412558 13869312 275
is_linear=0
shrinkage=0.04


Tree=122
num_leaves=31
num_cat=1
split_feature=5 3 4 14 14 0 14 4 20 9 0 27 30 12 26 26 11 3 4 18 14 17 22 4 11 20 1 1 22 1
split_gain=9.2801 10.7038 10.747 10.7972 10.7984 11.0419 9.25345 8.88946 8.20195 7.53114 7.50171 8.67939 7.92364 7.55375 7.34412 11.5408 7.3262 13.2152 8.98791 7.04206 11.4193 7.17813 6.32195 7.34301 8.46234 6.30427 6.18268 8.50806 10.3039 12.9055
threshold=5.5000000000000009 6.8150000000000004 0.091666666666667243 0.012962962962962997 0.020019841269841302 2.5000000000000004 0.36134259259259266 0.08666666666666735 55.455000000000005 47.500000000000007 2.5000000000000004 -0.60999999999999999 0 2.2361111111111116 3.8950000000000005 4.0550000000000006 10.500000000000002 7.0550000000000006 0.034999999999999705 0.22500000000000003 0.4335978835978837 0.47222222222222227 -15.603333333333332 0.036666666666666632 1.5000000000000002 61.040000000000006 35.010000000000012 35.945000000000007 -17.362499999999994 35.645000000000003
decision_type=2 2 2 8 8 2 10 2 2 2 2 2 1 8 2 2 2 2 2 10 10 10 2 2 2 2 2 2 2 2
left_child=26 2 3 7 5 -5 10 22 -6 -9 13 -12 14 -3 -13 -16 17 18 -8 -20 21 -21 23 -2 -25 -15 -1 28 29 -28
right_child=1 6 -4 4 8 -7 16 9 -10 -11 11 12 -14 25 15 -17 -18 -19 19 20 -22 -23 -24 24 -26 -27 27 -29 -30 -31
leaf_value=0.00069512632368742616 -0.039856376437228822 -0.01899617032697247 0.021347763298912616 0.076949206866115852 0.0056903109600415884 0.01357777300290007 -0.020768659011465924 0.059428056191085953 -0.015276782609499264 -0.013238474760045289 -0.010822011394980971 -0.036587136916114996 -0.0057829961174360343 5.3253252492792204e-05 0.056993319653019195 0.00040888232966412782 -0.025576015580401328 -0.029885111652334855 0.0078667017225888796 0.095901945105492714 0.016514375090329578 0.039771613986017272 -0.0023056635778028263 0.054723675878160585 -0.012520258547870339 0.035575600703200469 -0.004925722995071111 -0.00010180394009971662 -0.0023077928969457151 -0.030590455909871982
leaf_weight=16653.380981740076 15.42539004050195 33.430759273469448 43.017822802532464 6.4901929944753673 365.0595512073487 13.655040482059119 6.0497361570596686 6.4430376691743714 32.509442955255508 3.5334500186145306 336.43554675299674 8.4234333448111993 964.70868782699108 762.64581530913711 5.8365335352718821 485.28758691251278 7.4008871130645266 8.2881855219602567 13.713383406400679 7.1828856319189089 13.653327055275438 7.4016916826367378 346.94633660186082 3.1802074555307618 51.239197319373488 8.0784455612301809 90.636023263446987 9418.4377985228784 1254.1004172684625 47.924666274338961
leaf_count=121150 244 197 411 38 2527 117 33 78 187 37 6140 85 8213 5036 61 4058 47 46 77 40 75 46 3271 60 799 46 1011 68498 8617 506
internal_value=-3.73776e-05 -0.00196009 0.0018453 0.000851843 0.00542352 0.0339942 -0.00322568 -0.00362286 0.00397582 0.0336912 -0.003594 -0.00502849 -0.00369734 -0.000381826 0.000437407 0.00108133 0.011838 0.0167572 0.0248107 0.0313837 0.0428044 0.0674157 -0.00451602 -0.0154957 -0.0085906 0.000425585 0.000211571 -0.000533297 -0.00345144 -0.0138025
internal_weight=31020.5 3556.04 887.5 844.482 417.714 20.1452 2668.54 426.768 397.569 9.97649 2604.85 1800.69 1464.26 804.155 499.548 491.124 63.6901 56.2892 48.001 41.9513 28.2379 14.5846 416.791 69.8448 54.4194 770.724 27464.5 10811.1 1392.66 138.561
internal_count=231751 31969 7769 7358 2869 155 24200 4489 2714 115 23836 18557 12417 5279 4204 4119 364 317 271 238 161 86 4374 1103 859 5082 199782 78632 10134 1517
cat_boundaries=0 1
cat_threshold=104
is_linear=0
shrinkage=0.04


Tree=123
num_leaves=31
num_cat=5
split_feature=23 0 18 27 19 22 0 19 27 4 19 4 19 21 29 31 29 14 7 7 1 6 21 30 4 21 9 27 7 22
split_gain=9.8347 15.8518 17.5067 18.185 14.1719 14.0124 13.3294 20.26 17.0816 13.0938 12.7076 12.1855 12.134 11.4038 13.5951 11.2216 10.9315 10.8991 10.3817 11.7853 11.4144 11.9335 10.567 10.081 9.58462 11.7692 9.53189 12.2203 17.4632 11.7423
threshold=2.5000000000000004 2.5000000000000004 0.29166666666666669 -2.879166666666666 0 -3.6116666666666695 1.5000000000000002 1 -0.4183333333333325 0.068333333333333815 2 -0.0033333333333334099 3 52.410000000000004 5.035000000000001 1.5000000000000002 4.1250000000000009 -0.3332936507936507 8.1836666666666691 27.417500000000008 29.555000000000003 24.450000000000006 45.175000000000004 4 -0.10499999999999997 38.485000000000007 43.500000000000007 -0.18291666666666637 5.3536666666666699 -31.557333333333332
decision_type=2 2 10 2 1 2 2 1 2 2 1 2 1 2 2 2 2 10 2 2 2 2 2 1 2 2 2 2 2 2
left_child=5 -2 3 -3 23 11 7 13 -9 12 -11 -1 -5 14 16 -15 -7 -14 20 -20 -16 22 -22 -4 25 -8 -19 28 -28 -30
right_child=1 2 4 9 -6 6 24 8 -10 10 -12 -13 17 15 18 -17 -18 26 19 -21 21 -23 -24 -25 -26 -27 27 -29 29 -31
leaf_value=0.0030867889902052798 0.00070045703140613554 -0.026464959549812376 -0.0081900385779698787 -0.00013849158152334052 0.0041367193484602048 0.019949103717209198 0.014812273568639988 0.014224789481708204 -0.0064768618229077771 -0.0026124916909736119 -0.014955153021444742 0.057530065663827318 -0.014712151881498672 -0.017691230497578689 -0.00010997240647076901 -7.4857421624056786e-05 -0.015064804576775431 -0.0016608784423603157 -0.0093207727545214988 0.045670916059730164 0.00937119903488828 0.014994345458701491 -0.02583622451631944 0.00061327223371625045 0.0014535861248904328 -0.012972106892770698 -0.012841297911204239 -0.0021215970205878403 0.064153371337706877 2.8048275154916019e-05
leaf_weight=13.36267955414951 7456.762011192739 50.402217771857977 301.99687804654241 3405.4145676204935 1303.4801343679428 17.203634046018124 29.535737290978432 67.248456425964832 1234.0610587522388 315.31409985525534 242.57314006751403 12.954394797794519 129.96224636491388 77.057132728397846 167.74034725129604 232.17464891821146 83.565066635608673 3003.8587917778641 89.64200846105814 6.7015756368637076 33.987957820296288 354.77062272280455 22.782515913248062 627.68511367030442 10082.975205524825 140.0921501070261 545.45878123492002 787.7908546961844 4.6973249316215506 167.16481462493539
leaf_count=96 46964 4425 2322 32597 9764 111 179 428 8933 3714 3027 101 1677 577 1128 1667 531 29181 597 44 225 2383 160 4744 61177 774 6335 5745 47 1755
internal_value=-0.00012836 -0.000720314 -0.00169354 -0.00250847 0.00146398 0.000728902 0.000668193 -0.00202394 -0.00536582 -0.0023681 -0.00829406 0.0298861 -0.00195713 0.00201275 0.00461858 -0.00446466 -0.00908709 -0.0032848 0.00666277 -0.0054956 0.0086849 0.0122696 -0.00475787 -0.00230311 0.00129496 -0.00813427 -0.00296271 -0.00556087 -0.00933803 0.00178072
internal_weight=31008.4 18342.6 10885.8 8652.64 2233.16 12665.9 12639.5 2386.94 1301.31 8602.23 557.887 26.3171 8044.35 1085.63 776.394 309.232 100.769 4638.93 675.625 96.3436 579.281 411.541 56.7705 929.682 10252.6 169.628 4508.97 1505.11 717.321 171.862
internal_count=231408 152297 105333 88503 16830 79111 78914 16784 9361 84078 6741 197 77337 7423 5179 2244 642 44740 4537 641 3896 2768 385 7066 62130 953 43063 13882 8137 1802
cat_boundaries=0 1 2 3 4 5
cat_threshold=9149185 730655 6059021 6133826 388
is_linear=0
shrinkage=0.04


Tree=124
num_leaves=31
num_cat=6
split_feature=5 4 6 19 27 19 29 20 21 19 26 6 27 19 3 5 14 30 29 4 4 19 14 18 29 22 22 28 3 26
split_gain=10.2971 17.511 16.0983 16.1306 14.7684 12.6351 11.4947 14.0424 10.9531 9.79895 9.76385 12.5481 9.54982 13.448 10.6854 11.2063 9.51457 9.42113 8.58494 8.54164 8.46398 8.35177 10.615 8.69165 8.48788 15.6256 12.3915 8.71602 8.4343 8.3494
threshold=4.5000000000000009 0.051666666666666312 23.395000000000003 0 -1.1116666666666664 1 5.6350000000000007 21.755000000000003 47.605000000000011 2 3.4450000000000007 31.355000000000004 1.4216666666666673 3 6.9150000000000009 5.5000000000000009 -0.28320105820105806 4 9.115000000000002 0.085500000000000145 0.080000000000000529 5 -0.022222222222222237 1.0000000180025095e-35 4.0750000000000011 5.878333333333333 -16.170833333333331 1.5000000000000002 6.8750000000000009 6.7150000000000007
decision_type=2 2 2 1 2 1 2 2 2 1 2 2 2 1 2 2 8 1 2 2 2 1 10 8 2 2 2 2 2 2
left_child=1 9 5 18 6 8 -5 -8 -2 -1 11 -6 17 -14 -15 -16 -11 -7 -4 20 29 24 23 -23 26 -26 -3 -27 -25 -19
right_child=2 21 3 4 10 12 7 -9 -10 16 -12 -13 13 14 15 -17 -18 19 -20 -21 -22 22 -24 28 25 27 -28 -29 -30 -31
leaf_value=-0.00049979832239831245 -0.014628813564836743 0.016863325971053764 0.0015344168535700892 -0.014627517529239988 0.065420264244866189 0.0014558856585628801 0.082811035022310214 -0.022771047155786959 0.0025556237984220953 -0.0057086116556121632 -0.0017660212162999072 -0.0042172311001930944 0.022495092610871469 -0.027864908797073779 -0.017550926101811831 0.045570006519119348 0.0013646748361525634 -0.005803132725652662 0.054745436754179221 -0.024561986246337431 0.027421618643541028 -0.0020958493980645387 -0.016396054650001272 0.084873855269134782 0.0010531423758499943 0.076488462578566063 0.10091647564728096 0.027318464538767448 0.010771667943722016 -0.036993886746307131
leaf_weight=8477.2113726139069 318.3187091848813 5.5819028182886541 3522.3255066685379 196.36537260934711 7.9156379215419319 297.84675342682749 4.3573647104203683 3.7501032594591379 72.944502178579569 310.95083450246602 3079.7401731312275 8.6800157167017442 45.300107575953007 21.900981940329075 9.0802057757973671 8.922098346054554 14173.556219231337 292.00219539552927 4.8579450473189345 45.293522377964109 11.681446358095853 11.434673074632885 26.237749431282282 5.101698271930216 29.514575554057956 8.6085504963994044 5.6436597071588022 17.481979057192802 4.7417700700461864 14.409287419170139
leaf_count=60230 3062 62 29327 3915 82 2780 53 58 488 4097 23802 98 249 121 52 50 99055 2674 31 453 110 118 171 42 231 48 51 118 39 94
internal_value=0.000230054 0.000658085 -0.00100992 -0.000275905 -0.00228178 -0.00541518 -0.0127004 0.0339741 -0.0111403 0.000580327 -0.00160113 0.0289978 -0.00223501 0.0103391 -0.00727517 0.0137324 0.00121199 -0.00388905 0.00160316 -0.00808749 -0.00599592 0.0162725 0.000520146 0.0216237 0.0238288 0.0209894 0.0591211 0.0435421 0.0491775 -0.00726991
internal_weight=31041.8 23076.1 7965.69 6827.99 3300.81 1137.7 204.473 8.10747 391.263 22961.7 3096.34 16.5957 746.437 85.2034 39.9033 18.0023 14484.5 661.233 3527.18 363.386 318.093 114.347 47.5159 21.2781 66.8307 55.6051 11.2256 26.0905 9.84347 306.411
internal_count=231761 164262 67499 57366 28008 10133 4026 111 3550 163382 23982 180 6583 472 223 102 103152 6111 29358 3331 2878 880 370 199 510 397 113 166 81 2768
cat_boundaries=0 1 2 3 4 5 6
cat_threshold=352751 4262136 2122063 9467136 228 1059687
is_linear=0
shrinkage=0.04


Tree=125
num_leaves=31
num_cat=3
split_feature=15 20 19 20 7 9 6 12 7 19 29 26 14 19 14 21 17 29 3 26 26 14 26 9 27 9 27 3 27 27
split_gain=8.86865 10.7027 13.8375 12.3274 11.8451 12.1564 11.7459 11.0368 10.6967 13.787 15.2324 13.588 11.27 10.7518 9.45202 9.15747 12.4962 10.5042 8.77981 10.1449 8.66439 12.5654 8.39274 8.00964 7.84578 7.91726 7.34403 7.25123 7.78538 7.31289
threshold=4.5000000000000009 9.6950000000000021 0 8.8400000000000016 -8.2149999999999963 43.500000000000007 30.455000000000002 4.154761904761906 -2.6549999999999989 1 7.2150000000000007 2.8850000000000002 -0.048148148148148141 2 -0.034722222222222189 22.265000000000004 0.2678571428571429 5.1450000000000005 6.8950000000000005 6.2550000000000008 2.4150000000000005 -0.23320105820105816 7.3050000000000006 57.500000000000007 1.3066666666666671 22.500000000000004 -0.070000000000000048 6.8750000000000009 -1.8600000000000003 -2.2891666666666661
decision_type=10 2 1 2 2 2 2 8 2 1 2 2 10 1 10 2 8 2 2 2 2 8 2 2 2 2 2 2 2 2
left_child=1 2 23 4 -4 20 -5 -8 11 10 22 -2 -11 24 -7 -14 17 -17 19 -12 21 -6 -10 -1 25 -13 -21 -23 29 -29
right_child=8 -3 3 6 5 14 7 -9 9 12 18 13 15 -15 -16 16 -18 -19 -20 26 -22 27 -24 -25 -26 -27 -28 28 -30 -31
leaf_value=-0.0073352383995044937 -0.020945220526921274 0.00020850707900712872 -0.034556700642452802 0.0095924059038561531 0.1274699950597617 0.10396923744556034 0.039820602533809174 0.11492868435509239 0.0022188862227442139 -0.0021861861780925647 0.082309624630134665 0.020762829965688599 0.052297978026720274 -0.0012271759486455972 0.021510146658734328 -0.027930068175956953 -0.044126708425429081 0.033686445623637339 -0.00703091732530748 -0.01411621456167958 0.0010665048594786734 0.0095528761998783015 0.04193260192515913 0.06584665350949144 0.028420191150767965 -0.0091566962747096931 0.036953741210091554 0.054167787761119232 0.10058697177506652 -0.041862042250169901
leaf_weight=72.664138062857091 71.054272355046123 25006.566402857192 7.8571806652471414 8.6065195742994565 1.89177746232599 4.2689698655158281 7.8461972214281532 5.2082271240651616 1146.8344149864279 2509.0880023511127 6.310952477157115 14.518844449892638 9.928052503615616 1420.505496846512 4.643438655883072 5.659976087510592 5.9220781140029422 20.317426694557071 9.4469891823828203 5.751777082681655 49.042942653410137 23.294617497362196 8.577859237790106 2.4743899740278712 9.4122613593935949 558.46022200025618 20.789286993443969 4.0232189288362861 3.3095634188503009 1.8532854095101354
leaf_count=1242 3238 168705 156 99 73 45 77 56 11796 25358 44 197 82 13150 43 43 41 137 70 43 616 536 56 22 56 5222 130 117 51 56
internal_value=-4.33858e-05 0.000281665 0.00956889 0.0171033 0.012591 0.0166033 0.0458693 0.0697859 -0.0014504 -0.000175166 0.00334887 -0.00375536 -0.00183571 -0.00314553 0.0610074 0.0187492 0.00830786 0.0202614 0.0269529 0.0367253 0.011859 0.0272579 0.00251372 -0.00434678 -0.00767179 -0.00839856 0.0258862 0.0214212 0.0515177 0.0238827
internal_weight=31026.1 25203.6 196.984 121.846 100.185 92.3278 21.6609 13.0544 5822.58 3748.63 1197.71 2073.95 2550.92 2002.9 8.91241 41.8275 31.8995 25.9774 42.299 32.852 83.4154 34.3725 1155.41 75.1385 582.391 572.979 26.5411 32.4807 9.18607 5.8765
internal_count=231557 171894 3189 1925 1693 1537 232 133 59663 37800 12139 21863 25661 18625 88 303 221 180 287 217 1449 833 11852 1264 5475 5419 173 760 224 173
cat_boundaries=0 1 2 3
cat_threshold=3426905 1621008 117828
is_linear=0
shrinkage=0.04


Tree=126
num_leaves=31
num_cat=0
split_feature=0 3 27 7 16 13 1 3 0 22 31 11 27 3 12 14 12 29 14 1 6 7 7 22 1 1 0 1 6 9
split_gain=10.4727 17.1675 16.2714 15.6424 14.4539 9.0397 10.4815 9.9056 9.30277 23.1936 14.2453 12.8739 12.3761 12.219 10.5573 10.3839 10.283 9.94095 9.86983 9.40984 9.07993 9.03474 10.0119 9.01693 8.89102 9.1001 9.40806 8.85395 8.78489 12.9629
threshold=3.5000000000000004 6.8950000000000005 -0.47449999999999987 11.96916666666667 0.36666666666666675 0.31666666666666671 41.195000000000007 6.5550000000000006 1.5000000000000002 15.238166666666668 2.5000000000000004 8.5000000000000018 1.8341666666666667 6.9850000000000012 1.6458333333333337 0.26319444444444456 3.1547619047619051 7.0950000000000006 -0.04305555555555559 31.975000000000005 30.455000000000002 -5.8849999999999989 -12.700833333333334 -22.282499999999999 23.665000000000003 31.040000000000003 5.5000000000000009 34.445000000000007 48.815000000000005 49.500000000000007
decision_type=2 2 2 2 10 10 2 2 2 2 2 2 2 2 10 10 10 2 10 2 2 2 2 2 2 2 2 2 2 2
left_child=5 4 23 -4 -2 6 -1 -7 9 10 21 15 18 14 19 20 -17 -15 -13 -12 -10 22 -9 -3 -5 26 -26 -27 29 -29
right_child=1 2 3 24 -6 7 -8 8 11 -11 13 12 -14 17 -16 16 -18 -19 -20 -21 -22 -23 -24 -25 25 27 -28 28 -30 -31
leaf_value=0.0021195564189132859 -0.0019422722908331185 -0.020147308721718268 -0.0028314784676884502 -0.0099941856332811125 0.0013570674373632107 -0.022576812617259041 -0.0019493895751059548 -0.011557489637825769 -0.0047177211245044903 -0.0077675692588360734 0.060399089599034873 -0.002568366635034717 -0.01492379901205987 0.018599395049635634 0.0013438906464722582 0.0025138991571391511 0.02633964430607828 -0.034734318877347119 0.0040107936751175802 0.00152470226940364 -0.00024191412728681171 -0.0051677697512222719 0.01103080952713162 -0.0070618489031175355 0.017675845800390881 -0.010134041775971188 0.060310988288405282 0.01793269847099797 0.0026333667191755987 0.081023961810946316
leaf_weight=7864.4206713456661 3494.9766018385999 100.51631157798693 2307.5605149008334 31.367208428680897 5417.7126949634403 31.424511335790157 1162.6786877010018 42.397884823381901 1100.1745358631015 803.14139847457409 9.2438725158572215 426.69319663196802 62.549429655075073 106.08188273012638 1012.4568766131997 709.28225649148226 30.217964917421341 5.9028531759977332 2516.2989361435175 8.1937472745776159 2127.7647031657398 786.58616037666798 120.98698906600475 520.84510139329359 30.47411847114563 32.585944265127182 11.370978221297262 27.008514672517776 42.002666167914867 6.4561030864715567
leaf_count=51126 41321 2701 18881 227 42364 190 7548 304 5920 6004 69 2466 291 690 6888 3427 152 42 13029 64 11163 5492 860 8851 199 237 90 183 298 48
internal_value=9.35859e-05 -0.000829609 -0.00338831 -0.0019427 6.32812e-05 0.000680037 0.00159548 -0.000154742 -8.33394e-05 -0.0019894 0.000229055 0.000708007 0.0026827 0.00323981 0.00187538 -0.000787928 0.00348748 0.0157881 0.00305691 0.0327347 -0.0017674 -0.00338992 0.00516921 -0.00917866 0.00937176 0.0134242 0.0292615 0.007291 0.0148149 0.0301045
internal_weight=30949.4 12022.9 3110.19 2488.83 8912.69 18926.5 9027.1 9899.4 9867.97 2894.99 2091.85 6972.98 3005.54 1141.88 1029.89 3967.44 739.5 111.985 2942.99 17.4376 3227.94 949.971 163.385 621.361 181.266 149.898 41.8451 108.053 75.4673 33.4646
internal_count=231125 115400 31715 20163 83685 115725 58674 57051 56861 20413 14409 36448 15786 7753 7021 20662 3579 732 15495 133 17083 6656 1164 11552 1282 1055 289 766 529 231
is_linear=0
shrinkage=0.04


Tree=127
num_leaves=31
num_cat=11
split_feature=5 0 19 1 19 26 19 14 7 0 17 27 1 19 29 19 18 19 19 26 19 19 21 24 29 19 27 14 29 19
split_gain=9.69907 15.2101 13.5578 13.2413 14.2039 13.6631 15.2187 13.1631 12.9844 12.3925 18.8635 13.1496 14.6193 17.826 17.3535 12.6628 12.61 14.9491 12.41 12.1875 11.9444 11.8294 11.691 11.0089 11.6828 13.4856 12.4829 15.7829 11.9068 10.9112
threshold=4.5000000000000009 2.5000000000000004 0 37.150000000000006 1 4.745000000000001 2 -0.15416666666666656 18.700000000000003 1.5000000000000002 0.21111111111111114 0.27000000000000096 35.010000000000012 3 4.1050000000000013 4 0.29166666666666669 5 6 7.3450000000000006 7 8 46.890000000000008 1.5000000000000002 6.3350000000000009 9 0.69000000000000072 0.19401455026455025 5.6350000000000007 10
decision_type=2 2 1 2 1 2 1 8 2 2 10 2 2 1 2 1 8 1 1 2 1 1 2 2 2 1 2 8 2 1
left_child=9 2 -2 4 7 6 -5 -3 -9 10 18 16 13 -13 29 -14 -11 -18 -1 -20 -12 -7 -10 24 25 26 27 28 -22 -15
right_child=1 3 -4 5 -6 21 -8 8 22 11 20 12 15 14 -16 -17 17 -19 19 -21 23 -23 -24 -25 -26 -27 -28 -29 -30 -31
leaf_value=-0.0027524563228084483 -0.002644253226576986 -0.0093676562929348259 0.0033099581800181579 -0.015676111366351185 -0.0063060013025894738 -0.0030312554921858724 0.00082169476647621787 -0.00058512720134520468 0.010588307536044459 -0.0011169061050948848 -0.0097912525478411044 0.0052237625667422597 0.0025691198760472806 -0.0012066916011961924 -0.00021527667480612746 -0.0021529532525222661 -0.0016526227989993216 0.0059655573238003102 0.0025990761826113684 -0.025960465169797248 -0.0022219458899683524 0.0057947428503615419 0.06575043594026235 0.00093390430251401595 -0.018303888785380983 -0.010300945205587657 -0.0073989033090268224 0.083711710712247298 0.052972877516408383 0.015473551513070505
leaf_weight=1398.6850514765829 959.6681927870959 287.02948767272756 1653.471423599869 142.55764966923743 1879.1214169110171 357.23570780083537 221.79997427994385 1669.3152609500103 22.829352550208572 7220.5516140642576 581.62151721119881 2885.7353419028223 1535.2326457574964 98.405025988817215 2648.7621937468648 2195.7093603461981 715.09471497032791 958.63999021053314 1840.414585230872 24.221946261823177 18.631677068769935 727.04760415665805 8.4126701653003675 559.39578402787447 118.71087262034416 99.643285371363163 24.890232495963573 6.9310069605708113 9.4126553833484632 185.38827046751976
leaf_count=9415 6166 4486 10466 2089 18368 2780 3094 14006 187 66528 4390 16014 8555 567 14661 12280 5419 7163 12085 186 122 5695 48 3982 960 718 190 47 64 1058
internal_value=-0.000165557 -0.00137287 0.00112584 -0.00260128 -0.00382328 0.000660463 -0.00604088 -0.00143708 -0.000106965 0.000248353 -0.00158933 0.000714915 0.0017457 0.00299898 0.00078922 -0.000208768 -0.000391769 0.0027365 8.49505e-05 0.0022162 -0.00543907 0.00291235 0.025442 -0.00227298 -0.00880253 -0.00173136 0.0122129 0.0296616 0.0163034 0.0101924
internal_weight=31054.6 7928.49 2613.14 5315.35 3866.71 1448.64 364.358 1987.59 1700.56 23126.1 4682.56 18443.5 9549.23 5818.29 2932.56 3730.94 8894.29 1673.73 3263.32 1864.64 1419.24 1084.28 31.242 837.616 278.22 159.509 59.8656 34.9753 28.0443 283.793
internal_count=231789 67385 16632 50753 37095 13658 5183 18727 14241 164404 32159 132245 53135 32300 16286 20835 79110 12582 21686 12271 10473 8475 235 6083 2101 1141 423 233 186 1625
cat_boundaries=0 1 2 3 4 5 6 7 8 9 10 11
cat_threshold=8587482 9725327 13239964 12556608 13145492 8482124 8804706 11911376 1313958 4865 4194849
is_linear=0
shrinkage=0.04


Tree=128
num_leaves=31
num_cat=7
split_feature=5 4 0 19 26 12 19 0 19 29 7 13 6 4 9 30 28 6 19 29 12 11 7 4 6 29 26 4 30 19
split_gain=8.80153 19.2776 15.3583 17.8941 18.3531 13.3004 13.2498 11.3869 13.6516 22.2126 12.6467 10.8921 10.167 9.89534 9.30451 10.0919 10.1592 12.0268 9.28622 13.7814 12.5788 10.6435 9.22342 9.16311 8.97649 9.90336 8.9006 8.75123 8.70537 10.7521
threshold=2.5000000000000004 0.018333333333333094 1.5000000000000002 0 4.9250000000000007 5.4365079365079376 1 5.5000000000000009 2 6.8650000000000011 11.96916666666667 0.29285714285714287 24.945000000000004 -0.034999999999999691 55.500000000000007 3 1.5000000000000002 30.955000000000002 4 2.1650000000000005 3.0500000000000003 4.5000000000000009 -4.3974999999999982 -0.036666666666666618 21.070000000000004 4.995000000000001 6.8550000000000013 -0.023333333333333869 5 6
decision_type=2 2 2 1 2 10 1 2 1 2 2 10 2 2 2 1 2 2 1 2 8 2 2 2 2 2 2 2 1 1
left_child=1 2 3 26 18 7 12 28 9 -9 11 -11 13 -4 -6 -16 -17 -18 19 -5 -21 -20 23 -23 -15 -26 -1 -25 29 -2
right_child=5 -3 6 4 14 -7 -8 8 -10 10 -12 -13 -14 24 15 16 17 -19 21 20 -22 22 -24 27 25 -27 -28 -29 -30 -31
leaf_value=-0.0046664070289599664 0.00089670797470723903 0.062427348232254057 0.0046070954480417047 -0.013720184029206885 -0.0025293542459126051 -0.018931054236529622 0.00061115375517928881 -0.014672135133995573 -0.0015996695064604291 0.060837046422594909 0.072505071207592128 0.00062728242505092214 0.0049032064327860858 -0.013190683111941165 -0.009506979051593532 0.076112745757446559 0.065280810762526592 0.0026315338431955508 -0.0051664138191503863 -0.017226672290633155 0.020130553011686928 0.011270556112230122 0.0041850650361986126 0.08326199737791902 -0.014132681963961939 0.01620152655131181 -0.015839880781664501 0.020098699368494396 0.00041594388118357966 -0.0030914163491165894
leaf_weight=853.43970269337296 1710.2571462569758 8.1262200716882926 200.93784527713433 26.313807804137468 1346.161959297955 62.669052463490516 6798.7854345040396 320.85432841954753 1344.6776448404416 5.270153257995843 4.9390379749238482 54.73014810308814 2385.7352087819017 150.50054529216141 17.918601959943771 6.7643878608942059 6.8749945610761669 17.090323626995087 158.60414720140398 15.684819743037222 179.04251032695174 22.36374169960618 119.7868715710938 7.2044264227151871 28.789675001055002 42.850834794342518 131.6657288223505 6.8433122336864454 12035.035165889189 2927.6592959426343
leaf_count=5921 12030 57 1353 199 9556 3632 46886 5187 18040 65 38 503 16267 1088 111 49 41 101 1021 97 1126 148 760 46 280 266 1111 44 84796 20722
internal_value=2.03841e-05 0.000838588 0.000798624 -0.00174412 0.000506345 -0.000534866 0.00157031 -0.000472222 -0.00356065 -0.0100925 0.0109804 0.00591583 0.00387598 -0.00182494 -0.00190829 0.0152773 0.0247641 0.0206039 0.00680114 0.0128678 0.0171215 0.00206695 0.00954405 0.0271741 -0.00764303 0.00401133 -0.00609791 0.0524922 -0.000151677 -0.00162201
internal_weight=30997.6 12531.5 12523.4 2915.76 1930.65 18466.1 9607.6 18403.4 1730.47 385.794 64.9393 60.0003 2808.81 423.079 1394.81 48.6483 30.7297 23.9653 535.844 221.041 194.727 314.802 156.198 36.4115 222.141 71.6405 985.105 14.0477 16673 4637.92
internal_count=231541 86528 86471 20331 13299 145013 66140 141381 23833 5793 606 568 19254 2987 9858 302 191 142 3441 1422 1223 2019 998 238 1634 546 7032 90 117548 32752
cat_boundaries=0 1 2 3 4 5 6 7
cat_threshold=9851138 8867856 11731456 81 2199056 322 7376417
is_linear=0
shrinkage=0.04


Tree=129
num_leaves=31
num_cat=6
split_feature=11 27 19 12 30 17 3 4 19 6 9 19 11 14 27 9 8 19 14 1 4 6 4 6 15 6 1 19 7 14
split_gain=9.02044 16.8637 17.2818 15.1268 13.2339 13.2035 15.0877 11.2686 13.4953 18.8673 11.4405 16.1669 11.4068 10.6453 11.6658 16.9997 10.6114 9.76071 9.47295 8.88684 7.49467 8.88561 7.38349 7.28586 8.20684 9.02945 7.2083 10.9569 7.49291 7.18318
threshold=1.5000000000000002 1.1650000000000007 0 4.5277777777777786 1 0.10555555555555557 6.8150000000000004 -0.059999999999999158 2 29.425000000000004 53.500000000000007 3 9.5000000000000018 -0.23882275132275127 0.13833333333333411 25.500000000000004 4.5000000000000009 4 -0.28320105820105806 19.925000000000004 0.017083333333333343 31.915000000000003 0.061666666666666987 32.235000000000007 5.5000000000000009 35.385000000000012 30.605000000000004 5 -8.2149999999999963 -0.23320105820105816
decision_type=2 2 1 10 1 10 2 2 1 2 2 1 2 10 2 2 2 1 8 2 2 2 2 2 10 2 2 1 2 8
left_child=1 2 13 -2 5 26 -7 8 9 16 -9 -12 22 14 15 -1 -6 20 -17 -10 -3 -22 -13 -11 25 -25 27 28 -5 -24
right_child=3 17 -4 4 7 6 -8 10 19 23 11 12 -14 -15 -16 18 -18 -19 -20 -21 21 -23 29 24 -26 -27 -28 -29 -30 -31
leaf_value=-0.029329208822128944 0.00017337114134350799 -0.0010404037798188682 0.0070391907948079415 0.059275164714198407 0.14550602950768082 -0.019900503325380976 0.066260480172414885 -0.0049472370321449561 0.051560701614865145 -0.029270430078273978 -0.0089354606883085726 0.013346845242574679 0.080874650737863443 -0.0010529802097724737 -0.016312134905403692 0.01288139140563245 0.052297603905278413 -0.0089648256491470044 0.066731132581765801 -0.014333218973674216 -0.00061836003423234556 0.04373729421649402 0.018142917959528656 0.09759365150126785 -0.0053739829095672724 0.025993793447777216 -0.019709087201694495 -0.016933793932504326 0.0051640514967882436 0.10489963269805876
leaf_weight=5.5910426569171277 27240.05878957361 78.183071792125702 1189.8201812556945 4.5987244346179059 3.1180361276492459 6.0321946479380113 7.0548935988917947 820.10891841445118 3.6492606503888956 4.3395217838697162 48.068109255284071 54.345610484480858 5.0047216005623332 919.53387570846826 10.291377730667589 7.9346799645572901 5.2359306029975414 280.00502263009548 15.315882118418815 31.908470704685897 13.70354960858822 15.287760756909845 3.188205361366272 3.8822509888559606 7.8475629598833612 10.281064223963766 160.6590292584151 45.647843512240797 37.340619009453803 2.9305257592350236
leaf_count=189 193234 472 9627 74 43 67 78 13092 43 57 491 497 49 6917 64 71 74 1727 135 429 77 87 46 51 135 109 2511 739 595 40
internal_value=0.000178154 0.0024644 0.00384918 -2.52171e-05 -0.00430073 -0.0121472 0.0265465 -0.00211609 0.013311 0.0269427 -0.00329974 0.00860059 0.0198141 -0.000181538 0.0202489 0.0332948 0.0870867 -0.00521984 0.0483539 -0.00590882 0.0049399 0.0227714 0.018037 0.0180997 0.0274389 0.0456198 -0.0146764 -0.00544498 0.00896082 0.0596945
internal_weight=31041 2535.67 2148.49 28505.3 1265.24 261.333 13.0871 1003.91 70.2621 34.7044 933.646 113.537 65.4691 958.667 39.133 28.8416 8.35397 387.179 23.2506 35.5577 107.174 28.9913 60.4643 26.3504 22.0109 14.1633 248.246 87.5872 41.9393 6.11873
internal_count=231820 19366 17003 212454 19220 4064 145 15156 941 469 14215 1123 632 7376 459 395 117 2363 206 472 636 164 583 352 295 160 3919 1408 669 86
cat_boundaries=0 1 2 3 4 5 6
cat_threshold=9193551 136 11643674 8763482 411972 4580755
is_linear=0
shrinkage=0.04


Tree=130
num_leaves=31
num_cat=8
split_feature=27 20 27 30 12 19 0 19 19 4 19 16 14 27 13 26 4 19 12 22 22 12 23 3 19 13 26 29 10 4
split_gain=8.67422 8.17355 14.0912 14.4447 12.3687 13.7362 12.4945 16.0547 15.4195 11.4149 11.3934 11.1277 10.8524 12.066 10.9491 10.5309 10.4653 17.3824 13.839 12.7236 11.1364 22.8309 10.6647 12.1485 11.6685 13.6474 10.3391 11.4029 9.77705 11.0975
threshold=-2.879166666666666 46.975000000000001 0.57083333333333341 0 3.3541666666666674 1 2.5000000000000004 2 3 0.10500000000000088 4 0.45000000000000007 0.095238095238095288 1.5233333333333341 0.35416666666666669 6.2750000000000012 -0.044999999999999478 5 3.6125000000000003 -17.940833333333327 -19.524166666666662 4.2678571428571432 3.5000000000000004 6.6950000000000012 6 0.13392857142857145 6.6250000000000009 7.2150000000000007 7 -0.10499999999999997
decision_type=2 2 2 1 8 1 2 1 1 2 1 10 10 2 10 2 2 1 10 2 2 10 2 2 1 8 2 2 1 2
left_child=-1 4 10 -4 5 -2 8 12 11 28 15 -6 26 14 -14 -3 17 -9 -19 20 -20 -22 23 24 -18 -26 -8 -28 29 -7
right_child=1 2 3 -5 6 9 7 16 -10 -11 -12 -13 13 -15 -16 -17 22 18 19 -21 21 -23 -24 -25 25 -27 27 -29 -30 -31
leaf_value=-0.015397908013044588 0.0032864873885612524 0.015117006458951069 -0.0030538852408064782 0.0015287084376513866 0.0038815077714343701 -0.022963720386981613 -0.0065966668123811044 -0.0027042673265180515 -0.00093251206104109972 -0.018762454943455308 -0.0066536197937213165 -0.0074926342406757994 0.021510193817644629 0.062813980249281171 -0.0053821031776333083 -0.0017304204435185815 0.0020897783369350107 -0.00073670329251940237 0.025237115184965315 0.011362660152778583 0.022752850866905514 0.15687990524432308 -0.0028175104937573163 4.5858842844332102e-05 0.062183758032230342 0.016988503086855317 0.045044458450980533 -0.0062623905684398443 0.0017350493235500255 -0.0010427179473105827
leaf_weight=58.006186754442751 4005.8727967124432 64.627561081200838 1645.4686187952757 3273.1224096044898 2505.7013145163655 37.450117707252502 1380.0152879930101 328.148691595532 3012.3780686482787 49.67071782425046 1108.2814529873431 145.619593963027 36.575315795838833 5.8214311152696601 71.732509272173047 728.8140457905829 104.1332739489153 125.99991718493402 35.125402892008424 204.91709082107991 5.0813420824706537 3.3820118252187967 2822.9104635459371 2343.5506117944606 14.720414442941545 39.045246634632349 13.168867334723474 14.631374154239891 4060.0511353742331 2771.2121726144105
leaf_count=4569 26830 449 9550 18882 15874 231 14540 2927 19391 427 7737 866 269 31 548 5074 813 959 513 1749 43 60 33579 19111 113 279 104 109 27884 18064
internal_value=5.57587e-05 8.47151e-05 -0.00113799 -7.45625e-06 0.000430213 0.00142603 -0.000393131 -0.00145858 0.00102697 0.000343544 -0.004062 0.00324456 -0.00511481 0.00671465 0.00369937 -0.000353703 -0.000525942 0.00406143 0.00980018 0.0155371 0.0351616 0.0763509 -0.00113232 0.000769425 0.0115087 0.0247577 -0.00611014 0.0180415 0.000482209 -0.00133027
internal_weight=31015.2 30957.2 6820.31 4918.59 24136.9 10924.3 13212.7 7548.96 5663.7 6918.38 1901.72 2651.32 1521.94 114.129 108.308 793.442 6027.01 702.654 374.506 248.506 43.5888 8.46335 5324.36 2501.45 157.899 53.7657 1407.82 27.8002 6868.71 2808.66
internal_count=231575 227006 41692 28432 185314 73436 111878 75747 36131 46606 13260 16740 15601 848 817 5523 60146 6251 3324 2365 616 103 53895 20316 1205 392 14753 213 46179 18295
cat_boundaries=0 1 2 3 4 5 6 7 8
cat_threshold=324 4215389 4277760 10686369 10134836 10271 33249 2
is_linear=0
shrinkage=0.04


Tree=131
num_leaves=31
num_cat=9
split_feature=0 27 23 22 19 19 4 26 30 19 19 30 19 6 23 9 10 9 27 20 12 13 26 27 20 4 14 14 7 19
split_gain=8.54969 18.6145 11.3075 21.1964 17.4676 12.893 12.5608 11.6923 10.3266 14.6455 10.3029 9.81283 13.1024 11.0224 11.3486 9.80507 11.4913 9.3043 9.29132 13.5968 9.17714 9.02334 13.3973 8.92134 10.9033 8.87072 8.65325 8.74468 9.97041 8.5773
threshold=3.5000000000000004 1.7136666666666669 3.5000000000000004 -17.940833333333327 0 1 0.010000000000000233 3.9250000000000003 2 3 4 5 6 32.955000000000005 1.5000000000000002 40.500000000000007 7 34.500000000000007 -0.55833333333333324 17.355000000000004 1.5277777777777779 0.2678571428571429 3.7650000000000001 1.5233333333333341 56.195000000000007 0.00083333333333346371 -0.28320105820105806 -0.2757936507936507 -1.543333333333331 8
decision_type=2 2 2 2 1 1 2 2 1 1 1 1 1 2 2 2 1 2 2 2 10 10 2 2 2 2 10 10 2 1
left_child=10 2 3 -2 7 15 18 21 9 -6 -1 13 -13 -3 -15 23 -17 -16 29 25 -14 -5 -23 24 -4 -20 -8 28 -28 -7
right_child=1 11 5 4 8 6 26 -9 -10 -11 -12 12 20 14 17 16 -18 -19 19 -21 -22 22 -24 -25 -26 -27 27 -29 -30 -31
leaf_value=0.0021834907413011691 0.075778122545997778 0.014148166929578737 0.0021624997183317886 0.01172570442800403 -0.0006698554986543084 -0.0012965293423739639 -0.022031796784019338 0.0022439545447727224 -0.00049501992076737725 -0.009840265982277531 3.6711768316541019e-05 -0.0077760096280169886 0.03834621675807387 -0.0035027460570164577 -0.0065059250856278547 0.0063384722173275218 -0.0057363245020212632 0.020876021412276576 0.017399807278430615 -0.00075261262789350384 0.004471012939584516 0.013336365800698627 0.093222265506362256 0.032024071797589773 -0.025119912855797843 0.077688200158931922 0.1143890843430302 -0.0070709175194104325 -0.0077754299730917013 -0.011757037052341783
leaf_weight=4771.7908875532448 5.8798152077943078 260.26542690396309 1168.007048969157 44.59054459258914 602.64460325846449 264.73361207032576 63.527766873594373 2083.7264083381742 3048.0949320485815 521.23956975946203 14208.060356821865 185.7843461483717 13.627761244773863 174.38917794823647 27.314122825860977 146.33278566971421 692.0876089669764 72.709133505821228 19.624650925397876 1037.4614304117858 209.56705938279629 7.5342130083590728 6.0609931647777557 15.638902649283407 23.917416278272867 4.8749263063073149 2.0334150842390954 1090.6645033257082 2.2535464894026509 248.22834109421819
leaf_count=28708 66 1342 15883 629 4878 4740 1787 15797 24457 4154 87234 979 68 879 140 1335 8166 370 197 8852 1091 92 68 88 182 51 49 14593 55 4645
internal_value=4.86626e-05 -0.000784976 -0.00124352 -0.000133239 -0.000203931 -0.00271165 -0.00450148 0.00272508 -0.00171013 -0.00497222 0.000577611 0.00460839 -0.000150057 0.00809949 0.0026578 -0.000297015 -0.00362168 0.0133986 -0.00219237 -5.70804e-05 0.00625893 0.0204235 0.048951 0.00200887 0.00161504 0.029396 -0.00767951 -0.00684681 0.0501703 -0.00661297
internal_weight=31022.7 12042.8 11099.2 6319.77 6313.89 4779.39 2733.4 2141.91 4171.98 1123.88 18979.9 943.657 408.979 534.678 274.412 2045.98 838.42 100.023 1574.92 1061.96 223.195 58.1858 13.5952 1207.56 1191.92 24.4996 1158.48 1094.95 4.28696 512.962
internal_count=231575 115633 110764 50141 50075 60623 34969 16586 33489 9032 115942 4869 2138 2731 1389 25654 9501 510 18485 9100 1159 789 160 16153 16065 248 16484 14697 104 9385
cat_boundaries=0 1 2 3 4 5 6 7 8 9
cat_threshold=1087630 5841347 193 11142433 14811649 440 2166510 9 316464
is_linear=0
shrinkage=0.04


Tree=132
num_leaves=31
num_cat=6
split_feature=27 30 19 29 4 26 26 13 28 4 4 0 0 12 20 27 0 4 27 19 20 9 19 13 22 7 19 13 19 9
split_gain=8.60646 11.1976 10.8763 9.73234 9.45488 7.5765 12.4077 12.1416 9.51668 13.1028 13.2394 9.38704 10.8721 17.3665 8.37651 8.32262 7.4322 11.3443 16.8556 13.9677 13.3386 16.9921 16.9717 15.9747 11.3269 11.1691 9.44656 9.2581 11.2184 9.12153
threshold=-1.6533333333333329 0 1 4.9250000000000007 -0.094999999999999293 3.4950000000000006 3.0250000000000004 0.10555555555555557 4.5000000000000009 0.020000000000000909 0.016666666666666167 1.5000000000000002 4.5000000000000009 3.9500000000000006 5.8050000000000006 -1.7818333333333334 5.5000000000000009 -0.0083333333333341902 -0.95333333333333325 2 43.435000000000009 63.500000000000007 3 0.76388888888888895 28.319166666666671 10.507500000000002 4 0.10555555555555557 5 29.500000000000004
decision_type=2 1 1 2 2 2 2 8 2 2 2 2 2 8 2 2 2 2 2 1 2 2 1 10 2 2 1 8 1 2
left_child=1 2 5 4 -4 6 8 -7 -1 10 11 -10 14 -14 -13 -9 -2 27 -19 24 21 22 23 -21 -20 -24 -22 28 -18 -27
right_child=16 -3 3 -5 -6 7 -8 15 9 -11 -12 12 13 -15 -16 -17 17 18 19 20 26 -23 25 -25 -26 29 -28 -29 -30 -31
leaf_value=0.13938971568347067 0.00034380189574605217 -0.0097067620070662216 0.0800588381533993 0.03462602692191355 -0.008942774969439576 0.11041453029106148 -0.022279654763983307 -0.017142062608974246 0.12010708379018416 -0.01787086800580023 0.17057501751437606 -0.042440108916574397 0.21651006237866291 0.034181355167563952 0.033630108658979342 0.057243594087589084 0.029342446598045888 -0.02223220237367356 -0.012341827623875052 0.0073875849667592889 -0.00029265293392776218 0.090729519218380517 -0.0066206433901049256 0.071836470681405959 0.015380649485159202 0.064403078984829304 -0.011426945566333209 0.00029383331241134963 -0.0026903532480169624 0.0081309909062452102
leaf_weight=1.0986564457416523 27760.751376798376 306.21833739662543 1.9416867988184083 9.4888896364718658 116.17091195844114 3.3704120852053139 13.186914762482045 4.5457253418862811 1.6929279640317059 10.141244085039942 1.1291777873411764 5.2232647910714167 0.92696771211921891 8.50235018087551 4.1612471472471952 5.1140675116330394 29.385608581826091 77.452737069688737 321.46006448194385 336.43137596920133 250.37520330399275 3.4896524213254443 300.68488853424788 6.2681441269814959 25.448091758415103 5.8008759245276478 239.67421576194465 1100.5650689899921 35.976433774456382 22.430815301835537
leaf_count=23 184103 9157 41 118 3567 48 217 75 22 489 47 146 19 509 68 73 483 2622 4388 4690 2153 34 4402 47 192 63 2059 10867 621 272
internal_value=6.24409e-05 -0.0051809 0.00262197 -0.0040325 -0.00747965 0.0154951 0.0104995 0.0450466 0.0236477 0.0196461 0.0372311 0.0298887 0.0217705 0.0521055 -0.00870932 0.022239 0.000147134 -0.00183427 -0.00403242 -0.00310017 -0.000945961 0.00269226 0.00223483 0.00832351 -0.0100194 -0.00423334 -0.00597738 0.00116247 0.0157886 0.0196934
internal_weight=31009.1 492.913 186.694 127.601 118.113 59.093 46.0628 13.0302 32.8758 31.7772 21.6359 20.5068 18.8138 9.42932 9.38451 9.65979 30516.2 2755.44 1589.52 1512.06 1165.16 675.106 671.616 342.7 346.908 328.917 490.049 1165.93 65.362 28.2317
internal_count=231615 14619 5462 3726 3608 1736 1540 196 1323 1300 811 764 742 528 214 148 216996 32893 20922 18300 13720 9508 9474 4737 4580 4737 4212 11971 1104 335
cat_boundaries=0 1 2 3 4 5 6
cat_threshold=163 1229005 11207168 4249741 1320275 339365
is_linear=0
shrinkage=0.04


Tree=133
num_leaves=31
num_cat=4
split_feature=0 22 19 14 9 18 19 4 30 1 11 29 7 29 22 7 26 29 29 5 26 9 26 31 9 19 14 22 13 14
split_gain=8.49252 13.9953 13.6335 18.8064 16.112 13.9356 13.08 13.4324 10.5091 8.05172 8.00905 7.72503 7.59505 7.35609 17.2196 7.05167 10.2987 8.5172 8.97109 9.79588 15.0976 7.05735 6.94469 8.766 6.7223 10.4428 11.0419 7.92111 9.45291 9.26087
threshold=5.5000000000000009 0.77499999999999514 0 -0.29976851851851843 40.500000000000007 0.36666666666666675 1 0.038333333333332671 2 45.840000000000011 10.500000000000002 4.6450000000000005 10.007500000000002 3.8950000000000005 2.750833333333333 0.65999999999999848 6.5750000000000011 6.1850000000000014 6.5750000000000011 1.5000000000000002 6.1850000000000014 37.500000000000007 4.0050000000000008 3.5000000000000004 35.500000000000007 3 0.21111111111111119 -10.189166666666665 0.68333333333333346 0.050000000000000017
decision_type=2 2 1 8 2 10 1 2 1 2 2 2 2 2 2 2 2 2 2 2 2 2 2 2 2 1 8 2 10 10
left_child=-1 6 3 4 -3 8 9 12 -4 -2 11 22 24 14 -5 -7 17 -17 19 -19 -21 -20 23 -11 25 26 -8 29 -29 -27
right_child=1 2 5 13 -6 15 7 -9 -10 10 -12 -13 -14 -15 -16 16 -18 18 21 20 -22 -23 -24 -25 -26 27 -28 28 -30 -31
leaf_value=0.00025547444587265672 -0.012819293824247131 0.14609894758799233 -0.014589244921211058 0.11909268467780836 0.0051228503981601272 0.0087425848148295141 -0.011384735780273238 -0.012706588350865 -0.002783798560254029 0.1178145853975982 -0.033998749320012414 0.060809520072440691 0.014070806125100685 0.0028863379810366296 -0.0015056698727770226 -0.007009650897129063 -0.014853318765016955 -0.0026471999751772508 0.037043780880112072 0.016166149488596449 0.10352990389181546 -0.0099184424339805993 -0.022164045290888782 -0.041250393222317341 -0.0053727406801455857 0.011405836066322467 0.029555158485600475 0.028515396735968299 -0.03750844163778895 -0.021254435972931744
leaf_weight=28119.145649252459 379.37618754291907 2.7460594736039639 193.78029565326869 2.9124458376318199 2.4583167862147093 169.34962130710483 85.080969518516213 151.39963644370437 336.22104412689805 1.506265358068051 4.287545032799243 6.45653730072081 60.952921324875206 868.56050304323435 5.4191026426851749 41.283309653401375 67.047052439302206 6.0287194177508381 7.0463465452194241 6.4100730028003436 6.2516703419387341 18.727437913417816 5.6392573118209839 0.87713907286524762 254.94222836382687 58.962854585144669 12.031341777183114 48.93670698069036 3.734406314790248 18.172075491398573
leaf_count=192745 7729 49 2116 40 40 1373 1982 3484 3619 73 77 94 990 8089 67 388 426 45 57 64 42 149 100 45 3976 2129 131 745 33 217
internal_value=4.53828e-05 -0.00204462 0.000189195 0.00365369 0.0795081 -0.00340004 -0.00559106 -0.0021403 -0.00742793 -0.011271 0.0140214 0.0282411 0.000767378 0.00324516 0.0406517 0.00312121 -0.00310924 0.0060736 0.0182209 0.0393196 0.0593016 0.00292065 0.00203037 0.0592756 -0.000915438 0.00409233 -0.0057233 0.0110271 0.0238343 0.00371146
internal_weight=30945.7 2826.6 1734.24 882.096 5.20438 852.146 1092.36 694.213 530.001 398.143 18.7667 14.4792 542.814 876.892 8.33155 322.144 152.795 85.7476 44.4642 18.6905 12.6617 25.7738 8.02266 2.3834 481.861 226.918 97.1123 129.806 52.6711 77.1349
internal_count=231114 38369 16564 8285 89 8279 21805 13687 5735 8118 389 312 10203 8196 107 2544 1171 745 357 151 106 206 218 118 9213 5237 2113 3124 778 2346
cat_boundaries=0 1 2 3 4
cat_threshold=13160559 15302760 7 266898
is_linear=0
shrinkage=0.04


Tree=134
num_leaves=31
num_cat=4
split_feature=12 29 1 19 29 1 0 1 9 19 1 22 22 22 19 1 19 12 9 3 3 8 23 22 0 26 22 6 20 13
split_gain=7.74198 13.9945 9.42584 17.4167 9.99527 9.92325 9.94887 11.0575 12.9127 9.58801 11.7899 11.5138 15.3717 10.2013 8.99168 10.0201 9.14802 8.85811 25.6363 8.72655 8.72214 7.49607 7.48447 13.411 12.7519 11.2436 15.0754 10.1669 12.2297 9.02449
threshold=4.1055555555555561 8.1450000000000014 37.965000000000011 0 7.4250000000000007 25.845000000000002 2.5000000000000004 23.175000000000004 26.500000000000004 1 36.945000000000007 -6.2683333333333318 -7.9683333333333319 -38.267499999999991 2 23.895000000000003 3 4.8660714285714297 49.500000000000007 7.035000000000001 6.9850000000000012 5.5000000000000009 3.5000000000000004 0.61083333333333389 5.5000000000000009 3.4950000000000006 4.2975000000000003 27.185000000000006 23.475000000000005 0.21111111111111114
decision_type=10 2 2 1 2 2 2 2 2 1 2 2 2 2 1 2 1 10 2 2 2 2 2 2 2 2 2 2 2 10
left_child=-1 2 4 -4 5 6 7 8 -2 -7 13 12 21 -11 17 -16 19 -8 -19 -17 -18 -12 23 27 25 26 -25 28 -15 -26
right_child=1 -3 3 -5 -6 9 14 -9 -10 10 11 -13 -14 22 15 16 20 18 -20 -21 -22 -23 -24 24 29 -27 -28 -29 -30 -31
leaf_value=0.00029085234403336432 -0.016254578779214639 0.051827454047325049 0.00074920026517176356 -0.010180892353417442 -0.023898769875495555 0.0043619885272365676 -0.0029140147546385694 -0.010514112445037851 0.010088044458131993 0.046836348069219012 0.024061218875067306 -0.00041941429149750756 0.084895728760132225 0.015427920185777749 -0.016285781781403944 -0.020240886176364787 0.021161039514759221 0.0062810276092511554 0.1385351836962814 0.052100598959486065 -0.045485472495007784 -0.019153781250860896 -0.0043828382409788671 0.073217965025901513 0.031549548634911287 -0.0048743192957562886 0.0012257900247955643 0.0073851258224838434 0.074005294737567062 -0.023581670828447209
leaf_weight=26890.67349677626 35.540826506912708 7.838549841195344 434.75274384673685 500.54760332545266 29.278200335800648 800.85499478736892 86.87152836099267 95.232936134561896 183.4470273964107 6.8384222621098152 40.601200258824974 62.523492493666708 6.0439488664269438 16.0805411124602 233.45216445019469 36.876591640058905 36.203059796243906 13.572300407569857 2.8349036313593379 2.8760972595773628 3.4404464066028586 7.6289383089169851 919.33107405342162 6.9683458320796516 27.849802071228623 416.22604939341545 14.011986853554843 91.639051760546863 8.8362264055758697 5.7275987006723872
leaf_count=185992 315 56 4747 5635 212 9027 995 665 1232 99 594 523 56 175 3340 550 488 412 41 45 46 113 11927 65 389 2878 127 855 71 77
internal_value=4.31025e-05 -0.00156848 -0.00166992 -0.00520113 -0.00063483 -0.000419387 -0.00450805 0.000864458 0.00581275 0.000808894 -0.000957375 0.0112817 0.0247613 -0.00190819 -0.00856488 -0.0117359 0.000164183 0.00198481 0.0291324 -0.0119907 0.0122796 0.0172256 -0.00212943 0.00139771 -0.00160977 -0.00343416 0.0251371 0.0135453 0.0362012 0.0221453
internal_weight=31024.6 4133.93 4126.09 935.3 3190.79 3161.51 730.348 314.221 218.988 2431.16 1630.31 116.798 54.2741 1513.51 416.127 312.848 79.3962 103.279 16.4072 39.7527 39.6435 48.2301 1506.67 587.34 470.784 437.206 20.9803 116.556 24.9168 33.5774
internal_count=231747 45755 45699 10382 35317 35105 8129 2212 1547 26976 17949 1286 763 16663 5917 4469 1129 1448 453 595 534 707 16564 4637 3536 3070 192 1101 246 466
cat_boundaries=0 1 2 3 4
cat_threshold=11829614 9908480 284738 7439116
is_linear=0
shrinkage=0.04


Tree=135
num_leaves=31
num_cat=5
split_feature=20 30 29 19 27 12 22 19 26 1 4 14 16 1 4 5 22 8 19 21 21 20 22 18 19 8 14 14 17 6
split_gain=8.39438 15.2779 21.7323 14.7798 9.90713 9.36336 9.02896 13.8125 14.2156 12.5571 9.99789 9.44811 9.78827 12.0153 8.94681 14.2713 8.57249 13.1487 9.08671 8.50612 8.37068 9.32617 9.34085 9.30405 10.6142 9.13679 8.36206 7.92017 7.90833 13.651
threshold=57.455000000000005 0 8.0050000000000008 1 0.64166666666666605 1.5277777777777779 20.345833333333342 2 6.7550000000000008 38.305000000000007 0.078333333333333602 -0.21111111111111103 0.55000000000000016 49.860000000000007 -0.05000000000000026 1.5000000000000002 17.814166666666676 4.5000000000000009 3 57.605000000000011 52.410000000000004 27.950000000000006 28.319166666666671 0.45000000000000007 4 3.5000000000000004 0.11666666666666665 0.36134259259259266 0.10555555555555557 43.695000000000007
decision_type=2 1 2 1 2 8 2 1 2 2 2 10 10 2 2 2 2 2 1 2 2 2 2 8 1 2 8 8 8 2
left_child=6 -2 3 4 -3 -4 -1 9 -9 14 28 -11 13 -13 15 19 17 18 -6 -8 21 -16 -23 -22 25 -25 -17 -18 29 -10
right_child=1 2 5 -5 16 -7 7 8 10 11 -12 12 -14 -15 20 26 27 -19 -20 -21 23 22 -24 24 -26 -27 -28 -29 -30 -31
leaf_value=-0.00011202002457234118 -0.011953124994821141 -0.010039224747327265 0.061614065181042482 -0.0075579086460150491 -0.003463431113625274 0.01462296544153441 -0.02361546902131351 0.0061278214400856635 0.003575090389033531 0.040844913515184586 0.039000502494156888 0.0029817235382940915 0.013740720128479973 -0.027456012192960417 0.02416221252879977 -0.011866489957344902 -0.0080527064648301758 -0.0031980474216458817 0.029469647841601034 -0.0044850694238620214 -0.0067050628198869954 -0.0011911966206298963 0.0176479970035981 0.0084921476178991574 -0.0070304957839867213 0.046426396894309455 0.035449023524537986 0.017876971411795652 -0.0045036687720682589 0.058765245069340603
leaf_weight=26534.92456840165 248.33933423832059 60.845239754766226 7.4809879809617987 425.56843654438853 21.662859104573727 72.877549223601818 89.773281510919333 1519.4145025257021 59.131029922515154 12.112693864852188 9.4863822758197767 153.91665655374527 117.87653800100088 23.984110917896032 30.931339010596275 9.8401616364717466 68.609015017747879 42.391814686357975 62.808765411376953 63.487333282828331 471.7114596478641 319.30846790224314 48.506620638072491 24.895231902599335 41.078224845230579 17.162482053041458 15.219373270869257 25.986647345125675 419.54011911526322 8.160247325897215
leaf_count=205086 1475 412 41 2505 127 418 545 9067 348 84 54 939 694 148 209 59 385 247 362 379 2855 1845 281 140 233 97 85 134 2363 46
internal_value=1.61202e-05 -0.00352285 -0.000706206 -0.00295298 0.00411096 0.0189976 0.000138439 0.0020617 0.0041872 -0.000936581 -0.00166941 0.00621936 0.00480137 -0.00112181 -0.00289133 -0.0111151 0.00818431 0.01498 0.0241026 -0.0156908 -0.00135351 0.00306725 0.00129327 -0.00453053 0.00780771 0.0193671 0.0168696 -0.00092949 -0.0024619 0.0102679
internal_weight=31027 1036.57 788.231 707.873 282.304 80.3585 29990.5 3455.54 2015.73 1439.8 496.318 307.89 295.777 177.901 1131.91 178.32 221.459 126.863 84.4716 153.261 953.594 398.746 367.815 554.847 83.1359 42.0577 25.0595 94.5957 486.831 67.2913
internal_count=231663 6106 4631 4172 1667 459 225557 20471 11878 8593 2811 1865 1781 1087 6728 1068 1255 736 489 924 5660 2335 2126 3325 470 237 144 519 2757 394
cat_boundaries=0 1 2 3 4 5
cat_threshold=68 6303618 2174371 130 2100608
is_linear=0
shrinkage=0.04


Tree=136
num_leaves=31
num_cat=6
split_feature=12 7 7 3 11 5 0 19 27 19 14 7 11 27 19 0 30 19 17 3 7 20 19 7 28 3 15 21 17 15
split_gain=8.99925 6.69695 7.62305 18.6796 6.91926 6.59743 15.9603 17.6304 16.6093 18.8395 10.7899 10.4924 8.68669 8.59525 14.3302 13.0581 11.7715 12.2182 15.9605 11.0119 9.66271 9.25388 9.50658 9.29492 9.22421 12.4664 9.17872 9.42897 9.09323 9.06745
threshold=5.4722222222222232 0.85999999999999599 1.2583333333333349 6.785000000000001 7.5000000000000009 2.5000000000000004 1.5000000000000002 0 -0.16366666666666682 1 -0.29060846560846548 10.007500000000002 7.5000000000000009 -0.47449999999999987 2 5.5000000000000009 3 4 0.21111111111111114 6.8550000000000013 -6.9833333333333316 17.965000000000003 5 5.3536666666666699 4.5000000000000009 6.8250000000000011 1.5000000000000002 11.795000000000002 0.10555555555555557 2.5000000000000004
decision_type=10 2 2 2 2 2 2 1 2 1 10 2 2 2 1 2 1 1 8 2 2 2 1 2 2 2 10 2 10 8
left_child=5 -2 3 -3 -4 6 8 -8 9 11 12 -1 -11 14 15 -7 21 18 20 24 26 22 28 -24 25 -17 -18 -28 -15 -20
right_child=1 2 4 -5 -6 13 7 -9 -10 10 -12 -13 -14 16 -16 19 17 -19 29 -21 -22 -23 23 -25 -26 -27 27 -29 -30 -31
leaf_value=0.014262686676889499 -0.021006101502936178 0.24333082675278966 0.0053557072625941881 -0.012056057584622613 -0.042471252143936072 0.0014965484825050681 0.003924767943028447 0.00029483794725204421 -0.0036855138538441023 -0.036635188061414525 -0.00010791406491398391 -0.010196927699741176 0.009956223342653699 -0.021131270672338869 -0.004504318297977661 0.0099511378593820209 0.011951803090957747 -0.00040135359974831841 0.0010366372861301369 -0.024834493364599079 0.0053595077093909352 -0.0021371111852834107 0.030236364615463817 -0.0092165978760743606 -0.0069355039696161695 0.1186280892653601 0.01528090102417495 -0.0059269368865890824 0.037865923532929988 -0.0059101255072810657
leaf_weight=251.90668646246195 56.770309948828071 0.70240111555904094 26.584120534360409 1.3182417983189223 5.9171385481022289 1563.7454184535891 3216.1291328319348 6384.7000561603345 2137.9913601577282 23.592221204191446 463.81902461498976 31.578191306442022 8.7875398844480497 23.409941162914041 1968.6688275439665 6.8858650345355255 71.283197168260813 6568.5084943715483 1063.673641320318 57.47821920318529 2173.565122699365 4004.2727466505021 45.305188715457916 12.107918683439491 53.060219815932214 2.2376449219882488 37.387068755924702 326.16018708795309 5.0885933972895137 419.08498482406139
leaf_count=1614 3182 44 1603 78 361 15653 21537 42950 15266 174 3013 194 59 186 23188 140 458 44143 6525 1861 14801 26855 359 89 1652 47 289 2378 41 2868
internal_value=-1.75759e-05 -0.0125578 0.00133514 0.0767197 -0.00335161 1.9449e-05 0.000727851 0.0015152 -0.00186299 0.0031346 -0.00163348 0.0111449 -0.0239907 -0.000462465 -0.00219979 0.000518923 -3.23009e-05 0.000667769 0.00238108 -0.0122133 0.00427059 -0.00185389 0.0111309 0.0186651 -0.000547243 0.0366054 -0.00117255 -0.00374593 -0.00784439 -0.000926787
internal_weight=31011.7 91.2922 34.5219 2.02064 32.5013 30920.4 12518.5 9600.83 2917.68 779.684 496.199 283.485 32.3798 18401.9 3652.08 1683.41 14749.8 10659.7 4091.15 119.662 2608.4 4090.18 85.9116 57.4131 62.1837 9.12351 434.83 363.547 28.4985 1482.76
internal_count=231608 5268 2086 122 1964 226340 84807 64487 20320 5054 3246 1808 233 141533 42541 19353 98992 71462 27319 3700 17926 27530 675 448 1839 187 3125 2667 227 9393
cat_boundaries=0 1 2 3 4 5 6
cat_threshold=10960976 10588032 15801098 322 9717093 10748386
is_linear=0
shrinkage=0.04


Tree=137
num_leaves=31
num_cat=0
split_feature=0 27 6 28 4 22 21 28 3 27 5 12 3 6 24 6 6 22 1 21 12 27 3 17 12 26 4 9 1 9
split_gain=7.57236 13.0522 16.1707 10.7078 9.98724 12.3594 11.4151 17.3422 11.2105 9.77409 13.1111 11.5771 11.2962 8.78995 8.67714 8.73503 15.8912 14.9761 12.1606 13.8524 9.20732 12.5649 8.65976 8.76241 8.31989 8.23891 7.77214 8.91085 11.133 7.67735
threshold=3.5000000000000004 -0.14449999999999982 15.660000000000002 2.5000000000000004 -0.043333333333333439 -23.432499999999997 6.705000000000001 5.5000000000000009 6.9750000000000005 1.7520833333333339 1.5000000000000002 3.3166666666666669 7.0150000000000006 8.4500000000000011 5.5000000000000009 31.915000000000003 32.735000000000007 -0.4849999999999976 43.765000000000008 35.690000000000005 3.2678571428571432 -1.1583333333333337 6.5550000000000006 0.13392857142857145 3.2678571428571432 7.0750000000000011 -0.036666666666666618 27.500000000000004 29.455000000000002 51.500000000000007
decision_type=2 2 2 2 2 2 2 2 2 2 2 8 2 2 2 2 2 2 2 2 8 2 2 10 8 2 2 2 2 2
left_child=9 2 26 -4 14 -6 7 8 -7 22 11 29 13 24 15 18 17 20 -5 -20 -17 -22 23 -1 -12 -14 27 28 -2 -11
right_child=1 -3 3 4 5 6 -8 -9 -10 10 12 -13 25 -15 -16 16 -18 -19 19 -21 21 -23 -24 -25 -26 -27 -28 -29 -30 -31
leaf_value=0.0031065865674945515 0.0061637900683889947 6.4569114137378827e-05 0.048716429428268815 -0.0073779576827302804 -0.010382114725099241 0.017187447585841311 -0.0030539736203878871 -0.0070156262916586066 -0.017372828356461565 -0.015298364317305656 0.03089524291484394 0.0076590375966529905 -0.035307755876816088 -0.00021784654983490097 -0.013723664226611537 0.0076823354953509532 0.0064439209793225099 -0.0098086603239087265 0.0090956374131957382 0.11598101488073076 0.0310689843382447 0.12449294665614762 0.0007403368332837124 -0.030922895097141214 -0.016799458124808823 0.0062500499977496664 -0.016443943750251586 -0.013012343381079395 0.08430714640396661 0.017761893870540665
leaf_weight=21.49369054287672 10.327364354860036 8436.789170037955 6.6162287145853034 115.18815835518762 328.90179806901142 148.81562921218574 2347.3118857876398 106.11151740560308 16.702741762623191 241.69707732647657 26.984585136175156 48.019544146955013 24.362330622971058 605.35921882838011 43.477548564784229 2.9893711879849443 271.5065457355231 5.5397652611136428 6.767337794415651 2.7196901105344296 3.7800103281624615 5.8962895832955837 17941.681971568614 27.722166806459427 7.4723711237311354 11.115276396274565 188.21333334036171 20.056447565555573 4.065415304619818 11.78685440123081
leaf_count=135 160 60527 54 1571 7931 2268 31077 4175 280 1480 147 295 131 3392 584 30 3374 56 104 27 81 67 109964 172 42 60 3310 235 79 71
internal_value=-1.56236e-05 -0.000798765 -0.00280256 -0.00212105 -0.00221981 -0.00307349 -0.00215563 0.00560744 0.0136999 0.000482798 -0.00341407 -0.0103496 -0.000317521 0.000900709 0.00327639 0.00506004 0.00886978 0.0450478 -0.0037928 0.039737 0.0690412 0.0879972 0.000694374 -0.0160614 0.0205521 -0.0222875 -0.0132467 0.00422122 0.0282363 -0.0137611
internal_weight=31039.5 12071.8 3634.99 3412.32 3405.71 2947.84 2618.94 271.63 165.518 18967.7 976.797 301.503 675.294 639.816 457.865 414.387 289.712 18.2054 124.675 9.48703 12.6657 9.6763 17990.9 49.2159 34.457 35.4776 222.663 34.4492 14.3928 253.484
internal_count=231879 115990 55463 51679 51625 45731 37800 6723 2548 115889 5618 1846 3772 3581 5894 5310 3608 234 1702 131 178 148 110271 307 189 191 3784 474 239 1551
is_linear=0
shrinkage=0.04


Tree=138
num_leaves=31
num_cat=6
split_feature=9 19 26 1 17 19 7 4 4 19 0 19 16 19 19 4 1 14 3 4 12 7 4 14 4 31 16 18 1 4
split_gain=7.42633 9.81415 13.5585 9.74492 9.42724 9.2835 14.0214 13.2702 8.89578 13.3456 9.8554 19.4317 10.9538 19.9744 11.5333 10.6734 11.5035 10.5019 12.5516 10.0121 13.0236 9.84828 9.91643 14.9699 10.75 13.279 9.69863 16.5559 9.60158 9.45028
threshold=48.500000000000007 0 4.1950000000000012 42.655000000000008 0.68333333333333346 1 -8.8916666666666657 0.040000000000000487 0.068333333333333815 2 1.5000000000000002 3 1.0000000180025095e-35 4 5 -0.035000000000000579 48.850000000000009 -0.025859788359788329 6.7150000000000007 0.044999999999999492 3.0500000000000003 5.3536666666666699 0.021666666666666948 -0.29060846560846548 0.010000000000000233 2.5000000000000004 0.55000000000000016 0.29166666666666669 47.865000000000002 0.0033333333333325226
decision_type=2 1 2 2 10 1 2 2 2 1 2 1 8 1 1 2 2 8 2 2 8 2 2 10 2 2 10 10 2 2
left_child=8 3 -3 4 -2 6 -5 -8 10 -10 11 29 13 21 -14 16 -16 18 -13 -19 26 -12 23 -23 28 -26 -21 -28 -25 -1
right_child=1 2 -4 5 -6 -7 7 -9 9 -11 12 17 14 -15 15 -17 -18 19 -20 20 -22 22 -24 24 25 -27 27 -29 -30 -31
leaf_value=-0.0074386777530565384 0.0033148923831707658 -0.0066390348338020242 0.00065147533958681851 0.049703930170142324 0.043645025962475617 -0.0076822509766806971 0.0076051858341846272 -0.035688963693923867 -0.00081969998768375077 -0.010422840540453969 9.1842840387036347e-05 -0.0046839791766017068 -0.00074100568317427983 -0.0052797625616551203 0.0032742058551480206 0.00067203220001654947 0.019799333338928259 -0.0023815533627700902 0.0061230676699173727 0.0094955710049258232 -0.0052380270817232403 -0.025102283573141666 -0.0061072342856381715 0.012397272046783956 0.084298714939111646 0.015277116951605458 0.10675322295487673 0.023089615281777151 0.071344096924775433 -0.00076548229081136571
leaf_weight=1130.9918886907399 2907.4788871798664 479.78019174002111 2733.605323959142 10.839372571557758 9.3032090216875059 246.93584213405848 83.361168874427676 13.108935439959167 722.50844103796408 335.79126197565347 825.3613874046132 225.95315807312727 6797.3994728745893 1469.6427088179626 2259.10949711781 7602.0535146575421 69.472970756702125 1571.8075042180717 719.48067740350962 16.412006296217442 29.800421081483364 13.488975847139953 46.26032363763079 113.34320535417646 8.4740103459917027 9.4146270062774402 5.8823203593492535 10.611179381608961 4.6006781086325637 485.21518942527473
leaf_count=8178 21553 4740 19165 79 51 1843 580 124 6568 3328 9603 1566 47196 16769 13994 53547 452 11083 4906 111 195 272 538 1122 88 95 38 74 50 3419
internal_value=-6.69012e-05 0.00113667 -0.000435691 0.00267449 0.00344353 -0.00358213 0.00600883 0.00172212 -0.000385802 -0.00397294 -0.00022367 -0.00197993 0.000159787 -0.00231509 0.000528264 0.0013964 0.00376723 0.000183956 0.00354025 -0.00175626 0.0139175 0.00198481 0.0100747 0.0150879 0.019079 0.0479733 0.0312655 0.0529278 0.0146966 -0.00540184
internal_weight=30957.5 6484.41 3213.39 3271.03 2916.78 354.245 107.309 96.4701 24473.1 1058.3 23414.8 4196.15 19218.6 2490.59 16728 9930.64 2328.58 2579.95 945.434 1634.51 62.7059 1020.94 195.582 149.321 135.833 17.8886 32.9055 16.4935 117.944 1616.21
internal_count=231327 48135 23905 24230 21604 2626 783 704 183192 9896 173296 29570 143726 28537 115189 67993 14446 17973 6472 11501 418 11768 2165 1627 1355 183 223 112 1172 11597
cat_boundaries=0 1 2 3 4 5 6
cat_threshold=15909705 6291520 5562703 9227136 9154864 14787880
is_linear=0
shrinkage=0.04


Tree=139
num_leaves=31
num_cat=7
split_feature=8 10 0 19 21 19 6 3 19 20 26 22 19 6 19 3 27 28 6 29 16 0 3 1 28 20 19 27 6 1
split_gain=8.59075 15.3117 16.4796 14.8444 12.9828 17.2869 11.8202 10.8795 10.7579 16.2282 14.8848 10.5546 10.312 12.1285 9.6114 9.55532 9.43116 9.20006 9.08888 12.3858 11.2471 9.03831 8.91199 8.54526 11.1849 12.8446 9.13715 10.7564 8.54247 8.10363
threshold=4.5000000000000009 0 1.5000000000000002 1 33.975000000000001 2 20.660000000000004 6.705000000000001 3 48.900000000000006 6.4450000000000012 3.8349999999999995 4 18.435000000000006 5 6.7250000000000005 -1.2949999999999995 3.5000000000000004 36.645000000000003 7.2950000000000008 0.55000000000000016 1.5000000000000002 6.8250000000000011 42.120000000000012 4.5000000000000009 46.180000000000007 6 1.0283333333333338 31.675000000000004 48.850000000000009
decision_type=2 1 2 1 2 1 2 2 1 2 2 2 1 2 1 2 2 2 2 2 8 2 2 2 2 2 1 2 2 2
left_child=8 4 3 7 5 6 -2 -3 9 -1 -11 -7 13 -4 -6 -5 -15 -12 19 20 -10 -8 -13 -16 26 -26 27 28 -25 -22
right_child=1 2 12 15 14 11 21 -9 18 10 17 22 -14 16 23 -17 -18 -19 -20 -21 29 -23 -24 24 25 -27 -28 -29 -30 -31
leaf_value=0.0019360138095068384 -0.0076017590979415173 0.012153609589060763 -0.0084329864975387827 -0.0039118563418039601 0.0032637124486827279 -0.0029728508879918181 0.0011023663182454003 -0.0090665960640823572 -0.00012580447901620014 -0.015568709838382528 -0.00046501569603462939 0.041442077503166405 -0.0049118106596633291 -0.011540118412655936 -0.0029346678496044542 0.0067298443594739996 0.00039934173097534362 -0.012660420279172996 -0.0017416628842026015 -0.0065803491461970268 0.003318661916205402 0.025929511888775913 -0.0026304129208554877 0.045800439518257414 0.075782720760178585 -0.0017810060848947285 -0.006571173993567621 -0.0010614657617755354 -0.002175951245852683 0.01960993237618559
leaf_weight=8423.3303548884578 26.065482869744301 45.700511664152145 333.46786192897707 167.11319870874286 935.48076380416751 207.42984618805349 28.612769268453121 250.82870629988611 4227.2491774484515 126.22645849362016 1461.8988065645099 17.023369885981086 2762.0592070599087 111.72743745939806 1304.5457825344056 702.60333116538823 2014.364700332284 106.16063193231821 5532.0900600962341 372.29672046750784 1513.428686353378 130.31363756209612 12.907038666307924 21.981164589524273 7.7512936443090421 6.1078014522790909 64.952845118939877 29.782775707542896 8.1360179856419546 50.482398822903633
leaf_count=63919 161 311 2941 1118 5956 1402 213 1728 33800 788 8646 100 24262 2595 8247 4659 15634 801 39879 2298 9910 847 78 146 65 53 413 169 52 339
internal_value=-0.000170195 -0.0011961 -0.00227528 0.00202012 0.00126856 0.00773582 0.0164744 -0.00560709 0.000261974 0.00121634 -0.0023544 0.000221842 -0.00323901 -0.00133508 0.000125616 0.00463182 -0.000228084 -0.00129067 -0.000564192 0.000491748 0.000946392 0.0214597 0.0224365 -0.00191774 0.00750792 0.0415998 0.0037236 0.0136971 0.0328398 0.00384454
internal_weight=31002.1 9188.96 6387.86 1166.25 2801.09 422.352 184.992 296.529 21813.2 10117.6 1694.29 237.36 5221.62 2459.56 2378.74 869.717 2126.09 1568.06 11695.5 6163.46 5791.16 158.926 29.9304 1443.26 138.712 13.8591 124.853 59.9 30.1172 1563.91
internal_count=231530 71150 53248 7816 17902 2801 1221 2039 160380 74154 10235 1580 45432 21170 15101 5777 18229 9447 86226 46347 44049 1060 178 9145 898 118 780 367 198 10249
cat_boundaries=0 1 2 3 4 5 6 7
cat_threshold=1 1116560 9722394 738429 11807682 5145986 90653
is_linear=0
shrinkage=0.04


Tree=140
num_leaves=31
num_cat=2
split_feature=10 0 21 29 26 29 0 8 11 27 4 12 12 27 9 1 12 4 5 22 29 5 14 14 1 26 30 27 15 12
split_gain=7.12867 28.9349 13.4469 13.2135 12.9358 13.633 12.8899 11.9844 10.1132 16.0156 13.2146 16.17 10.4044 10.0072 9.73714 9.22601 12.6332 9.65559 12.985 8.9468 13.1092 10.0207 11.2371 13.9935 10.2623 9.47038 8.57565 10.1465 10.0288 8.78268
threshold=0 1.5000000000000002 29.390000000000004 5.8450000000000006 5.3250000000000011 6.0050000000000008 2.5000000000000004 3.5000000000000004 10.500000000000002 0.84666666666666746 -0.039166666666666565 2.5857142857142863 3.8944444444444448 1.0966666666666665 47.500000000000007 34.625000000000007 4.5857142857142863 -0.063333333333333894 1.5000000000000002 11.453666666666669 6.6450000000000005 1.5000000000000002 0.14454365079365084 0.28346560846560859 27.915000000000003 5.8150000000000004 1 -0.19166666666666707 1.5000000000000002 3.8166666666666669
decision_type=1 2 2 2 2 2 2 2 2 2 2 10 10 2 2 2 8 2 2 2 2 2 10 10 2 2 1 2 10 10
left_child=1 13 3 -3 5 -4 14 19 15 10 11 -10 -12 -1 -2 16 -6 18 -17 20 21 22 -8 -24 -25 -23 27 28 -19 -29
right_child=6 2 4 -5 8 -7 7 -9 9 -11 12 -13 -14 -15 -16 17 -18 26 -20 -21 -22 25 23 24 -26 -27 -28 29 -30 -31
leaf_value=-0.0015589929007186196 -0.00016865125718668102 0.004760535453183494 -0.0055015705152895479 0.01984396323585055 0.0015018818685552252 0.072078454733601069 0.0043854248763730763 -0.0026854314243986853 -0.0019365881146615597 0.011056960417625293 -0.00087186772371562282 0.019655804713898103 0.019528433337587942 -0.007946927798159923 0.0027822062088812606 0.0035980492225966198 0.024013953607025212 0.076396257671097395 0.040145192121094721 0.0026074076502215588 0.017236221935854685 -0.0011581062106074578 -0.01167685622024245 -0.018390609478060073 0.022902035581758132 -0.0060981742098430271 -0.0037249509196391156 -0.00058929624718816133 0.014860294728121297 0.025424150982340649
leaf_weight=1050.3871847912669 6512.0438223239034 644.09710559807718 6.3639139644801608 108.59349031932652 2849.1021874658763 8.4183466769754869 853.3097473597154 5772.261013623327 96.065023373812437 386.25419595092535 1029.7919112835079 131.38681258261204 41.61697187460959 626.37560940533876 2466.9881125055254 192.20703177526593 40.450495008379221 5.1215607821941402 16.924082957208157 1422.2574461139739 62.749298615381122 3743.5088955783285 161.12459570914507 12.913338176906107 37.872711524367332 744.35915368795395 1619.2694828826934 320.11224247515202 24.54888092726469 22.206476673483849
leaf_count=7679 40413 3956 47 692 16290 58 7779 55794 554 1986 6920 830 320 5027 14867 1060 251 42 91 9204 455 39055 1062 76 226 5048 9580 1815 200 140
internal_value=-0.000125302 0.000806587 0.00186403 0.00693668 0.0013017 0.0386795 -0.000519725 -0.00133447 0.00122015 0.00390605 0.00177952 0.0105362 -7.94543e-05 -0.00394529 0.000642097 0.000330936 0.00181703 -0.0016206 0.00655565 -0.000226492 -0.0009442 -0.00114964 0.00233808 -0.00590603 0.0124026 -0.00197747 -0.0024793 0.00296347 0.0254823 0.00109822
internal_weight=31008.7 9219.29 7542.53 752.691 6789.84 14.7823 21789.4 12810.4 6775.06 1685.11 1298.86 227.452 1071.41 1676.76 8979.03 5089.94 2889.55 2200.39 209.131 7038.1 5615.84 5553.09 1065.22 211.911 50.786 4487.87 1991.26 371.989 29.6704 342.319
internal_count=231517 57538 44832 4648 40184 105 173979 118699 40079 10610 8624 1384 7240 12706 55280 29469 16541 12928 1151 62905 53701 53246 9143 1364 302 44103 11777 2197 242 1955
cat_boundaries=0 1 2
cat_threshold=1 144
is_linear=0
shrinkage=0.04


Tree=141
num_leaves=31
num_cat=5
split_feature=16 19 12 12 3 13 16 26 19 27 20 19 9 8 12 4 9 7 20 13 8 14 14 22 11 19 19 12 4 24
split_gain=6.33999 13.7221 10.9255 10.3606 9.50471 8.8318 11.2813 12.0681 11.3998 13.2274 11.374 8.85691 8.77835 8.72949 9.37749 9.55116 8.60651 8.56343 8.19445 8.13008 9.95532 12.7913 8.91475 9.95848 10.8629 10.8439 8.90026 16.1557 11.3541 8.4122
threshold=1.0000000180025095e-35 0 4.7321428571428585 2.683333333333334 6.6250000000000009 0.21111111111111114 0.29166666666666669 7.3850000000000007 1 0.070000000000000742 45.70000000000001 2 66.500000000000014 3.5000000000000004 3.1180555555555558 -0.029166666666666782 24.500000000000004 27.417500000000008 52.190000000000005 0.15476190476190479 1.5000000000000002 -0.083333333333333273 -0.099999999999999936 4.4616666666666687 2.5000000000000004 3 4 3.6458333333333335 -0.0033333333333334099 2.5000000000000004
decision_type=8 1 10 10 2 8 8 2 1 2 2 1 2 2 10 2 2 2 2 10 2 10 10 2 2 1 1 10 2 2
left_child=1 2 3 -1 -3 11 7 8 9 10 16 17 19 14 15 -13 -7 -2 -11 22 21 -21 -6 25 -25 -24 27 -23 -29 -26
right_child=5 4 -4 -5 12 6 -8 -9 -10 18 -12 13 -14 -15 -16 -17 -18 -19 -20 20 -22 26 23 24 29 -27 -28 28 -30 -31
leaf_value=-0.041456288657477698 0.0038755297046181724 -0.01869977191641306 -0.0058469527183895153 0.0028174768120280886 -0.0024504761554661639 0.007668944228221908 0.00030331668646462726 -0.015655407936182485 6.4758297786364421e-05 -0.0023210628385617656 -0.026672130615205392 0.068670198274946054 0.050430856123219202 -0.0020081489942703006 0.0021147353691592314 0.010892131086882676 -0.0081304913088539304 0.039701153554701281 0.0096402966997499069 -0.011231401187828527 -0.0080489525190000494 0.005333180298188525 0.010359525332838163 0.0032680728522642742 0.052465410493463323 -0.012270401027535332 0.0015182097786741952 0.099046497276366316 0.030849503322830433 0.014348064032628199
leaf_weight=8.5047182254493219 1655.132146531716 63.076424743048847 294.95611598948017 1504.2780709397048 1382.2042310396209 60.281256893649697 17418.914764870889 99.85766976326704 2730.4628715924919 1053.3971048220992 49.225729655474424 6.6302413474768427 4.9140831995755425 1290.6717067579739 1441.4246409018524 14.787487186491488 649.97832537256181 10.744597990065811 100.37016853317618 67.918135380372405 755.38485368061811 16.265409987419847 60.341695205308497 39.046786634251475 18.621603894978762 55.410087953321636 79.073870623484254 7.2277904823422459 8.4994287956505961 18.434139166027308
leaf_count=57 13855 546 5859 12380 17093 560 116103 636 19468 6516 390 42 46 11120 11817 99 5515 79 622 547 5825 106 509 255 122 489 540 50 68 123
internal_value=-7.44863e-05 -0.00148381 0.00118889 0.00256857 -0.00335072 0.000157954 -0.00016763 -0.001897 -0.00160114 -0.00395825 -0.00807824 0.0017907 -0.00297884 0.000388179 0.00250512 0.0287784 -0.00678956 0.00408209 -0.0012805 -0.00308347 -0.00603916 0.00244297 -0.00132896 0.00675091 0.0179901 -0.000638448 0.010805 0.0253577 0.0621909 0.0335032
internal_weight=30966 4384.16 1807.74 1512.78 2576.42 26581.9 22162.5 4743.57 4643.72 1913.25 759.485 4419.39 2513.34 2753.51 1462.84 21.4177 710.26 1665.88 1153.77 2508.43 934.369 178.985 1574.06 191.854 76.1025 115.752 111.066 31.9926 15.7272 37.0557
internal_count=231437 44615 18296 12437 26319 186822 149810 33707 33071 13603 6465 37012 25773 23078 11958 141 6075 13934 7138 25727 7136 1311 18591 1498 500 998 764 224 118 245
cat_boundaries=0 1 2 3 4 5
cat_threshold=9367712 3485873 733633 5246214 2162693
is_linear=0
shrinkage=0.04


Tree=142
num_leaves=31
num_cat=5
split_feature=15 6 19 0 23 19 30 4 20 22 13 9 19 14 30 4 22 8 4 21 4 4 3 7 7 17 27 12 7 21
split_gain=7.18394 9.19708 12.3321 12.2572 12.6382 14.8857 10.9934 14.4316 11.7809 11.739 9.59242 11.0505 11.2266 12.4356 10.6652 11.122 11.6889 10.0508 9.56314 9.53455 9.38461 11.0375 8.78712 8.67938 10.0975 8.53392 8.24814 9.57754 8.76997 8.20786
threshold=4.5000000000000009 33.395000000000003 0 1.5000000000000002 3.5000000000000004 1 2 0.0099999999999993445 40.965000000000011 15.958333333333336 0.29285714285714287 25.500000000000004 3 -0.099999999999999936 4 0.04500000000000038 -2.9350000000000001 1.5000000000000002 -0.094999999999999293 11.215000000000002 0.068333333333332927 0.071999999999999634 6.6850000000000014 -4.8008333333333324 -2.5155000000000007 0.13392857142857145 -0.70333333333333259 5.1339285714285721 4.4483333333333368 37.300000000000004
decision_type=10 2 1 2 2 1 1 2 2 2 10 2 1 10 1 2 2 2 2 2 2 2 2 2 2 10 2 8 2 2
left_child=-1 3 6 10 5 20 7 9 -9 -3 11 23 13 25 15 17 -17 -14 -8 -12 -5 -22 -16 -2 -25 -13 -7 28 -28 -21
right_child=1 2 -4 4 -6 26 18 8 -10 -11 19 12 14 -15 22 16 -18 -19 -20 29 21 -23 -24 24 -26 -27 27 -29 -30 -31
leaf_value=0.00017265797552062703 -0.034584725794851209 0.019868392396364325 -0.0016539992701511803 0.0045349179875730618 -0.00648128760869801 -0.015890149123780832 -0.033183626035330399 -0.0098412675530868722 0.036656448419575501 0.07112132755514651 0.033951089018244562 0.018124137718845079 0.055113321405014321 0.064106532777363778 0.02034627452233401 0.089084500880366055 0.0083347433895397185 0.0051662351478670076 0.0025449111749138733 -0.030895951920513132 0.091045636599693239 0.018079519345348852 -0.006508826410635285 0.040642170086147733 -0.01639621708356245 -0.022558967605774641 -0.0023011682513320525 0.051538746647590339 -0.041183712831396449 -0.0041551800999232221
leaf_weight=25205.49736934714 19.393979800865054 85.297866935841739 1835.340630422812 311.78361276816577 1474.1231967061758 84.138699024450034 12.170052663423119 47.25193863036111 10.690912652760742 7.8043481670320025 7.2884914875030509 92.972603928297758 6.8614131212234488 8.7869044020771963 21.908594308421016 5.8524899110198021 5.624884866178034 106.50526994094253 794.46734669152647 28.812473759055138 4.0669450182467726 17.988894934765995 176.92106125131249 7.2912989053875235 15.570613158866761 9.0530447214841825 544.1865272205323 5.2071182876825324 9.4423440396785718 50.651317730545998
leaf_count=171888 173 814 18286 2514 20000 1067 100 589 79 49 52 620 45 57 151 45 40 716 7903 197 40 197 1215 65 139 61 4161 46 69 360
internal_value=-0.000119565 -0.00138787 0.00026583 -0.00292011 -0.00414312 -0.000614572 0.00392139 0.0135158 -0.00126207 0.0241647 0.00239942 0.00462569 0.00652486 0.0169198 0.00237011 0.011099 0.0495103 0.00818924 0.0019813 -0.00983492 0.0061349 0.031534 -0.00337974 -0.0149021 0.00179491 0.0145142 -0.00414984 -0.00245648 -0.00296432 -0.013851
internal_weight=31013 5807.45 2793.02 3014.43 2450.94 976.814 957.682 151.045 57.9429 93.1022 563.494 476.742 434.486 110.813 323.674 124.844 11.4774 113.367 806.637 86.7523 333.839 22.0558 198.83 42.2559 22.8619 102.026 642.975 558.836 553.629 79.4638
internal_count=231738 59850 27820 32030 28094 8094 9534 1531 668 863 3936 3327 2950 738 2212 846 85 761 8003 609 2751 237 1366 377 204 681 5343 4276 4230 557
cat_boundaries=0 1 2 3 4 5
cat_threshold=9029680 3412776 320 1581069 387
is_linear=0
shrinkage=0.04


Tree=143
num_leaves=31
num_cat=4
split_feature=26 22 28 0 7 4 19 30 20 18 26 20 22 4 26 29 29 5 19 9 1 27 30 26 7 22 4 22 26 24
split_gain=11.2031 8.82164 7.35382 6.771 7.84943 9.75461 6.87326 8.71477 11.7994 10.0212 9.76037 9.18745 10.6303 9.17438 11.2463 15.2526 9.37588 11.0406 8.51945 8.33524 18.6517 14.749 13.3706 16.0463 13.1695 13.2966 8.17959 8.03711 15.7488 7.37438
threshold=1.6150000000000004 23.53166666666667 3.5000000000000004 5.5000000000000009 10.248333333333333 -0.12333333333333261 0 1 56.610000000000007 0.63333333333333341 7.1550000000000011 49.555000000000007 23.085833333333337 0.029166666666666789 4.035000000000001 2.2850000000000006 4.3650000000000011 2.5000000000000004 2 41.500000000000007 45.480000000000011 -0.11633333333333339 3 5.0250000000000012 -4.7191666666666654 6.6725000000000003 -0.0066666666666663757 5.3944999999999981 5.6450000000000005 2.5000000000000004
decision_type=2 2 2 2 2 2 1 1 2 10 2 2 2 2 2 2 2 2 1 2 2 2 1 2 2 2 2 2 2 2
left_child=1 2 -1 -2 6 -6 19 13 9 -9 -10 12 29 14 15 -8 17 -17 27 26 21 -21 23 -23 -22 -26 -5 -15 -29 -11
right_child=3 -3 -4 4 5 -7 7 8 10 11 -12 -13 -14 18 -16 16 -18 -19 -20 20 24 22 -24 -25 25 -27 -28 28 -30 -31
leaf_value=0.10000917273332655 0.00023198936578126285 0.079401546742863413 -0.020345007917247235 -0.0039415175943706641 0.061568433974819772 0.0034916510626201124 -0.0020158830264260697 -0.0019618461506849569 -0.036936635511136087 0.038814302539483002 -0.0082432157340675202 0.046210290510292337 -0.039724819042583091 -0.0095664683531712022 0.0083753746785653685 0.060285182009043904 0.026865882396318083 0.19355550133365035 -0.020217608608197733 -0.019713734655349008 -0.0093229243626355585 0.081795163054686454 -0.0067259182793272332 0.01056696222132314 0.027299972197566264 0.12659952400856833 -0.015020677244164289 0.094077094697278277 0.0056859685737308653 -0.0056360412848230354
leaf_weight=0.82290168479084869 28100.184316429775 1.4982212483882893 62.983411790803075 214.05400584079325 4.7045659720897666 281.63948904164135 5.0505638872273249 1455.7396617019549 25.578344237059355 12.742089401930576 73.395618721842766 12.679803647100924 6.489662177860736 18.922524874098599 151.05232501588762 1.9436747431755068 2.2878928892314434 2.0368754528462887 25.711897043976933 62.696673065423965 4.5266421288251868 5.3997974805533877 107.08962509408593 80.527978502213955 4.5016460306942445 4.1434958502650261 212.43144673202187 4.3398525267839458 12.5563334710896 11.238800995051859
leaf_count=12 190565 9 5289 2552 40 2970 180 19310 190 98 505 81 39 376 1588 40 47 52 385 1541 68 70 1068 725 72 38 3350 63 102 91
internal_value=1.00018e-05 -0.01654 -0.0187928 4.49747e-05 -0.00182953 0.00444584 -0.00254341 -0.00122389 -0.00226783 -0.00139875 -0.0156586 0.0175982 0.0056918 0.00600454 0.0112571 0.0497136 0.0913926 0.128481 -0.0068804 -0.0058979 -0.000467297 -0.0028583 0.00261675 0.0134749 0.0459511 0.0748929 -0.00946002 0.00651816 0.0283896 0.0179824
internal_weight=30969 65.3045 63.8063 30903.7 2803.48 286.344 2517.14 1821.77 1597.86 1498.89 98.974 43.1504 30.4706 223.902 162.371 11.319 6.26844 3.98055 61.5306 695.371 268.886 255.714 193.017 85.9278 13.1718 8.64514 426.485 35.8187 16.8962 23.9809
internal_count=231516 5310 5301 226206 35641 3010 32631 23147 20314 19619 695 309 228 2833 1907 319 139 92 926 9484 3582 3404 1863 795 178 110 5902 541 165 189
cat_boundaries=0 1 2 3 4
cat_threshold=10618056 16 41475 424
is_linear=0
shrinkage=0.04


Tree=144
num_leaves=31
num_cat=2
split_feature=29 20 14 21 19 18 21 19 1 21 3 5 18 18 14 1 22 11 12 16 27 21 5 3 27 13 22 27 20 20
split_gain=5.39965 17.7071 9.81608 8.17828 17.8392 13.919 8.84143 8.13673 8.4826 12.6459 9.21227 8.80544 13.2803 9.78889 9.66657 11.6599 10.058 8.97478 10.8951 8.45589 8.3111 19.6311 8.21766 8.11558 13.053 8.18604 7.91764 12.8443 9.57942 7.89266
threshold=5.3350000000000009 19.340000000000003 -0.20737433862433857 29.390000000000004 0 0.22500000000000003 17.670000000000005 1 46.645000000000003 23.550000000000004 6.9650000000000007 1.5000000000000002 0.22500000000000003 1.0000000180025095e-35 0.10000000000000001 24.355000000000004 -4.1241666666666648 1.5000000000000002 4.9500000000000011 0.45000000000000007 -0.83499999999999963 30.620000000000001 4.5000000000000009 6.8950000000000005 0.019999999999999799 0.31666666666666671 3.5316666666666685 0.029999999999999586 45.250000000000007 45.845000000000006
decision_type=2 2 8 2 1 10 2 1 2 2 2 2 8 10 10 2 2 2 8 10 2 2 2 2 2 10 2 2 2 2
left_child=7 2 -2 4 -3 -6 -7 8 11 10 29 12 17 14 -13 16 -16 18 -1 20 21 -11 -18 25 -25 -19 -27 -28 -29 -10
right_child=1 3 -4 -5 5 6 -8 -9 9 19 -12 13 -14 -15 15 -17 22 23 -20 -21 -22 -23 -24 24 -26 26 27 28 -30 -31
leaf_value=0.01383320287742021 -0.0087705352734117458 0.013191392805240081 0.018893710507358868 0.00028434129638198695 -0.0065453499373046772 -0.019583407629161078 0.014822263565155584 -0.001225193755553355 0.023016233837548871 -0.0086282368799258189 -0.010949139851770684 -0.0032081530806462939 -0.00497889392850523 0.0016599700396863828 0.0021166377890236097 0.0015589089212930919 0.06362159855599378 0.0064590295736145862 0.068066498342505138 -0.028643517731291014 -0.0012377404041925217 0.11241860580878908 0.011542358465026976 0.004581736788221733 0.044667215331625036 -0.0068492814756053594 0.055503864614221195 -0.0089490394706338555 0.043218701586371928 -0.021554132879356522
leaf_weight=95.576127889566123 24.588012733496726 239.76093397848308 124.10207658819854 16011.832810908556 230.72966386564076 13.603003740310667 98.366822976619005 8875.0679112756625 108.96064554294571 5.4187047928571683 17.211488739587367 1934.3365486203693 220.47382409125566 1912.2232678276487 15.952977592125533 207.21059252135456 13.093416631221773 425.93164129601792 6.3186018615961066 16.22283591888845 84.840272538363934 3.5468062963336706 7.6977812051773062 36.005634715780616 20.339632339775562 175.76120370067656 8.7458897642791253 28.441252961754799 7.0224895104765883 6.7508377470076075
leaf_count=652 275 1612 1039 102984 1602 89 614 77067 1057 62 180 19782 1469 14888 109 1396 79 3617 128 111 617 42 53 319 126 1198 62 169 40 44
internal_value=8.99144e-05 0.000576841 0.014319 0.000453707 0.00510956 -0.000903264 0.0106424 -0.000482875 0.000747584 0.00805176 0.0163546 0.000402122 0.00371813 -0.000428491 -0.00226186 0.0052414 0.026008 0.00610261 0.0171963 -0.00197872 0.0026327 0.0392586 0.0443397 0.00449295 0.0190519 0.0032229 -0.00304325 0.0120881 0.00138116 0.0204159
internal_weight=30976.1 16743 148.69 16594.3 582.46 342.699 111.97 14233.2 5358.08 242.952 132.923 5115.13 1024.62 4090.51 2178.29 243.955 36.7442 804.142 101.895 110.029 93.8058 8.96551 20.7912 702.248 56.3453 645.902 219.971 44.2096 35.4637 115.711
internal_count=231482 108215 1314 106901 3917 2305 703 123267 46200 2113 1281 44087 7780 36307 21419 1637 241 6311 780 832 721 104 132 5531 445 5086 1469 271 209 1101
cat_boundaries=0 1 2
cat_threshold=437030 3425704
is_linear=0
shrinkage=0.04


Tree=145
num_leaves=31
num_cat=4
split_feature=22 0 26 19 5 6 0 27 1 1 28 0 3 19 1 31 22 18 31 19 19 3 4 27 4 17 12 4 26 6
split_gain=7.02652 8.17298 11.2152 8.38211 8.66815 8.87971 8.64135 13.8469 8.56126 7.34085 6.87193 5.71539 11.2071 12.5715 12.0342 9.973 10.1845 9.24558 10.4619 10.3014 10.2172 12.5351 10.2166 9.56939 9.53302 8.81581 10.5348 8.77814 8.6747 8.59479
threshold=-38.267499999999991 5.5000000000000009 7.6450000000000005 0 4.5000000000000009 36.850000000000009 2.5000000000000004 -0.22166666666666643 34.490000000000002 37.235000000000007 2.5000000000000004 5.5000000000000009 6.955000000000001 1 32.505000000000003 7.5000000000000009 19.329166666666673 0.22500000000000003 1.5000000000000002 2 3 6.6550000000000011 0.076666666666666675 1.373666666666667 0.091666666666667243 0.21111111111111114 3.2111111111111117 -0.043333333333333439 4.0050000000000008 46.170000000000009
decision_type=2 2 2 1 2 2 2 2 2 2 2 2 2 1 2 2 2 8 2 1 1 2 2 2 2 10 10 2 2 2
left_child=1 2 3 4 5 9 7 -5 -7 10 -1 -2 17 14 -14 16 -16 20 -19 29 27 25 -21 24 -24 26 -22 28 -13 -20
right_child=11 -3 -4 6 -6 8 -8 -9 -10 -11 -12 12 13 -15 15 -17 -18 18 19 22 21 -23 23 -25 -26 -27 -28 -29 -30 -31
leaf_value=0.023380843098569998 9.5979548186189839e-05 -0.025711848273200815 0.071244764323092555 0.062608892424794643 0.058489998474446699 0.082490097656786082 -0.017945738282701226 -0.0140378653116561 0.01184724392975167 0.036753624956691482 -0.032875618691339217 -0.028447417974293815 -0.011715865278251978 -0.01355188380035312 0.0038311500744832474 0.084665830596372962 0.048953990048859003 -0.00499614864971648 0.00030802924822754553 0.0074115112836285824 0.088744318656192894 -0.00042223208185781575 0.11875825609752098 -0.0064289340085987405 0.025765199650684939 -0.01433486709729038 0.023106947232968366 -0.0079069347498066413 0.0075828403774152496 -0.025892531097420905
leaf_weight=5.2423266544938114 28073.657889861148 9.024026192724703 5.1990982517600051 6.7387221902608863 9.8151193317025882 5.1713100764900428 26.858834069222212 8.564031206071375 5.8499496541917324 6.4882221063598982 10.30059068277478 11.888577634468673 51.843781543895602 232.691411819309 53.1694012619555 3.0525489188730708 9.4214217923581582 236.96797539107502 223.20041511859745 448.81076013483107 5.3366398178041043 738.87027165759355 3.667634364217518 3.5542947351932526 3.3978707324713469 6.0927455946803084 14.659999628085641 645.71336896438152 106.18290509283543 22.007672466337681
leaf_count=31 192397 191 31 45 93 43 255 53 41 49 89 418 740 3637 820 36 75 2268 2082 4135 55 11421 50 21 48 54 215 11097 1098 174
internal_value=-4.23323e-05 0.0105835 0.0142135 0.0107264 0.0206624 0.0156807 -0.00345692 0.0197143 0.0449937 0.00101663 -0.0139014 -7.64694e-05 -0.00179291 -0.00848983 0.00247843 0.0140664 0.0106232 -0.000843604 0.00227443 0.0047195 -0.00276411 0.000532971 0.00815163 0.0471062 0.074037 0.0277893 0.040624 -0.00599475 0.00395497 -0.00196343
internal_weight=30993.4 99.2522 90.2282 85.0291 42.8675 33.0524 42.1616 15.3028 11.0213 22.0311 15.5429 30894.2 2820.53 350.179 117.487 65.6434 62.5908 2470.35 941.607 704.639 1528.74 764.96 459.431 10.6198 7.06551 26.0894 19.9966 763.785 118.071 245.208
internal_count=231762 921 730 699 346 253 353 98 84 169 120 230841 38444 5308 1671 931 895 33136 8778 6510 24358 11745 4254 119 98 324 270 12613 1516 2256
cat_boundaries=0 1 2 3 4
cat_threshold=14486577 840746 3195945 7931632
is_linear=0
shrinkage=0.04


Tree=146
num_leaves=31
num_cat=5
split_feature=0 19 5 17 19 8 11 14 8 9 30 14 13 11 12 12 19 30 26 14 6 6 13 4 29 26 4 14 9 21
split_gain=5.5136 10.6934 8.95134 11.6742 13.8881 9.23207 8.67394 14.2339 13.1407 8.58901 8.49011 11.2243 9.54627 11.3095 8.91637 8.28793 8.28437 7.85683 9.08296 7.81259 8.36968 9.16382 9.09197 8.75449 7.78978 13.1787 13.4367 15.3758 16.1024 9.11538
threshold=5.5000000000000009 0 2.5000000000000004 0.47222222222222227 1 1.5000000000000002 3.5000000000000004 -0.21111111111111103 3.5000000000000004 62.500000000000007 2 -0.19444444444444434 1.0000000180025095e-35 6.5000000000000009 2.1055555555555561 4.1055555555555561 3 4 7.9150000000000009 -0.17043650793650789 21.505000000000006 23.395000000000003 0.41428571428571431 -0.021666666666666941 6.8650000000000011 7.0750000000000011 0.024999999999999915 0.24074074074074076 45.500000000000007 45.720000000000006
decision_type=2 1 2 10 1 2 2 8 2 2 1 8 10 2 8 8 1 1 2 8 2 2 8 2 2 2 2 8 2 2
left_child=-1 9 3 4 6 -6 7 8 -3 17 14 12 -12 -14 -7 -8 24 18 19 -2 23 22 -22 -21 29 26 -26 28 -28 -4
right_child=1 2 16 -5 5 10 15 -9 -10 -11 11 -13 13 -15 -16 -17 -18 -19 -20 20 21 -23 -24 -25 25 -27 27 -29 -30 -31
leaf_value=0.00018999275560880593 -0.021174407568963733 0.027881293079534273 -0.0061853362978896084 0.015737696880189986 0.0070196237200380873 -0.044113982818839145 0.0082691082389216072 0.01844124805700862 0.18863007317788721 0.052210214887810594 -0.013553062565355821 -0.01411650087252919 0.10977732553736515 0.014743906912992941 0.002319008269708718 -0.019887377699578816 3.2130076549666588e-05 -0.011571344594237006 0.066476985891742849 0.014241919563916849 0.091415787157626729 5.3587602699895309e-05 8.8171462557733334e-05 -0.029382512434296536 0.00060497583130923488 -0.022862476612270425 0.091847229380003864 -0.013821696378876201 -0.003985559349154749 -0.022298973952498257
leaf_weight=28128.455272462685 34.634570105932653 1.7023111064918341 328.36508671054617 99.642474129796028 125.10732241393998 6.852711532264947 158.91815930791199 49.590521971229464 1.5586549416184423 3.9962302967905989 7.0328244580887249 188.40601746784523 3.1410924335941655 5.5328136021271348 192.29275037907064 18.694294843822718 839.14214381296188 275.73535834113136 3.0261253193020812 9.8068703548051399 3.5432384684681884 279.29493807256222 3.4348850315436721 29.502028551418334 35.654858365654945 19.799351252615452 9.8886323310434801 5.6201046779751804 3.9163537751883259 67.761802958324552
leaf_count=192911 1311 57 5892 653 1368 49 1675 583 50 48 325 2038 65 101 2418 463 11879 3983 18 107 55 3456 37 413 328 156 115 40 51 719
internal_value=2.1174e-05 -0.00166776 -0.000308077 0.00286525 0.00117496 -0.0024272 0.00914197 0.0237644 0.104715 -0.00615322 -0.00541818 -0.0108754 0.0210788 0.0491585 0.000686738 0.00530555 -0.00238975 -0.00661453 -0.00246541 -0.00311303 -0.0011917 0.0011848 0.046461 -0.018499 -0.00656583 0.00512643 0.0151875 0.0419537 0.0646603 -0.00894175
internal_weight=30940 2811.59 2168.62 858.472 758.829 528.366 230.464 52.8515 3.26097 642.974 403.258 204.113 15.7067 8.67391 199.145 177.612 1310.15 638.978 363.243 360.217 325.582 286.273 6.97812 39.3089 471.006 74.8793 55.0799 19.4251 13.805 396.127
internal_count=231364 38453 29025 9845 9192 6364 2828 690 107 9428 4996 2529 491 166 2467 2138 19180 9380 5397 5379 4068 3548 92 520 7301 690 534 206 166 6611
cat_boundaries=0 1 2 3 4 5
cat_threshold=3540032 8462976 403 8458928 173
is_linear=0
shrinkage=0.04


Tree=147
num_leaves=31
num_cat=0
split_feature=27 28 4 22 4 23 24 7 7 28 20 27 7 7 7 6 4 20 13 20 7 22 7 8 7 5 27 1 1 13
split_gain=8.07759 16.278 11.0142 14.0687 7.43963 7.47824 7.2281 10.9766 7.14611 6.91763 12.5646 11.9764 7.77473 7.23801 7.77643 8.09391 6.37796 10.8608 7.78573 7.32859 6.86581 12.6384 11.2381 9.72835 8.72071 8.00585 8.02318 7.4875 6.23501 6.86154
threshold=-1.3583333333333329 3.5000000000000004 0.031666666666666739 14.760000000000005 -0.091666666666666327 4.5000000000000009 3.5000000000000004 1.961666666666668 -23.931666666666661 5.5000000000000009 24.255000000000003 -1.5499999999999994 10.007500000000002 8.7358333333333338 7.1000000000000041 40.920000000000009 -0.048333333333332444 13.260000000000002 0.11805555555555557 1.0000000180025095e-35 -1.0000000180025095e-35 -21.570833333333329 -2.3166666666666678 5.5000000000000009 1.2583333333333349 2.5000000000000004 -1.7818333333333334 33.535000000000004 24.355000000000004 0.43650793650793657
decision_type=2 2 2 2 2 2 2 2 2 2 2 2 2 2 2 2 2 2 10 2 2 2 2 2 2 2 2 2 2 8
left_child=1 -1 4 8 5 -3 -7 -8 -4 10 11 12 13 14 15 16 -6 19 -19 -18 22 -22 23 25 -23 -21 27 -27 -10 -30
right_child=-2 2 3 -5 9 6 7 -9 28 -11 -12 -13 -14 -15 -16 -17 17 18 -20 20 21 24 -24 -25 -26 26 -28 -29 29 -31
leaf_value=0.091103185426752734 6.8529725489034076e-05 0.056271266337980158 0.05424757866556984 0.074137044462131568 -0.015956326252547396 -0.013895112842777344 -0.0014189122043907752 0.10844995857609385 -0.030330224673714087 -0.0042680367202060556 0.07198686652015307 -0.0092681691453586346 -0.026222420573403488 0.092658412224667516 -0.043906536748431826 0.077533163007528674 -0.010880806588554037 0.032482493038475488 -0.031348293360482719 0.10688957382020398 0.12424976637715754 0.090168224898833915 -0.022120956440627376 -0.016341970033377149 0.0040443054510314646 0.13575534122241539 -0.025549482189341072 0.010828194575127757 -0.00890573006520619 -0.04023752021196321
leaf_weight=2.8930292017757884 30013.799088485539 6.6902675461024073 2.4797441782429805 2.9901431426405898 8.5606500064022821 10.539547547698023 3.7994018569588652 2.357808496337384 31.855324104893953 593.74118091119453 4.4178087878972283 63.40209037065506 6.7993086916394523 2.0513478447683147 3.2549876617267719 3.622796988580375 5.1503984145820132 4.6969830784946671 8.7590520009398443 4.2541509531438297 3.8261077906936398 2.9893918065354317 5.55294229928404 3.0169025398790827 5.0742672001942992 1.5716988309286466 2.1833160091191601 1.5004131710156796 161.39361187210307 12.015935406088827
leaf_count=29 210507 85 78 36 147 188 81 48 832 12930 50 746 132 39 56 75 238 63 104 76 75 51 98 63 92 43 34 38 4295 243
internal_value=-4.76609e-05 -0.00363751 -0.0039205 -0.0120094 -0.00167111 0.0205385 0.00622067 0.0406537 -0.0132493 -0.00237835 0.00559682 0.00344443 0.0145061 0.0186978 0.0163277 0.0195546 0.0158784 0.0214887 -0.00906743 0.0331963 0.0407712 0.06438 0.0252451 0.0462423 0.0359725 0.066097 0.0330764 0.0747412 -0.0140647 -0.0110768
internal_weight=30985.2 971.441 968.548 210.735 757.813 23.387 16.6968 6.15721 207.745 734.426 140.685 136.267 72.8647 66.0654 64.0141 60.7591 57.1363 48.5756 13.456 35.1196 29.9692 11.8898 18.0794 12.5265 8.06366 9.50958 5.25543 3.07211 205.265 173.41
internal_count=231572 21065 21036 5484 15552 402 317 129 5448 15150 2220 2170 1424 1292 1253 1197 1122 975 167 808 570 218 352 254 143 191 115 81 5370 4538
is_linear=0
shrinkage=0.04


Tree=148
num_leaves=31
num_cat=4
split_feature=11 19 0 0 22 19 14 29 12 27 26 18 6 21 13 29 26 12 21 5 27 18 22 31 27 26 26 1 19 19
split_gain=7.28658 12.5685 12.1287 22.8635 9.91037 9.01221 12.1569 10.7256 11.5647 8.89014 9.08161 11.8506 10.6254 10.7634 9.35237 9.26688 8.75118 8.74667 8.24875 7.4991 9.02882 7.28077 15.6433 15.3111 7.19192 10.5537 9.78995 8.51519 10.8729 9.24682
threshold=1.5000000000000002 0 1.5000000000000002 2.5000000000000004 -7.7716666666666621 1 0.15902777777777785 3.8650000000000007 4.1055555555555561 1.6791666666666665 4.5650000000000004 0.36666666666666675 37.255000000000003 43.190000000000005 0.5277777777777779 4.8650000000000011 4.1350000000000007 2.3875000000000006 30.795000000000005 4.5000000000000009 -0.24083333333333365 1.0000000180025095e-35 1.388333333333333 1.5000000000000002 0.84666666666666746 4.7650000000000006 4.6850000000000014 33.535000000000004 2 3
decision_type=2 1 2 2 2 1 8 2 10 2 2 8 2 2 8 2 2 8 2 2 2 8 2 2 2 2 2 2 1 1
left_child=1 2 -1 4 19 6 -6 16 21 10 -5 -12 13 14 15 -13 -7 -3 -10 -4 -21 22 -9 -23 -2 26 -26 28 -27 -29
right_child=24 17 3 9 5 7 -8 8 18 -11 11 12 -14 -15 -16 -17 -18 -19 -20 20 -22 23 -24 -25 25 27 -28 29 -30 -31
leaf_value=-0.0039621293491679879 -0.00056863073001368544 -0.018749911818210153 -0.0026525553695357106 0.0082841397602245494 0.0015269494880851356 0.098118645504592067 0.047750936171490767 0.0029221699064701833 -0.0083974748071787321 0.040542432805556611 -0.0049788927025611598 0.066141009131043149 -0.011797534033157765 0.066452040410216545 -0.020464674659453452 0.0027962461848144134 0.035396166527075217 0.00025317204468681514 0.036746252208811975 -0.0080969482083330952 0.055173380674158709 0.069191189900635205 0.068574839990466402 0.0069751499756447741 0.0072744394517333154 0.0047822078479610678 0.045775877796596011 -0.0030566616555577453 0.00045962659567377553 0.0010067428742597971
leaf_weight=176.29854311421514 20601.561052316334 39.793059688061476 50.842374650761485 255.68498177733272 60.58947965502739 6.7037789076566678 10.71308648586273 7.8605023249983814 19.327257558703426 10.087646335363386 274.00979023613036 7.2147932313382679 14.18495563790202 9.1473755873739702 7.7862657643854609 7.5745577216148376 7.5872304290533066 1483.8952918811701 9.7396089062094671 6.0644389502704135 8.9116749316453916 8.7101260572671908 22.226928681135178 23.148560047149658 33.711887359619141 1439.5756625756621 15.391180157661436 1501.5501739382744 2626.5893012210727 2193.6009910404682
leaf_count=1318 167651 236 306 2997 326 41 52 44 114 52 2013 50 94 58 50 54 40 11060 53 50 50 45 112 118 189 8151 87 8643 14932 12430
internal_value=6.32635e-06 0.00206418 0.00550948 0.00759243 0.0179232 0.0228604 0.00742999 0.0297754 0.0275444 0.00331641 0.00266401 -0.00182772 0.0169806 0.0298488 0.0150176 0.0336982 0.0648187 -0.000241532 0.0067291 0.00467531 0.0295526 0.0373116 0.0514227 0.0239849 -0.000176782 0.000856799 0.0193426 0.000739846 0.00200287 -0.000649997
internal_weight=30940.1 2528.1 1004.41 828.115 242.425 176.607 71.3026 105.304 91.013 585.69 575.603 319.918 45.9079 31.723 22.5756 14.7894 14.291 1523.69 29.0669 65.8185 14.9761 61.9461 30.0874 31.8587 28412 7810.42 49.1031 7761.32 4066.16 3695.15
internal_count=231416 19333 8037 6719 1351 945 378 567 486 5368 5316 2319 306 212 154 104 81 11296 167 406 100 319 156 163 212083 44432 276 44156 23083 21073
cat_boundaries=0 1 2 3 4
cat_threshold=7546752 4260608 927826 3048385
is_linear=0
shrinkage=0.04


Tree=149
num_leaves=31
num_cat=0
split_feature=12 20 11 13 27 14 13 7 29 6 27 12 20 1 0 6 7 0 5 12 9 14 3 18 22 20 22 18 12 18
split_gain=6.14178 10.9543 9.30353 10.7953 9.29512 13.4059 12.3177 10.9927 11.5731 9.28839 9.10375 16.1199 15.2146 12.9114 9.00598 9.42094 12.5608 11.6018 11.6434 11.6502 12.4361 9.06446 8.99255 14.2185 8.60538 11.2708 8.55005 8.15136 7.94318 14.4351
threshold=3.3166666666666669 45.565000000000005 1.5000000000000002 0.10555555555555557 1.4966666666666666 0.11111111111111108 0.41428571428571431 2.1083333333333365 4.995000000000001 31.590000000000003 -1.1349999999999993 4.1055555555555561 15.570000000000002 40.920000000000009 2.5000000000000004 28.855000000000004 -11.939999999999998 1.5000000000000002 2.5000000000000004 4.154761904761906 51.500000000000007 0.075925925925926022 6.9050000000000011 0.36666666666666675 25.675500000000003 48.730000000000011 4.4616666666666687 0.22500000000000003 3.9500000000000006 1.0000000180025095e-35
decision_type=8 2 2 8 2 8 10 2 2 2 2 10 2 2 2 2 2 2 2 10 2 10 2 10 2 2 2 8 8 8
left_child=1 -1 3 9 -4 24 7 8 -7 -2 11 -11 13 -12 15 16 -5 -17 19 20 21 26 23 -16 25 -6 28 -24 29 -19
right_child=2 -3 4 14 5 6 -8 -9 -10 10 12 -13 -14 -15 22 17 -18 18 -20 -21 -22 -23 27 -25 -26 -27 -28 -29 -30 -31
leaf_value=0.0013573994052977309 0.00086957778512839661 -0.00075552016211977505 -0.0012087568132243198 -0.013133931575257315 -0.0033949129584884179 0.075757493082208499 -0.0096667879941676627 0.0040046054514412243 0.024210625866672608 0.12270899635548441 0.024130649140823919 -0.014496069291185392 0.0086778700619363804 0.079129113755755848 -0.0017747030657267646 -0.0083209855895723037 0.017836045137894069 -0.0047099077039370104 -0.0013020534977795141 -0.015731923427541036 0.062184720650674388 -0.0080224078472314834 -0.0080489262157894051 0.02850079431639033 -0.010844972756429868 0.0142957096645486 0.0039431006963473935 -0.038580115691139762 0.071197675635445462 0.067498568008771104
leaf_weight=9770.0242545893416 252.04568466776982 6563.221247125417 12338.064063850325 25.262347057461739 138.8093449100852 7.7833988368511191 26.897868432104588 41.987161971628666 66.59703117609024 1.4313777666538943 52.518769573420286 31.98484327364713 225.95442089997232 7.8504271730780593 522.99670284800231 141.73257949575782 122.84776347130537 10.687907725572591 125.57652389258146 13.90516100078821 11.605650588870047 16.770549327135086 164.33444992639124 26.055987272411585 85.604869492352009 98.518707744777203 16.611992657184601 15.293535015545784 8.9629120379686338 7.5647789835929862
leaf_count=66179 2614 39745 108298 155 790 45 148 233 372 19 442 978 1634 64 4172 924 731 59 702 78 60 84 1373 191 488 560 82 135 48 40
internal_value=-2.45861e-05 0.000508361 -0.000620546 0.00207046 -0.000999263 0.00454506 0.0147288 0.0203678 0.0296046 0.0066117 0.0111381 -0.00861892 0.0134439 0.0312827 -4.02489e-05 0.00408507 0.0125537 0.000536053 0.00646622 0.017795 0.0242517 0.0169869 -0.00287957 -0.000337941 2.71472e-05 0.00394875 0.0265566 -0.0106484 0.0403596 0.0252167
internal_weight=30939.5 16333.2 14606.3 1801.99 12804.3 466.198 143.265 116.368 74.3804 571.786 319.74 33.4162 286.324 60.3692 1230.21 501.528 148.11 353.418 211.685 86.109 72.2038 60.5981 728.681 549.053 322.933 237.328 43.8276 179.628 27.2156 18.2527
internal_count=231443 105924 125519 14585 110934 2636 798 650 417 5751 3137 997 2140 506 8834 2963 886 2077 1153 451 373 313 5871 4363 1838 1350 229 1508 147 99
is_linear=0
shrinkage=0.04


Tree=150
num_leaves=31
num_cat=0
split_feature=27 9 13 7 23 22 11 28 0 20 1 14 28 14 6 22 3 1 1 6 6 6 1 22 6 20 3 3 27 7
split_gain=6.47913 7.7113 7.0198 9.77958 8.99106 10.3909 9.85593 9.68232 9.65928 13.944 9.4923 12.349 16.3808 14.3031 14.4825 12.4046 14.4597 10.7504 9.45128 9.2045 10.7766 14.6655 8.62804 8.48822 11.6447 8.23021 8.02986 7.84927 9.92623 7.73343
threshold=-2.7274999999999991 28.500000000000004 0.15476190476190479 -17.332666666666665 2.5000000000000004 2.750833333333333 1.5000000000000002 4.5000000000000009 5.5000000000000009 15.860000000000001 37.965000000000011 -0.084444444444444391 5.5000000000000009 -0.067658730158730182 33.685000000000009 -9.9741666666666653 6.8950000000000005 37.150000000000006 71.825000000000017 26.495000000000001 44.240000000000002 41.615000000000002 12.880000000000001 -35.472499999999989 29.135000000000002 35.965000000000011 6.6850000000000014 6.8150000000000004 0.059999999999999838 0.5966666666666659
decision_type=2 2 8 2 2 2 2 2 2 2 2 10 2 10 2 2 2 2 2 2 2 2 2 2 2 2 2 2 2 2
left_child=1 -1 3 -2 5 7 -6 27 -7 -10 11 17 15 -14 -15 16 -13 23 26 -19 21 29 -17 24 -8 -24 -12 -5 -29 -21
right_child=2 -3 -4 4 6 8 10 -9 9 -11 18 12 13 14 -16 22 -18 19 -20 20 -22 -23 25 -25 -26 -27 -28 28 -30 -31
leaf_value=-0.017765018173403976 -0.011218083713978935 0.021086685691258295 -0.00028695153651364641 0.011064119053555619 0.006089783639048974 0.0030435592647827291 -0.025107885517592844 -0.0020071578099401925 0.098894165730514155 0.014983754772893215 0.011211195237557797 0.013718352337108835 0.0026677465604322387 0.03596335674757465 0.14590743832301337 0.043724970073006172 0.068666712859178095 -0.016108349007528763 0.057957565005681728 0.033257145751582992 -0.020873752627120285 0.095688449246476376 -0.0061074784143843319 -0.00074852437806965098 0.055628637777180842 0.036874343544784811 -0.0063983093262580497 0.073533900009198239 0.019890316062095174 0.0032596489885962816
leaf_weight=58.918722116854042 94.625336542725563 9.4904873026534897 26805.793440283276 14.562544375658034 467.84487773431465 818.94997105747461 4.1069419691339126 17.862180217634887 3.3569820132106534 56.483827613294125 44.834865345619619 36.81087058968842 5.0006731124594808 3.928606868721543 3.7437919303774834 6.8507663309574118 9.6767602320760471 13.433404547162352 3.8324158862233153 32.44381906837225 8.9717344623059017 4.4865127401426426 90.147953508421779 1741.4972227881663 9.4013290461152774 7.7398788817226878 545.85472228517756 11.993619795888664 10.223783180117605 23.865487117320299
leaf_count=5283 978 141 186167 107 4688 5397 62 192 59 709 416 316 70 60 46 48 94 153 43 364 84 50 662 18996 105 50 5855 85 66 260
internal_value=-7.85972e-05 -0.0123751 -5.13726e-05 0.00149165 0.00179248 0.00522952 0.000745558 0.0221544 0.00417716 0.019691 -0.000217333 0.00110056 0.0116212 0.0553042 0.0896112 0.00796047 0.0251563 0.000162517 -0.00465547 0.0142117 0.0200497 0.0260888 0.000328206 -0.000503524 0.0310822 -0.00270895 -0.0050617 0.0338884 0.0488487 0.0205434
internal_weight=30966.7 68.4092 30898.3 4092.53 3997.91 933.433 3064.47 54.6421 878.791 59.8408 2596.63 2002.11 163.899 12.6731 7.6724 151.226 46.4876 1838.21 594.522 83.201 69.7676 60.7958 104.739 1755.01 13.5083 97.8878 590.69 36.7799 22.2174 56.3093
internal_count=231606 5424 226182 40015 39037 6615 32422 450 6165 768 27734 21420 1346 176 106 1170 410 20074 6314 911 758 674 760 19163 167 712 6271 258 151 624
is_linear=0
shrinkage=0.04


Tree=151
num_leaves=31
num_cat=2
split_feature=7 30 9 20 7 0 20 11 1 15 27 13 30 3 7 14 28 9 27 1 6 0 9 18 26 3 6 26 29 1
split_gain=7.64418 5.53095 6.72749 7.49028 4.97275 9.96193 6.65541 9.79422 10.2036 24.5906 11.5668 10.056 10.7692 8.82026 8.85396 8.161 7.68539 8.36025 7.63832 8.02893 6.56017 6.315 10.6563 9.28633 8.70282 9.63764 8.52023 8.1392 11.8697 11.1544
threshold=-27.96833333333333 0 45.500000000000007 35.310000000000009 8.9316666666666684 1.5000000000000002 44.265000000000008 4.5000000000000009 21.165000000000003 2.5000000000000004 -0.25083333333333341 0.38750000000000007 1 6.8050000000000006 10.78166666666667 0.083333333333333329 2.5000000000000004 43.500000000000007 -0.079999999999999391 23.175000000000004 54.585000000000001 5.5000000000000009 64.500000000000014 0.22500000000000003 8.1250000000000018 6.955000000000001 26.625000000000004 4.3450000000000006 5.5050000000000008 41.32500000000001
decision_type=2 1 2 2 2 2 2 2 2 10 2 10 1 2 2 10 2 2 2 2 2 2 2 8 2 2 2 2 2 2
left_child=1 2 3 -1 20 6 7 -6 9 -9 -11 -10 13 16 -15 -16 -13 -18 -8 -20 21 -2 23 -23 25 26 -25 28 29 -28
right_child=4 -3 -4 -5 5 -7 18 8 11 10 -12 12 -14 14 15 -17 17 -19 19 -21 -22 22 -24 24 -26 -27 27 -29 -30 -31
leaf_value=-0.0087722715206532114 5.2354624514451465e-05 -0.013908497815224203 -0.027092860849563194 0.048332041840366255 -0.0076277378156223629 0.0024320623398789909 -0.044504477894745459 -0.017736045943348648 -0.0055915450382464753 0.029054824050764309 0.098569262143345548 -0.017935499233889443 -0.0051809409484418921 0.064918510582519073 -0.0052406212097936278 0.03940001038754011 0.0015227283847054 0.053182936442032709 -0.027792033884616006 -0.0039019530686131699 0.035165691545804907 -0.004086284903134927 0.05918968563529961 0.010283042799815371 0.046212856349860179 -0.010948458732534699 0.0046526590227323559 -0.00079030404659456146 0.1175295808688982 0.10777150741667745
leaf_weight=6.2522780955769148 24736.780911636539 89.648753918707371 5.4289834126830092 8.9164099767804128 187.69871978648007 2973.9196132007055 9.4713239744305593 11.084610208868982 139.66579270362854 8.516933932900427 6.9593007564544669 13.037475667893885 47.833477303385735 10.769878439605234 10.672891587018968 16.972267411649227 13.258663982152941 8.0585705488920194 26.638689756393433 145.16510172188282 8.4236404271796328 1535.3098552995361 4.5334690138697615 164.15635669603944 6.7688334360718718 101.06038700509816 17.022598032839603 609.06487241946161 1.9899738654494274 1.8619690211489786
leaf_count=69 170704 712 45 61 1190 20975 65 70 881 52 42 91 310 68 67 108 85 48 208 1125 63 25482 51 1583 37 1070 438 5520 34 46
internal_value=1.9777e-05 -0.0104942 0.00748472 0.0247946 5.73907e-05 0.00144801 -0.00301443 -0.000523864 0.00412484 0.0277414 0.0603138 0.00171474 0.0101759 0.0184472 0.0341517 0.0221657 0.00625632 0.0210519 -0.00953406 -0.00760618 -0.000128271 -0.00013921 -0.00207989 -0.00219385 0.00102756 0.000685884 0.00216653 5.14366e-05 0.0246112 0.0148199
internal_weight=30926.9 110.246 20.5977 15.1687 30816.7 3629.72 655.804 474.529 286.83 26.5608 15.4762 260.269 120.603 72.7697 38.415 27.6452 34.3547 21.3172 181.275 171.804 27187 27178.5 2441.77 2437.23 901.925 895.156 794.096 629.939 20.8745 18.8846
internal_count=231300 887 175 130 230413 25385 4410 3012 1822 164 94 1658 777 467 243 175 224 133 1398 1333 205028 204965 34261 34210 8728 8691 7621 6038 518 484
cat_boundaries=0 1 2
cat_threshold=320 309
is_linear=0
shrinkage=0.04


Tree=152
num_leaves=31
num_cat=4
split_feature=12 9 30 0 0 22 11 12 4 20 4 20 30 19 27 19 14 6 3 27 4 4 1 28 1 22 1 31 8 5
split_gain=5.58259 10.6231 8.87568 14.7946 10.5241 12.4825 11.6673 12.733 8.80109 14.4739 7.66803 7.39591 7.24132 13.4059 9.12626 13.8328 11.1653 10.4846 12.619 14.2423 13.0248 19.916 8.68676 7.85102 8.39363 6.9459 7.57858 13.4892 6.65614 7.52978
threshold=4.7071428571428582 52.500000000000007 0 1.5000000000000002 3.5000000000000004 -15.888999999999998 2.5000000000000004 4.8944444444444457 -0.10499999999999997 16.475000000000005 -0.0033333333333334099 13.260000000000002 1 2 -1.0683333333333338 3 -0.3332936507936507 30.785000000000004 6.7150000000000007 -1.7818333333333334 0.033333333333332778 0.040000000000000487 33.165000000000006 5.5000000000000009 31.905000000000005 -4.1241666666666648 33.085000000000008 3.5000000000000004 2.5000000000000004 3.5000000000000004
decision_type=10 2 1 2 2 2 2 8 2 2 2 2 1 1 2 1 10 2 2 2 2 2 2 2 2 2 2 2 2 2
left_child=-1 8 11 10 -5 -6 -7 -8 9 -2 -4 -3 13 -10 15 -15 -17 18 -18 20 -20 -22 -23 -21 -25 -16 -27 -28 29 -19
right_child=1 2 3 4 5 6 7 -9 12 -11 -12 -13 -14 14 25 16 17 28 19 23 21 22 -24 24 -26 26 27 -29 -30 -31
leaf_value=6.392909488769982e-05 -0.0096133109590628082 0.034380586562848724 0.020047061094794434 -0.0077424573494489467 -0.043168661775389028 0.00068373737764118581 0.11924980132512733 0.029179130833347836 -0.0094796166728372197 0.096928997011012916 0.07247880995832838 -0.015988122313458392 -0.0096156149045125393 -0.0064195802372613089 -0.010557465158422617 -0.018263680770198906 0.14091027762809591 0.014581452098439423 -0.015111003036907416 0.040240376597384685 0.29095146195695121 -0.041086876736246829 0.14094444214176771 0.060145606825081285 0.16616658341168608 -0.0072452489633241636 0.032353700606919375 -0.015792951135945348 0.000274817312724225 0.063969399296835511
leaf_weight=30071.834092373028 4.7470775544643384 5.4603958539664736 7.9608694091439274 29.839381478726864 3.1190970456227687 6.1359548829495933 4.6496546640992138 5.4601773116737613 193.04950754437596 3.5777561254799366 10.156790200620888 31.994142973795533 325.89972739713266 39.155213124584407 75.693704098463058 8.041449942160396 2.3900850987993207 12.347576318308713 7.6073579373769498 4.245360810309645 0.60161570785567198 1.1500758333131669 0.66026820335537184 2.3105578804388642 2.4741383381187916 35.935487482696772 30.278955629095435 13.444583799690006 16.568423349875957 8.232312692794947
leaf_count=215178 119 64 51 240 61 81 70 84 3649 27 69 312 6559 1384 728 303 79 346 417 64 35 82 52 42 41 299 224 108 574 297
internal_value=-2.86331e-05 -0.00314502 0.00882127 0.016141 0.00716018 0.0301237 0.0441954 0.0706039 -0.00473528 0.0361753 0.0494404 -0.00682326 -0.00517187 -0.0017334 0.00413152 0.0133517 0.0225495 0.0320002 0.054274 0.043404 0.010569 0.0915642 0.0253035 0.079836 0.114968 -0.00188081 0.00636394 0.0175491 0.0191453 0.0343375
internal_weight=30965 893.188 104.776 67.3219 49.2043 19.3649 16.2458 10.1098 788.411 8.32483 18.1177 37.4545 780.086 454.187 261.137 105.784 66.6292 58.5878 21.4395 19.0494 10.0193 2.41196 1.81034 9.03006 4.7847 155.353 79.659 43.7235 37.1483 20.5799
internal_count=231639 16461 1032 656 536 296 235 154 15429 146 120 376 15283 8724 5075 3716 2332 2029 812 733 586 169 134 147 83 1359 631 332 1217 643
cat_boundaries=0 1 2 3 4
cat_threshold=296 103 14303239 263344
is_linear=0
shrinkage=0.04


Tree=153
num_leaves=31
num_cat=1
split_feature=0 27 14 5 4 1 29 22 11 15 31 8 23 12 4 30 12 13 23 22 27 14 7 1 7 11 1 12 12 21
split_gain=7.69595 8.33386 8.92803 8.70821 8.20631 7.39012 6.90338 9.12415 6.54159 9.21313 9.7156 10.9416 9.09535 9.57728 6.50912 6.43699 9.18133 11.8548 12.495 16.1648 10.847 8.50122 8.14168 6.6705 11.3652 6.39346 6.71557 6.77318 7.24921 6.97149
threshold=5.5000000000000009 0.4033333333333336 0.38396164021164031 1.5000000000000002 -0.016666666666667048 19.265000000000004 5.4650000000000007 -8.7526666666666646 1.5000000000000002 2.5000000000000004 3.5000000000000004 2.5000000000000004 4.5000000000000009 4.1833333333333345 -0.043333333333333439 0 4.1055555555555561 0.31666666666666671 4.5000000000000009 -1.9400000000000028 -0.20166666666666686 0.20013227513227516 5.0383333333333331 43.495000000000005 -1.543333333333331 8.5000000000000018 39.605000000000011 3.9500000000000006 3.4365079365079372 55.605000000000011
decision_type=2 2 10 2 2 2 2 2 2 10 2 2 2 10 2 1 10 8 2 2 2 10 2 2 2 2 2 10 8 2
left_child=-1 2 3 4 8 -5 7 -6 9 -2 12 -12 -11 -14 15 16 17 18 19 -10 -21 -19 -20 -17 -25 -3 27 28 29 -27
right_child=1 25 -4 5 6 -7 -8 -9 14 10 11 -13 13 -15 -16 23 -18 21 22 20 -22 -23 -24 24 -26 26 -28 -29 -30 -31
leaf_value=0.0001571947484577902 -0.015775452816825755 0.0014125699869440536 0.040576167698749104 -0.018092679371104606 0.076990093808672111 -0.0052969931475786471 0.10346931112241095 -0.029497528742041382 0.13870216395583387 -0.019788913536680369 0.15127784841258823 0.026956666677273301 0.14024666369089298 0.018809139707731536 -0.011569690257266839 -0.0083836911663609393 -0.017975301930605002 -0.001848551220484733 -0.017654066744238354 -0.011681481444419661 0.078568453366924737 0.050347381272882734 0.067472454757601621 -0.030012902777599663 0.070881865100279356 0.0019311818776845764 -0.017368338382474185 0.025442846637328716 -0.01984441708404874 -0.015456799981677464
leaf_weight=28183.484841640107 6.9745993139222291 1164.4726959951222 7.0267398469150057 78.102408593520522 2.3464989517815411 958.50781579315662 2.1725822724401951 2.8523240573704234 3.7321096919476977 5.0122690503485483 2.2509428886696687 2.2800181340426207 1.5200908258557317 3.2838804828934371 68.147493311204016 76.756576453801244 12.948844709433613 33.008588720113039 6.2685935460031015 3.7853423207998267 4.8747595697641399 5.8823256082832804 2.5204291716217995 2.9454502584412694 4.5391900283284476 207.64700318127871 56.339901261031628 13.426109801977871 38.249194752424955 44.86449833214283
leaf_count=193362 86 8491 78 1805 61 20994 29 44 54 77 47 52 20 124 1266 1215 361 411 101 56 55 64 38 46 72 1729 479 130 371 345
internal_value=-4.22418e-05 -0.0020335 -0.00438958 -0.00463437 0.00200172 -0.00626107 0.0435896 0.0185659 0.000759232 0.0219362 0.040269 0.0887184 0.0179058 0.0572349 -0.00124393 0.00323061 0.01106 0.0191598 0.0432378 0.0691108 0.0391201 0.00604618 0.00675768 -0.00435222 0.0311765 -2.85399e-05 -0.00468321 -0.00233374 -0.00361634 -0.00115819
internal_weight=31006.2 2822.74 1297.74 1290.71 254.103 1036.61 7.37141 5.19882 246.732 21.3218 14.3472 4.53096 9.81624 4.80397 225.41 157.262 73.021 60.0721 21.1812 12.3922 8.6601 38.8909 8.78902 84.2412 7.48464 1525 360.527 304.187 290.761 252.512
internal_count=232063 38701 27156 27078 4279 22799 134 105 4145 406 320 99 221 144 3739 2473 1140 779 304 165 111 475 139 1333 118 11545 3054 2575 2445 2074
cat_boundaries=0 1
cat_threshold=396
is_linear=0
shrinkage=0.04


Tree=154
num_leaves=31
num_cat=3
split_feature=4 27 9 27 19 4 14 21 1 12 19 9 27 26 14 4 14 1 19 9 14 1 16 27 0 9 22 22 12 6
split_gain=5.60961 13.5689 10.5032 10.0269 8.18681 11.2382 16.8134 8.16486 8.73078 7.33085 10.0685 9.45182 8.17507 9.19934 7.69357 7.55465 7.31774 13.5811 6.97674 10.7801 9.2814 11.9315 6.93469 7.02803 6.92549 9.53707 16.471 12.0694 6.76308 6.59502
threshold=0.068333333333333815 -1.2363333333333328 48.500000000000007 -0.16366666666666682 0 0.091666666666667243 0.30965608465608474 52.410000000000004 34.555000000000007 2.3541666666666674 1 53.500000000000007 -0.051833333333333613 4.9450000000000012 0.24074074074074076 0.098333333333334064 -0.25413359788359774 38.385000000000012 2 52.500000000000007 1.0000000180025095e-35 32.875000000000007 0.70833333333333337 1.9300000000000002 1.5000000000000002 40.500000000000007 7.6650000000000018 2.6016666666666688 4.8819444444444455 33.270000000000003
decision_type=2 2 2 2 1 2 10 2 2 8 1 2 2 2 10 2 10 2 1 2 8 2 10 2 2 2 2 2 8 2
left_child=-1 -2 4 18 16 22 7 -7 -9 11 12 -5 13 -11 -12 -14 17 -3 19 -4 21 -21 23 -6 25 27 -27 -18 -20 -26
right_child=1 2 3 9 5 6 -8 8 -10 10 14 -13 15 -15 -16 -17 24 -19 28 20 -22 -23 -24 -25 29 26 -28 -29 -30 -31
leaf_value=-3.1621350599055519e-05 -0.019972989926021117 0.0050799338058052394 -0.013069581622504671 0.04593954244665642 -0.012522503930784691 -0.0052985767664758378 0.075109247501660023 -0.00097496846725517161 0.064036085967698483 0.013080665535904036 -0.0034222650452411618 -0.0056690904730990225 0.0058174618810856371 0.093233154283185599 0.03536971581003779 0.031865029357663346 0.026461424172850148 0.078078861977139799 -0.010702085978577669 0.023977278389954546 -0.014871710505541843 0.10793754142801647 -0.034684124241096466 0.026915687866546044 -0.0073053835134975556 0.0056048794299472385 0.079173664340219913 -0.023080496225031943 0.02387115942875255 0.0015783178656863883
leaf_weight=29454.87505635852 68.151599837932736 19.458313459530476 11.234371686354281 16.981238879263405 235.74729341082275 108.29419513419271 4.7431835383176795 7.4664598852395994 5.930476687848568 4.6245729625225049 135.72596970573068 8.5301103442907316 63.699833691120148 4.5405692644417286 8.7048414722084981 24.732877116650343 13.814891032874582 5.1588685009628525 128.46528064273298 6.9311125446110928 3.8784964941442022 4.4447800684720278 22.165063612163067 7.4584218934178343 291.93395463004708 13.075340859591963 7.7582372575998297 18.277307152748108 9.7391378786414844 246.68788706324995
leaf_count=217451 1783 217 141 102 2107 1004 30 58 41 41 994 52 433 41 54 169 95 58 1461 83 44 54 152 41 2495 86 50 121 113 1977
internal_value=-0.000153458 -0.00253265 -0.00170736 0.00350907 -0.00394425 -0.0083753 0.00122543 -0.00165435 0.0278037 0.00828907 0.00613938 0.0286834 0.0152653 0.0527896 -0.00101406 0.0131025 -0.000974897 0.0203779 -0.00425593 0.012098 0.0385638 0.0567822 -0.0132651 -0.011313 -0.00187997 0.011927 0.0330012 -0.00175393 -0.00770802 -0.00323666
internal_weight=30963.2 1508.35 1440.2 432.233 1007.97 391.805 126.434 121.691 13.3969 267.54 242.029 25.5113 97.5979 9.16514 144.431 88.4327 616.165 24.6172 164.693 26.4888 15.2544 11.3759 265.371 243.206 591.548 52.9258 20.8336 32.0922 138.204 538.622
internal_count=231548 14097 12314 3782 8532 3433 1133 1103 99 1886 1732 154 684 82 1048 602 5099 275 1896 322 181 137 2300 2148 4824 352 136 216 1574 4472
cat_boundaries=0 1 2 3
cat_threshold=13919495 5267685 4743168
is_linear=0
shrinkage=0.04


Tree=155
num_leaves=31
num_cat=0
split_feature=16 21 4 3 29 29 9 7 13 20 14 26 7 27 12 15 26 20 4 5 3 4 14 24 21 7 20 9 0 9
split_gain=5.6885 9.26356 8.8681 8.87216 8.01496 11.539 8.259 10.6872 7.5538 7.1392 6.9708 6.88133 6.89909 9.19395 10.2146 12.8227 6.78228 6.61737 10.4734 7.02825 6.94906 6.72228 6.50336 12.7911 11.8427 7.4455 6.9471 7.32483 6.48958 22.7546
threshold=1.0000000180025095e-35 80.085000000000022 -0.036666666666667506 6.6850000000000014 4.9650000000000007 1.655 20.500000000000004 2.036666666666664 0.21111111111111114 55.455000000000005 -0.39976851851851841 5.9250000000000007 8.5466666666666669 -0.46333333333333354 5.3875000000000011 5.5000000000000009 5.0250000000000012 50.425000000000004 -0.068333333333332899 1.5000000000000002 6.5850000000000009 -0.048333333333332444 -0.016666666666666701 1.5000000000000002 18.545000000000005 -4.1649999999999965 24.650000000000002 38.500000000000007 1.5000000000000002 41.500000000000007
decision_type=8 2 2 2 2 2 2 2 10 2 10 2 2 2 10 8 2 2 2 2 2 2 10 2 2 2 2 2 2 2
left_child=1 2 4 8 5 11 7 -7 10 -5 -4 12 16 14 -14 -16 -1 20 -19 21 -6 -20 -8 24 -24 -25 -27 -28 29 -2
right_child=28 -3 3 9 17 6 22 -9 -10 -11 -12 -13 13 -15 15 -17 -18 18 19 -21 -22 -23 23 25 -26 26 27 -29 -30 -31
leaf_value=-0.0097785231600130244 -0.0036009010406788302 0.050802981944987148 0.046312294029690969 -0.0016243112895496445 0.033078681258322903 0.010691446465817668 0.0060709381516058638 0.12888935061326445 -0.026438549519134234 -0.020605425143609312 -0.0080528390715895719 0.05091499790972364 -0.033013409025229375 0.055524208545085017 0.18049963075788047 -0.040773900039133969 -0.046089188542260996 -0.01835029345121519 0.022565630526238195 -0.00014560703483006981 -0.0055067387160135936 0.080131257098780287 0.0095159717853567794 -0.027993261079190611 0.078165523197398099 0.037952861373794479 -0.026764276466262924 0.028708467751617991 0.00046996484329337585 0.0020345212994878461
leaf_weight=57.259379161056131 2659.7812595888972 5.43661855906248 3.8750651427544645 3386.2816053382121 7.68278719857335 2.9386795829050234 302.32196284132078 2.0975917698815465 38.893133245408535 32.004546068608761 144.19267133483663 3.1161052137613288 6.6466136891394836 5.6093789860606185 0.8983204658143219 0.7853610976599158 9.6121881380677205 9.8952123448252696 6.9819091483950642 7.0920717418193808 267.02122966386378 6.0653357878327361 6.7722179219126728 7.3556724078953257 9.895734313875435 13.550823688507082 8.3133455365896207 7.0284134447574607 21873.213417002 2014.8028529062867
leaf_count=1292 19069 33 46 35686 53 68 2603 51 274 216 1512 20 114 34 50 61 66 66 45 47 1772 39 47 52 64 90 55 45 154396 13176
internal_value=-3.90556e-05 -0.00137817 -0.00144332 -0.00226609 0.00251732 0.00594469 0.00905632 0.0599205 -0.0107508 -0.00180203 -0.00663005 -0.00741261 -0.00966174 0.0159368 -0.0107203 0.0772856 -0.0149979 -0.00247858 0.0153477 0.0319048 -0.0044276 0.0493264 0.00833521 0.0212715 0.0502731 0.00793576 0.0170828 -0.00135093 0.000180851 -0.00117197
internal_weight=30907.4 4359.62 4354.19 3605.25 748.94 444.202 360.274 5.03627 186.961 3418.29 148.068 83.9273 80.8112 13.9397 8.3303 1.68368 66.8716 304.739 30.0345 20.1393 274.704 13.0472 355.238 52.9162 16.668 36.2483 28.8926 15.3418 26547.8 4674.58
internal_count=231142 44501 44468 37734 6734 4712 3075 119 1832 35902 1558 1637 1617 259 225 111 1358 2022 197 131 1825 84 2956 353 111 242 190 100 186641 32245
is_linear=0
shrinkage=0.04


Tree=156
num_leaves=31
num_cat=9
split_feature=20 10 0 19 19 26 30 27 19 0 19 7 19 14 24 13 19 7 14 14 30 26 11 15 6 5 0 24 14 29
split_gain=6.45558 16.8504 18.2174 15.6409 10.1492 10.8391 10.2016 10.1407 11.9961 9.95922 16.1112 12.4277 16.7199 11.1774 10.7382 9.90594 12.3192 10.7333 9.85109 12.5753 9.24389 10.8696 9.15388 8.8679 11.2624 8.3841 8.36012 9.59741 10.4025 9.5027
threshold=47.145000000000003 0 1.5000000000000002 1 2 5.455000000000001 3 -0.008333333333333524 4 2.5000000000000004 5 8.9316666666666684 6 -0.3164351851851851 6.5000000000000009 0.38750000000000007 7 17.634166666666669 -0.28353174603174591 -0.26643518518518511 8 6.3350000000000009 1.5000000000000002 2.5000000000000004 41.985000000000007 5.5000000000000009 1.5000000000000002 3.5000000000000004 0.36679894179894185 5.6950000000000012
decision_type=2 1 2 1 1 2 1 2 1 2 1 2 1 10 2 10 1 2 8 8 1 2 2 10 2 2 2 2 8 2
left_child=1 2 3 20 5 -4 -6 8 -2 10 14 -11 13 -13 22 16 -9 25 -7 -20 21 23 26 -1 -25 -18 27 28 -3 -28
right_child=7 9 4 -5 6 18 -8 15 -10 11 -12 12 -14 -15 -16 -17 17 -19 19 -21 -22 -23 -24 24 -26 -27 29 -29 -30 -31
leaf_value=0.028442935206161427 0.0017445398581391498 0.0062444345793587295 0.039302006743351464 -0.0076784838515880742 0.0098279214053191791 -0.030478848619815761 0.0035915157713986867 -0.0060391208625169279 -0.011174294204557674 -0.0013261375669379903 -0.00069689834872644491 -0.04276735581834392 0.0055843132681425347 -0.0027214018291239084 0.014257981999431419 -0.0013886480131763976 0.0065839693841078144 -0.023928384504619326 0.053565456017609869 0.0010274389301502215 -0.0048573700809466051 -0.00079849077379222247 0.0017752087897485982 -0.0041323487071116089 0.054371194101074688 -0.0057253733243917849 0.0099003554331143027 -0.033307325416714766 -0.048410115881789118 0.034332598098280369
leaf_weight=60.618726745247841 182.03528704121709 124.20621271431446 11.897235019132493 428.53177097439766 704.2431588768959 15.764041744172571 1125.1208237465471 204.29094506800175 309.88558678887784 10519.751277629286 4507.4309565462172 11.439351710025219 971.27796378498897 443.521334300749 126.71032974123955 5010.7233011648059 835.38386829942465 20.57377640157938 7.3342702127993107 1191.6565904486924 109.21276515722275 83.160182975232601 3465.6490868479013 35.669659376144409 6.1765137761831275 99.028293032199144 211.33225598186255 12.203464485704897 5.8336444571614257 28.96119736135006
leaf_count=419 1425 814 83 3127 4338 136 6948 1273 2436 101324 28032 178 8233 3848 772 29694 5185 123 58 7373 769 612 21283 241 41 675 1181 80 42 141
internal_value=4.42688e-05 0.000347717 0.00279743 -0.00290325 0.00415595 0.00129732 0.0060327 -0.00105838 -0.00658537 -0.000106814 0.000941251 -0.000851089 0.0026528 -0.00364812 0.0027936 -0.000617729 0.0027144 0.00460201 0.000935784 0.00134882 0.00415676 0.00943742 0.00242336 0.0186659 0.0045028 0.00527943 0.00829542 0.000609698 0.00379261 0.012845
internal_weight=30869.6 24207.7 3779.39 723.37 3056.02 1226.65 1829.36 6661.92 491.921 20428.3 8482.33 11946 1426.24 454.961 3974.9 6170 1159.28 954.986 1214.75 1198.99 294.838 185.625 3848.19 102.465 41.8462 934.412 382.537 142.243 130.04 240.293
internal_count=230884 190073 24145 5209 18936 7650 11286 40811 3861 165928 52345 113583 12259 4026 24313 36950 7256 5983 7567 7431 2082 1313 23541 701 282 5860 2258 936 856 1322
cat_boundaries=0 1 2 3 4 5 6 7 8 9
cat_threshold=1 635431 7506820 393 34203 14692257 8721186 262661 188
is_linear=0
shrinkage=0.04


Tree=157
num_leaves=31
num_cat=6
split_feature=26 27 5 22 1 19 6 29 27 14 12 12 7 19 15 19 5 19 5 7 2 16 14 1 6 30 7 19 7 22
split_gain=6.60506 11.0934 6.30267 9.31111 7.73381 6.18739 11.4339 23.9443 6.61697 25.0109 8.57952 5.64911 5.58311 10.1609 10.623 12.667 9.00377 10.8859 13.7072 12.2072 8.97338 9.08872 8.67116 8.60062 8.51531 11.4639 8.46356 8.40801 8.90052 8.50094
threshold=1.0000000180025095e-35 -2.879166666666666 3.5000000000000004 -0.65499999999999925 30.790000000000003 0 41.985000000000007 1.2550000000000001 -3.1941666666666659 -0.21679894179894174 5.2111111111111121 4.0500000000000007 -6.9833333333333316 1 2.5000000000000004 2 4.5000000000000009 3 3.5000000000000004 -7.2183333333333346 1500.0000000000002 1.0000000180025095e-35 -0.21666666666666656 57.465000000000011 27.435000000000006 4 -27.96833333333333 5 -0.70666666666666511 -9.9741666666666653
decision_type=2 2 2 2 2 1 2 2 2 10 8 8 2 1 10 1 2 1 2 2 2 8 10 2 2 1 2 1 2 2
left_child=2 5 4 -4 -1 6 8 -8 9 10 -2 -7 13 24 15 -15 17 26 20 22 21 -19 -20 -14 -3 -26 -16 28 -25 -30
right_child=1 12 3 -5 -6 11 7 -9 -10 -11 -12 -13 23 14 16 -17 -18 18 19 -21 -22 -23 -24 27 25 -27 -28 -29 29 -31
leaf_value=0.093408167334441072 0.18272099347589307 -0.00024734907803905689 -0.041813301275539116 0.050714271615605239 0.011188084317232878 0.087480369880194961 -0.040792314696449429 0.28608058451456214 -0.04065879445329329 0.32000080306450779 -0.025578589379860132 -0.035297068088744256 0.00040615386691026165 0.0048556135728340952 0.036179304798469925 -0.0036479586914150283 -0.010125713614153478 0.056787384277536934 0.030431992746116156 0.060342810558333307 -0.013899848863475931 -0.0037671713136299416 -0.0034996697747750479 0.019832033027843147 -0.0056167620195545723 0.010747372899736622 0.00023833637132900432 -0.015459014449500957 0.021731756604480183 -0.011719291723711854
leaf_weight=3.7426056363619846 0.35823815688490901 1705.468694313895 3.8361401222646236 3.1847701733931899 3.5826784227974713 0.6116380980238344 0.7016684985719619 0.73327386425808072 3.1212537721730755 0.44393728999420989 2.7075481717474759 30.468311693519354 26206.514909138437 475.17494682781398 10.716398876160381 653.68204426486045 426.23478814959526 5.7003287430852678 13.954924678429959 5.8921455582603803 291.87440072372556 13.032956153154371 88.274297789670527 28.372083712369204 88.366889830678701 253.59062639856711 481.73119396762922 98.575110243633389 14.657288943417369 71.2107565831393
leaf_count=67 31 13234 231 35 120 14 68 44 299 52 359 3224 190736 3128 80 4324 4260 51 156 51 2286 100 731 202 685 1938 3864 717 120 490
internal_value=0.000104633 9.20644e-05 0.0272396 0.000158329 0.0531956 -0.0211881 0.0106559 0.126244 0.0017126 0.0393942 -0.00123871 -0.0248768 0.000118995 -0.00118112 -0.00290347 -5.7813e-05 -0.00532709 -0.00308237 -0.00772308 0.00435893 -0.0121774 0.0146589 0.00113221 0.000341117 0.000903341 0.00666867 0.00100016 -0.00766768 0.000375604 -0.00600935
internal_weight=30986.5 30972.2 14.3462 7.02091 7.32528 39.1459 8.06592 1.43494 6.63098 3.50972 3.06579 31.0799 30933 4513.69 2466.27 1128.86 1337.41 911.177 418.729 108.121 310.608 18.7333 102.229 26419.3 2047.43 341.958 492.448 212.815 114.24 85.868
internal_count=231697 231244 453 266 187 4091 853 112 741 442 390 3238 227153 34888 19031 7452 11579 7319 3375 938 2437 151 887 192265 15857 2623 3944 1529 812 610
cat_boundaries=0 1 2 3 4 5 6
cat_threshold=134400 7617122 8406288 754824 132 13869528
is_linear=0
shrinkage=0.04


Tree=158
num_leaves=31
num_cat=4
split_feature=11 20 19 22 1 1 30 12 27 19 19 4 14 8 1 4 4 15 4 22 1 20 27 20 20 14 1 7 6 6
split_gain=5.47382 12.6122 9.00461 8.66497 15.7152 10.8576 9.12166 13.8096 13.8249 9.89328 9.76389 8.83766 8.83061 8.21228 9.45865 14.5559 8.59151 8.95463 19.7934 8.14692 13.4347 8.50905 8.07712 9.27807 16.3047 8.58296 12.0015 9.93948 7.72463 7.69407
threshold=1.5000000000000002 18.675000000000004 0 -20.858166666666659 40.665000000000006 43.495000000000005 1 3.5634920634920637 -0.25083333333333341 2 3 0.080000000000000529 -0.22037037037037027 4.5000000000000009 38.900000000000006 0.0081666666666668792 0.041666666666667414 5.5000000000000009 0.0099999999999993445 -18.884166666666662 31.975000000000005 17.060000000000006 1.1118333333333339 31.440000000000001 27.305000000000003 0.1480059523809524 26.010000000000002 -10.173333333333334 31.915000000000003 35.305000000000007
decision_type=2 2 1 2 2 2 1 8 2 1 1 2 10 2 2 2 2 8 2 2 2 2 2 2 2 10 2 2 2 2
left_child=1 3 22 4 -1 -6 7 8 -5 -8 12 19 -9 16 -15 -16 17 -11 -19 20 -12 29 25 24 -24 -3 28 -28 -27 -21
right_child=-2 2 -4 6 5 -7 9 10 -10 13 11 -13 -14 14 15 -17 -18 18 -20 21 -22 -23 23 -25 -26 26 27 -29 -30 -31
leaf_value=-0.021680300569279422 -0.00016231225398066884 0.0033249902523630661 -0.0019347775664982038 0.088130092363411738 0.10397540854496849 -0.010880411936239813 -0.004965499244622272 0.048407770903957426 0.013007361129393331 0.0081611935997220348 0.13507314854022817 0.075845370230897186 -0.012900021617162184 -0.014026473707160862 -0.011973721622184288 0.09850243809941478 0.048763702194925214 0.082320558301531066 -0.0332621885020076 0.01905139773807972 0.0083444645745196586 0.03559294566171306 -0.01922590940131599 -0.0075047530461192216 0.050800234590278173 0.070738858771738661 -0.039301789534950282 0.012792099077380815 0.018732679725706029 -0.003744460610764055
leaf_weight=31.64134255470708 28410.915583904833 606.62479192391038 1148.207119230181 8.2323817536234838 2.9432084639556697 2.3832203801721334 113.04528455343097 4.2120930482633403 7.4817686453461638 78.722032269928604 2.4240082586184135 4.2281401776708654 34.949888942297548 31.692743325605989 4.4744451008737078 3.3270598789677024 12.132898891810326 7.6596209080889803 3.433093149214983 57.079713875893503 2.9886480579152703 25.371307199820876 9.4012173116207141 159.22447122633457 12.254801049828528 9.168884854763748 6.2308275885879985 98.510603785514832 9.1101139113306981 40.497883818112314
leaf_count=814 212239 4292 7558 72 60 75 1148 62 48 742 42 47 336 363 49 42 142 103 69 611 61 193 52 1108 67 59 39 629 59 397
internal_value=-3.32634e-06 0.00177664 0.000416536 0.0076233 -0.0109799 0.0525851 0.0091794 0.015637 0.0523629 0.00366404 0.0131872 0.0176162 -0.00502332 0.0104335 -0.00431429 0.0351404 0.0171702 0.0129023 0.0465488 0.0170705 0.0650987 0.0149562 0.00336591 -0.00416375 0.0204008 0.00527866 0.0149124 0.00969315 0.0448194 0.00959037
internal_weight=30948.6 2537.65 2058.73 478.921 36.9678 5.32643 441.953 187.466 15.7142 254.487 171.752 132.59 39.162 141.442 39.4942 7.8015 101.948 89.8147 11.0927 128.362 5.41266 122.949 910.526 180.88 21.656 729.645 123.02 104.741 18.279 97.5776
internal_count=231578 19339 13863 5476 949 135 4527 1869 120 2658 1749 1351 398 1510 454 91 1056 914 172 1304 103 1201 6305 1227 119 5078 786 668 118 1008
cat_boundaries=0 1 2 3 4
cat_threshold=7398292 198 13156383 6557844
is_linear=0
shrinkage=0.04


Tree=159
num_leaves=31
num_cat=4
split_feature=20 19 1 26 16 14 7 7 18 4 21 7 26 19 19 29 17 20 21 27 13 4 11 26 19 29 22 4 4 4
split_gain=6.29919 14.7556 7.32805 6.7893 10.9093 10.6328 10.9805 7.56035 5.6795 12.7341 9.2808 8.95477 15.336 11.5005 8.76771 9.69823 9.42609 9.13574 12.9622 8.74947 16.7744 10.8546 8.32957 8.27179 7.87706 10.0905 7.75671 8.4881 8.33802 7.59729
threshold=57.455000000000005 0 40.665000000000006 7.5050000000000008 0.22500000000000003 0.25849867724867731 -0.12333333333333128 5.0383333333333331 0.55000000000000016 -0.094999999999999293 60.685000000000009 1.0000000180025095e-35 5.4350000000000014 1 2 7.1550000000000011 0.38750000000000007 51.570000000000007 33.025000000000013 1.0966666666666665 0.43650793650793657 -0.064999999999999933 6.5000000000000009 7.535000000000001 3 5.5250000000000012 27.621666666666666 -0.048333333333333332 -0.028166666666666892 0.081666666666667456
decision_type=2 1 2 2 8 10 2 2 10 2 2 2 2 1 1 2 10 2 2 2 10 2 2 2 1 2 2 2 2 2
left_child=8 -2 -3 4 -4 6 -6 -8 -1 10 -10 14 24 23 22 17 -17 19 -19 21 -21 -16 -11 -14 25 -13 27 -18 -28 -15
right_child=1 2 3 -5 5 -7 7 -9 9 11 -12 12 13 29 15 16 26 18 -20 20 -22 -23 -24 -25 -26 -27 28 -29 -30 -31
leaf_value=-0.00021661466919341039 -0.0092308139891714523 -0.0011906518254686479 -0.028010755977431707 -0.0034732865218515432 0.071172319202715176 0.0046155132604294158 -0.0099397939768691625 0.043018038470351863 -0.017062911571913888 -0.008943666181521804 0.028621354445956017 -0.01548653512666719 0.0026249060593955416 -0.0054428169659299884 0.032298177290294577 0.049591434744771061 0.045639862137540108 0.030722626745692507 -0.013335491895757627 0.069962944813487554 0.013885912866813649 0.0028631455970443676 0.0052317784248024548 0.038222795387652934 0.022752921561004613 0.039854187134141447 0.0022423264408267195 0.0001198460888010136 0.051657886699345026 -0.046321642853697428
leaf_weight=28161.837656369433 392.9736611135304 541.3708022236824 6.9195272065699092 33.095639958977699 11.764280796051027 22.334114238619804 7.2887529581785229 10.565492883324621 78.201558776199818 104.81371938437223 7.8270788416266432 24.779567442834381 342.62480254098773 426.96144276857376 21.828913800418377 15.13599296659231 7.6467966213822356 12.810390360653399 64.377229616045952 9.3808721452951414 94.638499639928341 245.28055282309651 180.60945310816169 10.772466525435446 56.60491462238133 6.6961800232529631 8.4849955365061778 45.875673606991768 15.341115109622477 7.4002218991518012
leaf_count=214563 2335 3195 46 200 76 125 42 56 479 631 47 185 2034 2512 138 90 46 75 381 53 521 1659 1172 60 406 49 49 275 81 45
internal_value=-0.000183409 -0.00326479 0.00057369 0.0110219 0.0191705 0.0254546 0.0411685 0.0213987 -7.78171e-05 0.0021082 -0.0129065 0.00286709 4.91253e-05 -0.00172077 0.00585428 0.00876806 0.0207238 0.00649726 -0.00602342 0.00910132 0.0189432 0.00526866 2.53525e-05 0.00360793 0.0158784 -0.002818 0.0150748 0.00662333 0.0340599 -0.00600111
internal_weight=30976.2 1026.31 633.339 91.9678 58.8722 51.9526 29.6185 17.8542 29949.9 1788.09 86.0286 1702.06 875.84 787.759 826.224 540.801 92.4846 448.316 77.1876 371.129 104.019 267.109 285.423 353.397 88.0807 31.4757 77.3486 53.5225 23.8261 434.362
internal_count=231626 6075 3740 545 345 299 174 98 225551 10988 526 10462 5291 4651 5171 3368 541 2827 456 2371 574 1797 1803 2094 640 234 451 321 130 2557
cat_boundaries=0 1 2 3 4
cat_threshold=1228903 2745234 8470823 1901002
is_linear=0
shrinkage=0.04


Tree=160
num_leaves=31
num_cat=8
split_feature=0 19 4 30 8 19 22 30 16 22 22 7 18 11 19 26 22 4 14 19 5 0 24 1 19 22 24 4 17 19
split_gain=8.69507 12.8642 13.2261 9.88492 9.85843 11.7076 14.0786 10.6074 11.5972 10.7425 12.6212 12.8889 9.63622 9.3432 14.7516 11.7447 12.5163 10.902 11.2663 10.6789 15.3462 12.2606 11.4546 14.0104 10.0059 11.8249 12.3744 9.76696 9.39083 13.8219
threshold=3.5000000000000004 0 -0.0416666666666674 1 3.5000000000000004 2 -25.467499999999998 3 0.90000000000000013 4.6174999999999988 1.5416666666666654 -7.6099999999999977 1.0000000180025095e-35 7.5000000000000009 4 4.3850000000000007 19.012500000000006 -0.063333333333333006 -0.064880952380952414 5 2.5000000000000004 1.5000000000000002 2.5000000000000004 31.735000000000003 6 3.5316666666666685 6.5000000000000009 -0.10166666666666611 0.21111111111111114 7
decision_type=2 1 2 1 2 1 2 1 10 2 2 2 8 2 1 2 2 2 8 1 2 2 2 2 1 2 2 2 10 1
left_child=13 2 -2 -4 -3 6 -6 9 12 10 -8 -12 -9 14 15 16 17 -1 -19 21 -21 24 23 -23 -15 -26 -27 -25 -16 -30
right_child=1 4 3 -5 5 -7 7 8 -10 -11 11 -13 -14 19 28 -17 -18 18 -20 20 -22 22 -24 27 25 26 -28 -29 29 -31
leaf_value=0.034194432580920281 0.0035443650505673288 0.0013354819454531133 -0.00054890768506753553 -0.0054875386893518032 -0.019404137702340146 -0.0028113735171579348 0.013921221104550734 -0.00523781119857943 0.027236259771370619 0.0022372042974815099 0.10285251646686298 0.028681094189057232 0.0033545096484287056 0.00352753825999948 -0.00017028990914678046 0.0011612548377286742 0.062310052220780003 0.00070331755974647656 0.012695618879262188 0.0031189010434536607 -0.0015572051475255554 0.011832387494243111 0.0013719174730876642 0.046223997089902207 0.0036772169525862396 -0.010826722542898 0.050970965446742816 0.0035393859380730259 -0.01028289999715 -0.0017112553806342033
leaf_weight=22.634315889328718 453.14915057225153 4762.0475184409879 999.71186799509451 1897.6115099177696 47.374151476193219 2725.6622772454284 89.435523758642375 333.4599110125564 26.016229420900345 108.79472547955811 5.3256275244057205 12.658378131687639 558.79047842463478 489.84560994058847 6192.9720750525594 2315.7234347164631 6.6339566558599463 293.36705619469285 218.84400729835033 1977.9908395409584 2597.6348467487842 601.27273558266461 887.46619145013392 8.6602023988962156 168.4036950469017 280.54501678049564 5.2820281609892836 893.03383892029524 362.37941572070122 1644.46618520841
leaf_count=143 3769 43614 10173 19306 933 27382 1071 3929 160 779 49 115 4693 3426 39139 13329 39 2369 1416 11771 15999 3396 5039 45 1193 2115 41 5062 2058 9326
internal_value=0.000140273 -0.000701419 -0.00280205 -0.00380431 0.000113498 -0.00137543 0.00194357 0.00285215 0.000901091 0.0106061 0.0200696 0.0506456 0.00014331 0.000673679 -7.7217e-05 0.00239298 0.00770486 0.00702756 0.00582707 0.0017233 0.00046321 0.0034407 0.0049753 0.00710301 -0.000408517 -0.00462894 -0.00968471 0.00394934 -0.000939723 -0.00331882
internal_weight=30987.2 12020 3350.47 2897.32 8669.56 3907.52 1181.86 1134.48 918.267 216.214 107.42 17.984 892.25 18967.2 11057 2857.2 541.479 534.845 512.211 7910.14 4575.63 3334.51 2390.43 1502.97 944.076 454.231 285.827 901.694 8199.82 2006.85
internal_count=231879 115973 33248 29479 82725 39111 11729 10796 8782 2014 1235 164 8622 115906 67819 17296 3967 3928 3785 48087 27770 20317 13542 8503 6775 3349 2156 5107 50523 11384
cat_boundaries=0 1 2 3 4 5 6 7 8
cat_threshold=10818064 280 1051714 80 10683008 11033700 527396 18440
is_linear=0
shrinkage=0.04


Tree=161
num_leaves=31
num_cat=4
split_feature=0 19 30 30 3 20 9 12 11 23 3 14 14 28 20 19 6 16 7 14 14 22 20 12 22 29 29 6 9 9
split_gain=6.71821 9.4087 17.6046 13.3319 11.2331 16.8878 15.9128 15.4256 9.89745 12.0182 9.48489 9.28367 9.2057 8.98287 10.8885 13.7704 9.46748 15.2609 9.01851 8.84678 8.67894 12.7661 9.98888 18.142 14.0469 8.57647 24.97 20.9975 17.1794 9.98376
threshold=5.5000000000000009 0 1 2 6.6950000000000012 37.545000000000009 50.500000000000007 2.8944444444444448 7.5000000000000009 3.5000000000000004 6.6550000000000011 -0.10539021164021165 0.20660714285714288 4.5000000000000009 36.755000000000003 3 45.955000000000005 0.29166666666666669 27.417500000000008 0.55046296296296304 -0.29976851851851843 0.61083333333333389 22.115000000000006 4.6125000000000007 -16.760833333333327 1.905 2.7350000000000008 37.745000000000012 26.500000000000004 23.500000000000004
decision_type=2 1 1 1 2 2 2 10 2 2 2 8 10 2 2 1 2 8 2 10 8 2 2 10 2 2 2 2 2 2
left_child=-1 2 -2 4 5 6 7 12 -9 -10 -8 -4 -3 14 15 -5 -17 -18 -15 20 21 22 23 24 -6 -22 27 28 29 -27
right_child=1 3 11 13 19 -7 10 8 9 -11 -12 -13 -14 18 -16 16 17 -19 -20 -21 25 -23 -24 -25 -26 26 -28 -29 -30 -31
leaf_value=9.941816804698391e-05 -0.017945354914557107 0.11811268517634541 -0.013777693365406841 0.015108948645260196 0.029897864342678607 0.0025548843117676836 0.15333340681879951 -0.0047197484238399 0.099072598438735601 0.007453409356639378 0.046382756352878446 -0.00051049545970550014 0.031881064727052051 -0.013150621934481186 -0.005184965869543633 -0.0071285066336479247 0.093542526556832192 -0.0068624676699128298 0.08258471605952071 0.053147744479358883 -0.012936415762057132 0.090095848913506402 -0.034250570729410859 -0.0059839808293494856 0.22688915256378972 0.087691674719933416 0.00059161803079068752 -0.0078406281361484368 0.0040521949305950154 0.19085234859963229
leaf_weight=28076.812176422216 143.18718565022573 3.9312591115012756 100.92652546754107 104.16141630057245 1.1258917618542912 70.483777418732643 2.6273137889802447 19.37960612541065 3.8957414794713241 5.5605587568134069 2.6801671218127012 514.98337361030281 3.9924731701612473 169.37416444672272 561.97463545948267 121.68865696527064 4.0280252285301659 6.075106207281352 1.5891545037738968 5.2097256332635871 71.48016702523455 4.1854499597102395 4.9903707755729556 4.6009384542703629 1.192713418975474 4.0091412118636054 848.70373330265284 5.5279979463666669 2.5787659250199795 2.3993218536488712
leaf_count=192498 2188 48 3160 1354 45 572 35 366 49 114 48 5983 32 5190 4695 1546 46 57 32 28 2035 69 117 397 41 114 9880 104 59 63
internal_value=-8.68042e-05 -0.00195644 -0.00572415 -0.000522041 0.00254841 0.014525 0.034581 0.025233 0.01165 0.0451981 0.0993256 -0.00264164 0.0746638 -0.00389977 -0.00215723 0.00505398 -0.0037545 0.0331681 -0.0122607 0.00116506 0.000880227 0.0300032 0.00888508 0.0399945 0.131232 0.000378734 0.00148132 0.0535018 0.0912333 0.126315
internal_weight=30873.4 2796.54 759.097 2037.45 1068.56 112.551 42.0671 36.7596 28.8359 9.4563 5.30748 615.91 7.92373 968.891 797.928 235.953 131.792 10.1031 170.963 956.004 950.794 16.0954 11.9099 6.91954 2.31861 934.699 863.219 14.5152 8.98723 6.40846
internal_count=230965 38467 11331 27136 14216 1264 692 609 529 163 83 9143 80 12920 7698 3003 1649 103 5222 12952 12924 669 600 483 86 12255 10220 340 236 177
cat_boundaries=0 1 2 3 4
cat_threshold=11732000 18 339 4197321
is_linear=0
shrinkage=0.04


Tree=162
num_leaves=31
num_cat=2
split_feature=12 26 19 1 8 1 1 7 19 14 22 5 26 9 7 1 13 21 1 9 24 21 1 22 9 7 22 23 22 13
split_gain=6.99303 6.5674 9.68233 10.0648 8.9574 7.46086 12.621 6.04327 14.8481 8.08224 8.63385 12.9601 7.01093 7.78484 6.47561 6.8373 6.71432 8.28123 6.3978 6.35225 5.82253 12.5466 5.72149 10.9952 12.3839 8.63056 13.6599 8.40326 5.58681 5.17756
threshold=5.4722222222222232 1.7950000000000002 0 25.845000000000002 1.5000000000000002 38.835000000000008 42.475000000000001 27.417500000000008 1 -0.033333333333333277 16.200833333333339 2.5000000000000004 6.1050000000000013 35.500000000000007 33.569166666666675 18.545000000000005 0.21111111111111114 28.540000000000003 31.040000000000003 41.500000000000007 3.5000000000000004 16.605000000000004 63.965000000000011 -1.4558333333333342 27.500000000000004 -1.9866666666666626 3.6749999999999994 1.5000000000000002 24.519166666666674 0.21111111111111114
decision_type=10 2 1 2 2 2 2 2 1 8 2 2 2 2 2 2 10 2 2 2 2 2 2 2 2 2 2 2 2 10
left_child=7 -2 3 -3 -5 -6 -7 22 -9 14 11 12 13 -11 16 -16 17 18 -10 -15 -4 -22 29 -24 -25 26 -26 -28 -12 -1
right_child=1 2 20 4 5 6 -8 8 9 10 28 -13 -14 19 15 -17 -18 -19 -20 -21 21 -23 23 24 25 -27 27 -29 -30 -31
leaf_value=0.00067621526914686677 -0.024784873127964482 0.10628277597240203 -0.031907109381027955 0.084389545399236709 -0.016882796206313385 0.10956431551777057 -0.02524073131515344 -0.0057200505045869304 0.049883851546542519 0.05585606557366158 0.044283452166334503 -0.016029975210819322 -0.0070248415822143908 -0.014014915586056317 0.040565875550178897 -0.0035990592113808464 0.014320904285555271 0.018704154591459164 0.11302645067512092 0.031493926668757166 -0.033598348488408328 0.072394783156837034 -0.025076214820228041 0.049889576431220252 0.049509375208185644 -0.018126141108363195 0.020843238706211017 -0.022383764123319744 0.0071409677639944933 -0.00050298323365298024
leaf_weight=8121.113462743815 35.630508082918823 2.1246274975128498 19.606966034974906 2.4716004421934512 10.153724701609461 2.327796925790607 2.1262162951752543 105.68561763875186 5.6789936218410784 9.9661150146275777 14.607660643756391 37.089683325961232 14.367860339581965 8.3707568049430865 8.8391129598021525 15.345387729816137 9.2706292644143087 5.7887496948242179 4.6860283734276891 11.861216552555559 4.3690691967494777 3.0233315583318472 43.240897526498884 7.1907215714454642 9.7032879739999753 39.663034837692976 11.992425180971624 17.988536847755313 11.644765034317968 22362.840941319242
leaf_count=72278 4113 51 457 46 232 50 38 683 52 61 81 241 83 52 72 118 72 39 41 70 129 31 381 51 74 265 73 120 65 151584
internal_value=-0.000203579 -0.0118811 -0.00193017 0.0158999 0.013966 0.00205049 0.0452123 -0.000172629 0.00586258 0.0131615 0.00785356 0.00143811 0.0159758 0.0269192 0.0273602 0.0125426 0.0414552 0.0570275 0.0784306 0.0126651 -0.0149603 0.00975054 -0.000224517 -0.00860541 -0.000375352 -0.00493053 0.00825803 -0.0050929 0.0278082 -0.000188837
internal_weight=30958.8 81.8338 46.2033 19.204 17.0793 14.6077 4.45401 30876.9 263.203 157.517 107.908 81.6556 44.5659 30.1981 49.6089 24.1845 25.4244 16.1538 10.365 20.232 26.9994 7.3924 30613.7 129.779 86.538 79.3473 39.6843 29.981 26.2524 30484
internal_count=231703 5147 1034 417 366 320 88 226556 1730 1047 653 507 266 183 394 190 204 132 93 122 617 160 224826 964 583 532 267 193 146 223862
cat_boundaries=0 1 2
cat_threshold=90357 4643209
is_linear=0
shrinkage=0.04


Tree=163
num_leaves=31
num_cat=7
split_feature=9 19 7 19 14 20 17 6 27 16 20 26 29 19 12 20 18 7 19 19 25 27 6 26 1 27 17 14 19 12
split_gain=6.80463 14.3472 10.5688 10.5311 10.8092 9.79958 9.71257 8.98581 8.52364 8.41197 8.45813 13.6573 9.45882 9.3245 7.87986 11.3634 9.88276 8.18011 10.7749 10.1788 8.3785 8.01573 8.60597 7.85423 7.67684 7.66726 8.35165 7.49831 8.57263 10.2072
threshold=43.500000000000007 0 8.7358333333333338 1 -0.28353174603174591 42.905000000000008 0.70714285714285718 48.400000000000006 -0.44000000000000011 0.90000000000000013 50.82500000000001 6.8550000000000013 6.7750000000000012 2 2.683333333333334 23.870000000000001 0.29166666666666669 -0.6399999999999969 3 4 5 0.1483333333333339 29.735000000000003 6.0750000000000011 29.455000000000002 -0.19166666666666707 0.10555555555555557 -0.18356481481481471 6 4.354166666666667
decision_type=2 1 2 1 8 2 10 2 2 10 2 2 2 1 8 2 10 2 1 1 9 2 2 2 2 2 8 10 1 8
left_child=3 2 6 9 5 8 7 25 -5 -1 13 12 -12 24 15 16 -3 18 -17 -19 21 22 -20 -23 -11 -2 -27 28 -6 -30
right_child=1 14 -4 4 27 -7 -8 -9 -10 10 11 -13 -14 -15 -16 17 -18 19 20 -21 -22 23 -24 -25 -26 26 -28 -29 29 -31
leaf_value=0.00035108625179979978 -0.00096938296511507951 0.071652119083984486 0.0083225586880644846 -0.011398053765237297 -0.0024524199652626068 -0.029133163424010542 0.051321678478010398 -0.033628671943967604 0.008198015968300781 0.065274234752944305 0.023459455150129673 0.0092511083915105281 0.078976455410904048 -0.0043124301613738135 0.00035001555603145044 0.0064952001419485862 0.0020531450540300592 0.0011185011576576786 0.050870066701244589 -0.0096800198596155435 -0.0098444779399990898 -0.025281626600745902 -0.0017251444392065551 0.0055374796235908375 0.014320953468628713 0.0065504758742155359 0.0014530226538496701 -0.0014342697027927753 0.011076139221072461 -0.0003138891188147725
leaf_weight=9298.3571846252307 956.70468122884631 5.9930852297693473 486.81458629574627 137.54389426205307 335.95190371619537 36.040466209873557 6.3742652982473365 11.351386889815329 47.876668598502874 6.4291889071464565 11.553069800138475 63.965584643185139 8.5398621186614019 96.87767530977726 5826.1726836441085 228.01665046438575 7.1692974530160427 202.16305131465197 11.074505023658277 466.43995323777199 184.96633298136294 16.84028685092926 9.0416656695306283 61.727552942931652 17.911909475922585 810.1318497993052 1408.1290003061295 9639.0695370282046 273.44296704325825 233.28542264830321
leaf_count=70998 9091 51 3247 3055 3963 278 34 77 384 40 69 358 52 611 43484 1431 60 1213 77 2790 1134 106 65 358 109 5264 8706 68183 2469 3461
internal_value=-9.85692e-06 0.000805817 0.00282486 -0.000441739 -0.00130149 -0.0100479 0.00199543 0.00189675 -0.00633823 0.000527351 0.00853725 0.0182876 0.0470552 0.00177591 -0.000256174 -0.00321766 0.0337429 -0.00362984 0.000176779 -0.00654296 -0.00495662 0.00426767 0.02723 -0.00106831 0.01969 0.00202376 0.00331467 -0.00111794 0.00250041 0.00571957
internal_weight=30906 10699.1 3679.51 20206.8 10703.2 221.461 3192.69 3186.32 185.421 9503.63 205.277 84.0585 20.0929 121.219 7019.61 1193.43 13.1624 1180.27 511.667 668.603 283.65 98.684 20.1162 78.5678 24.3411 3174.97 2218.26 10481.7 842.68 506.728
internal_count=231218 77188 26419 154030 81793 3717 23172 23138 3439 72237 1239 479 121 760 50769 7285 111 7174 3171 4003 1740 606 142 464 149 23061 13970 78076 9893 5930
cat_boundaries=0 1 2 3 4 5 6 7
cat_threshold=1705545 16001318 1048608 8675728 2179078 6 525505
is_linear=0
shrinkage=0.04


Tree=164
num_leaves=31
num_cat=10
split_feature=15 0 5 19 0 19 4 19 14 20 30 26 29 7 1 19 29 19 14 30 4 1 4 19 26 30 30 20 4 21
split_gain=4.24345 19.825 14.1804 16.2028 14.7913 17.3904 13.2374 21.2288 12.3882 11.9168 11.5213 11.8032 11.7517 11.4748 11.44 11.3489 11.1273 14.9414 11.1857 10.7994 10.7049 10.3934 21.3086 10.1517 16.8086 10.083 9.7983 9.68061 9.476 9.2887
threshold=2.5000000000000004 1.5000000000000002 1.5000000000000002 0 1.5000000000000002 1 0.050000000000000273 2 -0.049999999999999954 27.635000000000002 3 4.0050000000000008 3.1750000000000003 -7.7575000000000012 26.875000000000004 4 5.1850000000000014 5 0.12962962962962971 6 1.0000000180025095e-35 60.265000000000008 0.0066666666666663774 7 6.1050000000000013 8 9 13.660000000000002 0.0099999999999993445 42.775000000000013
decision_type=10 2 2 1 2 1 2 1 8 2 1 2 2 2 2 1 2 1 10 1 2 2 2 1 2 1 1 2 2 2
left_child=1 6 3 9 5 28 8 -8 -1 29 11 12 -7 15 -5 20 23 18 25 -19 -6 -17 -23 24 -15 -18 -25 -21 -4 -2
right_child=2 -3 4 14 13 10 7 -9 -10 -11 -12 -13 -14 16 -16 21 17 19 -20 27 -22 22 -24 26 -26 -27 -28 -29 -30 -31
leaf_value=0.03732397134201252 0.0116574195341875 0.0010997683547651705 -0.0068276767207651147 0.0062678076488982496 -0.0020640085293123283 0.00058629049021908684 -0.0073959227756220467 0.022916955866935429 -0.0035714537200817963 0.002534708225830404 0.001437355910981214 0.0068181616740796485 0.036310461659852987 0.00093563867326283722 -0.0021707027077715953 -0.0029670805636525881 -0.0034135248398864115 0.0010011855206708156 -0.032112273727514191 0.044128638068564117 -0.014480996700030826 -0.015655927280532195 0.074579435438370964 -0.00062146132288681659 0.034218238911974806 0.0046614206906804376 -0.0046202119339093144 -0.0043040750798064003 0.0026122731339484557 -0.019360850691686814
leaf_weight=11.908143013715742 438.54564590891823 12223.133247740567 442.97600336559117 315.1261000870727 171.28882571822032 21.873776806518435 64.864625006914139 69.989735946059227 2496.1162549704313 846.00435365363955 872.95270566269755 523.41085395216942 45.132369760423899 602.66970343096182 1394.7296810136177 951.15808799723163 290.71963575854897 1300.2122915051877 14.337920047342775 6.6343937227502456 316.08486150018871 8.495986485853793 8.2561836615204793 1542.3634173409082 25.297334641218185 1502.3354671355337 2746.942836842034 1398.085851283744 276.23819269612432 16.010788016021252
leaf_count=77 4170 76316 2984 2408 1471 198 434 451 17729 5575 5828 3412 320 6571 10471 9160 2071 9370 80 72 3353 70 92 16339 170 10840 29406 10112 1930 119
internal_value=-6.65961e-05 0.000420539 -0.000517013 0.00195797 -0.00108719 0.00191815 -0.00272085 0.00948748 -0.00337728 0.00530056 0.00440447 0.00869446 0.0246485 -0.0016898 -0.000611908 -0.00499573 -0.0011796 0.000254804 0.00306081 -0.00162543 -0.0099136 -0.00239228 0.0288159 -0.00249587 0.00224073 0.00335914 -0.00318712 -0.00404652 -0.00315804 0.0105649
internal_weight=30943.9 14866 16077.9 3010.42 13067.5 2182.58 2642.88 134.854 2508.02 1300.56 1463.37 590.417 67.0061 10884.9 1709.86 1455.28 9429.6 4512.33 1807.39 2704.93 487.374 967.91 16.7522 4917.27 627.967 1793.06 4289.31 1404.72 719.214 454.556
internal_count=231599 95007 136592 22743 113849 14672 18691 885 17806 9864 9758 3930 518 99177 12879 14146 85031 32545 12991 19554 4824 9322 162 52486 6741 12911 45745 10184 4914 4289
cat_boundaries=0 1 2 3 4 5 6 7 8 9 10
cat_threshold=11611072 2900418 13757096 150 216216 10203208 396 1153 258 7
is_linear=0
shrinkage=0.04


Tree=165
num_leaves=31
num_cat=3
split_feature=20 16 19 12 13 19 9 19 7 4 14 3 14 27 14 7 29 22 27 20 14 12 31 3 15 14 20 7 14 5
split_gain=5.93148 9.57029 18.9308 8.91722 14.4302 9.36378 11.6633 9.33307 9.66576 8.43887 12.644 9.44996 14.3029 19.8796 7.57235 7.20628 6.9128 10.5073 9.06732 8.73463 9.43963 13.991 8.51794 8.31482 8.12858 8.05032 7.92022 15.3966 6.9024 10.8159
threshold=47.785000000000004 0.90000000000000013 0 3.3541666666666674 0.21111111111111114 1 63.500000000000007 2 23.945000000000004 -0.10499999999999997 -0.04305555555555559 6.7550000000000008 -0.19444444444444434 -0.74633333333333318 -0.30532407407407397 -27.96833333333333 1.0000000180025095e-35 -13.723333333333329 -1.5999999999999992 27.635000000000002 -0.0055555555555555558 3.8944444444444448 3.5000000000000004 6.7750000000000012 4.5000000000000009 0.044444444444444488 31.600000000000005 -2.0516666666666672 -0.087037037037036982 3.5000000000000004
decision_type=2 8 1 10 10 1 2 1 2 2 10 2 10 2 8 2 2 2 2 2 10 10 2 2 10 10 2 2 10 2
left_child=3 -2 -3 5 9 6 -1 -6 16 10 11 -5 -13 -14 -7 -16 17 18 23 -20 24 25 -19 -9 -21 26 -22 -28 29 -18
right_child=1 2 -4 4 7 14 -8 8 -10 -11 -12 12 13 -15 15 -17 28 22 19 20 21 -23 -24 -25 -26 -27 27 -29 -30 -31
leaf_value=-0.0010013138516581158 -0.0015318082346093367 -0.005005863992022558 0.01221092783741849 0.0087343404604712498 -0.0037148306444166092 -0.034762732456645233 0.048567478707865527 0.11033026887630647 0.02066251566292578 0.00057658697461314618 -0.017830227095790338 0.00027523391477203145 0.11894572419731507 0.029900622895062439 -0.018567820467978037 0.0018354105843400911 -6.6374088329758315e-05 0.013158665831310559 -0.009118469551153436 -0.013971817911592962 0.06963891978117942 0.060543721691021388 0.060324459126295887 0.01309364385919355 0.024480847836514674 -0.0035591177407002421 -0.035844144143498013 0.051181095009160814 -0.00041053004129263981 -0.01293278319884017
leaf_weight=2952.3255072589964 5760.710979770869 175.29773843660951 225.50234499946237 43.634958893060684 2602.7937125926837 9.0871330117806774 7.6145556364208451 2.3363509941846123 34.243838811293244 7261.6592119354755 17.186973102390766 10.042103394865991 6.0477562928572324 11.914390359073876 27.785448704846203 8703.3018129291013 228.5289700794965 17.621599547564987 75.391910885460675 35.711474105715752 5.7044478524476316 10.841231811791657 9.3913167975842935 3.537532745860517 11.670411612838505 27.870207954198122 5.7656263187527665 7.4633734375238392 2461.4655383229256 192.67044625151902
leaf_count=19860 35395 1012 1324 364 19902 90 49 38 241 70419 116 116 67 79 199 58561 1879 126 706 280 43 77 67 64 110 184 41 51 17992 2023
internal_value=-5.32082e-06 -0.00111599 0.00486059 0.000270805 -0.000446701 0.00107315 -0.000870854 -0.00195088 -0.000470779 0.000726485 0.0129809 0.0203728 0.0385072 0.0598816 0.00173052 0.00177048 -0.000706051 0.00624235 0.00286176 0.00126946 0.00872629 0.0195984 0.0295563 0.0517697 -0.00450072 0.0101141 0.0302413 0.0132527 -0.0012202 -0.00595189
internal_weight=30945.1 6161.51 400.8 24783.6 13083.5 11700.1 2959.94 5733.01 3130.21 7350.49 88.8262 71.6392 28.0043 17.9621 8740.17 8731.09 3095.97 213.305 186.293 180.419 105.027 57.6449 27.0129 5.87388 47.3819 46.8037 18.9334 13.229 2882.66 421.199
internal_count=231475 37731 2336 193744 114985 78759 19909 43824 23922 71161 742 626 262 146 58850 58760 23681 1787 1594 1492 786 396 193 102 390 319 135 92 21894 3902
cat_boundaries=0 1 2 3
cat_threshold=5907613 2172192 8844097
is_linear=0
shrinkage=0.04


Tree=166
num_leaves=31
num_cat=3
split_feature=27 4 27 14 20 10 0 27 27 30 29 0 28 26 12 29 11 30 1 31 14 26 7 7 7 7 4 27 26 22
split_gain=5.98331 8.33839 10.422 12.4785 5.96752 19.0234 18.1325 13.0981 12.4674 12.1061 10.149 9.48431 12.4337 17.7768 17.7725 14.4283 13.7555 12.9133 15.2745 14.9936 10.3258 10.035 11.9637 9.95983 9.21547 14.5055 15.3371 9.1509 9.92615 10.8336
threshold=-2.7274999999999991 -0.0050000000000003366 -3.6166666666666663 -0.25003306878306869 43.975000000000001 0 1.5000000000000002 1.0783333333333336 0.64166666666666605 1 6.9350000000000014 2.5000000000000004 2.5000000000000004 4.9650000000000007 3.5857142857142863 4.7750000000000012 9.5000000000000018 2 31.195000000000004 2.5000000000000004 0.1480059523809524 5.8550000000000013 15.965000000000003 2.3341666666666652 -0.25291666666666751 -1.4766666666666681 0.024999999999999915 1.8341666666666667 5.6050000000000013 6.515833333333334
decision_type=2 2 2 10 2 1 2 2 2 1 2 2 2 2 8 2 2 1 2 2 8 2 2 2 2 2 2 2 2 2
left_child=1 2 3 -1 5 6 -2 10 -6 -10 -8 -7 13 16 15 -15 17 18 -13 20 -20 22 -16 -21 25 -19 -27 28 -9 -30
right_child=4 -3 -4 -5 8 11 7 27 9 -11 -12 12 -14 14 21 -17 -18 24 19 23 -22 -23 -24 -25 -26 26 -28 -29 29 -31
leaf_value=-0.0098358725990545168 -0.0032991606496749815 -0.024963898102768316 -0.0074867522306870859 0.1130450528252155 -0.0028471943689164754 0.0010691726864963205 0.0057705456263117882 0.04366337191453229 -0.0028295600277833798 0.0012461856686346124 0.0139057615220775 0.0029164336061719125 -0.001471318062165934 0.0095978591839306088 -0.0037693166821410997 0.00060477118135129502 0.061529791045522496 0.0050725674887355764 0.067534665363297205 -0.0016835893733789669 0.01043831403791794 -0.015561307706806084 0.038388873846940327 0.047870119123200841 -0.0042848090888008223 0.018968579222257947 0.095983588136497475 0.013398770261896384 0.012352632986009714 -0.0064181248772320629
leaf_weight=2.5227250894531608 439.31123061478138 35.953446730040014 23.631965239532292 2.7786144614219692 3123.0349455382675 8079.8539787903428 978.46607081964612 7.2915125638246527 1535.7844898365438 4737.5884604230523 327.48053267225623 38.652375593781471 8555.113634317182 363.10049016773701 490.04981562122703 1334.599734403193 8.1479520313441736 93.740830723196268 23.412871010601521 19.434211164712909 6.4678953140974071 123.77724404633045 11.012123242020605 9.7431201972067338 122.60604543983936 13.110510643571617 6.0447791293263426 67.843705072999001 58.386464476585388 312.54537237435579
leaf_count=215 3089 3266 1863 79 21803 49811 6562 38 8961 27284 2211 249 87471 2262 3205 8130 55 638 157 124 40 800 64 64 771 84 42 330 308 1629
internal_value=3.31945e-05 -0.0121006 0.00388372 0.0545702 5.86853e-05 0.000426334 0.00394919 0.00578923 -0.00078215 0.000245878 0.00781054 2.42652e-05 -0.000728248 0.00165812 0.000405405 0.00252819 0.0101813 0.0089257 0.0203797 0.0352598 0.0551758 -0.00536225 -0.00284278 0.0148638 0.00317329 0.0115539 0.043272 -0.000128533 -0.00255499 -0.00346352
internal_weight=30951.5 64.8868 28.9333 5.30134 30886.6 21490.2 2191.32 1752.01 9396.41 6273.37 1305.95 19298.9 11219 2663.9 2322.54 1697.7 341.361 333.213 97.7105 59.0581 29.8808 624.839 501.062 29.1773 235.502 112.896 19.1553 446.067 378.223 370.932
internal_count=231605 5423 2157 294 226182 168134 14167 11078 58048 36245 8773 153967 104156 16685 14461 10392 2224 2169 634 385 197 4069 3269 188 1535 764 126 2305 1975 1937
cat_boundaries=0 1 2 3
cat_threshold=1 68 176
is_linear=0
shrinkage=0.04


Tree=167
num_leaves=31
num_cat=3
split_feature=0 3 27 19 7 3 26 17 18 19 26 22 16 14 22 22 5 19 7 7 17 29 26 21 1 29 22 26 29 29
split_gain=5.5071 12.3493 11.2217 9.21956 11.0216 8.43282 15.8623 8.42658 12.7239 11.3827 15.0321 11.7146 10.5373 9.74757 10.0468 9.58763 13.5898 9.72785 13.1295 10.082 9.55123 12.4988 12.054 9.87743 9.44608 9.64986 9.3149 11.1488 12.4575 10.6705
threshold=5.5000000000000009 6.8150000000000004 -0.83499999999999963 0 13.176666666666666 6.8650000000000011 3.9250000000000003 0.58571428571428574 0.22500000000000003 1 4.0950000000000006 -12.72583333333333 0.45000000000000007 0.23346560846560852 16.200833333333339 19.670833333333338 4.5000000000000009 2 5.2455000000000025 2.1833333333333322 0.35416666666666669 4.5050000000000008 6.455000000000001 4.7900000000000009 37.965000000000011 6.6950000000000012 27.621666666666666 7.1850000000000014 6.995000000000001 7.1950000000000012
decision_type=2 2 2 1 2 2 2 8 8 1 2 2 10 10 2 2 2 1 2 2 10 2 2 2 2 2 2 2 2 2
left_child=-1 7 -3 5 -5 -4 -7 8 15 13 11 -11 20 -10 24 -2 17 18 19 -17 21 23 -22 -12 25 -15 27 -14 -29 -28
right_child=1 2 3 4 -6 6 -8 -9 9 10 12 -13 26 14 -16 16 -18 -19 -20 -21 22 -23 -24 -25 -26 -27 29 28 -30 -31
leaf_value=0.00032074696772623525 -0.0027141802444728752 -0.015592942488463836 -0.0069393810163231942 -0.0061870655087460872 0.011116874958741212 0.095880091111840648 0.0055209558706596478 -0.011938678561326965 -0.0063711987361699911 0.017030114248353972 0.0045548151310613894 0.13257325292219624 -0.00021373325365229841 0.0025442966085596169 -0.0048414038212443965 0.025387390964244836 0.040923769673639372 -0.0060930614744790423 -0.027813193519697077 0.089370020512944848 0.078280738282708748 0.0073153285012938201 0.0096677259251743159 0.092195563552236875 0.06209640389176569 0.061109318997195898 0.065351905202998356 0.064237512199268043 0.0017372697761827676 0.0080654485499094663
leaf_weight=28164.06416842388 716.30555711779743 124.64345848280936 103.53690702468157 905.18711414001882 62.992809694260359 3.1492103599011889 240.12409258633852 73.989150613546371 136.22911157365888 2.6806754330173135 3.2720608301460725 2.9478883333504191 150.35117815248668 21.539619617164139 29.809014447033405 16.348048727959402 18.913895390927792 59.167523790150881 5.6262774765491477 5.1918006613850585 10.257493797689678 42.366609666496515 6.8209338746964923 5.5433708745986223 8.9778178036212903 5.6909223087131968 8.7980313524603861 9.6673991493880767 10.806161515414713 12.729362539947031
leaf_count=193066 12026 5755 1107 10701 574 50 2690 618 1401 58 46 48 1336 159 178 135 169 453 41 40 99 438 52 76 67 37 51 64 78 78
internal_value=0.000152448 -0.00153819 -0.00412226 -0.003035 -0.00500948 0.00254807 0.00669067 0.0011891 0.00194203 0.00720266 0.0124042 0.0775444 0.0114733 -0.000245933 0.0123565 -0.00105782 0.0102152 0.00348762 0.0194408 0.0408093 0.0249751 0.016332 0.0508775 0.0596656 0.0265149 0.0147838 0.00668193 0.00355714 0.0312492 0.0314779
internal_weight=30967.7 2803.66 1439.63 1314.99 968.18 346.81 243.273 1364.03 1290.04 468.488 266.241 5.62856 260.613 202.246 66.0174 821.553 105.248 86.3337 27.1661 21.5398 68.2605 51.182 17.0784 8.81543 36.2084 27.2305 192.352 170.825 20.4736 21.5274
internal_count=231691 38625 20877 15122 11275 3847 2740 17748 17130 4266 2424 106 2318 1842 441 12864 838 669 216 175 711 560 151 122 263 196 1607 1478 142 129
cat_boundaries=0 1 2 3
cat_threshold=51968 10783546 1409286
is_linear=0
shrinkage=0.04


Tree=168
num_leaves=31
num_cat=4
split_feature=1 19 12 3 30 23 12 20 0 13 1 19 14 3 20 29 21 9 12 12 16 22 12 29 9 5 29 8 19 12
split_gain=6.05342 14.0586 10.3351 11.1848 10.8667 10.9403 15.6404 8.40112 9.74051 9.74873 7.1834 10.9344 10.894 8.82582 8.90824 8.98685 7.25789 8.50278 12.6455 8.45416 12.1844 7.49843 7.44495 6.89458 12.1053 6.88761 6.87622 6.36099 13.6894 14.8472
threshold=52.790000000000006 0 4.6458333333333348 6.7950000000000008 1 5.5000000000000009 3.3875000000000006 29.915000000000003 4.5000000000000009 0.18333333333333338 47.385000000000005 2 0.4335978835978837 7.0450000000000008 26.145000000000003 5.3350000000000009 53.585000000000008 25.500000000000004 3.4722222222222228 4.0500000000000007 0.55000000000000016 11.648333333333337 3.9500000000000006 5.8450000000000006 43.500000000000007 3.5000000000000004 6.1850000000000014 4.5000000000000009 3 1.4142857142857144
decision_type=2 1 10 2 1 2 10 2 2 8 2 1 8 2 2 2 2 2 10 10 10 2 10 2 2 2 2 2 1 8
left_child=10 2 4 -4 -2 7 -7 8 -6 -10 27 12 16 -13 -15 -16 17 18 -12 20 21 26 -20 -22 -25 -18 -19 -1 29 -29
right_child=1 -3 3 -5 5 6 -8 -9 9 -11 11 13 -14 14 15 -17 25 19 22 -21 23 -23 -24 24 -26 -27 -28 28 -30 -31
leaf_value=0.00052125521385845426 -0.012522971211128772 -0.009493330290986212 0.0024426318758505104 0.083504031488421296 -0.019292312285043092 0.0036654876284067535 0.087768407734507725 0.0096157560104612409 0.08398838581262949 -0.0020345621117967166 0.010884890584037696 -7.1982013747952188e-05 0.067410646965002763 -0.0069756065750870158 0.07360884075271959 0.011252219615445255 0.048222614359359844 0.018940612042801001 0.14282765171163614 -0.019328344656663596 -0.026840903393312982 -0.005316598098725399 0.041903621462763788 -0.02149364075328751 0.035677570331773115 -0.0015062585558259633 0.059964430461729459 0.043690443605447327 -0.0022464657812483186 0.00078951206288805102
leaf_weight=20939.64623541059 56.18699099496007 308.046513737645 5.6693634968250972 5.2412668564356863 38.477604351937771 8.1619383376091701 6.2447563949972382 115.41443683207035 3.1071730032563183 6.5538809876888999 9.1272651813924295 500.23236859356984 5.641715805977582 8.7780223297886568 7.7538824714720231 7.0695539228618145 14.678666710853578 66.20116114616394 2.3113601803779593 19.172010762616992 18.698594145476818 18.80407102778554 2.3672238639555871 12.491862475872042 11.273508232086895 6.3988964185118666 7.2535642720758906 12.948119528591631 4646.8283583265729 4081.6359827397391
leaf_count=154088 403 2357 73 76 272 62 66 733 41 88 64 3750 34 92 55 48 90 503 20 162 130 117 72 75 69 41 53 74 36292 31584
internal_value=0.000163107 -0.00398396 0.0031984 0.041383 0.00155569 0.00634773 0.0401209 0.0037609 -0.0102764 0.025632 0.000238561 0.00419126 0.012021 0.00103602 0.0249591 0.0438699 0.0110024 0.00822185 0.0382932 0.00552415 0.00906084 0.0172219 0.0917631 -0.00867021 0.0056265 0.0331255 0.0229917 0.000142909 -0.0007634 0.000922922
internal_weight=30952.4 553.104 245.057 10.9106 234.147 177.96 14.4067 163.553 48.1387 9.66105 30399.3 718.254 194.42 523.834 23.6015 14.8234 188.778 167.701 13.8058 153.895 134.723 92.2588 4.67858 42.464 23.7654 21.0776 73.4547 29681.1 8741.41 4094.58
internal_count=231584 4171 1814 149 1665 1262 128 1134 401 129 227413 5375 1430 3945 195 103 1396 1265 156 1109 947 673 92 274 144 131 556 222038 67950 31658
cat_boundaries=0 1 2 3 4
cat_threshold=6103224 193 1052289 11306946
is_linear=0
shrinkage=0.04


Tree=169
num_leaves=31
num_cat=0
split_feature=4 22 31 12 14 14 27 1 27 7 4 16 26 14 9 20 26 9 20 8 0 27 29 9 3 31 0 1 7 27
split_gain=4.88008 8.96515 8.58062 8.38327 9.8641 8.59431 14.1686 12.134 8.57842 8.73051 8.55297 8.52579 10.7439 8.39806 6.87793 8.55561 8.70684 7.05017 10.1455 7.00838 7.18 6.82124 17.0382 6.69342 10.2963 10.8372 8.70986 7.24495 6.28539 6.13315
threshold=0.068333333333333815 22.227500000000006 6.5000000000000009 3.7888888888888892 -0.1166666666666666 0.06666666666666668 0.77999999999999969 36.485000000000007 0.67833333333333312 -0.6399999999999969 0.090833333333333335 0.55000000000000016 7.205000000000001 8.3266726846886753e-17 41.500000000000007 36.285000000000004 5.3550000000000013 26.500000000000004 22.325000000000003 3.5000000000000004 3.5000000000000004 -1.0000000180025095e-35 5.745000000000001 43.500000000000007 6.745000000000001 2.5000000000000004 1.5000000000000002 52.790000000000006 -3.4144999999999999 1.0616666666666672
decision_type=2 2 2 10 8 10 2 2 2 2 2 10 2 8 2 2 2 2 2 2 2 2 2 2 2 2 2 2 2 2
left_child=-1 2 23 5 -5 8 -7 11 9 -3 -9 28 -13 -6 15 16 17 -4 -19 20 -17 -16 -23 26 25 -25 29 -26 -8 -2
right_child=1 3 14 4 13 6 7 10 -10 -11 -12 12 -14 -15 21 19 -18 18 -20 -21 -22 22 -24 24 27 -27 -28 -29 -30 -31
leaf_value=6.1570450993726205e-05 0.0022918710895639635 -0.020706608214027266 -0.017960166569288744 0.073759995785754234 -0.019401547505426602 -0.028116464647312243 -0.003705095796298814 0.021923802031811129 -0.027023570029002939 0.040588724724420294 0.073634207020059614 -0.024403871843352919 0.031016870945955684 0.047387313904687173 -0.018570463761193388 0.049188187515330418 0.078781901135557025 0.072770455069141052 0.013242537260603213 -0.016758646619909629 -0.0025652975089934349 0.038433395002786114 -0.020628952336670753 -0.0090860168115019652 -0.001438233284400744 0.059899153827900883 -0.0084531962979143976 -0.038670722747160616 0.040580762569838814 0.038644200828829661
leaf_weight=29442.975659309886 49.646924935281277 7.0311244912445545 5.7229163916781607 6.1734025105834007 6.4827671647071838 12.701472751796244 7.8814462125301388 12.479218475520613 23.661206111311913 7.8901749365031701 8.6757122427225095 19.136933930218223 7.9101456999778739 5.6267433166503924 25.882403774186969 7.445383399724963 5.0271519795060149 6.7010482512414482 14.478766217827795 16.80860922858119 10.117557302117346 15.78495477512479 15.477645006030796 6.1889714188873759 554.15769467782229 8.8590141590684635 601.87354135187343 8.4901311974972469 14.675825878977774 8.7317464053630811
leaf_count=217473 357 57 103 47 45 90 42 66 143 56 45 106 42 35 280 42 43 75 130 119 74 109 99 58 5203 76 6322 83 77 62
internal_value=-5.18743e-05 -0.00227609 -0.00326834 0.00735037 0.0326103 0.00356627 0.0107834 0.017766 -0.0120456 0.0117055 0.0431304 0.00694873 -0.00819561 0.0116322 0.00678798 0.0155535 0.0304617 0.0214324 0.0320765 0.00170434 0.0193743 -0.00338204 0.00919251 -0.00427114 -0.00112674 0.0315268 -0.00702238 -0.00200006 0.0251074 0.00772912
internal_weight=30944.7 1501.72 1361.39 140.326 18.2829 122.043 83.4608 70.7593 38.5825 14.9213 21.1549 49.6044 27.0471 12.1095 123.446 66.3014 31.9299 26.9027 21.1798 34.3715 17.5629 57.145 31.2626 1237.95 577.696 15.048 660.252 562.648 22.5573 58.3787
internal_count=231559 14086 13235 851 127 724 468 378 256 113 111 267 148 80 1074 586 351 308 205 235 116 488 208 12161 5420 134 6741 5286 119 419
is_linear=0
shrinkage=0.04


Tree=170
num_leaves=31
num_cat=0
split_feature=7 20 5 12 22 20 7 29 1 29 11 12 21 20 24 1 3 13 20 29 24 21 12 12 21 14 20 29 31 3
split_gain=5.25949 11.0904 8.9052 7.16664 6.67982 7.83266 6.51842 7.27851 10.4874 8.22294 6.9 6.4156 10.7782 10.6578 7.42906 6.89421 9.05001 7.21941 15.0932 10.8576 6.84365 11.0208 7.20222 6.82138 6.81178 6.95239 6.55275 6.67493 6.36223 9.40813
threshold=-6.6299999999999999 8.8400000000000016 4.5000000000000009 1.3875000000000002 -13.981666666666666 11.695000000000002 -6.5191666666666661 6.1750000000000007 37.150000000000006 6.7150000000000007 1.5000000000000002 5.1180555555555562 39.465000000000011 39.565000000000005 3.5000000000000004 29.825000000000003 6.6750000000000007 0.5277777777777779 34.160000000000004 4.285000000000001 1.0000000180025095e-35 47.080000000000005 3.2111111111111117 2.3875000000000006 27.600000000000005 0.14999999999999999 45.250000000000007 6.995000000000001 7.5000000000000009 7.1450000000000005
decision_type=2 2 2 8 2 2 2 2 2 2 2 8 2 2 2 2 2 10 2 2 2 2 10 10 2 8 2 2 2 2
left_child=1 -1 3 -3 -4 -6 7 10 9 -9 -2 15 13 14 -13 17 -17 23 19 -19 21 24 26 -5 25 -18 -23 -28 29 -7
right_child=6 2 4 11 5 28 -8 8 -10 -11 -12 12 -14 -15 -16 16 20 18 -20 -21 -22 22 -24 -25 -26 -27 27 -29 -30 -31
leaf_value=-0.018672739855831212 0.037681139142311373 -0.045665137435114043 -0.010498242481337326 0.037692049192694949 0.046128886680426806 -0.0026853909052120778 0.00024854005726264574 0.038155224677212649 0.060448022840231375 -0.0082393706561601481 -0.00093034141160319814 0.028771625479218188 -0.011943544244038904 0.083692829176266137 -0.024283553304255655 -0.0091994944542193122 -0.0084090356454578716 -0.0057978415612690041 0.0057580306518148008 0.060531019764967116 0.00019011694621671492 0.056925177322120213 -0.020957755719548662 0.00066778411777095774 -0.023455403782258442 0.04412671692864862 0.032100664605676281 -0.019331009312130262 -0.022617687580387468 0.030750462908628359
leaf_weight=57.076265317155048 8.2752011944539827 5.448735285550355 194.56347059179097 8.0317844748496992 5.2741600107401601 1159.6357961399481 26007.737384053878 10.613339187577369 9.6896546185016614 14.413248814642428 70.435102450661361 21.996538441628225 16.083151251077652 4.720504254102706 5.2260469216853371 208.8024740125984 34.458454744890332 5.4429649934172657 203.28553427755833 14.382864080369471 1845.9418570902199 6.5619504377245965 7.9854065701365462 915.67531156353652 64.198685169219971 4.564208358526229 9.2420310974121112 7.1694449186325064 25.181507013738155 13.622940151020883
leaf_count=2059 65 33 2236 51 71 9437 192652 68 62 88 599 218 104 30 55 1467 304 41 1230 100 13149 40 53 6629 442 27 52 45 195 123
internal_value=6.57661e-05 -0.00114472 -0.000935752 0.000172337 -0.00362159 -0.00251008 0.000290269 0.00985844 0.0251156 0.0114358 0.00312907 0.000246147 0.0147618 0.0282077 0.0185864 3.71592e-05 -0.00127909 0.00254947 0.00900705 0.0423212 -0.000443888 -0.00916602 0.0117662 0.000989716 -0.0154441 -0.0022643 0.0231408 0.00963245 -0.00272413 -0.00229716
internal_weight=30965.7 4844.57 4787.5 3389.22 1398.28 1203.71 26121.2 113.427 34.7162 25.0266 78.7103 3383.77 48.0262 31.9431 27.2226 3335.74 2188.92 1146.82 223.111 19.8258 1980.12 134.18 30.9588 923.707 103.221 39.0227 22.9734 16.4115 1198.44 1173.26
internal_count=231725 38191 36132 24070 12062 9826 193534 882 218 156 664 24037 407 303 273 23630 15579 8051 1371 141 14112 963 190 6680 773 331 137 97 9755 9560
is_linear=0
shrinkage=0.04


Tree=171
num_leaves=31
num_cat=8
split_feature=5 4 19 27 22 6 14 19 9 11 11 3 19 17 19 19 1 14 4 1 5 19 9 14 14 17 19 30 22 27
split_gain=4.64886 14.3009 11.0438 9.24876 15.1 18.1278 9.08167 10.109 12.569 10.3984 13.8435 9.05295 7.92341 7.54682 12.0867 10.8444 10.4776 10.375 10.3484 10.1915 10.8173 9.30026 8.36498 9.64964 8.09363 10.0476 7.97023 11.1438 10.7529 8.46921
threshold=2.5000000000000004 0.016666666666666167 0 -0.95333333333333325 14.760000000000005 37.095000000000006 0.04629629629629637 1 37.500000000000007 5.5000000000000009 9.5000000000000018 6.8050000000000006 2 0.21111111111111114 3 4 38.230000000000011 -0.12407407407407402 -0.012916666666666464 37.725000000000001 5.5000000000000009 5 49.500000000000007 0.096329365079365084 -0.018485449735449713 0.31666666666666671 6 7 30.089166666666671 1.8341666666666667
decision_type=2 2 1 2 2 2 10 1 2 2 2 2 1 8 1 1 2 8 2 2 2 1 2 8 10 10 1 1 2 2
left_child=1 2 -1 4 6 -6 12 8 9 -8 -11 -10 -2 15 16 -5 19 -16 21 -15 -21 -19 26 24 -24 -26 27 -18 -29 -28
right_child=3 -3 -4 13 5 -7 7 -9 11 10 -12 -13 -14 14 17 -17 22 18 -20 20 -22 -23 23 -25 25 -27 29 28 -30 -31
leaf_value=0.0020310576166797647 -0.009116574782676393 0.047398802196762228 -0.00036928691337878095 -0.0010727089026470779 0.053353773489166041 -0.021778733027138352 0.094941933230346276 -0.0023952005222521015 0.040513708666726433 -0.011749190370792481 0.079657032286513371 -0.013634104520106051 -0.0025308118091792644 0.001706430565379688 0.010992250977432219 0.0015087724749628622 0.01637953555691745 -0.0032482865516683329 -0.0025300360529994571 0.010962968557219484 0.058510301924835667 -0.017914571580941605 -0.021110878223009794 -0.02329696546360684 0.030851331497642 -0.020351525915852705 -0.004121112189066343 -0.0042518313090591274 0.049550385605450976 -0.02832521463923034
leaf_weight=5291.3036521519534 440.52191456314176 10.475429688580332 7274.2502478631213 4120.7203384209424 15.61482526548207 7.6581455655395976 5.9560692664235857 77.399077417328954 7.7939159385859993 5.9419745169579965 4.7865551728755236 13.492741378024219 911.62836828338914 1970.4875334575772 83.458982050418854 7039.7907839883119 66.966916570439935 167.95962803810835 2726.9814346283674 39.558017395436764 9.4928527697920781 130.63916927576065 16.935474017634988 67.288396067917347 18.607927519828085 9.1457050666213018 231.90509302541614 156.04668785259128 6.1788669526576987 25.693175815045834
leaf_count=36319 7575 69 50233 30672 163 76 67 887 74 70 56 147 15697 12851 678 52200 440 1023 17648 259 65 798 128 424 128 64 1561 1022 34 136
internal_value=8.91662e-05 0.000681757 0.000642811 -0.000316328 -0.00333644 0.0286309 -0.0038434 0.00692908 0.0210282 0.0525605 0.0290319 0.00619162 -0.00476255 -4.97243e-05 -0.0012301 0.00055602 0.000773999 -0.002911 -0.00330413 0.00215475 0.0201648 -0.0103736 -0.00387011 -0.0137276 0.000680872 0.0139784 -0.00160255 0.00377672 -0.00207472 -0.00629104
internal_weight=30954.7 12576 12565.6 18378.7 1490.79 23.273 1467.52 115.37 37.9713 16.6846 10.7285 21.2867 1352.15 16887.9 5727.35 11160.5 2618.31 3109.04 3025.58 2019.54 49.0509 298.599 598.768 111.978 44.6891 27.7536 486.791 229.192 162.226 257.598
internal_count=231564 86621 86552 144943 24812 239 24573 1301 414 193 126 221 23272 120131 37259 82872 17112 20147 19469 13175 324 1821 3937 744 320 192 3193 1496 1056 1697
cat_boundaries=0 1 2 3 4 5 6 7 8
cat_threshold=993880 7347240 8143876 4622243 243330 9443356 4195201 178
is_linear=0
shrinkage=0.04


Tree=172
num_leaves=31
num_cat=4
split_feature=13 12 30 30 4 1 4 12 13 30 18 24 6 1 1 13 4 21 29 21 27 27 6 22 22 4 30 27 13 21
split_gain=4.82014 8.65903 9.28896 9.02291 12.9521 10.6886 10.6019 8.51214 11.1889 9.21293 8.98734 8.4618 9.30352 8.90227 8.45447 9.36197 15.0411 8.55682 8.46392 14.1088 12.2337 10.9987 9.68008 8.41325 12.0068 22.1057 8.33112 14.6262 8.20771 10.2318
threshold=0.15476190476190479 4.5277777777777786 0 1 -0.023333333333332981 35.010000000000012 -0.011666666666666268 3.4142857142857146 0.31666666666666671 2 0.55000000000000016 4.5000000000000009 40.040000000000006 38.385000000000012 39.735000000000007 0.21111111111111114 0.035000000000000593 65.090000000000018 5.285000000000001 30.035000000000004 0.59366666666666645 0.28000000000000075 25.055000000000003 -4.6483333333333343 7.1555000000000009 -0.068333333333332899 3 -0.65000000000000002 0.29285714285714287 22.045000000000005
decision_type=10 10 1 1 2 2 2 10 10 1 10 2 2 2 2 10 2 2 2 2 2 2 2 2 2 2 1 2 10 2
left_child=1 3 23 5 -5 -1 -7 8 9 10 14 12 -4 -14 15 16 18 26 19 20 22 -21 -2 -3 25 -25 27 -16 -17 -30
right_child=7 2 11 4 -6 6 -8 -9 -10 -11 -12 -13 13 -15 17 28 -18 -19 -20 21 -22 -23 -24 24 -26 -27 -28 -29 29 -31
leaf_value=0.0092519663870900999 -0.035170927296698629 -0.0021652495942248128 -0.0061579239606864289 -0.0039805444871517702 0.0028816689576140232 0.0087628139491321023 -0.0052476121535554162 -0.00128495217348443 -0.0001802968197280015 0.00044315885925527796 0.042815391847242888 -0.019049744829075115 0.015318943570459277 -0.01558959293918263 0.061516971755185286 -0.006943765550637665 -0.009574761801991764 0.041911212039444187 0.011058332434517426 0.096875078838380854 0.057937339271207797 0.028919570873129369 0.018771151494654224 0.068469170547216796 -0.0038591628648329507 0.0088580828374181225 -0.0087012763815407564 0.0020808034075132033 0.015524042210288991 0.0036675396185470379
leaf_weight=548.43632466066629 6.1993583049625149 472.31856115395203 414.70234923157841 614.69487530272454 1549.2080871942453 144.4052001805976 215.20270056463778 8611.6531266206875 15091.431675652973 1483.3925513010472 10.0519230235368 64.759767565876245 66.079450921621174 19.25376183912158 7.3672906402498475 88.17120723053813 33.67364096082747 6.8399423137307158 79.355022650212049 7.9121222309768182 11.228935725986956 7.3515746295452118 37.646893562749028 10.45281947031617 124.36676148511469 208.30671813851222 146.66734064370394 65.70011655241251 144.38589692674577 602.01196404919028
leaf_count=4726 53 9550 6669 4607 13751 1090 1986 66987 97341 10422 64 1065 975 312 70 627 282 43 520 57 66 43 288 74 943 1857 1045 440 1127 4081
internal_value=-4.72496e-05 0.00117037 -0.00146134 0.00235281 0.000928047 0.00567534 0.000378456 -0.000252274 0.000246513 0.00259906 0.00510398 -0.00535017 -0.00368293 0.00834504 0.00484039 0.00639582 0.0145796 -0.00214769 0.0200131 0.0301157 0.0206847 0.0641451 0.0111444 0.00128204 0.00606465 0.0117064 -0.00351917 0.00710173 0.00459772 0.0059611
internal_weight=30893.2 4452.19 1380.24 3071.95 2163.9 908.044 359.608 26441 17829.4 2737.96 1254.56 564.795 500.036 85.3332 1244.51 1017.94 183.368 226.575 149.694 70.3389 55.0752 15.2637 43.8463 815.445 343.126 218.76 219.735 73.0674 834.569 746.398
internal_count=231161 47605 21445 26160 18358 7802 3076 183556 116569 19228 8806 9021 7956 1287 8742 7144 1309 1598 1027 507 407 100 341 12424 2874 1931 1555 510 5835 5208
cat_boundaries=0 1 2 3 4
cat_threshold=279 352 396 384
is_linear=0
shrinkage=0.04


end of trees

feature_importances:
stadium_code=706
win_rate_all_diff_mean=517
boat_number=450
exhibition_time_diff_mean=321
recent_top2_10_diff_mean=254
motor_win_rate_diff_mean=229
recent_rank_10=225
top2_rate_local_diff_mean=209
top2_rate_all=202
player_age=189
win_rate_all=187
boat_win_rate=176
motor_win_rate=154
win_rate_local=149
exhibition_time_rank_in_race=143
exhibition_time=137
win_rate_all_rank_in_race=132
wind_direction=104
race_number=100
top2_rate_local=95
motor_win_rate_rank_in_race=69
recent_top2_10=64
recent_top2_10_rank_in_race=64
recent_win_5=61
recent_win_10=56
top2_rate_local_rank_in_race=54
recent_top2_5=49
wind_speed=35
wave_height=31
player_class=25
distance=2
weather=1

parameters:
[boosting: gbdt]
[objective: binary]
[metric: auc,binary_logloss]
[tree_learner: serial]
[device_type: cpu]
[data_sample_strategy: bagging]
[data: ]
[valid: ]
[num_iterations: 1500]
[learning_rate: 0.04]
[num_leaves: 31]
[num_threads: 10]
[seed: 42]
[deterministic: 0]
[force_col_wise: 0]
[force_row_wise: 0]
[histogram_pool_size: -1]
[max_depth: -1]
[min_data_in_leaf: 40]
[min_sum_hessian_in_leaf: 0.001]
[bagging_fraction: 0.8]
[pos_bagging_fraction: 1]
[neg_bagging_fraction: 1]
[bagging_freq: 1]
[bagging_seed: 400]
[bagging_by_query: 0]
[feature_fraction: 0.8]
[feature_fraction_bynode: 1]
[feature_fraction_seed: 30056]
[extra_trees: 0]
[extra_seed: 12879]
[early_stopping_round: 0]
[early_stopping_min_delta: 0]
[first_metric_only: 0]
[max_delta_step: 0]
[lambda_l1: 0]
[lambda_l2: 0]
[linear_lambda: 0]
[min_gain_to_split: 0]
[drop_rate: 0.1]
[max_drop: 50]
[skip_drop: 0.5]
[xgboost_dart_mode: 0]
[uniform_drop: 0]
[drop_seed: 17869]
[top_rate: 0.2]
[other_rate: 0.1]
[min_data_per_group: 100]
[max_cat_threshold: 32]
[cat_l2: 10]
[cat_smooth: 10]
[max_cat_to_onehot: 4]
[top_k: 20]
[monotone_constraints: ]
[monotone_constraints_method: basic]
[monotone_penalty: 0]
[feature_contri: ]
[forcedsplits_filename: ]
[refit_decay_rate: 0.9]
[cegb_tradeoff: 1]
[cegb_penalty_split: 0]
[cegb_penalty_feature_lazy: ]
[cegb_penalty_feature_coupled: ]
[path_smooth: 0]
[interaction_constraints: ]
[verbosity: -1]
[saved_feature_importance_type: 0]
[use_quantized_grad: 0]
[num_grad_quant_bins: 4]
[quant_train_renew_leaf: 0]
[stochastic_rounding: 1]
[linear_tree: 0]
[max_bin: 255]
[max_bin_by_feature: ]
[min_data_in_bin: 3]
[bin_construct_sample_cnt: 200000]
[data_random_seed: 175]
[is_enable_sparse: 1]
[enable_bundle: 1]
[use_missing: 1]
[zero_as_missing: 0]
[feature_pre_filter: 1]
[pre_partition: 0]
[two_round: 0]
[header: 0]
[label_column: ]
[weight_column: ]
[group_column: ]
[ignore_column: ]
[categorical_feature: 10,19,25,30]
[forcedbins_filename: ]
[precise_float_parser: 0]
[parser_config_file: ]
[objective_seed: 16083]
[num_class: 1]
[is_unbalance: 0]
[scale_pos_weight: 1]
[sigmoid: 1]
[boost_from_average: 1]
[reg_sqrt: 0]
[alpha: 0.9]
[fair_c: 1]
[poisson_max_delta_step: 0.7]
[tweedie_variance_power: 1.5]
[lambdarank_truncation_level: 30]
[lambdarank_norm: 1]
[label_gain: ]
[lambdarank_position_bias_regularization: 0]
[eval_at: ]
[multi_error_top_k: 1]
[auc_mu_weights: ]
[num_machines: 1]
[local_listen_port: 12400]
[time_out: 120]
[machine_list_filename: ]
[machines: ]
[gpu_platform_id: -1]
[gpu_device_id: -1]
[gpu_use_dp: 0]
[num_gpu: 1]

end of parameters

pandas_categorical:[["A1", "A2", "B1", "B2"], ["01", "02", "03", "04", "05", "06", "07", "08", "09", "10", "11", "12", "13", "14", "15", "16", "17", "18", "19", "20", "21", "22", "23", "24"], ["\u6674", "\u66c7\u308a", "\u96e8", "\u96ea", "\u9727"], ["\u5317", "\u5317\u6771", "\u5317\u897f", "\u5357", "\u5357\u6771", "\u5357\u897f", "\u6771", "\u7121\u98a8", "\u897f"]]
