tree
version=v4
num_class=1
num_tree_per_iteration=1
label_index=0
max_feature_idx=32
objective=binary sigmoid:1
feature_names=stadium_code race_number distance weather wind_direction wind_speed wave_height b1_win_rate_all b1_top2_rate_all b1_win_rate_local b1_top2_rate_local b1_motor_win_rate b1_exhibition_time b1_player_age b1_recent_win_10 b1_recent_top2_10 b1_recent_rank_10 b1_class rest_max_win_rate_all rest_mean_win_rate_all gap_win_rate_all rest_max_top2_rate_all rest_mean_top2_rate_all gap_top2_rate_all rest_max_motor_win_rate rest_mean_motor_win_rate gap_motor_win_rate rest_max_exhibition_time rest_mean_exhibition_time gap_exhibition_time rest_max_recent_top2_10 rest_mean_recent_top2_10 gap_recent_top2_10
feature_infos=-1:11:7:23:19:1:14:5:8:16:9:4:6:20:10:0:17:22:21:18:13:2:3:12:15 [1:12] [1200:1800] -1:0:1:2:3 -1:2:3:4:5:0:8:6:1:7 [0:15] [0:20] [0:9.1600000000000001] [0:100] [0:10] [0:100] [0:100] [6.4199999999999999:8.2699999999999996] [19:77] [0:1] [0:1] [1:6] -1:2:0:1:3 [3.3100000000000001:9.1600000000000001] [2.1880000000000002:7.9520000000000008] [-7.5599999999999996:3.6800000000000006] [11.49:100] [5.1980000000000004:62.760000000000005] [-82.560000000000002:50.390000000000001] [0:100] [0:67.134] [-100:88.890000000000001] [6.4800000000000004:8.1999999999999993] [6.4299999999999997:7.6519999999999992] [-1.1599999999999993:0.24000000000000021] [0:1] [0:1] [-1:1]
tree_sizes=3376 3504 3450 3468 3498 3467 3472 3512 3469 3453 3451 3462 3481 3460 3479 3534 3493 3482 3425 3496 3471 3478 3462 3471 3448 3443 3515 3455 3485 3486 3513 3503 3487 3499 3474 3459 3475 3475 3493 3482 3483 3475 3450 3488 3459 3459 3474 3469 3519 3485 3511 3451 3478 3481 3469 3487 3461 3451 3475 3460 3452 3440 3442 3425 3480 3466 3427 3475 3435 3499 3509 3457 3469 3479 3446 3462 3482 3452 3497 3468 3471 3451 3478 3469 3469 3485 3479 3498 3503 3461 3517 3491 3486 3511 3462 3479 3489 3547 3500 3494 3473 3491 3494 3448 3464 3485 3503 3479 3462 3490 3505 3465 3470 3487 3419 3458 3424 3452 3439 3467 3499 3458 3455 3465 3478 3515 3424 3463 3454 3466 3501 3435 3515 3453 3475 3468 3470 3453 3495 3466 3501 3443 3442 3484 3457 3442 3496 3430 3505 3479 3502 3494 3476 3449 3442 3495 3443 3472 3443 3486 3485 3508 3429 3448 3419 3403 3468 3477 3485 3434 3467 3461 3451 3475 3464 3495 3444 3445 3502 3464 3473 3473 3467 3417 3484 3449

Tree=0
num_leaves=31
num_cat=8
split_feature=20 20 20 7 17 20 0 0 0 0 23 14 26 14 0 32 16 32 17 15 13 10 11 25 18 8 18 0 12 16
split_gain=2605.01 604.152 198.206 162.396 98.5671 81.9089 79.0967 42.4645 38.4636 36.9496 32.5445 28.4198 27.9281 26.8363 26.5684 28.0183 26.5496 26.2068 34.9211 23.2869 22.4222 21.6355 19.8541 19.3488 18.9019 18.6778 15.7461 15.6728 15.6208 14.1775
threshold=-1.4549999999999998 -0.21500000000000027 -2.6249999999999987 5.6550000000000011 0 0.48499999999999993 1 2 3 4 -19.704999999999991 1.0000000180025095e-35 -4.160000000000001 0.23611111111111113 5 0.056349206349206322 3.7071428571428577 -0.1763888888888889 6 0.21111111111111114 40.500000000000007 30.795000000000005 32.815000000000005 30.237000000000005 5.6750000000000007 38.150000000000006 6.6050000000000013 7 6.6950000000000012 2.8944444444444448
decision_type=2 2 2 2 1 2 1 1 1 1 2 8 2 8 1 8 8 10 1 10 2 2 2 2 2 2 2 1 2 10
left_child=2 3 16 7 10 8 28 22 19 -6 20 12 -9 25 15 -7 -1 18 26 -3 27 -13 -2 -24 -14 -10 -8 -4 -5 -30
right_child=1 5 4 6 9 14 17 11 13 -11 -12 21 24 -15 -16 -17 -18 -19 -20 -21 -22 -23 23 -25 -26 -27 -28 -29 29 -31
leaf_value=-0.16747001589804389 -0.17322778328748581 -0.17515206529645588 -0.18468321012853436 -0.20273580617011205 -0.1794593668966552 -0.21034350080248398 -0.19121066236053355 -0.17893237139193671 -0.20125209479036402 -0.19737556638058984 -0.17960810574621322 -0.1907951575850097 -0.21949131516372791 -0.21808840415930641 -0.2269624024839246 -0.22388110226233274 -0.15384800023152917 -0.21093781504760245 -0.1958852515354535 -0.20327082822251552 -0.16575742783118863 -0.20049201475355058 -0.20791123142307907 -0.18292606012524387 -0.18968952426933194 -0.21230745203958545 -0.21179540337361727 -0.1708690188344642 -0.19701518172309451 -0.18583309959945635
leaf_weight=168.39256465435028 170.8689258992672 30.954515561461449 152.79148881137371 118.61770363152027 182.5078237503767 327.12732045352459 37.39305479824543 211.72888644039631 178.05037350952625 224.85360103845596 386.06471808254719 415.0381446480751 27.735245943069458 636.17720381915569 614.88049711287022 237.48304338753223 547.27583512663841 687.43788158893585 358.08183601498604 184.48891274631023 644.8444681763649 413.30469177663326 33.678512930870056 162.44929766654968 61.909031122922897 604.47977988421917 316.72660322487354 443.26866284012794 172.85001489520073 249.12194123864174
leaf_count=680 690 125 617 479 737 1321 151 855 719 908 1559 1676 112 2569 2483 959 2210 2776 1446 745 2604 1669 136 656 250 2441 1279 1790 698 1006
internal_value=-0.194965 -0.20567 -0.170632 -0.197231 -0.175409 -0.215978 -0.202958 -0.189806 -0.211629 -0.189166 -0.172142 -0.192784 -0.184875 -0.213383 -0.222003 -0.215673 -0.157053 -0.206677 -0.202726 -0.199047 -0.169635 -0.195633 -0.181085 -0.187216 -0.19891 -0.209792 -0.209223 -0.173829 -0.193153 -0.190414
internal_weight=9000.58 6250.58 2750 3436.94 2034.33 2813.64 1940.23 1496.71 1634.15 407.361 1626.97 1129.72 301.373 1418.71 1179.49 564.61 715.668 1399.64 712.201 215.443 1240.9 828.343 366.997 196.128 89.6443 782.53 354.12 596.06 540.59 421.972
internal_count=36346 25241 11105 13879 8215 11362 7835 6044 6599 1645 6570 4562 1217 5729 4763 2280 2890 5652 2876 870 5011 3345 1482 792 362 3160 1430 2407 2183 1704
cat_boundaries=0 1 2 3 4 5 6 7 8
cat_threshold=12 8751 9259 8206 1598247 4795935 1 9322576
is_linear=0
shrinkage=1


Tree=1
num_leaves=31
num_cat=2
split_feature=20 20 7 29 7 23 29 7 29 20 29 29 20 11 19 32 29 13 13 32 17 32 23 32 16 24 25 19 32 4
split_gain=2497.28 416.704 333.912 117.941 101.119 98.4886 67.137 59.8836 46.4435 40.3447 40.1573 36.7396 34.8002 26.626 22.7568 21.894 21.4515 20.8866 20.6567 18.9653 20.1202 17.5688 17.4437 16.8883 16.7911 15.9875 15.3756 15.2381 14.8191 14.8112
threshold=-1.2150000000000001 -0.21500000000000027 4.8550000000000013 -0.05000000000000026 5.955000000000001 -32.304999999999993 -0.084999999999999951 5.455000000000001 -0.020000000000000014 0.54500000000000004 -0.010000000000000229 -0.039999999999999584 0.38000000000000039 32.815000000000005 5.4150000000000018 -0.20734126984126983 -0.12499999999999999 54.500000000000007 51.500000000000007 -0.21130952380952378 0 -0.47996031746031736 -18.394999999999992 -0.070436507936507894 3.5277777777777781 39.955000000000005 28.773000000000007 4.7470000000000008 0.068055555555555577 1
decision_type=2 2 2 2 2 2 2 2 2 2 2 2 2 2 2 10 2 2 2 8 1 8 2 10 10 2 2 2 8 1
left_child=2 4 5 12 8 21 -6 10 13 28 24 14 16 26 22 29 -3 23 -15 20 -8 -1 -7 -12 27 -13 -2 -4 -5 -9
right_child=1 3 7 9 6 11 19 15 -10 -11 17 25 -14 18 -16 -17 -18 -19 -20 -21 -22 -23 -24 -25 -26 -27 -28 -29 -30 -31
leaf_value=0.043929275675073952 0.00017203224043765199 0.0080171085155889242 -0.0027137472413311069 -0.018844517696588212 0.0047505698589310483 0.02835324857067395 0.0023685261240362662 -0.0079460959351133099 -0.0051548359943822501 -0.029689978411508042 0.0047339345343436184 0.013268689989428831 -0.017308062942389044 -0.0029435272276575595 0.038365505777189821 -0.0061638737847126103 -0.0084965958242714159 0.031910061178483211 0.013641397757313685 -0.016258200440442329 -0.012585366091908145 0.033619797162742007 0.016029836291933251 -0.017702303357659096 0.023677305918189874 0.022649051996083396 0.013022805545675122 0.016201758169605979 -0.026538982974902252 0.009840104393484728
leaf_weight=277.52282147109509 107.01244184374809 87.541889294981956 45.363567426800728 872.16518676280975 223.71158716082573 491.4686970859766 122.58887660503387 46.566089928150177 618.85686232149601 763.04530212283134 203.81349039077759 275.43153703212738 418.4323543459177 364.74938343465328 162.59717553853989 235.50517617166042 370.10846154391766 22.071546539664268 82.962017893791199 690.3759029507637 235.25918363034725 320.6618479937315 130.91221648454666 35.445759177207947 266.6058464050293 402.47961112856865 386.20992030203342 247.21002212166786 303.72147315740585 202.65695214271545
leaf_count=1117 432 354 183 3528 904 1980 495 188 2499 3090 822 1110 1694 1473 655 951 1497 89 335 2791 951 1291 528 143 1075 1622 1559 997 1229 818
internal_value=0.00017612 -0.0120165 0.0206284 -0.0201903 -0.003891 0.0281473 -0.0101689 0.00875532 0.00122831 -0.0243179 0.0136943 0.0239538 -0.011055 0.00542654 0.0283719 0.00039499 -0.00533776 0.00398603 0.0001297 -0.013353 -0.00774808 0.0384028 0.0257611 0.00141005 0.0182314 0.0188379 0.0102346 0.0132689 -0.0208319 0.00659284
internal_weight=9013.05 5646.74 3366.31 2815.01 2831.73 2061.07 1271.94 1305.24 1559.79 1938.93 820.51 1462.89 876.083 940.934 784.978 484.728 457.65 261.331 447.711 1048.22 357.848 598.185 622.381 239.259 559.179 677.911 493.222 292.574 1175.89 249.223
internal_count=36400 22831 13569 11392 11439 8303 5141 5266 6298 7847 3309 5895 3545 3799 3163 1957 1851 1054 1808 4237 1446 2408 2508 965 2255 2732 1991 1180 4757 1006
cat_boundaries=0 1 2
cat_threshold=6 3
is_linear=0
shrinkage=0.03


Tree=2
num_leaves=31
num_cat=9
split_feature=20 20 20 7 29 17 0 29 29 29 0 0 20 32 0 0 10 29 1 0 0 18 14 32 7 16 0 10 7 19
split_gain=2361.25 570.318 180.287 126.925 95.4131 80.4428 67.7185 60.6238 41.9248 41.7564 41.2841 40.9736 39.7611 27.6084 28.6062 26.311 26.1528 25.8261 25.6194 21.9995 21.0191 23.5505 19.1167 18.6569 18.5716 17.6955 16.0559 16.0545 14.4346 13.7492
threshold=-1.4549999999999998 -0.21500000000000027 -2.6249999999999987 5.6550000000000011 -0.05000000000000026 0 1 -0.010000000000000229 -0.07499999999999972 -0.039999999999999584 2 3 0.54500000000000004 0.066666666666666693 4 5 29.190000000000005 0.020000000000000021 10.500000000000002 6 7 6.3950000000000005 0.35416666666666669 -0.29583333333333323 6.0750000000000011 3.6125000000000003 8 27.255000000000003 4.8950000000000005 4.0770000000000008
decision_type=2 2 2 2 2 1 1 2 2 2 1 1 2 8 1 1 2 2 2 1 1 2 8 10 2 8 1 2 2 2
left_child=2 3 25 7 13 9 17 11 -8 -4 -7 -2 20 14 29 -11 26 -5 23 -18 21 -6 -14 24 -10 -1 -9 -13 -28 -3
right_child=1 4 5 6 12 10 8 16 18 15 -12 27 22 -15 -16 -17 19 -19 -20 -21 -22 -23 -24 -25 -26 -27 28 -29 -30 -31
leaf_value=0.026332427530193301 0.018371955389689314 -0.020138437710033586 0.025996851764314315 0.0055184770327627143 -0.0054951087508781074 0.01632438689150037 -0.00021309987073343049 0.012538194936809403 0.0040283327083518979 0.02223719299810515 -0.0025124807238161096 0.010606796646148352 -0.026135470802013869 -0.020457682868006605 -0.01382950644487611 0.0099987139759960559 0.0014647629997104269 -0.010793294219289241 -0.020441444868421095 -0.016391764368973303 -0.02304549827871679 -0.021551419121813142 -0.036541952681345455 -0.013514595458945608 -0.011585381119293966 0.038232518849829894 0.0083396550633646187 0.001291472248768224 -0.010618221613406293 0.0017212870348189081
leaf_weight=139.33110453188419 282.84623456001282 29.14653342962265 887.50901709496975 423.36696362495422 178.43931773304939 184.14242565631866 284.76893191039562 90.697960510849953 134.449064925313 366.76285335421562 227.46498867869377 269.05836388468742 547.06267462670803 244.91124574840069 364.80033127963543 385.88077494502068 100.5673945248127 110.06856751441956 309.91204591095448 168.33744071424007 853.63567574322224 152.46007697284222 223.89209131896496 548.92276142537594 139.90554794669151 583.16269399225712 60.225894495844841 436.8859865963459 90.408521085977554 232.18419104814529
leaf_count=560 1140 118 3569 1710 723 742 1151 366 543 1476 918 1085 2223 993 1478 1553 406 445 1255 680 3462 618 910 2222 566 2341 243 1763 365 940
internal_value=1.49892e-06 -0.0101853 0.0230499 -0.00200072 -0.0201764 0.0185117 -0.00704374 0.00456414 -0.0104299 0.0214579 0.00610196 0.00889797 -0.0238551 -0.0119178 -0.00857746 0.0163908 -0.0038344 0.00211311 -0.0130894 -0.0102687 -0.0204039 -0.0125148 -0.0291576 -0.0103218 -0.00393379 0.0359376 0.00333505 0.00477422 -0.00284942 -0.000690338
internal_weight=9051.21 6276.95 2774.25 3450.42 2826.53 2051.76 1951.39 1499.03 1417.96 1640.15 411.607 988.791 1955.49 871.042 626.131 752.644 510.237 533.436 1133.19 268.905 1184.54 330.899 770.955 823.277 274.355 722.494 241.332 705.944 150.634 261.331
internal_count=36564 25405 11159 13940 11465 8258 7892 6048 5737 6598 1660 3988 7936 3529 2536 3029 2060 2155 4586 1086 4803 1341 3133 3331 1109 2901 974 2848 608 1058
cat_boundaries=0 1 2 3 4 5 6 7 8 9
cat_threshold=12 8751 3695143 9323 14295566 587343 3170955 74287 115503
is_linear=0
shrinkage=0.03


Tree=3
num_leaves=31
num_cat=7
split_feature=20 20 20 29 23 29 8 8 29 20 0 0 0 0 0 8 15 0 16 32 0 8 29 15 8 18 20 32 1 8
split_gain=2203.41 407.494 253.34 101.753 98.7551 93.6806 65.629 60.2911 51.2273 36.8375 36.0675 35.5714 28.4624 28.1881 27.8537 30.5457 27.8487 26.9657 24.479 24.4434 22.5359 21.3193 20.8852 18.0463 17.7088 17.6485 21.6408 17.3219 15.1707 15.0054
threshold=-1.2499999999999993 -0.21500000000000027 -1.8099999999999989 -0.060000000000000046 -32.304999999999993 -0.055000000000000153 38.835000000000008 34.160000000000004 -0.044999999999999922 0.54500000000000004 0 1 2 3 4 35.795000000000009 0.23611111111111113 5 3.6458333333333335 0.02638888888888891 6 32.525000000000013 -0.15999999999999967 0.47222222222222227 37.055000000000007 6.5650000000000004 -0.7749999999999998 -0.52440476190476171 10.500000000000002 37.20000000000001
decision_type=2 2 2 2 2 2 2 2 2 2 1 1 1 1 1 2 10 1 10 8 1 2 2 10 2 2 2 10 2 2
left_child=2 3 4 14 18 19 17 11 21 24 -8 16 -10 28 -2 -16 -4 -5 -1 20 -3 -6 -17 -12 -7 26 -19 -14 -9 -29
right_child=1 5 7 6 8 9 10 13 12 -11 23 -13 27 -15 15 22 -18 25 -20 -21 -22 -23 -24 -25 -26 -27 -28 29 -30 -31
leaf_value=0.025209902287462588 0.010048288678962474 0.0022858488742066784 0.015059743181511953 0.0084872937775108369 0.029788710033297902 -0.0098626294825295713 -0.0023546988648461722 0.011150447128949479 0.024251443466464972 -0.027940735850404113 -0.010668099399812406 0.01920189700048577 0.025250223979721251 -0.0068249260480057724 0.011181650212310273 0.017782628445954789 -0.0018300131718331873 0.0043333857030345199 0.039003524663108503 -0.018689938746654668 -0.010960670300937227 0.013692043374667732 -0.0085259020714223005 -0.0194746391102949 -0.020921532624730503 -0.014473862166138806 -0.0075471405528283186 0.010157364675441741 -0.011767449441229661 -0.016760656442133339
leaf_weight=150.74925264716148 470.56709685921669 158.29021854698658 168.78633280098438 203.76562090218067 574.85393890738487 149.03949689865112 294.64955280721188 195.93205401301384 262.8410824239254 775.38314263522625 419.67567653954029 481.8447842746973 67.69365519285202 230.86078582704067 138.40414910018444 30.211842328310013 183.25612691044807 277.95324635505676 499.3451292514801 253.71014626324177 431.97471629083157 85.003259003162384 268.61710427701473 418.01134251058102 1037.5080528259277 115.20631133019924 274.0308666229248 384.89268736541271 29.972111433744431 19.586660578846931
leaf_count=605 1899 641 679 822 2307 605 1191 790 1056 3163 1700 1938 272 932 558 122 738 1122 2001 1031 1752 342 1086 1696 4218 466 1107 1547 121 79
internal_value=0.000203261 -0.0111021 0.0195799 -0.00323881 0.0261481 -0.0192602 -0.00701444 0.00917292 0.0216474 -0.0228555 -0.0117766 0.0139718 0.0162001 0.000411979 0.00509309 -0.000459202 0.00609464 -0.000823072 0.0358049 -0.0109025 -0.00755534 0.0277151 -0.00586609 -0.0148849 -0.0195324 -0.00373772 -0.00156467 0.0109722 0.00776601 0.00885388
internal_weight=9052.62 5717 3335.62 2911.09 2044.97 2805.91 2003.29 1290.65 1394.87 1961.93 1132.34 833.887 735.014 456.765 907.8 437.233 352.042 870.956 650.094 843.975 590.265 659.857 298.829 837.687 1186.55 667.19 551.984 472.173 225.904 404.479
internal_count=36586 23179 13407 11769 8209 11410 8104 5198 5603 7986 4587 3355 2954 1843 3665 1766 1417 3517 2606 3424 2393 2649 1208 3396 4823 2695 2229 1898 911 1626
cat_boundaries=0 1 2 3 4 5 6 7
cat_threshold=8751 10885840 9835 3203199 1125087 3145771 5316614
is_linear=0
shrinkage=0.03


Tree=4
num_leaves=31
num_cat=2
split_feature=7 23 23 29 23 17 23 29 29 32 16 7 29 26 17 25 22 22 32 29 7 29 32 9 13 32 10 8 19 12
split_gain=2026.05 350.833 256.456 119.538 108.487 67.067 62.0514 55.2026 53.0401 52.33 27.5437 24.9107 29.4272 22.0812 21.4891 20.9138 20.5555 20.3515 19.874 18.7733 18.432 17.6663 17.1384 16.2869 15.9314 15.8925 15.1778 14.8271 16.8913 14.8
threshold=5.4150000000000009 -18.574999999999992 2.4600000000000048 -0.039999999999999584 -32.304999999999993 0 -9.2949999999999999 -0.064999999999999933 -0.044999999999999922 -0.19999999999999998 3.6458333333333335 5.7350000000000012 -0.13000000000000031 -4.160000000000001 1 33.827000000000012 21.269000000000009 34.909000000000013 -0.20734126984126983 -1.0000000180025095e-35 4.8350000000000009 -0.05000000000000026 -0.36190476190476178 4.4850000000000012 51.500000000000007 0.077777777777777821 22.650000000000002 32.525000000000013 4.8870000000000013 6.7250000000000005
decision_type=2 2 2 2 2 1 2 2 2 10 10 2 2 2 1 2 2 2 10 2 2 2 8 2 2 10 2 2 2 2
left_child=1 4 3 9 10 18 13 22 15 14 21 -11 -13 -3 17 27 -15 -2 -5 -8 24 -1 -4 -21 -10 -9 -12 28 -6 -24
right_child=2 6 7 5 8 -7 19 25 20 11 26 12 -14 16 -16 -17 -18 -19 -20 23 -22 -23 29 -25 -26 -27 -28 -29 -30 -31
leaf_value=0.03509821851168396 0.0032774803599443679 0.01245529152307114 0.010387894247924214 -0.0013293623270824808 0.013358695327194123 -0.018515812536517014 -8.5481101402365634e-05 -0.022553852079859049 0.015399982256763695 0.0025492935546043709 0.04125147645146076 0.0079462866320239908 -0.01139262117956953 -0.019678032547072882 -0.0022329083993861683 0.030662534555729395 0.0053920097973117996 0.016538343727574168 -0.010382755365200056 0.0017036728156815482 0.008256170349947408 0.014191223676271861 0.0030094123784089764 -0.020318593070880374 0.028061325867649037 -0.029574499825914573 0.029858068520446066 -0.0012302211231586266 0.026686916345218598 -0.016125701844619009
leaf_weight=63.132204249501228 299.66611386835575 652.75593096017838 28.098627433180809 343.09602838754654 127.16165913641453 962.87404665350914 325.93918068706989 788.57358334958553 495.28757698833942 200.85704128444195 343.82423603534698 79.186634451150894 669.86716414988041 32.982269048690796 332.07266975939274 373.09936946630478 273.65802572667599 159.64986361563206 599.59382012486458 44.480106502771378 269.80323040485382 85.825873836874962 41.069403618574142 94.304101049900055 109.15248781442642 459.15369932353497 151.64302316308022 25.628261134028435 261.69190575182438 318.47191220521927
leaf_count=253 1210 2627 114 1387 510 3916 1317 3220 1988 811 1376 320 2717 133 1345 1496 1102 644 2432 180 1085 344 167 382 438 1879 607 103 1049 1295
internal_value=-0.000240655 0.0166853 -0.012194 -0.00776741 0.023915 -0.0129595 0.00497753 -0.0220652 0.0198631 -0.00208556 0.0343637 -0.00683249 -0.0093482 0.00933588 0.00361223 0.0255099 0.00269547 0.00771867 -0.00701334 -0.00402004 0.0147761 0.0230521 -0.0121765 -0.0132605 0.0176864 -0.0251374 0.0377644 0.0208717 0.0223284 -0.01394
internal_weight=9012.6 3730.37 5282.23 3646.86 2306.25 1905.56 1424.12 1635.37 1661.82 1741.3 644.425 949.911 749.054 959.396 791.389 787.581 306.64 459.316 942.69 464.723 874.243 148.958 387.64 138.784 604.44 1247.73 495.467 414.482 388.854 359.541
internal_count=36447 14990 21457 14782 9249 7735 5741 6675 6669 7047 2580 3848 3037 3862 3199 3158 1235 1854 3819 1879 3511 597 1576 562 2426 5099 1983 1662 1559 1462
cat_boundaries=0 1 2
cat_threshold=6 6
is_linear=0
shrinkage=0.03


Tree=5
num_leaves=31
num_cat=8
split_feature=7 20 20 29 0 20 23 29 29 29 20 7 32 32 0 10 0 0 15 16 0 29 17 26 0 0 28 11 32 26
split_gain=1973.77 325.617 299.898 105.561 86.4486 83.8157 71.4423 46.5138 43.7999 38.7463 35.1146 33.6917 25.7008 25.4123 24.9435 24.405 23.6362 23.231 21.9882 21.5769 21.0911 18.8716 18.5641 17.9563 17.2258 16.9595 16.2659 15.0358 14.8373 14.5227
threshold=5.455000000000001 -1.8099999999999989 -0.21500000000000027 -0.05000000000000026 0 -0.88000000000000023 -33.154999999999994 -0.055000000000000153 -0.010000000000000229 -0.07499999999999972 0.99500000000000022 5.9250000000000007 -0.12777777777777777 -0.19999999999999998 1 27.600000000000005 2 3 0.11805555555555557 3.683333333333334 4 -0.015000000000000123 5 4.3250000000000002 6 7 6.6830000000000007 38.720000000000006 -0.27638888888888885 -16.244999999999994
decision_type=2 2 2 2 1 2 2 2 2 2 2 2 8 8 1 2 1 1 10 8 1 2 1 2 1 1 2 2 10 2
left_child=1 6 4 13 12 8 19 26 16 -8 -5 28 22 24 -15 25 23 18 -11 -1 -10 -17 -2 -3 -4 -7 -6 -28 -9 -19
right_child=2 5 3 10 7 15 9 11 20 17 -12 -13 -14 14 -16 21 -18 29 -20 -21 -22 -23 -24 -25 -26 -27 27 -29 -30 -31
leaf_value=0.02264232610468906 2.6981196041080672e-05 0.02592629430425706 0.0081994909155750188 -0.021183708785418406 0.017902241238779506 -0.0034758127389139921 0.029096942286896212 0.00095855258272653412 0.011409914990162622 0.02222596781326841 -0.031563522053297578 -0.016325869476719979 -0.002764225855064932 -0.0066646409104271793 -0.019553173093500579 -0.0022094357761463712 0.011356600347126834 0.030804765415586497 0.0069139536369955219 0.036729388989701052 -0.0021141730788209845 -0.01721959419910199 0.01258633407781541 -0.005392507712175503 -0.0083067118480309177 0.01235335420814892 -0.00028839105099081502 -0.012010968778336115 -0.01008598589186965 0.019664726587098526
leaf_weight=125.11074380576611 176.83017586171627 244.0926750600338 89.252040565013885 1448.1984428465366 35.624899849295616 114.54184962809086 390.34180074930191 177.19609972834587 163.0835270434618 121.26148608326912 367.82900835573673 688.66165579855442 353.52897208929062 306.91973252594471 298.08858858048916 197.9669576883316 642.65104706585407 136.24601499736309 277.70086659491062 449.21614666283131 256.69095818698406 121.74278303980827 280.52701118588448 17.668501988053322 124.08827504515648 116.12730745971203 423.66811606287956 128.29447476565838 286.4253299087286 464.0162191838026
leaf_count=501 715 980 362 5928 144 463 1563 716 656 486 1513 2802 1430 1249 1215 800 2583 546 1114 1797 1034 494 1131 71 504 469 1713 519 1161 1860
internal_value=-8.34398e-05 0.0162238 -0.0121554 -0.0192548 -0.00482324 0.00728037 0.0247605 -0.00856486 0.0113701 0.0210819 -0.0232861 -0.0121168 0.00327022 -0.0103089 -0.0134482 -0.00255923 0.0150872 0.0179509 0.0112851 0.0336607 0.00336142 -0.00792518 0.00800624 0.0229361 -0.00140628 0.00487803 -0.00174503 -0.00301311 -0.00586476 0.0218296
internal_weight=9023.59 3838.46 5185.13 2634.38 2550.76 1874.57 1963.89 1739.87 1324.19 1389.57 1816.03 1152.28 810.886 818.349 605.008 550.379 904.412 999.225 398.962 574.327 419.774 319.71 457.357 261.761 213.34 230.669 587.587 551.963 463.621 600.262
internal_count=36519 15417 21102 10771 10331 7550 7867 7055 5324 5569 7441 4679 3276 3330 2464 2226 3634 4006 1600 2298 1690 1294 1846 1051 866 932 2376 2232 1877 2406
cat_boundaries=0 1 2 3 4 5 6 7 8
cat_threshold=1057327 5843134 42083 13615248 2139919 1 13242919 15112993
is_linear=0
shrinkage=0.03


Tree=6
num_leaves=31
num_cat=8
split_feature=20 20 20 8 29 17 0 29 29 0 20 29 0 0 29 6 20 0 16 32 26 32 0 32 13 29 23 17 23 32
split_gain=1869.43 434.086 157.455 114.346 86.9202 68.7745 66.4303 47.5077 47.2345 44.8487 42.0756 29.1377 28.7523 26.9254 26.7352 21.1078 20.6352 19.1957 19.0887 18.6534 17.1393 17.1303 16.7038 16.2333 15.5288 14.9998 14.9996 14.8382 14.558 14.5058
threshold=-1.4399999999999999 -0.21500000000000027 -2.6249999999999987 37.20000000000001 -0.060000000000000046 0 1 -0.010000000000000229 -0.044999999999999922 2 0.48499999999999993 -0.029999999999999801 3 4 0.020000000000000021 2.5000000000000004 0.46000000000000046 5 3.7638888888888893 -0.19821428571428568 8.7150000000000016 -0.35634920634920625 6 -0.26825396825396819 56.500000000000007 0.029999999999999808 -6.2399999999999993 7 -19.704999999999991 -0.49603174603174599
decision_type=2 2 2 2 2 1 1 2 2 1 2 2 1 1 2 2 2 1 10 8 2 10 1 10 2 2 2 1 2 8
left_child=2 3 21 7 12 8 14 13 20 -7 22 23 16 24 -5 -13 -3 -9 -10 -14 28 -1 -6 27 -2 -12 -16 -8 -4 -15
right_child=1 4 5 6 10 9 11 17 18 -11 25 15 19 29 26 -17 -18 -19 -20 -21 -22 -23 -24 -25 -26 -27 -28 -29 -30 -31
leaf_value=0.035530111817513248 0.013606709273560814 0.0098311578607796716 0.027138915773697335 0.0058836576682619454 -0.011660786162507587 0.017643157730659571 -0.0076138202089567741 0.0043266666127687791 0.0096412399820408317 -0.0022465780519341939 -0.023902575311528885 -0.018730969057963183 -0.0047183653255069707 0.018211941827640878 -0.0016082030590128251 -0.0077582271292654685 -0.0099595663020378925 -0.007856271822034069 0.018481236762600051 -0.016523993574733435 -0.00063455664565224769 0.025820563675964713 -0.020353758135795774 -0.0093112999076737403 0.039283391541186402 -0.033136182728369726 -0.023719552139028217 0.0060055869759370545 0.017553721118689487 0.0026921124615804613
leaf_weight=480.57284142076969 334.11541455984116 107.81390649080276 599.66783840954304 424.25680351257324 434.94152943789959 150.10678701102734 120.97752982378006 183.37617655098438 440.48296682536602 280.81369985640049 677.99926851689816 419.6024983972311 177.14448018372059 60.385780155658722 69.353088229894638 252.86534893512726 84.641295298933983 291.01520064473152 438.89652581512928 376.39361591637135 24.47147960960865 247.88889116048813 727.39797034859657 483.22703805565834 22.63441701233387 206.58201451599598 45.876569166779518 149.88555012643337 187.10165908932686 529.24004119634628
leaf_count=1923 1344 437 2400 1713 1779 603 491 740 1767 1132 2797 1709 720 243 281 1030 345 1177 1759 1536 98 992 2981 1962 91 853 186 605 750 2132
internal_value=9.20998e-05 -0.00917784 0.0201923 -0.0019575 -0.0179336 0.0160604 -0.00664348 0.00452692 0.0187586 0.00492482 -0.0211285 -0.00999462 -0.00916686 0.00841091 0.00235943 -0.0146049 0.00107157 -0.00322135 0.0140533 -0.0125198 0.0240904 0.032226 -0.0173763 -0.00601587 0.0148204 -0.026059 -0.0104114 -0.000136721 0.0248595 0.00421015
internal_weight=9029.73 6179.73 2850 3386.81 2792.91 2121.54 1966.04 1420.77 1690.62 430.92 2046.92 1426.56 745.993 946.376 539.486 672.468 192.455 474.391 879.379 553.538 811.241 728.462 1162.34 754.09 356.75 884.581 115.23 270.863 786.769 589.626
internal_count=36576 25152 11424 13704 11448 8509 7977 5727 6774 1735 8410 5797 3038 3810 2180 2739 782 1917 3526 2256 3248 2915 4760 3058 1435 3650 467 1096 3150 2375
cat_boundaries=0 1 2 3 4 5 6 7 8
cat_threshold=12 8751 1581607 5382150 2631851 3727883 4792879 1
is_linear=0
shrinkage=0.03


Tree=7
num_leaves=31
num_cat=3
split_feature=20 20 20 17 29 29 17 29 29 20 14 20 32 29 11 10 17 29 5 32 23 14 26 5 21 26 15 26 5 14
split_gain=1735.78 410.541 129.807 108.2 66.3603 65.9427 54.7626 40.797 36.7736 36.2313 25.5702 24.8477 23.5918 20.1689 19.5928 18.333 17.5557 16.3954 15.6697 15.2471 15.1486 14.7552 14.6713 14.0343 14.5347 13.9743 13.6467 13.5968 13.3571 13.2978
threshold=-1.4399999999999999 -0.22500000000000006 -2.6249999999999987 0 -0.069999999999999826 -0.05000000000000026 1 -0.010000000000000229 -0.039999999999999584 0.99500000000000022 0.18333333333333338 0.56500000000000006 -0.22361111111111109 -0.12499999999999999 38.475000000000009 23.550000000000004 2 -0.14999999999999988 3.5000000000000004 -0.19246031746031741 -23.664999999999992 0.23611111111111113 8.2550000000000043 2.5000000000000004 49.270000000000003 -14.729999999999997 0.35416666666666669 8.2550000000000043 6.5000000000000009 1.0000000180025095e-35
decision_type=2 2 2 1 2 2 1 2 2 2 10 2 8 2 2 2 1 2 2 10 2 10 2 2 2 2 8 2 2 8
left_child=2 3 14 7 17 11 8 12 20 18 22 13 -2 -3 15 -1 25 -5 26 -15 -4 -9 28 -12 -25 -8 -7 -22 -6 -10
right_child=1 5 6 4 10 9 16 21 29 -11 23 -13 -14 19 -16 -17 -18 -19 -20 -21 27 -23 -24 24 -26 -27 -28 -29 -30 -31
leaf_value=0.036897916575836194 0.016421812354513031 0.0044989342474968377 0.026012624741827011 0.014442541380247951 -0.0037029937721152705 -0.015068449427446231 0.018270315051219874 0.00058555920780778772 0.018673269395868261 -0.029285958658948136 -0.014960718710652111 -0.017647640097755296 0.0052883232618093894 -0.0027314116831879268 0.021713150847162927 0.025064934655858802 -0.0075225353227448876 0.00074901519140591272 -0.014036193151647511 -0.013965919393086172 0.019265011288401589 -0.015690216459675686 -0.025295079148076122 -0.0013543331175918424 -0.011609983098015053 0.0049430644620036771 -0.02261424658147761 -0.009351244162105735 0.020255864958129029 0.01042578060422145
leaf_weight=371.17365002632141 311.92222136259079 110.56992173194885 461.89231047034264 92.335431933403015 573.30690713226795 294.26628340780735 96.506746828556061 304.43421931564808 270.34456399083138 353.21344935894012 525.79648420214653 301.67342938482761 379.93916653096676 173.8175063431263 179.61104506254196 172.65150785446167 70.087683007121086 532.59714043140411 465.66527639329433 290.31495448946953 435.59077002108097 60.012885108590126 27.361212387681007 188.59694865345955 365.22098885476589 265.92560286819935 807.966348066926 15.474445730447767 21.736227482557297 503.88254627585411
leaf_count=1486 1254 449 1848 372 2324 1209 388 1230 1083 1468 2140 1235 1530 706 719 691 283 2151 1917 1185 1744 243 111 765 1487 1070 3330 62 88 2020
internal_value=-6.8257e-05 -0.00899207 0.0193314 -0.00196142 -0.00556461 -0.0174949 0.0155865 0.00597221 0.0180084 -0.0206058 -0.00865836 -0.0106754 0.0103078 -0.00701552 0.0303039 0.0331412 0.0055935 0.00277227 -0.0186504 -0.0097586 0.0221938 -0.00209455 -0.00381548 -0.0114503 -0.00811753 0.00826377 -0.0205997 0.0182833 -0.0028278 0.0133056
internal_weight=9023.89 6180.75 2843.14 3383.26 2326.95 2797.49 2119.7 1056.31 1687.18 1921.11 1702.02 876.376 691.861 574.702 723.436 543.825 432.52 624.933 1567.9 464.132 912.958 364.447 622.404 1079.61 553.818 362.432 1102.23 451.065 595.043 774.227
internal_count=36588 25194 11394 13695 9438 11499 8498 4257 6757 7924 6915 3575 2784 2340 2896 2177 1741 2523 6456 1891 3654 1473 2523 4392 2252 1458 4539 1806 2412 3103
cat_boundaries=0 1 2 3
cat_threshold=12 12 2
is_linear=0
shrinkage=0.03


Tree=8
num_leaves=31
num_cat=7
split_feature=7 23 23 29 17 23 23 0 29 0 29 29 0 32 29 13 7 29 11 32 0 0 10 31 0 9 5 13 13 10
split_gain=1661.65 251.086 197.17 117.984 74.7753 73.0988 65.6215 44.0097 40.72 35.1492 32.5932 26.4065 25.8193 24.8989 23.1066 22.7066 28.1811 20.1199 20.0033 19.5738 19.1746 18.9525 18.454 17.0858 16.3893 19.3973 16.2485 15.4369 15.3377 15.026
threshold=5.4150000000000009 -21.474999999999991 3.9000000000000026 -0.060000000000000046 0 -9.2949999999999999 -32.304999999999993 1 -0.07499999999999972 2 -0.044999999999999922 -0.029999999999999801 3 -0.25634920634920627 -1.0000000180025095e-35 39.500000000000007 6.3450000000000006 -0.12499999999999999 38.035000000000004 -0.10000000000000001 4 5 28.960000000000004 0.31674603174603183 6 6.4450000000000012 6.5000000000000009 45.500000000000007 51.500000000000007 22.650000000000002
decision_type=2 2 2 2 1 2 2 1 2 1 2 2 1 10 2 2 2 2 2 10 1 1 2 10 1 2 2 2 2 2
left_child=1 6 3 9 7 11 29 19 21 15 -8 -3 -6 -9 -7 16 -2 -11 -17 -5 -12 -4 -16 -24 -10 -26 -15 -14 -22 -1
right_child=2 5 8 4 12 14 10 13 24 17 20 -13 27 26 22 18 -18 -19 -20 -21 28 -23 23 -25 25 -27 -28 -29 -30 -31
leaf_value=0.034121491977786751 -0.0038969282381727038 0.014573566945239301 0.0018361752776943122 -0.0073834099581728853 -0.0073254644599112838 0.0016413708369036309 0.024014039747501419 0.0067743064774613395 -0.028385836794420527 0.014023408944044432 -0.00086305115143002736 0.0060890668572192623 -0.020018627638032718 -0.0058718720281625931 -0.0011108247554684958 0.0053485296429571774 -0.025390363796264383 0.0020384305926942755 -0.013454823515113363 -0.018891660759273191 0.014085383681178891 -0.01526129158445731 -0.0290046003379421 0.0078054353824966692 -0.014101069917399489 -0.0243115993755997 0.020549648610616082 -0.010720507940801127 0.026648065770757172 0.024356655712440306
leaf_weight=417.62103773653507 135.94597981870174 769.82128028571606 89.093682333827019 311.73082844913006 303.30079419910908 336.69302813708782 607.21288672089577 253.18803513050079 452.72263458371162 166.84922969341278 74.623547852039337 578.03691719472408 863.0219678580761 487.4977962076664 67.058153763413429 192.43792606890202 92.09494648873806 515.73444625735283 69.238378405570984 232.01513738930225 486.09897062182426 176.95543691515923 64.670911088585854 13.76406219601631 342.38936385512352 327.73535239696503 21.888384968042374 197.46882292628288 106.65723024308681 214.75883577764034
leaf_count=1674 550 3087 364 1266 1238 1361 2430 1024 1882 673 299 2324 3546 1985 272 780 375 2087 281 949 1947 725 264 56 1419 1360 89 811 427 860
internal_value=8.34862e-06 0.0152868 -0.0109059 -0.00740426 -0.0108875 0.00734877 0.0229046 -0.00560832 -0.0205932 0.000529436 0.0189847 0.0109349 -0.0157874 -0.000902894 -0.00267567 -0.00554399 -0.0125771 0.00489628 0.000373247 -0.0120719 0.0144087 -0.0100404 -0.012666 -0.022545 -0.0230936 -0.0188139 -0.00473654 -0.0181164 0.0160747 0.0308053
internal_weight=8968.33 3737.02 5231.31 3842.41 2670.11 1830.04 1906.97 1306.32 1388.9 1172.3 1274.59 1347.86 1363.79 762.574 482.186 489.717 228.041 682.584 261.676 543.746 667.38 266.049 145.493 78.435 1122.85 670.125 509.386 1060.49 592.756 632.38
internal_count=36405 15001 21404 15654 10908 7364 7637 5313 5750 4746 5103 5411 5595 3098 1953 1986 925 2760 1061 2215 2673 1089 592 320 4661 2779 2074 4357 2374 2534
cat_boundaries=0 1 2 3 4 5 6 7
cat_threshold=6 10131600 9362496 8747 393472 5112854 10932608
is_linear=0
shrinkage=0.03


Tree=9
num_leaves=31
num_cat=7
split_feature=7 7 7 18 18 29 0 0 8 0 18 0 18 21 0 14 21 17 0 29 29 29 19 19 8 29 6 8 29 7
split_gain=1511.76 176.107 150.564 99.9415 73.4786 72.6922 55.0616 50.8221 42.3441 37.5456 31.532 32.124 30.5714 27.5746 27.4558 26.9509 26.7834 26.3219 25.1393 24.5472 23.7865 23.5008 21.8375 21.1949 20.642 20.0116 17.4973 16.8117 16.0487 15.9121
threshold=5.4150000000000009 6.3450000000000006 4.8350000000000009 6.1950000000000012 6.0450000000000008 -0.05000000000000026 0 1 16.890000000000004 2 5.9450000000000012 3 6.3150000000000004 43.205000000000005 4 0.18333333333333338 43.495000000000005 5 6 0.020000000000000021 -0.039999999999999584 -0.069999999999999826 3.9290000000000003 4.6990000000000016 10.585000000000003 -0.05000000000000026 2.5000000000000004 22.745000000000005 0.034999999999999705 7.1450000000000005
decision_type=2 2 2 2 2 2 1 1 2 1 2 1 2 2 1 10 2 1 1 2 2 2 2 2 2 2 2 2 2 2
left_child=2 4 3 9 21 16 19 12 -5 23 -7 26 -4 -9 20 28 -3 25 29 -6 -10 22 -2 24 -1 -15 -12 -11 -8 -18
right_child=1 5 7 8 6 10 15 13 14 27 11 -13 -14 17 -16 -17 18 -19 -20 -21 -22 -23 -24 -25 -26 -27 -28 -29 -30 -31
leaf_value=0.02788190663342827 -0.02931522969443906 -0.018852460440368587 0.0054689473344983908 0.032886919703504922 0.0074775890765312516 -0.028154993867372261 0.0010180256356585114 -0.0059162657876807552 0.020819968992782156 0.02164799692701868 -0.014265651259159368 -0.020291221566317585 0.020360450751208396 0.018581563000744407 0.024904460672613087 -0.0094791444629090619 0.0099910250665439775 -0.0027937007148315617 -0.0090954544417543408 -0.0069380319347780136 0.0070940921067522639 -0.016127293890136115 0.00079519824890179945 0.013608077746189547 -0.0038951687444858185 0.0050513524475324237 -0.0004608808207855309 0.0095664935666060508 -0.018715789676474557 -0.012548945709063992
leaf_weight=19.965602815151215 25.333063170313835 177.02128195762634 205.58349750936031 352.29483059048653 567.92574831843376 313.7427047342062 473.93615110218525 256.97778449952602 241.98112416267395 270.68788658082485 225.06302490830421 1056.3654142916203 312.93889985978603 160.05452409386635 719.25337909162045 735.50518445670605 123.60886278748512 217.17031909525394 454.16561974585056 130.79420138895512 214.2264102846384 560.69742019474506 150.22854386270046 126.98309971392155 234.30220583081245 255.321837708354 130.57480584084988 167.99408295750618 40.239536643028259 36.514754340052605
leaf_count=80 104 728 830 1414 2294 1316 1922 1041 969 1085 928 4370 1254 641 2880 2997 501 873 1852 531 858 2319 612 509 943 1025 537 675 164 149
internal_value=7.31808e-05 -0.0103992 0.0145774 0.0192293 -0.00505429 -0.0160999 -0.00200335 0.00682129 0.0237638 0.0107801 -0.0195522 -0.0176407 0.0141828 0.00234434 0.0210296 -0.00574955 -0.008571 0.00573734 -0.00560817 0.00471168 0.0140662 -0.0131281 -0.00354965 0.00350677 -0.00139997 0.0100236 -0.0089456 0.016642 -0.000526348 0.00456584
internal_weight=8957.45 5201.72 3755.74 2347.69 2684.66 2517.06 1948.4 1408.05 1527.76 819.933 1725.75 1412 518.522 889.524 1175.46 1249.68 791.311 632.547 614.289 698.72 456.208 736.259 175.562 381.251 254.268 415.376 355.638 438.682 514.176 160.124
internal_count=36401 21324 15077 9413 10943 10381 7908 5664 6121 3292 7151 5835 2084 3580 4707 5083 3230 2539 2502 2825 1827 3035 716 1532 1023 1666 1465 1760 2086 650
cat_boundaries=0 1 2 3 4 5 6 7
cat_threshold=5251631 5776399 10405124 272426 7307472 4 8494
is_linear=0
shrinkage=0.03


Tree=10
num_leaves=31
num_cat=8
split_feature=7 20 20 29 29 20 20 29 0 0 0 1 20 0 0 0 10 29 20 0 5 4 24 26 26 31 26 16 10 11
split_gain=1468.82 235.625 224.023 63.1161 62.5586 58.8679 55.2701 36.9786 36.9232 34.4058 33.4183 30.6836 28.5769 23.7968 22.5987 22.2284 19.9845 18.2897 17.8066 17.4382 17.1204 17.3432 16.7814 16.1234 15.7564 24.9119 15.3133 15.1005 14.5285 14.305
threshold=5.455000000000001 -1.8299999999999996 -0.21500000000000027 -0.05000000000000026 -0.055000000000000153 -2.8049999999999993 -0.88000000000000023 -0.05000000000000026 0 1 2 10.500000000000002 0.99500000000000022 3 4 5 27.600000000000005 -0.05000000000000026 1.4650000000000001 6 6.5000000000000009 7 42.320000000000007 -4.335 -0.56999999999999662 0.22666666666666671 -4.0599999999999961 3.4722222222222228 22.180000000000003 43.490000000000002
decision_type=2 2 2 2 2 2 2 2 1 1 1 2 2 1 1 1 2 2 2 1 2 1 2 2 2 10 2 10 2 2
left_child=1 5 4 10 15 28 9 -7 20 17 18 -10 19 16 -9 -2 -8 -3 -4 -5 21 22 -6 -15 27 -26 -23 -11 29 -1
right_child=2 6 3 12 8 7 13 14 11 24 -12 -13 -14 23 -16 -17 -18 -19 -20 -21 -22 26 -24 -25 25 -27 -28 -29 -30 -31
leaf_value=0.035477625237239754 -0.0034577692819226539 0.011356470763484396 0.0012051297344068193 -0.010355043303951953 -0.0027088868496727009 0.023959917154225154 0.018349689428509203 0.0057587147028684204 -0.0076861307826720498 0.010324837067912077 -0.013963979527201723 -0.018732524408907214 -0.027605222207936885 -0.0012783488155042946 0.017436260247345438 0.005988761810094282 -0.0013540819549730655 1.2574996576537482e-05 -0.031007019021169108 -0.019860083716677496 0.029274021200459563 -0.00018527456632369364 0.01848701255703708 -0.014440833917861537 -0.015453399549140896 0.012037238483427783 -0.015608802340551956 0.019880076239964108 0.022949154211912168 0.016770685688443886
leaf_weight=320.64281889796257 376.89217422902584 196.85468828678131 247.93642170727253 302.43830707669258 67.116123095154762 571.65691968798637 84.296812951564789 254.68518613278866 944.61856657266617 242.34750330448151 545.65888302028179 297.61541113257408 351.53019765019417 239.49274116754532 522.55003529787064 528.49371759593487 102.85160660743713 365.2644962221384 16.470926240086555 1122.4226791411638 17.549979478120804 157.95627991855145 67.354682564735413 128.80389201641083 38.11268250644207 133.88676302134991 91.493270933628082 385.82507355511189 182.3977025449276 41.557852774858475
leaf_count=1290 1527 789 1012 1254 272 2290 340 1020 3855 972 2241 1223 1485 970 2092 2132 417 1468 68 4675 71 640 273 523 153 537 371 1546 732 167
internal_value=-8.79988e-05 0.0140222 -0.0105596 -0.0167799 -0.00424805 0.0215292 0.0066102 0.0181681 -0.00773605 0.00986225 -0.00984009 -0.0102501 -0.0199446 -0.00136582 0.0139082 0.00208433 0.00713955 0.00391556 -0.000772278 -0.0180546 0.000291077 -0.00102623 0.0073605 -0.00572617 0.0138182 0.0059457 -0.00561714 0.0161937 0.0298541 0.0333312
internal_weight=8946.77 3811.23 5135.55 2586.46 2549.09 1893.49 1917.74 1348.89 1643.7 1362.29 810.066 1242.23 1776.39 555.445 777.235 905.386 187.148 562.119 264.407 1424.86 401.47 383.92 134.471 368.297 800.172 171.999 249.45 628.173 544.598 362.201
internal_count=36405 15306 21099 10735 10364 7591 7715 5402 6705 5465 3321 5078 7414 2250 3112 3659 757 2257 1080 5929 1627 1556 545 1493 3208 690 1011 2518 2189 1457
cat_boundaries=0 1 2 3 4 5 6 7 8
cat_threshold=1056811 9837264 4857886 1589342 6783248 13554752 73755 354
is_linear=0
shrinkage=0.03


Tree=11
num_leaves=31
num_cat=7
split_feature=17 17 32 32 29 0 22 0 16 16 0 10 18 0 10 22 29 26 18 29 0 6 13 13 21 10 16 26 32 18
split_gain=1307.14 188.628 167.744 74.1166 69.3544 61.3193 56.9071 50.5747 35.0596 30.589 30.457 29.7544 28.6154 27.6055 25.8622 25.6452 24.5082 24.4775 24.4551 23.9697 23.2042 21.4488 20.7647 19.335 18.5041 18.0325 16.97 15.3644 19.1645 15.3422
threshold=0 1 -0.35277777777777769 -0.038690476190476157 -0.015000000000000123 2 21.461000000000002 3 3.7071428571428577 3.4365079365079372 4 27.600000000000005 5.7350000000000012 5 26.940000000000005 35.681000000000004 -0.079999999999999613 0.1800000000000033 6.3150000000000004 -0.10000000000000007 6 4.5000000000000009 47.500000000000007 41.500000000000007 35.875000000000007 19.455000000000002 4.4365079365079376 -5.3049999999999988 -0.38492063492063483 7.1950000000000012
decision_type=1 1 8 10 2 1 2 1 10 8 1 2 2 1 2 2 2 2 2 2 1 2 2 2 2 2 10 2 8 2
left_child=2 3 8 5 10 19 25 11 -1 22 -3 16 -10 -5 -14 27 -8 -11 -6 -2 -20 24 -9 -12 -15 -4 -18 28 -7 -21
right_child=1 4 6 13 18 15 7 9 12 17 23 -13 14 21 -16 -17 26 -19 20 29 -22 -23 -24 -25 -26 -27 -28 -29 -30 -31
leaf_value=0.013606023069597569 0.020714476939404723 -0.0059837076422112005 0.0070252853763932291 -0.003850944336932725 -0.02624399236807249 0.0070405183058027147 0.023048210079713409 0.0056935331808475615 0.0083889975947983864 0.021465966817181808 -0.01807043237843035 -0.003383286090161869 0.029107474581564475 -0.030046146344406461 0.01875944049774159 0.0042189211093960569 0.0031788938289141087 0.0053981233003146754 -0.0076051060665599385 0.003064327208685142 -0.020384830562193205 0.0046573176503732815 0.018656115867578642 -0.0091813849158079875 -0.014781030922290158 -0.0087063109318514832 0.030043292092234306 -0.011873189032700878 -0.0066176957843217645 0.018437930185474665
leaf_weight=351.43426467478275 108.37957367300987 751.20037545263767 98.005043521523476 312.34454262256622 402.87466642260551 120.33030369877815 90.22009839117527 400.25952616333961 91.317676931619644 538.89192201197147 557.52489958703518 287.14022524654865 705.35303643345833 94.161286741495132 314.18870510160923 257.46443849802017 278.16227953135967 101.38121968507767 218.9646300971508 431.03316722810268 554.47712649405003 39.80173921585083 154.01765350997448 364.02358092367649 296.53901758790016 198.19026319682598 22.905240908265114 312.40901008248329 399.18953993916512 67.582637220621109
leaf_count=1410 436 3082 395 1280 1697 487 362 1612 367 2163 2305 1158 2835 394 1260 1045 1118 407 904 1748 2302 163 619 1502 1218 804 92 1274 1628 272
internal_value=0.000136396 -0.0093741 0.0139733 -0.00321486 -0.0146177 0.000232459 0.00871793 0.0106503 0.0218648 0.0143351 -0.0107438 0.00389341 0.0244775 -0.0111306 0.0259186 -0.00401821 0.0093328 0.0189218 -0.0202506 0.00779898 -0.0171287 -0.0159522 0.00929546 -0.0144029 -0.01846 -0.00350104 0.00522274 -0.00661573 -0.0034542 0.00514807
internal_weight=8919.77 5288.3 3631.47 2439.24 2849.07 1696.39 2169.17 1872.98 1462.29 1194.55 1672.75 678.428 1110.86 742.847 1019.54 1089.39 391.288 640.273 1176.32 606.995 773.442 430.502 554.277 921.548 390.7 296.195 301.068 831.929 519.52 498.616
internal_count=36339 21737 14602 9945 11792 6890 8730 7531 5872 4801 6889 2730 4462 3055 4095 4434 1572 2570 4903 2456 3206 1775 2231 3807 1612 1199 1210 3389 2115 2020
cat_boundaries=0 1 2 3 4 5 6 7
cat_threshold=12 2 1058351 15614480 600639 4277871 3679242
is_linear=0
shrinkage=0.03


Tree=12
num_leaves=31
num_cat=5
split_feature=20 20 20 7 0 16 0 20 0 32 0 11 5 1 10 26 11 15 13 7 24 12 0 30 12 16 6 7 10 20
split_gain=1319.43 312.093 98.982 88.226 54.7193 47.6649 38.5021 37.5369 38.6909 35.9854 32.1888 21.2152 19.1945 18.9653 18.8053 18.7038 18.5007 17.4521 15.3837 15.3889 14.337 13.7273 15.5636 13.5175 13.3745 13.0357 12.7861 12.7475 12.7459 12.1689
threshold=-1.4549999999999998 0.020000000000000021 -2.6249999999999987 5.6450000000000005 0 3.5277777777777781 1 0.99500000000000022 2 -0.16904761904761903 3 38.475000000000009 3.5000000000000004 11.500000000000002 27.795000000000005 0.1800000000000033 32.010000000000012 0.38750000000000007 34.500000000000007 4.8350000000000009 40.620000000000012 6.7650000000000006 4 0.38750000000000007 6.8950000000000005 2.4365079365079372 2.5000000000000004 5.7750000000000012 22.180000000000003 -0.4999999999999995
decision_type=2 2 2 2 1 10 1 2 1 10 1 2 2 2 2 2 2 8 2 2 2 2 1 10 2 8 2 2 2 2
left_child=2 3 11 6 20 10 14 8 -3 13 -4 28 17 21 29 -7 -8 -10 19 24 -5 -6 -23 -18 -12 -22 -11 -28 -1 -2
right_child=1 7 5 4 9 15 16 -9 12 26 18 -13 -14 -15 -16 -17 23 -19 -20 -21 25 22 -24 -25 -26 -27 27 -29 -30 -31
leaf_value=0.032982572275603576 0.0060470590853211473 -0.0051378034352881708 -0.0051600671858326773 -0.0042771054839347957 -0.0089333771463887875 0.019090830882161607 0.011174677530321361 -0.024419468798736795 -0.013191030462270792 -0.01631463846360906 0.0074271480214011315 0.017456447938853082 -0.011889656835274615 -0.016758706165788395 -0.0073096845316428178 0.0089699809418917979 -0.0080091288955571709 -0.022372054490514163 0.013723485681369425 -0.0032490645159909356 -0.0061591136297560467 -0.0055911022563475497 0.0047311463860658784 0.0049337395908156936 0.036234929472953772 0.0074542887216010783 0.0072879482714170571 -0.010993109992964389 0.023531096426297554 -0.011314788195234711
leaf_weight=346.9549145847559 217.23448942601681 327.10694094002247 135.61110490560532 278.81118588149548 253.1091196835041 1026.9879317730665 424.6172216385603 488.9835280328989 260.6751846820116 549.66485366225243 70.94081112742424 173.56564858555794 402.21763081848621 106.30601832270622 381.32596416771412 195.64573286473751 87.974060490727425 653.45301580429077 489.35810482501984 116.26831357181072 79.750761434435844 249.55455020070076 256.49184487760067 416.20558504760265 18.232062786817551 307.00790973007679 38.466750502586365 319.1723820567131 203.86966525018215 43.63046470284462
leaf_count=1402 874 1353 545 1132 1036 4116 1708 2072 1082 2268 284 699 1675 438 1543 784 355 2735 1963 467 325 1022 1045 1676 73 1244 157 1315 820 177
internal_value=-9.02198e-05 -0.0078496 0.0170682 -0.00291764 -0.00648974 0.0137041 0.00262663 -0.0171225 -0.0149514 -0.00921545 0.00815753 0.0266025 -0.0172202 -0.0048911 -0.00301662 0.0174713 0.00649109 -0.019754 0.0106775 0.00394158 0.000895284 -0.00322925 -0.000376219 0.00267534 0.0133171 0.00464717 -0.013442 -0.00902685 0.0294844 0.00314324
internal_weight=8919.19 6141.76 2777.43 4009.32 2438.34 2053.04 1570.99 2132.44 1643.45 1772.77 830.41 724.39 1316.35 865.462 642.191 1222.63 928.797 914.128 694.799 205.441 665.57 759.156 506.046 504.18 89.1729 386.759 907.304 357.639 550.825 260.865
internal_count=36385 25232 11153 16315 9982 8232 6333 8917 6845 7281 3332 2921 5492 3541 2594 4900 3739 3817 2787 824 2701 3103 2067 2031 357 1569 3740 1472 2222 1051
cat_boundaries=0 1 2 3 4 5
cat_threshold=8751 12983232 8223 2490496 8542336
is_linear=0
shrinkage=0.03


Tree=13
num_leaves=31
num_cat=9
split_feature=20 20 7 7 29 0 20 29 0 29 29 20 29 0 0 1 17 16 0 21 20 0 32 5 24 23 13 6 0 4
split_gain=1296.9 316.986 97.2149 75.9928 73.2596 50.2344 45.8144 40.752 39.1574 30.8345 29.4883 28.9382 25.41 22.6648 21.7757 20.7162 20.3003 20.2892 18.18 19.5992 17.7977 16.4773 16.3152 15.8043 21.5769 15.7329 15.4726 16.7101 19.5415 15.3762
threshold=-1.4549999999999998 -0.21500000000000027 4.8350000000000009 5.6450000000000005 -0.05000000000000026 0 -2.6249999999999987 -0.010000000000000229 1 0.020000000000000021 -0.055000000000000153 0.54500000000000004 -0.044999999999999922 2 3 10.500000000000002 4 3.5277777777777781 5 41.45000000000001 0.26000000000000029 6 -0.19999999999999998 2.5000000000000004 47.835000000000008 -21.274999999999991 50.500000000000007 2.5000000000000004 7 8
decision_type=2 2 2 2 2 1 2 2 1 2 2 2 2 1 1 2 1 8 1 2 2 1 10 2 2 2 2 2 1 1
left_child=2 3 6 7 13 16 -1 14 9 -5 29 18 -8 -3 -2 23 -4 -7 19 -6 22 -9 -15 -12 -25 -18 27 28 -14 -10
right_child=1 4 5 8 11 17 12 21 10 -11 15 -13 26 20 -16 -17 25 -19 -20 -21 -22 -23 -24 24 -26 -27 -28 -29 -30 -31
leaf_value=0.026984406692807779 0.012880812627194434 -0.00072202031620739922 -0.0084762190419050074 0.0050702628516788072 -0.0001748378574761772 0.0093703282111507399 0.021821491937428415 0.002687128304051295 0.0031403593432370335 -0.012278032982282581 -0.013133129778130815 -0.023336368282743117 -0.0030139628500550717 0.0038426388170541763 0.0034445808882529144 -0.018451894810042512 0.014566796327943879 0.02084011573044613 -0.018642113868117476 -0.014336410832011195 -0.016356545571318232 -0.0081030970678587378 -0.011442973177234132 -0.0081295945399728307 0.0094743771495275717 -0.0034655973654396316 0.021889633878964403 0.017067782018991649 0.012534513785955896 -0.0076387661533110713
leaf_weight=683.9880480915308 359.35535484552383 274.60251520574093 152.36005821824074 431.00357712805271 126.44589996337891 322.31173886358738 578.6217335164547 223.82630228996277 247.09694413840771 117.30284428596497 337.10382488369942 727.12815101444721 127.65700201690197 98.745005294680595 608.43160247802734 258.55717442929745 96.090734094381332 243.78836134076118 733.21692177653313 288.93564909696579 316.16161908209324 279.19825011491776 172.85782858729362 269.78747557103634 81.620596364140511 79.633274808526039 141.07802180945873 208.83551448583603 156.88079228997231 214.11494401097298
leaf_count=2766 1442 1124 615 1740 523 1293 2322 903 1004 478 1387 3104 511 403 2447 1073 385 977 3073 1204 1313 1131 712 1107 335 319 565 836 628 870
internal_value=-3.42968e-05 -0.00771524 0.0169319 -0.0016353 -0.0153258 0.00877705 0.0207757 0.00351694 -0.00550836 0.00133449 -0.00812437 -0.0186531 0.0172749 -0.00808863 0.0071171 -0.0112115 -0.000746684 0.0140613 -0.0156883 -0.00978982 -0.0113253 -0.00340954 -0.00588568 -0.0084925 -0.00404077 0.00605068 0.0131285 0.0106233 0.00589333 -0.00196132
internal_weight=8956.74 6165.49 2791.25 3427.4 2738.09 894.184 1897.06 1470.81 1956.59 548.306 1408.28 1875.73 1213.07 862.367 967.787 947.069 328.084 566.1 1148.6 415.382 587.764 503.025 271.603 688.512 351.408 175.724 634.451 493.373 284.538 461.212
internal_count=36590 25373 11217 13917 11456 3589 7628 5923 7994 2218 5776 7904 4862 3552 3889 3902 1319 2270 4800 1727 2428 2034 1115 2829 1442 704 2540 1975 1139 1874
cat_boundaries=0 1 2 3 4 5 6 7 8 9
cat_threshold=10950792 8751 5775374 4205739 3 1155631 1173387 16220464 376
is_linear=0
shrinkage=0.03


Tree=14
num_leaves=31
num_cat=6
split_feature=20 20 16 29 29 20 8 0 16 0 20 9 0 0 29 0 29 0 1 32 26 32 30 18 25 8 19 13 8 13
split_gain=1131.96 305.095 98.3117 77.5716 68.5258 53.4475 47.9345 35.1733 34.302 31.7397 29.4995 26.3955 26.0021 25.8289 24.6901 21.1395 20.0301 19.9647 18.8704 17.6453 17.177 16.9626 16.9296 16.4786 17.0855 16.0653 15.8445 15.4953 15.0601 14.7948
threshold=-1.4549999999999998 -0.21500000000000027 3.5277777777777781 -0.010000000000000229 -0.064999999999999933 -2.8049999999999993 37.055000000000007 0 2.8944444444444448 1 0.48499999999999993 6.5050000000000008 2 3 -0.16500000000000001 4 -0.044999999999999922 5 10.500000000000002 -0.19999999999999998 0.51500000000000068 -0.49603174603174599 0.38750000000000007 6.5050000000000008 34.583000000000006 39.300000000000004 5.091000000000002 42.500000000000007 43.365000000000002 57.500000000000007
decision_type=2 2 10 2 2 2 2 1 8 1 2 2 1 1 2 1 2 1 2 8 2 8 10 2 2 2 2 2 2 2
left_child=2 3 9 6 12 -4 19 -8 -5 -1 17 16 22 -10 -9 -7 -11 25 21 26 -17 -16 28 24 -15 -6 -2 -20 -3 -21
right_child=1 4 5 8 10 15 7 14 13 11 -12 -13 -14 23 18 20 -18 -19 27 29 -22 -23 -24 -25 -26 -27 -28 -29 -30 -31
leaf_value=-0.0026811576195817552 0.0068042916539250457 7.2773229542737969e-05 0.028903216774993204 -0.014642695031648311 0.0039916920058694775 0.022183410801106238 0.0057664316621597036 0.025289589153351919 0.0037256847509905952 0.017859467102000037 -0.021465429141174167 -0.011197155231000523 -0.010638032467585528 -0.0079491518573388143 0.011502581228526709 0.015465075550351993 0.0077823407884904877 -0.017041870008264636 -0.020523024206492064 0.0016657829006144066 0.0036436684541234867 -0.0049542838591615191 0.0047212265986427571 -0.013166298066639777 0.0072677665295492752 -0.011198772428306423 0.017520082508039627 -0.0034388601240128891 -0.040366139698981639 0.031822702953513367
leaf_weight=197.4296667277813 320.64908793568611 18.30499692261219 455.55456686019897 386.71709355711937 78.597546741366386 519.0121398717165 389.52445712685585 23.533523514866829 272.3144329637289 326.83986978232861 889.46296146512032 45.42559540271759 439.70652225613594 195.31993547081947 62.343270897865295 721.91191779077053 388.57516634464264 769.03590166568756 123.07273532450199 412.01539823412895 130.6443940103054 588.2413844615221 212.707574903965 256.34689559042454 100.61666622757912 309.01088811457157 202.6847213357687 78.103614568710327 15.146764025092123 15.180694952607153
leaf_count=794 1287 75 1852 1593 323 2084 1572 95 1102 1312 3806 183 1817 793 253 2898 1558 3230 508 1658 524 2402 870 1054 408 1287 814 321 63 61
internal_value=4.874e-05 -0.00712872 0.0159185 -0.00116663 -0.0146069 0.0200001 0.00217105 -0.00165449 -0.00727084 0.00813593 -0.0173577 0.0108357 -0.00640043 -0.00381361 -0.0049661 0.0170431 0.0123861 -0.0141989 -0.00586035 0.00726149 0.0134953 -0.00337728 0.00153872 -0.00746333 -0.00277549 -0.00791433 0.0109545 -0.0138904 -0.0182377 0.00273743
internal_weight=8944.03 6158.64 2785.39 3426.66 2731.97 1827.12 2215.35 1264.82 1211.32 958.27 2046.11 760.841 685.866 824.598 875.295 1371.57 715.415 1156.64 851.761 950.53 852.556 650.585 246.159 552.283 295.937 387.608 523.334 201.176 33.4518 427.196
internal_count=36597 25392 11205 13921 11471 7358 8971 5151 4950 3847 8646 3053 2825 3357 3579 5506 2870 4840 3484 3820 3422 2655 1008 2255 1201 1610 2101 829 138 1719
cat_boundaries=0 1 2 3 4 5 6
cat_threshold=8767 2492544 4399262 3154475 1582631 598575
is_linear=0
shrinkage=0.03


Tree=15
num_leaves=31
num_cat=1
split_feature=7 23 23 17 29 23 31 29 29 29 22 26 29 32 16 16 16 5 16 10 29 2 32 19 32 25 26 26 8 30
split_gain=1066.41 191.415 131.423 75.1201 45.6587 45.0292 37.7976 33.4194 32.1875 28.5114 26.5458 22.8603 20.0317 19.4517 18.065 17.8758 16.2697 16.2298 15.728 15.4073 15.1334 14.8972 14.2826 13.2242 12.1144 11.7345 11.5531 11.4593 11.9322 10.9789
threshold=5.4150000000000009 -21.274999999999991 2.4600000000000048 0 -0.034999999999999691 -32.304999999999993 0.28218253968253976 -0.10000000000000007 -0.069999999999999826 -0.044999999999999922 34.909000000000013 1.0000000180025095e-35 -0.029999999999999801 0.077777777777777821 4.1339285714285721 3.683333333333334 3.0500000000000003 5.5000000000000009 3.3875000000000006 11.215000000000002 -0.15999999999999967 1500.0000000000002 0.29583333333333345 3.6610000000000009 -0.23273809523809522 30.237000000000005 -14.319999999999997 -13.099999999999998 35.495000000000005 0.43650793650793657
decision_type=2 2 2 1 2 2 10 2 2 2 2 2 2 8 8 10 8 2 10 2 2 2 8 2 8 2 2 2 2 8
left_child=1 5 3 7 17 15 11 29 22 -7 16 18 -8 26 24 -1 27 20 -3 -13 -5 -6 -4 -20 -12 -21 -10 -9 -29 -2
right_child=2 6 8 4 21 9 12 10 13 -11 14 19 -14 -15 -16 -17 -18 -19 23 25 -22 -23 -24 -25 -26 -27 -28 28 -30 -31
leaf_value=0.016585419276649107 -0.0050365867609371302 -0.0034666899342937021 -0.0063511498605161492 0.010470339371566046 0.0052551381955309902 0.020380731214117619 0.013752267576427543 -0.0026590300760322987 -0.0090798339480366204 0.011496174471799231 0.0071382301590664351 0.015059188222022155 0.0045515432775075568 -0.023166549756273285 0.028941021037359106 0.028302695549685092 -0.002610732105962456 0.0088800440576360939 -0.0075301176743399556 -0.025304742008951085 -0.0072136229804585263 -0.015193444438903228 -0.029708382049077799 0.0075583902333942986 -0.0022250972709036867 -0.0067225368447695706 -0.01750383191630471 0.0015543899391897952 -0.015787838801069487 0.011848623466325954
leaf_weight=155.17138616740704 41.725313976407051 224.6213356256485 332.45860834419727 46.474800586700439 33.227459982037544 615.28020456433296 495.08718346059322 128.21335984766483 197.85981783270836 689.22980315983295 202.1174149364233 20.38977013528347 373.73662576079369 453.05933192372322 22.307713627815247 478.61294186115265 644.60781389474869 71.3564323335886 58.49844628572464 45.737045109272003 692.82658579945564 915.98564244806767 25.358912169933319 491.63609679043293 323.26241923868656 92.324183478951454 564.71524691581726 41.461168766021729 257.28680045902729 204.57896313071251
leaf_count=625 169 908 1376 188 138 2477 1985 525 842 2763 817 82 1503 1949 90 1952 2625 291 237 185 2845 3827 106 1978 1322 373 2404 169 1058 824
internal_value=0.000113901 0.0123301 -0.00867499 -0.00553268 -0.00995547 0.0188738 0.00529151 -0.00130013 -0.0159153 0.0156866 -0.00287311 0.00109924 0.00979445 -0.0182432 0.00249974 0.0254339 -0.00561921 -0.0047832 0.00322267 -0.0092834 -0.00610195 -0.0144776 -0.0080065 0.00595396 0.00137704 -0.0128785 -0.0153181 -0.0101613 -0.013381 0.00898817
internal_weight=8939.21 3740.33 5198.88 3625.43 1759.87 1938.29 1802.03 1865.56 1573.45 1304.51 1619.26 933.207 868.824 1215.63 547.688 633.784 1071.57 810.658 774.756 158.451 739.301 949.213 357.818 550.135 525.38 138.061 762.575 426.961 298.748 246.304
internal_count=36633 15068 21565 14888 7289 7817 7251 7599 6677 5240 6606 3763 3488 5195 2229 2577 4377 3324 3123 640 3033 3965 1482 2215 2139 558 3246 1752 1227 993
cat_boundaries=0 1
cat_threshold=6
is_linear=0
shrinkage=0.03


Tree=16
num_leaves=31
num_cat=7
split_feature=20 20 20 29 29 29 9 0 14 0 20 0 8 29 0 32 32 20 11 32 32 0 13 0 0 20 12 29 20 1
split_gain=1043.88 199.733 129.91 64.4723 49.0935 47.8451 40.8621 39.6131 31.0545 33.2317 30.7437 30.0615 28.1324 24.3173 23.3456 21.6761 20.702 20.424 18.6343 18.5939 17.2448 17.2806 16.329 16.1071 16.0583 15.7051 14.6429 14.3039 13.8605 13.4554
threshold=-1.1499999999999997 -0.21500000000000027 -1.7649999999999999 -0.05000000000000026 1.0000000180025095e-35 -0.07499999999999972 6.535000000000001 0 1.0000000180025095e-35 1 0.99500000000000022 2 37.055000000000007 -0.05000000000000026 3 -0.02857142857142855 0.054563492063492099 -2.4249999999999989 36.495000000000012 -0.21825396825396823 0.056349206349206322 4 47.500000000000007 5 6 -0.48499999999999982 6.9650000000000007 -0.11499999999999976 -2.9649999999999994 5.5000000000000009
decision_type=2 2 2 2 2 2 2 1 10 1 2 1 2 2 1 10 8 2 2 10 8 1 2 1 1 2 2 2 2 2
left_child=2 4 5 20 7 17 11 15 -7 -10 14 -4 19 -13 22 25 23 -1 -6 -9 21 26 -5 -15 -8 -2 -3 -14 -11 -25
right_child=1 3 6 10 18 8 24 12 9 28 -12 13 27 16 -16 -17 -18 -19 -20 -21 -22 -23 -24 29 -26 -27 -28 -29 -30 -31
leaf_value=0.030684067878818576 0.010726388734504591 -0.017301282002747918 0.015197406208810679 -0.021535329878641259 -0.0054937258643776819 0.019657603403945647 0.009102599942644422 0.010259186675970564 0.00025319362684807526 0.02460236650270381 -0.025215654172486796 0.010568252392724707 0.0063211848760778115 0.0096123399180746329 -0.011164027131008506 -0.0033834067666729524 -0.018275136767052395 0.019507117981039043 -0.015894587125982573 -0.0027135526837606871 -0.013960477939009458 -0.0014104626440279145 -0.0089057099609580158 0.0042505929682863132 -0.015160687114442671 -0.00049169261592514179 0.0090958166664192423 -0.0080606682958790712 0.012514313056575587 -0.0068767471386445289
leaf_weight=273.44805760681629 449.18953087925911 135.18322010338306 323.82254254817963 615.25278903543949 387.52196709811687 632.80659036338329 27.13091416656971 173.87648190557957 212.51327784359455 100.82659816741943 348.05697514116764 387.60041335225105 67.98431159555912 183.30347034335136 779.40766848623753 204.86272595822811 46.428340002894402 318.55771870911121 258.40708981454372 232.26802504062653 245.52020554244518 457.14704832434654 108.36173981428146 207.51096720993519 100.01177786290646 149.76477771997452 21.98920165002346 736.53770482540131 556.9086806923151 184.99737764894962
leaf_count=1114 1811 562 1300 2621 1591 2561 110 700 855 411 1523 1556 275 737 3293 831 188 1283 1063 938 1026 1879 460 834 407 606 91 3031 2237 747
internal_value=4.9455e-05 -0.00829738 0.0126578 -0.0140283 -0.0024577 0.017446 0.00579071 -0.000150051 0.0146007 0.0109236 -0.0171814 0.00733992 -0.00356665 0.004624 -0.0153209 0.00497828 0.000995562 0.0246698 -0.00965464 0.00284027 -0.00724008 -0.00455419 -0.0193763 0.00254938 -0.0104596 0.00792138 -0.0127942 -0.00684536 0.0141522 -0.000969261
internal_weight=8927.2 5371.33 3555.87 2710.92 2660.41 2095.06 1460.81 2014.48 1503.06 870.249 1851.08 1333.66 1210.67 1009.84 1503.02 803.817 622.24 592.006 645.929 406.145 859.84 614.319 723.615 575.812 127.143 598.954 157.172 804.522 657.735 392.508
internal_count=36641 22301 14340 11455 10846 8461 5879 8192 6064 3503 7897 5362 4944 4062 6374 3248 2506 2397 2654 1638 3558 2532 3081 2318 517 2417 653 3306 2648 1581
cat_boundaries=0 1 2 3 4 5 6 7
cat_threshold=534079 495632 5283843 15127360 2414656 591428 2162702
is_linear=0
shrinkage=0.03


Tree=17
num_leaves=31
num_cat=6
split_feature=7 20 20 0 20 7 22 0 11 26 32 0 10 32 15 0 20 32 24 32 13 31 32 0 13 0 13 10 11 12
split_gain=980.645 205.92 136.946 64.1466 44.7573 42.7362 36.0693 27.9266 27.8592 24.5805 23.311 23.1319 25.6077 21.8406 20.5585 20.1293 19.7443 19.1035 18.5285 16.0244 15.0645 16.8047 14.9752 14.9228 14.8314 14.5726 13.1554 18.1187 13.0313 12.9494
threshold=5.2750000000000012 0.020000000000000021 -1.8099999999999989 0 -2.6249999999999987 5.9250000000000007 23.373000000000008 1 30.020000000000003 0.34500000000000247 -0.16904761904761903 2 27.600000000000005 -0.60158730158730145 0.41428571428571431 3 0.99500000000000022 -0.36904761904761896 39.165000000000006 0.068055555555555577 36.500000000000007 0.386388888888889 -0.47996031746031736 4 58.500000000000007 5 47.500000000000007 22.180000000000003 45.035000000000004 6.8950000000000005
decision_type=2 2 2 1 2 2 2 1 2 2 10 1 2 8 10 1 2 8 2 8 2 10 10 1 2 1 2 2 2 2
left_child=2 3 4 14 22 13 15 19 17 20 29 12 -10 -5 18 28 -9 -8 -2 -3 21 -6 -1 -11 -15 -19 27 -24 -4 -7
right_child=1 7 6 5 9 10 8 16 11 23 -12 -13 -14 24 -16 -17 -18 25 -20 -21 -22 -23 26 -25 -26 -27 -28 -29 -30 -31
leaf_value=0.029133142096873812 -0.0011102097420333809 -0.0074892738564630076 0.0081139189789103533 0.024324784021308089 0.0082432041228943168 -0.0078805023933664446 0.025669293510938003 -0.016217223003267649 0.0075842104698468716 0.013845296746605024 -0.013580085535012207 0.0095298533073473937 -0.011216111156239876 -0.0027647498239976903 -0.0020333749338245343 -0.0079164918714022328 -0.025167754100899355 0.0024025748064288211 0.009697092232858728 -0.016500770677255652 0.019493953356428569 0.024163340172195808 0.021986005801090558 -0.0023333843153543806 0.028795572639754543 0.017109146087729694 0.028603959333646192 0.004976392699456802 -0.019993306671845151 0.0024269915190323595
leaf_weight=319.88928356766701 212.54383213818073 529.80093869566917 169.61288829147816 28.337351724505424 273.25428748130798 484.78809669613838 114.73320110142231 941.80601353943348 129.59548936784267 83.076518878340721 676.17619533836842 420.67835904657841 131.23539362847805 1048.9869627058506 482.06313487887383 207.27030056715012 290.14893545210361 123.23359090089798 434.93561451137066 267.14434731006622 626.09312342107296 76.345855593681335 175.14229853451252 113.64872179925442 13.574536517262457 142.38812321424484 117.97071121633053 83.104678526520729 16.269542664289474 141.77462147176266
leaf_count=1314 860 2230 685 114 1098 2004 460 4007 520 334 2823 1688 528 4265 1964 839 1267 495 1756 1143 2521 307 716 456 55 571 481 337 66 583
internal_value=7.32259e-05 -0.00764203 0.0129618 -0.00325768 0.0183356 -0.00602371 0.00606083 -0.0152555 0.00893493 0.0147579 -0.00971708 0.00530474 -0.00180582 -0.00166835 0.00263389 -0.00170182 -0.0181777 0.0154394 0.00614945 -0.0103798 0.0167084 0.0117199 0.0243613 0.005084 -0.00236156 0.0110207 0.0203039 0.0165123 0.00536517 -0.00554819
internal_weight=8875.62 5552.08 3323.54 3523.18 1868.53 2393.64 1455.02 2028.9 1061.86 1172.42 1302.74 681.509 260.831 1090.9 1129.54 393.153 1231.95 380.355 647.479 796.945 975.693 349.6 696.107 196.725 1062.56 265.622 376.218 258.247 185.882 626.563
internal_count=36487 23071 13416 14424 7564 9844 5852 8647 4262 4716 5410 2736 1048 4434 4580 1590 5274 1526 2616 3373 3926 1405 2848 790 4320 1066 1534 1053 751 2587
cat_boundaries=0 1 2 3 4 5 6
cat_threshold=1057327 601119 8802992 4747707 5318183 15094672
is_linear=0
shrinkage=0.03


Tree=18
num_leaves=31
num_cat=14
split_feature=20 20 20 29 29 17 17 0 13 29 0 0 20 14 29 0 23 0 0 23 0 0 28 4 32 0 32 0 0 26
split_gain=933.62 231.267 82.545 71.7479 55.7684 39.9987 38.1961 36.3043 35.6455 30.6577 29.1301 25.5346 24.4533 21.8371 21.7226 21.9692 19.8006 18.7316 17.3602 16.2802 16.2955 16.1828 16.0978 15.7203 15.5546 15.2032 15.03 14.7182 14.6653 14.5238
threshold=-1.4549999999999998 -0.21500000000000027 -2.6249999999999987 -0.010000000000000229 -0.05000000000000026 0 1 2 49.500000000000007 -0.039999999999999584 3 4 0.54500000000000004 0.18333333333333338 -0.079999999999999613 5 -9.2949999999999999 6 7 -40.384999999999991 8 9 6.9970000000000008 10 -0.022222222222222223 11 -0.36190476190476178 12 13 2.2949999999999986
decision_type=2 2 2 2 2 1 1 1 2 2 1 1 2 10 2 1 2 1 1 2 1 1 2 1 8 1 8 1 1 2
left_child=2 3 19 5 10 8 9 -8 14 -4 -3 23 28 29 15 -2 -7 -10 -16 -1 22 -11 -21 -5 -20 -14 -12 -18 -6 -13
right_child=1 4 6 11 12 16 7 -9 17 21 26 13 25 -15 18 -17 27 -19 24 20 -22 -23 -24 -25 -26 -27 -28 -29 -30 -31
leaf_value=0.031492049070583797 0.0092709808201263625 0.0015653802020184234 0.017500037069329139 0.0079479697489048991 -0.0053625595422532243 0.011297798247876356 0.014271861619541722 -0.0036293902703217759 -0.0027653725161543375 0.0027345602085853044 0.0046167143675983572 -0.0020410006917210609 -0.012124771388916645 -0.014245686725004954 -0.010270876007039582 -0.0040653711583460515 -0.0084013632500983086 0.013958378704999231 0.002016230152125046 0.015233649230377302 0.025032249275480145 0.012360759548213954 -0.012957146829933703 -0.0048540730534175156 -0.011447364817708765 -0.023600114360688033 -0.012026417599884648 0.0065728713535150316 -0.014845272066212336 -0.01901034230764221
leaf_weight=171.59654222428799 205.73528215289116 272.3622105717659 880.68481470644474 125.59024952352047 221.39679110050201 486.47368530929089 154.32427716255188 263.05795107781887 88.708624809980392 258.53747706115246 53.767598003149033 312.42287781834602 239.07008157670498 478.36907353997231 395.72746868431568 222.16012626886368 89.507294416427612 185.85320992767811 304.04640544950962 174.44971361756325 342.61888140439987 493.89821618795395 20.3577049523592 227.6426420211792 103.52409826219082 474.77063448727131 532.3395411670208 135.53556847572327 903.15921378135681 53.110015764832497
leaf_count=710 829 1120 3551 512 926 1951 619 1060 361 1036 221 1273 1043 1978 1629 900 361 753 1237 714 1404 1981 83 930 424 2089 2225 545 3848 217
internal_value=0.000139877 -0.0064001 0.0146234 -0.00121348 -0.0129667 0.00198195 0.0115723 0.00316854 -0.000806291 0.0136173 -0.00665359 -0.00713191 -0.0159147 -0.00990979 -0.00299138 0.0024685 0.00778454 0.00896274 -0.00589971 0.0234471 0.0208783 0.00925381 0.0116877 -0.000208867 -0.00136995 -0.0202574 -0.0103235 0.000535852 -0.0131581 -0.00450656
internal_weight=8870.8 6111.27 2759.53 3414.41 2696.87 2217.27 2050.5 417.382 1505.76 1633.12 858.469 1197.13 1838.4 843.902 1231.19 427.895 711.517 274.562 803.298 709.023 537.426 752.436 194.807 353.233 407.571 713.841 586.107 225.043 1124.56 365.533
internal_count=36530 25372 11158 13900 11472 8990 8247 1679 6133 6568 3566 4910 7906 3468 5019 1729 2857 1114 3290 2911 2201 3017 797 1442 1661 3132 2446 906 4774 1490
cat_boundaries=0 1 2 3 4 5 6 7 8 9 10 11 12 13 14
cat_threshold=3 12 1597987 5775374 90379 2304702 7585924 253392 11436688 5703728 74 600595 14730004 8239
is_linear=0
shrinkage=0.03


Tree=19
num_leaves=31
num_cat=0
split_feature=7 20 20 23 1 23 32 32 11 13 16 6 16 6 13 19 7 11 20 25 25 30 12 20 28 11 24 11 13 30
split_gain=885.604 159.369 132.929 41.9371 30.8958 30.6768 30.2525 26.7152 25.684 23.3974 20.4749 19.7664 19.3895 19.0106 17.4956 16.9918 15.7415 14.3585 14.1511 13.7297 13.2744 12.7516 13.5511 12.3187 12.0409 11.6542 13.7744 11.5313 11.5278 11.5259
threshold=5.4150000000000009 -0.21500000000000027 -1.8299999999999996 -32.304999999999993 10.500000000000002 -9.4599999999999955 0.068055555555555577 -0.27638888888888885 36.165000000000006 50.500000000000007 3.7638888888888893 2.5000000000000004 3.3541666666666674 2.5000000000000004 42.500000000000007 5.3690000000000007 5.7950000000000008 32.095000000000006 1.1300000000000003 32.413000000000011 41.921000000000014 0.64583333333333337 6.8950000000000005 -0.020000000000000014 6.660000000000001 32.360000000000007 44.010000000000012 31.435000000000006 48.500000000000007 0.84523809523809534
decision_type=2 2 2 2 2 2 8 8 2 2 8 2 8 2 2 2 2 2 2 2 2 8 2 2 2 2 2 2 2 10
left_child=2 4 3 -1 7 12 9 -2 23 18 17 -8 -4 25 16 -14 -6 -5 19 -3 -13 -18 -23 -7 -15 26 28 29 -9 -21
right_child=1 6 5 10 14 8 11 13 -10 -11 -12 20 15 24 -16 -17 21 -19 -20 27 -22 22 -24 -25 -26 -27 -28 -29 -30 -31
leaf_value=0.023266410377170404 0.0034677224099533182 -0.015235688313268282 0.0025864124373929051 0.014989190409128354 0.0024071402463170482 0.0067320931647608115 -0.022259030477028229 -0.010908854026462404 -0.011101199709801635 -0.00046231233591033968 0.016896936539810201 -0.01364411531505158 0.0083547484287203617 0.025572243917772637 -0.0023076455347405007 0.018898417090670076 -0.022149283881558571 0.0049093865882159551 -0.0207452049403106 -0.0055270110417843894 0.021510213969272069 -0.013553590486376329 0.0100040592008894 -0.0077010845684834517 -0.00011475366037568975 -0.009921231466049325 0.0054485051771828016 -0.011512966877971922 0.0085447601004561818 0.02469796612204898
leaf_weight=616.01161360740662 755.80438207089901 512.42950662970543 434.84918084740639 220.06296356022358 51.643098637461662 258.89591807126999 456.31950871646404 153.94641944766045 154.0267051756382 167.28476935625076 753.15088948607445 312.64288018643856 759.87565015256405 16.972698301076889 228.25414954125881 167.97040790319443 140.71974723041058 301.36852031946182 159.11523205041885 295.28054051101208 9.9756214171648008 141.95024353265762 26.001808419823647 66.992666766047478 507.88501265645027 433.1728395819664 123.9157303571701 599.8156658411026 33.354949355125427 11.809105947613714
leaf_count=2540 3064 2175 1746 886 210 1046 1982 631 628 705 3046 1349 3049 69 939 674 585 1212 697 1251 43 590 107 277 2073 1778 507 2545 136 50
internal_value=0.000130544 -0.00794876 0.0112507 0.0168394 -0.00275603 0.0055165 -0.0133244 -0.000997581 -0.00100619 -0.0111308 0.0137332 -0.0182407 0.00781366 -0.00365655 -0.00880622 0.0102635 -0.012923 0.00916343 -0.0122615 -0.0113104 -0.0125571 -0.0154878 -0.00990647 0.00376508 0.000715905 -0.00673951 -0.00231097 -0.00909248 -0.00744452 -0.00436471
internal_weight=8871.5 5138.29 3733.2 1890.59 2613.62 1842.61 2524.67 2025.05 479.915 1745.73 1274.58 778.938 1362.7 1269.25 588.569 927.846 360.315 521.431 1578.45 1419.33 322.619 308.672 167.952 325.889 524.858 744.39 311.217 906.905 187.301 307.09
internal_count=36590 21486 15104 7684 10689 7420 10797 8258 1951 7423 5144 3374 5469 5194 2431 3723 1492 2098 6718 6021 1392 1282 697 1323 2142 3052 1274 3846 767 1301
is_linear=0
shrinkage=0.03


Tree=20
num_leaves=31
num_cat=7
split_feature=20 20 14 16 29 0 0 0 23 29 29 23 0 7 29 26 31 20 11 1 32 20 30 5 23 18 17 4 29 0
split_gain=835.274 219.43 75.8788 64.5525 47.8969 43.4697 34.9518 32.2255 32.0663 31.4557 22.7276 22.699 22.6711 25.5033 18.4021 15.9846 16.0827 15.8624 18.5498 15.753 15.5329 14.5808 14.5275 14.0662 13.5057 13.5 13.3865 13.0283 12.6993 12.5897
threshold=-1.4549999999999998 0.020000000000000021 0.18333333333333338 3.7638888888888893 -0.07499999999999972 0 1 2 -33.154999999999994 -0.069999999999999826 0.020000000000000021 -11.699999999999999 3 6.7750000000000012 -0.044999999999999922 1.0000000180025095e-35 0.37563492063492071 -1.7649999999999999 37.255000000000003 2.5000000000000004 0.056349206349206322 1.4650000000000001 0.88194444444444453 2.5000000000000004 -4.6299999999999999 7.4650000000000007 4 5 -0.11499999999999976 6
decision_type=2 2 8 8 2 1 1 1 2 2 2 2 1 2 2 2 10 2 2 2 8 2 10 2 2 2 1 1 2 1
left_child=3 2 7 6 20 23 26 10 -5 -7 24 25 22 -14 17 16 -10 -8 -19 -11 -3 -15 -6 -4 -2 -9 -1 -16 -13 -17
right_child=1 4 5 8 12 9 14 11 15 19 -12 28 13 21 27 29 -18 18 -20 -21 -22 -23 -24 -25 -26 -27 -28 -29 -30 -31
leaf_value=0.0034428909828361325 0.014334077289042521 -0.0012564433932170964 -0.0047103935370784028 0.024928283607780169 -0.021602733925066793 -0.00058675524551560882 0.02034540608338406 0.0062556995400329151 0.014389456245677511 -0.0012118496334554705 -0.0055767116831581731 0.0088204028119892395 -0.0089535637311177561 -0.016606467181119078 0.012533665213632387 0.014166813921160334 0.023433849327958819 0.0144727574665145 -0.0097214876630675098 -0.012520857710520771 -0.013932916701349472 -0.033353820041956174 0.014478963795110406 0.0033183411328211367 0.001219609142166931 -0.012868778153757542 -0.009995631865770056 0.0027868051146552864 -0.0046675821616781604 -0.0015776765068895107
leaf_weight=216.71162080764771 343.51592892408371 288.90884391963482 346.02334280312061 408.27235575020313 702.6195071041584 316.53668996691704 274.69409690797329 455.45748582482338 705.66978649795055 124.50563333928585 82.154061377048492 69.18012647330761 562.20438076555729 325.40977872908115 246.00302369892597 86.059887677431107 236.16549502313137 109.28985437750816 38.591479882597923 1011.112134590745 124.47886446118355 54.644458547234535 10.18852439522743 454.16075101494789 88.979958102107048 35.833518579602242 84.590947151184082 277.10929352045059 683.84780490398407 90.340605989098549
leaf_count=872 1382 1198 1413 1701 3074 1289 1113 1837 2854 513 334 279 2412 1407 989 347 957 439 155 4214 526 244 44 1849 362 148 342 1114 2802 364
internal_value=-4.73968e-05 -0.00627119 -0.00217853 0.0135957 -0.014208 -0.00582481 0.00853186 0.0024905 0.0177323 -0.00888867 0.00871887 -0.000154385 -0.0164895 -0.0128749 0.011305 0.0151051 0.0166573 0.0160807 0.00815897 -0.011281 -0.00507357 -0.0190144 -0.0207953 -0.000151627 0.011636 0.00486081 -0.00052988 0.00766331 -0.00342845 0.0068172
internal_weight=8853.26 6079.76 4011.31 2773.5 2068.45 2252.34 1246.99 1758.97 1526.51 1452.15 514.65 1244.32 1655.07 942.259 945.688 1118.24 941.835 422.575 147.881 1135.62 413.388 380.054 712.808 800.184 432.496 491.291 301.303 523.112 753.028 176.4
internal_count=36574 25327 16422 11247 8905 9278 5024 7144 6223 6016 2078 5066 7181 4063 3810 4522 3811 1707 594 4727 1724 1651 3118 3262 1744 1985 1214 2103 3081 711
cat_boundaries=0 1 2 3 4 5 6 7
cat_threshold=42543 2588800 1056827 10932672 4 86 5264591
is_linear=0
shrinkage=0.03


Tree=21
num_leaves=31
num_cat=5
split_feature=20 20 7 0 20 7 0 20 0 0 14 13 16 24 13 11 23 25 15 7 2 12 28 0 16 10 9 5 20 15
split_gain=805.33 154.506 127.222 50.0692 45.7861 40.0526 33.8994 28.8804 26.3657 22.896 19.9781 17.8415 17.0233 16.1619 16.0838 15.871 19.2395 15.1612 14.3315 13.8434 13.5275 13.3846 18.4006 13.1161 12.9869 13.9356 12.9364 12.852 14.2971 12.4696
threshold=-1.1300000000000003 0.084999999999999978 4.8550000000000013 0 -2.6249999999999987 5.955000000000001 1 0.99500000000000022 2 3 0.18333333333333338 47.500000000000007 2.8944444444444448 32.605000000000011 60.500000000000007 32.745000000000012 -9.2949999999999999 33.119000000000014 0.35416666666666669 6.6450000000000005 1500.0000000000002 6.8050000000000006 6.6710000000000003 4 3.8944444444444448 19.930000000000003 6.535000000000001 2.5000000000000004 -1.4399999999999999 1.0000000180025095e-35
decision_type=2 2 2 1 2 2 1 2 1 1 8 2 8 2 2 2 2 2 8 2 2 2 2 1 10 2 2 2 2 8
left_child=2 3 4 12 29 14 10 9 -6 19 13 18 -2 -4 15 23 -17 24 -11 -3 -14 22 -7 -5 -10 -26 -8 28 -12 -1
right_child=1 7 6 5 8 21 26 -9 17 11 27 -13 20 -15 -16 16 -18 -19 -20 -21 -22 -23 -24 -25 25 -27 -28 -29 -30 -31
leaf_value=0.030180882738452239 -0.0034769918476301705 -0.0019256487257290221 -0.010373824081727968 -0.004689553679321755 0.018102007735524277 0.0066445393295362859 0.0013026721429811418 -0.02076945533776817 -0.00057686756891130381 -0.010057992342576417 0.005108590476426352 -0.0056279736446367447 0.021704774818673368 0.01581944803955352 0.02746233021253482 0.00052071476677191487 -0.010464802449656214 0.013051141904598024 -0.019105284311390715 -0.012170027066561406 0.0039582968471464641 -0.006483495597606582 -0.013975079431226228 0.0045377179943544791 0.018306236600481061 0.0032102008827715476 -0.011270481610802406 0.0091042358582918877 -0.014304528594070332 0.020171576611591042
leaf_weight=142.79431810975075 308.45858898758888 266.75001175701618 22.638583317399025 208.768977612257 535.39612559974194 41.674178242683411 707.01397413015366 464.08695583045483 192.95612382888794 213.0573001652956 82.129483625292778 154.30576997995377 41.357986807823181 333.85797443985939 16.56546950340271 249.93893654644489 336.86258219182491 453.54800300300121 605.15454688668251 213.92520709335804 592.09921842813492 638.8185418844223 595.97752431035042 371.04221196472645 100.79435002803802 121.22777023911476 82.213411808013916 182.72120612859726 58.435961350798607 519.73197908699512
leaf_count=599 1263 1129 91 852 2164 173 2852 2064 776 910 330 661 167 1343 67 1015 1384 1829 2625 911 2396 2671 2508 1507 407 489 336 736 237 2154
internal_value=-6.70878e-05 -0.0074435 0.0110302 -0.00360476 0.0158284 -0.00584322 0.00428059 -0.014254 0.0127608 -0.0121733 0.00912432 -0.0148323 0.00227842 0.0141561 -0.00189067 -0.00230747 -0.00578569 0.00915435 -0.0167494 -0.00635276 0.00511695 -0.00955267 -0.0126275 0.00121269 0.00511598 0.0100636 -6.97841e-06 0.00385789 -0.00296184 0.0223289
internal_weight=8854.3 5318.84 3535.46 3401.56 2066.45 2459.65 1469.01 1917.28 1403.92 1453.19 679.783 972.518 941.916 356.497 1183.18 1166.61 586.802 868.526 818.212 480.675 633.457 1276.47 637.652 579.811 414.978 222.022 789.227 323.287 140.565 662.526
internal_count=36646 22303 14343 14003 8418 10177 5925 8300 5665 6236 2737 4196 3826 1434 4825 4758 2399 3501 3535 2040 2563 5352 2681 2359 1672 896 3188 1303 567 2753
cat_boundaries=0 1 2 3 4 5
cat_threshold=8751 5793319 1077803 9535 10885120
is_linear=0
shrinkage=0.03


Tree=22
num_leaves=31
num_cat=7
split_feature=7 20 20 20 29 29 0 0 32 0 0 0 29 16 29 29 11 16 0 6 14 9 0 9 18 25 7 20 20 27
split_gain=747.872 138.709 105.865 60.1942 53.4113 41.0976 36.4168 30.2897 27.7783 26.4086 26.2268 24.9225 23.7388 22.8213 20.4361 17.9592 17.3279 15.0898 20.8817 14.8547 14.7156 14.6985 14.3604 14.2743 13.4942 13.3194 13.1105 12.9141 12.5163 12.2971
threshold=5.4150000000000009 0.069999999999999854 -2.484999999999999 -0.89499999999999991 -0.029999999999999801 -0.079999999999999613 0 1 -0.27638888888888885 2 3 4 -0.090000000000000288 4.6125000000000007 -0.05000000000000026 -0.029999999999999801 32.745000000000012 3.6458333333333335 5 5.5000000000000009 0.23611111111111113 6.5050000000000008 6 6.1650000000000009 4.955000000000001 36.931000000000004 4.9750000000000005 -2.0349999999999988 1.03 6.7550000000000008
decision_type=2 2 2 2 2 2 1 1 10 1 1 1 2 10 2 2 2 8 1 2 10 2 1 2 2 2 2 2 2 2
left_child=2 4 12 6 8 22 13 -6 -2 -7 -10 16 -1 14 -4 26 23 18 -14 -17 27 -12 -3 24 -5 -16 -8 -9 -11 -18
right_child=1 5 3 11 7 9 15 20 10 28 21 -13 17 -15 25 19 29 -19 -20 -21 -22 -23 -24 -25 -26 -27 -28 -29 -30 -31
leaf_value=0.029953157869960639 0.0049818952453483745 -0.012175353409265286 0.0097445666715889525 -0.001145174853400607 0.00067257219142749568 -0.0098351858995183641 0.017991584104058322 0.03217604310167322 0.0037188734139172188 -0.01727440136137498 -0.0032364078748227843 -0.0072623592960098593 -0.0063336093693283149 0.023199873363656889 -0.0021417812530768366 0.0073660862658376349 -0.030631393766109915 0.019560369878667723 0.016239247935878151 0.026395054391674503 -0.013867702672034818 -0.01228354981205502 0.000197295661407574 -0.019792502647188074 0.023170137491246259 0.011289688995798165 0.010109994845420833 -0.0075400365275621502 -0.025237138939474508 0.00099376443226415877
leaf_weight=163.2810675650835 638.78497609496117 128.30087871849537 295.48256155848503 27.423276513814926 316.7072702050209 521.20418305695057 583.52804334461689 7.4479072690010062 360.8129076808691 757.92347484827042 501.96967539191246 291.41232350468636 53.553856357932091 56.226820588111877 443.55328370630741 551.22714467346668 12.337138429284094 537.94496451318264 94.572540134191513 39.571598783135414 497.75692164897919 238.36685951054096 225.13461855053902 10.350814700126646 81.853660151362419 78.156212493777275 281.61790786683559 690.54008854925632 232.05757385492325 107.37891437113285
leaf_count=682 2591 541 1192 112 1294 2262 2362 30 1462 3317 2066 1188 217 227 1782 2215 50 2241 385 159 2102 993 941 42 330 314 1131 2873 1055 436
internal_value=0.000115946 -0.00731919 0.0103723 0.0076105 -0.0035793 -0.0138426 0.00968797 -0.00770277 5.05553e-06 -0.0159965 -0.00288205 -0.00150704 0.0196724 0.00465936 0.0034407 0.0125862 0.005571 0.0172257 0.00874695 0.00864064 -0.00984437 -0.00606737 -0.00463301 0.0138788 0.0170682 -0.000129641 0.015426 -0.00711624 -0.0189495 -0.00226531
internal_weight=8826.48 5117.01 3709.47 2860.12 3252.39 1864.62 2329.36 1512.45 1739.93 1511.19 1101.15 530.756 849.352 873.419 817.192 1455.94 239.344 686.071 148.126 590.799 1195.74 740.337 353.435 119.628 109.277 521.709 865.146 697.988 989.981 119.716
internal_count=36592 21527 15065 11540 13411 8116 9382 6299 7112 6634 4521 2158 3525 3515 3288 5867 970 2843 602 2374 5005 3059 1482 484 442 2096 3493 2903 4372 486
cat_boundaries=0 1 2 3 4 5 6 7
cat_threshold=8868240 8235 600095 1057327 549343 7323712 15374656
is_linear=0
shrinkage=0.03


Tree=23
num_leaves=31
num_cat=8
split_feature=8 20 20 29 29 8 29 0 0 29 0 0 13 29 0 10 16 1 10 0 7 0 31 18 10 18 13 0 29 13
split_gain=725.645 133.976 130.863 57.0949 41.6793 38.8464 37.2277 32.3354 29.2187 28.3942 24.5972 23.9616 22.9643 19.9985 19.0645 18.9331 18.9284 18.5168 16.7854 16.5957 17.0575 16.5191 15.7337 20.4431 14.14 14.0587 14.0264 13.7912 13.7852 13.7264
threshold=35.795000000000009 -0.029999999999999801 -1.8299999999999996 -0.039999999999999584 -0.079999999999999613 16.890000000000004 -0.010000000000000229 0 1 -0.1400000000000001 2 3 49.500000000000007 -0.044999999999999922 4 41.945000000000007 2.9500000000000006 7.5000000000000009 28.270000000000007 5 6.9450000000000012 6 0.35785714285714293 7.535000000000001 36.010000000000012 5.1250000000000009 37.500000000000007 7 0.010000000000000233 25.500000000000004
decision_type=2 2 2 2 2 2 2 1 1 2 1 1 2 2 1 2 10 2 2 1 2 1 8 2 2 2 2 1 2 2
left_child=2 3 5 9 14 -1 11 -5 -7 15 25 -4 17 24 -3 -2 -9 21 -12 20 28 22 -11 -24 -10 -8 -13 -17 -6 -16
right_child=1 4 6 7 19 8 10 16 13 12 18 26 -14 -15 29 27 -18 -19 -20 -21 -22 -23 23 -25 -26 -27 -28 -29 -30 -31
leaf_value=0.022701472412696572 0.02447399868029022 -0.014346683337227635 0.0021433294641221828 -0.01235537119734775 -0.0058323803342589468 0.017381979756301635 -0.011438932360125793 -0.0084736009471041498 0.016202485744632147 -0.0126521107675926 0.00072851121049479297 0.0050889864680884441 0.0077512607777276178 0.0036079264569077816 0.032074010125950451 -0.012628087304350805 0.0010988639056978562 -0.0064298057781108486 -0.010871667699452237 -0.018940497106106104 -0.018816696101356709 0.0063285163461844181 0.013100446321070625 -0.018975999609606237 -0.001366439885344187 0.0093759572761475431 0.013198083996367193 0.011797189363728262 -0.016393369639905595 -0.0017243915940343784
leaf_weight=476.53376886248589 70.819318547844887 121.00924648344517 549.78015601634979 703.10351887345314 360.77083173394203 656.30268870294094 33.905870914459229 345.24963477253914 284.77505411207676 109.70288617908955 208.74703541398048 291.9681955575943 235.41039077937603 383.19885787367821 11.279560238122938 25.781415984034538 402.83563128113747 542.87747153639793 242.89460520446301 862.308743968606 235.44736512005329 274.77325156331062 65.071734473109245 24.65815158188343 48.208365842700005 210.58017042279243 560.53662711381912 40.394830793142319 160.82198563218117 262.29338395595551
leaf_count=1992 285 511 2219 2950 1562 2681 140 1439 1167 448 844 1177 956 1549 47 104 1651 2227 992 3824 1036 1118 265 101 196 850 2258 163 704 1096
internal_value=-4.9493e-05 -0.00781683 0.00950289 -0.00362051 -0.0137358 0.0153219 0.00437549 -0.00778224 0.0127596 0.000726025 -0.00129581 0.00719085 -0.000692294 0.00816702 -0.00499278 0.0136931 -0.00327515 -0.00264661 -0.00539075 -0.0158662 -0.0119562 0.00168445 -0.00479112 0.0042857 0.0136589 0.00623431 0.0103 0.00215586 -0.00908864 -0.000319198
internal_weight=8802.04 4854.61 3947.43 2840.68 2013.93 1849.02 2098.41 1451.19 1372.48 1389.49 696.128 1402.28 1252.49 716.182 394.582 136.996 748.085 1017.08 451.642 1619.35 757.04 474.206 199.433 89.7299 332.983 244.486 852.505 66.1762 521.593 273.573
internal_count=36552 20487 16065 11707 8780 7585 8480 6040 5593 5667 2826 5654 5115 2912 1654 552 3090 4159 1836 7126 3302 1932 814 366 1363 990 3435 267 2266 1143
cat_boundaries=0 1 2 3 4 5 6 7 8
cat_threshold=9886096 1076783 1672207 8881028 11049025 4798527 2803075 542217
is_linear=0
shrinkage=0.03


Tree=24
num_leaves=31
num_cat=10
split_feature=20 17 20 20 20 0 14 0 0 0 0 17 0 15 28 0 13 11 13 31 11 24 15 0 12 25 12 12 5 12
split_gain=683.31 172.065 58.8049 55.0487 49.4793 33.2813 31.5721 27.4446 26.9374 22.6813 21.8192 21.7204 20.3401 15.7825 15.369 14.4891 13.9389 13.8971 13.7688 14.4152 13.5038 15.8655 13.1874 14.1979 14.1739 13.8201 12.8414 12.4003 12.7798 12.1074
threshold=-1.4549999999999998 0 -2.484999999999999 -0.48499999999999982 0.26000000000000029 1 0.18333333333333338 2 3 4 5 6 7 1.0000000180025095e-35 6.6830000000000007 8 58.500000000000007 33.270000000000003 48.500000000000007 0.297936507936508 38.110000000000007 36.945000000000007 0.35416666666666669 9 6.955000000000001 34.123000000000012 6.8150000000000004 6.8050000000000006 2.5000000000000004 6.7650000000000006
decision_type=2 1 2 2 2 1 10 1 1 1 1 1 1 10 2 1 2 2 2 8 2 2 8 1 2 2 2 2 2 2
left_child=2 4 13 6 10 11 8 -5 17 -6 29 18 -8 -1 -12 -15 22 -3 19 -4 -10 -22 23 -9 -25 -24 -14 28 -16 -2
right_child=1 3 5 7 9 -7 12 16 20 -11 14 -13 26 15 27 -17 -18 -19 -20 -21 21 -23 25 24 -26 -27 -28 -29 -30 -31
leaf_value=0.027088888792843113 -0.0071908210708991347 0.015963394059226293 -0.0026043757169948393 -7.1072167304227953e-05 -0.010983006240320262 0.012914586421322639 -0.0094474195537965489 0.004499811681982711 0.0038821125410865558 -0.020646776441893156 0.0073931886118345442 -0.0045225847971465862 -0.0026225801657673931 -0.001058411014432646 -0.019754068262840489 0.018034311128258484 0.022487204147336144 0.0057858460131693795 0.014223698643588597 0.0088487232803748268 -0.030018024991441208 -0.002422584340170896 -0.017107549233758488 -0.011896439343132415 0.010099148996945603 -0.0066857382665380287 0.0058503702950693159 -0.0083052170323412149 -0.0095826040440170606 0.0015295701651407835
leaf_weight=175.73955903947353 298.88987584412098 250.07192948460579 161.45407459139824 505.53179797530174 532.53892239928246 1109.1283811479807 229.6790114492178 97.775887817144394 469.9726400822401 541.16247914731503 41.61586394906044 175.52981553971767 405.25219126045704 45.603530094027519 235.97568845748901 632.64770396053791 12.384677469730375 233.49010115861893 186.22802431881428 255.29652713239193 21.930783033370972 129.31647950410843 278.12213432788849 209.95437708497047 30.153892070055008 194.67296239733696 267.08405420184135 578.22104075551033 210.20486177504063 275.25149285793304
leaf_count=745 1245 1005 651 2112 2330 4485 941 407 1895 2423 174 709 1648 189 1010 2635 52 940 753 1030 89 523 1195 885 126 832 1082 2443 896 1129
internal_value=0.00012071 -0.00551005 0.0125447 -0.000925053 -0.0111008 0.00958946 0.0022081 -0.00566453 0.00560819 -0.0161483 -0.00786425 0.00462689 -0.0019563 0.0190768 -0.0103812 0.0170009 -0.00898999 0.0108253 0.00732067 0.00441166 0.00135117 -0.00642391 -0.00958176 -0.00505561 -0.00876893 -0.0128164 0.000732387 -0.0112046 -0.0149621 -0.00295861
internal_weight=8790.88 6049.25 2741.63 3335.39 2713.86 1887.64 2006.8 1328.6 1104.78 1073.7 1640.16 778.508 902.015 853.991 1066.02 678.251 823.064 483.562 602.979 416.751 621.22 151.247 810.679 337.884 240.108 472.795 672.336 1024.4 446.181 574.141
internal_count=36579 25382 11197 13732 11650 7628 8123 5609 4452 4753 6897 3143 3671 3569 4523 2824 3497 1945 2434 1681 2507 612 3445 1418 1011 2027 2730 4349 1906 2374
cat_boundaries=0 1 2 3 4 5 6 7 8 9 10
cat_threshold=1 8886424 4221039 3224747 1650207 74303 12 10883200 655360 1573904
is_linear=0
shrinkage=0.03


Tree=25
num_leaves=31
num_cat=8
split_feature=20 20 16 14 20 23 0 0 0 26 0 17 23 26 12 10 9 4 14 5 32 23 12 26 32 9 9 4 0 13
split_gain=642.449 147.967 60.939 57.1903 42.229 34.7419 30.9644 30.9593 29.2142 25.5171 23.0057 17.8359 17.7171 17.5015 17.0682 15.8311 15.131 17.0139 14.8411 14.6909 13.9311 13.6985 13.6933 12.8835 12.4741 12.4337 12.3755 12.3668 16.466 13.4469
threshold=-1.4549999999999998 -0.21500000000000027 3.7638888888888893 0.18333333333333338 0.99500000000000022 -36.169999999999995 0 1 2 0.1800000000000033 3 4 -5.6350000000000007 0.1800000000000033 6.7950000000000008 12.435 5.1450000000000005 5 0.13392857142857145 3.5000000000000004 -0.038690476190476157 -9.5999999999999961 6.8350000000000009 -5.1099999999999968 -0.57638888888888873 5.8050000000000006 3.9550000000000005 6 7 30.500000000000004
decision_type=2 2 10 10 2 2 1 1 1 2 1 1 2 2 2 2 2 1 8 2 8 2 2 2 10 2 2 1 1 2
left_child=2 3 6 9 8 -4 -1 14 -3 10 12 23 -2 24 15 -5 21 -18 -10 22 -21 -12 -9 -8 -7 -20 -11 -26 29 -29
right_child=1 4 5 7 -6 13 11 19 18 26 16 -13 -14 -15 -16 -17 17 -19 25 20 -22 -23 -24 -25 27 -27 -28 28 -30 -31
leaf_value=0.012218428325644714 0.012929835471792992 -0.0022766661419831398 0.026088858153964181 0.017144729742050561 -0.019117807769890201 0.021970002706919501 0.00053589261933596158 -0.012781959897390314 -0.0066125298363052046 0.0098472141610659834 0.010485051947717728 0.0054518765877375275 -0.0016380746860082567 0.0056137880764385523 0.0066749154221732608 -0.0056671965675549312 0.0024303053382289485 -0.0085819540003770033 -0.0077056669349459287 0.0022499652266836103 -0.010474145083999553 -0.001518192017523296 -0.0052705988555524054 -0.016530583433547436 0.018629793237133999 -0.014606115646636903 -0.0090801310765876077 0.0046544446797797748 0.0051626200894717674 0.022616089004240995
leaf_weight=575.45865067839622 366.57656511664391 469.69035874307156 259.97585745155811 30.02748629450798 459.19089494645596 215.34937620162964 106.0356709510088 535.19030258059502 496.89794386923313 36.651028767228127 235.54223787784576 515.26484344899654 94.504930347204208 188.84667484462261 249.32551167905331 310.50558711588383 323.97198994457722 194.38899394869804 319.96060466766357 213.62936168909073 121.47745075821877 134.39258083701134 369.05681751668453 63.740064889192581 329.0241309851408 885.16668309271336 204.92418459057808 51.183787956833839 295.66600303351879 140.43982739746571
leaf_count=2331 1477 1978 1115 122 2086 888 428 2227 2131 148 946 2084 383 769 1006 1265 1320 793 1386 880 505 544 1526 258 1346 3868 835 210 1208 575
internal_value=-4.53093e-05 -0.0055033 0.0120039 -0.0013888 -0.0108521 0.0161314 0.00715607 -0.00500669 -0.00910442 0.0027709 0.00437847 0.00268595 0.00973286 0.0140104 0.000699071 -0.00365569 0.00147305 -0.00181804 -0.0109111 -0.00766608 -0.00236257 0.00612443 -0.00971629 -0.00554489 0.0155474 -0.0127741 -0.00620853 0.013853 0.0100394 0.0169347
internal_weight=8792.06 6051.07 2740.98 3420.17 2630.91 1480.49 1260.5 1829.21 2171.72 1590.95 1349.38 685.041 461.081 1220.51 589.859 340.533 888.296 518.361 1702.03 1239.35 335.107 369.935 904.247 169.776 1031.66 1205.13 241.575 816.314 487.29 191.624
internal_count=36638 25426 11212 13977 11449 6111 5101 7531 9363 6446 5463 2770 1860 4996 2393 1387 3603 2113 7385 5138 1385 1490 3753 686 4227 5254 983 3339 1993 785
cat_boundaries=0 1 2 3 4 5 6 7 8
cat_threshold=9970479 9775 8239 532667 3 124 338 2124839
is_linear=0
shrinkage=0.03


Tree=26
num_leaves=31
num_cat=2
split_feature=20 8 20 23 29 29 29 16 8 25 29 29 16 4 10 14 1 6 20 22 13 15 29 1 25 6 26 2 1 4
split_gain=576.537 128.962 84.2853 46.1642 39.9523 37.6114 31.6603 29.431 25.7659 22.6759 21.686 21.1348 16.2294 15.0457 14.8948 14.1245 13.4131 13.4127 16.6867 12.9869 12.3891 12.3162 11.5242 11.2435 12.1774 11.9425 11.7251 11.1523 11.1173 21.1142
threshold=-0.89499999999999991 30.215000000000003 0.069999999999999854 -32.304999999999993 -0.05000000000000026 -0.039999999999999584 -0.044999999999999922 3.3541666666666674 38.990000000000002 33.609000000000009 -0.1350000000000002 -0.079999999999999613 4.5634920634920642 0 25.730000000000004 0.2678571428571429 10.500000000000002 3.5000000000000004 1.2100000000000004 25.373000000000008 54.500000000000007 0.23611111111111113 -0.084999999999999951 4.5000000000000009 38.033000000000008 1.5000000000000002 5.7300000000000013 1500.0000000000002 6.5000000000000009 1
decision_type=2 2 2 2 2 2 2 8 2 2 2 2 10 1 2 8 2 2 2 2 2 8 2 2 2 2 2 2 2 1
left_child=1 3 5 12 17 10 19 11 -7 -10 -2 -3 22 -11 -8 -6 20 18 21 -5 -13 -4 -1 24 -9 -25 -27 -15 29 -12
right_child=2 7 4 6 15 8 14 23 9 13 28 16 -14 27 -16 -17 -18 -19 -20 -21 -22 -23 -24 25 -26 26 -28 -29 -30 -31
leaf_value=0.025610143569871503 0.01100428123001483 0.0064576139549810691 0.0079666010973095114 0.0068266457767874513 -0.012038307418008964 -0.0012874891389083041 0.0095451930435353771 0.0087992438330139547 -0.015042098918929639 0.0032559822600674048 0.0071765961237094979 -0.0036418258558232534 0.027982434476489151 0.016634091359264244 0.0020595202534997646 -0.018287057956223061 -0.013675600521195005 0.0018193310343953416 -0.022692611105624424 0.016185621725514313 0.013328687675820728 -0.0081101684925494761 0.0141389464378302 -0.0026926249572577477 0.028856205027534179 0.0081060036474238963 -0.015356787982099001 -0.0097677218766037584 -0.004014578447331156 -0.0056990894719732253
leaf_weight=102.67509470880032 141.65736284852028 215.47208689153194 49.405882373452187 164.90824063122272 671.26166433095932 449.27751864492893 598.86749720573425 230.89687725901604 435.99943986535072 126.62963235378265 276.96992249786854 559.89315700531006 158.93675427138805 14.97223289310932 398.36416466534138 632.14539934694767 114.38829918205738 157.53741963207722 62.861217185854912 699.3446150124073 41.59238013625145 325.01878371834755 339.24206452071667 180.96700970828533 30.888406008481979 336.40326377749443 20.327376827597618 376.22444215416908 642.14778536558151 182.27410924434662
leaf_count=436 572 869 206 668 2988 1843 2419 931 1850 534 1130 2280 687 62 1606 2856 474 664 275 2861 168 1384 1427 732 125 1357 82 1596 2645 745
internal_value=9.75022e-05 0.00811994 -0.00730492 0.0125309 -0.0121288 -0.00384451 0.0101972 0.00184474 -0.00721097 -0.0100011 -4.45962e-05 -0.00177974 0.019761 -0.00575665 0.00655489 -0.0150689 -0.00425912 -0.00568611 -0.00839004 0.0143998 -0.00246832 -0.00598882 0.0168042 0.00606703 0.0111658 0.00358463 0.00676904 -0.00853897 -0.00146567 0.0020984
internal_weight=8737.55 4193.17 4544.38 2462.34 1898.23 2646.15 1861.48 1730.83 1403.1 953.826 1243.05 931.346 600.854 517.826 997.232 1303.41 715.874 594.823 437.286 864.253 601.486 374.425 441.917 799.483 261.785 537.698 356.731 391.197 1101.39 459.244
internal_count=36472 17122 19350 10104 8373 10977 7554 7018 5885 4042 5092 3791 2550 2192 4025 5844 2922 2529 1865 3529 2448 1590 1863 3227 1056 2171 1439 1658 4520 1875
cat_boundaries=0 1 2
cat_threshold=448 348
is_linear=0
shrinkage=0.03


Tree=27
num_leaves=31
num_cat=9
split_feature=20 20 7 29 29 0 29 23 0 0 0 15 0 0 13 13 0 10 13 17 7 20 7 15 14 1 1 4 29 10
split_gain=572.188 119.949 94.7186 47.2734 43.9915 39.9859 36.7874 27.4937 25.6632 24.6573 23.6237 24.4207 21.1321 17.8673 17.6702 17.6227 16.5856 16.4369 16.2796 15.8328 14.7382 14.5191 13.7837 13.3396 12.8894 12.7771 12.7429 14.1759 12.6985 12.947
threshold=-1.1499999999999997 0.020000000000000021 5.0150000000000006 -0.010000000000000229 -0.015000000000000123 0 -0.060000000000000046 -34.92499999999999 1 2 3 0.15476190476190479 4 5 47.500000000000007 25.500000000000004 6 42.32500000000001 53.500000000000007 7 5.8650000000000011 0.99500000000000022 5.955000000000001 0.29285714285714287 0.21111111111111114 9.5000000000000018 7.5000000000000009 8 -0.15499999999999978 37.845000000000006
decision_type=2 2 2 2 2 1 2 2 1 1 1 8 1 1 2 2 1 2 2 1 2 2 2 8 8 2 2 1 2 2
left_child=2 3 4 5 7 18 15 -1 25 -6 17 -12 -8 -9 -13 -3 23 -4 26 -7 -20 -14 -10 -17 -22 -5 27 -2 -25 -30
right_child=1 6 10 8 9 19 12 13 22 -11 11 14 21 -15 -16 16 -18 -19 20 -21 24 -23 -24 28 -26 -27 -28 -29 29 -31
leaf_value=0.02433770741778387 0.0023534633151852478 0.022248505733180966 0.010922602645897523 -0.0092535946876915343 0.012773554060543325 0.0067013770519325456 -0.0081483640544120044 0.0089505058540255492 0.0013083456311726697 0.0014944752851486199 0.015096007462850423 -0.0059323553195543945 -0.015038572770412578 0.016901484016826746 0.0056333873599862562 0.017010651813924759 -0.011347420956426777 -0.0012919758560420015 0.017560800306056987 -0.00080466741099288904 -0.023418458869082896 -0.023470191699568429 -0.0074715472810312584 0.017142244236831142 0.011455833972400813 -0.019186232882101254 -0.0092289567684825328 -0.0084143072570088961 0.0070869377724236829 -0.010288107286313167
leaf_weight=278.67668575048447 267.59508165717125 19.996263161301613 366.4844213873148 336.75690530240536 322.58231745660305 692.76578383147717 427.96967303752899 513.15171463787556 300.50435569882393 389.61993458867073 75.460082203149796 464.53773336112499 809.50026322901249 781.6762131601572 159.7794331908226 33.217955872416496 277.48473961651325 135.92878687381744 54.658967107534409 398.98399338126183 19.923973187804222 237.8028966486454 346.47120976448059 24.295499593019485 18.297735273838043 178.25696884095669 443.19158001244068 174.17459642887115 51.981640011072159 149.90826298296452
leaf_count=1199 1096 84 1477 1409 1322 2805 1895 2094 1229 1587 304 1885 3607 3211 645 137 1184 549 221 1646 82 1120 1459 101 76 765 1845 714 219 635
internal_value=-1.90732e-05 -0.00626333 0.0094044 -0.0026721 0.0129898 4.67227e-05 -0.0119742 0.0157898 -0.00751453 0.00680352 0.0025876 -0.00100955 -0.0144541 0.0139501 -0.00297237 -0.00540447 -0.0064344 0.00746926 -0.00433643 0.00397586 0.00756758 -0.0167927 -0.00334185 -0.00071396 -0.00672322 -0.0124498 -0.00563481 -0.00202909 -0.00334859 -0.00581446
internal_weight=8751.64 5263.74 3487.9 3231.58 2285.71 2069.59 2032.16 1573.5 1161.99 712.202 1202.19 699.777 1475.27 1294.83 624.317 556.884 536.888 502.413 977.842 1091.75 92.8807 1047.3 646.976 259.403 38.2217 515.014 884.961 441.77 226.185 201.89
internal_count=36602 22329 14273 13347 9413 8485 8982 6504 4862 2909 4860 2834 6622 5305 2530 2360 2276 2026 4034 4451 379 4727 2688 1092 158 2174 3655 1810 955 854
cat_boundaries=0 1 2 3 4 5 6 7 8 9
cat_threshold=11916672 12736724 12135 5301287 11803 11438480 5845398 6 348
is_linear=0
shrinkage=0.03


Tree=28
num_leaves=31
num_cat=3
split_feature=20 7 20 17 20 5 16 25 32 20 13 5 12 19 4 11 7 22 12 11 10 32 27 25 10 23 4 13 13 10
split_gain=559.043 124.821 79.492 37.8473 32.0525 29.3904 29.2346 23.0163 21.5008 20.3625 19.7569 17.9483 15.8142 15.1367 14.9379 15.6897 14.5352 14.2839 13.7489 13.4982 17.6946 13.4568 13.2814 12.7214 15.3293 12.7084 12.622 12.51 11.6471 11.5696
threshold=-0.89499999999999991 4.8350000000000009 0.034999999999999705 0 -2.6249999999999987 4.5000000000000009 2.9500000000000006 33.827000000000012 -0.57638888888888873 0.99500000000000022 51.500000000000007 3.5000000000000004 6.8050000000000006 5.2010000000000014 1 36.235000000000007 5.6950000000000012 33.855000000000011 6.9050000000000011 38.475000000000009 23.550000000000004 -0.38492063492063483 6.8050000000000006 34.737000000000016 64.725000000000009 -8.9049999999999994 2 48.500000000000007 47.500000000000007 21.755000000000003
decision_type=2 2 2 1 2 2 8 2 8 2 2 2 2 2 1 2 2 2 2 2 2 8 2 2 2 2 1 2 2 2
left_child=1 4 6 8 19 9 12 13 -3 21 11 17 -2 28 15 23 -7 26 -16 20 -1 -4 -12 24 -8 -17 -10 -23 -6 -30
right_child=2 3 5 -5 7 16 14 -9 10 -11 22 -13 -14 -15 18 25 -18 -19 -20 -21 -22 27 -24 -25 -26 -27 -28 -29 29 -31
leaf_value=0.024721928615787862 -0.011336487688482434 0.01557661721038133 -0.00068631891957389381 -0.0068902429734549707 0.0010463818694645382 0.01668651598929206 0.0015654169680031675 0.01463371244569593 -0.010041535879044966 -0.019654925047354246 0.023587412727989091 0.0069605483526957402 -0.0039082981290787236 0.012959322237874639 -0.0071652307873296675 0.0044705010013413723 -0.0056973195850395482 0.0036244640304246133 0.0040254114508595229 0.010922279430595545 0.012333042454359733 -0.013853145531114119 0.0072774620905332234 0.0095606203656775773 -0.03664589164276074 -0.0083460115943610105 -0.00019930506839674336 -0.0049074339024107426 0.019282324215211769 0.0034233008395884736
leaf_weight=342.76646663248539 546.71658235788345 140.44373270869255 91.951958939433098 313.70647487044334 358.36733639240265 28.585894271731377 365.3053176254034 656.85233008861542 178.25416150689125 380.3392561674118 57.828760176897049 425.4722805172205 488.34785336256027 258.80906736850739 498.17567297816277 102.41501496732235 301.36009965837002 414.50830321013927 123.2571926265955 159.26480476558208 148.79957550764084 1008.1312966048717 201.52749367058277 228.19194588065147 9.6997828632593137 217.50920440256596 323.20616529881954 163.51187628507614 75.97183021903038 90.97955210506916
leaf_count=1480 2312 568 396 1294 1451 121 1498 2676 721 1761 233 1717 2048 1057 2054 419 1327 1678 507 676 629 4448 813 936 40 901 1306 710 309 369
internal_value=-0.000140804 0.00782805 -0.00739784 0.0025767 0.0129869 -0.0119292 -0.00393053 0.0104911 0.00429718 -0.0135692 0.00333444 0.00186898 -0.00783184 0.00702098 -0.00131612 0.00111515 -0.00375803 -0.000496087 -0.00486732 0.0185125 0.0209717 -0.0117374 0.0109141 0.00397557 0.000577053 -0.00424315 -0.00390214 -0.0126047 0.00409533 0.01064
internal_weight=8700.26 4146.76 4553.5 2054.95 2091.81 1973.88 2579.62 1440.98 1741.24 1643.93 1600.8 1341.44 1035.06 784.128 1544.55 923.121 329.946 915.969 621.433 650.831 491.566 1263.6 259.356 603.197 375.005 319.924 501.46 1171.64 525.319 166.951
internal_count=36455 16977 19478 8330 8647 8763 10715 5862 7036 7315 6468 5422 4360 3186 6355 3794 1448 3705 2561 2785 2109 5554 1046 2474 1538 1320 2027 5158 2129 678
cat_boundaries=0 1 2 3
cat_threshold=6 334 37
is_linear=0
shrinkage=0.03


Tree=29
num_leaves=31
num_cat=7
split_feature=8 29 23 17 29 29 0 0 0 32 18 0 29 7 7 0 14 25 29 15 0 29 19 22 18 23 32 23 32 21
split_gain=509.677 94.3211 92.2338 48.0732 33.3983 30.6218 29.7154 29.463 27.0386 25.0392 25.0057 21.4819 20.4677 20.3478 18.4638 17.9682 17.1387 16.9611 16.3009 15.3179 15.1381 14.4106 14.0532 14.0124 15.1184 13.8471 13.6732 13.2266 12.8331 11.5838
threshold=35.795000000000009 -0.055000000000000153 -23.664999999999992 0 -0.07499999999999972 -0.010000000000000229 1 2 3 -0.17480158730158726 6.7550000000000008 4 -0.095000000000000182 3.8450000000000002 5.2750000000000012 5 0.23611111111111113 37.381000000000007 0.029999999999999808 0.81666666666666676 6 -0.16500000000000001 5.6590000000000016 34.423000000000009 6.2650000000000006 -5.9500000000000002 -0.34186507936507932 -9.7549999999999972 -0.15416666666666665 53.915000000000006
decision_type=2 2 2 1 2 2 1 1 1 10 2 1 2 2 2 1 10 2 2 10 1 2 2 2 2 2 8 2 8 2
left_child=2 7 4 6 14 8 10 12 26 21 -3 19 25 28 -1 -7 22 20 -13 23 -15 -9 -8 -5 -25 -2 -4 -17 -6 -20
right_child=1 3 5 11 13 15 16 9 -10 -11 -12 18 -14 17 -16 27 -18 -19 29 -21 -22 -23 -24 24 -26 -27 -28 -29 -30 -31
leaf_value=0.021942875559376771 0.02322306472291848 -0.0045778458786708536 0.0085309302891100613 -0.011849558174137789 0.019919756180554353 -0.0052529998681187916 -0.0076734911534016752 0.018617842342316358 0.0098567321591832239 -0.0072112588068912516 0.0083606205703344906 -0.012777612854906814 0.00054255440606068724 0.01126076263647007 -0.0082220357269344041 0.0071742572400645306 -0.015412400164062 0.018777697486508291 -0.024009362091953763 -0.037340080213239771 0.0024283639083212964 0.00024778736305625462 0.0079571150428018635 0.02847632187792028 -0.0019164157203894129 0.0066998913526089528 -0.0012514229652036272 -0.0056141720642896419 -0.0022177046896494283 -0.011154218631490312
leaf_weight=426.6257586479187 78.741805464029312 374.47200146317482 183.96990984678268 140.43128924071789 259.00853180885315 373.66240419447422 451.37352135777473 41.727296605706215 942.28118689358234 613.39922018349171 209.72929356992245 1156.5342237204313 251.18356081843376 350.79932300746441 19.079206213355064 289.23066914081573 254.54505828022957 126.64361843466759 228.89057025313377 13.309482038021086 375.8712095618248 486.78280033171177 58.475086361169815 15.969294130802153 189.8472518324852 108.6080446690321 427.23014169931412 97.265478253364563 25.926854968070984 87.091582417488098
leaf_count=1807 317 1581 745 626 1113 1523 1916 169 3813 2581 855 5127 1040 1444 77 1166 1102 522 1040 59 1542 1995 241 70 805 448 1731 403 108 378
internal_value=6.79938e-05 -0.00651747 0.00811248 -0.00949394 0.01369 0.00429399 -0.00506573 -0.00052727 0.00670827 -0.00306091 6.59573e-05 -0.0126568 0.00600305 0.0109641 0.0206516 -0.000639904 -0.00893792 0.00864627 -0.0143302 -0.00560158 0.00688058 0.00169815 -0.0058808 -0.00454336 0.000441755 0.0136445 0.00166579 0.00385615 0.0179054 -0.0204662
internal_weight=8658.71 4761.11 3897.59 3180.67 1583.95 2313.64 1348.59 1580.44 1553.48 1141.91 584.201 1832.07 438.533 1138.25 445.705 760.159 764.394 853.314 1472.52 359.557 726.671 528.51 509.849 346.248 205.817 187.35 611.2 386.496 284.935 315.982
internal_count=36344 20350 15994 13800 6613 9381 5695 6550 6289 4745 2436 8105 1805 4729 1884 3092 3259 3508 6545 1560 2986 2164 2157 1501 875 765 2476 1569 1221 1418
cat_boundaries=0 1 2 3 4 5 6 7
cat_threshold=6 4206191 75926 10946180 532506 13068464 3156795
is_linear=0
shrinkage=0.03


Tree=30
num_leaves=31
num_cat=2
split_feature=8 23 29 17 32 32 10 21 13 29 29 21 31 23 25 29 13 19 11 11 29 4 13 16 28 19 19 29 13 18
split_gain=482.738 90.9542 78.8541 49.3391 34.1828 31.951 29.2546 31.5248 26.5008 21.2825 20.2635 18.7509 18.039 17.668 16.8375 15.3909 15.6637 15.1567 14.855 14.4501 16.6767 14.4128 14.1031 14.0554 14.0073 13.8394 13.2028 11.8789 11.8399 11.7551
threshold=35.795000000000009 -21.884999999999994 -0.079999999999999613 0 -0.5263888888888888 -0.03095238095238095 27.600000000000005 35.875000000000007 51.500000000000007 -0.015000000000000123 1.0000000180025095e-35 49.845000000000006 0.14083333333333337 -33.60499999999999 34.485000000000007 -0.1400000000000001 49.500000000000007 5.5670000000000011 36.165000000000006 30.305000000000003 -0.18000000000000013 1 37.500000000000007 3.4722222222222228 6.6909999999999998 4.9970000000000008 5.3550000000000013 -0.010000000000000229 48.500000000000007 4.6150000000000011
decision_type=2 2 2 1 10 10 2 2 2 2 2 2 8 2 2 2 2 2 2 2 2 1 2 10 2 2 2 2 2 2
left_child=1 4 12 5 -1 17 22 29 9 13 28 -12 -2 -6 -15 18 21 24 -14 -9 -21 -17 23 -3 -4 -25 -22 -19 -5 -8
right_child=2 6 3 10 8 -7 7 19 -10 -11 11 -13 15 14 -16 16 -18 27 -20 20 26 -23 -24 25 -26 -27 -28 -29 -30 -31
leaf_value=0.020455518732259044 -0.025775121318231994 -0.0031692287861298336 0.013416165405840575 -0.010703420560666657 0.018952152214083303 -0.010644689395328755 -0.032944376905895717 0.0071719422889033593 0.018509563594894834 0.0026234174090896466 -0.020301361808498161 -0.010769697367546479 0.014266944750377557 0.0043361773115843895 0.014802074485445406 -0.0094793643445997 0.0085852148909042261 0.01131326281147815 -0.0023068683800700532 0.032538410648435198 -0.0040809709426716202 0.00024688183222024146 0.010520890685528975 0.0029309379469390001 -0.0044268344873750832 0.017804750245571984 0.0063450324456276559 -0.0025219760053032348 -0.0024008327675048074 -0.0084823004597061533
leaf_weight=377.81628265976906 22.760590314865112 183.06103412806988 41.659615576267242 1195.4072756618261 197.27758741378784 539.77747106552124 19.62649829685688 342.68730399012566 285.8534300327301 392.12184125185013 391.17146265506744 353.70877762138844 137.48095408082008 343.76519583165646 231.52111449837685 183.32518693804741 136.17333145439625 126.40109379589558 75.344090163707733 13.358805149793623 420.75146995484829 478.30404350161552 508.13669393956661 175.80779388546944 799.74955186247826 82.824608042836189 147.68219341337681 100.07186295092106 177.54326985776424 178.2619750648737
leaf_count=1607 98 741 173 5243 853 2331 83 1385 1190 1609 1792 1540 562 1414 955 758 559 516 308 54 1702 1979 2056 710 3340 335 597 413 769 737
internal_value=-0.000282843 0.00754102 -0.00669558 -0.00872944 0.012418 -0.00466698 0.0032379 -4.12278e-05 0.0103246 0.00831568 -0.0117358 -0.0157752 0.000636739 0.0112048 0.00854813 0.00123157 -0.000680581 -0.00168915 0.0083995 0.00228494 -0.0005936 -0.00258762 0.00711268 0.00319179 -0.0035434 0.00769414 -0.00137224 0.00519987 -0.00962977 -0.0109084
internal_weight=8659.43 3900.55 4758.88 3725.49 1828.36 1607.66 2072.2 1122.37 1450.54 1164.69 2117.83 744.88 1033.39 772.564 575.286 1010.63 797.803 1067.88 212.825 924.48 581.792 661.629 949.83 441.693 841.409 258.632 568.434 226.473 1372.95 197.888
internal_count=36409 16028 20381 16117 7628 6773 8400 4558 6021 4831 9344 3332 4264 3222 2369 4166 3296 4442 870 3738 2353 2737 3842 1786 3513 1045 2299 929 6012 820
cat_boundaries=0 1 2
cat_threshold=6 193
is_linear=0
shrinkage=0.03


Tree=31
num_leaves=31
num_cat=6
split_feature=17 0 32 29 0 29 16 32 8 7 8 29 0 21 9 26 18 13 7 0 26 0 29 31 13 5 26 32 31 10
split_gain=462.203 71.1658 69.4751 42.8224 36.0965 34.7011 33.4828 28.8814 28.2829 26.7653 21.2961 20.2652 18.2368 16.1378 15.6742 15.3076 15.1228 16.4754 14.7724 16.4435 14.4559 15.0448 14.2902 14.1554 14.0983 14.3747 13.6012 12.5156 12.4913 13.0325
threshold=0 1 -0.34186507936507932 -1.0000000180025095e-35 2 -0.090000000000000288 2.9500000000000006 0.034523809523809519 16.890000000000004 5.3150000000000004 32.865000000000002 -0.07499999999999972 3 39.935000000000009 7.4150000000000009 -0.70999999999999719 4.995000000000001 53.500000000000007 6.4350000000000014 4 -12.829999999999998 5 -0.14999999999999988 0.28908730158730161 59.500000000000007 4.5000000000000009 2.2949999999999986 -0.21130952380952378 0.31896825396825407 58.365000000000002
decision_type=1 1 8 2 1 2 8 10 2 2 2 2 1 2 2 2 2 2 2 1 2 1 2 10 2 2 2 10 10 2
left_child=2 5 8 7 11 -2 9 14 -1 -7 16 -4 -10 -5 15 22 -6 -18 19 -15 21 -11 -3 -14 25 -13 28 -27 29 -8
right_child=1 3 4 13 10 6 26 -9 12 20 -12 24 23 18 -16 -17 17 -19 -20 -21 -22 -23 -24 -25 -26 27 -28 -29 -30 -31
leaf_value=0.021498009457759284 0.0055094861862876069 0.014970809496314165 0.0085422910204623892 -0.023721468842898465 -0.0030366861182206063 0.023217498694500537 -0.00099641044469498015 -0.014322418788003052 0.015278547099759131 0.0045806057290200455 0.0011709241903586757 -0.0047080614466295766 -0.0015866044125101553 -0.00030873455647375446 -0.014490986570571889 -0.010122156356598895 0.0097377807928550521 0.021194253504013296 -0.017402255750640989 -0.013560691531976704 -0.011044937810778451 -0.0085218330370328606 -0.0027127171217964639 0.0097506548742495123 0.032080025733089344 0.024275225808906491 -0.0097496542760863673 1.4681279205362959e-05 0.0043765057185183916 -0.019795867764805856
leaf_weight=311.85498608648777 446.93975421786308 42.9254539757967 198.0213847309351 148.48969955742359 69.920649811625481 24.530711472034454 454.46622182428837 343.89883270859718 546.23177546262741 128.93439047038555 294.60598865151405 559.65607732534409 126.79352635145187 145.17408461868763 131.6178152859211 260.02918064594269 753.72173379361629 132.89214640855789 331.79004274308681 218.0381136238575 652.16854330897331 178.3722705245018 982.40787748992443 454.08142387866974 10.493836924433706 29.678885325789452 117.91344545781612 53.88425774872303 497.99529409408569 35.802457809448242
leaf_count=1358 1828 175 812 689 286 99 1916 1523 2257 553 1205 2287 519 613 570 1098 3082 545 1506 925 2827 775 4147 1869 43 121 496 220 2067 156
internal_value=7.33484e-05 -0.00566739 0.00839915 -0.00915085 0.00494719 -0.00206971 -0.00370025 -0.00652354 0.0135022 -0.00772606 0.0081583 0.000132937 0.0112898 -0.0147441 -0.00463076 -0.0036211 0.0103957 0.011455 -0.0128261 -0.00864581 -0.00851719 -0.00315279 -0.0019724 0.00715282 -0.00241237 -0.0029751 -0.000119069 0.00863123 0.00102999 -0.00236926
internal_weight=8683.33 5141.49 3541.84 2604.37 2102.87 2537.12 2090.18 1760.88 1438.96 984.006 1251.14 851.734 1127.11 843.492 1416.98 1285.36 956.535 886.614 695.002 363.212 959.475 307.307 1025.33 580.875 653.713 643.219 1106.18 83.5631 988.264 490.269
internal_count=36567 21963 14604 11246 8601 10717 8889 7513 6003 4254 5118 3483 4645 3733 5990 5420 3913 3627 3044 1538 4155 1328 4322 2388 2671 2628 4635 341 4139 2072
cat_boundaries=0 1 2 3 4 5 6
cat_threshold=12 1648191 15615504 1634115 6308160 532522
is_linear=0
shrinkage=0.03


Tree=32
num_leaves=31
num_cat=7
split_feature=20 20 20 29 29 29 29 0 32 0 26 21 0 16 0 22 11 6 10 0 29 10 29 24 20 0 24 21 16 0
split_gain=439.439 88.7529 87.6919 36.2835 36.1445 33.5254 32.642 29.7495 28.2798 25.7335 22.4782 17.0243 20.167 16.4192 15.8339 15.8188 15.2495 15.1519 14.9828 18.8324 14.6992 15.4863 14.2561 17.9035 13.9802 13.5252 12.4818 12.3766 11.8725 14.2952
threshold=-1.0399999999999996 -1.7499999999999996 0.069999999999999854 -0.090000000000000288 -0.11499999999999976 -0.055000000000000153 -0.010000000000000229 0 -0.58611111111111092 1 5.1450000000000005 53.915000000000006 2 3.0500000000000003 3 32.371000000000009 30.215000000000003 2.5000000000000004 42.685000000000009 4 -0.044999999999999922 17.255000000000003 0.020000000000000021 39.165000000000006 -2.484999999999999 5 37.085000000000008 47.175000000000004 2.8166666666666669 6
decision_type=2 2 2 2 2 2 2 1 8 1 2 2 1 8 1 2 2 2 2 1 2 2 2 2 2 1 2 2 10 1
left_child=1 3 4 24 18 25 11 22 -5 -10 13 15 -13 -9 -8 -3 -17 -18 -2 -20 21 -11 23 -6 -1 -4 -19 -23 -7 -30
right_child=2 6 5 8 7 28 14 10 9 20 -12 12 -14 -15 -16 16 17 26 19 -21 -22 27 -24 -25 -26 -27 -28 -29 29 -31
leaf_value=0.026897747811417624 0.013480026274783377 0.0041173781032885813 -0.00013269795304238205 0.018605589584918234 -0.0041856512129529776 -0.016791324588867514 -0.0089061878661811072 -0.0085781054535486942 0.012126700962535914 0.019716182173678761 -0.017916572872006084 0.009411087102526831 -0.0065362572219985308 -0.002647936783543965 0.0011648366223045658 0.020981683759666778 0.0010053265726188364 -0.0086124608454796435 -0.01229881106041409 0.010187464016236726 0.00064419219788519795 -0.010255731584486666 -0.0068962642024985059 0.0058802409207789714 0.015184648307337952 -0.0094290274847448098 0.021561387902183891 0.0088264073163301631 -0.0026757841415638388 -0.013605400517092503
leaf_weight=157.39403712749481 156.36767190694809 521.35027007758617 267.26009936630726 273.30203114449978 242.03764648735523 658.92678755521774 252.89753012359142 760.9372149258852 695.93450002372265 89.341606840491295 137.44508856534958 100.46498246490955 192.19570945203304 938.42109042406082 303.11358231306076 120.98987711966038 127.59790661931038 14.60682764649391 54.967486202716827 59.346226796507835 452.48966793715954 40.221518874168396 186.59017252922058 463.70035088062286 219.75414134562016 302.83515021204948 79.448541387915611 127.75833354890347 163.6086937636137 469.79628364741802
leaf_count=689 630 2102 1131 1165 994 3064 1030 3253 2896 378 584 406 786 3889 1229 489 515 59 224 240 1854 166 778 1899 912 1311 321 530 735 2146
internal_value=-0.000225899 0.00746276 -0.0061856 0.0116643 -0.0030111 -0.0112988 0.00241843 -0.00404818 0.00977561 0.0080589 -0.00621334 0.00528996 -0.000963599 -0.00530334 -0.00355512 0.00740823 0.0124155 0.00773955 0.00744521 -0.000809707 0.00384561 0.00962462 0.000473009 0.00242807 0.0200728 -0.00523864 0.0168754 0.00425733 -0.0139721 -0.0110393
internal_weight=8631.1 3768.86 4862.24 2056.2 2999.81 1862.43 1712.67 2729.13 1679.05 1405.75 1836.8 1156.65 292.661 1699.36 556.011 863.993 342.643 221.653 270.681 114.314 709.811 257.321 892.328 705.738 377.148 570.095 94.0554 167.98 1292.33 633.405
internal_count=36405 15527 20878 8590 12491 8387 6937 11397 6989 5824 7726 4678 1192 7142 2259 3486 1384 895 1094 464 2928 1074 3671 2893 1601 2442 380 696 5945 2881
cat_boundaries=0 1 2 3 4 5 6 7
cat_threshold=598571 1076847 1319991 6233184 12109400 4928558 43539
is_linear=0
shrinkage=0.03


Tree=33
num_leaves=31
num_cat=0
split_feature=8 23 29 6 32 29 26 7 13 5 22 32 13 8 10 31 7 9 7 14 29 29 5 31 12 22 9 32 25 26
split_gain=408.982 72.5811 62.7746 41.8723 43.6567 26.1982 23.8434 22.4985 21.2575 21.7391 19.6099 19.4859 19.3644 18.4066 17.7799 21.499 17.5801 16.7112 15.7224 14.4569 13.3691 13.3152 13.6767 12.912 12.683 11.7675 11.7246 11.7074 11.706 11.4933
threshold=35.795000000000009 -23.894999999999989 -0.10000000000000007 2.5000000000000004 0.051785714285714303 -0.07499999999999972 0.1800000000000033 6.4450000000000012 45.500000000000007 2.5000000000000004 24.529000000000003 -0.2472222222222222 49.500000000000007 17.675000000000001 27.310000000000006 0.22261904761904763 5.4150000000000009 6.5250000000000012 5.2750000000000012 0.15476190476190479 -0.015000000000000123 1.0000000180025095e-35 7.5000000000000009 0.36638888888888893 6.995000000000001 20.833000000000002 5.8850000000000007 -0.58611111111111092 32.83700000000001 -16.424999999999994
decision_type=2 2 2 2 10 2 2 2 2 2 2 10 2 2 2 10 2 2 2 8 2 2 2 8 2 2 2 10 2 2
left_child=1 5 17 4 7 18 8 19 9 -3 -8 13 21 23 -10 -16 -11 -2 -1 27 26 -5 -23 -7 -15 -21 -9 -4 -26 -13
right_child=2 6 3 12 -6 11 10 20 14 16 -12 29 -14 24 15 -17 -18 -19 -20 25 -22 22 -24 -25 28 -27 -28 -29 -30 -31
leaf_value=0.019800613886480609 0.0072079653552782844 -0.0013740748289084437 0.015649338174972688 -0.0029840872622876255 -0.016891208136571932 0.014037762002084751 -0.014371618065372037 0.0032846984277570389 0.015334450107301719 0.0085453246591788469 0.0011142136037917663 0.015353176518982631 0.0043515249920682625 0.0097054637066715348 -0.0063648717969631233 0.0095252438001147723 -0.0037081997121508029 -0.0033554479163416832 -0.0074123631469692553 -0.026710865008373601 -0.015658068361606801 -0.010393374526859206 0.013813585061010802 0.0277469687496655 -0.036731480285815479 -0.0068421212050649898 -0.010033351258560367 -0.0021617163997624976 0.0088807372862833127 -0.00011037668266475987
leaf_weight=413.12858992815018 368.34477818012238 577.33689460158348 35.88317109644413 1030.9910849183798 578.00776258111 206.60496579110622 100.37847466766834 71.601713210344315 278.86121952533722 604.85232496261597 275.81638146936893 53.777176588773727 238.79644478857517 502.87789058685303 102.73643328249454 301.58100917935371 127.607367426157 212.56736442446709 20.034317255020142 28.055055201053619 357.7931352853775 423.18622979521751 22.103149071335793 88.239376172423363 10.389345869421961 613.36923135817051 351.75951890647411 446.55174577236176 9.8793129175901395 221.15644034743309
leaf_count=1781 1508 2347 146 4416 2618 897 411 311 1134 2452 1117 221 1012 2087 419 1222 524 883 81 126 1614 1866 96 387 43 2592 1532 1866 41 908
internal_value=-1.9386e-05 0.00719597 -0.00590045 -0.00717946 -0.00966952 0.0122984 0.0039093 -0.00747836 0.00521686 0.00297921 -0.00301781 0.0098238 -0.00357444 0.0121461 0.0095069 0.00548759 0.00641055 0.0033426 0.018542 -0.00476029 -0.0113889 -0.00485651 -0.0091918 0.0181406 0.00876768 -0.00771115 -0.00778091 -0.000836943 -0.0144993 0.0029143
internal_weight=8674.27 3895.26 4779.01 4198.1 2483.02 1526.09 2369.17 1905.01 1992.98 1309.8 376.195 1092.92 1715.08 817.991 683.179 404.317 732.46 580.912 433.163 1123.86 781.154 1476.28 445.289 294.844 523.147 641.424 423.361 482.435 20.2687 274.934
internal_count=36658 16072 20586 18195 10805 6446 9626 8187 8098 5323 1528 4584 7390 3455 2775 1641 2976 2391 1862 4730 3457 6378 1962 1284 2171 2718 1843 2012 84 1129
is_linear=0
shrinkage=0.03


Tree=34
num_leaves=31
num_cat=6
split_feature=20 20 7 29 23 0 0 0 29 0 0 14 32 5 7 26 32 32 6 7 15 24 26 12 14 20 26 29 0 10
split_gain=419.447 87.5282 73.6556 55.4771 32.056 30.9656 30.5276 27.1213 26.6482 27.2791 22.2998 21.6287 20.2796 19.2847 18.8438 17.6894 20.8188 17.5385 15.5038 16.2846 14.029 13.9612 13.5659 12.7628 12.4567 21.7868 12.4258 11.9113 11.7749 11.4824
threshold=-1.1300000000000003 0.36499999999999982 4.8350000000000009 -0.010000000000000229 -36.169999999999995 0 1 2 -0.12499999999999999 3 4 0.15476190476190479 -0.21825396825396823 1.5000000000000002 5.6250000000000009 -3.855 -0.25277777777777771 -0.51408730158730143 2.5000000000000004 5.9750000000000005 1.0000000180025095e-35 40.990000000000002 6.8300000000000027 6.8450000000000006 0.10555555555555557 0.505 -28.569999999999993 -0.069999999999999826 5 28.620000000000005
decision_type=2 2 2 2 2 1 1 1 2 1 1 8 10 2 2 2 10 8 2 2 8 2 2 2 8 2 2 2 1 2
left_child=2 3 4 8 22 15 26 -5 -2 13 -3 17 20 -10 -15 16 -6 -8 19 -9 -11 -16 27 -7 25 -12 -4 -1 -22 -13
right_child=1 10 6 7 5 23 11 18 9 12 24 29 -14 14 21 -17 -18 -19 -20 -21 28 -23 -24 -25 -26 -27 -28 -29 -30 -31
leaf_value=0.030965919389928261 0.0084035179157027629 -0.0076875516289506042 0.023770641490129505 -0.00095979828883891144 0.012910965384390996 0.011381369723266963 0.016697821402873316 -0.007759701891353438 -0.0045082908295974054 0.022536424625311264 0.013917373495241577 0.0020854193668334406 -0.0069452629621334153 0.013148888869155417 -0.0044665763863294735 -0.002023090384958473 -0.00064942704158320221 0.001474150966310753 -0.0055721823145769888 -0.01730256090637898 0.0047895198805597075 0.0065079827808207473 -0.0056541578652542562 0.018633866765933295 -0.018616017903321232 -0.014707253151666697 0.0073130028045592065 0.018062347082130385 -0.0051095366133464236 -0.0084236267452484324
leaf_weight=94.76562987267971 274.1700710952282 610.90773908793926 44.77250899374485 390.65529932081699 307.04740418493748 676.48018641769886 81.665334776043892 280.28236639499664 245.31914734840393 25.570750758051872 30.469327241182327 135.59216859936714 864.89418244361877 195.10483826696873 179.81246140599251 214.49020077288151 152.50429923832417 410.24777959287167 371.23584449291229 377.97405166924 198.55081269145012 248.5081879645586 16.622653543949127 322.4858261346817 507.90643195807934 111.5152642428875 530.61610876023769 200.83198711276054 214.74246615171432 301.95155833661556
leaf_count=429 1110 2752 182 1646 1278 2811 332 1174 1017 104 135 549 3660 786 746 879 621 1659 1587 1679 819 1029 73 1350 2389 516 2149 891 888 1232
internal_value=7.48532e-05 -0.00538554 0.00809727 -0.00314742 0.0118917 0.0102449 0.00309155 -0.00786395 -0.000409756 -0.00152199 -0.0122498 -0.000311201 -0.00424745 0.00258731 0.00542094 0.00501622 0.00841089 0.00400152 -0.0103737 -0.0132393 0.000972515 0.00190077 0.0207162 0.0135866 -0.0161712 -0.00856452 0.00844681 0.0221991 -0.00036166 -0.00516694
internal_weight=8617.69 5127.62 3490.07 3866.82 1985.23 1673.01 1504.85 1420.15 2446.67 2172.5 1260.8 929.457 1303.76 868.745 623.425 674.042 459.552 491.913 1029.49 658.256 438.864 428.321 312.22 998.966 649.891 141.985 575.389 295.598 413.293 437.544
internal_count=36472 22037 14435 16245 8332 6939 6103 6086 10159 9049 5792 3772 5471 3578 2561 2778 1899 1991 4440 2853 1811 1775 1393 4161 3040 651 2331 1320 1707 1781
cat_boundaries=0 1 2 3 4 5 6
cat_threshold=15646864 5267751 6300683 535151 4795935 4490640
is_linear=0
shrinkage=0.03


Tree=35
num_leaves=31
num_cat=9
split_feature=17 23 29 7 0 0 29 32 0 0 8 32 19 29 0 25 29 7 10 26 13 0 13 21 28 22 15 0 13 0
split_gain=375.85 85.9178 60.4881 35.7524 32.1638 29.9693 26.4747 20.3267 20.2945 19.8045 19.1142 16.8568 16.4733 16.0666 15.8726 15.1461 14.7498 13.6417 13.2587 17.168 13.1949 12.5668 12.0753 11.6766 11.5528 11.3523 11.2041 15.8495 13.1544 11.1929
threshold=0 -18.394999999999992 -0.055000000000000153 6.3450000000000006 1 2 -0.14999999999999988 -0.22361111111111109 3 4 16.110000000000003 -0.36904761904761896 5.9470000000000018 0.029999999999999808 5 32.413000000000011 -0.044999999999999922 5.9850000000000012 41.945000000000007 -18.694999999999997 44.500000000000007 6 44.500000000000007 43.320000000000007 6.6410000000000009 40.20600000000001 0.47222222222222227 7 51.500000000000007 8
decision_type=1 2 2 2 1 1 2 8 1 1 2 10 2 2 1 2 2 2 2 2 2 1 2 2 2 2 8 1 2 1
left_child=1 4 6 5 11 23 -2 12 -9 -8 -6 -1 -3 15 -5 -7 25 21 19 22 -13 -15 -11 -4 -20 -12 27 -16 -29 -17
right_child=2 7 3 14 10 13 9 8 -10 18 16 20 -14 17 26 29 -18 -19 24 -21 -22 -23 -24 -25 -26 -27 -28 28 -30 -31
leaf_value=0.010323813584786807 0.0094736406048536344 0.0053861607207499936 -0.01487446096047342 -0.0037228937359958651 0.020703003447892266 -0.0045084156840062128 0.002832807807418943 0.0091247475952200181 -0.0032678711859788919 0.0029000437685678237 0.014368478956671243 -0.0038195390285618827 0.043112985969340316 -0.012722083052832817 -0.015575055244383284 0.0086874428355911311 0.0088892475879342632 -0.017922969123222186 0.022106710721828314 -0.0036225667829588993 0.0086263283083001484 0.0040424625675861891 0.02567993931185571 -0.006814409802004491 -0.0083303242507921909 0.02987557486162196 -0.014530472838920255 -0.0062440549597414978 0.015907673125907826 -0.0003337385512692318
leaf_weight=337.80026350915432 202.98590208590031 564.289415538311 237.44974844157696 267.53978626430035 294.18172298371792 315.5339026004076 496.18472914397717 132.85211163759232 707.25183260440826 60.667277947068214 512.49795183539391 207.3165178000927 10.612410709261892 57.088259845972061 188.27103711664677 222.90540410578251 603.17843613028526 84.564458921551704 11.466048851609228 384.34847070276737 121.6521787494421 93.868354827165604 31.983952343463898 507.5089942663908 530.48639720678329 46.328752636909485 806.12383738160133 295.96295134723186 26.268086895346642 271.16572406888008
leaf_count=1429 828 2283 1059 1179 1296 1329 2045 538 2899 251 2164 849 43 238 857 927 2483 369 48 1592 502 391 131 2125 2235 197 3716 1325 116 1141
internal_value=-5.78902e-05 0.00744134 -0.00527229 -0.00761575 0.0112791 -0.00471074 -0.00070062 0.00173603 -0.00123841 -0.00206369 0.0137773 0.00553357 0.00608258 -0.00136695 -0.0108984 0.00062618 0.0121426 -0.00827639 -0.00443236 -0.000828186 0.000782926 -0.00287247 0.0107638 -0.0092592 -0.00768637 0.0156541 -0.0122352 -0.00885056 -0.00430467 0.00390534
internal_weight=8630.33 3537.96 5092.37 3374.25 2122.96 1790.08 1718.12 1415.01 840.104 1515.14 1456.19 666.769 574.902 1045.13 1584.17 809.605 1162.01 235.521 1018.95 477 328.969 150.957 92.6512 744.959 541.952 558.827 1316.63 510.502 322.231 494.071
internal_count=36585 14683 21902 14772 8920 7579 7130 5763 3437 6302 6140 2780 2326 4395 7193 3397 4844 998 4257 1974 1351 629 382 3184 2283 2361 6014 2298 1441 2068
cat_boundaries=0 1 2 3 4 5 6 7 8 9
cat_threshold=12 11436176 10918276 8203 2632206 10250 4719160 10536260 524410
is_linear=0
shrinkage=0.03


Tree=36
num_leaves=31
num_cat=7
split_feature=17 20 23 0 29 29 23 0 0 29 0 1 28 5 29 29 16 26 20 16 31 31 16 16 27 0 8 0 18 18
split_gain=347.922 75.8559 75.6215 49.4475 30.3325 29.1682 28.0226 27.7894 22.9641 19.3841 15.9163 14.6768 14.6766 14.5726 13.4619 13.3769 13.0544 14.6921 12.5436 12.5251 14.7643 12.1965 12.1646 12.1331 11.9567 11.8796 11.4574 11.0957 10.8926 10.7724
threshold=0 0.1000000000000001 -21.274999999999991 1 -0.05000000000000026 -0.010000000000000229 -9.2949999999999999 2 3 0.015000000000000126 4 10.500000000000002 6.8500000000000014 3.5000000000000004 -0.14999999999999988 -0.14499999999999999 3.3166666666666669 3.1050000000000009 0.99500000000000022 4.7071428571428582 0.30900793650793656 0.36226190476190484 2.183333333333334 2.7888888888888892 6.8950000000000005 5 38.720000000000006 6 6.5650000000000004 6.4050000000000011
decision_type=1 2 2 1 2 2 2 1 1 2 1 2 2 2 2 2 10 2 2 8 10 10 10 10 2 1 2 1 2 2
left_child=2 3 4 9 27 15 16 -3 -6 11 26 14 28 18 -2 -5 24 21 -9 20 -10 -18 -12 -16 25 -4 -8 -1 -13 -28
right_child=1 7 6 5 8 -7 10 13 19 -11 22 12 -14 -15 23 -17 17 -19 -20 -21 -22 -23 -24 -25 -26 -27 29 -29 -30 -31
leaf_value=0.020529303180970262 0.022356091489222331 -0.0051559485838889611 -0.010984828149167626 0.0097027353539432658 0.012725389187539217 -0.0092951603418621447 0.0092745166467347526 -0.013440917603549702 -0.0047604663927772626 -0.0045243717746030771 -0.034452153879104448 0.0077625623725287394 0.0090023910016711842 -0.0078057461285211734 -0.0019025698590101631 -0.0029305741068581959 0.0070952338416795761 -0.0047038501799754797 -0.022728824998378021 0.017456830293532479 0.0066234861675040363 0.016566084507779643 -0.0053159912166184245 0.0084514272469289747 0.0071884078985549431 0.0024055327224011126 -0.018503752258525682 0.011526160806849544 -0.011775390355237187 0.0090099075031142249
leaf_weight=373.84196104109287 49.997021868824959 684.56480154395103 91.895967066287994 79.734828725457191 532.24370485544205 823.28585556149483 134.47961346805096 519.88495770096779 178.64940151572227 241.08401615917683 13.406034544110296 33.477964550256729 77.044034987688065 293.44760122895241 131.12893827259541 1398.208270445466 600.99046936631203 77.360714957118034 174.89084859192371 51.45150688290596 240.65785244107246 153.66709885001183 339.35918073356152 456.32465919852257 171.07526376843452 140.28220149874687 31.18449829518795 361.89387334883213 110.27200819551945 21.733060404658318
leaf_count=1618 201 3058 371 322 2241 3544 549 2395 737 1006 57 138 314 1349 539 5831 2432 312 861 224 998 625 1406 1851 691 566 131 1556 455 89
internal_value=0.000198494 -0.00482398 0.00744189 -0.00226064 0.0119101 -0.0047492 0.00310798 -0.0100637 0.00851641 0.00296491 -0.00259159 0.00510322 -0.00156273 -0.013277 0.0074121 -0.00224901 0.0056003 0.00774735 -0.0157789 0.00341485 0.00177326 0.00902374 -0.00624618 0.00614025 0.00117038 -0.00326388 0.00438718 0.0165365 -0.00722519 -0.00720399
internal_weight=8587.52 5073.35 3514.17 3400.56 1738.74 2301.23 1775.43 1672.79 1003 1099.33 540.162 858.245 220.794 988.223 637.451 1477.94 1235.27 832.018 694.776 470.759 419.307 754.658 352.765 587.454 403.253 232.178 187.397 735.736 143.75 52.9176
internal_count=36467 21864 14603 14201 7374 9697 7229 7663 4200 4504 2232 3498 907 4605 2591 6153 4997 3369 3256 1959 1735 3057 1463 2390 1628 937 769 3174 593 220
cat_boundaries=0 1 2 3 4 5 6 7
cat_threshold=12 1057327 599583 8417003 831627 73608 5512495
is_linear=0
shrinkage=0.03


Tree=37
num_leaves=31
num_cat=7
split_feature=20 20 7 29 0 32 26 23 0 0 0 13 32 9 17 0 18 13 32 26 0 9 19 26 13 22 29 29 29 24
split_gain=325.054 70.0092 56.784 49.3992 28.1957 28.5594 27.8632 24.7708 24.261 23.1764 20.0576 19.2734 21.434 18.1329 17.504 16.5755 16.538 15.8053 15.547 15.0012 13.4783 13.0185 12.4148 12.4019 12.3519 14.0118 11.9158 11.8498 11.7894 12.4884
threshold=-1.1199999999999994 0.48499999999999993 4.8350000000000009 -0.029999999999999801 0 -0.16904761904761903 8.2550000000000043 -36.169999999999995 1 2 3 47.500000000000007 -0.36904761904761896 6.0050000000000008 4 5 7.5550000000000006 41.500000000000007 -0.30992063492063487 1.6999999999999995 6 6.5750000000000011 4.455000000000001 -17.394999999999992 24.500000000000004 29.402000000000005 0.015000000000000126 -0.060000000000000046 -0.084999999999999951 36.645000000000003
decision_type=2 2 2 2 1 10 2 2 1 1 1 2 8 2 1 1 2 2 10 2 1 2 2 2 2 2 2 2 2 2
left_child=2 3 6 4 13 -6 7 27 -4 26 18 12 16 23 -11 21 22 -7 24 -16 -8 -3 -10 -2 25 -9 -5 -1 -15 -30
right_child=1 15 8 9 5 17 20 10 11 14 -12 -13 -14 28 19 -17 -18 -19 -20 -21 -22 -23 -24 -25 -26 -27 -28 -29 29 -31
leaf_value=0.026913807799155212 0.01866515233873409 -0.0026429123608428984 0.0079219068798232015 0.0075047281504388988 0.0019288917143179113 -0.010686225858339015 0.009748830477466967 -0.02758557009215731 -0.023430821734935145 -0.011483799350412846 0.012418857565551437 0.0069568134227253262 -0.0059248715877359024 0.0064897342265847341 -0.0034525504434495253 -0.015226807827624799 -0.011877856380630943 -0.0013749649177630988 0.00080262790817313336 -0.014415755767144397 -0.013407992202175286 -0.012728578102451024 0.010152811656533121 0.0061628404451743923 0.011957667283991082 0.014188710327123155 -0.0045143695927583596 0.014480250069168026 -0.023055024953266858 -0.0017840275949372328
leaf_weight=109.67580899596214 91.575863718986511 255.86732867360115 515.48054102063179 143.01839710772038 644.18761165440083 402.21254904568195 26.903457641601562 15.845236390829088 10.443075358867643 720.16930940747261 953.52653081715107 264.73237016797066 514.93734902143478 146.35343903303146 767.40922306478024 577.30402468144894 43.892806097865105 277.10522063076496 329.74529677629471 131.5914958268404 57.729214787483215 209.49143409729004 192.86015444993973 324.25128230452538 290.30828548967838 13.285096138715742 154.3637659996748 185.94953428208828 28.320634007453918 202.20006872713566
leaf_count=506 372 1163 2091 590 2657 1712 112 66 42 3233 4003 1074 2097 596 3236 2755 180 1169 1349 562 240 963 782 1320 1217 56 646 835 119 847
internal_value=7.14489e-06 -0.0048535 0.00700505 -0.00306193 9.78836e-05 -0.0025771 0.010363 0.0111138 0.00268785 -0.00655091 0.00964202 -1.66014e-05 -0.00243908 0.00453932 -0.00793756 -0.0117828 0.00482221 -0.006888 0.00529059 -0.00500166 -0.00647914 -0.00703208 0.00842772 0.00891617 0.010089 -0.00853411 0.00122473 0.019093 -0.000169469 -0.00439728
internal_weight=8600.74 5075.42 3525.31 4032.76 2116.21 1323.51 1982.97 1898.34 1542.35 1916.55 1602.71 1026.87 762.133 792.701 1619.17 1042.66 247.196 679.318 649.184 899.001 84.6327 465.359 203.303 415.827 319.439 29.1303 297.382 295.625 376.874 230.521
internal_count=36590 21940 14650 17059 8792 5538 8384 8032 6266 8267 6691 4175 3101 3254 7031 4881 1004 2881 2688 3798 352 2126 824 1692 1339 122 1236 1341 1562 966
cat_boundaries=0 1 2 3 4 5 6 7
cat_threshold=1581167 5251367 8203 15614352 1 4787743 1381922
is_linear=0
shrinkage=0.03


Tree=38
num_leaves=31
num_cat=6
split_feature=17 20 23 0 29 29 0 23 1 32 0 26 0 32 32 0 9 25 20 29 29 25 7 15 13 10 13 8 32 7
split_gain=329.491 86.8212 64.9516 44.4926 34.0551 30.4114 22.4843 22.1846 19.2326 19.2073 19.7392 18.8839 19.6927 17.9176 15.6562 14.36 16.7672 16.4037 14.1213 15.562 13.5603 13.4556 14.1097 13.3566 12.6124 12.5645 11.9882 12.4262 12.5626 15.1459
threshold=0 0.1000000000000001 -21.274999999999991 1 -0.069999999999999826 -0.010000000000000229 2 -3.4000000000000017 11.500000000000002 -0.58611111111111092 3 0.1800000000000033 4 0.1896825396825397 -0.26825396825396819 5 5.9450000000000012 35.679000000000009 1.1700000000000006 -0.07499999999999972 -0.084999999999999951 34.269000000000013 4.0150000000000006 0.35416666666666669 51.500000000000007 21.755000000000003 41.500000000000007 53.875000000000007 -0.01507936507936508 5.7150000000000007
decision_type=1 2 2 1 2 2 1 2 2 10 1 2 1 8 10 1 2 2 2 2 2 2 2 8 2 2 2 2 10 2
left_child=2 3 4 8 -1 14 13 11 20 -6 25 12 -4 -3 -5 16 -7 -17 19 -8 -2 22 -12 -14 -22 -11 -16 28 -28 -30
right_child=1 6 7 5 9 15 18 -9 -10 10 21 -13 23 -15 26 17 -18 -19 -20 -21 24 -23 -24 -25 -26 -27 27 -29 29 -31
leaf_value=0.017260396831038263 0.0099564132746378323 -0.0047760344594888742 0.011853912435626864 0.0020604358473671255 0.016871414478547068 0.0046732768459598079 -0.0027563956727072224 -0.0052797863621946092 -0.0076734142330806675 0.0052060150563352468 0.013798485618529786 -0.0033687825280964943 0.0060359205655804507 -0.016027722166493136 -0.0074262590339598446 -0.01637803328333598 -0.010071010840220917 -0.0044060384958823761 -0.022661258083955339 -0.014583005865331662 0.00070233367552261102 0.014118373410919823 0.0019597445204176333 -0.0015254457718826418 0.012870729418218436 -0.0080044744872587031 0.0028009418936149819 0.022661087417514256 0.0064850098775857991 -0.014915062423890761
leaf_weight=562.33654914796352 250.23015762865543 681.23701034486294 346.50688433647156 513.06071120500565 194.9501425921917 120.9961803406477 122.36444768309593 248.95075839757919 148.61165787279606 146.50388976931572 133.14193394780159 238.63705895841122 618.03180696070194 156.66978400945663 527.29320245981216 345.81269025802612 162.83081129193306 146.69921462237835 148.26843291521072 551.22331571578979 732.496192663908 294.62837538123131 283.59233629703522 318.65582205355167 85.622089520096779 116.18143267929554 219.21562451124191 19.852075517177582 42.169195756316185 101.19043844938278
leaf_count=2454 1009 3049 1405 2105 850 510 532 1051 622 612 579 966 2504 730 2229 1499 715 636 742 2611 3021 1244 1171 1293 349 475 908 85 172 431
internal_value=-2.5118e-05 -0.00490538 0.00704206 -0.00218016 0.011194 -0.0047146 -0.0105439 0.00302238 0.00241859 0.00827582 0.00655546 0.0043805 0.00582164 -0.00679871 -0.00213005 -0.00951198 -0.00365665 -0.0125571 -0.0141079 -0.0124346 0.00384507 0.00908364 0.00574209 0.003427 0.00197585 -0.000613417 -0.00449339 -0.000449534 -0.00171491 -0.00862024
internal_weight=8577.96 5075.84 3502.12 3416.08 1731.33 2199.12 1659.76 1770.78 1216.96 1169 974.048 1521.83 1283.19 837.907 1422.78 776.339 283.827 492.512 821.856 673.588 1068.35 711.363 416.734 936.688 818.118 262.685 909.721 382.427 362.575 143.36
internal_count=36559 21955 14604 14291 7385 9290 7664 7219 5001 4931 4081 6168 5202 3779 5930 3360 1225 2135 3885 3143 4379 2994 1750 3797 3370 1087 3825 1596 1511 603
cat_boundaries=0 1 2 3 4 5 6
cat_threshold=12 5251631 1650207 11436048 569355 116032
is_linear=0
shrinkage=0.03


Tree=39
num_leaves=31
num_cat=6
split_feature=20 20 7 13 23 1 0 0 0 0 0 5 18 7 29 26 21 31 7 29 18 19 25 13 0 13 9 29 1 20
split_gain=306.219 65.9886 52.9086 42.9689 30.4055 29.1551 27.956 24.1015 23.5379 21.748 21.7039 19.5576 19.4811 17.8306 17.7372 17.4289 16.128 15.0863 14.5845 14.3121 15.7618 14.0456 13.252 14.177 14.0256 13.164 12.4206 12.3187 12.6754 12.9638
threshold=-1.1800000000000002 0.34000000000000036 4.8550000000000013 49.500000000000007 -36.169999999999995 10.500000000000002 0 1 2 3 4 2.5000000000000004 7.0550000000000006 6.9650000000000007 -0.12499999999999999 1.6999999999999995 52.490000000000002 0.33123015873015882 6.4250000000000007 -0.07499999999999972 6.6450000000000005 4.0770000000000008 35.027000000000008 47.500000000000007 5 42.500000000000007 6.1250000000000009 -0.015000000000000123 1.5000000000000002 -2.3349999999999991
decision_type=2 2 2 2 2 2 1 1 1 1 1 2 2 2 2 2 2 8 2 2 2 2 2 2 1 2 2 2 2 2
left_child=2 3 4 5 -1 7 16 15 27 12 -3 18 -5 -11 -9 17 -4 -2 -8 20 21 -12 23 24 -10 -7 -16 -6 -29 -30
right_child=1 10 6 9 8 25 11 14 22 13 19 -13 -14 -15 26 -17 -18 -19 -20 -21 -22 -23 -24 -25 -26 -27 -28 28 29 -31
leaf_value=0.019038352839569929 -0.00064746793587564249 -0.015709744124702631 0.021474305416430434 0.013010179000182028 0.0063272295161510899 -0.011609566835855411 -0.0027247186370503588 0.0082015082879490567 -0.00029197413739868094 -0.0026136353268683653 -0.015119227931510363 0.0042393755514503464 -0.0064131476036322728 0.034834221633577266 -0.0033397263568227583 -0.0088628074386229889 0.0055278465395558292 0.0077445946080662575 -0.030135253697610991 -0.0094052364409950798 -0.025209313686496277 0.0079856676274550221 0.015344909326382701 0.014592015874428169 0.0097736971821068622 -0.0027627992498459176 -0.0089694405170064676 -0.030765111693973939 -0.012537887235428919 0.0057521068508003884
leaf_weight=300.32254238426685 429.62431079149246 466.33013986051083 98.996315032243729 280.92542243003845 322.65403498709202 553.51112912595272 508.52433973550797 89.954273864626884 211.31646940112114 320.80205509066582 29.26405180990696 605.35157515108585 55.686153963208199 11.86667840182781 911.98579262197018 127.09138146042824 134.81770974397659 349.73301701247692 18.091846376657486 619.31088650226593 19.270754784345627 124.08620890974998 414.11323264241219 248.59526385366917 312.14268396794796 208.36037586629391 575.13670916855335 14.310975477099417 56.254766911268234 91.782637894153595
leaf_count=1378 1770 2250 401 1157 1347 2411 2066 365 880 1330 128 2459 233 51 3820 529 549 1444 76 2900 82 530 1752 1049 1312 897 2498 58 233 370
internal_value=2.08298e-05 -0.00454999 0.00710583 -0.002629 0.0102498 -0.00405632 0.00256751 -0.00248143 0.00867045 0.00429218 -0.0105265 0.000556517 0.0095143 -0.00124054 -0.00470467 0.00142287 0.0117759 0.00311843 -0.0036664 -0.00718528 0.000362985 0.00357653 0.0109232 0.00869293 0.0058914 -0.00919011 -0.00551699 0.00287646 -0.00380448 -0.00119816
internal_weight=8510.21 5172.94 3337.27 3914.68 1971.49 3245.4 1365.78 2483.53 1671.17 669.28 1258.26 1131.97 336.612 332.669 1577.08 906.449 233.814 779.357 526.616 791.932 172.621 153.35 1186.17 772.054 523.459 761.872 1487.12 485.002 162.348 148.037
internal_count=36325 22395 13930 16505 8379 13734 5551 10426 7001 2771 5890 4601 1390 1381 6683 3743 950 3214 2142 3640 740 658 4993 3241 2192 3308 6318 2008 661 603
cat_boundaries=0 1 2 3 4 5 6
cat_threshold=5242883 10815 15073424 4243275 8835520 576832
is_linear=0
shrinkage=0.03


Tree=40
num_leaves=31
num_cat=7
split_feature=17 20 20 0 29 6 0 0 16 29 9 29 0 32 8 13 20 0 26 32 29 32 21 1 28 29 32 0 13 11
split_gain=282.455 61.0765 52.4946 30.1999 26.1455 24.4536 22.362 21.4222 20.6626 20.3002 17.9248 15.4504 14.91 16.0216 14.4348 14.2568 13.9126 17.0111 13.8637 13.5135 12.8129 12.7202 12.709 12.3304 14.1836 11.9857 12.9726 12.587 11.4907 13.0038
threshold=0 0.020000000000000021 -2.484999999999999 1 -0.084999999999999951 2.5000000000000004 2 3 3.4722222222222228 -1.0000000180025095e-35 5.8250000000000011 -0.015000000000000123 4 -0.47996031746031736 38.555000000000007 46.500000000000007 1.0600000000000003 5 9.2450000000000028 0.077777777777777821 1.0000000180025095e-35 -0.22361111111111109 46.180000000000007 4.5000000000000009 6.7650000000000015 -0.15499999999999978 -0.26527777777777767 6 24.500000000000004 30.615000000000006
decision_type=1 2 2 1 2 2 1 1 10 2 2 2 1 10 2 2 2 1 2 10 2 8 2 2 2 2 8 1 2 2
left_child=2 3 11 20 18 7 8 19 14 10 23 -1 -13 -14 -6 -9 17 -7 -4 -3 -2 28 -15 24 -5 -25 27 -27 29 -8
right_child=1 5 4 9 6 16 21 15 -10 -11 -12 12 13 22 -16 -17 -18 -19 -20 -21 -22 -23 -24 25 -26 26 -28 -29 -30 -31
leaf_value=0.016266376055363366 0.0048824149633348215 -0.0029645250806110248 0.011154687656835565 -0.0063464819793891828 0.003959416009672468 0.0018046966595369664 -0.027453760416320774 -0.018162620138795323 0.010760507963172539 -0.0081024512055837914 -0.0046713803372419906 0.013493148829402253 0.013510594017677711 0.013570947091011013 -0.012801348515803571 -0.0064270160397798823 -0.013086705280974146 -0.00804610497387581 -0.022105081056089795 -0.014051405982086474 -0.0033928612785993433 -0.0024281601594782617 -0.017506677510953413 0.020960817542114315 0.015633059513222816 -0.0031328058475875321 -0.0049627595293636759 0.010802465077750595 0.0046588625768674346 0.0025295499854705492
leaf_weight=543.53802198171616 650.33998523652554 302.84145429730415 541.63203348219395 36.039495885372162 278.05989049375057 332.51432989537716 22.106524437665939 480.86314307153225 513.90981762111187 697.02951930463314 963.85504297912121 125.04083037376404 39.241392120718956 15.257698640227316 55.470760658383369 115.55322827398777 148.68390986323357 288.2148116081953 11.519247025251387 146.959567502141 227.23023666441441 626.69631561636925 52.914890587329865 22.896826595067978 99.032588273286819 106.54871396720409 329.52024023234844 114.4744091629982 621.19501850008965 31.666216045618057
leaf_count=2439 2646 1371 2243 148 1131 1470 90 2285 2114 3008 4048 549 174 65 234 537 717 1323 47 696 946 2569 224 92 406 434 1369 466 2540 129
internal_value=3.03474e-05 -0.00448855 0.00660154 -0.00203339 0.00464554 -0.00890395 0.00314844 -0.0118897 0.00690518 -0.00378525 -0.00200851 0.0134981 0.00702501 -0.00161078 0.00117187 -0.0156269 -0.0048441 -0.00286974 0.0104621 -0.00644359 0.00270882 0.000644629 -0.0105512 0.00161405 0.00976855 -0.000306723 -0.00119123 0.00443169 0.00350721 -0.0097969
internal_weight=8540.85 5062.6 3478.25 3246.97 2702.26 1815.63 2149.1 1046.22 847.44 2369.4 1672.37 775.993 232.455 107.414 333.531 596.416 769.413 620.729 553.151 449.801 877.57 1301.66 68.1726 708.512 135.072 573.44 550.543 221.023 674.968 53.7727
internal_count=36510 21962 14548 13563 11097 8399 8807 4889 3479 9971 6963 3451 1012 463 1365 2822 3510 2793 2290 2067 3592 5328 289 2915 554 2361 2269 900 2759 219
cat_boundaries=0 1 2 3 4 5 6 7
cat_threshold=12 4203054 3191883 4222227 8744235 5317807 10656128
is_linear=0
shrinkage=0.03


Tree=41
num_leaves=31
num_cat=4
split_feature=17 29 32 16 17 17 10 4 11 6 13 29 11 32 32 18 11 6 29 13 10 5 19 21 13 25 1 5 9 18
split_gain=268.478 58.5397 52.2316 26.9084 25.3961 23.4981 22.6924 17.7514 20.4341 16.6383 17.3653 16.3491 15.2458 15.1085 15.0373 14.8497 14.5086 14.2851 14.2268 14.0652 13.4062 13.2278 12.5847 11.6713 12.3907 11.7581 15.3846 11.523 11.417 11.088
threshold=0 -0.010000000000000229 -0.52440476190476171 3.7638888888888893 1 2 25.945000000000004 3 29.525000000000002 12.500000000000002 47.500000000000007 -0.11499999999999976 39.140000000000008 -0.011111111111111139 -0.038690476190476157 6.1150000000000011 32.010000000000012 1.5000000000000002 -0.039999999999999584 49.500000000000007 22.650000000000002 6.5000000000000009 5.9470000000000018 35.875000000000007 52.500000000000007 34.013000000000012 1.5000000000000002 6.5000000000000009 5.8650000000000011 7.2950000000000008
decision_type=1 2 8 8 1 1 2 1 2 2 2 2 2 10 8 2 2 2 2 2 2 2 2 2 2 2 2 2 2 2
left_child=2 4 -1 9 11 21 13 -8 -9 10 16 -2 19 18 -13 -10 -4 -7 -5 28 -12 23 -22 -3 25 26 -25 -20 -6 -28
right_child=1 5 3 6 12 17 7 8 15 -11 20 14 -14 -15 -16 -17 -18 -19 27 -21 22 -23 -24 24 -26 -27 29 -29 -30 -31
leaf_value=0.016192951759827424 0.0086028861452722011 -0.015031927503392701 0.0039686348881369862 0.015340275427482043 0.0021180183611639947 -0.016219389007241958 -0.003680691292658076 0.018539529285487921 -0.0082211938224894723 0.027630620630825945 0.015101936349723143 0.0016880542127509319 -0.0096963690520143822 -0.01131403942946756 -0.0053622466692629508 0.0081120442496348342 -0.0028284579375764717 -0.0089470181409991214 0.0064741085261874167 0.0055186373315834238 0.002673933789643371 0.01467080974573128 0.036128046235896313 0.023265300114292647 0.010720866522048183 -0.00067660662550614011 -0.011659881183828196 0.035227887329009243 -0.0056254019106548245 0.0061359283461511942
leaf_weight=437.27981062233448 213.22982873022556 100.18025453388691 502.61365711688995 466.61332705616951 213.46267880499363 393.54974736273289 202.71707367897034 105.69543008506298 76.186442211270332 23.325659364461899 132.64104445278645 943.17917263507843 388.06875567138195 26.130121365189552 382.75844232738018 146.2984681725502 645.75675709545612 635.85794319212437 359.41911101341248 156.68118011951447 310.5743054151535 30.524260953068733 10.461017623543738 13.046629562973974 47.420144215226173 293.47429209947586 319.69274668395519 12.997102513909338 868.98316533863544 34.956313803792
leaf_count=1914 866 467 2069 2011 926 1850 840 440 313 96 550 3886 1699 107 1650 613 2654 2928 1509 671 1278 128 43 57 196 1243 1364 55 3813 144
internal_value=5.87331e-05 -0.00435879 0.00648346 0.0050997 -0.0018824 -0.00857814 0.0081545 0.00327188 0.00745159 0.00247588 0.00210963 0.000886982 -0.00447989 0.0111507 -0.000347156 0.00251898 0.000146463 -0.0116145 0.0118503 -0.00288235 0.0070789 -0.00466013 0.00376404 -0.00544733 -0.00409226 -0.00515468 -0.00872884 0.0074776 -0.00409837 -0.00990582
internal_weight=8493.77 5035.07 3458.71 3021.43 3166.36 1868.7 1396.06 530.897 328.18 1625.37 1602.05 1539.17 1627.2 865.16 1325.94 222.485 1148.37 1029.41 839.03 1239.13 453.676 839.295 321.035 808.77 708.59 661.17 367.696 372.416 1082.45 354.649
internal_count=36380 21888 14492 12578 13511 8377 5888 2206 1366 6690 6594 6402 7109 3682 5536 926 4723 4778 3575 5410 1871 3599 1321 3471 3004 2808 1565 1564 4739 1508
cat_boundaries=0 1 2 3 4
cat_threshold=12 2 2 37
is_linear=0
shrinkage=0.03


Tree=42
num_leaves=31
num_cat=12
split_feature=20 17 0 29 16 0 32 13 0 29 20 4 0 0 0 0 13 29 0 25 13 11 31 0 6 4 12 20 20 31
split_gain=259.915 64.1959 36.3073 33.3615 30.8692 27.7121 27.5118 23.655 21.4985 20.8618 20.5229 17.4852 17.7882 17.0082 15.7269 15.6846 15.4037 15.3027 14.7197 13.6741 12.9705 14.3022 12.697 12.6269 12.3896 12.8415 12.3478 12.1965 15.9433 12.1246
threshold=-1.4899999999999998 0 1 1.0000000180025095e-35 3.5277777777777781 2 -0.19999999999999998 58.500000000000007 3 -0.029999999999999801 -2.8049999999999993 4 5 6 7 8 40.500000000000007 -0.10000000000000007 9 35.175000000000004 50.500000000000007 49.600000000000009 0.36226190476190484 10 3.5000000000000004 11 6.6550000000000011 0.13000000000000037 -0.97499999999999998 0.15690476190476196
decision_type=2 1 1 2 8 1 8 2 1 2 2 1 1 1 1 1 2 2 1 2 2 2 10 1 2 1 2 2 2 10
left_child=4 3 26 8 5 -1 9 15 24 22 -6 12 -11 -12 -13 -8 -10 -7 -5 -17 21 -15 23 -4 25 -2 -3 28 -18 -27
right_child=1 2 6 18 10 17 7 -9 16 11 13 14 -14 20 -16 19 27 -19 -20 -21 -22 -23 -24 -25 -26 29 -28 -29 -30 -31
leaf_value=-0.0042387156360941041 0.0010167108347831303 -0.0084176649437365768 -0.0039644458517685867 -0.0066762570700283136 0.015991378364173612 0.019239319324506211 -0.0016282237907548321 0.021518936564786276 -0.011672698927809854 0.00097045241649265678 0.013696856972382335 0.0079311997257372202 -0.017063179673701953 0.0048752664833940831 -0.004769435341252069 -0.010140005769498958 -0.020462088585551999 0.0050904016892653883 -0.016321740471840273 -0.0022459526086709698 0.012334274782912342 -0.016113123929578504 0.010485198471334292 0.0055139034500978762 0.0039169776186730619 -0.036632189448951573 0.0095826949000492219 -0.0099555346288936319 0.0032262432305302734 -0.0065743372105322839
leaf_weight=296.86730325222015 284.51393704116344 38.021251529455185 196.61384336650372 287.37930445373058 405.76648059487343 79.920531913638115 714.44641706347466 30.698893249034882 539.40652607381344 85.954595267772675 373.09043708443642 153.27534365653992 119.92267207801342 680.79486912488937 180.42813493311405 638.1468953192234 29.064582496881485 494.24460077285767 423.36447884142399 285.99628759920597 218.29079480469227 30.530940786004066 224.80229791998863 321.67645521461964 249.93200506269932 12.479313418269156 350.24186043441296 178.74738878011703 212.74842272698879 375.56704746186733
leaf_count=1212 1234 157 799 1320 1876 336 3019 127 2446 356 1579 631 496 2834 750 2738 122 2026 2008 1218 920 125 912 1310 1075 59 1429 839 914 1638
internal_value=-0.00019365 -0.00364996 -0.000885347 -0.00717988 0.00775663 0.00316038 -0.00202647 -0.00457207 -0.00511673 0.00127061 0.0100999 -0.00321924 -0.00983788 0.00826487 0.0011252 -0.00506088 -0.00823141 0.006939 -0.0127453 -0.00761462 0.00587427 0.00397442 0.00453082 0.00194818 -0.00176713 -0.00390569 0.00762363 -0.00401338 0.000379037 -0.00735153
internal_weight=8512.93 5933.43 3340.22 2593.2 2579.51 871.032 2951.96 1669.29 1882.46 1282.67 1708.47 539.581 205.877 1302.71 333.703 1638.59 959.967 574.165 710.744 924.143 929.617 711.326 743.093 518.29 922.492 672.56 388.263 420.56 241.813 388.046
internal_count=36505 25597 13942 11655 10908 3574 12356 7102 8327 5254 7334 2233 852 5458 1381 6975 4321 2362 3328 3956 3879 2959 3021 2109 4006 2931 1586 1875 1036 1697
cat_boundaries=0 1 2 3 4 5 6 7 8 9 10 11 12
cat_threshold=1 11 3113600 3746335 49 15749508 1074691 601712 5335620 91738 2589444 120
is_linear=0
shrinkage=0.03


Tree=43
num_leaves=31
num_cat=8
split_feature=20 20 16 29 0 0 29 6 0 26 0 29 29 32 26 4 0 26 13 23 0 28 32 18 19 0 19 9 29 6
split_gain=227.57 87.4433 34.4284 30.0723 27.8323 24.6958 19.663 19.542 18.885 18.4403 18.3647 17.8436 17.3246 19.9919 17.2262 15.3508 17.7833 14.6844 15.1173 14.3979 13.5157 13.2827 12.9496 12.3587 15.1208 18.1382 11.9065 11.1788 11.0249 10.9088
threshold=-1.4899999999999998 -0.21500000000000027 3.7638888888888893 1.0000000180025095e-35 0 1 -0.090000000000000288 4.5000000000000009 2 -4.8199999999999976 3 -0.11499999999999976 -0.010000000000000229 -0.47996031746031736 -0.42500000000000066 4 5 -21.084999999999994 47.500000000000007 7.1300000000000017 6 6.6860000000000017 -0.13333333333333333 6.7150000000000007 5.1890000000000009 7 4.1810000000000018 6.5250000000000012 0.020000000000000021 6.5000000000000009
decision_type=2 2 8 2 1 1 2 2 1 2 1 2 2 8 2 1 1 2 2 2 1 2 10 2 2 1 2 2 2 2
left_child=2 5 4 8 11 7 -4 14 -3 19 -5 -1 13 -7 28 16 -14 -6 -19 -10 -8 -15 -22 24 25 -23 -13 -28 -2 -17
right_child=1 3 6 10 17 12 20 -9 9 -11 -12 26 15 21 -16 29 -18 18 -20 -21 22 23 -24 -25 -26 -27 27 -29 -30 -31
leaf_value=0.023338423768263668 0.0081400445441685548 0.00038309200163982361 0.018019786109207927 -0.0047141237262698183 0.011198660439543835 0.0098336169674616992 0.012801489435470827 0.021586709062572765 -0.0015873618295025006 -0.011622903944150803 -0.015882285784614709 -0.018402436823998471 -0.0073315537898831617 0.010309303544772837 -0.0059069004223078541 -0.0079139067817843769 0.0074300694538691602 -0.0059335598222957876 0.0056979063214886907 -0.0097133947813799314 0.0069429365333543141 0.0066907634214694572 -0.012354496979197554 -0.0045666267805081623 0.006586340673998034 -0.004796777987420885 0.0085846274562867766 -0.011093409729671194 -0.0030917749175356458 0.013024962736274555
leaf_weight=65.155161246657372 424.69966514408588 419.75525231659412 273.93439076840878 223.07786828279495 78.638974815607071 184.7340931892395 499.90500812232494 59.077046662569046 574.04681931436062 493.26515880227089 473.50734466314316 16.490022227168083 116.11655282974243 94.714061677455902 136.64259570837021 622.93458494544029 166.81322644650936 366.09345878660679 138.65286549925804 298.16808733344078 606.0076906234026 160.47981216013432 33.001107543706894 610.36578926444054 291.14339809119701 446.7314165532589 473.73765024542809 27.489658772945404 96.530583113431931 23.227951973676682
leaf_count=277 1717 1826 1220 1035 325 751 2174 239 2548 2252 2282 67 493 388 555 2643 706 1501 573 1416 2599 651 137 2552 1191 1811 1956 112 397 96
internal_value=0.000217628 -0.00302437 0.00765423 -0.00731477 0.00383921 7.61944e-05 0.0108034 0.00498902 -0.00525196 -0.00693621 -0.0126014 0.00839821 -0.00123388 0.000488264 0.00357438 -0.00456166 0.00132832 -0.000845244 -0.00273842 -0.00436526 0.00906768 -0.000588428 0.00585471 -0.00127256 0.00096551 -0.00172954 0.00668019 0.00750539 0.00605994 -0.00705207
internal_weight=8495.14 5916.03 2579.11 2481.82 1166.26 3434.21 1412.85 716.95 1785.24 1365.48 696.585 582.872 2717.26 1788.17 657.873 929.092 282.93 583.385 504.746 872.215 1138.91 1603.43 639.009 1508.72 898.355 607.211 517.717 501.227 521.23 646.163
internal_count=36490 25549 10941 11359 4811 14190 6130 2908 8042 6216 3317 2412 11282 7344 2669 3938 1199 2399 2074 3964 4910 6593 2736 6205 3653 2462 2135 2068 2114 2739
cat_boundaries=0 1 2 3 4 5 6 7 8
cat_threshold=13725998 8235 534542 9815 74 9568468 4271207 531520
is_linear=0
shrinkage=0.03


Tree=44
num_leaves=31
num_cat=9
split_feature=20 20 0 29 13 5 0 10 4 1 29 12 11 0 24 23 13 0 32 0 0 11 0 11 0 5 24 22 11 7
split_gain=202.325 62.7848 41.0575 37.141 32.3826 23.0384 22.7585 22.6014 20.8395 20.3707 15.6606 14.5479 15.5822 14.5315 15.9669 14.0656 19.8851 13.9184 13.6673 15.1484 13.5115 12.8993 12.0082 12.4341 12.0077 11.9823 11.4926 12.7905 11.3495 11.0238
threshold=-1.4549999999999998 0.48499999999999993 0 -0.039999999999999584 49.500000000000007 2.5000000000000004 1 41.945000000000007 2 10.500000000000002 -0.010000000000000229 6.705000000000001 32.435000000000009 3 45.745000000000012 -39.259999999999991 24.500000000000004 4 -0.22678571428571423 5 6 27.835000000000004 7 48.675000000000004 8 1.5000000000000002 36.495000000000012 38.69100000000001 28.540000000000003 5.0150000000000006
decision_type=2 2 1 2 2 2 1 2 1 2 2 2 2 1 2 2 2 1 8 1 1 2 1 2 1 2 2 2 2 2
left_child=3 2 11 7 5 10 -7 15 28 26 18 -2 21 14 -3 -1 20 -10 19 -4 -17 -13 -18 -24 29 -14 27 -8 -5 -9
right_child=1 13 4 8 -6 6 9 24 17 -11 -12 12 25 -15 -16 16 22 -19 -20 -21 -22 -23 23 -25 -26 -27 -28 -29 -30 -31
leaf_value=0.022687398605402607 -0.0035693260066006036 -0.0083188436169550611 0.007245611050539176 0.016658898124838652 0.0032949227969616504 -0.0075825046433773717 -0.0076332900209397821 0.029218796816658368 -0.0053116430128743192 -0.0066687186452575598 -0.010488433198184981 0.005049330652572433 -0.0069419432750406542 -0.012290512116452783 0.0055685892232543201 -0.011753875066126063 0.018505368241471063 0.0031934559111318557 -0.0068927931339971028 -0.0051479100283177504 0.0089366295521646315 0.016403066300954245 0.010851608375648072 -0.0084172026441149562 -0.0071374115397824954 0.0049648305641806067 0.0039432911654368715 0.021144779454192682 0.0058696678535067196 0.0011074889936199261
leaf_weight=100.17696076631546 172.38177642226219 275.65191891789436 155.49706314504147 116.01939885318279 678.12422287464142 405.14292974770069 143.89839740097523 19.642223209142685 251.32258588075638 277.47979947924614 576.56084743142128 183.01716586947441 99.843434795737267 630.02500979602337 102.11236138641834 49.603179663419724 234.71508982777596 503.61637748777866 611.58144149184227 181.65689273178577 44.963065251708031 177.31302513182163 806.95869562029839 31.309810727834702 89.099561631679535 319.42206619679928 830.98066501319408 15.385948166251181 360.10369978845119 34.7954231351614
leaf_count=483 717 1281 640 488 2820 1743 603 84 1038 1217 2559 749 409 3090 473 213 1009 2105 2618 755 196 725 3450 131 367 1308 3491 65 1502 141
internal_value=0.000412562 -0.00270577 -0.00128417 0.00729998 -0.00265301 -0.00392247 -0.00149116 0.0106219 0.00349178 0.000511274 -0.00658903 0.00427253 0.0060613 -0.00951659 -0.00444725 0.0118994 0.0109738 0.000329646 -0.00421931 0.000630261 -0.00221415 0.0106363 0.0121361 0.0100125 -0.000660851 0.00212936 0.00252833 -0.00485349 0.00832391 0.00950466
internal_weight=8478.4 5836.07 4828.29 2642.33 3876.31 3198.18 1672.89 1411.26 1231.06 1267.74 1525.3 951.977 779.596 1007.79 377.764 1267.73 1167.55 754.939 948.735 337.154 94.5662 360.33 1072.98 838.269 143.537 419.266 990.265 159.284 476.123 54.4376
internal_count=36470 25263 20419 11207 16511 13691 7119 6074 5133 5376 6572 3908 3191 4844 1754 5482 4999 3143 4013 1395 409 1474 4590 3581 592 1717 4159 668 1990 225
cat_boundaries=0 1 2 3 4 5 6 7 8 9
cat_threshold=8207 10620944 198 601626 9359488 11047728 8177813 5521411 3670439
is_linear=0
shrinkage=0.03


Tree=45
num_leaves=31
num_cat=9
split_feature=17 23 20 29 29 0 0 0 29 0 16 1 7 26 17 31 7 16 31 0 29 0 7 23 0 22 16 11 28 24
split_gain=221.707 53.9629 52.5759 42.1851 25.8397 23.3009 21.4872 19.6201 18.2189 17.7734 16.8116 15.8247 15.8168 15.6808 15.7996 15.5123 15.8875 15.2445 16.1939 14.7912 13.5389 13.2701 12.8992 12.2345 12.0655 11.913 11.5874 11.5539 11.4798 11.4532
threshold=0 -21.274999999999991 0.48499999999999993 -0.034999999999999691 -0.055000000000000153 1 2 3 0.029999999999999808 4 4.7321428571428585 10.500000000000002 5.9850000000000012 -5.2000000000000002 5 0.34658730158730172 4.1050000000000013 3.4722222222222228 0.32670634920634928 6 1.0000000180025095e-35 7 5.8050000000000006 3.2549999999999994 8 52.179000000000009 2.683333333333334 32.360000000000007 6.9470000000000001 39.955000000000005
decision_type=1 2 2 2 2 1 1 1 2 1 10 2 2 2 1 10 2 10 10 1 2 1 2 2 1 2 8 2 2 2
left_child=1 4 3 7 21 12 8 11 -4 -6 15 -2 22 14 23 -11 28 20 19 -19 -3 -1 -5 -9 -22 -14 -7 -24 -17 -20
right_child=2 17 6 5 9 26 -8 13 -10 10 -12 -13 25 -15 -16 16 -18 18 29 -21 24 -23 27 -25 -26 -27 -28 -29 -30 -31
leaf_value=0.0077972369273312612 -0.0012651826336452993 0.0013854928193206195 -0.001974178052346176 0.00039419092083745272 0.011891614204127505 -0.012264234632798555 -0.014104365418019306 0.0074332358430522225 -0.017913424054970734 -0.0020336060427040975 0.018023452847939662 -0.013292606021857405 -0.0059545246577331814 -0.001663123962040013 0.00056270993403721237 0.02578804515235562 0.0031236079897786818 -0.003171416305155226 0.0029328420647521869 0.0055419224208695279 0.00093711931797759872 0.017462029442530613 0.026988703202436088 0.026578615133079207 -0.014237500064759226 0.014938053835017097 -0.0060363590953377566 0.0042649018140535995 -0.010166296190746844 0.015176492029456168
leaf_weight=263.66050396859646 423.06723384559155 563.65918356180191 353.59106209874153 238.53204852342606 369.20942813158035 379.38337682187557 540.29110978543758 467.70005322992802 78.950631037354469 350.35977248847485 65.218709215521812 128.31438475847244 432.40936131775379 493.83433981239796 421.74274551868439 55.302462577819824 170.3184731900692 275.46834976971149 109.52235168218613 453.57284997403622 87.824754118919373 437.07522216439247 35.772782504558563 32.101849302649498 101.23368580639362 26.042239218950272 923.05615033209324 46.074809089303017 9.3425225466489774 184.75905369222164
leaf_count=1166 1760 2305 1627 978 1581 1734 2691 1905 386 1470 294 555 1890 2055 1769 247 708 1124 447 1851 361 1957 149 137 420 111 4009 194 41 758
internal_value=0.00015688 0.00594722 -0.00387962 -0.0023824 0.00975084 -0.00535948 -0.0101496 0.000768012 -0.00477317 0.00670316 0.00352157 -0.00399174 -0.00117868 0.00263185 0.00496199 0.00196588 0.00792962 0.00229605 0.00467981 0.0022821 -0.000944671 0.014186 0.00392033 0.008493 -0.00789183 -0.00476773 -0.00779064 0.0141967 0.0205919 0.0106198
internal_weight=8517.39 3496.53 5020.86 4048.03 1720.49 2081.27 972.833 1966.76 432.542 1019.75 650.542 551.382 778.831 1415.38 921.545 585.323 234.963 1776.04 1023.32 729.041 752.718 700.736 320.38 499.802 189.058 458.452 1302.44 81.8476 64.645 294.281
internal_count=36680 14730 21950 17246 7464 9065 4704 8181 2013 4341 2760 2315 3322 5866 3811 2466 996 7266 4180 2975 3086 3123 1321 2042 781 2001 5743 343 288 1205
cat_boundaries=0 1 2 3 4 5 6 7 8 9
cat_threshold=12 599147 601631 12884032 9463430 2 9871908 11150032 3684109
is_linear=0
shrinkage=0.03


Tree=46
num_leaves=31
num_cat=8
split_feature=7 20 23 26 29 0 16 0 2 22 22 10 0 0 0 0 25 32 0 29 8 10 4 14 31 32 9 30 31 31
split_gain=205.591 49.0863 45.0534 31.5981 30.3419 22.0541 21.1278 20.9167 20.0157 17.6491 15.9431 14.7528 19.7992 19.1815 14.2222 14.1844 15.0445 13.469 21.8566 12.9591 12.5904 12.0863 14.6462 11.761 11.2692 10.4521 10.2753 10.1901 14.6875 10.182
threshold=5.6250000000000009 0.34000000000000036 -32.304999999999993 0.1800000000000033 -0.029999999999999801 0 3.5277777777777781 1 1500.0000000000002 26.915000000000003 34.015000000000008 23.100000000000005 2 3 4 5 33.19700000000001 -0.27638888888888885 6 -0.020000000000000014 19.600000000000005 38.115000000000009 7 0.35416666666666669 0.14083333333333337 -0.47996031746031736 3.5050000000000003 0.88194444444444453 0.39539682539682547 0.50027777777777793
decision_type=2 2 2 2 2 1 10 1 2 2 2 2 1 1 1 1 2 10 1 2 2 2 1 10 10 8 2 10 10 10
left_child=2 4 14 6 17 19 7 29 -6 26 11 12 -8 -13 -1 -11 -17 21 -19 24 -9 -2 -23 -7 -3 -16 -5 28 -22 -4
right_child=1 5 3 9 8 23 10 20 -10 15 -12 13 -14 -15 25 16 -18 18 -20 -21 27 22 -24 -25 -26 -27 -28 -29 -30 -31
leaf_value=0.017698041082570327 0.0099165087706601113 -0.021450199984500085 -0.0039558275219401867 0.0043077456920172993 0.01285439107848272 -0.011401811639435436 0.0012901639926680868 0.020681265143000862 -0.0063524044739161067 -0.0060880059561889679 0.012219709327855701 0.0082996442631996705 0.013142541810962305 -0.001515032237693479 0.013959822143665699 -0.00016924006088714179 0.015529097447750533 0.0033789482610305215 -0.0050678962668738656 -0.010352439289940072 0.0025043934539210355 0.0052627078958358197 -0.0069048193221635029 -0.020816200881530692 0.00030869706965635065 0.0025309840773843494 -0.014007867532397737 -0.017312264960323884 0.013030447587723627 0.024718681090930301
leaf_weight=270.44275623559952 199.30252723395824 23.094234779477119 448.9132092744112 33.894872352480888 50.552813068032265 442.62085637450218 210.54117484390736 42.487661615014076 1434.4769704192877 157.49468584358692 404.46258981525898 295.35764412581921 358.87206570804119 431.70393174886703 127.2670114338398 154.37394757568836 85.3035768866539 452.27446435391903 678.02382522821426 253.62695923447609 641.87433518469334 225.88247211277485 133.18272383511066 163.55799722671509 295.87571093440056 165.89490361511707 147.66596169769764 19.832098558545113 146.54356917738914 11.428804054856299
leaf_count=1256 813 109 1844 139 216 2169 880 177 6320 646 1705 1224 1500 1774 600 633 350 1885 2887 1232 2628 930 549 826 1326 742 613 81 599 47
internal_value=4.41964e-05 -0.00451222 0.0048179 0.00358017 -0.00257059 -0.00973979 0.00481375 0.00195188 -0.00569857 -0.00284003 0.00701968 0.00539742 0.00901358 0.00256535 0.0127036 0.000702095 0.00520095 0.000180191 -0.00170294 -0.00520033 0.00470805 0.0039922 0.000703855 -0.0137157 -0.0012667 0.00724531 -0.0105886 0.00392663 0.00446088 -0.00317496
internal_weight=8506.83 4352.47 4154.35 3590.75 3173.7 1178.78 3012.02 1311.08 1485.03 578.733 1700.94 1296.47 569.413 727.062 563.605 397.172 239.678 1688.67 1130.3 572.597 850.738 558.368 359.065 606.179 318.97 293.162 181.561 808.25 788.418 460.342
internal_count=36700 19262 17438 14840 13600 5662 12459 5376 6536 2381 7083 5378 2380 2998 2598 1629 983 7064 4772 2667 3485 2292 1479 2995 1435 1342 752 3308 3227 1891
cat_boundaries=0 1 2 3 4 5 6 7 8
cat_threshold=6892575 11948161 14167680 1584683 5336087 956956 205550 316
is_linear=0
shrinkage=0.03


Tree=47
num_leaves=31
num_cat=8
split_feature=7 29 20 9 13 16 0 24 0 26 32 29 0 11 7 24 6 0 4 29 9 23 0 0 20 4 12 19 32 13
split_gain=201.208 48.303 38.2063 38.1294 24.464 22.213 21.7796 18.9824 18.608 18.0076 17.3789 16.9233 16.611 15.0336 14.7392 14.7339 14.7331 14.2894 14.011 13.7506 13.6412 13.101 12.8937 12.7992 13.7867 12.7452 11.5285 11.1681 10.9889 10.6642
threshold=5.455000000000001 -0.060000000000000046 0.084999999999999978 4.5650000000000004 50.500000000000007 3.7321428571428577 0 48.160000000000004 1 -0.56999999999999662 -0.57638888888888873 -0.14999999999999988 2 32.745000000000012 6.7750000000000012 38.900000000000006 2.5000000000000004 3 4 0.039999999999999598 5.8650000000000011 -36.169999999999995 5 6 -0.15999999999999967 7 6.9050000000000011 3.6110000000000007 -0.10000000000000001 37.500000000000007
decision_type=2 2 2 2 2 10 1 2 1 2 8 2 1 2 2 2 2 1 1 2 2 2 1 1 2 1 2 2 10 2
left_child=3 11 7 4 5 6 9 16 -5 29 -10 -2 14 19 -4 -16 22 -13 20 -12 -19 -7 26 -9 -25 -18 -3 -15 -28 -1
right_child=1 2 12 8 -6 21 -8 23 10 -11 13 17 -14 27 15 -17 25 18 -20 -21 -22 -23 -24 24 -26 -27 28 -29 -30 -31
leaf_value=-0.005972334740477472 0.0092479930835252817 -0.0047981540438715607 -0.0020181338707838154 -0.0058220854066895747 0.015517441636397445 0.017776979939960611 0.0067414475187907693 0.0068058662604950013 0.013279794128248796 -0.020937124076535276 0.0068324809332050342 -0.0053483514023943317 -0.013597021906689544 -0.021755950369151768 -0.023149172264705763 -0.0070088599956431132 0.0037635621065491435 0.0045534655594367274 0.0041350818738879053 -0.0088457092828850038 -0.0085126277045614353 0.0080942369723274888 -0.010577777620264345 9.5721430307252586e-05 -0.019725014535633946 -0.0046467614002884084 0.029484405579771032 0.00028642174497459072 -0.0067905975948662324 0.009836137030049449
leaf_weight=113.40119825303555 177.45191042125225 431.57660233974457 322.1508773714304 211.32454676926136 359.89231693744659 154.10878784954548 353.93823240697384 225.19663307070732 148.50264813005924 50.9121453166008 672.13934299349785 390.44749416410923 636.04856644570827 21.249141857028008 72.335901439189911 171.78987883031368 245.84863126277924 113.06162975728512 592.62986996769905 54.423666894435883 197.58752059936523 683.71003387868404 520.54751966893673 185.38797502219677 38.06942243874073 438.42519398033619 17.829699650406841 782.57846133410931 12.99301305413246 58.072244644165039
leaf_count=467 728 1836 1496 871 1555 752 1466 952 644 209 2781 1661 3193 89 350 827 1043 466 2477 225 828 2912 2279 790 173 1867 76 3228 56 240
internal_value=8.38153e-05 -0.00396451 -0.0059706 0.0053752 0.00853408 0.00675685 0.0022235 -0.00354397 0.00241048 -0.00504342 0.00346079 0.000560161 -0.010241 0.00253061 -0.00612329 -0.0117913 -0.00501802 -0.000631491 0.00145055 0.0056581 -0.00364001 0.00987529 -0.00737102 0.00193366 -0.00314051 -0.00163797 -0.00345746 -0.000296267 0.014193 -0.000618541
internal_weight=8453.63 4789.38 3318.2 3664.25 1774.03 1414.14 576.324 2115.87 1890.22 222.386 1678.89 1471.18 1202.33 1530.39 566.277 244.126 1667.22 1293.73 903.279 726.563 310.649 837.819 982.947 448.654 223.457 684.274 462.399 803.828 30.8227 171.473
internal_count=36537 21098 14938 15439 7601 6046 2382 9072 7838 916 6967 6160 5866 6323 2673 1177 7157 5432 3771 3006 1294 3664 4247 1915 963 2910 1968 3317 132 707
cat_boundaries=0 1 2 3 4 5 6 7 8
cat_threshold=9312401 8781824 601695 12895296 137 2206307 9983019 324
is_linear=0
shrinkage=0.03


Tree=48
num_leaves=31
num_cat=1
split_feature=20 20 20 14 26 6 26 5 8 1 5 13 32 32 14 13 9 28 5 27 28 19 6 16 31 4 6 23 18 9
split_gain=196.083 61.6006 28.9678 28.3528 20.755 19.2803 18.8016 18.3474 17.584 17.312 15.5921 14.456 14.2888 14.1653 13.472 10.9683 17.3008 10.6953 10.5868 17.2178 10.3438 10.3328 10.2621 10.2568 10.1096 9.81301 13.3334 23.8481 9.31175 9.26862
threshold=-0.50999999999999923 -1.8099999999999989 0.54500000000000004 0.18333333333333338 0.83000000000000018 2.5000000000000004 -0.16000000000000011 2.5000000000000004 16.890000000000004 4.5000000000000009 5.5000000000000009 55.500000000000007 -0.38492063492063483 0.051785714285714303 0.38750000000000007 41.500000000000007 4.7550000000000008 6.6770000000000005 4.5000000000000009 6.955000000000001 6.8580000000000014 6.5889999999999995 1.5000000000000002 3.2928571428571431 0.16035714285714289 0 1.5000000000000002 -5.6350000000000007 6.9750000000000005 6.5050000000000008
decision_type=2 2 2 8 2 2 2 2 2 2 2 2 8 10 8 2 2 2 2 2 2 2 2 10 10 1 2 2 2 2
left_child=1 4 5 6 8 9 10 29 15 -2 11 25 -7 17 18 16 -1 -11 -4 23 28 -15 -9 -20 -8 26 -3 -28 -6 -5
right_child=2 3 14 7 20 12 24 22 -10 13 -12 -13 -14 21 -16 -17 -18 -19 19 -21 -22 -23 -24 -25 -26 -27 27 -29 -30 -31
leaf_value=0.013182046178884341 -0.00055363999279128405 -8.6955736829773557e-05 -0.0099749995999769466 -0.0035070344038348853 -7.1579449855458223e-05 0.0095644822066915727 -0.023914136567693804 -0.0088681135569529633 0.0074330276406961611 0.009871236848343571 0.015605441111420168 0.015416229881711803 -0.0022557102460005604 -0.016612821400478411 -0.016588366791607231 0.021054912036262058 -0.017183088132235843 -0.0073107396910966887 0.0016301344400873185 -0.014551775188101424 -0.0070838151271527434 0.01137443837938691 0.0022858126539456801 0.026778608374583623 -0.0014593802670001756 0.00070709506728260812 0.01236775533290331 -0.014403210313448144 0.014719040289416034 -0.011573124073369037
leaf_weight=190.21951344609261 329.19861972332001 187.40735252201557 554.17391249537468 598.33899685740471 116.1974376142025 102.2417689114809 19.170172125101089 82.296454295516014 1222.0130612105131 34.070690795779228 119.04318386316299 96.321517109870911 922.71476049721241 214.83912651240826 239.57449156045914 153.26520203053951 18.532461449503899 758.11064560711384 45.020238131284714 43.092631369829178 106.23156976699829 12.566960781812666 758.10916173458099 21.598273083567619 307.47449330985546 627.5370682477951 316.19488871097565 33.081291481852531 57.151105418801308 163.17908790707588
leaf_count=890 1431 764 2709 2476 497 431 78 344 5225 146 486 393 4012 989 1203 712 83 3357 217 201 451 57 3129 101 1256 2559 1287 135 245 701
internal_value=-0.00017698 0.00346109 -0.00591824 0.00100368 0.00782333 -0.00417818 0.00369477 -0.00186264 0.00915341 -0.00653508 0.00522714 0.00424703 -0.00107662 -0.00846634 -0.0104901 0.0149607 0.0104863 -0.00657177 -0.00828938 0.000225013 0.000287457 -0.0150662 0.00119357 0.00978348 -0.00277721 0.00332295 0.00625197 0.00983217 0.00480472 -0.00523545
internal_weight=8448.97 5171.76 3277.2 3308.15 1863.61 2373.74 1706.23 1601.92 1584.03 1348.79 1379.59 1260.54 1024.96 1019.59 903.46 362.017 208.752 792.181 663.885 109.711 279.58 227.406 840.406 66.6185 326.645 1164.22 536.684 349.276 173.349 761.518
internal_count=36565 21711 14854 13608 8103 10423 6958 6650 6910 5980 5624 5138 4443 4549 4431 1685 973 3503 3228 519 1193 1046 3473 318 1334 4745 2186 1422 742 3177
cat_boundaries=0 1
cat_threshold=344
is_linear=0
shrinkage=0.03


Tree=49
num_leaves=31
num_cat=6
split_feature=8 29 20 0 29 0 6 0 0 13 19 16 25 13 25 20 26 9 9 28 12 32 4 6 0 20 24 16 20 16
split_gain=170.484 42.3691 38.9701 28.7362 27.1332 25.7895 23.9001 20.3952 20.2071 20.179 19.0581 15.3105 14.971 14.534 17.9458 14.4761 13.1833 13.1261 13.1187 12.517 12.8307 15.1959 12.2205 14.2744 12.5915 12.2146 12.1602 12.0718 11.871 11.5503
threshold=35.795000000000009 -1.0000000180025095e-35 -2.8049999999999993 0 -0.020000000000000014 1 3.5000000000000004 2 3 40.500000000000007 4.8870000000000013 2.2928571428571431 32.413000000000011 53.500000000000007 20.526000000000007 1.3550000000000002 -22.274999999999995 4.8350000000000009 4.6050000000000013 6.6830000000000007 6.8550000000000013 -0.043055555555555534 4 6.5000000000000009 5 -0.42500000000000021 43.165000000000006 3.5857142857142863 0.46000000000000046 2.8166666666666669
decision_type=2 2 2 1 2 1 2 1 1 2 2 8 2 2 2 2 2 2 2 2 2 8 1 2 1 2 2 10 2 8
left_child=2 3 -1 6 8 28 11 12 -4 -5 -10 -2 13 14 -6 29 26 -16 -12 -18 -21 -22 27 24 -24 -13 -11 -9 -3 -7
right_child=1 5 4 9 7 15 -8 22 10 16 18 25 -14 -15 17 -17 19 -19 -20 20 21 -23 23 -25 -26 -27 -28 -29 -30 -31
leaf_value=0.012893425434415962 -0.010831696094840757 -0.00026001983674890281 0.0098736833008803201 -0.0073826081177238182 0.019823843956049459 -0.014051238050197343 0.0082104280755536385 -0.0041259993112781656 -0.00035333793751085905 -0.021788033021023431 0.011239566092616716 0.0042304548565178408 0.0095699111379644753 0.019998510580297432 -0.00011230598265930689 -0.027640287787744956 0.01680840591437853 -0.018122630776833265 0.0034209830334362232 -0.0068584203991296387 0.006923161636347693 -0.0074033894488558846 -0.012583925055154857 0.01626956185928935 -0.0026973257897602932 -0.002688978432043799 0.012416239870479606 0.0094033708832909069 -0.010640217084492323 -0.0071342035514608722
leaf_weight=462.06291024386883 123.26481595635414 415.01074276864529 690.61195714771748 956.55992294847965 23.675813972949982 405.2451504021883 344.1649366915226 114.46411842107773 624.19530533254147 10.387837991118429 328.79968057572842 417.12403251230717 276.83512322604656 25.19217374920845 79.897659376263618 45.827710941433907 29.19468854367733 66.926830530166626 468.12586763501167 381.31441627442837 178.00086186826229 106.49900099635124 183.52016839385033 26.070896223187447 336.78309752047062 510.73714254796505 94.040739968419075 123.28449496626854 130.28333741426468 468.39241898059845
leaf_count=2180 544 1791 2909 4242 98 1939 1451 472 2575 46 1397 1704 1142 104 329 253 124 276 1933 1680 755 482 757 107 1385 2235 405 506 651 2125
internal_value=4.46029e-05 -0.00383792 0.00472341 -0.0018784 0.00360268 -0.00805364 0.00133911 0.000112297 0.00567974 -0.00441746 0.00354719 -0.000897993 0.004975 -0.00127093 -0.00441358 -0.0110843 -0.000924802 -0.00832193 0.00664681 -0.00241813 -0.00326118 0.00156019 -0.00284522 -0.00529584 -0.0064782 0.000421683 0.00901383 0.00277302 -0.00269074 -0.0103427
internal_weight=8446.49 4616.05 3830.45 3151.29 3368.38 1464.76 1395.29 1256.65 2111.73 1756 1421.12 1051.13 472.528 195.692 170.5 919.465 799.438 146.824 796.926 695.009 665.814 284.5 784.123 546.374 520.303 927.861 104.429 237.749 545.294 873.638
internal_count=36597 20427 16170 13668 13990 6759 5934 5176 8814 7734 5905 4483 1949 807 703 4317 3492 605 3330 3041 2917 1237 3227 2249 2142 3939 451 978 2442 4064
cat_boundaries=0 1 2 3 4 5 6
cat_threshold=4794431 58895 8922443 5267499 450 1444356
is_linear=0
shrinkage=0.03


Tree=50
num_leaves=31
num_cat=2
split_feature=23 17 29 29 23 6 29 5 29 5 32 7 13 31 25 30 7 30 13 7 21 6 4 19 21 1 11 31 13 10
split_gain=173.988 60.6275 33.0869 25.9476 20.9372 19.9218 18.8951 17.4514 13.85 13.3022 13.1908 12.2397 12.1002 13.1217 13.3517 13.8803 12.2537 11.6534 13.2668 11.9834 11.5401 10.6941 10.6033 12.7197 14.2952 10.4838 10.4511 10.0172 9.98078 12.681
threshold=-9.149999999999995 0 -0.020000000000000014 -0.07499999999999972 -33.154999999999994 1.5000000000000002 -0.084999999999999951 3.5000000000000004 -0.07499999999999972 3.5000000000000004 0.068055555555555577 7.6750000000000007 29.500000000000004 0.48027777777777786 32.539000000000009 0.68333333333333346 2.7750000000000004 0.21111111111111114 40.500000000000007 7.535000000000001 57.32500000000001 5.5000000000000009 1 5.1210000000000013 46.965000000000011 8.5000000000000018 42.775000000000013 0.22011904761904769 47.500000000000007 51.530000000000008
decision_type=2 1 2 2 2 2 2 2 2 2 8 2 2 10 2 10 2 8 2 2 2 2 1 2 2 2 2 10 2 2
left_child=1 2 4 17 -1 10 25 8 -6 -8 26 -7 16 14 21 -16 -4 -2 -19 20 -20 -14 23 24 -10 -3 28 -9 -5 -30
right_child=3 6 12 5 7 11 9 27 22 -11 -12 -13 13 -15 15 -17 -18 18 19 -21 -22 -23 -24 -25 -26 -27 -28 -29 29 -31
leaf_value=0.016181786992307216 -0.023090755453624462 0.010813194945390943 0.019391673335154756 -0.0073670800143201143 0.0097191606659547403 -0.0034953147817927709 -0.0040868350460820961 0.0022638096156123557 -0.00303012732462319 0.0026237357635243144 -0.014468509876037721 -0.019881900154435684 -0.0006498302058123291 -0.017708943944884242 0.0058195880679452758 0.018977230434744773 -0.0044420636904361965 -0.0030309198292179647 0.0046351974347801032 -0.020099892244152116 0.032114017515948265 0.024653601833887161 0.0049192148788567607 0.0053291882951463634 -0.028415827104842264 -3.7168692917172785e-05 -0.015478081683736079 0.014017808152747203 0.0057899100110222531 -0.018493262256614438
leaf_weight=320.91816607117653 18.887135043740273 180.37255334854126 20.940356820821762 595.99582144618034 418.83954606950283 1860.2924309670925 903.33214873075485 76.650884255766869 58.27617435157299 376.7314377874136 284.85701201856136 41.948953434824944 301.33059598505497 23.13928796350956 318.21509425342083 93.319354146718979 266.43675747513771 416.5884692966938 379.57633087038994 16.99250029027462 14.272089526057242 15.821599647402762 454.81296534836292 70.768611431121826 30.367614030838013 144.23019990324974 113.42889645695686 438.93161870539188 112.99054789543152 23.355303823947906
leaf_count=1540 81 731 99 2710 1786 8389 3777 319 240 1563 1391 209 1251 98 1319 394 1110 1754 1587 75 59 66 1895 295 127 587 517 1855 487 107
internal_value=0.000224174 0.00422868 0.00679881 -0.00443507 0.00920766 -0.00573118 -0.000469622 0.00776245 0.00551264 -0.00211187 -0.00888496 -0.00385668 0.00253063 0.00453203 0.00523829 0.00880321 -0.00270537 0.000209654 0.000741515 0.00456673 0.00563096 0.000612468 0.00264422 -0.00390978 -0.0117268 0.00599207 -0.00700441 0.0122704 -0.00569196 0.00163033
internal_weight=8392.62 4513.43 2908.77 3879.19 1869.57 3032.87 1604.67 1548.65 1033.06 1280.06 1130.63 1902.24 1039.2 751.826 728.687 411.534 287.377 846.317 827.429 410.841 393.848 317.152 614.225 159.412 88.6438 324.603 845.771 515.583 732.342 136.346
internal_count=36418 19052 12394 17366 8057 13810 6658 6517 4343 5340 5212 8598 4337 3128 3030 1713 1209 3556 3475 1721 1646 1317 2557 662 367 1318 3821 2174 3304 594
cat_boundaries=0 1 2
cat_threshold=12 5
is_linear=0
shrinkage=0.03


Tree=51
num_leaves=31
num_cat=8
split_feature=20 17 20 20 0 0 5 0 11 0 1 31 0 5 16 11 9 0 22 9 9 31 16 9 19 28 21 28 0 28
split_gain=166.46 43.406 38.8082 25.3641 24.3463 20.2525 17.8267 23.2688 16.5606 16.3763 16.1609 15.8435 14.9334 12.4132 14.1466 12.1239 14.7411 13.8507 11.8166 12.6201 11.5768 12.8875 10.923 10.8524 10.836 10.7376 10.6449 10.5851 10.4472 10.2146
threshold=-0.7749999999999998 0 0.020000000000000021 -2.6249999999999987 1 2 4.5000000000000009 3 37.655000000000008 4 7.5000000000000009 0.17757936507936509 5 2.5000000000000004 4.6125000000000007 33.270000000000003 5.0050000000000008 6 29.245000000000005 6.535000000000001 7.2150000000000007 0.14472222222222228 1.8944444444444446 6.1150000000000011 6.5889999999999995 6.9970000000000008 56.810000000000009 6.8030000000000017 7 7.0400000000000009
decision_type=2 1 2 2 1 1 2 1 2 1 2 10 1 2 8 2 2 1 2 2 2 8 8 2 2 2 2 2 1 2
left_child=1 3 5 25 -3 8 9 22 10 -4 -2 -10 15 -14 -15 26 -17 -18 -6 23 21 -11 -8 -20 -25 -1 -5 -28 -13 -27
right_child=2 4 6 12 18 -7 7 -9 11 20 -12 28 13 14 -16 16 17 -19 19 -21 -22 -23 -24 24 -26 29 27 -29 -30 -31
leaf_value=0.012829929292910394 0.0025030547713634642 0.0042406545337029004 -0.013292868328623674 0.012113123214397673 -0.010686401954765128 0.0011537867393689146 -0.023454147823145158 -0.0086992674630546937 -0.036309831035897008 -0.01737604364216137 -0.0065741708239426162 -3.7670297297073614e-05 -0.00088259336295624328 0.0038046128495135617 0.01829974010877438 0.0079445100550885016 -0.012289296894978822 0.0041791406557468453 -0.0016852143881951353 -0.008989018766821625 -0.013124053141253849 -0.0039298590666717497 0.0093058422440854549 0.013501872766487946 -0.012178599305159295 -0.018612861990113225 0.017979325170819734 -0.017819935190953463 -0.012486722121201253 0.010058492597972363
leaf_weight=554.61011229455471 342.09718330204487 628.36996746063232 513.26797892153263 460.88206720352173 167.67293037474155 1131.4975039660931 9.7562124878168088 166.29758886992931 20.038859710097313 69.867420703172684 364.7187442779541 97.121090531349182 539.9038754850626 716.04724299907684 66.199029564857483 345.4761156886816 68.175282880663872 104.62054142355919 395.18417632579803 164.27155502140522 195.40803498029709 784.28627380728722 149.89408357441425 87.405384048819542 17.799239307641983 19.675634413957596 11.318704202771185 21.65537303686142 190.73917582631111 25.910141795873642
leaf_count=2610 1438 2575 2547 1933 688 4764 45 777 85 331 1584 421 2227 2956 281 1445 280 433 1625 697 933 3658 675 363 75 90 48 91 829 121
internal_value=2.63185e-05 0.00406548 -0.0043734 0.00615813 -0.000179477 -0.00161336 -0.00750963 -0.00112777 -0.00466437 -0.00884065 -0.00218082 -0.0105171 0.00476484 0.0025967 0.00503129 0.00749736 0.00436631 -0.00278771 -0.00352718 -0.0017742 -0.00647504 -0.00502972 0.00687336 0.000594331 0.00915707 0.0116795 0.010935 -0.00553146 -0.00872163 -0.00231658
internal_weight=8430.17 4395.18 4034.99 2934.47 1460.7 2146.21 1888.78 325.948 1014.72 1562.83 706.816 307.899 2334.28 1322.15 782.246 1012.13 518.272 172.796 832.333 664.66 1049.56 854.154 159.65 500.389 105.205 600.196 493.856 32.9741 287.86 45.5858
internal_count=36625 18538 18087 12515 6023 9121 8966 1497 4357 7469 3022 1335 9694 5464 3237 4230 2158 713 3448 2760 4922 3989 720 2063 438 2821 2072 139 1250 211
cat_boundaries=0 1 2 3 4 5 6 7 8
cat_threshold=12 9447219 14472464 1934478 10916000 2141483 2099233 5505280
is_linear=0
shrinkage=0.03


Tree=52
num_leaves=31
num_cat=7
split_feature=8 32 23 0 0 13 9 13 6 0 4 29 19 0 10 10 0 19 29 29 32 0 11 29 29 9 8 7 25 13
split_gain=147.728 34.6751 34.4036 27.4222 23.2607 20.9519 20.5599 19.7471 19.0169 19.8474 18.794 18.4831 17.2871 18.2355 15.7895 14.3639 13.9048 13.6193 13.0733 12.4948 13.2671 13.4954 11.7305 11.4435 11.3581 13.6195 11.2913 11.0589 10.968 12.9515
threshold=35.795000000000009 -0.03095238095238095 -32.304999999999993 0 1 51.500000000000007 7.1550000000000011 41.500000000000007 2.5000000000000004 2 3 -0.10000000000000007 4.785000000000001 4 27.795000000000005 22.650000000000002 5 5.3550000000000013 0.039999999999999598 -0.079999999999999613 -0.33095238095238083 6 44.835000000000008 -0.039999999999999584 -0.05000000000000026 6.3550000000000013 35.165000000000006 4.9150000000000009 36.87700000000001 24.500000000000004
decision_type=2 10 2 1 1 2 2 2 2 1 1 2 2 1 2 2 1 2 2 2 8 1 2 2 2 2 2 2 2 2
left_child=2 4 15 5 -2 12 7 10 9 -3 -6 -11 13 22 28 19 -10 24 27 -1 -21 -22 -4 -8 -16 26 -26 -14 29 -5
right_child=1 8 3 14 6 -7 23 -9 16 11 -12 -13 18 -15 17 -17 -18 -19 -20 20 21 -23 -24 -25 25 -27 -28 -29 -30 -31
leaf_value=0.024019288666053514 0.0011063486845775035 -0.018116595931001872 0.0070307465150014964 -0.008239364970921953 0.0014566266957595718 0.013428876523985136 -0.0055619346236996025 0.0016664721913690528 -0.0085129629225384595 0.0073419053004298174 -0.0083990543024572081 -0.0090068872786814268 0.012152468037925846 -0.0074526724228610331 0.00045552730935546958 0.0046829814614282915 -6.3560771156353599e-05 0.004081304524151585 -0.0052169773123002935 0.015812709951849427 -0.015167860638579524 0.0085669819770499544 -0.015335245719950952 -0.018672267803919319 -0.010572424750377968 0.010649612877695431 0.011695804794348329 0.0044111147783543678 0.01077591177253117 0.0033202342970189997
leaf_weight=95.210895478725433 1308.1236882805824 214.10685697197914 225.51512339711189 100.40747803449631 243.76592595875263 280.46585240960121 115.09975863993168 531.35785299539566 292.0973734408617 68.593908980488777 616.95913253724575 671.5373183041811 342.03450787067413 182.2371601909399 252.73222947120667 200.90523852407932 428.3182605355978 219.56257246434689 70.22403347492218 177.48291513323784 22.168576046824455 55.617182686924934 23.283837661147118 124.98796239495277 352.82435645163059 33.635314226150513 21.75716744363308 322.84547406435013 146.01162533462048 664.80156265199184
leaf_count=477 5567 1028 933 416 1075 1181 502 2292 1352 293 2719 3166 1468 755 1040 914 1912 904 289 859 100 251 96 593 1454 140 92 1317 610 2764
internal_value=-0.000237836 -0.00384206 0.00415122 0.00297176 -0.00187954 0.00602528 -0.00425334 -0.0028811 -0.00728778 -0.0100655 -0.00568848 -0.00739184 0.00429632 -0.000473752 0.000470159 0.0110783 -0.00360848 -0.00239214 0.0070933 0.0147444 0.011285 0.000954066 0.00474684 -0.0123871 -0.00454258 -0.00763697 -0.009279 0.0083935 0.00324116 0.00180343
internal_weight=8404.67 4614.95 3789.72 3238.34 2940.29 1446.61 1632.17 1392.08 1674.65 954.238 860.725 740.131 1166.14 431.036 1791.73 551.385 720.416 880.512 735.104 350.48 255.269 77.7858 248.799 240.088 660.949 408.217 374.582 664.88 911.221 765.209
internal_count=36559 20499 16060 13459 12748 6039 7181 6086 7751 4487 3794 3459 4858 1784 7420 2601 3264 3630 3074 1687 1210 351 1029 1095 2726 1686 1546 2785 3790 3180
cat_boundaries=0 1 2 3 4 5 6 7
cat_threshold=1614699 5513791 9737216 328 532523 14848785 11015200
is_linear=0
shrinkage=0.03


Tree=53
num_leaves=31
num_cat=8
split_feature=7 20 29 29 0 29 0 0 5 26 12 0 30 20 0 19 16 26 21 26 19 32 10 5 0 4 20 26 4 5
split_gain=151.556 54.784 39.7166 25.7754 23.7943 21.9723 19.0559 18.9271 16.4815 15.6706 18.4531 14.6184 17.3277 14.2324 14.1153 14.0061 17.1139 13.155 12.8975 12.8152 13.5135 12.5853 12.4719 12.2286 11.8556 11.5329 11.2553 11.1802 11.1325 11.0902
threshold=5.9050000000000011 -1.7649999999999999 -1.0000000180025095e-35 -0.044999999999999922 0 0.020000000000000021 1 2 2.5000000000000004 -0.42500000000000066 6.785000000000001 3 0.68333333333333346 -0.060000000000000046 4 4.5570000000000013 3.8819444444444451 8.7150000000000016 42.615000000000002 -6.0450000000000008 3.6110000000000007 0.077777777777777821 39.590000000000011 7.5000000000000009 5 6 1.1700000000000006 -15.019999999999998 7 3.5000000000000004
decision_type=2 2 2 2 1 2 1 1 2 2 2 1 10 2 1 2 10 2 2 2 2 10 2 2 1 1 2 2 1 2
left_child=1 3 6 17 23 7 26 9 13 10 25 -5 18 28 -7 19 29 -1 -13 24 -21 -6 -18 -4 -9 -3 -2 -16 -8 -17
right_child=2 5 4 11 21 14 8 15 -10 -11 -12 12 -14 -15 27 16 22 -19 -20 20 -22 -23 -24 -25 -26 -27 -28 -29 -30 -31
leaf_value=0.011874446586126514 -0.0045258074197809146 0.011104143183830989 -0.0029929471132809841 0.0081498407775493064 -0.009789775315291193 0.00072119671129078789 0.0075628652248571782 0.0062447907884402489 0.0034568365744935079 -0.0036306025402139922 0.018301157729710856 0.0102559107592879 0.0090442992343023349 -0.0082356489899617791 0.0025944134805066439 -0.0011221735346223589 0.011694715429982509 -0.0097203087946121629 -0.0049792492427603065 -0.027085442143096442 -0.0053999282889526934 -0.018212314196200671 -0.0021887288259169633 0.031897481337936538 -0.0036782468008997797 -0.0043251939990003535 -0.016645762413144163 -0.013411943639804812 -0.0036065444803477127 0.0052001037166429665
leaf_weight=871.27554489672184 987.61696562170982 80.660839796066284 302.0930315554142 452.77328099310398 604.59824295341969 219.23342797160149 125.55911357700825 180.81702740490437 648.53929345309734 80.204935729503632 162.51595969498158 59.126018688082695 163.08094017207623 289.08322025835514 49.305227026343346 783.19259831309319 260.6729571968317 26.150534927845001 324.34920401871204 29.211398527026176 225.58952188491821 216.96868576109409 74.986313447356224 9.3196816742420179 241.1897701472044 78.371517226099968 74.13652415573597 193.04122973978519 187.95106512308121 366.58974015712738
leaf_count=3937 4434 330 1376 1967 2862 916 521 749 2792 327 668 247 698 1329 205 3219 1067 113 1367 125 946 1106 306 41 1009 320 386 816 787 1497
internal_value=0.000179574 0.00355753 -0.00464576 0.00755479 -0.00924752 0.00105164 -0.00239157 0.00213636 0.000136704 0.00803278 0.0111918 0.0042407 0.000837882 -0.00343431 -0.00497382 0.000999011 0.00263342 0.0112452 -0.00263022 -0.0025734 -0.00788604 -0.0118696 0.00859315 -0.00188815 0.000634289 0.00392679 -0.00532195 -0.00975302 0.000992937 0.000893584
internal_weight=8368.2 4922.34 3445.87 1896.76 1132.98 3025.58 2312.89 2564 1251.13 401.753 321.548 999.329 546.556 602.593 461.58 2162.25 1485.44 897.426 383.475 676.808 254.801 821.567 335.659 311.413 422.007 159.032 1061.75 242.346 313.51 1149.78
internal_count=36463 20829 15634 8329 5385 12500 10249 10563 5429 1645 1318 4279 2312 2637 1937 8918 6089 4050 1614 2829 1071 3968 1373 1417 1758 650 4820 1021 1308 4716
cat_boundaries=0 1 2 3 4 5 6 7 8
cat_threshold=1058314 13030848 8227 1076783 3261255 5774424 106 344
is_linear=0
shrinkage=0.03


Tree=54
num_leaves=31
num_cat=7
split_feature=20 17 0 20 29 23 29 0 29 0 29 25 0 9 31 26 4 10 13 9 22 19 0 26 25 15 9 22 29 23
split_gain=138.25 50.783 30.6785 29.7075 25.5513 26.5926 22.2898 21.8919 19.2394 16.4907 14.4699 13.9112 12.5906 12.5479 11.8642 21.6091 11.7582 12.0052 15.9632 10.9928 13.8842 11.1952 10.8421 10.3353 11.9933 10.1356 10.0331 11.0394 10.7134 10.0328
threshold=-0.50999999999999923 0 1 1.0600000000000003 -0.05000000000000026 -25.404999999999994 -0.1350000000000002 2 0.039999999999999598 3 -1.0000000180025095e-35 36.363000000000007 4 7.495000000000001 0.31896825396825407 8.7150000000000016 5 28.270000000000007 47.500000000000007 7.4150000000000009 49.418000000000006 3.4550000000000005 6 -3.855 36.931000000000004 0.5634920634920636 6.6350000000000007 32.079000000000001 0.015000000000000126 -4.6299999999999999
decision_type=2 1 1 2 2 2 2 1 2 1 2 2 1 2 10 2 1 2 2 2 2 2 1 2 2 10 2 2 2 2
left_child=1 4 8 6 5 -1 22 -6 11 23 13 -3 -5 -4 15 29 17 18 -9 20 21 -11 -2 25 -25 26 27 28 -8 -7
right_child=3 2 10 12 7 14 9 16 -10 19 -12 -13 -14 -15 -16 -17 -18 -19 -20 -21 -22 -23 -24 24 -26 -27 -28 -29 -30 -31
leaf_value=0.014335786436985874 -0.0039867896348435815 0.00279745807166789 -0.00099823734403284357 -0.0062928297576880293 -0.0012992696508154727 0.0040402844940447182 0.0049936050518100197 0.0075616631443661646 -0.0081274827136671862 -0.025003806482957972 -0.0094949806066082307 0.011714344716520674 -0.018854825260057266 -0.018926965099565474 0.0094928096522058237 -0.040814059388316691 0.0017600597864580129 0.0031552436433168341 0.019784766127570561 -0.013368880676978773 0.012711024669043039 -0.0055643669734098105 0.012502508939859207 -0.004093487518760223 -0.024637095237110104 -0.0052633110727107659 -0.0034043423299470305 0.012664010710900538 -0.010256790990575613 -0.019600782814346872
leaf_weight=491.63320656120777 51.652293533086777 605.81621004641056 775.83895900845528 182.0722436606884 614.02374361455441 386.28961695730686 193.36691007018089 355.10526470839977 112.28201653063297 27.188095763325691 302.63425722718239 212.76486332714558 167.11097614467144 36.799336791038513 343.94633696973324 10.367106199264525 469.77792382240295 289.23861466348171 131.8719111084938 177.81477610766888 36.863199487328529 1380.2679595947266 99.833663552999496 331.10579271614552 27.716712951660156 198.99725097417831 168.96052952110767 125.25826236605644 52.772079199552536 16.861066803336143
leaf_count=2305 215 2479 3218 920 2556 1603 825 1516 470 121 1306 870 887 158 1443 42 1977 1202 570 847 166 6341 411 1471 123 903 745 536 234 68
internal_value=0.000113543 0.00316002 -0.000520346 -0.00476241 0.00556587 0.00890249 -0.00375777 0.00335509 0.0034804 -0.00438147 -0.00386082 0.00511513 -0.0130249 -0.00181012 0.00537599 0.00195181 0.00561412 0.0078946 0.0108716 -0.0062916 -0.00546386 -0.00593988 0.00744228 -0.00148913 -0.00568035 0.0005248 0.00265638 0.0054136 0.00172393 0.00305154
internal_weight=8376.23 5155.25 2046.14 3220.98 3109.11 1249.1 2871.8 1860.02 930.863 2720.31 1115.27 818.581 349.183 812.638 757.464 413.518 1245.99 776.216 486.977 1622.13 1444.32 1407.46 151.486 1098.18 358.823 739.355 540.358 371.397 246.139 403.151
internal_count=36528 21783 8501 14745 13282 5461 12938 7821 3819 12312 4682 3349 1807 3376 3156 1713 5265 3288 2086 7475 6628 6462 626 4837 1594 3243 2340 1595 1059 1671
cat_boundaries=0 1 2 3 4 5 6 7
cat_threshold=12 1581887 15598096 4858415 2965011 94 9012008
is_linear=0
shrinkage=0.03


Tree=55
num_leaves=31
num_cat=6
split_feature=20 14 20 0 23 0 0 29 0 28 29 29 23 11 24 0 21 29 18 22 9 9 0 9 21 9 23 28 29 24
split_gain=131.963 46.2167 27.8566 22.5199 21.4997 20.8758 19.2114 16.8197 15.3974 17.0453 15.8544 14.7282 14.0704 13.7164 13.7657 13.3484 12.9175 11.2759 12.8329 12.6865 10.8086 10.4253 10.2999 12.4818 11.6454 10.6409 10.1743 10.1096 9.9969 9.89583
threshold=-1.4899999999999998 0.15476190476190479 0.36499999999999982 0 -18.394999999999992 1 2 -0.039999999999999584 3 6.6830000000000007 -0.07499999999999972 0.029999999999999808 -33.154999999999994 32.745000000000012 52.300000000000004 4 40.270000000000003 1.0000000180025095e-35 6.285000000000001 20.605000000000008 7.1750000000000007 6.0050000000000008 5 7.745000000000001 42.905000000000008 7.1750000000000007 -11.239999999999998 6.8129999999999997 1.0000000180025095e-35 44.095000000000006
decision_type=2 8 2 1 2 1 1 2 1 2 2 2 2 2 2 1 2 2 2 2 2 2 1 2 2 2 2 2 2 2
left_child=3 6 8 4 -1 17 -2 12 -3 -10 -11 13 27 14 15 21 -16 18 19 -4 -7 -8 23 25 28 -15 -6 -5 -24 -26
right_child=1 2 5 7 26 20 11 -9 9 10 -12 -13 -14 22 16 -17 -18 -19 -20 -21 -22 -23 24 -25 29 -27 -28 -29 -30 -31
leaf_value=0.010519155968047358 0.0071681564862000439 0.00077218425665632291 -0.010483778958041468 0.02424409660928473 -0.0026331444857258324 -0.010604575968612751 0.01043564554245267 -0.00071418248208357635 0.0094805980367154898 0.0008636154455120297 -0.0062060121781307136 -0.0075036223472051368 0.004104345423762556 -0.0056322517185189627 -0.0059682988830580359 -0.001634439833255571 0.020752106087994351 -0.011608807984395737 -0.01129243271209116 0.0085332234487974831 -0.0207108704159359 -0.00022801748197825053 -0.0021713554960275253 0.026798014752098878 0.0088703552323779883 -0.030782593649788293 0.017119690712262409 0.0074630628860023274 -0.022619629647923287 -0.0023780293915049368
leaf_weight=1081.6084445416927 379.49530339241028 757.27223564684391 40.514216467738152 59.7310631275177 179.33216437697411 386.08047090470791 222.73503662645817 574.40883794426918 77.595636233687401 352.02568210661411 1510.615495339036 217.01390014588833 505.50439845025539 333.73865205049515 21.232140228152275 396.34189219772816 69.855233803391457 100.47224940359592 63.697252124547958 143.04189756512642 126.43180549144745 131.06489555537701 158.90985918045044 10.260017082095144 187.52370831370354 15.859727963805197 27.002379298210144 70.381352409720421 24.887624159455299 112.69145612418652
leaf_count=4790 1583 3155 192 291 738 1971 921 2402 330 1459 6704 957 2152 1407 91 1676 292 508 294 663 661 568 685 46 788 70 110 341 112 471
internal_value=0.000236482 -0.00223209 -0.00436942 0.00600712 0.00875822 -0.0090702 0.00110068 0.00298184 -0.00287034 -0.00427396 -0.0048699 -0.000146772 0.00636885 0.000799801 0.00351067 0.0021734 0.0145237 -0.00304645 0.00030968 0.00433582 -0.012847 0.00630703 -0.00190258 -0.0056588 0.000986654 -0.00677321 -4.81505e-05 0.0151668 -0.00494021 0.00464806
internal_weight=8337.33 5839.36 3557.75 2497.97 1287.94 860.238 2281.61 1210.03 2697.51 1940.24 1862.64 1902.11 635.617 1685.1 841.229 750.142 91.0874 347.726 247.253 183.556 512.512 353.8 843.871 359.858 484.013 349.598 206.335 130.112 183.797 300.215
internal_count=36428 25604 15937 10824 5638 4289 9667 5186 11648 8493 8163 8084 2784 7127 3548 3165 383 1657 1149 855 2632 1489 3579 1523 2056 1477 848 632 797 1259
cat_boundaries=0 1 2 3 4 5 6
cat_threshold=1077095 2698270 1056771 9263 4265436 5035076
is_linear=0
shrinkage=0.03


Tree=56
num_leaves=31
num_cat=8
split_feature=20 16 20 5 13 23 0 0 26 0 0 7 16 9 0 10 30 26 4 31 18 0 0 15 11 31 21 14 30 11
split_gain=131.674 39.6732 28.2395 24.8641 22.1917 19.0922 18.9164 17.7724 16.9627 16.3308 15.0929 13.2271 13.1382 13.0361 13.8301 12.2024 14.2901 11.5666 11.53 18.4406 13.8061 11.1805 11.1487 10.8573 10.8197 10.625 10.8112 10.9895 10.4201 12.5158
threshold=-0.89499999999999991 3.7638888888888893 0.99500000000000022 4.5000000000000009 47.500000000000007 -33.154999999999994 0 1 0.1800000000000033 2 3 6.9450000000000012 2.9500000000000006 5.1150000000000011 4 27.795000000000005 0.64583333333333337 -5.2000000000000002 5 0.33563492063492073 6.3250000000000011 6 7 0.21111111111111114 29.275000000000002 0.49126984126984136 35.875000000000007 0.10555555555555557 0.89444444444444449 30.700000000000006
decision_type=2 10 2 2 2 2 1 1 2 1 1 2 8 2 1 2 8 2 1 8 2 1 1 10 2 10 2 8 10 2
left_child=1 3 4 9 6 24 12 -6 22 -1 -4 -11 28 -5 23 -9 25 -8 19 -14 -20 -10 -7 -15 -3 26 -17 -28 -2 -30
right_child=2 5 10 13 7 8 17 15 21 11 -12 -13 18 14 -16 16 -18 -19 20 -21 -22 -23 -24 -25 -26 -27 27 -29 29 -31
leaf_value=0.0031303056968008751 -0.0056326970918448276 0.021028609435303523 -0.0026229730686898539 0.013467075156548471 -0.0073589222586848378 0.0028245994102377363 -0.0047277506772979211 0.013295511678209799 -0.01035240128345026 -0.0023355331101287424 -0.015655347600099224 -0.037170918031349393 -0.00092206314579079576 -0.015989710039110976 -0.0044664643381528918 -0.012266026846371864 0.010242305236523197 -0.010063658844845813 0.0018855478374037692 0.011865520677157609 -0.00878254938516374 0.0031576532062078991 0.0089908512341382169 0.016794716120824473 0.0096072790131649984 -0.03205016615467815 0.0096628872087353573 -0.0023275370930384044 0.0407653335251697 -0.0041320554088607915
leaf_weight=702.29972095787525 697.07000413537025 110.40445376932621 136.89564903080463 190.64171794056892 156.2354082018137 451.61374539136887 993.62439212203026 100.89416804909706 82.362209290266037 1182.5626859217882 259.79904456436634 9.8919806629419309 260.56699487566948 10.459977194666861 111.55857542157173 57.5388263463974 134.17423908412457 578.48546552658081 241.34648808836937 166.25134672224522 199.36923809349537 130.3991594016552 753.34798875451088 69.483709126710892 230.4998509734869 9.7775007635354978 106.65187631547451 193.80721914768219 9.7178363054990786 13.149166852235792
leaf_count=2917 3102 552 703 795 673 1900 4501 421 342 4906 1368 44 1100 43 459 250 577 2662 1030 698 850 546 3228 285 1137 43 448 847 42 58
internal_value=-0.000348367 0.00354714 -0.00399127 0.000932964 -0.00321912 0.00693172 -0.00432569 0.00138682 0.00539893 -0.000474939 -0.0116188 -0.00260268 -0.00197066 0.00791366 0.00238519 0.00371387 0.0018619 -0.0066489 0.00050315 0.00396595 -0.0028752 -0.00241039 0.00677783 0.0111148 0.0133062 -0.00119549 -0.000352799 0.00192862 -0.004979 0.0149481
internal_weight=8350.88 4035.53 4315.35 2276.9 3918.66 1758.63 3159.58 759.079 1417.72 1894.75 396.695 1192.45 1587.47 382.144 191.502 602.844 501.95 1572.11 867.534 426.818 440.716 212.761 1204.96 79.9437 340.904 367.775 357.998 300.459 719.937 22.867
internal_count=36527 17154 19373 9449 17302 7705 14043 3259 6016 7867 2071 4950 6880 1582 787 2586 2165 7163 3678 1798 1880 888 5128 328 1689 1588 1545 1295 3202 100
cat_boundaries=0 1 2 3 4 5 6 7 8
cat_threshold=4795935 10487844 1581371 2955283 13640106 92 3072560 13500756
is_linear=0
shrinkage=0.03


Tree=57
num_leaves=31
num_cat=9
split_feature=20 20 29 29 0 10 0 0 15 4 0 11 8 0 11 25 32 15 15 4 12 4 0 31 32 21 11 22 19 1
split_gain=117.042 37.3813 32.6669 32.4727 23.0996 23.0078 20.7388 19.4487 15.767 15.4764 15.0948 14.8549 12.7569 18.1954 11.9778 11.9055 11.8887 11.4811 11.1513 11.3484 10.8043 10.4863 10.3177 10.8224 11.386 10.5796 11.5747 10.0928 10.059 9.93116
threshold=-1.1199999999999994 0.48499999999999993 -0.12499999999999999 -0.010000000000000229 0 26.160000000000004 1 2 0.15476190476190479 3 4 33.270000000000003 16.890000000000004 5 30.535000000000004 38.033000000000008 0.042261904761904813 0.31666666666666671 0.35416666666666669 6 6.705000000000001 7 8 0.35519841269841274 -0.14722222222222217 56.810000000000009 18.455000000000002 22.557000000000006 4.8870000000000013 6.5000000000000009
decision_type=2 2 2 2 1 2 1 1 10 1 1 2 2 1 2 2 10 10 8 1 2 1 1 8 8 2 2 2 2 2
left_child=3 2 22 5 21 12 -7 9 20 -4 15 18 27 -14 -10 -3 -17 -6 19 29 -8 -5 25 -24 -25 26 -2 -1 -15 -9
right_child=1 10 7 4 17 6 8 11 14 -11 -12 -13 13 28 -16 16 -18 -19 -20 -21 -22 -23 23 24 -26 -27 -28 -29 -30 -31
leaf_value=0.0011438324252599876 0.041753137770304774 -0.005787250331614896 -0.0047330667492707845 -0.00092763701651845103 0.0064167682927040032 0.0098020253673548226 -0.016724644325216795 0.016830133815536209 0.003912100659524435 0.0030077083081653257 -0.011710349885337049 -0.0063857623686873685 0.012118457574339188 -0.0027815485713184262 -0.0041865949530324204 0.02212899582900292 -0.0081334572782125018 -0.0020973285082137548 -0.0041142333636178001 -0.0012654453085129056 0.01080919473942657 -0.010223160964771071 0.0098453515916087676 0.003978440686882855 -0.019417872483690753 0.038330624729964846 0.008629105957157393 0.016884566814216469 0.0061987745018872399 0.0010193260724371902
leaf_weight=43.276855796575546 10.379502817988394 357.88604336977005 323.24070140719414 233.11156548559666 404.79300507903099 291.81255815923214 13.910568714141844 72.791431427001953 255.30924399197102 760.29792752861977 555.73572967946529 1300.3620851188898 375.7169359177351 164.32867062091827 461.37047386169434 29.211662381887436 19.470901668071747 220.02182179689407 757.97818079590797 360.00320774316788 164.58406995236874 212.58877018094063 76.605100855231285 43.387603223323822 32.928028345108032 14.781890243291853 111.33997122943401 239.81814362108707 354.25945073366165 70.272165551781654
leaf_count=190 42 1709 1370 972 1725 1240 59 303 1060 3199 2890 5731 1630 695 1908 135 97 905 3369 1514 709 886 312 176 136 60 451 1178 1537 299
internal_value=-0.000251493 -0.00322957 -0.00193323 0.00399394 -0.000341028 0.00595667 0.00300928 -0.00270353 0.000677876 0.000676319 -0.00852961 -0.00411985 0.00892807 0.00717113 -0.00130152 -0.00380038 0.0100253 0.00336477 -0.00181595 0.0016469 0.00866341 -0.00548843 0.00776778 0.00176421 -0.0061164 0.0133838 0.0114537 0.0144783 0.00328968 0.00847177
internal_weight=8331.57 4896.67 3934.37 3434.9 1070.52 2364.39 1186.99 3644.95 895.174 1083.54 962.304 2561.41 1177.4 894.305 716.68 406.569 48.6826 624.815 1261.04 503.067 178.495 445.7 289.422 152.921 76.3156 136.501 121.719 283.095 518.588 143.064
internal_count=36487 21793 16962 14694 4488 10206 4976 15785 3736 4569 4831 11216 5230 3862 2968 1941 232 2630 5485 2116 768 1858 1177 624 312 553 493 1368 2232 602
cat_boundaries=0 1 2 3 4 5 6 7 8 9
cat_threshold=6232144 5251107 590379 131 601627 1361431 138 398 14231766
is_linear=0
shrinkage=0.03


Tree=58
num_leaves=31
num_cat=7
split_feature=23 20 8 11 5 0 0 0 25 16 0 0 11 1 22 32 20 18 31 0 10 25 4 8 26 21 32 32 7 5
split_gain=114.415 45.9773 26.0243 24.2698 23.561 29.897 22.1067 19.9868 19.5357 18.1783 15.3215 15.29 13.0532 12.8828 16.6327 12.6771 12.3705 11.9955 18.7296 11.833 10.9091 12.0648 10.7497 14.3853 11.0207 13.8267 10.5641 10.124 10.1088 10.3462
threshold=-18.394999999999992 0.48499999999999993 16.110000000000003 32.435000000000009 2.5000000000000004 0 1 2 34.737000000000016 4.0500000000000007 3 4 45.215000000000011 10.500000000000002 32.003000000000007 -0.27321428571428569 -1.0050000000000001 5.2150000000000007 0.14472222222222228 5 40.055000000000007 35.719000000000015 6 28.860000000000003 -12.034999999999998 54.885000000000012 -0.38492063492063483 -0.35634920634920625 7.6750000000000007 4.5000000000000009
decision_type=2 2 2 2 2 1 1 1 2 10 1 1 2 2 2 10 2 2 8 1 2 2 1 2 2 2 10 10 2 2
left_child=2 3 10 6 5 -5 -2 15 22 13 -1 17 -12 14 -8 -4 -13 -6 -19 -15 -10 -22 23 -9 -24 -26 -21 -27 29 -3
right_child=1 28 7 4 11 -7 9 8 20 -11 12 16 -14 19 -16 -17 -18 18 -20 26 21 -23 24 -25 25 27 -28 -29 -30 -31
leaf_value=0.0020701407751388626 0.0043654257419459084 -0.0092121692360113399 0.003050886889214446 -0.012078174782996259 0.020340552831797011 -0.0024934759004856398 -0.0049038380833700129 0.0035038884515688675 0.013440091654316094 0.0086570669251545308 0.018587611158122214 0.0026227185714279427 -0.0030564722241707338 -0.016084011293146093 0.0033279310512437611 -0.0045176527818138155 -0.0055172280180143512 -0.035640208787819316 0.0028711442956271295 0.021522330147195162 0.022031094347505685 -0.0059829969511909263 0.01285062804365328 -0.011510612672400696 -0.00093598629702130152 0.021541728777047998 -0.0054173330273463534 0.0033890474338666714 -0.021515527880419327 -0.00051912831078062985
leaf_weight=115.97393681108952 961.99280273914337 759.95497950911522 551.86193405091763 479.12645588815212 34.310065627098083 774.80079475045204 501.87628974020481 165.36826603114605 372.20752745866776 137.14283755421638 250.3770108371973 233.03489726781845 27.868607193231583 104.90732239186764 394.60668207705021 311.66069468855858 602.36400754749775 11.611747831106184 536.27318811416626 14.83792597055435 18.328152507543564 56.450638771057129 149.28177677094936 87.986961305141449 239.72021470963955 51.884990110993385 111.88534094393253 59.20184588432312 51.108289822936058 147.06469732522964
leaf_count=543 4053 3852 2359 2093 141 3327 2122 722 1624 565 1216 953 131 474 1682 1292 2621 49 2278 64 77 236 650 363 1029 231 500 249 268 710
internal_value=-0.000244084 -0.00252391 0.00518789 -0.0013484 -0.00327644 -0.006272 0.000964228 0.00383885 0.00631801 -0.00164327 0.0122508 -0.000626721 0.0158501 -0.00291003 -0.00128044 0.000315611 -0.00320818 0.00307966 0.00205494 -0.00921702 0.0113394 0.000883208 0.00342291 -0.0016455 0.00590548 0.0031184 -0.00209747 0.0118676 -0.00853414 -0.00780267
internal_weight=8315.07 5856.9 2458.17 4898.77 2671.52 1253.93 2227.25 2063.95 1200.43 1265.26 394.22 1417.59 278.246 1128.11 896.483 863.523 835.399 582.195 547.885 231.631 446.986 74.7788 753.444 253.355 500.089 350.807 126.723 111.087 958.128 907.02
internal_count=36474 25752 10722 20922 11462 5420 9460 8832 5181 5407 1890 6042 1347 4842 3804 3651 3574 2468 2327 1038 1937 313 3244 1085 2159 1509 564 480 4830 4562
cat_boundaries=0 1 2 3 4 5 6 7
cat_threshold=1864896 1598670 15171736 4083840 1910947 8489217 49
is_linear=0
shrinkage=0.03


Tree=59
num_leaves=31
num_cat=8
split_feature=17 13 32 0 32 6 26 0 0 0 24 9 22 11 30 7 0 29 24 19 25 23 6 24 4 12 0 10 29 28
split_gain=99.6643 46.5931 40.0264 36.5177 21.6958 17.9712 15.8562 19.2117 16.9061 15.0681 14.6336 14.6285 14.0685 13.6487 20.2332 14.6868 12.9138 12.8489 11.952 11.8591 14.043 11.6216 11.4776 12.8651 11.3845 15.2705 14.5427 11.0923 10.9308 10.7418
threshold=0 53.500000000000007 -0.47996031746031736 1 -0.19999999999999998 2.5000000000000004 -13.989999999999998 2 3 4 42.82500000000001 7.4350000000000014 24.785000000000007 37.755000000000003 0.43650793650793657 4.1950000000000012 5 0.024999999999999915 48.010000000000012 4.905000000000002 36.647000000000013 16.025000000000006 3.5000000000000004 39.165000000000006 6 6.6650000000000009 7 22.650000000000002 -0.17000000000000035 6.6830000000000007
decision_type=1 2 10 1 10 2 2 1 1 1 2 2 2 2 10 2 1 2 2 2 2 2 2 2 1 2 1 2 2 2
left_child=5 2 12 13 10 6 7 -1 11 27 19 -8 18 21 15 -15 -7 -18 -2 -5 -21 24 -6 -24 -4 -26 -27 -3 -16 -10
right_child=1 9 3 4 22 16 8 -9 29 -11 -12 -13 -14 14 28 -17 17 -19 -20 20 -22 -23 23 -25 25 26 -28 -29 -30 -31
leaf_value=-0.0090772804369183367 0.00019399464272018123 0.012393312821880553 -0.00035918266281497374 -0.0073546033498783402 -0.0064947651536666293 0.0050114898624872319 -0.0031001379685986438 0.0033233869273225727 0.0015470156484313864 0.012400994673002109 0.0038728001420949751 -0.01831773668217104 0.0079095494130043773 0.010712084016077204 0.032707425122293909 -0.017260408040392139 -0.0023289903983614458 -0.01209346778150021 -0.030080779726128094 0.0016030212659276877 -0.026035962203038832 -0.027114962783035275 -0.0088825009691814467 0.005546187291929996 -0.0054068896335033728 0.017198324615682128 0.0060677770897620276 -0.001313425546626078 0.0015517749416591037 -0.014464891593943754
leaf_weight=206.15609292685986 59.79543399810791 76.665802672505379 260.13895684480667 284.84999796748161 1120.2227909266949 169.72379812598228 420.03192733228207 228.28744219243526 40.668486297130585 434.75771623849869 559.31444807350636 65.75239135324955 774.9040629118681 20.642895057797432 10.484265670180319 92.994285240769386 773.3496298789978 143.84597828984261 14.601879611611364 419.60526601970196 17.223806172609329 10.074386864900587 84.27235358953476 163.55679348111153 81.361181184649467 131.53690482676029 644.43191380798817 173.13978473842144 304.1408558934927 517.97602905333042
leaf_count=964 260 337 1099 1195 4856 759 1938 1059 184 1864 2357 307 3437 90 44 394 3478 696 64 1766 74 50 362 694 345 558 2725 727 1284 2501
internal_value=-0.000433793 0.00176456 0.000772782 -0.000427065 -0.00256546 -0.00533675 -0.00751 -0.00269353 -0.00951347 0.00911263 0.000230565 -0.00505581 0.00671317 0.0032098 -0.0013289 -0.012179 -0.00242892 -0.00381874 -0.005748 -0.00259223 0.000513239 0.00496215 -0.0052023 0.000639825 0.00525134 0.0068777 0.00825438 0.00278184 0.00258998 -0.0130654
internal_weight=8304.51 5738.72 5054.15 4204.85 2649.05 2565.79 1478.87 434.444 1044.43 684.563 1280.99 485.784 849.301 1555.81 428.262 113.637 1086.92 917.196 74.3973 721.679 436.829 1127.54 1368.05 247.829 1117.47 857.33 775.969 249.806 314.625 558.645
internal_count=36468 24582 21654 17893 11304 11886 6953 2023 4930 2928 5392 2245 3761 6589 1812 484 4933 4174 324 3035 1840 4777 5912 1056 4727 3628 3283 1064 1328 2685
cat_boundaries=0 1 2 3 4 5 6 7 8
cat_threshold=1 4219983 10914913 6433363 10961988 270498 416 16386
is_linear=0
shrinkage=0.03


Tree=60
num_leaves=31
num_cat=10
split_feature=17 29 32 13 29 0 1 22 0 32 5 0 9 4 13 18 0 21 23 7 0 16 0 12 12 13 32 7 0 0
split_gain=105.544 31.1335 28.6084 28.1575 24.2676 27.7113 20.8806 17.7991 16.6936 16.0804 14.502 14.2826 17.6442 15.1416 14.1018 13.0871 15.7703 12.8891 12.817 12.7816 15.6442 11.8869 11.8361 13.9597 11.3345 10.9982 10.8716 14.4471 10.8547 10.76
threshold=0 -0.10000000000000007 -0.58611111111111092 48.500000000000007 -0.084999999999999951 1 10.500000000000002 33.483000000000011 2 0.10000000000000001 3.5000000000000004 3 7.2150000000000007 4 55.500000000000007 5.9250000000000007 5 52.805000000000007 -26.434999999999995 6.9850000000000012 6 4.7071428571428582 7 6.9050000000000011 7.1150000000000011 60.500000000000007 -0.37321428571428567 5.6950000000000012 8 9
decision_type=1 2 8 2 2 1 2 2 1 8 2 1 2 1 2 2 1 2 2 2 1 8 1 2 2 2 10 2 1 1
left_child=2 8 -1 6 18 10 7 9 -2 11 -6 12 13 17 -7 28 -17 -3 -4 29 -21 -12 23 -8 -10 -18 27 -13 -5 -9
right_child=1 3 4 15 5 14 22 19 24 -11 21 26 -14 -15 -16 16 25 -19 -20 20 -22 -23 -24 -25 -26 -27 -28 -29 -30 -31
leaf_value=0.011979922030565117 -0.0015826187638076118 0.0047779156037201995 0.014979982863998206 0.0044542740573520964 -0.0045492234164285555 0.0036555695519932319 -0.0058640948363602513 0.0051286945670320867 0.0097467116791006732 -0.011858795861701913 0.0013966600140058012 -0.0096643187238832969 -0.019898177872518231 -0.0033672153108687364 0.014721094540907703 0.010676635257104066 -0.00081441368147323445 0.028023699093122256 0.0055267756309928346 0.0040151164104412461 -0.013372811937945544 0.024926409782020466 -0.010914542394605868 0.01409309392832974 -0.014540704195711894 0.030315466386077176 -0.0081515937391325854 0.010137546689555813 -0.012995253534416228 -0.0017029577598468831
leaf_weight=358.14746232330799 321.3188616335392 194.25713689625263 182.73167882859707 47.962532669305801 685.91520072519779 1210.9181919693947 237.65875223278999 344.13929253816605 294.99252927303314 292.80315163731575 397.58977285027504 60.472166925668716 37.991910398006439 273.49989303946495 113.35365319252014 182.17356191575527 364.61807228624821 24.134313508868217 439.67137095332146 70.632435783743858 120.866346180439 20.310090929269791 656.63732551038265 36.371933564543724 18.370344638824463 10.508710980415342 686.05566155910492 73.418582439422607 77.485070735216141 494.26902876794338
leaf_count=1664 1347 854 879 224 2883 5140 1071 1471 1222 1459 1671 247 180 1208 487 771 1565 100 1844 322 568 91 3097 162 75 44 3157 319 362 2131
internal_value=-0.000103744 -0.00291208 0.00394728 -0.00383629 0.00301714 0.0016624 -0.00489477 -0.0035471 0.00328312 -0.00548569 -0.00184845 -0.00410325 -0.00019652 0.00132117 0.00456825 0.00174982 0.00372042 0.00702512 0.00830215 -0.000455166 -0.0074481 0.00254021 -0.00876478 -0.00310199 0.00806552 5.61543e-05 -0.00654571 0.00119397 -0.0070046 0.00114207
internal_weight=8329.28 4920.64 3408.64 4285.96 3050.49 2428.09 3603.21 2672.54 634.682 1642.63 1103.82 1349.83 529.883 491.891 1324.27 682.748 557.3 218.391 622.403 1029.91 191.499 417.9 930.668 274.031 313.363 375.127 819.946 133.891 125.448 838.408
internal_count=36615 21956 14659 19312 12995 10272 16346 12016 2644 7524 4645 6065 2342 2162 5627 2966 2380 954 2723 4492 890 1762 4330 1233 1297 1609 3723 566 586 3602
cat_boundaries=0 1 2 3 4 5 6 7 8 9 10
cat_threshold=12 15680036 11310441 1125475 356 541979 2697389 2122282 6227968 5410086
is_linear=0
shrinkage=0.03


Tree=61
num_leaves=31
num_cat=12
split_feature=7 17 0 10 25 0 0 32 26 26 6 19 0 22 26 0 0 22 4 0 0 22 13 22 8 4 0 8 13 9
split_gain=93.9618 37.8619 21.5289 20.7338 20.3449 20.885 19.6396 16.782 20.1021 16.2377 15.7431 14.7173 14.469 13.9845 13.7837 17.2947 15.5856 16.3903 16.3614 13.6721 13.5476 13.0673 12.6799 11.7664 11.6133 11.0843 10.8764 10.7477 11.2399 10.2211
threshold=4.9350000000000014 0 1 21.755000000000003 34.411000000000008 2 3 -0.16904761904761903 -15.319999999999997 1.0000000180025095e-35 2.5000000000000004 5.5430000000000019 4 52.179000000000009 -14.319999999999997 5 6 25.965000000000007 7 8 9 38.327000000000005 50.500000000000007 19.307000000000006 40.640000000000008 10 11 9.3400000000000016 23.500000000000004 4.7150000000000007
decision_type=2 1 1 2 2 1 1 10 2 2 2 2 1 2 2 1 1 2 1 1 1 2 2 2 2 1 1 2 2 2
left_child=3 2 -2 9 6 23 11 -4 19 22 14 -5 13 -12 15 -3 -16 -18 29 -9 24 -14 27 -6 -10 -8 -11 -1 -29 -19
right_child=1 10 7 4 5 -7 25 8 20 26 12 -13 21 -15 16 -17 17 18 -20 -21 -22 -23 -24 -25 -26 -27 -28 28 -30 -31
leaf_value=0.019723819701357687 0.0055632838950637163 -0.0099905856794313408 0.001211620451819399 -0.0097313629783110488 -0.028323353835537655 0.011414357952376429 -0.0055237193225961528 -0.0039084098897764295 0.0031887445379978692 0.010271183223692212 0.0013127326615424483 0.0087944637824648435 -0.0088909216261033857 0.032979318327704218 -0.014207173997142974 0.0023661007089000505 -0.016986322086370617 -0.018120816270714962 -0.0098511374926896506 0.0086466645892244228 -0.0083596325909142555 -0.00040158174190379966 0.016441791727285278 0.00059804171110723668 -0.0073097341186599283 0.006049491323857333 -0.0044553890060429514 -0.0029077187718365817 0.0083008848856509932 0.0010949713852429204
leaf_weight=63.138917952775955 543.22663478553295 149.33355838060379 1526.8331237286329 250.26792497932911 13.792679309844969 317.34596154093742 89.828129842877388 131.88585916161537 232.54826773703098 55.153290614485741 435.78754158318043 45.630222395062447 342.38119773566723 12.923460528254507 309.12596169114113 277.45882868766785 105.40917903184891 26.741125419735909 262.54826039075851 170.16304816305637 586.68424589931965 311.79107537865639 195.83299267292023 154.22456482052803 160.12871827185154 311.90536011755466 136.9165456444025 93.025754004716873 598.93676352500916 364.37989914417267
leaf_count=321 2256 703 6321 1055 57 1377 381 570 977 246 1953 200 1621 55 1492 1283 548 121 1209 734 2589 1379 891 665 724 1345 592 412 2658 1698
internal_value=3.833e-05 -0.00196049 0.000152891 0.00515083 0.00236671 0.0070834 -0.000914829 -0.000909722 -0.00344446 0.00803237 -0.00466953 -0.00664978 -0.00196849 0.00217627 -0.00669337 -0.00213612 -0.00851418 -0.00593049 -0.00423838 0.00332152 -0.00553118 -0.0047718 0.00963936 -0.00167637 -0.00106527 0.0033904 7.61755e-05 0.00787517 0.00679403 -0.000213366
internal_weight=8275.35 5949.35 3351.47 2326 1182.99 485.363 697.632 2808.24 1281.41 1143 2597.88 295.898 1102.88 448.711 1495 426.792 1068.2 759.078 653.669 302.049 979.361 654.172 950.934 168.017 392.677 401.733 192.07 755.101 691.963 391.121
internal_count=36433 26233 14171 10200 5080 2099 2981 11915 5594 5120 12062 1255 5008 2008 7054 1986 5068 3576 3028 1304 4290 3000 4282 722 1701 1726 838 3391 3070 1819
cat_boundaries=0 1 2 3 4 5 6 7 8 9 10 11 12
cat_threshold=6 4194315 4375636 11999553 1908966 2526304 10327040 124 11807248 1131348 33 1123618
is_linear=0
shrinkage=0.03


Tree=62
num_leaves=31
num_cat=9
split_feature=7 16 29 17 19 22 5 0 29 6 0 0 0 0 11 24 0 29 0 24 0 20 20 12 11 12 7 18 8 25
split_gain=90.5804 43.6445 30.8807 22.4707 19.7743 19.4076 18.9972 17.8178 16.3871 15.7855 15.7703 15.1559 15.0114 14.1117 13.3178 11.8236 14.4444 11.5276 11.9962 11.4116 11.9707 13.2396 11.3792 12.8066 11.0746 11.0444 10.7585 10.0606 12.8862 10.0143
threshold=4.8750000000000009 2.4722222222222228 -0.079999999999999613 0 5.5190000000000019 23.373000000000008 4.5000000000000009 1 -0.10499999999999997 1.5000000000000002 2 3 4 5 30.615000000000006 48.535000000000004 6 -0.15499999999999978 7 35.555000000000007 8 -1.885 -2.2199999999999989 6.7150000000000007 27.425000000000004 6.705000000000001 6.5250000000000012 7.1150000000000011 49.535000000000004 28.039000000000005
decision_type=2 8 2 1 2 2 2 1 2 2 1 1 1 1 2 2 1 2 1 2 1 2 2 2 2 2 2 2 2 2
left_child=5 7 17 4 6 19 15 9 -7 -2 -8 -5 14 24 -6 16 -4 -3 26 29 -21 -22 -14 -24 -10 -20 -19 -11 -29 -1
right_child=1 2 3 11 12 8 10 -9 13 27 -12 -13 22 -15 -16 -17 -18 18 25 20 21 -23 23 -25 -26 -27 -28 28 -30 -31
leaf_value=-0.00227145311021841 -0.0098806069027538371 0.010432321230387136 -0.0012356228701402611 -0.0091744912504264295 0.010242553958418485 0.01323213041461538 -0.003763271606684849 -0.011791430926304984 0.01473209951776523 -0.002498962158566554 0.0098577217283756912 -0.0027207343594095388 -0.012519506363769205 0.00226138088483478 -0.0073377060215066188 0.0024799644019248748 -0.0074552476445335332 0.00085989187312839976 0.020749781391289118 0.007577475267871143 0.010431760139099128 -0.0088224521014711489 -0.0012208613874352379 0.014260260574197371 0.0061950725164880219 0.0040067729804986602 -0.010430404063094749 -0.0013230214962164557 0.022911835208725785 -0.028755652868526365
leaf_weight=28.331559747457504 212.17860378324986 176.66777013242245 731.79884958267212 525.53843602538109 55.870483711361885 267.21304267644882 117.11084032058716 487.15185907483101 177.21651871502399 217.87243209779263 198.99666167795658 921.47547790408134 20.087350934743881 788.76318807899952 126.7903967499733 290.07073794305325 634.95329017937183 367.91213949024677 38.108729466795921 128.48588038980961 42.069675981998444 136.1949018985033 61.652759492397308 218.64469942450523 599.06093695759773 509.81748972833157 95.723226264119148 42.345576465129852 36.999694839119911 23.514222726225853
leaf_count=119 1022 728 3112 2517 231 1251 495 2325 807 997 835 4261 84 3422 526 1231 2739 1523 158 536 187 557 255 906 2672 2126 412 180 164 98
internal_value=-0.000114121 -0.00199663 -0.000872812 -0.00216197 -0.000401684 0.00511685 -0.0017353 -0.00773804 0.00636599 -0.00356029 0.00500424 -0.00511154 0.00503696 0.00519367 -0.00185868 -0.00302115 -0.00418867 0.00336169 0.00212681 -0.00126566 0.000934509 -0.00405128 0.00899263 0.0108551 0.00804042 0.00507858 -0.00144007 0.000831888 0.009978 -0.0142831
internal_weight=8278.62 6087.77 5091.22 3902.99 2455.98 2190.85 1972.93 996.548 1832.25 509.396 316.108 1447.01 483.046 1565.04 182.661 1656.82 1366.75 1188.23 1011.56 358.596 306.75 178.265 300.385 280.297 776.277 547.926 463.635 297.218 79.3453 51.8458
internal_count=36476 26827 22139 17192 10414 9649 8412 4688 8152 2363 1330 6778 2002 6901 757 7082 5851 4947 4219 1497 1280 744 1245 1161 3479 2284 1935 1341 344 217
cat_boundaries=0 1 2 3 4 5 6 7 8 9
cat_threshold=6 556270 220568 11556164 408240 1064751 6900939 5028905 685538
is_linear=0
shrinkage=0.03


Tree=63
num_leaves=31
num_cat=10
split_feature=17 16 0 6 10 22 0 22 13 6 4 0 13 0 23 7 4 31 20 4 0 16 13 9 0 8 7 10 31 22
split_gain=102.689 33.7244 26.8953 25.0305 22.8157 18.6175 16.1515 16.092 15.2695 15.3866 14.492 20.7977 13.3215 13.0163 12.1265 11.8359 11.1519 11.6311 10.4654 16.8585 13.8141 11.8242 11.125 11.4731 10.1111 12.1016 15.1206 10.3149 9.55025 9.32884
threshold=0 3.7071428571428577 1 2.5000000000000004 24.020000000000003 33.939000000000007 2 20.833000000000002 49.500000000000007 3.5000000000000004 3 4 58.500000000000007 5 -36.169999999999995 7.7650000000000006 6 0.2003571428571429 0.1000000000000001 7 8 4.1833333333333345 34.500000000000007 6.1950000000000012 9 58.935000000000009 6.7550000000000008 52.410000000000004 0.17126984126984132 31.927000000000003
decision_type=1 8 1 2 2 2 1 2 2 2 1 1 2 1 2 2 1 10 2 1 1 10 2 2 1 2 2 2 8 2
left_child=3 2 7 18 13 10 -5 -2 9 29 -6 -12 -4 14 -3 -8 -16 -18 19 20 -1 -22 -21 -24 25 26 -20 -27 -13 -9
right_child=1 4 12 6 5 -7 15 8 -10 -11 11 28 -14 -15 16 -17 17 -19 24 22 21 -23 23 -25 -26 27 -28 -29 -30 -31
leaf_value=0.010795294303571326 -0.0074894798720490895 0.016139268745002384 -0.0027135063620927682 -0.0051320274550149944 -0.0066224935443274175 0.0080639145895269708 0.0029054296468569666 -0.0021105684485988136 0.0092468273722866121 0.0093454208455798302 -0.0054359041639475197 -0.0068948690141674264 0.016546665567589831 0.011097425476079892 0.010926510242959233 -0.026499200633733566 -0.012657163135418811 0.0021119393481571673 0.00017665303239575213 -0.019910068755782009 -0.0046331586085411065 0.025477570593119975 0.002810007302812818 -0.01151839787295496 -0.013735906426381776 0.026490933992841109 -0.015280764415975517 -0.007722560659629351 0.0081929566444965112 0.003447885375112677
leaf_weight=59.17407688498497 125.37082903087139 63.437078431248665 1743.0326420962811 577.33572717010975 227.77204729616642 331.6066178381443 498.79592201113701 537.21872574090958 347.65647231042385 223.40317143499851 201.95947821438313 42.620431125164032 32.930845737457275 597.9809393286705 82.721843674778938 12.632016628980635 61.289773181080818 221.16674639284611 108.0523107200861 89.09989857673645 408.81663155555725 12.08437569439411 69.36814221739769 182.92510710656643 381.23705087602139 18.282627195119858 120.44319133460522 14.006648957729338 330.9241448789835 549.91109943389893
leaf_count=256 558 331 7439 2670 962 1436 2232 2272 1457 934 853 179 138 2730 357 62 257 966 524 403 1833 51 304 814 2003 91 602 71 1406 2311
internal_value=-0.000176917 0.00205563 0.000264337 -0.00516908 0.00501504 0.00208356 -0.00174486 0.00285786 0.00365743 0.00217468 -0.000385235 0.00216086 -0.00234318 0.00825574 0.00394033 0.00213736 0.00192909 -0.00105542 -0.00775185 -0.00550909 -0.00171296 -0.0036812 -0.0104899 -0.0075788 -0.0106215 -0.00533715 -0.00797117 0.0116496 0.00630275 0.000701106
internal_weight=8273.26 5721 3559.52 2552.25 2161.48 1134.88 1088.76 1783.56 1658.19 1310.53 803.276 575.504 1775.96 1026.6 428.615 511.428 365.178 282.457 1463.49 821.468 480.075 420.901 341.393 252.293 642.022 260.785 228.496 32.2893 373.545 1087.13
internal_count=36502 24586 15109 11916 9477 4836 4964 7532 6974 5517 3400 2438 7577 4641 1911 2294 1580 1223 6952 3661 2140 1884 1521 1118 3291 1288 1126 162 1585 4583
cat_boundaries=0 1 2 3 4 5 6 7 8 9 10
cat_threshold=1 4762987 14862164 161 4620632 14461072 416 124 2107904 4869139
is_linear=0
shrinkage=0.03


Tree=64
num_leaves=31
num_cat=5
split_feature=32 9 9 0 0 13 0 13 0 0 27 20 7 31 11 26 13 13 12 24 11 32 9 18 10 11 12 20 9 22
split_gain=67.7544 31.4438 21.9215 24.0992 19.4183 19.0417 18.5789 16.617 15.9555 13.8813 16.7705 13.7711 13.7164 13.707 12.4249 12.1766 12.1612 11.5942 11.3486 10.9096 11.9121 10.2803 14.8232 10.1915 10.1508 12.1625 9.86204 11.8821 9.76626 9.61833
threshold=-0.15634920634920632 4.8750000000000009 6.5250000000000012 0 1 41.500000000000007 2 58.500000000000007 3 4 7.1550000000000011 -2.8049999999999993 6.0450000000000008 0.33563492063492073 32.010000000000012 -4.6049999999999995 28.500000000000004 50.500000000000007 7.035000000000001 34.415000000000006 21.070000000000004 -0.019047619047619032 5.1350000000000007 5.8950000000000005 25.570000000000004 31.185000000000006 6.8050000000000006 0.70000000000000073 7.535000000000001 32.675000000000004
decision_type=8 2 2 1 1 2 1 2 1 1 2 2 2 10 2 2 2 2 2 2 2 8 2 2 2 2 2 2 2 2
left_child=1 4 3 12 -1 9 23 15 -4 16 19 24 13 14 18 -5 -3 -13 -2 -11 -21 22 -16 -7 -6 -26 27 -8 29 -18
right_child=2 5 8 7 11 6 26 -9 -10 10 -12 17 -14 -15 21 -17 28 -19 -20 20 -22 -23 -24 -25 25 -27 -28 -29 -30 -31
leaf_value=0.0089433918208370478 0.012957399130625939 -0.017077725814547147 -0.011934161028598237 -0.0020402376271641421 0.012568762747600538 -0.0039827434091636955 -0.0024831016599556779 0.019204415182810006 -0.0040230946074409496 -0.011267792171840627 0.038786901799676962 -0.00038578532166485608 -0.0023759368381855218 0.016561003526874583 0.01682113175012202 -0.0070272335156021234 -0.0082662737770914409 0.0076101854266109638 -0.020937975228435907 0.0136116809200375 -0.00051183133775191143 -0.0088703762013995924 -0.009456969143341416 0.0096164019185349617 -0.035611289209339689 0.0079093528714446783 0.00304926700898287 -0.029097155442487421 -0.022492491250690465 0.0012948299027063742
leaf_weight=722.84220913052559 121.05766287446022 80.69262221455574 372.48168061673641 1203.3810977488756 170.870003297925 56.971387028694153 341.94671948254108 28.519836023449898 670.22231431305408 78.625949010252953 9.852725535631178 794.06926175951958 242.64741101861 95.825077369809151 46.775773644447327 695.21278722584248 176.40104389190674 205.4308116286993 9.5946843773126584 57.373649552464485 850.03855197131634 88.910374641418457 32.91359768807888 383.18691313266754 9.0777969956398028 15.905309259891508 439.85148824751377 15.795248344540594 24.993097081780434 204.44297507405281
leaf_count=3225 509 352 1814 5330 861 245 1452 121 3164 337 41 3356 1100 397 196 3107 762 889 40 244 3652 373 137 1622 43 75 1871 79 116 893
internal_value=-0.000250893 0.00214735 -0.00333442 -0.00184334 0.00508878 7.31364e-05 0.00282005 -0.00350671 -0.00700218 -0.0022204 -0.000156984 0.00266078 0.00318814 0.00668616 0.00352408 -0.00386634 -0.00631113 0.00125766 0.0104682 -0.000547712 0.000381167 -0.00185712 0.00596765 0.00768169 0.00995722 -0.0079042 4.02918e-05 -0.00365818 -0.00432592 -0.00313373
internal_weight=8245.91 4638.37 3607.54 2564.84 1918.2 2720.17 1237.75 1927.11 1042.7 1482.42 995.891 1195.35 637.725 395.077 299.252 1898.59 486.53 999.5 130.652 986.038 907.412 168.6 79.6894 440.158 195.853 24.9831 797.593 357.742 405.837 380.844
internal_count=36403 20115 16288 11310 8449 11666 5269 8558 4978 6397 4274 5224 2752 1652 1255 8437 2123 4245 549 4233 3896 706 333 1867 979 118 3402 1531 1771 1655
cat_boundaries=0 1 2 3 4 5
cat_threshold=1048655 2113031 575539 9797953 2283588
is_linear=0
shrinkage=0.03


Tree=65
num_leaves=31
num_cat=8
split_feature=7 20 13 0 1 22 22 7 0 11 11 23 5 16 13 29 0 13 0 0 29 0 7 0 0 13 16 29 19 21
split_gain=76.6253 30.3066 24.8113 20.9135 20.2487 18.926 18.2701 18.1576 17.4097 15.5814 15.4316 14.8384 14.7661 14.8464 16.269 14.3311 13.4075 13.2569 13.1432 13.0672 13.0143 12.8998 12.6058 12.1608 11.4199 16.5287 11.2446 11.2415 11.2306 10.8594
threshold=4.9350000000000014 0.99500000000000022 48.500000000000007 0 10.500000000000002 34.58700000000001 20.833000000000002 7.0150000000000006 1 37.255000000000003 39.815000000000005 9.9250000000000025 3.5000000000000004 3.8944444444444448 36.500000000000007 -0.14999999999999988 2 30.500000000000004 3 4 0.024999999999999915 5 2.7750000000000004 6 7 23.500000000000004 4.6458333333333348 -0.010000000000000229 5.503000000000001 65.240000000000023
decision_type=2 2 2 1 2 2 2 2 1 2 2 2 2 10 2 2 1 2 1 1 2 1 2 1 1 2 10 2 2 2
left_child=3 2 4 10 5 24 21 17 11 16 -1 -6 13 -8 22 -10 -4 -7 -11 -19 23 -5 -15 -3 25 -2 28 -18 -14 -21
right_child=1 20 9 6 8 7 12 -9 15 18 -12 -13 26 14 -16 -17 27 19 -20 29 -22 -23 -24 -25 -26 -27 -28 -29 -30 -31
leaf_value=0.01196428611247145 -0.01960010422335581 -0.013499545061968607 0.010303256397550177 0.0057841715481019556 -0.0020874174917125334 -0.0026083519325382654 -0.0020660289105510297 -0.0069913040092317684 0.017482353547583897 0.0051891513779900146 9.1925276510521631e-05 0.028830837018722893 0.0041669718735557288 0.019204078788212908 0.0088005994615361852 -0.0099782522313923965 0.0047912023489828327 0.00067179483802134966 -0.0068447979773759663 0.0096121915416682198 -0.021444485395065858 -0.010895378389305359 -0.0045365830110262019 -0.0014579051348300432 -0.0047966004159676594 0.00035689126612260352 0.020217528805070491 -0.0059436329190237546 0.016740867631902114 -0.01386316710505411
leaf_weight=470.50281505286694 38.908592939376831 141.67471998929977 277.20481985807419 54.982895150780678 376.59297217428684 264.60235062241554 476.83212615549564 183.98549230396748 17.595319837331772 120.47665697336197 124.63281089067459 14.50825461745262 353.84458710253239 22.725362345576286 372.70559807121754 612.80746267735958 323.8413543254137 353.49009455740452 214.67582759261131 429.57211323082447 73.153220593929291 128.15994912385941 176.20079500973225 171.17515060305595 1240.3151064962149 932.47096733748913 60.81012949347496 120.45187446475029 78.027328386902809 18.498312637209892
leaf_count=2133 165 777 1166 228 1656 1125 2012 849 73 509 556 70 1530 122 1674 2879 1357 1519 914 1802 426 531 791 876 5474 3988 289 529 355 77
internal_value=-0.000115785 -0.00192508 -0.00135878 0.00450687 -0.00233345 -0.00123827 0.002775 0.00171212 -0.00604497 0.00277671 0.00932136 -0.000917029 0.00385563 0.00184265 0.00510312 -0.00906795 0.00525963 0.00321405 -0.00256838 0.00513608 -0.0100528 -0.00616695 -0.00182445 -0.00738909 -0.00290595 -0.000437977 0.0081394 0.00183949 0.00643873 0.00845434
internal_weight=8245.43 5926 5540 2319.42 4483.35 3461.84 1724.29 1250.15 1021.5 1056.65 595.136 391.101 1541.15 1048.46 571.632 630.403 721.498 1066.16 335.152 801.561 386.003 183.143 198.926 312.85 2211.69 971.38 492.682 444.293 431.872 448.07
internal_count=36452 26231 24152 10221 19677 14999 7532 5372 4678 4475 2689 1726 6773 4599 2587 2952 3052 4523 1423 3398 2079 759 913 1653 9627 4153 2174 1886 1885 1879
cat_boundaries=0 1 2 3 4 5 6 7 8
cat_threshold=12331 2646574 8954266 1786505 11416784 4737216 9617894 4531375
is_linear=0
shrinkage=0.03


Tree=66
num_leaves=31
num_cat=11
split_feature=17 32 13 6 26 0 0 6 14 0 0 0 4 29 0 4 0 29 9 10 10 19 18 9 30 21 11 31 25 0
split_gain=74.0783 35.0409 24.9542 26.3275 22.3032 22.0216 20.5096 20.0346 17.5118 16.6432 16.2225 15.095 17.7116 14.9375 13.7241 13.2961 11.5724 11.2801 10.8391 10.8296 10.7591 11.3231 10.514 13.2124 10.4403 10.2785 10.842 9.89642 9.81437 9.69685
threshold=0 -0.36904761904761896 47.500000000000007 3.5000000000000004 9.2450000000000028 1 2 2.5000000000000004 1.0000000180025095e-35 3 4 5 6 -0.11499999999999976 7 8 9 -0.044999999999999922 5.6950000000000012 12.435 26.940000000000005 5.0990000000000011 6.8450000000000006 1.8050000000000004 0.84523809523809534 38.57500000000001 32.010000000000012 0.18673611111111113 39.51100000000001 10
decision_type=1 10 2 2 2 1 1 2 10 1 1 1 1 2 1 1 1 2 2 2 2 2 2 2 10 2 2 8 2 1
left_child=7 4 3 9 5 8 -4 11 20 -3 24 17 14 -8 -13 27 -5 28 -18 -6 21 -2 23 -17 -9 -16 -27 -7 -1 -25
right_child=1 2 6 16 19 15 13 10 -10 -11 -12 12 -14 -15 25 22 18 -19 -20 -21 -22 -23 -24 29 -26 26 -28 -29 -30 -31
leaf_value=-0.0075702230294105834 0.0035280227552036605 1.677152554856482e-05 -0.0013717845381557158 0.0092593908474721334 0.011732177491962099 -0.016306068551444224 0.020088772768404147 -0.005889454641022869 -0.0034006723838038459 -0.0051493786270529847 0.0022824247638011858 0.0059479484774587234 -0.0087239214143857748 0.0058144815076725514 -0.019665412090456552 0.018368380157836657 0.004181582064331322 -0.014740519742663421 -0.0060594705826126274 -0.02167726038613893 7.6836720485669329e-05 0.018158125115092554 0.010724607938419398 0.0061053823082182187 0.016949921350232371 0.0044518528512835507 -0.0071973370359725113 0.012220200606545365 0.016543448156787405 -0.0056801853133613281
leaf_weight=183.06933671236038 93.028556734323502 1049.1053019911051 387.11537800729275 231.63722816109657 11.204048246145247 11.15079417824745 74.302085563540459 515.24917180836201 329.1372150182724 1210.0456655025482 550.94638748466969 181.47092804312706 436.07691949605942 589.09218564629555 34.678804770112038 34.611819580197334 299.77971577644348 305.25720059871674 134.85594913363457 39.577729463577271 140.65853308141232 97.524602681398392 154.01770287752151 90.372688144445419 18.66556416451931 122.15121054649353 174.8078553378582 594.14547708630562 16.565259620547295 159.88591039180756
leaf_count=837 426 4459 1640 982 50 48 319 2389 1408 5234 2490 833 2031 2495 182 160 1264 1586 574 168 603 466 694 390 83 571 828 2635 74 690
internal_value=-0.000137585 0.00175231 0.000196745 -0.00122748 0.00528579 0.00586947 0.00416288 -0.00439333 0.00147772 -0.00277304 -0.00132537 -0.00671249 -0.00432555 0.00730316 -0.000492184 0.0085508 0.00401309 -0.0108984 0.000981473 -0.0143061 0.00637018 0.0110157 0.00431148 0.000995517 -0.00499739 -0.00408715 -0.00240556 0.0115046 -0.00556932 -0.00140722
internal_weight=8270.19 5731.25 3975.93 2925.42 1755.32 1704.53 1050.51 2538.94 660.349 2259.15 1084.86 1454.08 949.186 663.394 513.109 1044.18 666.273 504.892 434.636 50.7818 331.212 190.553 438.888 284.87 533.915 331.638 296.959 605.296 199.635 250.259
internal_count=36609 24705 16967 12513 7738 7520 4454 11904 2903 9693 4962 6942 4445 2814 2414 4617 2820 2497 1838 218 1495 892 1934 1240 2472 1581 1399 2683 911 1080
cat_boundaries=0 1 2 3 4 5 6 7 8 9 10 11
cat_threshold=1 8589800 11427908 93291 6472537 14058880 62 2624003 348 5285290 6332433
is_linear=0
shrinkage=0.03


Tree=67
num_leaves=31
num_cat=4
split_feature=17 29 8 6 25 32 6 5 29 32 16 22 4 24 30 26 4 8 19 16 18 19 25 19 24 10 11 22 25 3
split_gain=70.0518 30.6031 21.0458 18.7133 18.0047 17.0887 14.9391 14.0978 20.3147 13.9008 13.1464 12.6354 10.8638 13.0177 10.4912 10.6603 11.2456 10.1971 9.79232 9.65117 9.08324 9.06473 8.89757 10.918 8.89664 12.7061 9.91507 8.67596 10.7332 10.7799
threshold=0 -0.029999999999999801 15.300000000000002 2.5000000000000004 34.451000000000015 -0.4855158730158729 5.5000000000000009 3.5000000000000004 -0.18000000000000013 0.068055555555555577 4.6833333333333345 51.059000000000005 1 64.760000000000005 0.35416666666666669 4.0400000000000036 2 42.125000000000007 4.9730000000000016 3.7638888888888893 7.6250000000000009 6.5889999999999995 39.963000000000015 5.3470000000000022 36.850000000000009 21.755000000000003 41.945000000000007 34.015000000000008 31.180000000000007 3
decision_type=1 2 2 2 2 8 2 2 2 10 10 2 1 2 10 2 1 2 2 8 2 2 2 2 2 2 2 2 2 9
left_child=3 2 -2 9 6 -6 17 8 -4 18 24 -5 22 -14 15 16 -10 -3 -1 -16 -13 -11 23 -7 25 -9 -27 28 29 -21
right_child=1 4 7 11 5 12 -8 10 14 21 -12 20 13 -15 19 -17 -18 -19 -20 27 -22 -23 -24 -25 -26 26 -28 -29 -30 -31
leaf_value=-0.010284572484234679 0.013276331804652951 -0.0021906732453005127 0.021165823031107325 -0.0019599252029917024 0.012567435817802577 0.0058107411715891009 0.0096446997317773519 0.013174546762486798 0.010649252657716372 -0.013273325087703952 0.021558610230306297 0.025169534936083156 0.0002440984212664881 -0.021313594119923528 0.00030262325964385429 -0.031129002523940637 -0.0069635340139135556 -0.0088436305329095428 -0.0033289737045479506 0.0074662538629755104 0.0019165442528360701 0.0032487370598512266 -0.01168624350561645 0.025555760437991022 0.0065755874802714293 -0.0093905130349724569 0.01921458266050758 0.0099753309881971952 0.0057896681513903798 -0.0096398266062474539
leaf_weight=229.07498236000538 197.61404111981392 1230.1832176744938 47.126165345311165 1020.1921405047178 133.61699976027012 79.583695217967033 84.673331931233406 40.55514033138752 32.572081089019775 308.11811934411526 46.973030731081963 26.780421644449234 661.70596149563789 26.208567529916763 1128.2840072512627 13.532337859272955 143.63691645860672 249.37439274787903 889.50490081310272 41.593447208404541 34.721209898591042 33.096271649003029 16.167074650526047 36.885495379567146 802.97997695207596 102.78706902265549 12.200070992112158 206.89488001167774 281.42483855783939 92.931411877274513
leaf_count=1130 997 5221 204 4685 591 341 360 175 142 1610 213 115 2831 110 4739 58 619 1152 4093 178 149 153 70 157 3421 433 51 939 1214 397
internal_value=-4.41426e-06 0.00183963 0.00379403 -0.00413806 -0.000629513 0.00261829 -0.00261065 0.00316806 0.00170389 -0.00637029 0.00606291 -0.00116383 0.000998192 -0.000568948 0.00123134 -0.00546925 -0.00349866 -0.00331201 -0.00475342 0.00195737 0.0120419 -0.0116708 0.0085262 0.0120639 0.00530354 -0.00126338 -0.00635553 0.00495496 0.00245781 -0.00451241
internal_weight=8250.99 5709.5 3191.11 2541.49 2518.4 954.168 1564.23 2993.49 1988 1459.79 1005.5 1081.69 820.551 687.915 1940.87 189.741 176.209 1479.56 1118.58 1751.13 61.5016 341.214 132.636 116.469 958.522 155.542 114.987 622.845 415.95 134.525
internal_count=36548 24613 13780 11935 10833 4100 6733 12783 8490 6986 4293 4949 3509 2941 8286 819 761 6373 5223 7467 264 1763 568 498 4080 659 484 2728 1789 575
cat_boundaries=0 1 2 3 4
cat_threshold=1 66 258 2
is_linear=0
shrinkage=0.03


Tree=68
num_leaves=31
num_cat=10
split_feature=17 10 13 18 0 20 26 20 25 0 11 28 0 13 21 8 30 12 3 24 0 0 12 0 23 0 7 0 1 12
split_gain=60.3693 25.7744 22.7697 22.0075 20.0622 18.7979 16.3292 15.6767 14.3222 13.106 12.7903 15.4872 13.4579 14.6516 12.663 11.8599 11.2645 11.2369 11.0171 10.9615 11.8707 11.1741 10.4036 10.3869 10.8613 10.2717 12.7173 15.7736 12.2611 10.8214
threshold=0 26.940000000000005 46.500000000000007 4.7250000000000005 1 -3.5649999999999991 -17.194999999999993 0.24500000000000013 35.13900000000001 2 33.270000000000003 6.6740000000000013 3 58.500000000000007 57.540000000000006 47.080000000000005 0.89444444444444449 6.6450000000000005 4 40.990000000000002 5 6 6.6050000000000013 7 5.5049999999999999 8 6.7750000000000012 9 10.500000000000002 6.8950000000000005
decision_type=1 2 2 2 1 2 2 2 2 1 2 2 1 2 2 2 8 2 9 2 1 1 2 1 2 1 2 1 2 2
left_child=7 2 5 -3 8 -2 -7 25 18 -8 11 22 15 -14 -11 -12 19 -10 -5 20 -4 -21 -6 24 -13 -1 28 -28 -27 -30
right_child=1 3 16 4 10 6 9 -9 17 14 12 23 13 -15 -16 -17 -18 -19 -20 21 -22 -23 -24 -25 -26 26 27 -29 29 -31
leaf_value=-0.0057564194267611243 0.016853078694088267 -0.018424235611838143 -0.0023560364451390464 -0.0023998567153968439 -0.010199639662654511 0.0075519784581673001 -0.0039935564769210223 -0.0067834121607949945 -0.011774846155033917 0.0014289747634380224 -0.00086140777698382549 0.0043395922307829437 -0.0062974668418219861 0.022412724467297293 0.016399709289576393 0.01217791204983232 -0.015741495021973084 0.016662356663620526 0.0097986547278644393 0.019152770805310058 0.0099222973829097161 0.0071076284360570823 0.023314445877712617 -0.0019194323314501178 -0.010314828047151201 0.00071562317644842562 0.010045163172289314 -0.0020230692138239578 -0.0093012096057158346 0.0049437228220203557
leaf_weight=437.4055687636137 77.741894841194153 56.429704815149307 115.15057496726513 164.29867416620255 10.220268726348875 346.45363974571228 432.45885471999645 939.70484621822834 13.75862644612789 824.88934640586376 704.97730033099651 690.26951861381531 649.74009022116661 16.401483803987503 54.190878763794899 68.915756151080132 16.161947622895241 137.34776635468006 99.924894213676453 155.45034565031528 172.99986031651497 196.88796634972095 45.223221898078918 613.07239705324173 48.731948897242546 440.77002075314522 186.05316640436649 192.79122495651245 281.3836242556572 57.866543710231781
leaf_count=1993 423 270 502 693 43 1508 1856 4819 58 3553 2990 2905 2767 69 240 316 74 583 420 695 765 878 191 2618 233 1913 846 853 1259 245
internal_value=0.000148769 0.00185844 0.00423548 0.000150795 0.00047204 0.00243532 0.00175929 -0.00369463 0.00654869 0.000229102 -0.000435738 0.00159642 -0.00242504 -0.00550789 0.00232539 0.00029593 0.00899386 0.0140731 0.00249343 0.00961802 0.00527821 0.0131672 0.0171366 0.000959179 0.0033282 -0.00189945 -0.00039062 0.00411548 -0.00258417 -0.00687142
internal_weight=8247.67 5711.7 2392.39 3319.31 3262.88 1735.73 1657.99 2535.97 415.33 1311.54 2847.55 1407.52 1440.03 666.142 879.08 773.893 656.651 151.106 264.224 640.489 288.15 352.338 55.4435 1352.07 739.001 1596.27 1158.86 378.844 780.02 339.25
internal_count=36578 24650 10494 14156 13886 7580 7157 11928 1754 5649 12132 5990 6142 2836 3793 3306 2914 641 1113 2840 1267 1573 234 5756 3138 7109 5116 1699 3417 1504
cat_boundaries=0 1 2 3 4 5 6 7 8 9 10
cat_threshold=1 8195 8642704 13717384 1 8164389 13714490 3705084 12796928 801188
is_linear=0
shrinkage=0.03


Tree=69
num_leaves=31
num_cat=2
split_feature=9 29 6 32 26 13 7 20 20 20 13 25 4 24 25 18 21 32 16 4 26 32 22 9 22 18 25 27 21 1
split_gain=59.5674 28.8014 18.1836 20.8465 17.0136 18.4128 16.3148 14.2548 13.3146 13.1254 12.9903 10.7118 13.5074 13.9232 9.99697 9.94919 9.73041 9.60278 9.54849 9.46608 9.69816 9.52767 9.46599 9.2867 9.13935 16.5166 9.002 11.1618 8.83974 10.7419
threshold=5.7150000000000007 -0.084999999999999951 2.5000000000000004 0.023611111111111142 -16.704999999999995 41.500000000000007 5.7750000000000012 -2.4249999999999989 1.0600000000000003 -2.8049999999999993 23.500000000000004 36.055000000000014 0 45.105000000000011 37.327000000000012 4.7250000000000005 54.660000000000004 -0.58611111111111092 4.5277777777777786 1 -37.239999999999995 -0.19999999999999998 36.777000000000008 5.0450000000000008 52.179000000000009 7.6250000000000009 31.498999999999999 6.8550000000000013 35.875000000000007 7.5000000000000009
decision_type=2 2 2 10 2 2 2 2 2 2 2 2 1 2 2 2 2 8 10 1 2 8 2 2 2 2 2 2 2 2
left_child=1 7 3 6 19 17 -2 -1 18 -7 26 16 -13 -14 -8 -12 28 23 24 20 -3 -21 -18 -6 -4 -26 -9 -28 -11 -30
right_child=2 4 8 -5 5 9 14 10 -10 11 15 12 13 -15 -16 -17 22 -19 -20 21 -22 -23 -24 -25 25 -27 27 -29 29 -31
leaf_value=0.014911619856294748 0.002126876788127043 -0.016256549665803505 0.00020078070838554419 -0.010258943255293026 0.01032231690941179 0.01297786458210283 -0.0062039948594049942 0.0081862725064441415 -0.010128069558020904 -0.0057954114659904427 -0.019505499266125697 -0.0038480109892339667 0.022854788762146323 0.0044578116375684224 0.0004826651938080497 0.0066033028749283703 -0.015785180720747055 -0.0025626767200497679 -0.024003744092867593 0.010143801861459825 0.0020874609747160971 0.002217056342096685 0.0028005961721879313 -0.0095910050251163306 0.041993644837531416 -0.00047814014732585589 -0.046370730489124157 -0.0039603905839767813 0.0057931215438972823 -0.0028112140947086834
leaf_weight=167.98115432262421 403.83287678658962 31.233602792024612 1409.9471079260111 472.64006824791431 98.459399059414864 106.63883312046528 974.91802470386028 12.017247930169104 118.35408954322338 120.97875083982944 13.389179408550261 63.636968612670898 71.005634903907776 77.364705890417099 253.56801071763039 694.09387880563736 60.992118939757347 1614.1456553936005 14.365174993872641 346.40248686075211 152.99755229055882 225.18658702075481 41.406365036964417 26.818435683846474 13.330765575170515 21.582009479403496 10.586628124117853 11.822095736861227 415.19728176295757 190.49768903851509
leaf_count=870 1685 135 6183 2371 461 527 4509 50 627 522 57 271 303 333 1153 2943 258 6978 61 1520 666 968 176 115 57 92 44 50 1758 812
internal_value=-4.87829e-05 0.00224586 -0.00288573 -0.00471072 0.00105338 4.39611e-06 -0.00310423 0.00702026 -0.000450651 0.00295378 0.00523352 0.00192701 0.00794473 0.0124247 -0.00482382 0.00610919 0.000388178 -0.00194169 0.00033426 0.00506035 -0.000969845 0.00690021 -0.00826974 0.00605944 0.000576235 0.0157389 -0.0127623 -0.0239964 0.0016082 0.00308696
internal_weight=8235.39 4552.85 3682.54 2104.96 3642.96 2887.14 1632.32 909.89 1577.58 1147.72 741.909 1041.08 212.007 148.37 1228.49 707.483 829.072 1739.42 1459.23 755.82 184.231 571.589 102.398 125.278 1444.86 34.9128 34.426 22.4087 726.674 605.695
internal_count=36555 19817 16738 9718 15803 12514 7347 4014 7020 4960 3144 4433 907 636 5662 3000 3526 7554 6393 3289 801 2488 434 576 6332 149 144 94 3092 2570
cat_boundaries=0 1 2
cat_threshold=36 33
is_linear=0
shrinkage=0.03


Tree=70
num_leaves=31
num_cat=1
split_feature=20 16 32 5 13 10 24 26 9 22 11 26 22 12 22 10 9 4 22 12 25 8 10 13 16 18 25 22 11 19
split_gain=61.7311 31.381 19.3673 18.9656 17.8411 16.1908 14.9539 15.7341 14.0153 16.2768 13.7645 13.6073 13.096 11.6246 11.375 13.8806 12.7839 11.0126 11.1614 15.1507 10.3886 10.0108 9.42684 9.87931 9.95915 9.10662 9.09555 9.25111 11.6153 10.3947
threshold=-0.50999999999999923 3.7071428571428577 -0.38492063492063483 3.5000000000000004 54.500000000000007 24.020000000000003 38.900000000000006 6.0900000000000007 7.4150000000000009 49.817 24.945000000000004 -12.379999999999999 20.375000000000004 6.8450000000000006 34.58700000000001 28.270000000000007 5.6950000000000012 0 33.939000000000007 6.7150000000000007 33.651000000000003 27.175000000000004 32.570000000000007 42.500000000000007 2.183333333333334 7.7350000000000012 37.263000000000012 23.951000000000004 40.920000000000009 4.0770000000000008
decision_type=2 8 8 2 2 2 2 2 2 2 2 2 2 2 2 2 2 1 2 2 2 2 2 2 10 2 2 2 2 2
left_child=1 3 20 4 10 26 13 -8 9 11 -1 -4 -12 -5 16 -16 -13 -7 -19 -20 -2 -6 -17 -24 -25 -11 27 29 -29 -3
right_child=2 5 8 6 21 17 7 -9 -10 25 12 14 -14 -15 15 22 -18 18 19 -21 -22 -23 23 24 -26 -27 -28 28 -30 -31
leaf_value=0.0041615734339251797 0.0106993536385947 0.0072101248194366627 -0.00026343105234114623 0.0030127633951870826 0.018673058422977094 -0.002044344621043916 0.007167694855986036 -0.018199551976618968 -0.0096094087398712058 0.018096239247239777 -0.021217878591868144 -0.0026350003301701197 -0.0026392313504757189 -0.0092889004409543591 -0.014695717146837733 0.018603208037825777 -0.0091068046782179675 0.0018386349075636245 -0.0054008464742504514 0.013106457612801478 -0.00081163737175751305 0.003277577686503328 -0.0036817150071532852 -0.0079312722089886992 0.010686211911731313 -0.013495444930751147 0.014966838326723337 0.0099101324385778705 -0.00099465803003565435 -0.0092707909470944594
leaf_weight=280.14010271430016 131.55993734300137 76.635372817516327 863.17614683508873 177.44816575944424 54.027632385492325 310.13786348700523 667.47964538633823 22.75599879026413 319.9262592792511 48.339077055454254 34.892970517277718 453.77036412060261 1597.2617598026991 113.2603944092989 59.659377545118332 25.038708403706551 696.08033591508865 438.04950687289238 48.920111462473869 213.76909019052982 152.19055490195751 128.23571042716503 272.49261024594307 34.24619397521019 105.5974133759737 9.8927305191755277 146.50755332410336 588.07245589792728 103.36126679182053 62.557662457227707
leaf_count=1171 578 325 4015 740 236 1319 2790 95 1587 218 143 2062 6722 473 277 114 3378 1859 211 933 665 528 1296 166 484 44 689 2741 469 271
internal_value=0.000328118 0.00238385 -0.00295352 0.000485051 -0.00112716 0.00532135 0.00392753 0.00633138 -0.00368828 -0.00295069 -0.00198195 -0.00331446 -0.00303641 -0.00177998 -0.00491358 -0.00112136 -0.00655281 0.00265956 0.0047035 0.00965988 0.00452539 0.0078412 0.000730222 -0.000355098 0.00612699 0.0127293 0.00807505 0.00685947 0.00827999 -0.000196909
internal_weight=8235.48 5063.51 3171.97 3075.5 2094.56 1988.01 980.944 690.236 2888.22 2568.29 1912.29 2510.06 1632.15 290.709 1646.89 497.034 1149.85 1010.88 700.739 262.689 283.75 182.263 437.375 412.336 139.844 58.2318 977.134 830.627 691.434 139.193
internal_count=36599 21715 14884 12898 8800 8817 4098 2885 13641 12054 8036 11792 6865 1213 7777 2337 5440 4322 3003 1144 1243 764 2060 1946 650 262 4495 3806 3210 596
cat_boundaries=0 1
cat_threshold=289
is_linear=0
shrinkage=0.03


Tree=71
num_leaves=31
num_cat=9
split_feature=17 23 0 5 5 13 29 25 31 21 0 16 16 32 4 0 21 19 25 24 10 29 0 0 19 16 15 0 4 14
split_gain=60.0645 30.028 20.5491 16.7888 16.7199 17.0137 19.3343 15.7006 14.5733 14.3782 12.9009 12.6967 12.2866 11.237 12.3534 10.9022 10.7676 10.517 10.5037 10.0288 11.8034 9.94102 13.332 9.85836 10.6481 14.7327 9.65794 9.42986 11.3011 12.1225
threshold=0 -33.154999999999994 1 2.5000000000000004 3.5000000000000004 50.500000000000007 -0.14499999999999999 35.719000000000015 0.38027777777777788 35.100000000000009 2 5.1055555555555561 4.0500000000000007 0.068055555555555577 3 4 57.540000000000006 6.5889999999999995 30.843000000000007 38.555000000000007 26.690000000000005 -0.05000000000000026 5 6 5.1450000000000014 4.1055555555555561 0.81666666666666676 7 8 0.23611111111111113
decision_type=1 2 1 2 2 2 2 2 8 2 1 8 8 10 1 1 2 2 2 2 2 2 1 1 2 10 10 1 1 10
left_child=3 -2 8 13 5 6 -4 9 11 -6 -11 -3 -12 14 -1 19 18 -15 -8 20 -7 -5 26 -16 -25 -26 -23 -20 -29 -30
right_child=1 2 4 21 7 15 16 -9 -10 10 12 -13 -14 17 23 -17 -18 -19 27 -21 -22 22 -24 24 25 -27 -28 28 29 -31
leaf_value=-0.0099339180502330659 0.0090973917246211303 0.0018093052217519315 0.015612621223515762 0.0020226273607200297 -0.010113930491611941 0.023355345445206094 -0.0083370923069145016 0.008467370836942505 0.0082489191442228563 0.0052196323974447699 -0.0061932388312108937 0.027029413053121305 0.009676530647764886 -0.013535559715282095 0.00097572765884300513 0.00088242082372092434 0.0051616716111012526 0.0057128585232728039 -0.00044678660673161847 0.02022254998625854 -0.020274323595908549 0.002796986813047327 -0.0062091295674212843 -0.016841480721726986 -0.0050199888205012038 0.033467713871045024 -0.025025786242738265 0.0026041921223206839 -0.0058318719853535121 -0.018956628916506114
leaf_weight=280.18012371659279 459.55165648460388 1469.9573849290609 47.939349561929703 469.44880054891109 101.14006578922272 9.2802672237157839 432.17403428256512 303.83834630250931 455.72760698199272 422.76499539613724 224.94610443711281 18.187760233879089 54.555333837866783 254.85118973255157 359.27083782851696 349.1829549074173 114.98933751881123 28.393570020794868 660.3127656430006 61.798433631658554 13.998687177896498 288.41175004839897 534.42104457318783 69.665826112031937 207.94868256151676 9.3538015037775022 11.683478713035582 109.09726123511791 314.25803165137768 79.323167309165001
leaf_count=1311 2318 6253 202 2033 444 40 1857 1287 1939 1782 955 80 234 1342 1651 1482 480 133 2818 262 59 1333 2639 348 984 40 58 472 1347 356
internal_value=3.85844e-05 0.00174118 0.00109978 -0.00381607 -0.000345601 -0.00186431 -0.00317777 0.00265833 0.0035368 0.000461425 0.00198448 0.00211754 -0.00298872 -0.0063768 -0.00477801 0.00345323 -0.00370451 -0.011606 -0.00434364 0.0124388 -0.00288115 -0.0014698 -0.00343443 -0.00235252 -0.00641188 -0.00336328 0.00165851 -0.00285965 -0.00590284 -0.00826702
internal_weight=8216.65 5703.02 5243.47 2513.63 3299.6 2192.35 1758.09 1107.24 1943.87 803.406 702.266 1488.15 279.501 1209.66 926.419 434.26 1710.15 283.245 1595.17 85.0774 23.279 1303.97 834.516 646.239 286.968 217.302 300.095 1162.99 502.678 393.581
internal_count=36539 24667 22349 11872 14077 9375 7532 4702 8272 3415 2971 6333 1189 5809 4334 1843 7330 1475 6850 361 99 6063 4030 3023 1372 1024 1391 4993 2175 1703
cat_boundaries=0 1 2 3 4 5 6 7 8 9
cat_threshold=1 4222475 3735780 259 33152 862251 2832979 11043156 258
is_linear=0
shrinkage=0.03


Tree=72
num_leaves=31
num_cat=7
split_feature=23 26 16 9 0 10 0 13 0 5 0 13 25 10 26 19 29 0 19 7 24 10 31 31 25 31 0 0 23 14
split_gain=57.5598 26.0344 25.2769 18.4276 17.6352 17.1029 16.6691 16.0558 15.8724 12.1717 11.9678 11.8129 12.2408 15.6036 12.2293 11.7922 10.6282 10.5238 12.6476 11.199 12.7387 10.6306 12.669 10.3664 10.2307 10.2113 10.8895 10.1105 10.0138 9.93719
threshold=-8.9049999999999994 2.6750000000000012 3.7071428571428577 6.035000000000001 0 17.670000000000005 1 41.500000000000007 2 4.5000000000000009 3 57.500000000000007 32.539000000000009 40.925000000000004 -8.4550000000000001 4.591000000000002 0.039999999999999598 4 5.7870000000000017 7.1250000000000009 37.895000000000003 53.885000000000012 0.27730158730158738 0.3708333333333334 36.317000000000014 0.37563492063492071 5 6 2.6649999999999996 0.2678571428571429
decision_type=2 2 8 2 1 2 1 2 1 2 1 2 2 2 2 2 2 1 2 2 2 2 8 8 2 10 1 1 2 10
left_child=1 2 4 6 24 8 16 -6 -4 17 -3 12 -8 14 -14 -10 -2 18 -5 21 -21 -19 -23 -15 -1 -7 -27 -9 -20 -12
right_child=3 10 5 9 7 25 11 27 15 -11 29 -13 13 23 -16 -17 -18 19 28 20 -22 22 -24 -25 -26 26 -28 -29 -30 -31
leaf_value=0.0030138497311317826 -0.0022857409715695423 0.0044403991152858124 0.0042079158141591745 -0.010619129188472977 -0.0030890919617925635 0.0021284270370398664 -0.002265929453954256 -0.0046286885476751827 0.0038247268224216899 0.00058585622572975915 -0.0089065831058797 0.025747959274833618 0.0070957394573450492 0.023276185898426689 -0.0027421822532552472 0.018300834219035663 -0.013257358083377522 -0.0040644433965762337 0.0018246157350464078 -0.026647282966457297 -0.0061602683867230138 -0.0080542204569716419 0.0080509883456059191 0.00028888526913354483 0.010996863516432483 0.001487036746176756 0.013551800923000051 0.0046948982191543287 -0.01288524871885071 0.0040765510492377409
leaf_weight=561.63699926435947 680.9957423210144 110.82919518649578 256.75281752645969 559.37639656662941 929.58557200431824 791.0714567899704 370.08677035570145 121.87107290327549 63.878015920519829 349.09287925064564 313.26497700810432 19.154501125216484 249.55383771657944 60.557160809636116 208.92581191658974 244.4688024520874 89.959660694003105 505.45423348248005 158.03789313137531 33.705417096614838 144.08550016582012 59.869399547576904 165.42032752931118 24.922664448618889 194.52279172837734 129.76876547932625 161.73536954820156 548.6996955126524 56.556119963526726 63.876240700483322
leaf_count=2359 3035 476 1193 2783 3915 3430 1640 509 290 1595 1325 80 1083 266 921 1189 428 2329 747 169 701 296 760 109 816 581 721 2302 293 273
internal_value=0.000169289 0.00245759 0.0032549 -0.00258222 0.00126167 0.00610537 -0.000281672 -0.000533443 0.0103358 -0.00451197 -0.00408467 0.00240584 0.00194301 0.0048066 0.00261267 0.0148213 -0.00352031 -0.00556969 -0.00813866 -0.00325579 -0.0100442 -0.00164872 0.00377113 0.016574 0.00500135 0.0038971 0.00869684 0.0030014 -0.00205216 -0.00653437
internal_weight=8227.72 4491.96 4003.99 3735.75 2356.32 1647.68 1704.16 1600.16 565.1 2031.6 487.97 933.201 914.046 543.959 458.48 308.347 770.955 1682.51 773.97 908.535 177.791 730.744 225.29 85.4798 756.16 1082.58 291.504 670.571 214.594 377.141
internal_count=36614 19379 17305 17235 9901 7404 7562 6726 2672 9673 2074 4099 4019 2379 2004 1479 3463 8078 3823 4255 870 3385 1056 375 3175 4732 1302 2811 1040 1598
cat_boundaries=0 1 2 3 4 5 6 7
cat_threshold=5251851 15126580 10268888 9442307 11882948 8474282 2228352
is_linear=0
shrinkage=0.03


Tree=73
num_leaves=31
num_cat=5
split_feature=8 29 10 0 6 0 2 0 8 19 22 0 0 22 29 25 9 29 25 11 12 23 6 20 10 29 14 10 25 9
split_gain=63.6269 28.7631 20.9703 17.0878 16.8723 16.4788 15.0876 14.8679 13.1994 12.7417 12.5952 12.2883 12.2288 11.0714 11.0262 13.1051 12.6988 10.7642 12.4938 10.1319 10.831 9.88619 12.7542 9.83508 9.43709 9.27787 9.25014 9.99397 11.9308 9.65171
threshold=31.835000000000004 1.0000000180025095e-35 21.755000000000003 0 2.5000000000000004 1 1500.0000000000002 2 55.665000000000006 4.1430000000000016 33.335000000000008 3 4 17.949000000000002 -0.029999999999999801 37.263000000000012 1.0000000180025095e-35 -0.10499999999999997 23.905000000000005 33.535000000000004 6.6450000000000005 -9.5999999999999961 5.5000000000000009 1.405 38.485000000000007 -0.19499999999999981 1.0000000180025095e-35 49.870000000000012 33.651000000000003 4.205000000000001
decision_type=2 2 2 1 2 1 2 1 2 2 2 1 1 2 2 2 2 2 2 2 2 2 2 2 2 2 10 2 2 2
left_child=2 4 11 -4 5 -2 -3 10 25 -5 21 -1 -8 -7 -13 -16 -17 18 -11 20 -15 22 -6 -14 -20 -9 -19 28 -28 -30
right_child=1 6 3 9 7 13 12 8 -10 17 -12 14 23 19 15 16 -18 26 24 -21 -22 -23 -24 -25 -26 -27 27 -29 29 -31
leaf_value=0.0113887000525414 0.0004111534228979649 0.010429379120211236 0.0048953010163802803 -0.010829393616127229 -0.0014375147051565002 -0.022843283589997342 -0.003514470698469547 0.030383052233335168 -0.0093996682387700956 -0.023906495986775009 0.0022682326504068931 0.0072928031457374556 -0.0090452519766162174 0.031223533987133862 -0.0015136181695062519 -0.018630656882762522 0.02076516500375665 0.0030796673527621349 0.01562636801443177 -0.0071318336505522984 -0.0022085025066200083 -0.0070116863911575018 0.02512403291401373 -0.030276522471700547 -0.0070935681252177162 0.0052183984320935328 -0.0099874636724555186 0.013061628659378398 0.024008417931886936 -0.0017515282369804464
leaf_weight=323.72294679284096 990.44171978533268 48.789806917309761 648.47676093876362 113.55910250544548 95.417526468634605 29.784213334321976 650.37097777426243 13.443210855126379 56.277186870574951 9.9057443886995298 496.98325690627098 536.67940200865269 595.07886438071728 8.8401633501052839 338.65191906690598 8.789352670311926 45.403252825140953 256.39568607509136 86.630725592374802 607.66758009791374 649.20380055904388 359.81423576176167 19.614677235484123 20.306797847151756 20.311592310667038 688.81626875698566 223.52788604795933 28.891052007675171 14.024899467825888 196.48725681006908
leaf_count=1495 4322 217 2810 475 390 154 3067 55 262 44 2152 2477 2811 38 1464 39 200 1107 390 2768 2917 1625 80 127 87 2936 931 119 60 826
internal_value=-0.000154169 -0.00208898 0.003463 0.0011848 -0.00082827 -0.00252 -0.00594081 0.00140663 0.00452025 -0.00138568 -0.00105924 0.00636828 -0.00657181 -0.00472763 0.00444945 0.000678296 0.0143757 -0.000119719 0.0083256 -0.00433869 -0.00175938 -0.00456415 0.00309162 -0.00959001 0.0113112 0.00570012 -0.00149158 -0.00402338 -0.00516062 -3.53297e-05
internal_weight=8182.31 5330.85 2851.46 1598.21 4016.3 2285.94 1314.55 1730.37 758.537 949.734 971.83 1253.25 1265.76 1295.5 929.524 392.845 54.1926 836.175 116.848 1265.71 658.044 474.846 115.032 615.386 106.942 702.259 719.327 462.931 434.04 210.512
internal_count=36445 23921 12524 6849 17699 10199 6222 7500 3253 4039 4247 5675 6005 5877 4180 1703 239 3564 521 5723 2955 2095 470 2938 477 2991 3043 1936 1817 886
cat_boundaries=0 1 2 3 4 5
cat_threshold=5777066 4197171 14866181 3207 6547011
is_linear=0
shrinkage=0.03


Tree=74
num_leaves=31
num_cat=10
split_feature=17 29 29 0 20 0 0 14 31 25 6 23 23 0 6 4 19 15 24 0 27 29 19 27 4 0 9 11 0 15
split_gain=50.1147 28.9766 19.7591 19.9391 18.0906 17.3183 14.8231 14.3689 14.2657 13.6269 12.3051 12.1354 11.5567 11.3823 11.356 14.9858 12.6156 11.7591 11.2391 10.6825 10.1885 10.146 10.1079 10.0546 9.73172 12.3542 13.7793 9.7095 9.70097 9.69683
threshold=0 -0.15499999999999978 1.0000000180025095e-35 1 -2.8049999999999993 2 3 0.18333333333333338 0.12011904761904764 34.699000000000005 2.5000000000000004 5.785000000000001 6.0400000000000036 4 1.5000000000000002 5 5.0990000000000011 0.10555555555555557 57.245000000000012 6 6.9250000000000007 -0.090000000000000288 5.2570000000000023 7.1450000000000005 7 8 7.035000000000001 26.945000000000004 9 0.5634920634920636
decision_type=1 2 2 1 2 1 1 10 10 2 2 2 2 1 2 1 2 8 2 1 2 2 2 2 1 1 2 2 1 8
left_child=4 23 5 9 21 14 -6 24 -8 -4 13 -12 -5 -10 15 -3 17 -16 -14 -19 -9 -1 -18 -2 25 26 -7 -26 -23 -17
right_child=1 2 3 12 6 7 8 20 10 -11 11 -13 18 -15 16 29 22 19 -20 -21 -22 28 -24 -25 27 -27 -28 -29 -30 -31
leaf_value=0.01913809735357935 0.012591002797032604 0.0085594529425566338 -0.014298346594973158 -0.00025124806206251109 0.0060134110198751265 0.016151395874006602 -0.011835332540626546 -0.0057626285929116448 0.0016681540145478855 -0.0040214172328103632 0.0045387643878697266 -0.022988462803342123 -0.011715901374735148 -0.0044162162476184645 -0.030383736660463252 -0.0023042780110891963 0.018602304997822082 0.010302898673060024 0.024122728757950657 -0.0027801933863483663 -0.00026080778123530453 0.00039089119304336209 0.0056859072534900306 -0.016771168484119903 0.0055744175643020659 -0.00026773874983312951 -0.01148609939477567 -0.0040945929200405873 0.010838764521004655 -0.015093551155016462
leaf_weight=73.307769909501076 156.29063487052917 84.316736131906509 292.64746528863907 583.37572081387043 722.89960378408432 115.038679048419 74.425101831555367 1052.795164078474 771.80251380801201 192.50735792517662 918.38922423124313 14.643392860889433 138.22661231458187 418.63742366433144 11.424933567643164 224.87342341244221 63.669581383466721 66.111686140298843 8.3511935323476774 205.11495333909988 425.30364115536213 141.61210802197456 379.7891132235527 11.251798987388609 121.46003906428814 196.75908507406712 18.903724268078804 405.61566288769245 200.18545472621918 69.953541487455368
leaf_count=407 647 367 1446 2625 3117 489 313 4852 3266 941 3886 67 762 1774 48 977 268 285 44 895 1974 709 1589 46 522 868 84 1766 1023 327
internal_value=0.000319358 -0.00163513 -0.00207957 -0.00536832 0.00314107 -0.000918274 0.00231763 -0.00237694 0.00106984 -0.0100141 0.00152718 0.00410674 -0.00211441 -0.000494597 0.00216642 -0.00202224 0.00438339 -0.000569685 -0.00967401 0.000686178 -0.00417955 0.00901069 0.00754038 0.0106191 0.000701564 0.00465377 0.0113997 -0.0018317 0.00683859 -0.00516365
internal_weight=8159.68 4823.78 4656.24 1215.11 3335.9 3441.13 2920.8 2335.88 2197.9 485.155 2123.47 933.033 729.954 1190.44 1105.25 379.144 726.11 282.652 146.578 271.227 1478.1 415.105 443.459 167.542 857.777 330.701 133.942 527.076 341.798 294.827
internal_count=36384 21822 21129 5818 14562 15311 12423 10555 9306 2387 8993 3953 3431 5040 4756 1671 3085 1228 806 1180 6826 2139 1857 693 3729 1441 573 2288 1732 1304
cat_boundaries=0 1 2 3 4 5 6 7 8 9 10
cat_threshold=12 15603844 535086 41035 6314416 24 10242 480 11599937 2806354
is_linear=0
shrinkage=0.03


Tree=75
num_leaves=31
num_cat=10
split_feature=8 29 26 13 0 16 0 0 25 0 5 0 26 0 4 23 28 16 30 22 7 18 5 21 4 13 0 0 29 19
split_gain=53.0353 22.6032 19.331 19.6505 19.0118 17.9946 17.9118 15.8403 15.7203 14.7808 13.6293 13.6243 12.6314 16.6054 12.1821 11.8214 11.7262 11.289 11.0462 10.7234 12.094 11.487 15.4252 12.2642 10.1319 10.2531 12.1251 9.81514 9.79121 9.57313
threshold=37.055000000000007 -1.0000000180025095e-35 0.1800000000000033 51.500000000000007 0 3.5277777777777781 1 2 37.039000000000009 3 5.5000000000000009 4 -12.724999999999996 5 6 -20.494999999999994 6.7730000000000006 2.9500000000000006 0.41428571428571431 31.707000000000004 6.3450000000000006 6.2750000000000012 5.5000000000000009 41.970000000000006 7 45.500000000000007 8 9 -0.095000000000000182 6.1170000000000018
decision_type=2 2 2 2 1 8 1 1 2 1 2 1 2 1 1 2 2 10 8 2 2 2 2 2 1 2 1 1 2 2
left_child=2 12 3 5 8 7 -4 -1 -3 16 29 -12 27 28 -6 -11 -5 -16 -17 24 -21 23 -23 -22 -15 -26 -27 -2 -14 -7
right_child=1 4 6 9 14 10 -8 -9 -10 15 11 -13 13 19 17 18 -18 -19 -20 20 21 22 -24 -25 25 26 -28 -29 -30 -31
leaf_value=0.0032651901057813002 0.0045651740803377442 -0.012102005916192465 -0.0080484783853182109 0.020733903969672198 0.0031702686402810035 0.0036994689549203139 0.0019401635459805082 -0.0037912958434132317 0.00061923961379742125 0.0089360148712568001 -0.0067796190036763584 0.017100486329933599 0.0078405227654486098 3.0733144674141101e-05 -0.0093871524376426124 0.0089405377505817167 0.0086638085378170845 -0.00040150609531986473 -0.0085349582961039682 0.0021737186464374247 -0.014499195230471395 -0.0090390858106354811 0.01300402592406422 0.018426426597842199 -0.014232718620526857 0.0073322934159281662 -0.012605429056292503 -0.0014355015458175305 -0.0006385908422776572 -0.016600542455131123
leaf_weight=502.29434990882874 520.24230632185936 486.81386411190033 274.02252145111561 111.21009229123592 236.61690407991409 1428.2201609909534 370.84649366140366 639.9998315423727 106.564891025424 151.68090479075909 24.939577892422676 108.67494685947895 160.48645350337029 112.80607178807259 262.54411536455154 47.852271214127541 207.79270891845226 241.65802584588528 101.82060575485229 310.31107406318188 14.701742693781851 357.78632502257824 31.050756305456161 33.114821434020996 243.17380240559578 49.168556019663811 42.0749391913414 452.73435448110104 518.76153327524662 21.218195766210556
leaf_count=2103 2306 2452 1168 491 1123 6335 1585 2669 523 705 109 493 666 530 1291 198 919 1096 420 1313 77 1654 137 166 1153 220 191 2003 2296 94
internal_value=-0.000116838 -0.00247818 0.00235696 0.00327365 -0.00570018 0.00217673 -0.00239901 -0.000692994 -0.00965469 0.00809262 0.00424745 0.0134156 -0.000967936 -0.00240816 -0.00237038 0.00293625 0.0124804 -0.00498164 -0.00294783 -0.00451637 -0.00235449 -0.0055725 -0.00727882 0.00830307 -0.00822818 -0.0106952 -0.00243947 0.00180517 0.00134498 0.0034023
internal_weight=8171.18 4180.61 3990.57 3345.7 1334.2 2725.35 644.869 1142.29 593.379 620.357 1583.05 133.615 2846.41 1873.44 740.819 301.354 319.003 504.202 149.673 1194.19 746.965 436.654 388.837 47.8166 447.223 334.417 91.2435 972.977 679.248 1449.44
internal_count=36486 19197 17289 14536 6485 11803 2753 4772 2975 2733 7031 602 12712 8403 3510 1323 1410 2387 618 5441 3347 2034 1791 243 2094 1564 411 4309 2962 6429
cat_boundaries=0 1 2 3 4 5 6 7 8 9 10
cat_threshold=13572484 452889 14215434 1682234 9175304 207918 296 272 13636176 9967573
is_linear=0
shrinkage=0.03


Tree=76
num_leaves=31
num_cat=9
split_feature=7 20 13 29 0 29 19 0 4 0 0 0 22 26 15 4 26 12 0 19 31 23 21 0 7 26 31 20 25 29
split_gain=52.5469 23.3772 21.4424 19.1309 18.5626 18.3525 19.0357 17.0971 16.3117 17.967 15.9756 13.8263 12.4519 11.8035 11.2973 11.1267 11.1247 11.0162 11.0273 11.0709 10.9786 10.8085 11.2117 11.1035 16.5661 10.6961 10.5536 10.4241 20.8911 11.2929
threshold=5.7950000000000008 1.1700000000000006 53.500000000000007 -0.090000000000000288 0 -0.010000000000000229 4.591000000000002 1 2 3 4 5 38.439000000000014 -16.089999999999996 0.47222222222222227 6 1.0000000180025095e-35 6.8550000000000013 7 4.4290000000000012 0.33123015873015882 -34.92499999999999 62.650000000000013 8 5.6750000000000007 5.1450000000000005 0.47777777777777786 -1.9499999999999997 35.561000000000007 -0.10499999999999997
decision_type=2 2 2 2 1 2 2 1 1 1 1 1 2 2 10 1 2 2 1 2 8 2 2 1 2 2 10 2 2 2
left_child=2 3 5 10 12 6 11 20 9 13 -2 -1 -4 -5 17 -9 26 18 19 -10 -7 -8 23 27 -25 -20 -17 28 29 -23
right_child=1 -3 4 8 -6 7 21 15 14 -11 -12 -13 -14 -15 -16 16 -18 -19 25 -21 -22 22 -24 24 -26 -27 -28 -29 -30 -31
leaf_value=-0.0077950003545739222 -0.0021644351340747801 -0.01153765509834374 -0.0029908527439670538 0.008778887097114791 0.010651998362153454 -0.001071085331166823 0.011078060545506677 -0.0013652635953530043 -0.014380800579176217 0.0074787525091565303 0.0082815251479812328 0.0012649140536098817 0.027189207901021015 -0.0091583681724416686 -0.0060785816765992172 -0.0051260661558417053 -0.020251393074581254 0.0026127228663760434 -0.0059035159255928513 0.0013731606111731347 0.0076716229601106242 0.0090861197759539835 0.023750247740131448 0.0022626350987944204 -0.011325873193393165 -0.024578254861761937 -0.037466731286503553 0.0086052079166062615 0.01452722412519763 -0.0093163144262036843
leaf_weight=215.17537373304367 258.24965953826904 258.49222362041473 174.01345053315163 43.157911732792854 416.15815107524395 331.17788133025169 182.45625756680965 425.48080734908581 44.784603238105774 244.20285804569721 255.84087134897709 460.56448477506638 13.239937514066694 140.51709465682507 1247.6184083968401 249.33262974023819 64.248551353812218 335.20614646375179 424.52218733727932 387.63297797739506 212.03385171294212 39.388236999511719 24.054078727960587 940.36692655086517 88.330346554517746 29.522722274065018 9.4245124608278257 477.65266820788383 70.903219968080521 126.07916098833084
leaf_count=917 1094 1457 754 200 1825 1409 973 1808 211 1100 1068 1960 59 672 5961 1056 273 1506 1951 1704 908 189 102 4014 367 141 40 1980 328 566
internal_value=-0.000172454 -0.00283939 0.00199277 -0.00218027 0.00725702 0.00118174 0.00262229 -0.00174572 -0.00312664 0.00226796 0.00315306 -0.00171666 -0.000813498 -0.00468842 -0.00405419 -0.00464988 -0.00880563 -0.00201998 -0.00377179 -0.000252603 0.00229916 0.00412648 0.00340858 0.00312782 0.00108529 -0.00696439 -0.00630399 0.00597166 0.000902481 -0.00493576
internal_weight=8189.83 3669.75 4520.08 3411.26 603.412 3916.67 2624.97 1291.7 2897.16 427.878 514.091 675.74 187.253 183.675 2469.29 748.487 323.006 1221.67 886.462 432.418 543.212 1949.23 1766.77 1742.72 1028.7 454.045 258.757 714.023 236.371 165.467
internal_count=36593 17065 19528 15608 2638 16890 11396 5494 13446 1972 2162 2877 813 872 11474 3177 1369 5513 4007 1915 2317 8519 7546 7444 4381 2092 1096 3063 1083 755
cat_boundaries=0 1 2 3 4 5 6 7 8 9
cat_threshold=6483972 10511119 8 3313812 3724105 2523913 398 5964587 618823
is_linear=0
shrinkage=0.03


Tree=77
num_leaves=31
num_cat=10
split_feature=16 5 13 23 29 20 8 0 0 0 26 18 15 31 0 19 0 30 4 25 29 0 22 26 19 0 8 23 4 0
split_gain=45.5335 27.9142 24.5395 18.5575 18.3573 17.6414 16.5392 17.059 16.3362 14.8934 13.8616 16.1069 15.1031 13.1523 12.0897 12.2271 11.4074 11.4072 11.5749 10.7837 10.2936 9.97066 12.6959 9.86275 14.3234 20.5484 10.292 9.83795 9.77005 9.72045
threshold=3.7071428571428577 4.5000000000000009 50.500000000000007 -36.169999999999995 -0.15999999999999967 0.020000000000000021 19.600000000000005 0 1 2 -5.8499999999999988 6.5750000000000011 0.2678571428571429 0.13166666666666671 3 3.9830000000000005 4 0.5634920634920636 5 33.939000000000014 0.034999999999999705 6 37.443000000000012 -15.474999999999998 4.737000000000001 7 24.215000000000003 5.0249999999999995 8 9
decision_type=10 2 2 2 2 2 2 1 1 1 2 2 8 10 1 2 1 10 1 2 2 1 2 2 2 1 2 2 1 1
left_child=1 2 4 -2 16 23 -3 19 17 -7 11 12 27 -4 15 -14 -1 18 -5 -8 -9 22 -15 24 25 -6 -27 -11 -23 -26
right_child=3 6 13 8 5 9 7 20 -10 10 -12 -13 14 21 -16 -17 -18 -19 -20 -21 -22 28 -24 -25 29 26 -28 -29 -30 -31
leaf_value=-0.0024467880774396728 0.012088297118447189 0.024501854639831878 -0.016826040647737073 0.0088057812795538856 0.0057049740695002717 -0.011990731562496044 -0.0098314381865665761 0.0061848610747302791 0.00020380276380561188 0.0057844231574843766 -0.0090579381879761448 -0.011413112572729155 -0.012697971487740165 0.0045525269474418354 -0.0053056288209988468 0.0094447919211595958 0.015952680518231385 0.0092978878371725426 -0.00070451743726791826 0.0024912888818068202 -0.0043898175307178315 0.0081355299068920743 0.020750996781819055 -0.0034440153887285866 0.0067802155097311731 0.0042781019183697781 -0.024578562175974605 0.042286632552117356 -0.0015734001007844489 -0.001036045814101454
leaf_weight=54.869820103049278 203.28824703395367 31.23512701690197 30.152821555733681 165.30905827879906 56.990786835551262 348.15896981954575 143.85396461188793 614.08319936692715 1163.2162241786718 13.634645238518717 345.73981533944607 107.13597600162029 26.621390551328659 163.23135067522526 173.82052503526211 143.03078623116016 60.924701288342476 414.87667281925678 338.11290085315704 115.01589857041836 95.766580834984779 114.33645915985107 59.391531318426132 2176.7025560587645 265.41838766634464 13.54377034306526 62.253509178757668 12.963160857558249 365.98878784477711 298.7846911996603
leaf_count=231 1121 141 136 722 238 1887 647 2639 5044 61 1760 527 135 704 887 706 257 1850 1474 514 429 495 254 9344 1128 56 260 63 1586 1291
internal_value=-0.000158341 -0.00155209 -0.00248537 0.00343683 -0.00337711 -0.00371428 0.00301532 0.00232252 0.00259189 -0.00681785 -0.00442986 -0.00116961 0.00179591 0.00257558 0.000109397 0.00563789 0.00840037 0.0055542 0.00257931 -0.00419442 0.00469212 0.00340781 0.00849249 -0.00244949 0.000656395 -0.00820841 -0.0171586 0.0235748 0.000856497 0.00274277
internal_weight=8178.45 5893.65 4893.69 2284.8 4160.59 4044.8 999.955 968.72 2081.51 1171.11 822.946 477.206 370.071 733.101 343.473 169.652 115.795 918.299 503.422 258.87 709.85 702.948 222.623 2873.69 696.991 132.788 75.7973 26.5978 480.325 564.203
internal_count=36587 26376 22006 10211 18831 18343 4370 4229 9090 6026 4139 2379 1852 3175 1728 841 488 4046 2196 1161 3068 3039 958 12317 2973 554 316 124 2081 2419
cat_boundaries=0 1 2 3 4 5 6 7 8 9 10
cat_threshold=10948944 3241539 13799552 91729 804457 336 4768267 1721502 264 10823469
is_linear=0
shrinkage=0.03


Tree=78
num_leaves=31
num_cat=5
split_feature=20 16 0 20 10 29 25 16 19 0 0 6 0 31 26 25 6 20 18 7 29 0 29 25 16 15 20 7 10 16
split_gain=45.3434 22.001 17.5492 16.212 16.1353 14.1075 12.4811 13.5685 12.4349 11.7394 11.3466 12.1475 11.1335 16.3361 10.9583 10.6878 15.5137 11.6376 12.307 10.6366 10.5573 10.0337 10.6879 10.2895 9.97451 9.60724 9.55688 9.3663 9.21926 13.1727
threshold=-0.40999999999999986 3.7071428571428577 0 1.0600000000000003 24.020000000000003 0.039999999999999598 31.391000000000002 3.8819444444444451 4.1990000000000016 1 2 1.5000000000000002 3 0.30615079365079373 5.7300000000000013 36.317000000000014 3.5000000000000004 -0.50999999999999923 5.3850000000000007 4.7750000000000012 -0.05000000000000026 4 0.010000000000000233 36.779000000000011 4.2678571428571432 0.38750000000000007 -3.5649999999999991 4.8550000000000013 46.690000000000005 3.5277777777777781
decision_type=2 10 1 2 2 2 2 10 2 1 1 2 1 10 2 2 2 2 2 2 2 1 2 2 8 8 2 2 2 8
left_child=1 2 5 21 10 15 7 -6 -7 -5 11 26 13 20 -4 16 17 18 -1 -17 -9 -2 -23 24 -24 -25 -3 -10 29 -16
right_child=3 4 14 9 6 8 -8 12 27 -11 -12 -13 -14 -15 28 19 -18 -19 -20 -21 -22 22 23 25 -26 -27 -28 -29 -30 -31
leaf_value=-0.031003922097194634 -0.0049112196470314012 0.033150777179781925 -0.0012682975876580067 -0.0028367547192681042 -0.017392131004789337 -0.03772294118418814 0.0036635029266324031 -0.0036134806241912192 0.0095067336001462277 -0.014770297703979219 0.0043983143715689513 0.017710115328012411 0.0049785135159844084 0.0030809026277328617 -0.0014981614777391989 0.019974766164298267 0.0098993242069823507 -0.012799474445188846 0.0016905891974959848 0.0057780535587410543 -0.030294686961793243 0.00035748801353964916 -0.0069513839257423589 0.023144741257821157 -0.038968422545119147 -0.0017555076982969874 0.0038314251910136353 -0.0074296491004192874 -0.029402628242687471 -0.030737408035586462
leaf_weight=10.505631998181341 845.80077789723873 10.764153555035589 1709.9644146710634 160.35113815963268 52.911394640803337 10.145856782793997 718.80359162390232 22.348337799310684 38.251081451773643 163.18245631456375 638.92380408942699 160.80946315824986 136.70100255310535 59.499077081680298 74.545955508947372 57.445779487490654 184.32780213654041 57.051131546497345 758.20616579055786 274.26126505434513 33.13819408416748 1313.3498090803623 285.07068081200123 18.774310693144798 9.0348845869302732 54.219586908817291 142.01354457437992 126.8312304764986 20.037343457341194 17.036100372672081
leaf_count=43 4039 63 7213 857 222 42 3086 94 162 965 2965 768 590 258 316 258 772 244 3184 1138 138 5964 1404 87 42 269 658 538 90 71
internal_value=-2.39797e-05 0.00161319 0.000128238 -0.00307711 0.00412223 0.00250248 0.00150683 -0.00358257 -0.00548656 -0.00939995 0.00693229 0.0115855 -0.000679427 -0.00721168 -0.00185262 0.00356444 0.00203011 0.000273535 0.00124377 0.00823667 -0.0195483 -0.00226735 -0.000902045 -0.00543277 -0.00793494 0.00464893 0.00589716 -0.00350533 -0.0109701 -0.00693725
internal_weight=8164.31 5314.52 3338.61 2849.78 1975.91 1517.03 1023.4 304.598 175.228 323.534 952.511 313.587 251.687 114.986 1821.58 1341.8 1010.09 825.763 768.712 331.707 55.4865 2526.25 1680.45 367.099 294.106 72.9939 152.778 165.082 111.619 91.5821
internal_count=36540 22913 14071 13627 8842 6381 4388 1302 742 1822 4454 1489 1080 490 7690 5639 4243 3471 3227 1396 232 11805 7766 1802 1446 356 721 700 477 387
cat_boundaries=0 1 2 3 4 5
cat_threshold=13641019 2960915 204035 15619393 10834178
is_linear=0
shrinkage=0.03


Tree=79
num_leaves=31
num_cat=8
split_feature=17 32 29 5 0 0 13 4 16 0 12 13 29 15 25 6 0 7 8 32 10 10 7 31 14 0 21 0 24 13
split_gain=44.3361 20.0101 17.0554 17.1272 19.4993 17.8875 14.8554 14.4072 13.7234 13.5781 11.9296 11.8662 13.5092 11.1394 10.9589 10.6451 15.4031 10.6156 10.5409 9.9784 9.53929 14.0948 10.2332 9.42446 10.3217 12.68 9.25204 9.20919 9.13978 9.12151
threshold=0 -0.5619047619047618 -0.084999999999999951 4.5000000000000009 1 2 58.500000000000007 3 2.4365079365079372 4 6.8650000000000011 42.500000000000007 -0.15499999999999978 0.10555555555555557 33.827000000000012 1.5000000000000002 5 3.4450000000000007 14.350000000000001 1.0000000180025095e-35 40.390000000000008 52.410000000000004 5.8250000000000011 0.2956746031746032 0.23611111111111113 6 59.390000000000008 7 40.040000000000006 53.500000000000007
decision_type=1 8 2 2 1 1 2 1 8 1 2 2 2 8 2 2 1 2 2 8 2 2 2 10 8 1 2 1 2 2
left_child=11 20 9 5 13 7 8 -4 26 17 -9 12 -1 -5 27 -14 -17 -3 -11 -12 -2 22 -22 24 25 -13 -7 -10 -19 -20
right_child=1 2 3 4 -6 6 -8 10 14 18 19 23 15 -15 -16 16 -18 28 29 -21 21 -23 -24 -25 -26 -27 -28 -29 -30 -31
leaf_value=0.010182113567202795 0.0086877910966611342 -0.022000433626875697 0.0038833626725515023 -0.020727277190387583 0.0079082778591207676 -0.01573635911627954 0.014120570577088619 -0.0036525961762537132 -0.0016321989039418262 0.020010051054977353 0.012853051981328001 0.0099879620573080675 -0.0090361566293831602 -0.00048497292475066099 -0.00017573456146233223 0.0020509151937123183 -0.0061754759683895766 0.0040221420383946037 -0.0012467010031991801 -0.019843591924982057 -0.018192770623048311 0.026421492287216193 0.01238556796944058 0.00085980988177621553 -0.014604181334977087 -0.0076667708542190642 0.015119647798139277 -0.0074137452356915212 0.013118202787117124 0.0098375300494714882
leaf_weight=49.489666238427162 408.22072619199753 10.121233835816382 857.84852935373783 27.595561653375626 422.37165622413158 108.81868003308773 44.798017412424088 550.56350533664227 482.1876126229763 25.354814946651459 68.773675799369812 48.599670961499214 563.30058996379375 215.82151366770267 838.83629728853703 283.98930355906487 715.44880691170692 177.85858544707298 496.77288337051868 9.5691726654767972 38.826239317655563 11.381163462996481 13.197998255491255 663.82363702356815 83.607479810714722 88.182828694581985 9.5101602226495725 547.69970117509365 225.43095636367798 77.202910304069519
leaf_count=207 1938 56 3708 121 1808 505 194 2381 2080 136 293 232 2820 921 3614 1330 3432 763 2124 42 167 48 54 3036 427 429 41 2361 981 334
internal_value=-0.000380228 0.00108761 0.000552598 -0.000292882 0.00411943 -0.00112778 -0.00294902 0.0013718 -0.00334869 0.00404591 -0.00206121 -0.00370283 -0.00524939 -0.0026701 -0.00272132 -0.00573808 -0.00387922 0.008148 0.00106266 0.00885933 0.00700629 -0.00381962 -0.0104354 -0.000924789 -0.00630007 -0.00122424 -0.0132564 -0.00479469 0.00910666 0.000244189
internal_weight=8165.2 5668.76 5197.14 4184.39 665.789 3518.61 2031.85 1486.75 1987.05 1012.74 628.906 2496.44 1612.23 243.417 1868.72 1562.74 999.438 413.411 599.331 78.3428 471.626 63.4054 52.0242 884.214 220.39 136.782 118.329 1029.89 403.29 573.976
internal_count=36583 24670 22463 18069 2850 15219 8795 6424 8601 4394 2716 11913 7789 1042 8055 7582 4762 1800 2594 335 2207 269 221 4124 1088 661 546 4441 1744 2458
cat_boundaries=0 1 2 3 4 5 6 7 8
cat_threshold=1 481624 4525387 346 4418179 2111655 1781896 10518704
is_linear=0
shrinkage=0.03


Tree=80
num_leaves=31
num_cat=6
split_feature=17 20 22 13 29 0 0 26 0 0 30 19 5 28 12 22 25 12 25 24 32 9 15 8 30 0 9 25 24 5
split_gain=43.5949 22.6749 17.905 15.741 14.9244 15.3098 13.5759 14.2392 13.1138 12.3497 11.6347 11.245 12.3728 10.5634 10.5587 10.2451 10.9921 12.1947 10.152 9.80589 10.0803 9.58561 13.1 9.56764 14.2243 11.0527 9.46514 9.9307 9.54765 9.34263
threshold=0 -2.484999999999999 29.559000000000001 40.500000000000007 -0.010000000000000229 1 2 0.1800000000000033 3 4 0.35416666666666669 5.3690000000000007 5.5000000000000009 6.9770000000000012 6.7350000000000012 36.097000000000001 36.599000000000011 6.7650000000000006 34.233000000000011 42.82500000000001 -0.76944444444444426 6.0550000000000006 0.47222222222222227 32.865000000000002 0.43650793650793657 5 5.4850000000000012 34.341000000000015 39.355000000000011 3.5000000000000004
decision_type=1 2 2 2 2 1 1 2 1 1 8 2 2 2 2 2 2 2 2 2 10 2 10 2 10 1 2 2 2 2
left_child=3 8 6 9 23 26 7 -3 10 -1 -2 -11 15 -12 -14 16 17 -13 -10 -8 -21 -22 -23 -4 25 -25 27 -6 -29 -5
right_child=1 2 4 29 5 -7 19 -9 18 11 13 12 14 -15 -16 -17 -18 -19 -20 20 21 22 -24 24 -26 -27 -28 28 -30 -31
leaf_value=-0.0017528395927888353 -0.02759793271454301 0.0030865423548175181 0.006505423591096216 -0.0022947205155845678 -0.0050526143960048387 -0.0042992908009776539 -0.0056751444842292158 -0.0068217790381791829 0.0060443763043180722 -0.01213486730079579 0.0048840580381801241 -0.026995587942083146 0.036993605720337545 -0.012882875703419387 0.001271958332387477 -0.0076804084816604517 0.028958232327688724 0.0092755497577271112 0.015386277372077277 -0.033893729003287736 0.0021380926517126694 -0.00052411403311060378 -0.024673354762829391 -0.015686519298858503 0.0035008816502464508 0.0012638324150675043 0.0085783751959089133 0.035595022256069246 0.0040934263282433447 0.0038045136264024263
leaf_weight=582.71757937967777 11.857852727174757 819.27809073030949 806.43647556006908 721.87710796296597 153.74285925924778 476.92270505428314 675.76670667529106 155.27477638423443 241.8126387745142 311.97985763847828 248.91062107682228 12.073632329702376 10.784794867038725 34.26337705552578 24.063812449574471 438.28290325403214 14.110684812068937 26.994579777121544 184.63353200256824 7.8864635378122321 432.84392121434212 60.642368927598 30.326525449752808 56.449811145663261 895.07383219897747 76.592120632529259 186.90007188916206 9.6631212234497053 83.341267585754395 329.05912894010544
leaf_count=2689 55 3491 3496 3428 642 2035 2938 659 1212 1645 1221 62 52 161 112 2112 69 135 942 34 1846 268 142 239 3712 323 800 41 349 1503
internal_value=0.00015936 0.00161294 0.000888455 -0.00315596 0.0025008 -0.000638958 -0.00113999 0.00149254 0.00658296 -0.0052275 0.00146552 -0.00753206 -0.00494678 0.0027343 0.0123269 -0.00617162 0.0062633 -0.00193368 0.00985787 -0.00325016 -0.000229231 0.000277618 -0.00857481 0.00405921 0.00214044 -0.00701229 0.00340722 -0.000371607 0.00736643 -0.000384987
internal_weight=8120.56 5648.62 4927.14 2471.94 2745.12 910.57 2182.02 974.553 721.478 1421.01 295.032 838.29 526.31 283.174 34.8486 491.462 53.1789 39.0682 426.446 1207.47 531.699 523.813 90.9689 1834.55 1028.12 133.042 433.647 246.747 93.0044 1050.94
internal_count=36413 24606 21015 11807 11637 3867 9378 4150 3591 6876 1437 4187 2542 1382 164 2378 266 197 2154 5228 2290 2256 410 7770 4274 562 1832 1032 390 4931
cat_boundaries=0 1 2 3 4 5 6
cat_threshold=1 10602255 92539 11256464 2695742 11031092
is_linear=0
shrinkage=0.03


Tree=81
num_leaves=31
num_cat=9
split_feature=29 7 20 0 7 22 0 0 11 5 5 0 0 11 5 0 0 1 23 28 29 25 0 4 5 18 13 25 16 26
split_gain=37.24 22.3171 20.9608 15.5177 15.1357 14.7839 12.2976 12.2572 12.4058 12.15 11.9277 13.262 11.393 11.3889 12.0844 13.8024 13.3813 10.2241 10.9409 12.7957 10.067 9.93917 9.9943 10.7593 10.8255 10.7275 9.48734 9.4702 10.8329 10.3426
threshold=-0.010000000000000229 4.9350000000000014 0.020000000000000021 0 7.6750000000000007 24.251000000000005 1 2 16.740000000000006 4.5000000000000009 3.5000000000000004 3 4 33.155000000000008 2.5000000000000004 5 6 9.5000000000000018 -1.0699999999999965 6.7940000000000014 -0.13000000000000031 31.645000000000007 7 8 5.5000000000000009 7.5650000000000004 53.500000000000007 39.005000000000017 1.9500000000000002 -16.424999999999994
decision_type=2 2 2 1 2 2 1 1 2 2 2 1 1 2 2 1 1 2 2 2 2 2 1 1 2 2 2 2 10 2
left_child=1 5 3 26 13 6 -1 8 -7 17 12 -12 -4 20 15 -15 -16 18 -5 -20 -3 -22 27 25 -25 -24 -2 28 -23 -30
right_child=2 4 10 9 -6 7 -8 -9 -10 -11 11 -13 -14 14 16 -17 -18 -19 19 -21 21 22 23 24 -26 -27 -28 -29 29 -31
leaf_value=0.0081884021275812433 0.00026549989854839496 0.008812686342843665 -0.017297471059837422 -0.0048847214916773124 -0.016394447764288479 0.023102810883355307 -0.005242369747260443 0.0027417407128676775 0.0076516044798238059 0.0024275902070813576 0.0083391641497252266 -0.0068308716898138576 -0.0064657786957383395 0.00078195124768877262 0.0048809707516034601 -0.0070310673263294047 -0.0021222654497142853 -0.011760426226258757 0.032697255281326588 -0.00099879855294853674 -0.0019090676284546737 0.031774364750063483 0.0050682756116284967 -0.0058118972491388518 0.015741868877693965 -0.017389451863228978 0.010239398421833228 -0.0049971174303584326 0.012523817584792877 0.0028314249237141129
leaf_weight=74.65399369597435 961.18636241555214 175.09521321952343 137.41615873575211 625.54510276019573 49.344386503100395 50.976023405790329 216.97477686405182 643.68676626682281 566.43082217872143 212.25230203568935 72.045184314250946 132.16086006164551 342.67310927808285 338.75258761644363 421.1681672334671 508.9182210713625 562.1658072322607 188.51658163964748 15.309528663754461 30.052396312355995 586.4534215182066 16.314213961362839 349.69045750796795 258.71072328090668 22.822281882166862 20.251527547836304 94.249991565942764 59.288078010082245 169.10816392302513 239.29551519453526
leaf_count=318 4164 730 792 2681 248 248 919 2948 2684 916 372 680 1832 1473 1815 2276 2443 874 70 142 2566 74 1540 1136 96 86 410 257 728 1029
internal_value=-0.00011719 0.00135637 -0.00291089 -0.00144166 0.000111786 0.00438412 -0.00170321 0.00579183 0.00878504 -0.00396313 -0.00747795 -0.00140493 -0.0100611 0.000330263 -0.00135751 -0.00398249 0.00090532 -0.00558757 -0.00385307 0.0103735 0.0019593 0.00126241 0.00290041 0.000416992 -0.00392523 0.00373785 0.00114531 0.00610829 0.00780236 0.00684476
internal_weight=8141.51 5330.1 2811.41 2127.11 3777.38 1552.72 291.629 1261.09 617.407 1071.68 684.295 204.206 480.089 3728.03 1831 847.671 983.334 859.424 670.907 45.3619 1897.03 1721.93 1135.48 651.475 281.533 369.942 1055.44 484.006 424.718 408.404
internal_count=36547 23614 12933 9257 16497 7117 1237 5880 2932 4683 3676 1052 2624 16249 8007 3749 4258 3767 2893 212 8242 7512 4946 2858 1232 1626 4574 2088 1831 1757
cat_boundaries=0 1 2 3 4 5 6 7 8 9
cat_threshold=2207563 78050 5543471 3517056 10786944 8460335 6106688 2781278 346
is_linear=0
shrinkage=0.03


Tree=82
num_leaves=31
num_cat=7
split_feature=14 13 0 7 6 31 23 9 0 0 22 5 0 7 11 19 7 16 0 22 0 32 19 0 31 10 12 32 23 31
split_gain=39.7241 20.1457 22.3688 16.8373 13.6193 13.5507 13.1225 12.9809 19.8368 12.8603 17.304 12.7462 15.3494 12.1688 11.9927 11.4936 11.4813 10.8744 10.8172 10.5095 9.95395 9.48121 9.45411 9.38174 9.97988 11.2022 10.7608 9.33534 10.8215 9.02093
threshold=0.18333333333333338 49.500000000000007 0 4.6750000000000007 1.5000000000000002 0.24650793650793654 -43.119999999999997 7.4150000000000009 1 2 16.001000000000005 2.5000000000000004 3 7.535000000000001 39.715000000000011 5.4310000000000018 3.0650000000000004 2.7638888888888893 4 52.777000000000008 5 0.068055555555555577 5.091000000000002 6 0.50027777777777793 55.190000000000005 6.7750000000000012 -0.16904761904761903 -30.124999999999993 0.41115079365079371
decision_type=8 2 1 2 2 10 2 2 1 1 2 2 1 2 2 2 2 10 1 2 1 10 2 1 10 2 2 8 2 10
left_child=1 2 6 29 16 20 -1 11 13 14 -11 12 15 -9 -3 18 -4 -12 -5 23 22 -18 -6 24 -13 26 -26 -8 -29 -2
right_child=3 9 4 7 5 -7 27 8 -10 10 17 19 -14 -15 -16 -17 21 -19 -20 -21 -22 -23 -24 -25 25 -27 -28 28 -30 -31
leaf_value=0.029037158515378757 0.0025839103482139286 0.0042326424586467942 0.022822655628987689 0.0079917108325955385 0.0070234918216563573 0.0061403377375725317 -0.0016337966286909184 0.0083939583544191641 -0.012151415263706647 -0.028244635441647965 0.038824647126916176 -0.0041447882983191228 -0.0068185161288302808 -0.017717180712029119 -0.0096183708466156155 0.0030619177868869709 -0.00036141804632087673 0.0089513828122284676 -0.0055102691398148515 0.023374821770891611 -0.0050350814179257871 -0.01636780345799305 -0.014434795853303511 0.0014081828236953806 -0.015068625231334728 0.038334116628210506 0.012514376909186579 -0.044113958326273496 -0.007615196892791669 0.016810296057929924
leaf_weight=11.317215606570242 283.40473675727844 259.07566784322262 18.487980082631111 52.884794175624847 166.27731192111969 1071.6508129090071 622.89129200577736 86.104374527931213 254.4211535602808 11.128781810402868 11.176460489630697 659.39426416158676 781.83080281317234 19.74751216173172 71.86528268456459 362.75041390955448 712.98972509801388 584.81396019458771 433.92775246500969 16.914371952414513 195.52253413200378 34.937833473086357 20.789113536477089 1063.7424585819244 19.390003055334091 9.447863429784773 37.055937901139259 7.5817866027355185 204.65913510322571 46.729144677519798
leaf_count=63 1233 1146 102 236 728 4734 2726 392 1290 49 49 2976 3642 101 318 1653 3133 2589 1998 73 847 164 92 4730 88 43 166 33 926 213
internal_value=0.000164409 0.0022929 0.00111623 -0.00190087 0.00269232 0.00441003 -0.00301482 -0.0024658 -0.00788348 0.00614016 0.00867659 -0.00189796 -0.00382005 0.00321865 0.00118891 -0.000968972 -0.000531824 0.00951159 -0.00399251 -0.000161648 -0.000436662 -0.00110912 0.00440339 -0.000384173 -0.0029911 0.0080998 0.00303921 -0.00348527 -0.00891903 0.0045976
internal_weight=8132.91 4005.16 3067.1 4127.75 2220.66 1454.24 846.449 3797.61 360.273 938.06 607.119 3437.34 1631.39 105.852 330.941 849.563 766.416 595.99 486.813 1805.94 382.589 747.928 187.066 1789.03 725.288 65.8938 56.4459 835.132 212.241 330.134
internal_count=36533 17699 13548 18834 9800 6401 3748 17388 1783 4151 2687 15605 7529 493 1464 3887 3399 2638 2234 8076 1667 3297 820 8003 3273 297 254 3685 959 1446
cat_boundaries=0 1 2 3 4 5 6 7
cat_threshold=8818952 598059 7095365 12607070 4194312 1123558 12735253
is_linear=0
shrinkage=0.03


Tree=83
num_leaves=31
num_cat=10
split_feature=20 16 8 26 0 0 12 32 6 26 0 0 10 5 11 26 0 0 8 0 19 0 8 32 21 0 11 8 23 0
split_gain=33.7241 21.7064 15.2829 13.1375 13.4877 13.0641 13.0116 12.8246 16.091 12.5671 25.1272 12.0754 15.1731 9.77971 12.2195 11.6118 11.9754 11.4454 10.8763 10.6781 9.90705 13.5219 13.6473 12.4932 13.893 13.8258 11.6122 10.3661 9.57176 9.53548
threshold=-0.39499999999999996 3.7071428571428577 9.3400000000000016 0.1800000000000033 0 1 6.785000000000001 0.051785714285714303 1.5000000000000002 -4.6049999999999995 2 3 43.765000000000008 3.5000000000000004 30.465000000000003 -11.504999999999999 4 5 19.600000000000005 6 5.0270000000000019 7 48.745000000000012 -0.11111111111111112 50.885000000000012 8 26.535000000000004 40.375000000000007 -5.3499999999999988 9
decision_type=2 8 2 2 1 1 2 10 2 2 1 1 2 2 2 2 1 1 2 1 2 1 2 10 2 1 2 2 2 1
left_child=1 5 -3 4 -4 6 28 9 -9 11 -11 12 -2 14 20 19 -17 18 -15 -16 23 -22 27 25 -25 26 -7 -23 -1 -5
right_child=7 2 3 29 -6 13 -8 8 -10 10 -12 -13 -14 17 15 16 -18 -19 -20 -21 21 22 -24 24 -26 -27 -28 -29 -30 -31
leaf_value=0.0015886692657052978 0.0021173273019521491 0.016272069168737548 0.0071034008455811565 0.0035027337864299525 0.0016245075794722149 -0.010348725993667799 0.0087413367974913184 -0.011876304351139483 -0.002742515809551148 -0.01120984830725639 0.00023224047303921729 0.0030001410821170397 -0.0073828142223508674 0.017512893618751666 -0.00063608231777719936 0.00079983003217666538 -0.0058196547073956131 0.004430547801388714 -0.0037181492375240599 -0.014325351679155624 0.0094788071423968327 0.00071373409344481953 0.023496828406245368 0.010527636519703206 -0.01596726317258958 0.0011571685109063288 -0.036601595763619182 -0.014761563312760228 -0.015873508472104687 -0.0070224893413762682
leaf_weight=238.22792983055115 294.73376877605915 86.176125913858414 821.71742571890354 132.57790200412273 826.9977803081274 35.034975811839104 280.51903633773327 265.40495307743549 501.78405806422234 287.60659398138523 419.78117410838604 714.51098363101482 310.92172405123711 23.143913060426712 88.573762610554695 504.00537982583046 471.68529807031155 534.02664987742901 351.99553851783276 148.88081154227257 195.23951478302479 129.60384957492352 17.894750729203224 74.678290829062462 23.391344115138054 62.538268178701401 26.734900638461113 55.698743060231209 32.052301540970802 164.56440584361553
leaf_count=1004 1342 469 3721 569 3645 145 1186 1436 2519 1408 1952 3296 1506 103 376 2145 2004 2233 1478 631 831 540 80 309 99 260 111 242 135 717
internal_value=7.02882e-05 0.00147074 0.00390915 0.00336164 0.00440812 -3.35329e-05 0.00414015 -0.00259855 -0.0059023 -0.00134848 -0.00457502 0.000380411 -0.00271488 -0.00088345 -0.00214788 -0.00389966 -0.00245172 0.00165743 -0.00234579 -0.00984914 0.00127529 0.00410654 -0.00145043 -0.00379749 0.00420813 -0.0101133 -0.0186862 -0.00393787 -0.000482155 -0.00244484
internal_weight=8120.7 5325.96 2032.03 1945.86 1648.72 3293.93 550.799 2794.74 767.189 2027.55 707.388 1320.17 605.655 2743.13 1833.96 1213.15 975.691 909.166 375.139 237.455 620.815 398.437 203.197 222.378 98.0696 124.308 61.7699 185.303 270.28 297.142
internal_count=36492 23033 9121 8652 7366 13912 2325 13459 3955 9504 3360 6144 2848 11587 7773 5156 4149 3814 1581 1007 2617 1693 862 924 408 516 256 782 1139 1286
cat_boundaries=0 1 2 3 4 5 6 7 8 9 10
cat_threshold=3239463 8451 12899216 11864908 14781120 2347028 2675724 8672856 11093204 15881664
is_linear=0
shrinkage=0.03


Tree=84
num_leaves=31
num_cat=8
split_feature=29 13 11 2 16 14 20 0 22 0 0 1 11 18 0 0 29 0 18 0 11 25 0 13 25 20 15 30 19 22
split_gain=30.0087 19.7481 16.6411 16.5253 15.2535 15.0464 14.8952 14.6894 14.9001 12.5041 12.3999 11.6514 11.2166 11.1364 11.0015 10.7751 9.7453 9.69216 10.5717 9.37197 10.9861 12.1465 9.33097 10.646 10.5501 10.2197 9.20182 9.20136 8.96345 12.9615
threshold=-0.039999999999999584 50.500000000000007 32.815000000000005 1500.0000000000002 3.1055555555555561 1.0000000180025095e-35 -3.024999999999999 0 33.781000000000013 1 2 6.5000000000000009 39.515000000000008 5.9650000000000007 3 4 0.06000000000000006 5 6.2350000000000012 6 28.955000000000002 38.795000000000009 7 30.500000000000004 32.237000000000016 -2.484999999999999 0.61250000000000016 0.38750000000000007 5.5510000000000019 38.805000000000007
decision_type=2 2 2 2 10 8 2 1 2 1 1 2 2 2 1 1 2 1 2 1 2 2 1 2 2 2 8 8 2 2
left_child=1 2 6 16 14 22 -1 -6 -9 -3 -7 12 -11 -13 28 -15 -2 18 -14 20 -8 26 24 25 -5 -24 -22 -27 -4 -30
right_child=3 9 4 5 7 10 19 8 -10 11 -12 13 17 15 -16 -17 -18 -19 -20 -21 21 -23 23 -25 -26 27 -28 -29 29 -31
leaf_value=0.01699993286871539 0.01228248265990416 0.00097162172595163711 -0.0051166698867829256 -0.011070789554156479 0.0054364439091711585 -0.00089247978383156297 0.0076803669864428199 -0.0063208715777913213 0.0041293546631759005 0.016513809797474948 -0.0046445654449701543 -0.010553154530103297 -0.0075292474266340659 0.014978261044994228 -0.0080901284110774935 0.00061777621691411276 -0.011924882138006474 -0.010440597642118857 0.033345136148503783 0.00017058373803056855 0.00053877169173086753 -0.018352256822603556 0.0086673435740137524 0.0065134041910621309 0.0018720962872039943 0.011605489080258786 0.020039741906473913 -0.014830883259043103 0.02362107416792188 0.00074007274304261901
leaf_weight=66.040869101881981 109.29656881093979 280.51722578704357 169.54109551012516 93.040870293974876 407.93561267852783 1484.1750202775002 475.32150347530842 308.37810723483562 204.04386211931705 214.05076977610588 1734.5698622316122 37.927283763885498 9.4723208993673342 77.951134592294693 366.17382638156414 114.94732230901718 17.342134103178978 25.667018115520477 14.280496791005133 809.26534566283226 241.71017108857632 28.380710139870644 39.75036609172821 390.49878418445587 145.04098297655582 14.512582764029501 23.933622628450394 64.566974326968193 27.391984343528748 119.43083909153938
leaf_count=378 484 1243 760 409 1791 6769 2062 1352 901 956 8109 164 40 340 1628 496 78 113 64 3552 1046 125 204 1718 639 62 107 275 122 524
internal_value=0.000107907 0.00194811 0.000921359 -0.00170063 -0.00125394 -0.00204126 0.00304143 0.00126628 -0.0021183 0.00625162 -0.00293167 0.00904541 0.0135396 0.00430754 -0.00465229 0.00722942 0.00896748 0.00065724 0.011995 0.00245747 0.00479844 0.000302696 0.00179331 0.00404146 -0.00305748 -0.00374173 0.00229574 -0.00997931 -0.000404672 0.00500886
internal_weight=8115.16 4022.36 3247.55 4092.79 1602.9 3966.16 1644.65 920.358 512.422 774.814 3218.74 494.296 263.471 230.826 682.538 192.898 126.639 49.4198 23.7528 1578.61 769.346 294.025 747.411 509.329 238.082 118.83 265.644 79.0796 316.364 146.823
internal_count=36511 17764 14348 18747 7078 18185 7270 4044 2253 3416 14878 2173 1173 1000 3034 836 562 217 104 6892 3340 1278 3307 2259 1048 541 1153 337 1406 646
cat_boundaries=0 1 2 3 4 5 6 7 8
cat_threshold=8727238 10500421 64619 13111739 4423698 1311410 5788733 15123456
is_linear=0
shrinkage=0.03


Tree=85
num_leaves=31
num_cat=0
split_feature=29 9 20 9 29 19 24 25 26 20 11 10 29 16 13 25 18 11 23 28 29 26 10 11 19 28 9 13 14 9
split_gain=32.0995 29.0608 16.6321 15.8673 13.7524 12.5572 12.1646 11.2027 14.0026 10.7696 10.2625 11.5352 11.9792 9.5651 16.2292 11.3043 9.52814 9.25705 12.1515 12.6022 12.2296 9.3158 11.0337 9.69789 9.12811 8.87786 8.53019 8.40667 8.38244 8.8596
threshold=0.029999999999999808 6.5050000000000008 -2.6249999999999987 4.7950000000000008 -0.13000000000000031 5.4310000000000018 45.170000000000009 31.551000000000005 0.1800000000000033 -0.40999999999999986 38.475000000000009 12.435 -0.055000000000000153 3.3166666666666669 47.500000000000007 33.119000000000014 7.2550000000000008 30.405000000000005 -0.34999999999999959 6.971000000000001 -1.0000000180025095e-35 -21.724999999999994 10.890000000000002 26.275000000000002 5.1890000000000009 6.9650000000000007 7.4150000000000009 22.500000000000004 0.5634920634920636 7.0550000000000006
decision_type=2 2 2 2 2 2 2 2 2 2 2 2 2 10 2 2 2 2 2 2 2 2 2 2 2 2 2 2 8 2
left_child=1 2 10 16 -4 6 28 8 27 17 11 12 -1 -8 15 -15 24 18 19 20 -9 -22 -23 -24 -2 -13 -3 -6 29 -5
right_child=3 26 4 5 7 -7 13 9 -10 -11 -12 25 -14 14 -16 -17 -18 -19 -20 -21 21 22 23 -25 -26 -27 -28 -29 -30 -31
leaf_value=0.025947953782019622 0.0036096725136452725 -0.0016800703949697278 0.006841996721513254 -0.013018199515560753 -0.016598498596297181 -0.0025091252348550088 -0.0090182294899542343 0.0083986253940080413 -0.0067286895766717212 -0.0010562401979439342 -0.0006348312643766114 0.007291335881528643 0.0084077618543773117 -0.01008373849415564 -0.025454067612945417 0.025937996602892251 0.02233413354397136 0.0015684839686333153 0.037645235099239019 -0.0079164480445586514 -0.016530671212460091 -0.024649881399594228 -0.013380236551220637 0.015840720977060126 -0.0078637001437950535 -0.011136236012990517 -0.0067813834225616014 0.00056041986081850409 0.012139566929781452 -0.03021605885962449
leaf_weight=61.995072960853577 176.68751205503941 1125.7310185432434 353.75115174055099 268.62326721847057 26.308150574564934 294.01906713843346 89.872987881302834 508.61249016225338 346.61893700063229 912.67672675848007 124.64644058048725 212.91121055185795 80.606624975800514 10.760675400495527 10.710988789796827 28.894667834043503 17.594023853540421 1627.7966963499784 10.57815560698509 59.679045438766479 31.789268538355827 10.688154250383375 13.555008977651594 41.569803595542908 96.489249557256699 26.453022912144661 399.77591754496098 1106.6551131904125 10.816513717174528 29.966757476329803
leaf_count=359 772 5239 1517 1275 112 1391 438 2158 1510 4250 620 1091 424 48 46 128 80 6861 44 253 133 45 57 174 430 132 1916 4808 59 167
internal_value=-7.02292e-05 0.000650776 0.00165765 -0.00500669 0.00113783 -0.00733 -0.0104823 0.000708178 -0.00145229 0.00170185 0.00683966 0.0092788 0.0160332 -0.00315298 0.0073129 0.0161633 0.000935337 0.00279427 0.00574389 0.00523712 0.00653203 -0.00319494 0.00324654 0.00865538 -0.000442858 0.00525484 -0.00301693 0.000161979 -0.0138044 -0.0147442
internal_weight=8116.83 7082.4 5556.89 1034.44 5050.28 743.665 449.646 4696.53 1479.58 3216.95 506.612 381.966 142.602 140.239 50.3663 39.6553 290.771 2304.27 676.472 665.894 606.215 97.6022 65.813 55.1248 273.177 239.364 1525.51 1132.96 309.407 298.59
internal_count=36537 31703 24548 4834 21922 3552 2161 20405 6430 13975 2626 2006 783 660 222 176 1282 9725 2864 2820 2567 409 276 231 1202 1223 7155 4920 1501 1442
is_linear=0
shrinkage=0.03


Tree=86
num_leaves=31
num_cat=3
split_feature=17 29 4 22 23 5 30 11 5 22 13 11 4 11 31 32 19 5 10 13 25 24 13 19 26 12 9 5 9 25
split_gain=31.9867 18.4868 16.5972 14.0598 13.6458 13.3799 13.0267 10.3857 10.355 9.92925 11.8063 9.88681 9.81999 11.8355 11.054 9.61542 10.2153 8.88886 8.6497 14.9832 10.6462 8.25909 8.22944 10.031 8.21923 8.21853 8.21797 8.18867 8.54286 8.12143
threshold=0 -0.07499999999999972 1 34.82500000000001 -36.169999999999995 4.5000000000000009 0.43650793650793657 26.685000000000006 2.5000000000000004 37.257000000000012 34.500000000000007 24.015000000000004 2 43.695000000000007 0.21126984126984127 0.10555555555555558 5.4310000000000018 4.5000000000000009 24.020000000000003 48.500000000000007 32.141000000000012 37.895000000000003 53.500000000000007 3.6110000000000007 -2.7399999999999998 6.6450000000000005 6.4150000000000009 2.5000000000000004 5.6650000000000009 33.683000000000014
decision_type=1 2 1 2 2 2 8 2 2 2 2 2 1 2 8 8 2 2 2 2 2 2 2 2 2 2 2 2 2 2
left_child=8 4 3 11 -2 15 7 -5 12 -8 17 -3 14 -14 -1 29 -17 -11 19 25 -21 -20 23 -6 -24 -13 27 28 -12 -4
right_child=1 2 5 6 22 -7 9 -9 -10 10 26 18 13 -15 -16 16 -18 -19 21 20 -22 -23 24 -25 -26 -27 -28 -29 -30 -31
leaf_value=-0.015219651003653753 0.017733333734566838 0.0067385677285730812 -0.0038347038116923861 0.02024159682139199 -0.016032803590889273 0.0039189397220205308 0.013227316761039144 -0.015413690406609989 -0.00082687083756888681 -0.0079302189365849981 0.0057313033804108817 -0.017532986959479368 -0.0064340594468721138 -0.020862266823697878 -0.0013519621633501732 -0.015104969959909502 0.0089993999438333343 0.020853996666504542 -0.0072093771094382591 0.00039142397564357305 0.020301244590449245 -0.00023701870579074014 0.013156319037561473 0.003226426415453996 -0.0015151962390746356 0.0014550150736177354 0.022683075937090073 0.012967031626600251 -0.014576988587148077 0.00031043254812898044
leaf_weight=56.115337610244751 66.007274985313416 223.82318730652332 900.25707964599133 9.1180812865495664 24.878623798489571 357.02164614200592 196.42926962673664 37.96828493475914 1306.6345009058714 80.053550779819489 63.177540957927704 21.870816931128502 396.690598718822 58.746541365981102 662.12607683986425 92.304334968328476 19.09732860326767 10.979955807328222 199.71361182630062 37.637289837002754 67.55885374546051 652.34268820285797 141.61095350980759 1122.825013205409 45.377636060118675 331.00975409150124 31.328894346952438 79.453719645738602 26.445878982543945 806.49421082437038
leaf_count=307 393 975 3908 40 107 1541 856 165 6158 349 281 95 1944 296 3220 435 87 49 871 166 304 2820 630 4857 197 1446 133 348 113 3502
internal_value=0.000180118 0.00142729 0.000443522 0.00236058 0.00441829 -0.00138437 0.00655981 -0.00850919 -0.00265331 0.00801418 0.00450054 0.000911528 -0.00470925 -0.00811692 -0.00240199 -0.00243337 -0.0109728 -0.00445843 -8.39638e-05 0.00324056 0.0131779 -0.00187127 0.00375979 0.00280895 0.00959589 0.000278177 0.00857012 0.00595508 -0.000261222 -0.001876
internal_weight=8125.1 5644.79 4244.09 2068.91 1400.7 2175.17 534.955 47.0864 2480.31 487.869 291.44 1533.96 1173.68 455.437 718.241 1818.15 111.402 91.0335 1310.13 458.077 105.196 852.056 1334.69 1147.7 186.989 352.881 200.406 169.077 89.6234 1706.75
internal_count=36593 24668 18484 9011 6184 9473 2334 205 11925 2129 1273 6677 5767 2240 3527 7932 522 398 5702 2011 470 3691 5791 4964 827 1541 875 742 394 7410
cat_boundaries=0 1 2 3
cat_threshold=1 458 188
is_linear=0
shrinkage=0.03


Tree=87
num_leaves=31
num_cat=3
split_feature=29 0 8 29 5 0 0 1 26 14 2 29 24 11 31 15 18 9 9 24 21 26 18 1 9 10 14 9 32 31
split_gain=26.9166 21.1877 17.6629 13.8225 12.9979 17.0249 13.8207 13.2645 12.3623 12.2845 12.2257 13.661 11.3218 11.0395 13.1339 10.6413 10.0876 9.98805 10.5084 9.79655 9.79324 9.68389 9.67693 11.374 9.61254 9.82108 9.47604 9.38293 9.19349 8.97218
threshold=-1.0000000180025095e-35 0 21.355000000000004 -0.18000000000000013 2.5000000000000004 1 2 7.5000000000000009 -22.614999999999995 0.18333333333333338 1500.0000000000002 0.050000000000000273 63.215000000000011 24.665000000000003 0.45690476190476192 0.5277777777777779 4.7250000000000005 7.745000000000001 5.4350000000000014 25.210000000000004 35.100000000000009 3.5600000000000009 6.9250000000000007 7.5000000000000009 6.5250000000000012 43.765000000000008 0.41428571428571431 4.205000000000001 -0.077777777777777793 0.52452380952380961
decision_type=2 1 2 2 2 1 1 2 2 10 2 2 2 2 10 10 2 2 2 2 2 2 2 2 2 2 10 2 10 10
left_child=2 9 13 28 5 7 12 26 -8 17 11 15 19 -1 22 -3 -10 18 -2 -6 -12 -20 23 -15 -22 -26 29 -16 -4 -5
right_child=1 10 3 4 6 -7 8 -9 16 -11 20 -13 -14 14 27 -17 -18 -19 21 -21 24 -23 -24 -25 25 -27 -28 -29 -30 -31
leaf_value=0.01360980523085957 0.0006860124157478597 0.029610582290886558 0.015345980027247389 0.0033936230529388483 -0.013029331088581203 -0.0037805224103728882 0.0068503450324436874 -0.0026316617224858311 -0.021776492684694049 -0.0086869247644056468 -0.0090208119765936498 -0.0097660060365877405 -0.01339196505603726 0.0030626219736759885 0.037288268791947576 -0.0050494036871360113 -0.00064355292403038837 0.029915779536543178 -0.0060215256290843105 0.005885204340508687 0.0016130567157421984 -0.027856208065711197 0.01153941022930665 -0.0092686701972894345 -0.02324838213460393 -0.0031215990053172038 0.031384373943172776 0.003770155945050483 -0.0027120790380224407 0.031813394004225337
leaf_weight=122.20831786096096 292.35471329092979 34.452576637268066 89.602485194802284 536.40574266016483 25.409234374761581 1288.1750465780497 209.01683086156845 406.74093537032604 20.60647951066494 611.92407166212797 117.72353875637054 17.34283335506916 30.153391510248184 400.46862557530403 17.458253353834156 10.372375085949896 1507.7779249995947 8.5028456002473813 169.60104440152645 819.10054689645767 851.92218907177448 20.489455237984657 93.442603752017021 80.922150284051895 24.07902866601944 232.56896632909775 11.548216983675955 13.199720367789267 35.397303014993668 10.187558233737944
leaf_count=610 1257 150 385 2333 111 5754 915 1808 104 3029 586 78 130 1879 95 47 6581 42 778 3531 3769 98 510 377 115 1150 53 67 149 44
internal_value=-9.903e-05 -0.00277166 0.00101873 0.000381996 0.000128911 -0.0015407 0.00156905 0.0014735 7.30552e-06 -0.00579835 -0.000134877 0.0128429 0.00461836 0.00538505 0.00372502 0.0215904 -0.000928478 -0.00231611 -0.00288418 0.00531611 -0.000793895 -0.00837504 0.00270464 0.000989723 7.97544e-05 -0.00500992 0.0044915 0.0228571 0.0102323 0.00392332
internal_weight=8109.16 2391.33 5717.82 4990.12 4865.12 2253.06 2612.06 964.882 1737.4 1102.87 1288.46 62.1678 874.663 727.7 605.491 44.825 1528.38 490.948 482.445 844.51 1226.29 190.09 574.833 481.391 1108.57 256.648 558.142 30.658 125 546.593
internal_count=36535 11099 25436 21898 21364 9992 11372 4238 7600 5204 5895 275 3772 3538 2928 197 6685 2175 2133 3642 5620 876 2766 2256 5034 1265 2430 162 534 2377
cat_boundaries=0 1 2 3
cat_threshold=14555312 12720159 1846346
is_linear=0
shrinkage=0.03


Tree=88
num_leaves=31
num_cat=4
split_feature=13 16 10 18 20 0 0 0 32 29 0 24 20 12 28 29 29 21 24 29 14 28 13 18 8 20 6 30 7 18
split_gain=35.1217 25.1221 17.9838 20.8898 15.8137 15.3489 15.0019 13.926 11.9247 13.3488 11.4786 14.8523 12.0746 11.2418 10.9721 10.9389 9.15822 12.039 9.08991 13.2825 8.72415 10.6113 8.52912 8.40106 8.30625 8.11263 8.05284 14.6135 13.5752 13.3518
threshold=47.500000000000007 3.5277777777777781 22.650000000000002 5.9250000000000007 0.99500000000000022 0 1 2 -0.36904761904761896 -0.10999999999999986 3 36.775000000000013 0.90499999999999992 6.785000000000001 7.0810000000000004 0.034999999999999705 0.020000000000000021 56.565000000000005 39.835000000000008 -0.010000000000000229 0.10555555555555557 6.955000000000001 60.500000000000007 7.285000000000001 31.005000000000006 -0.44499999999999978 2.5000000000000004 0.81666666666666676 6.2350000000000012 7.4150000000000009
decision_type=2 8 2 2 2 1 1 1 10 2 1 2 2 2 2 2 2 2 2 2 8 2 2 2 2 2 2 8 2 2
left_child=1 4 -2 7 10 -5 18 -4 9 -8 11 -1 13 -12 23 22 -7 -18 19 20 21 -3 -9 -15 -22 -11 -13 29 -29 -28
right_child=2 6 3 5 -6 16 8 15 -10 25 12 26 -14 14 -16 -17 17 -19 -20 -21 24 -23 -24 -25 -26 -27 27 28 -30 -31
leaf_value=-0.010230975618865452 0.0083902900787857435 0.0094623520956674256 -0.013415431090866124 0.007347548104485231 -0.0098929399784792715 0.0016194021219063037 0.015096748438867876 0.00011138286490840073 -0.004475864076421531 0.0016190849200943254 -0.0034026126720419691 -0.0047481198449070101 0.01858234660556712 0.00079260665005794753 -0.013110462034081337 -0.027362913282765654 -0.015254517321502474 0.018293610475896834 0.0057714592334496924 -0.0071100548948078972 0.0072988590951062879 -0.013595027341708787 0.029603433342504742 0.0090851747388000087 -0.01417532174833086 -0.010083385924038952 0.00030343456756667372 -0.0022198438256390996 0.039446036750330281 -0.014145034719055949
leaf_weight=293.14729395508766 465.66485878825188 183.24503195285797 108.34990644454956 501.49660861492157 264.34037914872169 592.95203267037868 60.477398619055748 174.76878264546394 541.71302004158497 425.01633091270924 908.9249901175499 843.68603636324406 28.810023903846741 832.43957591056824 46.003228440880775 12.535019949078558 59.229982420802116 11.4955608099699 692.18025344610214 146.51454943418503 27.647006630897522 19.915890365839005 9.2948137521743757 126.68355448544025 39.19170568883419 60.962139874696732 532.87127211689949 12.766067624092104 15.683797091245649 64.533640950918198
leaf_count=1355 2150 823 485 2179 1532 2581 289 774 2359 1904 4028 3929 147 3633 194 59 268 51 3102 644 126 90 40 545 167 283 2380 53 71 284
internal_value=-0.000272774 -0.00137939 0.00325254 0.00162514 -0.0028038 0.00345463 0.0011946 -0.00536512 -0.00130962 0.00180517 -0.00229808 -0.0040424 -0.000691163 -0.000984876 0.00120146 -0.000234126 0.00039633 -0.00980168 0.00363153 0.000162496 0.00410893 0.00720203 0.00160067 0.00188791 -0.00529279 0.000151103 -0.0028354 -0.000256951 0.0207497 -0.00125734
internal_weight=8102.54 6166.75 1935.79 1470.12 3969.89 1165.17 2196.86 304.949 1088.17 546.456 3705.55 1762.69 1942.86 1914.05 1005.13 196.599 663.678 70.7255 1108.69 416.514 270 203.161 184.064 959.123 66.8387 485.978 1469.54 625.855 28.4499 597.405
internal_count=36525 27938 8587 6437 18151 5079 9787 1358 4835 2476 16619 8072 8547 8400 4372 873 2900 319 4952 1850 1206 913 814 4178 293 2187 6717 2788 124 2664
cat_boundaries=0 1 2 3 4
cat_threshold=575386 3236079 7750660 10212544
is_linear=0
shrinkage=0.03


Tree=89
num_leaves=31
num_cat=6
split_feature=10 13 0 29 0 0 29 31 17 11 16 22 29 1 0 18 31 11 8 6 6 0 25 6 8 28 32 24 11 6
split_gain=30.7715 19.7695 19.9737 18.5139 24.5545 15.2584 15.319 16.144 12.3805 12.9089 10.5829 10.5225 10.3657 10.1057 12.8244 9.95839 9.93671 10.4812 9.63674 9.41618 9.35929 9.49471 9.21933 8.99436 11.4309 8.91766 11.8883 10.5133 12.3016 9.68795
threshold=30.655000000000005 41.500000000000007 0 -1.0000000180025095e-35 1 2 -0.1400000000000001 0.26449735449735456 3 45.975000000000001 3.6458333333333335 45.030000000000008 0.034999999999999705 9.5000000000000018 4 5.8450000000000006 0.52452380952380961 23.105 47.350000000000001 3.5000000000000004 1.5000000000000002 5 33.683000000000014 4.5000000000000009 35.980000000000011 6.6830000000000007 -0.30992063492063487 45.170000000000009 33.975000000000001 2.5000000000000004
decision_type=2 2 1 2 1 1 2 8 1 2 8 2 2 2 1 2 8 2 2 2 2 1 2 2 2 2 10 2 2 2
left_child=1 2 10 5 12 6 7 -2 9 -4 -1 20 18 -3 -15 -14 17 -10 23 -19 21 -8 -17 -5 -25 26 27 28 -7 -28
right_child=3 13 8 4 -6 25 11 -9 16 -11 -12 -13 15 14 -16 22 -18 19 -20 -21 -22 -23 -24 24 -26 -27 29 -29 -30 -31
leaf_value=0.00050649721125198602 -0.0093255798698479078 0.0061424226164427491 0.00083518856332139078 0.0047783003205748662 -0.0075372119812907945 0.02555112805149103 0.0027655595408175716 0.020397173082854769 0.0047226837615414238 -0.016110288676726842 0.0068006825015944957 -0.0054229384982680245 -0.017186523976081985 0.0085520872584670931 -0.0090435077448772772 -0.0079810779568713405 0.017601783340753695 -0.014544324746903394 -0.0030580786625449118 0.00022826108039110233 0.0043819819912234307 -0.0049369956560252294 0.0042732900977220899 -0.0024504768918529431 0.034841832558810321 -0.0026190462287844483 -7.724491225794329e-06 -0.033316762486718735 -0.020785037619595659 0.021411180339439423
leaf_weight=518.94524109363556 21.250949040055275 1142.8873334079981 586.62093542516232 207.73639047145844 850.30152039974928 10.683824539184576 307.27474737167358 72.748359233140945 41.730028331279755 43.456994101405144 447.94481027126312 189.03171208500862 44.593749977648258 51.879827305674553 85.958924621343613 106.89150919020176 13.065391838550566 192.35446827113628 130.33307361602783 48.656225308775902 734.84832125902176 254.40789420902729 114.37576724588871 11.396881803870199 21.080344974994659 1737.1623208671808 32.619083046913147 10.82197669148445 9.9674629569053632 45.538624435663223
leaf_count=2238 90 5141 2579 927 4168 45 1365 308 188 187 2075 826 231 232 381 497 59 879 657 212 3214 1161 520 48 93 7753 145 46 42 194
internal_value=3.58161e-05 0.00233843 0.000390697 -0.00145151 -0.00424725 -0.000238428 0.00192048 0.0136776 -0.00274572 -0.000328344 0.00338746 0.00118948 0.000262757 0.00521696 -0.00245652 -0.0042532 -0.0077157 -0.0091585 0.00350997 -0.011562 0.00215356 -0.000761886 -0.00164664 0.00707361 0.0217552 -0.00208406 0.00620299 -0.00936489 0.00318671 0.012472
internal_weight=8086.56 3173.5 1892.77 4913.06 1486.71 3426.36 1579.56 93.9993 925.884 630.078 966.89 1485.56 636.408 1280.73 137.839 265.861 295.806 282.741 370.547 241.011 1296.53 561.683 221.267 240.214 32.4772 1846.79 109.631 31.4733 20.6513 78.1577
internal_count=36501 14171 8417 22330 7141 15189 6964 398 4104 2766 4313 6566 2973 5754 613 1248 1338 1279 1725 1091 5740 2526 1017 1068 141 8225 472 133 87 339
cat_boundaries=0 1 2 3 4 5 6
cat_threshold=7409231 583435 5781683 12 1592920 6147
is_linear=0
shrinkage=0.03


Tree=90
num_leaves=31
num_cat=1
split_feature=9 4 26 5 10 22 20 9 14 22 24 26 11 16 26 7 20 26 25 22 15 12 9 1 19 5 1 5 28 8
split_gain=28.4247 14.0767 13.2268 11.3886 15.6719 11.3471 10.5502 9.27433 9.17557 10.3188 10.0714 9.19435 9.63691 9.15073 9.07086 8.98975 8.81256 8.75288 11.9437 9.26656 9.8455 9.72669 8.72837 9.92481 10.0527 8.76236 8.34619 9.32345 11.9746 11.7477
threshold=6.5050000000000008 0 -16.704999999999995 2.5000000000000004 47.565000000000005 24.927000000000003 -0.34500000000000014 1.0000000180025095e-35 0.35416666666666669 37.159000000000013 35.730000000000011 8.2550000000000043 49.005000000000003 4.6458333333333348 -38.919999999999995 3.2350000000000008 -0.31499999999999989 -32.199999999999989 41.921000000000014 32.675000000000004 0.13392857142857145 6.8450000000000006 6.3950000000000005 6.5000000000000009 3.7070000000000003 2.5000000000000004 10.500000000000002 4.5000000000000009 6.9070000000000009 49.845000000000006
decision_type=2 1 2 2 2 2 2 2 8 2 2 2 2 8 2 2 2 2 2 2 8 2 2 2 2 2 2 2 2 2
left_child=1 8 5 4 -2 7 13 -3 11 10 -10 14 -13 22 -1 -7 -8 18 -6 -19 -21 -22 23 24 25 -4 27 29 -29 -5
right_child=3 2 6 26 17 15 16 -9 9 -11 -12 12 -14 -15 -16 -17 -18 19 -20 20 21 -23 -24 -25 -26 -27 -28 28 -30 -31
leaf_value=-0.015182883651671066 -0.01448379898365564 0.023356862277322199 -0.030630860927400007 0.0017697651603562404 0.021506748035479535 0.029979015634604766 -0.017223355291961361 -0.0039346061927992447 0.0086583672438755154 0.001548398116081127 -0.019225594748075871 -0.026212958753141235 0.00013207501482308349 0.0077222808349576505 -7.531401497677262e-05 0.0056207454404507071 -0.0014562045029055518 -0.010075345357018456 -0.019340614786969485 0.022257864939373002 -0.0060585641260856287 0.0043712421842092937 0.011900447689227446 -0.0012880619668650432 0.0028402212657526447 0.0010765219205027615 -0.0049846034400400068 0.011680864079823449 -0.0036308809504179544 -0.0091386004320850069
leaf_weight=36.833727449178696 161.71684050559998 11.980858087539671 15.242821708321573 273.62885811924934 24.78058910369873 13.86024586856365 33.066654607653618 173.39343526959419 13.706791132688521 53.224073305726051 77.993364080786705 26.135917350649834 23.945241019129753 207.35800747573376 1236.908112436533 844.02203665673733 906.95392026007175 205.08006875962019 8.7058384418487531 14.213701531291006 288.55826306343079 111.59607766568661 66.6099763661623 1082.2794230431318 1468.8793620020151 16.160378485918045 349.31974119693041 127.33402022719383 71.937762096524239 131.58108061552048
leaf_count=163 789 53 63 1247 119 83 142 770 65 244 371 117 105 1002 5457 3737 4347 1049 40 61 1398 528 284 4628 6348 67 1649 578 322 658
internal_value=-0.000156581 0.00078569 0.00156486 -0.00351792 -0.00612289 0.0045599 0.000745975 -0.00217074 -0.00178037 -0.00895901 -0.0150577 -0.00100794 -0.0136166 0.00165318 -0.000512191 0.00601429 -0.00201084 -0.00405209 0.0108872 -0.00485968 -0.00227833 -0.00314987 0.00117814 0.000901584 0.00248116 -0.0143139 -0.00129299 0.000840333 0.00615327 -0.00177243
internal_weight=8077.01 6308.55 4839.81 1768.45 814.651 1043.26 3796.55 185.374 1468.75 144.924 91.7002 1323.82 50.0812 2856.53 1273.74 857.882 940.021 652.935 33.4864 619.448 414.368 400.154 2649.17 2582.56 1500.28 31.4032 953.801 604.482 199.272 405.21
internal_count=36484 28046 21524 8438 3984 4643 16881 823 6522 680 436 5842 222 12392 5620 3820 4489 3195 159 3036 1987 1926 11390 11106 6478 130 4454 2805 900 1905
cat_boundaries=0 1
cat_threshold=33
is_linear=0
shrinkage=0.03


Tree=91
num_leaves=31
num_cat=2
split_feature=29 7 19 32 10 13 9 5 7 21 5 32 13 32 4 23 31 29 9 31 12 26 18 7 4 26 21 28 7 31
split_gain=30.89 18.6711 17.812 16.1778 11.328 13.0215 12.6799 10.8434 12.4268 10.5506 9.36787 9.09029 10.9971 11.9836 12.2614 11.31 10.6489 10.4765 9.8723 8.70312 8.6119 8.59855 8.49373 8.44999 8.50995 8.32267 9.4853 8.31487 8.23606 10.7366
threshold=-1.0000000180025095e-35 4.9350000000000014 5.4150000000000018 0.12599206349206352 21.755000000000003 24.500000000000004 5.3250000000000011 4.5000000000000009 7.5550000000000006 42.745000000000012 3.5000000000000004 1.0000000180025095e-35 42.500000000000007 -0.39444444444444432 0 -12.02 0.50722222222222235 -0.1350000000000002 6.3050000000000006 0.32011904761904769 6.9850000000000012 -24.449999999999996 7.0550000000000006 5.1150000000000011 1 -15.759999999999998 60.800000000000004 6.9770000000000012 6.5750000000000011 0.34674603174603186
decision_type=2 2 2 10 2 2 2 2 2 2 2 10 2 10 1 2 10 2 2 8 2 2 2 2 1 2 2 2 2 8
left_child=1 2 4 28 5 -1 21 8 11 19 27 12 13 14 15 -3 17 18 -13 -8 -12 -6 -5 24 -14 26 -15 -4 -2 -30
right_child=3 7 10 22 6 -7 9 -9 -10 -11 20 16 23 25 -16 -17 -18 -19 -20 -21 -22 -23 -24 -25 -26 -27 -28 -29 29 -31
leaf_value=-0.0043088842475122388 -0.0013250662830408654 0.002420924476157629 0.0074582006241609025 -0.013151540498645144 0.0081592213423369933 0.006964476165922797 0.001601518498834769 0.003339596441618963 -0.013141388048920746 0.012483231629898001 0.02028239976853774 -0.0012937916309476306 -0.012529073499757381 0.00024402463954350132 -0.00075615767326086755 0.020538476856860714 -0.022846545472573795 -0.0040147947091919182 0.031575410895175786 -0.029539642731539771 -0.00070102114489955093 -0.00442805661301019 0.0045089852743613896 0.0033905279307237224 0.004393957289613672 -0.0042096128221724479 0.024161007767335572 -0.019065391371916429 -0.013218584847267291 -0.0028497741127573193
leaf_weight=112.11050754785538 1730.5291288942099 61.672782152891159 228.28037869930267 188.14547294378281 54.902500182390213 519.59016081690788 52.211616739630699 700.59198950231075 71.456443801522255 102.39882750809193 97.915162473917007 18.489303156733513 53.830325245857239 303.55661737918854 232.23071479797363 62.372770309448242 25.420190513134003 536.29814580082893 14.812587246298788 9.5551010072231275 21.461402639746666 442.5594710111618 28.180506601929665 994.6007304340601 42.377361118793488 910.282097697258 15.695482179522513 11.157245874404905 128.73336282372475 297.77843400090933
leaf_count=528 7674 257 1118 1024 248 2426 215 2997 367 454 484 77 226 1322 981 264 119 2589 65 40 108 1944 136 4250 179 4032 67 53 706 1524
internal_value=-0.00015425 0.00104392 0.00373108 -0.00302974 0.00209036 0.00496375 -0.000653064 -5.39777e-05 -0.000765148 0.00657648 0.00964497 -0.000494837 0.000250754 -0.00134408 0.0035006 0.0106706 -0.00384877 -0.00300094 0.0133263 -0.00321591 0.01651 -0.00303886 -0.0108509 0.00256932 -0.00592043 -0.0027479 0.00141986 0.00622226 -0.00224536 -0.00597938
internal_weight=8069.2 5695.83 1652.14 2373.37 1293.33 631.701 661.628 4043.69 3343.1 164.166 358.814 3271.64 2676.62 1585.81 356.276 124.046 595.02 569.6 33.3019 61.7667 119.377 497.462 216.326 1090.81 96.2077 1229.53 319.252 239.438 2157.04 426.512
internal_count=36474 25410 7618 11064 5855 2954 2901 17792 14795 709 1763 14428 11578 6923 1502 521 2850 2731 142 255 592 2192 1160 4655 405 5421 1389 1171 9904 2230
cat_boundaries=0 1 2
cat_threshold=268 357
is_linear=0
shrinkage=0.03


Tree=92
num_leaves=31
num_cat=6
split_feature=29 13 1 22 0 0 32 0 24 0 0 19 10 21 18 0 5 19 10 26 13 10 31 10 10 18 22 25 32 31
split_gain=25.7091 20.4157 20.0201 20.5989 16.0251 14.6951 15.8227 14.5067 13.8487 15.4989 13.3881 13.2732 13.0128 18.8546 12.897 12.1185 11.5688 11.8108 11.1418 12.5541 13.1528 10.8226 10.1781 12.1355 10.4348 9.795 11.3808 9.49193 9.77205 10.3469
threshold=0.029999999999999808 50.500000000000007 10.500000000000002 33.483000000000011 0 1 -0.32321428571428562 2 39.095000000000006 3 4 3.3310000000000008 30.795000000000005 34.800000000000004 6.3850000000000007 5 1.5000000000000002 5.3090000000000019 45.685000000000009 -21.084999999999994 34.500000000000007 40.055000000000007 0.34452380952380962 25.945000000000004 46.615000000000002 6.1950000000000012 43.487000000000009 29.963000000000005 -0.083333333333333329 0.28908730158730161
decision_type=2 2 2 2 1 1 10 1 2 1 1 2 2 2 2 1 2 2 2 2 2 2 8 2 2 2 2 2 10 10
left_child=1 2 3 5 -2 6 -1 14 9 22 -10 -7 -6 -14 -5 18 17 -13 19 -4 -21 -15 24 -24 -3 -22 -27 28 -8 -30
right_child=4 8 15 7 12 11 27 -9 10 -11 -12 16 13 21 -16 -17 -18 -19 -20 20 25 -23 23 -25 -26 26 -28 -29 29 -31
leaf_value=0.0024076760563279329 -0.0091638643819848802 -0.0061082906919877403 0.025775568355170423 0.010194862696793811 0.004129070237264461 -0.021213116112979435 -0.016380257534147919 0.0057571259991275655 0.011203987239331343 0.0041940476767331099 0.0032902692665804493 -0.002108580465722416 -0.024852455643161065 -0.0097153218458628267 -0.0013407069471872137 -0.0065552602007998102 0.0025593646797288897 -0.029214644456396648 -0.0045282167641862827 -0.01038650087943282 0.029955407193666534 0.0010499477830367124 0.0044989956245840568 -0.027538401291365994 0.02354470107762479 -0.0018222077654432445 0.022253256566865498 -0.0036005592460788285 -0.0078781269460245461 0.019834879364556725
leaf_weight=321.72531418502331 370.29072760045528 84.572612509131432 24.459447607398033 100.9052217900753 243.51436299085617 23.893128588795662 122.96834398806095 1008.948953717947 321.46746262907982 252.81634256243706 529.87150889635086 410.3848462998867 37.651638709008694 126.89351493120193 643.49648731946945 582.24033451080322 1456.7743226587772 14.995992064476011 197.75911793112755 48.022605076432228 16.268587902188301 248.91661460697651 14.699144691228865 38.544736504554749 12.224189743399618 65.660344064235687 24.178229972720146 651.09514829516411 72.567107975482941 14.557550922036169
leaf_count=1424 1784 367 105 454 1082 111 537 4451 1426 1114 2353 1861 207 564 2886 2755 6499 68 930 219 76 1199 68 167 56 292 107 2964 354 68
internal_value=0.000163893 0.000809526 5.91369e-05 0.000843282 -0.00427021 -0.000630878 -0.00324156 0.00344038 0.00428022 -0.00030245 0.00644876 0.00100109 -0.00135194 -0.00461275 0.000220008 -0.00390197 0.00128841 -0.00306415 0.000367293 0.00580886 0.00264026 -0.00258498 -0.00764873 -0.0186938 -0.0023635 0.00853599 0.00465722 -0.00538965 -0.0109342 -0.0032476
internal_weight=8082.36 7055.1 5800.9 4842.31 1027.27 3088.96 1182.91 1753.35 1254.2 402.857 851.339 1906.05 656.976 413.462 744.402 958.589 1882.16 425.381 376.348 178.589 154.13 375.81 150.041 53.2439 96.7968 106.107 89.8386 861.188 210.093 87.1247
internal_count=36548 31712 26161 21677 4836 13886 5347 7791 5551 1772 3779 8539 3052 1970 3340 4484 8428 1929 1729 799 694 1763 658 235 423 475 399 3923 959 422
cat_boundaries=0 1 2 3 4 5 6
cat_threshold=15505552 11190576 8607440 6584484 795834 2638727
is_linear=0
shrinkage=0.03


Tree=93
num_leaves=31
num_cat=1
split_feature=20 4 5 13 32 32 29 11 10 31 28 22 28 32 20 9 22 10 23 25 27 7 9 28 12 19 1 21 23 24
split_gain=20.7315 15.6049 15.8561 18.2674 12.1698 12.671 12.0416 11.4802 11.2948 10.7952 10.174 9.9064 10.2599 9.60919 9.48057 9.31125 13.5633 11.2854 9.5891 13.1033 8.78618 8.7499 8.57242 8.50053 8.43554 10.8814 8.61353 8.85399 8.41673 12.4369
threshold=-0.21500000000000027 0 2.5000000000000004 47.500000000000007 0.14444444444444443 -0.19999999999999998 0.034999999999999705 32.095000000000006 24.265000000000004 0.11035714285714289 6.9330000000000007 26.611000000000008 6.7130000000000001 0.068055555555555577 -1.1000000000000001 6.5650000000000004 32.079000000000001 53.350000000000001 -13.889999999999997 37.039000000000009 6.9450000000000012 3.0650000000000004 7.0550000000000006 6.652000000000001 6.8750000000000009 6.6909999999999998 3.5000000000000004 60.800000000000004 -22.734999999999996 39.355000000000011
decision_type=2 1 2 2 8 10 2 2 2 10 2 2 2 8 2 2 2 2 2 2 2 2 2 2 2 2 2 2 2 2
left_child=1 6 3 11 5 20 9 10 -9 -1 -5 12 -3 -2 -7 -13 -17 18 -18 22 24 -22 -20 -16 25 26 27 -4 29 -10
right_child=13 2 4 7 -6 14 -8 8 28 -11 -12 15 -14 -15 23 16 17 -19 19 -21 21 -23 -24 -25 -26 -27 -28 -29 -30 -31
leaf_value=-0.024426456118803348 -0.00099375387579019253 -0.025365789226982235 0.0086402328662211481 0.011818683486366981 0.014455284796050157 0.0039734090907416995 -0.010999207333314075 0.0097099298869269268 -0.011728015420834034 -0.00049534499678552217 -0.0089277370162203044 0.00066070874466370784 -0.0049414908752913305 -0.0052775620610546791 0.021623227251589383 -0.025101117714325334 -0.02673055943738115 0.0043421406501739724 -0.020876873076447356 0.016792692870537102 0.030562145635678953 0.00096867521026610119 0.011409673342502459 -0.0030989051321083814 0.014797417207454653 0.021902420423748344 0.0030135397185626846 0.037308890242687597 -0.0057625218802827829 0.018539336181182826
leaf_weight=17.20538629591465 1634.5272656455636 24.31810750067234 215.91765519976616 214.17127078771591 91.180802032351494 370.82940880954266 114.56006181240082 95.90832844376564 18.893665939569473 1212.8438472151756 23.620234653353691 1070.7858656197786 246.63058510422707 662.1945990845561 12.86627112329006 29.625359192490578 24.612236425280571 88.818939164280891 33.014551907777786 18.172261402010918 9.1806455403566343 437.47827571630478 9.5398616194725019 461.74559244513512 102.81625509262085 35.672453641891479 573.71157228946686 10.15124689042568 174.07171237468719 34.58121033012867
leaf_count=72 7880 102 956 942 391 1563 502 442 85 5262 103 4673 1047 3527 53 130 108 400 150 81 52 1920 43 1954 467 150 2528 47 729 159
internal_value=0.000181886 0.00114099 0.00199805 0.000118122 0.00371265 0.00327347 -0.00168396 0.00475379 0.00107495 -0.000830083 0.00975791 -0.00156529 -0.00677461 -0.00222887 0.000379401 -0.000457895 -0.00633564 -0.00314351 -0.0109344 -0.00453232 0.00504019 0.00157694 -0.0136389 -0.00242871 0.00668885 0.00569096 0.00496788 0.00992755 -0.00256459 0.00784532
internal_weight=8069.65 5772.92 4428.31 2106.76 2321.55 2230.37 1344.61 561.246 323.455 1230.05 237.792 1545.52 270.949 2296.72 845.441 1274.57 203.783 174.158 85.3389 60.7267 1384.93 446.659 42.5544 474.612 938.269 835.453 799.78 226.069 227.547 53.4749
internal_count=36518 25111 19275 9194 10081 9690 5836 2460 1415 5334 1045 6734 1149 11407 3570 5585 912 782 382 274 6120 1972 193 2007 4148 3681 3531 1003 973 244
cat_boundaries=0 1
cat_threshold=33
is_linear=0
shrinkage=0.03


Tree=94
num_leaves=31
num_cat=7
split_feature=29 10 0 16 22 0 32 21 21 0 7 7 28 23 0 4 4 21 25 4 21 11 26 23 24 32 25 27 23 23
split_gain=19.7609 14.7522 17.2797 13.7085 14.8599 14.2402 13.2617 16.1359 12.6225 11.5584 12.8275 11.4415 12.4561 11.3401 10.5131 12.7117 9.63719 9.51304 9.39533 10.1902 9.09713 9.06135 8.91007 9.23661 8.87908 8.86563 8.6028 9.50287 8.52188 9.69811
threshold=1.0000000180025095e-35 30.465000000000003 0 2.4722222222222228 32.145000000000003 1 -0.35634920634920625 49.270000000000003 34.800000000000004 2 3.9550000000000005 6.285000000000001 6.902000000000001 -36.169999999999995 3 4 5 51.780000000000008 36.931000000000004 6 58.135000000000012 33.270000000000003 -1.1750000000000005 -18.764999999999993 36.565000000000005 -0.67638888888888882 34.845000000000013 6.8250000000000011 -11.239999999999998 -5.080000000000001
decision_type=2 2 1 8 2 1 8 2 2 1 2 2 2 2 1 1 1 2 2 1 2 2 2 2 2 10 2 2 2 2
left_child=3 2 13 -1 5 -5 21 -8 -3 16 -11 12 -9 -2 15 -10 17 -6 19 -4 -16 -7 23 -22 -14 -23 27 -17 -28 -30
right_child=1 8 18 4 9 6 7 11 14 10 -12 -13 24 -15 20 26 -18 -19 -20 -21 22 25 -24 -25 -26 -27 28 -29 29 -31
leaf_value=-0.0032781610098681362 0.025889843024689583 -0.014999258021183799 0.0028513086669118655 0.002100439630935101 0.014499785597916879 0.0067043392718676986 -0.0020622394789481194 -0.013663864432258081 0.00416394121677887 0.014554444064094238 0.0034948576157765223 -0.028011081179433413 -0.021909816196036495 0.004233173672792594 -0.0079215372416496961 -0.021202332125280894 -0.0025074809698833614 -0.0016534624246061556 0.0070403056331134022 -0.0091420664793615252 -0.0079478210883602782 -0.024805452669118076 -0.014091843233968553 0.020284148893699974 0.0080522983263666588 -0.00040318722737113229 -0.010468309775402326 -0.0049651110006958066 0.025504654938877103 -0.00012906723506505942
leaf_weight=676.60380078852177 23.430297464132309 99.900829203426838 87.220119848847389 1295.2893832623959 68.940727010369301 218.94493497908115 978.08045637607574 126.91470828652382 248.30268749594688 99.471612274646759 1845.9315003454685 30.825072169303894 10.798451378941534 305.40141268074512 526.96856219321489 46.019551917910576 507.32579638063908 62.614361315965652 59.893736273050308 220.46159766614437 15.658700957894323 14.573200106620787 17.764564141631126 31.232847958803177 50.673719987273216 166.38973757624626 32.700093522667885 109.92965543270111 20.165948614478111 38.919775903224945
leaf_count=3213 124 551 385 5771 307 978 4357 540 1170 559 8072 142 46 1335 2596 220 2275 281 267 968 68 67 83 149 217 732 140 508 89 193
internal_value=-7.2656e-05 -0.00276102 0.000705627 0.000750437 0.00124813 -0.000228936 -0.00211789 -0.00371102 -0.00479392 0.00290136 0.00403959 -0.0110676 -0.00829515 0.0056058 -0.00385657 -0.000551322 -0.000618125 0.00633036 -0.00372911 -0.0059467 -0.00650847 0.00259885 0.00400184 0.0108565 0.00278903 -0.00236834 -0.00525558 -0.0097566 0.00181932 0.00861972
internal_weight=8037.35 1883.97 696.407 6153.38 5476.77 2892.49 1597.2 1197.29 1187.56 2584.28 1945.4 219.212 188.387 328.832 1087.66 496.038 638.881 131.555 367.575 307.682 591.625 399.908 64.6561 46.8915 61.4722 180.963 247.735 155.949 91.7858 59.0857
internal_count=36403 8846 3079 27557 24344 12850 7079 5302 5767 11494 8631 945 803 1459 5216 2320 2863 588 1620 1353 2896 1777 300 217 263 799 1150 728 422 282
cat_boundaries=0 1 2 3 4 5 6 7
cat_threshold=68591 1127659 218240 386583 58 81 134
is_linear=0
shrinkage=0.03


Tree=95
num_leaves=31
num_cat=5
split_feature=10 25 0 31 29 29 0 1 0 24 7 20 22 0 23 5 8 31 10 9 30 0 13 30 1 12 8 19 23 12
split_gain=23.7032 17.3781 14.1538 14.1725 12.6756 12.5799 14.1212 11.4531 10.885 10.6719 10.5311 10.2512 9.95394 9.81538 13.2763 10.9483 11.0935 13.7359 9.75929 9.65543 9.21682 11.153 11.8235 11.1057 9.19043 9.1135 9.05795 8.94449 8.90592 10.2645
threshold=39.590000000000011 33.757000000000012 0 0.23357142857142857 -1.0000000180025095e-35 -0.029999999999999801 1 10.500000000000002 2 49.530000000000008 7.5050000000000008 0.32499999999999979 25.373000000000008 3 -23.894999999999989 5.5000000000000009 32.680000000000007 0.27984126984126995 28.620000000000005 5.7550000000000008 0.58571428571428574 4 46.500000000000007 0.76388888888888895 11.500000000000002 7.0550000000000006 45.045000000000009 6.6230000000000011 0.58999999999999997 6.8350000000000009
decision_type=2 2 1 8 2 2 1 2 1 2 2 2 2 1 2 2 2 10 2 2 10 1 2 10 2 2 2 2 2 2
left_child=1 5 3 12 9 6 -1 13 18 10 25 28 -2 14 -3 -15 -17 -18 -7 -19 21 22 -6 24 -22 -4 -26 -25 -5 -30
right_child=2 7 4 11 20 8 -8 -9 -10 -11 -12 -13 -14 15 -16 16 17 19 -20 -21 23 -23 -24 27 26 -27 -28 -29 29 -31
leaf_value=-0.00166338202315415 -0.005568803994747273 0.012247492172844711 0.0037835618450091251 -0.0027238722694819793 0.0074694192422935148 0.0039514693692632432 0.0044818883037041866 -0.003525485708662365 -0.0052483440664085855 -0.0043163168920488911 -0.013317911458383893 -0.0083475586193024337 -0.019106508167331948 0.0012026983356559964 0.0041621925307127926 0.0030087569146434508 0.052912587498210061 0.023945620663717273 -0.0042861947681342534 -0.011727268332955072 0.0061286834362566734 -0.011057799403665284 -0.021918251484523355 -0.016183834055903384 -0.030220991357483285 -0.013380512071462814 -0.00090339019638241425 0.0078938074182052613 -0.0016373128173443722 0.014828822526384004
leaf_weight=613.06499376893044 109.44880992174149 252.14489087462425 1006.5396024733782 805.70043551921844 68.825995594263077 317.6347232311964 728.93438455462456 198.8307241499424 616.91460278630257 233.82334320247173 35.459505021572113 249.93566490709782 88.332963265478611 1045.901962608099 664.40673422813416 58.955597206950188 10.476660892367361 23.262381985783577 218.45498417317867 9.6662191152572614 184.46067525446415 206.93031510710716 15.008159220218657 56.285162299871445 12.732236132025717 28.633130177855492 37.182902544736862 18.433352455496788 78.539932578802109 60.177806973457336
leaf_count=2727 578 1256 4436 3597 330 1399 3250 903 2752 1023 176 1406 423 4624 2854 270 45 97 960 41 856 1039 72 263 60 120 190 85 388 286
internal_value=9.33748e-05 0.00144785 -0.0018619 -0.00414685 -0.000168848 -0.000278979 0.00169555 0.00335117 -0.00257716 0.00149003 0.00275812 -0.00294486 -0.011615 0.00401336 0.00631754 0.00210083 0.0114829 0.0229931 0.000583756 0.0134738 -0.00377906 -0.00761315 0.00197303 -0.000172345 0.00303841 0.0033088 -0.00838165 -0.0102438 -0.00151506 0.00550594
internal_weight=8055.1 4758.65 3296.45 1392.14 1904.31 2495 1342 2263.65 1153 1304.46 1070.63 1194.35 197.782 2064.81 916.552 1148.26 102.361 43.4053 536.09 32.9286 599.859 290.764 83.8342 309.094 234.376 1035.17 49.9151 74.7185 944.418 138.718
internal_count=36506 21178 15328 6678 8650 11088 5977 10090 5111 5755 4732 5677 1001 9187 4110 5077 453 183 2359 138 2895 1441 402 1454 1106 4556 250 348 4271 674
cat_boundaries=0 1 2 3 4 5
cat_threshold=9884480 10928753 92797 1097539 9234
is_linear=0
shrinkage=0.03


Tree=96
num_leaves=31
num_cat=5
split_feature=16 13 0 7 0 29 9 25 11 31 10 0 31 7 16 9 11 10 7 32 24 0 18 10 7 0 14 9 31 21
split_gain=23.4298 17.2636 14.4434 13.1663 13.1532 17.1057 12.1858 11.9193 12.3378 16.1326 11.6704 11.6608 10.771 11.1093 10.4399 10.3516 10.2304 11.5561 10.1463 10.7772 9.90906 9.62001 9.2563 9.11415 10.1453 9.45829 13.2269 10.1798 8.78231 8.66796
threshold=2.4722222222222228 50.500000000000007 0 6.4150000000000009 1 0.034999999999999705 7.2350000000000012 31.498999999999999 25.055000000000003 0.16035714285714289 20.075000000000003 2 0.33123015873015882 3.9250000000000003 4.9500000000000011 5.3250000000000011 38.720000000000006 55.605000000000011 4.8150000000000004 -0.26825396825396819 40.255000000000003 3 7.9150000000000009 57.710000000000001 7.1550000000000011 4 0.10555555555555557 7.4150000000000009 0.2956746031746032 57.540000000000006
decision_type=8 2 1 2 1 2 2 2 2 8 2 1 8 2 10 2 2 2 2 10 2 1 2 2 2 1 8 2 10 2
left_child=11 2 3 7 6 10 16 21 -9 15 18 -1 14 -14 29 -10 17 20 19 -6 -3 -2 23 24 -5 26 -25 -27 -20 -4
right_child=1 4 12 22 5 -7 -8 8 9 -11 -12 -13 13 -15 -16 -17 -18 -19 28 -21 -22 -23 -24 25 -26 27 -28 -29 -30 -31
leaf_value=-0.0086346023527526985 -0.0099968593622828308 0.0039976652266328697 -0.0012855347920281508 -0.0050853230888615172 0.023683030869861121 -0.0184340592397262 -0.012660416220914645 0.0081562127095361151 -0.0056773137999389153 0.00056291733515266638 -0.00023651339010066332 -0.0018013884777989158 0.014580097795527241 0.0024747460596084071 0.015427356503558136 -0.029652553629765568 0.00079212313757033928 0.040224518557353039 0.016996485399054396 0.00023448425418292322 0.01305109913561941 -0.0017812873655306087 -0.022483529156036897 0.018916575402939444 -0.018185686161566593 0.033455138891822132 -0.015772339707800981 0.0043497289859635163 -0.013295388997729153 0.0083511302313762671
leaf_weight=365.45247785001993 171.40980345010757 190.84784802794456 1599.0738473534584 352.72326051443815 55.418146640062332 39.947083741426468 27.6886917501688 178.66141146421432 45.709041878581047 1180.4606355875731 482.58817781507969 605.40552539378405 71.803432032465935 1370.9045294970274 36.547566324472427 25.112323626875877 146.24256972968578 11.04516579210758 13.310668736696242 25.878247112035751 253.1013495773077 489.61172400414944 28.953623577952385 13.189476311206816 62.654426038265228 15.070949792861937 39.579918995499611 38.300018712878227 24.411689430475235 88.662986397743225
leaf_count=1836 760 847 7108 1768 284 178 124 781 201 5193 2099 2942 393 6003 182 125 643 47 57 118 1127 2158 130 63 326 77 201 199 104 394
internal_value=-0.00011067 0.000488719 -0.000204162 -0.00183825 0.00365646 0.000567388 0.00669213 -0.000758467 0.000781537 -0.000271439 0.00183853 -0.00448105 0.00116089 0.00307723 -0.000435773 -0.0141786 0.00769468 0.00991327 0.0102522 0.0162189 0.00915915 -0.00408985 -0.0059732 -0.00505658 -0.00706135 0.00278902 -0.00597056 0.0105852 -0.00260663 -0.000779286
internal_weight=8049.77 7078.91 5808.43 2641.44 1270.48 641.554 628.926 2090.96 1429.94 1251.28 601.607 970.858 3166.99 1442.71 1724.28 70.8214 601.237 454.994 119.019 81.2964 443.949 661.022 550.472 521.518 415.378 106.14 52.7694 53.371 37.7224 1687.74
internal_count=36468 31690 26062 11982 5628 2840 2788 9218 6300 5519 2662 4778 14080 6396 7684 326 2664 2021 563 402 1974 2918 2764 2634 2094 540 264 276 161 7502
cat_boundaries=0 1 2 3 4 5
cat_threshold=10147264 825306 13861441 163904 1578240
is_linear=0
shrinkage=0.03


Tree=97
num_leaves=31
num_cat=1
split_feature=20 29 2 26 32 5 21 18 8 9 32 30 19 31 16 20 28 23 16 25 31 29 23 26 14 17 20 14 10 16
split_gain=22.8686 16.3707 14.1076 13.6367 12.6434 10.141 9.54577 17.4157 11.6318 12.0275 9.3482 8.24718 7.98643 7.73402 8.06638 8.715 7.60563 7.53106 7.49999 8.17182 8.2001 8.82909 9.55842 8.91765 8.10133 7.12054 6.97677 7.49644 7.92572 9.55525
threshold=-0.21500000000000027 -0.084999999999999951 1500.0000000000002 8.7150000000000016 -0.58611111111111092 2.5000000000000004 53.605000000000011 7.5850000000000009 53.615000000000002 7.0550000000000006 -0.37638888888888883 0.86607142857142871 5.3990000000000018 0.22888888888888892 3.7888888888888892 -3.234999999999999 6.6360000000000001 -36.169999999999995 1.6125000000000003 30.025000000000006 0.14472222222222228 -0.1400000000000001 -0.34999999999999959 3.1050000000000009 0.5277777777777779 0 -0.23499999999999985 0.2678571428571429 41.945000000000007 3.7638888888888893
decision_type=2 2 2 2 10 2 2 2 2 2 8 10 2 10 10 2 2 2 8 2 10 2 2 2 8 1 2 10 2 10
left_child=1 3 -3 17 -4 18 7 8 9 12 -7 16 25 -8 15 -15 -12 -1 -2 -20 -21 -22 -23 24 -24 -6 27 28 29 -19
right_child=5 2 4 -5 6 10 13 -9 -10 -11 11 -13 -14 14 -16 -17 -18 26 19 20 21 22 23 -25 -26 -27 -28 -29 -30 -31
leaf_value=0.015619070892925758 -0.023445046202750716 0.0097652711217036236 0.0049713959222757583 -0.015249638856845518 0.0079596931766551856 0.0083420285175533609 -0.013676548067047028 0.033570241640880599 0.031772840470064311 -0.010809319370963471 0.018767645503455603 0.022120410206226855 0.0029618584799914875 -0.030553602667082937 0.0031095267037249681 -0.0033747434510419038 -0.0021166747321672064 0.0010849298425123556 -0.0096786851079923193 -0.014114997799197697 0.013424251938635274 -0.0080293125515396111 -0.00035123955107138204 -0.013649495411546321 0.019240851026956492 -0.0010201697316192413 -0.021242914309702796 0.0095901183292379771 -0.0023900834706713633 0.008111085524873992
leaf_weight=53.055355601012707 19.027379035949707 131.21526281535625 386.33567140996456 32.082438886165619 72.803125962615013 93.250624999403954 58.64435501396656 13.996127963066099 10.350453391671179 91.209664106369019 15.921225339174269 13.103837192058561 730.48571135103703 10.751530066132544 190.27183713018894 855.715122833848 1100.2163689881563 351.43014238774776 214.0720891430974 56.923249647021294 30.785643562674522 232.5694238692522 462.56683938205242 44.037697516381741 19.808315753936768 2037.8324076831341 9.7319234907627088 195.37848739326 186.85440620779991 345.42329581081867
leaf_count=330 111 564 1794 135 335 416 257 62 47 405 72 63 3172 50 882 3721 5397 1498 1113 302 132 1117 2413 237 112 8632 40 809 773 1615
internal_value=-0.0001309 0.000878701 7.00745e-05 0.00404005 -0.000215265 -0.00265835 -0.000707348 0.000184785 2.5995e-05 -8.6064e-05 -0.000787109 -0.00154098 0.000258189 -0.00307223 -0.00248374 -0.00371199 -0.00181877 0.00458201 -0.00477689 -0.00444203 -0.00311803 -0.00232541 -0.00296424 -0.000726493 0.000453293 -0.000677544 0.00404421 0.00427226 0.00309654 0.00456773
internal_weight=8065.85 5763.57 4589.61 1173.96 4458.4 2302.28 4072.06 2956.68 2942.68 2932.33 1222.49 1129.24 2841.12 1115.38 1056.74 866.467 1116.14 1141.87 1079.79 1060.76 846.691 789.768 758.982 526.413 482.375 2110.64 1088.82 1079.09 883.708 696.853
internal_count=36606 25121 19921 5200 19357 11485 17563 12653 12591 12544 5948 5532 12139 4910 4653 3771 5469 5065 5537 5426 4313 4011 3879 2762 2525 8967 4735 4695 3886 3113
cat_boundaries=0 1
cat_threshold=8
is_linear=0
shrinkage=0.03


Tree=98
num_leaves=31
num_cat=2
split_feature=29 5 16 9 16 20 29 26 8 4 20 31 22 25 21 16 27 21 17 19 15 21 19 26 27 31 5 25 20 29
split_gain=19.3046 17.2958 16.9679 16.7398 15.1979 11.5157 11.3847 10.927 9.97748 10.9554 9.59185 9.00001 8.75894 9.41638 8.42825 10.781 9.41336 11.7192 9.79959 10.4153 11.7453 10.6975 9.33887 8.73137 8.30906 8.08671 10.1949 10.969 9.22953 8.08202
threshold=0.034999999999999705 3.5000000000000004 4.6833333333333345 4.7950000000000008 2.4722222222222228 0.1700000000000004 -0.079999999999999613 -5.3949999999999987 23.590000000000003 0 1.2100000000000004 0.11035714285714289 36.677000000000007 34.305000000000014 48.185000000000009 4.2111111111111121 6.9050000000000011 64.585000000000008 1 5.6170000000000018 0.41428571428571431 53.050000000000004 4.8710000000000013 -9.754999999999999 6.9250000000000007 0.40027777777777779 1.5000000000000002 32.373000000000012 -2.3649999999999989 0.020000000000000021
decision_type=2 2 10 2 8 2 2 2 2 1 2 10 2 2 2 10 2 2 1 2 10 2 2 2 2 8 2 2 2 2
left_child=1 4 -3 5 29 -2 10 8 25 -10 24 -9 13 -5 15 22 17 -16 -18 20 21 -20 -11 -17 -6 26 27 -8 -28 -1
right_child=3 2 -4 12 6 -7 7 11 9 14 -12 -13 -14 -15 16 23 18 -19 19 -21 -22 -23 -24 -25 -26 -27 28 -29 -30 -31
leaf_value=-0.0061043293152901875 0.0045943873393989657 0.002265009469356065 0.015245990628042485 -0.01331110422369842 0.0015759019320697835 -0.019369428787770988 -0.019062689068884635 -0.019695898399084481 0.00233988369964826 -0.0028409695952464746 -0.017784973693515008 -0.0024556036720619571 -0.0016850691074345957 -0.0038064751142666913 -0.010269137056823663 -0.0060069128885244785 -0.0053024968979937985 0.018760876009408563 0.027092932544153597 0.031598754539618794 -0.023434755110213368 -0.008589892217304225 0.0061578178320447277 -0.040249933103991227 0.0073500980649300312 0.01671341631623845 0.00036807309264207642 0.0026338297362461164 0.012678917294959537 0.0064851434360488026
leaf_weight=514.3026285097003 213.89567901194096 2214.2807564586401 94.494281828403473 234.55170975625515 771.90294662117958 19.710800901055336 32.026612281799316 27.870434895157814 769.08968649804592 209.88829573988914 19.859271720051765 1227.828754991293 192.00261238217354 156.34231912344694 262.53906142711639 21.550621092319492 98.922839149832726 13.141933202743528 18.441278696060184 15.771335557103155 11.122463613748549 12.816609486937521 205.33432948589325 9.726205110549925 316.15555588901043 47.979459509253502 101.7767817825079 60.753741964697838 118.7651656717062 50.389551892876625
leaf_count=2529 930 9814 473 1156 3417 106 146 131 3427 985 100 5533 927 757 1154 92 443 57 77 66 48 53 918 42 1398 242 514 287 508 269
internal_value=0.000160175 0.0006529 0.0027963 -0.00421292 -0.000349261 0.00257241 0.000248797 -0.0006428 0.000728998 -0.000260655 0.00287659 -0.00283825 -0.00693226 -0.00950962 -0.00253316 0.000329661 -0.00554544 -0.00888525 0.000316247 0.00920355 0.0030411 0.012462 0.00160908 -0.0166555 0.0032537 0.00524403 0.00348771 -0.00485554 0.00699765 -0.00498092
internal_weight=8063.23 7246.73 2308.78 816.503 4937.96 233.606 4373.26 3265.35 2009.65 1648.34 1107.92 1255.7 582.897 390.894 879.255 446.499 432.756 275.681 157.075 58.1517 42.3804 31.2579 415.223 31.2768 1088.06 361.302 313.322 92.7804 220.542 564.692
internal_count=36599 32723 10287 3876 22436 1036 19638 14723 9059 7362 4915 5664 2840 1913 3935 2037 1898 1211 687 244 178 130 1903 134 4815 1697 1455 433 1022 2798
cat_boundaries=0 1 2
cat_threshold=216 5
is_linear=0
shrinkage=0.03


Tree=99
num_leaves=31
num_cat=1
split_feature=29 17 5 18 28 10 26 23 22 6 18 18 23 13 28 26 10 16 23 6 32 23 23 13 28 32 24 25 7 10
split_gain=21.357 17.9423 12.366 11.9369 10.5704 9.58226 12.3993 10.107 9.17186 10.0479 10.2503 8.38555 8.19299 9.76471 8.17539 8.0806 10.6531 8.0194 7.98609 7.92242 7.89604 7.92519 9.26738 7.74856 8.8917 7.45692 11.5896 8.32292 7.39561 7.84418
threshold=-0.07499999999999972 0 4.5000000000000009 4.8650000000000011 7.0949999999999998 38.305000000000007 8.7150000000000016 -10.33 51.059000000000005 2.5000000000000004 7.4650000000000007 7.9150000000000009 -36.169999999999995 23.500000000000004 6.8270000000000008 -14.729999999999997 66.540000000000006 4.7071428571428582 -16.754999999999992 2.5000000000000004 0.10000000000000001 -11.559999999999999 -5.4799999999999995 42.500000000000007 6.6710000000000003 0.023611111111111142 44.180000000000007 38.506000000000007 7.5050000000000008 61.370000000000012
decision_type=2 1 2 2 2 2 2 2 2 2 2 2 2 2 2 2 2 8 2 2 10 2 2 2 2 8 2 2 2 2
left_child=3 8 4 -1 20 6 12 14 15 28 -11 -7 -5 -14 -8 16 18 -4 -2 -13 -3 -22 -23 24 -17 27 -27 -25 29 -10
right_child=1 2 17 5 -6 11 7 -9 9 10 -12 19 13 -15 -16 23 -18 -19 -20 -21 21 22 -24 25 -26 26 -28 -29 -30 -31
leaf_value=-0.012469994040264151 -0.018124791821777321 -0.00011599656716677796 0.0031749553448536774 0.016101676385102428 -0.030683724830053088 0.0010937104099430282 -0.0065490402177227642 0.010320491828163442 -0.0093906478459161551 0.040807566650889228 0.00741986091848183 -0.02973868884695044 -0.0089218006611182562 0.0053410849901266528 -0.045084922289146345 0.0092471283920508365 -0.01828346749679019 0.019621155225639886 0.0014184445917362182 0.002852173476700727 -0.015719129243577587 0.0098335991814748024 -0.0065359636082637108 -0.00068579222572238464 -0.0074465464516299323 -0.0025964383102924466 -0.023165834681353428 0.019199980487978649 0.018823096288270537 0.020518665220759343
leaf_weight=45.987671703100204 19.69819088280201 3289.7098300904036 645.83796900510788 60.14696279913187 10.467227905988691 786.15480096638203 9.5011530220508629 10.014308497309683 61.050567150115967 11.281952351331709 31.057792976498604 15.677988752722742 45.212147280573845 970.85540193319321 10.354452162981032 29.755208164453506 28.809770569205284 27.834173440933228 421.36264888197184 11.739329531788824 55.69147914648056 40.598768875002861 133.40364995598793 280.78504373878241 822.18142052739859 93.696188479661942 33.455703377723694 20.312661528587341 13.369134053587912 9.0634272992610914
leaf_count=205 85 14368 2791 378 45 3367 42 42 276 49 136 67 202 4311 45 141 148 137 2093 49 235 176 686 1343 4251 506 179 95 68 41
internal_value=-8.38883e-05 -0.000962805 0.000129527 0.00263446 -0.000581007 0.00299631 0.00481411 -0.0142518 -0.00339315 0.00441213 0.0163164 0.000524926 0.00534328 0.00470643 -0.026645 -0.00397371 -0.000608867 0.00385446 0.000545625 -0.0157842 -0.000491477 -0.00586916 -0.00271657 -0.00520871 -0.00686349 -0.00191679 -0.00800858 0.000655742 -0.00162532 -0.00552436
internal_weight=8045.07 6079.42 4203.54 1965.64 3529.87 1919.66 1106.08 29.8699 1875.88 125.823 42.3397 813.572 1076.21 1016.07 19.8556 1750.06 469.871 673.672 441.061 27.4173 3519.4 229.694 174.002 1280.19 851.937 428.25 127.152 301.098 83.4831 70.114
internal_count=36557 27849 18438 8708 15510 8503 5020 129 9411 570 185 3483 4891 4513 87 8841 2326 2928 2178 116 15465 1097 862 6515 4392 2123 685 1438 385 317
cat_boundaries=0 1
cat_threshold=1
is_linear=0
shrinkage=0.03


Tree=100
num_leaves=31
num_cat=7
split_feature=13 0 0 26 9 19 0 22 18 28 15 22 28 18 32 30 5 22 22 0 19 8 0 0 32 26 30 24 24 0
split_gain=17.1444 19.7437 15.9927 15.9351 17.1086 11.7312 12.9621 14.6588 11.5028 12.2276 11.0649 10.5872 10.0614 9.82114 9.49805 9.7199 9.3177 8.97121 8.93746 14.6561 10.6175 8.70387 11.0237 10.1938 9.81993 8.61761 8.42868 8.37039 11.472 8.75848
threshold=50.500000000000007 0 1 -16.604999999999993 5.9450000000000012 4.8230000000000013 2 17.949000000000002 7.955000000000001 6.6860000000000017 1.0000000180025095e-35 33.173000000000009 6.7650000000000015 6.785000000000001 -0.19246031746031741 0.78888888888888908 2.5000000000000004 17.527000000000005 37.349000000000011 3 5.8290000000000015 40.070000000000007 4 5 -0.2472222222222222 -16.244999999999994 0.61250000000000016 44.180000000000007 39.955000000000005 6
decision_type=2 1 1 2 2 2 1 2 2 2 8 2 2 2 10 10 2 2 2 1 2 2 1 1 8 2 10 2 2 1
left_child=1 14 17 4 5 6 7 -3 9 16 -4 21 -9 -8 15 -1 -5 -2 -12 -20 26 23 24 -11 -23 -13 -21 28 -6 -29
right_child=2 3 10 8 27 -7 13 12 -10 11 18 25 -14 -15 -16 -17 -18 -19 19 20 -22 22 -24 -25 -26 -27 -28 29 -30 -31
leaf_value=0.0021066346155006782 -0.025308676344014087 0.025329290204417935 0.019309020813544825 -0.0037106361974299324 0.0042716238654773916 0.0083540796075222395 0.0024226007209560102 -0.033289963635060794 -0.017285248851556877 -0.0072997342854248942 0.0032090546953493625 0.025533090482013302 -0.0081653083504980642 0.027650235237316169 -0.00048205269858917599 0.0090183357957409303 0.010963367648356691 -0.00054363052534761515 0.017902373057974767 -0.00090614469485315635 -0.012075311184482077 0.0095627059935408619 -0.01086478992578257 -0.00098800807888775664 -0.00547686485954808 -0.0013427753044936532 0.031130493816100526 0.0044313163121445526 -0.021350062523733754 -0.0055060473430411693
leaf_weight=1136.1446061357856 13.532852835953234 8.9694881886243802 50.037270575761795 63.206076055765152 23.75827057659626 344.34748622775078 119.48568511009216 20.155742213129997 48.942793369293213 336.12051859498024 649.01087389141321 10.822043716907499 49.758370488882065 15.715006977319716 1155.3739518597722 218.30507968366146 101.46272276341915 484.09178873896599 92.642055198550224 18.399540603160862 35.774550750851631 49.922200411558151 352.97972915321589 721.44247382134199 179.79875361174345 1374.8690009117126 12.353462234139441 133.07656379044056 46.530982971191406 171.97767096012831
leaf_count=5063 60 41 244 284 118 1534 523 88 221 1465 2868 50 217 70 5274 981 450 2163 409 83 159 228 1826 3116 948 6351 57 616 223 813
internal_value=3.41245e-05 -0.00058989 0.00310999 -0.00185201 0.00159642 0.0049256 -0.000589001 -0.00956403 -0.0028517 -0.00263029 0.00555428 -0.00306354 -0.0154086 0.00498613 0.00151012 0.00322064 0.00533093 -0.00119314 0.0047714 0.0111419 -0.000837504 -0.00469455 -0.00763864 -0.0030724 -0.00211639 -0.00113288 0.011963 -0.00335669 -0.0126897 -0.00120621
internal_weight=8039.01 6683.17 1355.84 4173.34 933.775 558.432 214.084 78.8836 3239.57 3190.62 858.218 3025.95 69.9141 135.201 2509.82 1354.45 164.669 497.625 808.18 159.17 66.5276 1640.26 582.701 1057.56 229.721 1385.69 30.753 375.343 70.2893 305.054
internal_count=36543 30500 6043 19182 4243 2473 939 346 14939 14718 3820 13984 305 593 11318 6044 734 2223 3576 708 299 7583 3002 4581 1176 6401 140 1770 341 1429
cat_boundaries=0 1 2 3 4 5 6 7
cat_threshold=6302759 14948389 8651592 770570 459400 426752 1835408
is_linear=0
shrinkage=0.03


Tree=101
num_leaves=31
num_cat=0
split_feature=32 13 1 22 11 9 29 19 18 18 15 18 28 29 29 24 13 20 23 20 23 9 6 11 12 16 18 31 13 31
split_gain=20.02 16.7726 12.3857 15.9315 15.6755 13.118 10.9977 13.9189 12.4484 10.6059 10.547 9.97673 9.59945 9.48742 9.48332 11.956 10.2502 17.7989 9.44473 9.2127 10.0146 11.1468 9.7914 10.3816 8.63525 10.7483 9.81724 12.6922 8.38895 14.5189
threshold=-0.57638888888888873 47.500000000000007 10.500000000000002 34.909000000000013 45.215000000000011 5.0050000000000008 -0.010000000000000229 7.1420000000000003 8.1900000000000013 5.9050000000000011 0.61250000000000016 7.0750000000000011 6.6410000000000009 0.06000000000000006 0.029999999999999808 44.095000000000006 25.500000000000004 0.68500000000000016 -48.329999999999991 0.069999999999999854 -9.8849999999999998 7.1550000000000011 3.5000000000000004 49.600000000000009 6.8650000000000011 4.1833333333333345 6.7150000000000007 0.30460317460317471 31.500000000000004 0.42238095238095247
decision_type=8 2 2 2 2 2 2 2 2 2 8 2 2 2 2 2 2 2 2 2 2 2 2 2 2 8 2 8 2 10
left_child=18 2 3 4 5 -2 7 8 19 13 -8 -12 -4 -3 16 -16 17 -7 -1 20 21 22 23 24 25 -5 -26 -28 29 -22
right_child=1 9 12 6 -6 14 10 -9 -10 -11 11 -13 -14 -15 15 -17 -18 -19 -20 -21 28 -23 -24 -25 26 -27 27 -29 -30 -31
leaf_value=0.034373689078212449 0.0011624316512622137 -0.0015346735726233548 0.021202400972033568 -0.0039767283266236757 -0.0085940329581967161 0.0025766222065329945 -0.0030817475848775918 -0.012427430769960258 -0.029382969513547331 0.0033208736282667275 -0.00099386444714635478 0.025442330151722047 -0.0045982412804494773 -0.030624760979395243 -0.012885287807527299 0.00066887396256243552 -0.0024406050148167513 0.042689040709950783 0.0051565419872879907 -0.0044492705386715075 0.012310475257492577 -0.013631275547776859 0.013147972837000595 0.027180269579671994 0.021191397385786983 0.012199179895944818 -0.02872421040259274 0.0072914432671675458 0.014730797696509985 -0.019263212751761849
leaf_weight=10.165971077978609 1317.8461325392127 372.54849999397993 13.149434298276899 212.31531874835491 273.98893760889769 62.083144173026085 429.26727102696896 43.68263640999794 9.4062567055225355 1379.2634025514126 27.705166965723038 23.958280742168427 999.00419773906469 10.371116802096365 166.48960344493389 90.359827019274235 1456.7780128717422 11.85734175890684 485.9091367200017 78.701179295778275 38.753191217780113 30.313830316066742 106.91207885742188 15.219665914773939 38.056907638907433 44.764367714524269 10.129101827740667 67.437730208039284 176.93144822120667 19.80709245800972
leaf_count=66 5788 1655 59 915 1257 273 1922 191 40 6110 139 112 4788 48 845 437 6677 65 2298 380 166 130 471 65 165 218 44 296 752 85
internal_value=-8.21297e-05 -0.000466846 -0.0012498 -0.000608096 -0.00171535 -0.00110845 0.00211651 0.00408727 0.00493723 0.00209456 -0.0015405 0.0112656 -0.00426305 -0.00232256 -0.00278261 -0.00811692 -0.00188753 0.00900918 0.00575528 0.00532185 0.00633284 0.00402772 0.00510951 0.0028941 0.00190236 -0.00116008 0.00871142 0.00258832 0.0114733 0.00163117
internal_weight=8023.18 7527.1 5764.92 4752.76 3379.4 3105.41 1373.36 892.431 848.748 1762.18 480.931 51.6634 1012.15 382.92 1787.57 256.849 1530.72 73.9405 496.075 839.342 760.641 525.149 494.835 387.923 372.703 257.08 115.624 77.5668 235.492 58.5603
internal_count=36457 34093 26280 21433 15342 14085 6091 3918 3727 7813 2173 251 4847 1703 8297 1282 7015 338 2364 3687 3307 2304 2174 1703 1638 1133 505 340 1003 251
is_linear=0
shrinkage=0.03


Tree=102
num_leaves=31
num_cat=2
split_feature=32 6 23 13 25 26 18 26 7 28 1 30 24 30 4 23 25 25 14 18 25 16 28 6 22 30 6 23 21 17
split_gain=20.4051 15.9389 14.5964 11.3354 10.8788 11.1203 10.627 10.3972 9.98409 9.79072 9.61695 10.3308 9.25688 10.3792 8.81222 8.6475 10.9403 10.4449 8.46949 8.04264 8.03777 9.94558 7.80223 7.7456 7.09582 7.08099 6.97233 8.2595 8.16836 9.92781
threshold=0.054563492063492099 2.5000000000000004 -32.304999999999993 53.500000000000007 32.539000000000009 11.750000000000002 7.1150000000000011 5.4499999999999984 2.7750000000000004 7.1000000000000014 10.500000000000002 0.47222222222222227 52.300000000000004 0.47222222222222227 0 -21.064999999999994 37.899000000000008 41.921000000000014 0.5277777777777779 7.3050000000000006 36.647000000000013 2.8944444444444448 6.6920000000000019 7.5000000000000009 16.571000000000002 0.61250000000000016 7.5000000000000009 -31.144999999999996 54.955000000000005 1
decision_type=10 2 2 2 2 2 2 2 2 2 2 10 2 10 1 2 2 2 8 2 2 8 2 2 2 10 2 2 2 1
left_child=2 10 7 4 18 14 15 8 -1 12 11 -2 -3 -14 24 22 20 -18 23 -8 21 -17 -5 -4 -6 -21 27 -16 -29 -30
right_child=1 9 3 6 5 -7 19 -9 -10 -11 -12 -13 13 -15 26 16 17 -19 -20 25 -22 -23 -24 -25 -26 -27 -28 28 29 -31
leaf_value=0.021256134353846025 -0.0078672436807765075 -0.00053830164419898792 -0.0019682533590911857 0.040080901844795243 -0.015939187934120937 -0.019083807498782576 -0.018563205362634071 -0.0099158152213613317 0.0054039119120580506 -0.025211816955718645 -0.013167168670954989 0.0013976878396980215 0.027349573972865561 0.00098347456439545487 -0.01456287311976931 0.01644240773572854 0.024227706848326484 -0.0097014588363503462 -0.01566938432958501 -0.012262549368436022 -0.012702677360853691 0.0007855137052927444 0.0098837763146280636 0.0091218363614977305 0.0032706191490184345 0.01404441866893009 -0.0099714656696710501 0.0012201822919428288 0.0041937497749798347 -0.0058525487224103754
leaf_weight=39.128469370305538 322.38900174200535 438.9050607085228 2086.7932358756661 8.1454207450151426 17.560176610946655 25.223032474517822 30.770490631461143 36.297770008444786 415.09406063705683 13.260382324457167 163.47065950930119 163.1199920848012 23.963383302092552 30.591089978814125 34.064162611961365 41.772784575819969 36.747331619262695 10.498884305357931 39.595071777701378 16.784405723214149 33.307842552661896 290.05765251815319 141.04523429274559 58.262147039175034 1196.0091354250908 20.40202060341835 63.608479276299477 1799.9768961071968 113.47402915358543 330.6054672151804
leaf_count=244 1645 2078 9235 39 79 113 132 176 2192 60 863 821 112 145 158 180 156 44 190 72 140 1223 655 255 5284 87 273 7994 470 1468
internal_value=-7.16776e-05 -0.00376039 0.00054748 0.000164916 -0.000252464 0.000765478 0.00398723 0.0055348 0.00676948 0.000226737 -0.00687351 -0.00475444 0.000910329 0.0125649 0.000906299 0.00534314 0.003104 0.0166881 -0.00192082 -0.00721757 0.00134631 0.0027565 0.0115325 -0.00166703 0.0029682 0.00217055 -0.000174184 9.86063e-05 0.000321164 -0.00332281
internal_weight=8040.92 1155.7 6885.22 6394.7 5765.17 3580.52 629.532 490.52 454.223 506.72 648.98 485.509 493.46 54.5545 3555.3 561.575 412.384 47.2462 2184.65 67.9569 365.138 331.83 149.191 2145.06 1213.57 37.1864 2341.73 2278.12 2244.06 444.079
internal_count=36583 5724 30859 28247 25519 15839 2728 2612 2436 2395 3329 2466 2335 257 15726 2437 1743 200 9680 291 1543 1403 694 9490 5363 159 10363 10090 9932 1938
cat_boundaries=0 1 2
cat_threshold=70 2
is_linear=0
shrinkage=0.03


Tree=103
num_leaves=31
num_cat=7
split_feature=29 0 9 0 12 3 32 7 0 25 23 18 0 31 16 29 18 4 16 16 32 8 18 0 9 21 16 32 24 23
split_gain=18.8871 18.0884 14.2716 14.3544 12.9171 11.2288 10.9468 10.3921 12.8559 10.2269 9.79722 9.77421 9.39413 8.67946 10.597 8.36476 8.36107 8.17953 8.68858 11.0367 10.5109 10.0132 9.2114 8.13635 8.10117 7.91185 7.89976 7.80804 9.9017 7.63049
threshold=-0.010000000000000229 0 5.6950000000000012 1 7.1250000000000009 2 -0.59444444444444422 6.5850000000000009 3 38.599000000000011 -14.02 7.1350000000000007 4 0.55805555555555564 2.1055555555555561 -0.19499999999999981 7.3850000000000007 5 2.7888888888888892 2.9500000000000006 -0.05000000000000001 53.615000000000002 6.3650000000000011 6 6.6750000000000007 56.685000000000009 4.2111111111111121 -0.051785714285714289 36.495000000000012 -39.259999999999991
decision_type=2 1 2 1 2 9 8 2 1 2 2 2 1 10 8 2 2 1 10 10 8 2 2 1 2 2 10 10 2 2
left_child=2 5 6 -4 17 13 12 -3 27 10 -10 -11 25 -2 -15 -8 -12 -5 20 21 -19 22 -20 -22 -25 26 -1 -9 -29 -17
right_child=1 7 3 4 -6 -7 15 8 9 11 16 -13 -14 14 -16 29 -18 18 19 -21 23 -23 -24 24 -26 -27 -28 28 -30 -31
leaf_value=0.015517975722661845 -0.008373104484981294 0.0010352130819731619 -0.003121408804587143 0.0044645520109304572 -0.020620265792106386 -0.00071331945234761327 0.014718775812681727 -0.0032590658557918239 0.015643833605365771 -0.0066172085843640375 -0.010096708566497494 0.027141563395612016 0.013711068684858264 0.040067663694912735 -0.0053127569714649017 0.011720732884146217 -0.027661556531392031 -0.015465752565400035 -0.006388149104745792 -0.00016195851607908279 0.0054358420300953504 0.040690286875627063 0.017613206293744743 -0.021262639392619537 0.0024061797977019406 -0.012822791856920398 -0.0015958312396569441 -0.018922324111009237 0.017018228915539078 0.0014932666937336895
leaf_weight=42.697412416338921 601.87181375175714 1429.4030761420727 1080.7662811428308 602.49489359557629 23.137557536363602 336.98246719688177 45.556696310639381 67.92581307888031 11.75501176714897 18.869933068752292 176.96779038012028 13.06179542839527 130.17232985049486 7.4534991234540966 12.230166912078856 67.368558332324028 28.289104670286179 65.669514939188957 23.653420358896255 367.08688546717167 75.14555661380291 9.9527436494827253 36.751501277089119 28.641649782657623 23.854131460189819 25.94899845123291 56.263069152832031 8.0546105504035932 48.083455912768841 2579.1302028149366
leaf_count=200 2871 6385 4978 2646 97 1612 208 322 54 104 995 62 660 40 60 400 137 292 110 1587 346 46 156 132 117 140 293 44 256 11297
internal_value=9.67746e-05 -0.00191416 0.00114745 -0.000603284 0.00157516 -0.00521753 0.00253583 -0.000127743 -0.00458773 -0.00832524 -0.0109921 0.00719195 0.00847557 -0.00760957 0.0118712 0.00197302 -0.0125175 0.00200435 -0.000409912 0.00192421 -0.00571303 0.0128087 0.00821473 -0.000695401 -0.00882619 0.00177936 0.00578808 0.00331565 0.0118615 0.00175361
internal_weight=8045.24 2760.95 5284.29 2337.15 1256.39 958.538 2947.14 1802.41 373.008 248.944 217.012 31.9317 255.082 621.555 19.6837 2692.06 205.257 1233.25 630.755 437.445 193.311 70.3577 60.4049 127.641 52.4958 124.909 98.9605 124.064 56.1381 2646.5
internal_count=36647 12942 23705 10507 5529 4583 13198 8359 1974 1352 1186 166 1293 2971 100 11905 1132 5432 2786 1899 887 312 266 595 249 633 493 622 300 11697
cat_boundaries=0 1 2 3 4 5 6 7
cat_threshold=13502608 9753552 1 2138122 2980486 60 721933
is_linear=0
shrinkage=0.03


Tree=104
num_leaves=31
num_cat=6
split_feature=13 5 0 29 0 0 11 25 18 0 18 28 23 8 25 23 28 16 24 4 9 18 16 9 6 21 13 28 21 0
split_gain=19.5278 20.2148 18.7344 16.9486 17.2269 12.3504 11.7992 10.6774 10.9615 12.0801 11.5945 9.76149 9.51059 9.38281 9.19955 8.9257 11.7268 8.80827 8.79221 10.4435 12.4153 10.2533 9.76684 8.68875 10.0346 8.49635 9.32017 10.5996 8.45644 8.30445
threshold=53.500000000000007 2.5000000000000004 0 -0.010000000000000229 1 2 18.455000000000002 34.771000000000008 5.6450000000000005 3 6.6550000000000011 6.6790000000000012 23.575000000000003 35.980000000000011 23.311000000000003 -33.60499999999999 6.7830000000000004 4.5634920634920642 44.180000000000007 4 5.5250000000000012 7.205000000000001 2.4722222222222228 4.285000000000001 4.5000000000000009 48.615000000000002 35.500000000000007 6.902000000000001 58.635000000000005 5
decision_type=2 2 1 2 1 1 2 2 2 1 2 2 2 2 2 2 2 8 2 1 2 2 10 2 2 2 2 2 2 1
left_child=1 3 12 4 6 14 -1 29 -9 28 -11 -4 15 25 -2 16 -3 -15 22 -20 21 -21 -6 -7 -25 26 27 -8 -10 -5
right_child=5 2 11 7 18 23 13 8 9 10 -12 -13 -14 17 -16 -17 -18 -19 19 20 -22 -23 -24 24 -26 -27 -28 -29 -30 -31
leaf_value=0.00851164768171047 -0.010505667377259765 0.0004643078352140119 0.011171197567476268 -0.010557023380152361 -0.0053544552347159309 0.00942874648801292 -0.0085316739883521068 -0.015359083982254084 -0.010322261488898853 0.010587601760212548 -0.0016972306290042956 -0.0012538890253041089 -0.025139283057511643 -0.0079975400072830379 0.01108662643730632 0.0030022837210284242 0.022298709960369822 0.021967769365185845 -0.0086446514921782354 -0.0068209206435243834 0.0067003570090394642 0.018157683803934368 0.0051077940626489231 0.0015690840268159395 -0.012203548272990855 0.0047797015461772622 -0.00015782655798111904 -0.040215658096538591 0.014266569664419528 -0.0039181021730209141
leaf_weight=66.68151980638504 18.955701127648354 39.550378136336803 58.674313426017761 328.51345782727003 91.000432133674622 99.61763621866703 58.233765006065369 44.025039084255695 111.57643868029118 129.00586730241776 149.00976820290089 1888.463635802269 10.527969926595686 452.90633770078421 281.22857394814491 1845.3881847262383 50.284602224826813 9.0041962862014753 117.96066443622112 156.14380596578121 187.29665952920914 16.337577506899834 683.31656963378191 305.67996899783611 56.394753396511078 141.2507763132453 133.34192268550396 11.355925828218458 14.188690125942228 429.15247690677643
leaf_count=306 85 223 261 1616 432 481 252 234 548 612 686 8617 60 2123 1251 8122 285 41 532 699 836 75 3049 1341 246 649 571 49 67 2028
internal_value=0.000221994 -0.000259828 0.00120807 -0.0019757 -0.00036371 0.00479005 -0.00357531 -0.00481709 -0.00114452 0.000405323 0.00386423 -0.000874983 0.00328025 -0.00461952 0.00940968 0.00345181 0.012686 -0.00741341 0.00188848 -0.00129697 0.00131582 -0.00445493 0.00387823 0.00154908 -0.000576065 -0.000869963 -0.00480242 -0.013702 -0.0069922 -0.0069877
internal_weight=7985.07 7223.19 3892.89 3330.3 2124.83 761.877 872.774 1205.47 447.806 403.781 278.016 1947.14 1945.75 806.093 300.184 1935.22 89.835 461.911 1252.06 477.739 359.778 172.481 774.317 461.692 362.075 344.182 202.932 69.5897 125.765 757.666
internal_count=36377 32973 17568 15405 9614 3404 3991 5791 2147 1913 1298 8878 8690 3685 1336 8630 508 2164 5623 2142 1610 774 3481 2068 1587 1521 872 301 615 3644
cat_boundaries=0 1 2 3 4 5 6
cat_threshold=1911911 1566016 1608346 8656992 3 10428808
is_linear=0
shrinkage=0.03


Tree=105
num_leaves=31
num_cat=0
split_feature=29 13 5 16 11 32 14 28 30 21 30 28 20 25 10 7 13 7 25 15 31 28 21 7 16 10 21 21 11 20
split_gain=18.0361 17.2138 17.2471 13.1896 11.5902 11.8679 11.3669 11.4971 13.0188 10.6029 10.1567 11.865 14.3668 12.8284 8.96824 9.83955 8.62832 8.39666 8.26784 10.6773 8.02262 9.97693 8.12859 7.99378 13.2084 7.98402 8.17797 7.59861 7.47271 7.42843
threshold=0.034999999999999705 50.500000000000007 3.5000000000000004 4.6458333333333348 32.435000000000009 -0.5619047619047618 1.0000000180025095e-35 6.7910000000000013 0.89444444444444449 37.105000000000011 0.43650793650793657 6.7970000000000015 -1.885 36.141000000000012 28.960000000000004 4.6350000000000007 39.500000000000007 6.9850000000000012 36.411000000000008 0.10555555555555557 0.39051587301587309 6.6950000000000012 55.185000000000009 7.2950000000000008 1.9500000000000002 30.655000000000005 32.620000000000012 61.795000000000009 34.57500000000001 -2.0049999999999994
decision_type=2 2 2 10 2 10 8 2 8 2 10 2 2 2 2 2 2 2 2 10 10 2 2 2 10 2 2 2 2 2
left_child=1 2 4 -4 5 16 -3 8 9 25 11 12 -6 -13 -2 -16 -1 -11 23 -20 21 -21 -23 -7 -25 -8 -27 -22 -12 -17
right_child=14 6 3 -5 10 18 7 -9 -10 17 28 13 -14 -15 15 29 -18 -19 19 20 27 22 -24 24 -26 26 -28 -29 -30 -31
leaf_value=0.0027668688039543033 0.00025509232403661943 0.008225763301314238 0.001635411815911677 0.01404070431511145 0.01948294186510633 -0.00086973775957788625 0.0087212367596062063 -0.00077508820540965191 -0.020691455350976974 0.0085228636900292736 -0.0054545402617749462 -0.014388210853023152 -0.0043009983716650723 0.0011539801750214346 -0.021773276747096424 0.019159030181449009 0.018276777308993609 0.034114257173473925 0.020737132207579959 -0.02290720020271661 0.0065859304383635289 0.0034037303093690575 -0.013757855524375386 0.01813348709214832 -0.023254064998380564 0.0036652306389735366 -0.031253038556483634 0.035067423752255217 -0.00068431692289318464 -0.0059272290817771623
leaf_weight=80.026657693088055 267.14848255366087 352.63724562525749 1806.136479370296 80.577872484922409 26.383100494742393 1363.176954433322 18.417603984475136 559.40998135507107 15.454054087400435 270.07508525252342 377.94164120405912 207.26147697120905 171.07056986540556 62.121481612324715 35.289879813790321 10.854147285223005 54.10700349509716 12.053800001740454 30.890561461448669 17.263524949550629 93.666190192103386 168.5244947373867 29.13364066183567 8.8514122366905195 32.135631591081619 10.065049111843111 15.08153013885021 9.2642990499734861 1355.9038919955492 499.95013055950403
leaf_count=384 1190 1637 8030 401 121 6185 79 2459 67 1183 1721 977 800 292 152 45 255 55 142 75 426 765 129 51 174 47 68 42 6188 2485
internal_value=-1.3412e-05 0.000463188 -0.000207349 0.00216522 -0.00130242 0.00042268 0.00365988 0.00187199 0.00621264 0.00748923 -0.00278166 -0.00670939 -0.00112307 -0.0108041 -0.00424915 -0.00645262 0.00902328 0.00961624 -0.000235444 0.00389878 0.00226234 -0.00103602 0.000874214 -0.00126223 -0.0143162 -0.00628564 -0.0172768 0.00914942 -0.00172412 -0.00539417
internal_weight=8040.87 7227.63 5974.44 1886.71 4087.72 1887.04 1253.19 900.557 341.147 325.693 2200.68 466.837 197.454 269.383 813.243 546.094 134.134 282.129 1752.91 348.743 317.852 214.922 197.658 1404.16 40.987 43.5642 25.1466 102.93 1733.85 510.804
internal_count=36625 32753 27158 8431 18727 8628 5595 3958 1499 1432 10099 2190 921 1269 3872 2682 639 1238 7989 1579 1437 969 894 6410 225 194 115 468 7909 2530
is_linear=0
shrinkage=0.03


Tree=106
num_leaves=31
num_cat=0
split_feature=9 13 6 14 28 26 22 24 28 32 14 28 24 11 13 8 23 26 7 24 9 28 31 1 13 29 16 9 22 20
split_gain=18.5916 12.9281 15.4211 11.6674 12.0155 11.5724 11.5589 11.5501 10.178 9.56322 8.88446 9.43307 8.8356 9.8434 8.64009 12.2319 9.38847 8.90036 8.60204 8.57362 8.35144 10.5973 8.09651 11.541 10.184 8.90761 7.82602 7.64908 9.61953 9.25346
threshold=7.4150000000000009 51.500000000000007 1.5000000000000002 1.0000000180025095e-35 7.0070000000000014 1.0000000180025095e-35 33.027000000000008 40.255000000000003 6.7910000000000013 0.068055555555555577 0.61250000000000016 6.6830000000000007 48.95000000000001 44.705000000000005 23.500000000000004 9.3400000000000016 -38.284999999999989 -29.814999999999994 3.0650000000000004 35.945000000000007 7.745000000000001 6.9570000000000016 0.22888888888888892 7.5000000000000009 45.500000000000007 0.044999999999999936 4.2111111111111121 5.0050000000000008 38.557000000000009 -1.9499999999999997
decision_type=2 2 2 8 2 2 2 2 2 10 8 2 2 2 2 2 2 2 2 2 2 2 10 2 2 2 8 2 2 2
left_child=1 2 9 4 7 14 8 -3 -5 18 11 -7 13 22 15 -4 -17 -18 -1 -20 -2 -22 24 -24 -11 -25 -8 29 -29 -16
right_child=20 3 5 6 -6 10 26 -9 -10 12 -12 -13 -14 -15 27 16 17 -19 19 -21 21 -23 23 25 -26 -27 -28 28 -30 -31
leaf_value=0.016486741974522906 -0.010002348312183926 0.0027030190519507198 0.019518214330181156 0.0040665392120417905 -0.017900017956606642 -0.017455360782555131 0.0068549542750298885 0.014460919452202016 -0.0055254023832357916 -0.014864689974184445 0.022176139135092251 -0.0021964767484611864 -0.019047085413470787 -0.023803963671368954 0.00036239185945840895 -0.041573477353809979 0.02237690960861053 -0.0081374722344446874 -0.0064754811491548993 -0.00078785351138339996 0.000203173849049861 -0.021090218355662542 0.01293862639713806 -0.0083381197392058751 0.013023008304469768 0.022432269240547403 -0.013872711797853897 -0.00029604060328376053 0.0042657869015634087 0.0057918298560658329
leaf_weight=23.896419890224934 224.02462611347437 130.6404754370451 16.336288698017597 160.35812768340111 15.145461410284041 38.59497281908989 296.60209791362286 177.15560567378998 262.60431257635355 71.658513359725475 12.806320719420908 660.02655196934938 47.539608724415302 22.588289692997932 442.70055629312992 7.069140449166297 9.2041752189397794 131.67169677466154 279.72362823784351 1619.770395308733 211.98390325903893 23.352481931447983 50.211001753807068 79.362787500023842 14.104968018829821 9.4784059152007085 17.353050827980042 1633.0821153745055 558.23294147849083 780.75688476860523
leaf_count=137 1109 599 97 703 69 170 1306 836 1151 389 62 2977 245 121 2156 41 41 580 1264 7321 1061 119 252 411 73 53 85 7367 2474 3335
internal_value=3.72203e-06 0.000359388 -0.000140936 0.00343199 0.00818678 0.000909061 0.00134828 0.00947042 -0.0018888 -0.00217174 -0.00258554 -0.00303945 -0.00720181 -0.00492569 0.0016037 -0.00511651 -0.00783671 -0.0061438 -0.0014004 -0.00162543 -0.00585642 -0.00190977 -0.00302891 0.00144224 -0.0102782 -0.00505525 0.00570929 0.00192701 0.000866075 0.00382722
internal_weight=8028.04 7568.67 6508.82 1059.86 322.942 4290.48 736.918 307.796 422.962 2218.33 711.428 698.622 294.944 247.404 3579.05 164.281 147.945 140.876 1923.39 1899.49 459.361 235.336 224.816 139.052 85.7635 88.8412 313.955 3414.77 2191.32 1223.46
internal_count=36604 34315 29566 4749 1504 19300 3245 1435 1854 10266 3209 3147 1544 1299 16091 759 662 621 8722 8585 2289 1180 1178 716 462 464 1391 15332 9841 5491
is_linear=0
shrinkage=0.03


Tree=107
num_leaves=31
num_cat=6
split_feature=29 7 0 0 13 10 1 4 21 15 22 16 28 8 30 21 31 10 22 6 32 11 0 4 16 0 8 13 15 8
split_gain=18.9552 15.3782 14.8798 13.5601 13.2422 11.5653 11.5246 12.9772 11.2816 14.8342 10.2449 11.4102 10.0705 9.86271 9.70268 9.67693 9.5446 9.94683 10.0991 9.50767 9.79515 14.093 9.35112 8.93503 8.91826 8.9092 8.70542 8.64196 8.50001 9.38537
threshold=-1.0000000180025095e-35 7.6750000000000007 0 1 47.500000000000007 27.600000000000005 6.5000000000000009 2 38.745000000000012 0.5277777777777779 34.661000000000008 3.7071428571428577 6.7590000000000012 26.750000000000004 0.23611111111111113 32.225000000000001 0.43563492063492065 24.020000000000003 20.833000000000002 3.5000000000000004 -0.39444444444444432 19.555000000000003 3 4 4.8660714285714297 5 42.125000000000007 41.500000000000007 0.15476190476190479 47.465000000000011
decision_type=2 2 1 1 2 2 2 1 2 8 2 8 2 2 10 2 10 2 2 2 10 2 1 1 10 1 2 2 10 2
left_child=1 3 8 4 19 15 7 10 9 -2 11 22 -6 -13 -14 -4 17 18 -9 20 21 -1 -5 -10 26 -17 -21 -23 -8 -30
right_child=2 -3 5 6 12 -7 28 16 23 -11 -12 13 14 -15 -16 25 -18 -19 -20 24 -22 27 -24 -25 -26 -27 -28 -29 29 -31
leaf_value=0.020354227844737737 -0.0026949049237911383 -0.015416445203909125 0.01689355257416823 0.0045550591708667957 0.011489770622984794 -0.0065455103769570767 0.0038084284549362857 -0.013577491896611719 -0.0028738201360072224 -0.025942510581696467 0.011311124603864842 0.002947375378053211 -0.020945432660774536 0.017872044967106048 0.004396538498797363 0.0024903676726806055 0.0091315312947708865 -0.0046401369973221107 0.0047764099105888202 0.0010140291294028214 -0.0011243752806803374 -0.0002740675968146189 -0.0057109663932203136 0.0035580353500683465 0.034147843746602735 -0.0065335563807531654 0.0096937980203482439 0.010432559297918207 -0.0049883209434460601 0.00100156465640881
leaf_weight=43.542179793119431 138.26163111627102 51.765067160129547 27.154930226504803 138.88312235474586 210.49602563679218 857.911467269063 170.46489444375038 30.576957046985626 272.55683168768883 30.076903462409973 156.92210310697556 102.91374635696411 13.969803795218466 65.031450107693672 509.96558353304863 210.7206719070673 74.532932788133621 490.29944932460785 229.46414372324944 255.21247212588787 1232.535194247961 280.96051416546106 163.11174073815346 625.77807644754648 9.3619893640279752 169.83951498568058 175.51659993827343 89.451931238174438 863.60467229783535 323.66051907092333
leaf_count=202 672 274 121 631 945 4253 785 134 1243 178 708 486 63 280 2284 936 333 2169 1055 1116 5459 1283 741 2850 48 749 775 406 3788 1577
internal_value=-7.44091e-05 0.000860304 -0.00235167 0.00100995 0.00247423 -0.00453271 -0.000467498 0.00138901 0.000276064 -0.00684853 0.00460079 0.00245799 0.0059475 0.00872648 0.00372084 -0.000408552 -0.0010943 -0.00212464 0.00261826 0.00126358 0.00021661 0.00420935 -0.00102804 0.00161421 0.00518053 -0.00164315 0.00455092 0.00231151 -0.00245599 -0.00335542
internal_weight=8014.54 5682.24 2332.3 5630.48 2821.01 1265.63 2809.47 1451.74 1066.67 168.339 626.862 469.94 734.431 167.945 523.935 407.715 824.873 750.341 260.041 2086.58 1646.49 413.955 301.995 898.335 440.091 380.56 430.729 370.412 1357.73 1187.27
internal_count=36544 25542 11002 25268 12581 6059 12687 6537 4943 850 2846 2138 3292 766 2347 1806 3691 3358 1189 9289 7350 1891 1372 4093 1939 1685 1891 1689 6150 5365
cat_boundaries=0 1 2 3 4 5 6
cat_threshold=2221835 5847099 90 280320 176 4327652
is_linear=0
shrinkage=0.03


Tree=108
num_leaves=31
num_cat=6
split_feature=10 13 0 17 13 0 18 31 18 0 10 16 4 22 7 25 0 21 27 18 26 6 12 21 7 21 26 28 27 10
split_gain=17.8713 12.6946 11.8141 11.4389 11.5031 14.3837 14.2956 15.1892 12.3004 11.9045 10.9912 13.5577 12.8351 11.4745 10.5029 9.96078 9.95111 12.6072 9.79325 9.58955 9.19657 12.3179 10.4936 8.74225 8.63246 8.41281 8.26056 7.93868 9.32771 8.22416
threshold=39.455000000000005 58.500000000000007 0 1 41.500000000000007 2 5.8050000000000006 0.24000000000000005 4.7750000000000012 3 31.230000000000004 2.7071428571428577 4 36.677000000000007 5.3150000000000004 35.805000000000007 5 42.905000000000008 6.8350000000000009 7.1650000000000009 -10.900000000000002 1.0000000180025095e-35 6.6450000000000005 49.595000000000006 6.9250000000000007 52.805000000000007 3.1050000000000009 7.1000000000000014 7.2150000000000007 41.085000000000008
decision_type=2 2 1 1 2 1 2 8 2 1 2 10 1 2 2 2 1 2 2 2 2 2 2 2 2 2 2 2 2 2
left_child=3 2 -2 18 9 6 7 -6 -7 -5 13 -12 19 25 16 -3 17 -14 -1 -13 21 -8 -22 -18 -11 -10 -16 29 -29 -4
right_child=1 15 27 4 5 8 20 -9 10 24 11 12 14 -15 26 -17 23 -19 -20 -21 22 -23 -24 -25 -26 -27 -28 28 -30 -31
leaf_value=1.2891085405031218e-06 -0.0043184383826207137 0.020749191783622251 -0.0061874164620961481 0.0015636367269262947 0.0054688005479533999 -0.020293196831373737 0.04415264442892506 -0.014032209179193511 0.0029159767242976126 -0.0019725773064513397 -0.015422623245692884 0.010837906473109154 -0.021005272140793532 0.010757595710107514 0.0043682087707162913 -0.012396358562426584 -0.013073623531691038 0.010573030595471608 0.016311579013430926 -0.016221585627504087 -0.015460328512049691 0.011068948930701702 0.0062388145763148132 -0.037324351529394111 -0.014978897107529112 -0.0065257090348861289 -0.022129098607800109 -0.038121188812443682 -0.0042227069582659055 0.0003158269035658149
leaf_weight=54.136250048875809 1194.5130672901869 37.648888997733593 193.85558894276619 1361.0097071155906 89.432235926389694 24.946035712957382 10.592513248324392 60.106907308101654 508.50839333981276 1265.0514686107635 66.120479077100754 103.33895763754845 17.070432528853416 143.84296756982803 98.949054643511772 10.417849436402319 36.966347843408585 34.124308362603188 85.393327854573727 13.304469659924505 21.323801025748253 231.3034046664834 337.84584479033947 20.967136919498444 47.657205693423748 101.96551647037268 11.857773870229719 10.71205288171768 22.973666623234749 1800.7279788926244
leaf_count=268 5745 167 862 6053 386 113 49 263 2272 5609 294 446 71 680 425 46 156 150 424 58 95 1056 1514 94 249 481 52 51 99 8355
internal_value=-3.21012e-05 -0.00173829 -0.00196654 0.00114382 0.000874161 0.00263943 0.00585286 -0.00236958 0.00054462 -0.00039851 0.000998604 -0.00300325 -0.000563476 0.00313503 -0.00475705 0.0135653 -0.0115794 3.64129e-05 0.00931568 0.0071394 0.0079959 0.0125177 0.00495054 -0.0186339 -0.00242628 0.00133896 0.00153265 -0.000557392 -0.0150024 -0.00031623
internal_weight=8016.66 3270.85 3222.78 4745.81 4606.28 1932.57 750.605 149.539 1181.96 2673.72 1157.02 402.699 336.578 754.317 219.935 48.0667 109.128 51.1947 139.53 116.643 601.066 241.896 359.17 57.9335 1312.71 610.474 110.807 2028.27 33.6857 1994.58
internal_count=36583 15325 15112 21258 20566 8655 3363 649 5292 11911 5179 1746 1452 3433 948 213 471 221 692 504 2714 1105 1609 250 5858 2753 477 9367 150 9217
cat_boundaries=0 1 2 3 4 5 6
cat_threshold=11637568 8 1592626 3222351 464 4694081
is_linear=0
shrinkage=0.03


Tree=109
num_leaves=31
num_cat=0
split_feature=32 6 1 25 11 13 8 30 6 13 18 31 19 11 32 29 24 15 28 12 29 13 20 12 19 19 29 24 8 27
split_gain=14.8218 10.6049 12.5803 10.407 9.24244 13.5918 10.7709 9.16945 9.00484 11.6961 12.1326 11.0229 9.73774 8.59427 9.93641 8.31436 8.30546 8.261 7.77239 7.73329 9.05845 8.66318 7.93063 7.67806 8.22716 8.43166 7.64804 7.47491 9.05161 8.03504
threshold=0.054563492063492099 2.5000000000000004 10.500000000000002 31.597000000000005 30.885000000000002 36.500000000000007 20.080000000000002 0.31666666666666671 1.5000000000000002 48.500000000000007 7.1450000000000005 0.13166666666666671 5.3690000000000007 21.575000000000003 -0.57638888888888873 0.039999999999999598 52.655000000000008 0.18333333333333338 7.0730000000000013 7.035000000000001 -0.18000000000000013 45.500000000000007 -1.5050000000000001 6.7650000000000006 4.7670000000000021 4.8970000000000011 -0.010000000000000229 61.180000000000007 20.890000000000004 6.8350000000000009
decision_type=8 2 2 2 2 2 2 8 2 2 2 10 2 2 10 2 2 10 2 2 2 2 2 2 2 2 2 2 2 2
left_child=3 2 7 8 19 16 -7 -2 9 11 -11 -1 15 14 -13 -10 -6 26 -3 20 -5 22 -21 -9 -25 -26 -14 28 29 -8
right_child=1 18 -4 4 5 6 27 23 12 10 -12 13 17 -15 -16 -17 -18 -19 -20 21 -22 -23 -24 24 25 -27 -28 -29 -30 -31
leaf_value=0.028828700022544781 -0.0099867535903127164 0.00080605917269822944 -0.012631405474057137 0.023456587696339085 -0.003052507344247256 0.0086106664446698195 0.0042797386838744882 -0.0056635352526053923 -0.0005525565679543493 0.0059586701281712602 -0.019604161381588842 0.031851638580666475 0.020913898095954817 -0.0086982115542958982 -0.0019690713608686871 -0.0097516826511517794 0.0051820437374855265 0.0023063639177282554 -0.018201405454477911 0.019401540845474317 0.0033891328524977495 -0.025207397230667086 -0.010585534274759242 -0.0048818415858105898 0.026204403791253085 0.0043205251102861808 -0.0045827461946734774 -0.0090906460640571753 0.0018180902584273412 -0.028816697228276802
leaf_weight=8.0184154957532865 133.50189428031445 530.67142050713301 167.21715767681599 20.531828016042709 1031.4166065603495 194.85938992351294 11.026963472366335 171.59492865949869 840.27925531566143 146.20342467725277 18.866420239210129 8.3873474895954114 42.57304260134697 410.20374128967524 115.2128091827035 98.825379408895969 123.42872940003872 386.08417536318302 20.095116399228573 12.748923018574713 1447.7636545598507 17.638959884643555 21.031953796744347 80.648483395576477 18.15786874294281 124.42880925536156 14.093499362468718 61.491633012890816 1744.2399230897427 16.451425969600677
leaf_count=38 694 2514 893 94 4654 963 51 867 3726 646 88 39 212 1877 521 450 552 1722 92 61 6504 78 89 429 91 596 66 270 7727 75
internal_value=9.96519e-06 -0.0029973 -0.00545982 0.000561841 0.00134451 0.000425515 0.00190485 -0.00319001 -0.00120027 -0.00395431 0.003037 -0.00608426 0.000208572 -0.0066087 0.000325958 -0.00152061 -0.00217241 0.00387629 0.000112558 0.00326926 0.00366974 -0.00816646 0.000731606 -0.00089186 0.002776 0.00710735 0.0145726 0.00119206 0.00154895 -0.0155352
internal_weight=8037.69 1246.32 695.549 6791.38 4702.63 3182.91 2028.07 528.332 2088.75 706.892 165.07 541.822 1381.86 533.804 123.6 939.105 1154.85 442.751 550.767 1519.72 1468.3 51.4198 33.7809 394.83 223.235 142.587 56.6665 1833.21 1771.72 27.4784
internal_count=36679 6176 3570 30503 21118 14292 9086 2677 9385 3209 734 2475 6176 2437 560 4176 5206 2000 2606 6826 6598 228 150 1983 1116 687 278 8123 7853 126
is_linear=0
shrinkage=0.03


Tree=110
num_leaves=31
num_cat=1
split_feature=16 5 4 10 31 26 31 6 29 10 29 24 24 29 31 24 31 28 32 8 25 13 8 13 31 15 11 11 31 29
split_gain=17.3155 16.8867 15.0373 14.0801 9.54371 9.09069 9.11291 8.97113 8.48483 9.13231 8.26589 8.07178 10.8256 8.62909 8.03316 8.47764 8.00784 9.29581 7.7773 9.56637 8.27657 7.77157 7.59519 13.3819 10.8787 10.1846 7.56541 9.33671 7.43664 7.06856
threshold=3.7071428571428577 4.5000000000000009 0 20.995000000000001 0.22000000000000006 -29.814999999999994 0.297936507936508 1.5000000000000002 0.029999999999999808 32.150000000000006 0.090000000000000316 41.395000000000003 44.915000000000006 -0.1400000000000001 0.23999999999999999 45.32500000000001 0.26449735449735456 6.7730000000000006 -0.37321428571428567 17.675000000000001 36.141000000000012 22.500000000000004 9.3400000000000016 24.500000000000004 0.45333333333333342 0.10555555555555557 26.275000000000002 28.955000000000002 0.59354166666666675 -0.15499999999999978
decision_type=8 2 1 2 8 2 10 2 2 2 2 2 2 2 10 2 8 2 8 2 2 2 2 2 8 10 2 2 10 2
left_child=1 8 3 22 21 6 -5 11 29 10 -10 13 18 -6 -14 -16 17 -15 19 -13 -21 -4 -2 25 -25 -24 -17 -28 -11 -1
right_child=2 -3 4 5 7 -7 -8 -9 9 28 -12 12 14 16 15 26 -18 -19 -20 20 -22 -23 23 24 -26 -27 27 -29 -30 -31
leaf_value=0.0051438504040123376 0.023482224199278746 0.0024116426243662053 -0.022511610687680476 -0.044479243067302027 0.023125236151910374 -0.0049256288973365484 -0.0037848875539019649 0.0062124006530644652 0.0017219401129323476 -0.0082373782144420336 -0.019075996822425563 0.031052790646884917 0.020068648125772914 0.028212549986969582 -0.030183900860395893 0.013875862261977241 -0.0066658525609136132 -0.0018253773477084972 0.021868242771076154 -0.0095286068941433499 0.016989076623814322 -0.00021313706499129966 -0.038150554326382091 0.0073522291353637194 -0.026959666680473584 -0.0014233762838921451 -0.025408022188144461 -0.00029111997766563644 0.017743938535837205 -0.001627235869991604
leaf_weight=143.82707795500755 16.268381975591183 991.43261945992708 14.689894005656241 10.786653324961664 11.065217636525629 323.5784810334444 9.1568513810634595 893.95225562155247 198.69288628548384 419.31395292282104 18.828286349773407 10.539954721927641 16.297477021813393 13.589928686618803 9.093217268586157 27.315095126628876 187.66654461622238 29.185511186718941 44.693954512476921 31.292864233255386 16.014041408896446 331.73890768736601 11.859218135476114 150.68920908868313 8.8020298928022367 15.91430017352104 15.422899603843687 97.690113104879856 10.155225977301596 3936.6945053935051
leaf_count=616 95 4372 68 47 55 1422 41 4153 892 2145 85 61 78 63 43 134 867 129 199 141 73 1456 58 702 43 73 71 452 50 17906
internal_value=-0.000264415 -0.00114812 0.00193548 -0.00238888 0.003282 -0.00613721 -0.0257949 0.00440123 -0.00189465 -0.00508645 -7.82962e-05 0.00122568 0.00480652 -0.00275329 6.8238e-05 -0.00211176 -0.00399591 0.00771779 0.0124688 0.00520653 -0.000552005 -0.00115868 0.00382017 0.00211206 0.00545862 -0.0171058 -0.00029399 -0.0037158 -0.00762302 -0.00138857
internal_weight=8016.25 5718.94 2297.3 547.055 1750.25 343.522 19.9435 1403.82 4727.51 646.99 217.521 509.867 268.36 241.507 165.819 149.521 230.442 42.7754 102.541 57.8469 47.3069 346.429 203.533 187.265 159.491 27.7735 140.428 113.113 429.469 4080.52
internal_count=36590 26066 10524 2481 8043 1510 88 6519 21694 3172 977 2366 1252 1114 778 700 1059 192 474 275 214 1524 971 876 745 131 657 523 2195 18522
cat_boundaries=0 1
cat_threshold=33
is_linear=0
shrinkage=0.03


Tree=111
num_leaves=31
num_cat=8
split_feature=14 26 0 0 13 9 29 0 0 32 23 19 4 1 19 0 1 0 0 21 21 28 24 18 13 24 7 29 6 21
split_gain=14.3928 16.1013 12.8118 12.2027 13.1829 10.238 11.5195 11.2711 10.9435 9.11011 9.09749 8.82865 9.83497 13.8034 13.0024 9.28885 8.94499 14.5664 13.1365 10.2592 16.4697 10.9257 10.1963 9.44749 9.14181 8.73121 8.68975 8.63904 8.63862 8.40261
threshold=0.18333333333333338 0.1800000000000033 0 1 58.500000000000007 7.4150000000000009 -0.14999999999999988 2 3 -0.58611111111111092 -40.384999999999991 5.3990000000000018 4 10.500000000000002 5.4310000000000018 5 6.5000000000000009 6 7 35.875000000000007 40.615000000000009 6.8580000000000014 40.195000000000007 5.0950000000000006 46.500000000000007 30.030000000000005 6.9050000000000011 -0.015000000000000123 1.5000000000000002 53.355000000000011
decision_type=8 2 1 1 2 2 2 1 1 10 2 2 1 2 2 1 2 1 1 2 2 2 2 2 2 2 2 2 2 2
left_child=1 2 -1 25 5 6 8 -7 -5 -4 -11 16 -13 15 -15 -14 18 28 -8 27 21 24 -22 -19 -21 -2 -16 -20 -18 -9
right_child=3 -3 9 4 -6 7 11 29 -10 10 -12 12 13 14 26 -17 17 23 19 20 22 -23 -24 -25 -26 -27 -28 -29 -30 -31
leaf_value=0.0047119605450166623 0.02302240067956178 -0.0030828740049334033 0.0061722706595601839 -0.0016893501091595376 0.013989009905197329 -0.00086607904014227315 0.0022202677850310486 -0.019489904670081395 0.017274276761463578 0.014283045117929969 -0.0002140178670265227 -0.0031746629044698293 -0.0022067067996535622 0.032886828231309499 -0.0070943966284002201 0.0077935927099700899 -0.0062183221025528647 0.015470802284966112 -0.0057538502874858889 0.011983940291883979 -0.011099422931420752 -0.0063865082330666137 -0.00099441396385725029 -0.0094184132562133809 0.045476367045334282 0.0023870423611335335 0.0041661608817171345 -0.022376466598255387 0.0045705285021997973 -0.0055289961108213048
leaf_weight=1116.9097485169768 19.207878857851028 640.91082379966974 249.18949775397778 57.33070969581604 46.466637209057808 148.15480098873377 477.94719173014164 88.548980198800564 45.978320017457008 39.768446385860443 1913.2120071873069 514.78111184388399 109.56864015758038 8.9540898799896222 211.02491622418165 344.21731093525887 114.690191231668 14.113450564444063 69.559620462357998 46.669687315821648 153.5930093973875 25.809272490441799 216.61007776856422 499.66908390074968 8.7023626118898374 470.24909771978855 87.149983018636703 47.255306497216225 159.94137369096279 69.060047797858715
leaf_count=5022 83 2850 1221 244 206 770 2200 486 193 235 8464 2379 480 45 984 1529 541 76 348 229 688 130 963 2370 41 2047 456 279 718 341
internal_value=-1.60757e-05 0.00127039 0.002111 -0.00127232 -0.0018805 -0.00209537 -0.00159626 -0.00734102 0.0082591 0.000766947 8.11851e-05 -0.00192361 -6.87671e-06 0.00214969 -0.00273352 0.00550209 -0.00325645 -0.00566949 -0.0014379 -0.00447532 -0.00250338 0.00973386 -0.00518687 -0.00856795 0.0172477 0.00313283 -0.00380318 -0.0124782 6.26637e-05 -0.0125748
internal_weight=8015.24 3959.99 3319.08 4055.25 3565.8 3519.33 3213.57 305.764 103.309 2202.17 1952.98 3110.26 1275.7 760.915 307.129 453.786 1834.56 788.414 1046.15 568.199 451.384 81.1813 370.203 513.783 55.372 489.457 298.175 116.815 274.632 157.609
internal_count=36618 17792 14942 18826 16696 16490 14893 1597 437 9920 8699 14456 5873 3494 1485 2009 8583 3705 4878 2678 2051 400 1651 2446 270 2130 1440 627 1259 827
cat_boundaries=0 1 2 3 4 5 6 7 8
cat_threshold=1665027 14 3109024 624161 37 4464769 1646785 8713568
is_linear=0
shrinkage=0.03


Tree=112
num_leaves=31
num_cat=7
split_feature=29 0 17 30 29 25 0 0 21 20 5 24 0 18 24 9 0 9 10 15 21 32 32 25 29 20 15 0 18 26
split_gain=19.1544 14.6613 13.7767 12.1857 11.3952 10.3867 12.3379 11.3861 10.3021 9.83749 9.64647 9.03776 14.3646 9.0104 10.3963 8.62393 10.8241 11.5038 11.089 10.4387 9.22854 8.61664 8.40973 10.9786 8.51093 8.35379 8.17952 7.9687 7.79629 7.48423
threshold=-0.084999999999999951 0 1 0.38750000000000007 -0.15499999999999978 33.757000000000012 2 3 57.705000000000005 0.15499999999999983 6.5000000000000009 45.955000000000005 4 6.9250000000000007 48.655000000000008 7.4150000000000009 5 8.0550000000000015 57.525000000000013 0.29285714285714287 56.195000000000007 0.30079365079365084 -0.5263888888888888 29.963000000000005 -1.0000000180025095e-35 -0.46500000000000025 0.64583333333333337 6 6.9250000000000007 -3.7650000000000001
decision_type=2 1 1 8 2 2 1 1 2 2 2 2 1 2 2 2 1 2 2 10 2 8 10 2 2 2 10 1 2 2
left_child=1 3 15 -1 -5 7 9 10 25 -7 21 26 13 14 -13 -2 18 -18 -17 -20 -19 -4 23 24 -9 -6 -3 -27 -25 -10
right_child=2 11 5 4 8 6 -8 22 29 -11 -12 12 -14 -15 -16 16 17 20 19 -21 -22 -23 -24 28 -26 27 -28 -29 -30 -31
leaf_value=-0.0072170369235920037 -0.0021916926577851487 0.0032109782069290288 0.00059924863165794018 0.016760952744862168 0.0069693800681071639 0.003338796058770179 -0.00049821446224224304 0.023302098472873154 0.010147183814367826 0.015758699721311702 0.013486059963493077 -0.035502454987453358 0.00080079227871043715 3.6578347648523868e-05 -0.011206268049057297 -0.015261261304002616 -0.016796718498151782 -0.0093217027037730948 0.032916815191969415 0.0012139063214150147 0.020148802280787567 -0.027554753714445525 -0.0039774287595167566 -0.010858865785951969 -0.0028349021365568225 0.0057017586907821107 -0.010536006357145696 -0.0067761482537220755 0.009825478724817014 0.032514800627730427
leaf_weight=57.113816156983376 1669.0073875635862 550.81577437371016 972.52226354926825 96.182918325066566 304.80724669992924 833.60215143859386 1193.0525001809001 34.696993216872215 45.253839515149593 61.641410157084465 52.740933999419212 25.43148048222065 189.53003288805485 27.408665224909782 42.073820143938065 34.034379735589027 140.74899204075336 26.967240005731583 10.482481099665163 86.322998829185963 14.817856088280676 9.8830587863922101 1218.1035834401846 45.259976804256439 16.566150814294815 73.35828585922718 41.918853729963303 94.037150278687477 25.719761893153191 19.164922222495079
leaf_count=256 8322 2452 4272 434 1379 3653 5255 165 205 308 229 112 846 123 187 176 747 151 49 446 75 48 5351 209 73 319 186 410 122 87
internal_value=-0.000237021 0.00273775 -0.000960203 0.0059677 0.007252 -3.24493e-05 0.00151092 -0.00138936 0.00554763 0.00414763 0.00097759 0.000127837 -0.00426652 -0.0130904 -0.0203594 -0.00303379 -0.00761553 -0.0120339 -0.000493963 0.00464682 0.00112915 0.000316018 -0.00320076 0.00427662 0.0148557 0.00401233 0.00223878 -0.00137209 -0.00336382 0.0168017
internal_weight=8013.27 1567.1 6446.17 689.918 632.804 4463.79 2088.3 2375.49 536.621 895.244 1035.15 877.179 284.444 94.914 67.5053 1982.38 313.374 182.534 130.84 96.8055 41.7851 982.405 1340.35 122.243 51.2631 472.203 592.735 167.395 70.9797 64.4188
internal_count=36647 6996 29651 3090 2834 19685 9216 10469 2400 3961 4549 3906 1268 422 299 9966 1644 973 671 495 226 4320 5920 569 238 2108 2638 729 331 292
cat_boundaries=0 1 2 3 4 5 6 7
cat_threshold=5470626 1 10510699 4296398 11010120 417979 139650
is_linear=0
shrinkage=0.03


Tree=113
num_leaves=31
num_cat=3
split_feature=16 29 21 19 19 24 25 25 4 20 4 20 21 31 18 13 29 7 32 1 28 12 4 13 16 16 25 32 7 25
split_gain=20.8688 9.60331 9.30962 11.0558 13.3556 10.2525 10.2292 9.41667 9.32046 9.12158 9.76921 9.09172 10.2656 8.70668 8.34688 9.53814 8.28486 8.14985 14.0531 10.0216 7.75957 7.36704 7.66815 8.17312 7.28956 7.25927 6.83228 10.1923 8.97707 7.38881
threshold=2.4722222222222228 0.010000000000000233 35.100000000000009 3.8300000000000005 4.5330000000000021 37.785000000000004 30.785000000000007 33.757000000000012 0 -2.6249999999999987 1 0.42000000000000043 41.45000000000001 0.23123015873015876 7.955000000000001 46.500000000000007 0.044999999999999936 6.7350000000000012 -0.25277777777777771 5.5000000000000009 6.9650000000000007 6.7650000000000006 2 32.500000000000007 3.6458333333333335 3.5857142857142863 34.517000000000017 -0.26527777777777767 7.1250000000000009 35.25500000000001
decision_type=8 2 2 2 2 2 2 2 1 2 1 2 2 8 2 2 2 2 10 2 2 2 1 2 10 10 2 8 2 2
left_child=11 9 5 -4 6 -3 16 -7 -6 10 20 12 -1 25 -11 24 -5 19 -19 -14 -2 -20 -23 -24 -16 -10 28 -28 -15 -29
right_child=1 2 3 4 8 7 -8 -9 13 14 -12 -13 17 26 15 -17 -18 18 21 -21 -22 22 23 -25 -26 -27 27 29 -30 -31
leaf_value=0.014665570368639311 0.00016854021827809849 0.0036884540088487853 -0.022289993046885104 0.029063270691631383 -0.00625505416602382 -0.025436909103045451 0.0027703421323007869 -0.0062193761147701686 -0.017863258195792115 0.0009311077353587069 0.0074949877829891239 -0.0089468051005580224 0.0041990950925010666 -0.00032881386866590089 -0.023324847026369718 0.013201838175537859 0.002391881276068198 0.040387571312398202 -0.0065767627420261696 -0.0074983932187456951 -0.02332824680491051 0.015536427676874961 -0.016720628333161965 0.0043304911551407133 0.0062243311755573348 0.0014803206568006022 0.01117564374357085 0.01336559124603392 -0.022037568591268028 -0.0039322443429042698
leaf_weight=30.589829653501511 86.151858985424042 38.913337670266628 21.242836952209473 29.56672228127718 280.5091795399785 40.865019433200359 111.56853669881821 52.339636527001858 41.762183487415314 5235.3069926202297 350.37784700095654 254.47694125026464 80.139378100633621 355.35863045603037 35.14354296028614 11.913629621267317 16.238645754754543 8.0942178368568403 87.655874088406563 371.41807116568089 14.826023250818251 30.343865290284157 21.206953257322311 76.391195178031921 9.5569704324007017 30.006301030516624 124.5643535554409 27.570457920432091 18.012802042067051 114.61962361633778
leaf_count=145 464 203 100 135 1297 210 508 266 195 23069 1929 1483 356 1612 155 50 74 38 435 1710 76 146 109 370 40 131 560 128 99 533
internal_value=6.34111e-05 0.000628823 -0.00169623 -0.000844519 -0.000448301 -0.00924529 0.00767109 -0.0146452 -0.00173586 0.00115637 0.00525014 -0.00408535 -0.00233265 0.000130871 0.000807209 -0.0106502 0.0196079 -0.0031027 0.00157999 -0.0054224 -0.00298569 0.000123032 0.00471321 -0.000221028 -0.0170072 -0.00977574 0.00124361 0.0049104 -0.00137612 -0.000578218
internal_weight=8006.73 7046.42 1303.14 1171.02 1149.78 132.118 157.374 93.2047 992.404 5743.28 451.356 960.316 705.839 711.894 5291.92 56.6141 45.8054 675.25 223.692 451.557 100.978 215.598 127.942 97.5981 44.7005 71.7685 640.126 266.754 373.371 142.19
internal_count=36626 31834 6051 5372 5272 679 717 476 4555 25783 2469 4792 3309 3258 23314 245 209 3164 1098 2066 540 1060 625 479 195 326 2932 1221 1711 661
cat_boundaries=0 1 2 3
cat_threshold=161 288 72
is_linear=0
shrinkage=0.03


Tree=114
num_leaves=31
num_cat=8
split_feature=16 13 0 0 11 10 18 21 11 0 24 21 21 0 0 28 4 11 21 32 24 20 10 18 16 4 25 0 11 10
split_gain=22.7277 15.1802 13.3178 10.6038 15.3151 12.0785 10.2612 13.7226 13.9616 9.74389 10.4354 9.3841 9.23759 11.6093 11.3277 9.18439 8.6392 10.6858 13.5395 9.9174 12.0597 8.681 8.53976 8.53116 8.09836 8.08404 7.97926 14.5888 9.9591 9.28766
threshold=3.7071428571428577 47.500000000000007 0 1 23.105 25.730000000000004 5.6450000000000005 29.645000000000003 30.615000000000006 2 77.350000000000009 59.805000000000007 47.635000000000005 3 4 6.6710000000000003 5 30.215000000000003 48.615000000000002 -0.25634920634920627 46.990000000000002 -0.67500000000000016 16.23 5.9350000000000014 2.9500000000000006 6 32.993000000000009 7 51.770000000000003 36.855000000000011
decision_type=10 2 1 1 2 2 2 2 2 1 2 2 2 1 1 2 1 2 2 10 2 2 2 2 8 1 2 1 2 2
left_child=1 9 22 4 -2 -6 7 8 -4 10 25 -5 14 16 23 -11 19 21 -19 20 -14 -18 -3 -8 -25 -1 27 -17 29 -29
right_child=3 2 6 11 5 -7 12 -9 -10 15 -12 -13 13 -15 -16 26 17 18 -20 -21 -22 -23 -24 24 -26 -27 -28 28 -30 -31
leaf_value=0.0017318642461818478 0.0091767791009353793 0.020142295305467635 -0.01219729865521669 0.0038530653788218408 0.0023123613763651211 -0.0047827552524884161 -0.018134232644659829 -0.010673802477738106 0.026097058574808273 0.0054067619065121461 0.030241593372551105 0.016082606638826779 -0.024595110356130503 -0.0017922005550926835 0.010888953820055646 -0.0014045595603948452 0.014130398821160881 -0.026695804183149284 0.0099797791675607875 0.0064000729711604408 0.015732091027380206 0.041158056451445026 -0.0095163923142692307 0.015498476935041168 -0.0032519285768795505 -0.0032168016048668021 -0.0017367877710682351 -0.0048729787261771905 0.010121552781801544 -0.012035341620186782
leaf_weight=891.84653619676828 147.7411771863699 9.4186833798885328 14.122124746441839 1159.1197359785438 427.02711743116379 436.84975835680962 20.662091195583344 96.881641745567322 21.78914450109005 120.30615116655827 10.421074956655501 59.361572377383709 24.765800267457962 348.98560744524002 267.51997964084148 622.41329952329397 30.355110377073288 10.066392883658407 90.546302959322929 62.925151094794273 9.1358693838119489 16.513891980051994 120.80211591720581 31.609444856643677 60.237128704786301 433.06635165214539 1780.2398718670011 307.75279047340155 26.421621903777122 346.29089620709419
leaf_count=3924 678 41 68 5347 2011 1905 92 454 103 534 46 302 108 1522 1171 2925 133 46 397 280 40 74 526 145 257 1949 8315 1371 129 1752
internal_value=-2.77407e-05 -0.00102108 0.00192593 0.00254461 0.000248511 -0.00127553 0.0029934 -0.00480232 0.0110378 -0.00182382 0.000335804 0.00441265 0.00408774 0.00174866 0.00773948 -0.00271662 0.00660947 0.0110712 0.00631035 -0.00058661 -0.0137277 0.0236534 -0.00684554 -0.000658564 0.00320111 0.000103116 -0.00304242 -0.00482642 -0.00782078 -0.00866517
internal_weight=8005.19 5775.1 1236.34 2230.1 1011.62 863.877 1106.12 132.793 35.9113 4538.76 1335.33 1218.48 973.323 593.294 380.029 3203.42 244.309 147.482 100.613 96.8268 33.9017 46.869 130.221 112.509 91.8466 1324.91 3083.12 1302.88 680.465 654.044
internal_count=36645 26402 5457 10243 4594 3916 4890 625 171 20945 5919 5649 4265 2600 1665 15026 1078 650 443 428 148 207 567 494 402 5873 14492 6177 3252 3123
cat_boundaries=0 1 2 3 4 5 6 7 8
cat_threshold=2099204 9393432 11279 8536155 8471576 100 94 7635536
is_linear=0
shrinkage=0.03


Tree=115
num_leaves=31
num_cat=6
split_feature=17 0 4 7 29 4 0 0 12 27 21 20 13 16 11 9 8 26 21 13 26 12 7 30 13 19 7 10 19 26
split_gain=17.3971 12.0315 14.6013 10.2544 9.72261 9.60585 19.3177 15.9823 12.6444 11.7294 11.8091 8.84697 8.8387 9.88501 8.80548 11.4334 9.51311 8.86648 11.6471 10.4306 8.38762 8.25046 9.61606 8.31048 8.17696 8.24261 8.16147 7.95694 18.5924 7.90943
threshold=0 1 2 3.0650000000000004 0.034999999999999705 3 4 5 6.8650000000000011 6.8150000000000004 43.600000000000009 -0.95499999999999996 23.500000000000004 4.354166666666667 33.905000000000008 5.8650000000000011 54.895000000000003 -12.144999999999998 55.375000000000007 49.500000000000007 10.005000000000001 6.6950000000000012 4.9150000000000009 0.5277777777777779 61.500000000000007 5.0270000000000019 7.6750000000000007 28.960000000000004 4.1990000000000016 -28.569999999999993
decision_type=1 1 1 2 2 1 1 1 2 2 2 2 2 8 2 2 2 2 2 2 2 2 2 8 2 2 2 2 2 2
left_child=5 24 -3 -4 12 6 -1 9 26 10 -7 -10 13 21 16 17 29 18 19 -16 -19 -5 -23 -24 -2 -26 -8 -6 -29 -14
right_child=1 2 3 4 27 7 8 -9 11 -11 -12 -13 14 -15 15 -17 -18 20 -20 -21 -22 22 23 -25 25 -27 -28 28 -30 -31
leaf_value=-0.0043202359463437659 -0.00064971935921203229 -0.0043514964677533966 0.017605463696285482 0.020877112911499372 0.0032733487673360078 -0.030104204324466314 0.0023749174880735146 -0.0058726028459827589 -0.0095505472398169471 0.0047466546091535352 -0.0025129051476505361 0.016939318835275607 0.012184544919090582 -0.029073419662688556 -0.019968187368264834 0.0072799845468965634 -0.025149488979173028 0.0018340157222473653 0.019182940069985773 0.0082709851483602319 -0.011701740984239963 0.0066055395661446144 -0.0024738931092085506 -0.031159039631175431 0.0021977455417824866 0.038264684444837133 -0.019960618735915828 -0.033495188262583596 -0.0029634725137050871 0.0047700183068577762
leaf_weight=499.16553603112698 2498.587664090097 262.15242472290993 42.418326608836651 12.392982855439184 128.29174745082855 17.144121244549751 511.21194070577621 916.16608300060034 13.079352661967276 270.69200993329287 75.193314641714096 85.665513008832932 146.33509471267462 13.852703675627707 55.107172355055809 253.93892706930637 9.1058145016431791 693.09346390515566 11.065922662615774 14.969802543520926 43.805881887674332 30.694390580058098 19.013353630900383 17.415911763906479 13.777474388480188 9.7304638624191266 15.160377800464628 20.392556041479111 149.89311484992504 1124.5444497540593
leaf_count=2484 11043 1155 253 54 561 96 2498 4493 56 1334 349 413 663 71 242 1096 43 3072 51 69 190 141 83 73 62 44 87 99 655 4979
internal_value=0.000130835 0.00105088 0.0023166 0.00295728 0.00274162 -0.00199763 3.34668e-05 -0.00376916 0.00352325 0.00155435 -0.00763573 0.0134306 0.00336562 -0.00568669 0.00372498 0.00171916 0.00540484 -7.04019e-06 -0.00941917 -0.0139358 0.00102937 -0.00161246 -0.00576469 -0.0161875 -0.000482118 0.0171267 0.00173162 -0.00236894 -0.0066198 0.00562376
internal_weight=7974.06 5570.58 3048.48 2786.33 2743.91 2403.48 1124.28 1279.2 625.117 363.029 92.3374 98.7449 2445.34 93.3693 2351.97 1071.98 1279.99 818.042 81.1429 70.077 736.899 79.5166 67.1237 36.4293 2522.1 23.5079 526.372 298.577 170.286 1270.88
internal_count=36509 24699 13550 12395 12142 11810 5538 6272 3054 1779 445 469 10827 422 10405 4720 5685 3624 362 311 3262 351 297 156 11149 106 2585 1315 754 5642
cat_boundaries=0 1 2 3 4 5 6
cat_threshold=1 12554768 32 120 13505805 2494734
is_linear=0
shrinkage=0.03


Tree=116
num_leaves=31
num_cat=10
split_feature=17 29 29 0 0 13 21 13 3 27 0 0 0 26 26 21 11 24 13 11 8 31 0 0 31 1 28 21 4 19
split_gain=17.0082 10.8581 10.748 15.7184 10.6002 10.8072 9.69261 9.15934 9.02167 10.7721 14.155 10.4584 10.3491 8.99109 8.98095 10.1625 8.45234 12.454 8.79711 9.45395 8.3072 8.59224 12.9657 9.29225 10.6894 9.42077 10.4822 8.78339 8.21053 9.25391
threshold=0 -0.10999999999999986 1.0000000180025095e-35 1 2 33.500000000000007 58.255000000000003 61.500000000000007 3 6.8950000000000005 4 5 6 -2.2049999999999979 5.4499999999999984 60.065000000000005 35.905000000000008 39.955000000000005 43.500000000000007 45.035000000000004 9.3400000000000016 0.14472222222222228 7 8 0.39583333333333343 10.500000000000002 6.883 48.355000000000011 9 5.4390000000000009
decision_type=1 2 2 1 1 2 2 2 9 2 1 1 1 2 2 2 2 2 2 2 2 10 1 1 10 2 2 2 1 2
left_child=2 4 8 6 5 -2 -4 20 12 10 -10 13 -1 -11 15 -7 -13 -18 -19 -20 -3 22 -22 28 -25 -26 -27 -28 -23 -30
right_child=1 7 3 -5 -6 14 -8 -9 9 11 -12 16 -14 -15 -16 -17 17 18 19 -21 21 23 -24 24 25 26 27 -29 29 -31
leaf_value=0.0011282159604541113 -0.013665023320594154 0.010231678260248071 -0.013982914186773509 -0.0013067267667941068 0.007367056600616693 0.0023232663418057947 0.0036259037033846888 0.01510733913558863 0.001394879937455512 0.0059332725349283124 -0.0058475871517075428 0.0034817380635614966 -0.014057966790945562 0.022898018635820888 -0.025994468047052646 0.032993674564593005 0.0079553645781785115 -0.01489554193332661 0.009709917773705003 -0.020141016699000119 0.0041391737780704105 0.0052268807028892006 -0.010468154189158842 -0.00099470958770228406 0.004739227871266509 -0.011776599647191077 -0.010876489772510083 0.022728155130036145 -0.0025806534049932434 0.0066199838656889731
leaf_weight=74.746395736932755 46.404963403940201 76.912869930267334 209.72187533229589 369.7097314670682 426.35940054804087 153.62691125273705 32.492151319980621 38.674423091113567 493.88781160861254 123.16892601549625 465.43288953602314 332.46430878341198 86.411117687821388 36.43322391808033 9.3301510661840421 10.380049228668211 52.175367154181004 88.012263767421246 33.484077200293541 13.357843756675718 81.536389425396919 620.53619679063559 142.73678625375032 2823.1771743446589 562.64615334570408 68.497351229190826 11.471003875136377 17.960338026285172 349.58384298533201 136.91995054483414
leaf_count=352 211 437 1182 1981 1948 684 156 175 2324 573 2231 1562 422 176 40 51 250 424 152 63 362 2741 651 12370 2482 304 50 79 1536 603
internal_value=0.000132514 0.00104241 -0.00196784 -0.00541062 0.00470115 -0.000771583 -0.01116 0.00056509 -0.0008081 -0.000117995 -0.00216536 0.00277246 -0.00736007 0.00922773 0.00263567 0.00426441 0.000600053 -0.00449036 -0.00930563 0.00119737 0.000450123 0.000293879 -0.00543974 0.000573982 -0.000190328 0.00324457 -0.00534292 0.00963059 0.00295423 8.56616e-06
internal_weight=7988.25 5576.75 2411.5 611.924 646.101 219.742 242.214 4930.65 1799.57 1638.42 959.321 679.096 161.158 159.602 173.337 164.007 519.494 187.03 134.854 46.8419 4891.98 4815.07 224.273 4590.79 3483.75 660.575 97.9287 29.4313 1107.04 486.504
internal_count=36572 24724 11848 3319 2934 986 1338 21790 8529 7755 4555 3200 774 749 775 735 2451 889 639 215 21615 21178 1013 20165 15285 2915 433 129 4880 2139
cat_boundaries=0 1 2 3 4 5 6 7 8 9 10
cat_threshold=1 13373645 427128 4 856743 4470928 3674026 10798147 5251083 342
is_linear=0
shrinkage=0.03


Tree=117
num_leaves=31
num_cat=5
split_feature=10 13 0 0 21 32 21 9 0 9 7 8 7 25 0 13 25 12 32 26 0 18 8 21 16 27 7 13 21 31
split_gain=12.9602 13.459 11.6222 9.80729 9.51123 9.26843 10.1456 9.13877 12.3772 13.4303 14.1933 10.0927 9.51154 9.12303 8.65805 8.29714 8.1676 8.04847 7.98842 7.87114 10.5601 7.86385 8.49011 7.77401 7.71291 11.329 9.52591 8.98184 7.70815 10.2789
threshold=27.600000000000005 47.500000000000007 0 1 35.875000000000007 -0.54583333333333328 41.585000000000008 7.4150000000000009 2 7.6350000000000007 7.5050000000000008 45.480000000000011 7.035000000000001 35.607000000000014 3 30.500000000000004 39.129000000000005 6.8050000000000006 0.11111111111111115 -6.2499999999999973 4 4.955000000000001 47.765000000000008 41.45000000000001 3.2678571428571432 6.9150000000000009 6.785000000000001 47.500000000000007 31.835000000000004 0.15690476190476196
decision_type=2 2 1 1 2 8 2 2 1 2 2 2 2 2 1 2 2 2 8 2 1 2 2 2 8 2 2 2 2 8
left_child=1 2 16 -3 14 6 -4 -6 9 17 24 -10 13 -13 -2 -14 -1 -9 -16 -5 -21 22 -20 -18 26 -26 -11 -28 -7 -30
right_child=4 3 5 19 7 28 -8 8 11 10 -12 12 15 -15 18 -17 23 -19 21 20 -22 -23 -24 -25 25 -27 27 -29 29 -31
leaf_value=0.0023413515095167385 0.0023866870950908616 -0.0031750605044865462 -0.023233610844907018 0.010366057283008882 5.7788442546680416e-05 0.007494059738037108 0.0097477916270084647 -0.017965211839992567 -0.018575622351982929 0.020330928973268457 -0.013136496834867456 -0.0053271426908746387 -0.036866816934119265 0.016543886140616311 -0.0047962823939018484 -0.008200015467169924 0.035344789405006675 0.0042285998290484033 -0.012667788038155102 0.0089035947139830419 -0.0036573424471302001 -0.022756967066442937 0.025292249830356831 0.0082848096671239158 0.041592658569413778 0.0015442919421430833 -0.012112225733980023 0.020375532820224657 -0.021459190808989139 -0.0027241473028525266
leaf_weight=860.96866188943386 119.1473288834095 95.921833798289299 9.2030888199806196 311.23081567138433 4423.1576553806663 63.740593612194061 95.509538792073727 38.685500741004944 70.962392427027225 28.978319048881531 23.461959794163704 43.985904552042484 10.034762322902678 28.150271281599998 300.88808701187372 96.192311711609364 12.175901621580122 23.72458878159523 20.288839690387253 115.27479688823223 109.98926036804914 49.576092325150967 7.1791309863328925 44.390501625835896 16.831128180027012 10.215681329369543 26.241133734583855 10.815684556961058 27.221507035195827 828.98022286593914
leaf_count=3904 583 435 41 1481 19877 285 488 187 337 132 128 227 57 139 1483 522 52 107 118 535 504 291 47 207 75 44 133 51 121 3697
internal_value=8.94945e-05 0.00183829 0.000600558 0.00563945 -0.000752322 -0.00159237 0.00684909 -0.000347372 -0.00453176 0.00161225 0.00771651 -0.00865901 -0.00519912 0.00320776 -0.00470458 -0.010908 0.0030338 -0.00952845 -0.0068228 0.0071415 0.00300338 -0.0156227 -0.00274641 0.0141095 0.0129727 0.0264662 0.00744593 -0.0026301 -0.00257053 -0.0033198
internal_weight=7923.12 2574.61 1942.19 632.417 5348.52 1024.65 104.713 4851.44 428.28 178.954 116.544 249.326 178.363 72.1362 497.079 106.227 917.535 62.4101 377.932 536.495 225.264 77.0441 27.468 56.5664 93.0819 27.0468 66.0351 37.0568 919.942 856.202
internal_count=36288 11750 8795 2955 24538 4632 529 22016 2139 857 563 1282 945 366 2522 579 4163 294 1939 2520 1039 456 165 259 435 119 316 184 4103 3818
cat_boundaries=0 1 2 3 4 5
cat_threshold=2432590 2883840 877113 11786 9636547
is_linear=0
shrinkage=0.03


Tree=118
num_leaves=31
num_cat=9
split_feature=10 0 29 20 26 0 13 0 4 24 10 0 31 8 9 31 24 20 7 11 0 18 26 1 0 24 24 0 21 3
split_gain=11.7537 11.7384 17.249 11.7049 11.4996 13.3098 11.7199 10.5251 10.9118 11.9716 10.8991 9.69322 9.40247 9.069 8.52464 10.0202 8.46852 8.41618 9.40815 13.5501 12.263 14.0765 11.5181 11.0183 9.45725 9.07721 11.1582 8.26234 8.19624 8.18398
threshold=30.655000000000005 0 -0.1350000000000002 -3.5649999999999991 -32.199999999999989 1 23.500000000000004 2 3 31.440000000000001 12.435 4 0.32011904761904769 19.070000000000004 4.6950000000000012 0.11035714285714289 52.060000000000009 1.0600000000000003 5.3150000000000004 30.535000000000004 5 5.7150000000000007 -15.019999999999998 10.500000000000002 6 48.535000000000004 61.180000000000007 7 60.065000000000005 8
decision_type=2 1 2 2 2 1 2 1 1 2 2 1 8 2 2 8 2 2 2 2 1 2 2 2 1 2 2 1 2 9
left_child=3 2 -2 -1 5 -5 11 14 9 10 -9 -6 -12 -10 15 -8 -11 18 19 20 -3 -22 -21 25 -24 -20 -27 -19 -15 -4
right_child=1 17 29 4 6 -7 7 8 13 16 12 -13 -14 28 -16 -17 -18 27 23 22 21 -23 24 -25 -26 26 -28 -29 -30 -31
leaf_value=0.01225123263455179 0.015372435477167622 0.0087078067380012766 -0.0013009167449799159 0.020264118684423366 0.0022142174807481011 0.0015051299973588303 -0.027403132201604077 0.041442741360003914 0.0078018036623815901 -0.0066526446936668922 0.020065697992846927 -0.011217972736256725 -0.019901537170859157 -0.00074839669232062869 0.0066836989857737041 0.0017479032402072977 0.0082227797951813664 -0.0010882138885549562 -0.00067598177598198221 -0.02248883511915083 -0.024149885392083906 -0.00041754401489748841 -0.011432491911765659 -0.0040916885385174169 -0.0018945610371626171 0.0072233119379065775 -0.0065298263777554266 -0.01407673903830781 0.013654778398478139 0.0034567719785254477
leaf_weight=84.937090933322906 72.888167500495911 95.381948694586754 902.08024431765079 48.520552948117256 77.209328159689903 99.932362467050552 10.751974403858183 9.0897913724184054 157.65625584870577 433.72224540263414 11.879564091563227 122.3753375634551 9.561350613832472 758.96502275764942 404.35266852378845 816.88713356852531 37.415128208696842 94.508657813072205 1444.5281257554889 44.293907418847084 27.55810609459877 122.39178249239922 170.74682940542698 685.62852369248867 224.1947546005249 288.13325560092926 65.085359677672386 91.240422546863556 37.306083515286446 496.21942738443613
leaf_count=537 311 416 4154 221 349 456 47 41 780 1928 52 542 43 3333 1776 3725 169 564 6555 189 116 532 731 3313 954 1290 292 573 172 2279
internal_value=-0.000167587 -0.00109553 0.0011368 0.00126716 0.000959826 0.00910275 0.000541132 0.001062 -0.000669727 -0.00420771 0.0139136 -0.00647285 0.00224273 0.00121524 0.0030884 0.0013692 -0.00547132 -0.00207202 -0.00171429 -0.00482814 0.000819366 -0.00448033 -0.00798251 -0.000855921 -0.00635558 0.000378143 0.00468911 -0.00828463 -7.35938e-05 0.000402878
internal_weight=7945.44 4824.88 1471.19 3120.56 3035.62 148.453 2887.17 2687.59 1455.6 501.668 30.5307 199.585 21.4409 953.927 1231.99 827.639 471.137 3353.69 3167.94 684.567 245.332 149.95 439.235 2483.38 394.942 1797.75 353.219 185.749 796.271 1398.3
internal_count=36440 22269 6744 14171 13634 677 12957 12066 6518 2233 136 891 95 4285 5548 3772 2097 15525 14388 2938 1064 648 1874 11450 1685 8137 1582 1137 3505 6433
cat_boundaries=0 1 2 3 4 5 6 7 8 9
cat_threshold=1597586 4391980 7407562 49 1169521 2361697 2265921 10559041 1
is_linear=0
shrinkage=0.03


Tree=119
num_leaves=31
num_cat=5
split_feature=9 26 32 22 0 27 0 18 25 23 0 22 29 0 6 0 15 11 22 31 1 22 7 1 6 16 18 31 1 23
split_gain=12.8681 12.397 10.8092 10.5293 12.8497 11.5133 9.98951 12.924 10.6815 10.3483 9.81387 8.9817 9.59562 10.2685 9.45817 9.29824 12.9274 9.20955 9.15803 8.93991 9.28462 12.7122 9.57811 9.28572 10.7033 9.95773 10.4948 8.81238 8.57535 8.521
threshold=5.705000000000001 7.7450000000000019 0.37638888888888894 40.20600000000001 0 6.6550000000000011 1 6.9450000000000012 23.311000000000003 -25.894999999999992 2 39.353000000000002 -0.15499999999999978 3 17.500000000000004 4 0.58571428571428574 20.055000000000003 34.097000000000008 0.14472222222222228 6.5000000000000009 32.89500000000001 7.3550000000000013 10.500000000000002 2.5000000000000004 3.1180555555555558 6.2250000000000005 0.47999999999999998 4.5000000000000009 -36.169999999999995
decision_type=2 2 10 2 1 2 1 2 2 2 1 2 2 1 2 1 10 2 2 10 2 2 2 2 2 8 2 10 2 2
left_child=1 2 3 5 28 -1 7 8 -3 -9 -2 12 13 -7 15 16 29 -13 -15 -12 22 -22 -21 24 -23 -25 -27 -26 -5 -14
right_child=10 6 -4 4 -6 11 -8 9 -10 -11 19 17 14 18 -16 -17 -18 -19 -20 20 21 23 -24 25 27 26 -28 -29 -30 -31
leaf_value=0.026192364970466776 0.00025216648279455879 0.020948456404790154 0.027313701894445659 0.011592413700816638 0.010124448427657048 -0.0030963453666845078 -0.012221818275855232 0.00092537991880250439 -0.010557200751855482 0.045731536191744533 -0.014837883072162281 0.019564001834702339 0.011471410179185374 0.010073593185892115 0.02412551270670775 -0.00076370536225107077 0.012802250029983909 -0.012277837399373215 0.032676690492617719 0.00062198153297460734 -0.0092517403166725055 -0.0029862176169344907 -0.017667792884344606 -0.0027123021323768306 0.0045057068315255203 0.017674382745696212 -0.016810440709444575 0.024575051124724901 -0.0096968532534656999 0.0010405019137491576
leaf_weight=16.004009075462818 1657.7910309880972 11.951926305890082 14.342108868062494 23.517657309770584 221.28320680558681 47.13652428239584 102.76454885303974 9.0488147437572497 51.062118574976921 9.5196916460990888 54.935521528124809 9.1478897184133512 74.425335638225079 64.034129731357098 15.346140600740908 2106.7475210428238 99.128692246973515 76.863092683255672 21.566127069294453 737.91903539747 329.68075499683619 192.24419506639242 26.701958045363426 352.43663395196199 114.42399245500565 8.7454751878976804 86.51116056740284 23.784035310149193 61.712052077054977 1330.8564736247063
leaf_count=73 7592 52 72 106 1011 219 452 42 226 41 297 44 446 303 70 9416 446 357 107 3457 1622 914 147 1803 504 44 401 106 278 5846
internal_value=-0.00011497 0.000978584 0.00131419 0.00122473 0.00657665 0.00079988 -0.00663511 0.00169274 -0.0045815 0.0238966 -0.00144683 0.000694197 0.00091351 0.0088359 0.000623536 0.000523661 0.00231614 -0.00889123 0.0141188 -0.00289447 -0.00255953 -0.00431456 -1.67307e-05 -0.0022228 0.00159167 -0.00503835 -0.0136444 0.00795941 -0.00342106 0.00159293
internal_weight=7951.63 4366.46 4182.11 4167.77 306.513 3861.26 184.347 81.5826 63.014 18.5685 3585.17 3845.25 3759.24 132.737 3626.5 3611.16 1504.41 86.011 85.6003 1927.38 1872.45 1107.83 764.621 778.145 330.452 447.693 95.2566 138.208 85.2297 1405.28
internal_count=36494 19607 18794 18722 1395 17327 813 361 278 83 16887 17254 16853 629 16224 16154 6738 401 410 9295 8998 5394 3604 3772 1524 2248 445 610 384 6292
cat_boundaries=0 1 2 3 4 5
cat_threshold=9638272 1331947 2696379 2138776 1158234
is_linear=0
shrinkage=0.03


Tree=120
num_leaves=31
num_cat=4
split_feature=29 9 13 6 0 0 32 0 30 23 25 9 20 0 23 10 16 21 10 24 30 12 23 9 13 26 22 9 9 25
split_gain=18.6308 15.1554 11.8605 11.9001 15.9064 12.6494 12.2651 11.6384 12.4513 11.3064 11.2581 10.2974 9.93265 13.1832 9.48018 9.77558 9.08749 8.86992 12.2034 11.8369 9.29459 8.75291 8.57932 8.364 8.21178 8.19292 9.68396 8.34406 8.15102 8.02852
threshold=0.034999999999999705 4.7950000000000008 51.500000000000007 1.5000000000000002 0 1 0.042261904761904813 2 0.81666666666666676 -18.024999999999995 31.951000000000004 7.495000000000001 0.1700000000000004 3 -23.664999999999992 4.0400000000000009 4.6458333333333348 32.960000000000008 22.650000000000002 42.095000000000006 0.89444444444444449 6.6450000000000005 -25.664999999999996 6.9150000000000009 29.500000000000004 -16.244999999999994 24.529000000000003 7.495000000000001 7.5550000000000006 37.51100000000001
decision_type=2 2 2 2 1 1 10 1 8 2 2 2 2 1 2 2 10 2 2 2 8 2 2 2 2 2 2 2 2 2
left_child=2 12 3 5 -5 11 10 9 22 -3 16 14 13 -2 -1 -16 -7 18 -4 -20 21 -19 -9 -12 -8 26 -6 -27 -29 -17
right_child=1 7 17 4 25 6 24 8 -10 -11 23 -13 -14 -15 15 29 -18 20 19 -21 -22 -23 -24 -25 -26 27 -28 28 -30 -31
leaf_value=0.0015514085967304437 0.010295851481263182 0.023461488939922011 0.013926402322591135 0.0033780938764215018 -0.0056574055402621309 -0.0023427891991264038 0.0061009426986704876 -0.027457962763309942 -0.036852712992922046 -0.0024458710696865275 0.0038583335306059852 0.010385843246168584 -0.018758379776600134 -0.0039465580574586413 -0.025019297263404051 -0.0057598290270615624 -0.022671175712605428 0.022164130804245764 -0.026360690918260946 0.001515758671241562 -0.010732161406036198 0.0042011674248059487 -0.0076952471117757819 -0.0048017910672569619 -0.009646728894560733 -0.0010732075590588416 0.0041549122462007423 -0.032433184971075182 -0.006700710266787529 -0.01774815247606092
leaf_weight=103.14880228042603 113.04259444773197 17.434502422809601 19.266339540481567 1384.6079907566309 109.907391063869 404.41291649639606 35.632735297083855 20.800164490938187 14.603889271616934 116.2451531291008 722.17798661440611 33.717078797519207 19.299179725348949 106.05389031767845 30.154480345547199 377.45308819413185 20.810002610087395 25.102679282426834 30.410211972892284 24.961845055222511 36.557119145989418 889.89599973708391 399.0915118381381 116.57266298681498 182.12950928509235 1921.303390622139 513.2100678011775 12.712300226092337 86.216119669377804 58.001748189330101
leaf_count=487 499 75 81 6184 502 1836 184 89 70 603 3265 173 106 461 136 1753 104 112 137 110 165 4018 1997 574 960 8695 2328 63 432 266
internal_value=-0.000152543 -0.0044744 0.000335788 -0.000165274 0.000786925 -0.0020055 -0.000490808 -0.00713814 -0.00940489 0.000868033 0.000638783 -0.00562917 0.00187417 0.00369159 -0.00667754 -0.00850055 -0.00333764 0.00332019 -0.0066385 -0.0137939 0.00410133 0.00469398 -0.00867423 0.00265472 -0.00706992 -0.000580932 0.00242419 -0.0015107 -0.0100073 -0.00735665
internal_weight=7944.93 806.571 7138.36 6112.17 4027.96 2084.21 1481.74 568.175 434.496 133.68 1263.97 602.475 238.396 219.096 568.758 465.609 425.223 1026.19 74.6384 55.3721 951.556 914.999 419.892 838.751 217.762 2643.35 623.117 2020.23 98.9284 435.455
internal_count=36465 3900 32565 27942 18204 9738 6923 2834 2156 678 5779 2815 1066 960 2642 2155 1940 4623 328 247 4295 4130 2086 3839 1144 12020 2830 9190 495 2019
cat_boundaries=0 1 2 3 4
cat_threshold=539819 1647776 1131792 7910694
is_linear=0
shrinkage=0.03


Tree=121
num_leaves=31
num_cat=6
split_feature=13 9 22 26 26 0 26 0 31 9 8 14 0 28 12 0 23 15 5 20 0 8 0 12 22 20 26 5 30 19
split_gain=10.8926 10.4926 13.4941 16.2049 10.9219 11.1272 13.3416 10.826 11.6801 9.82919 10.1193 11.1538 9.73406 10.0722 9.86776 8.93077 9.40684 11.7747 8.53087 8.80022 8.16865 8.16032 8.10352 8.65769 8.0659 8.00852 12.7391 12.3085 9.04029 10.8851
threshold=58.500000000000007 7.4150000000000009 34.82500000000001 -4.160000000000001 -2.9599999999999986 0 8.2550000000000043 1 0.17757936507936509 7.745000000000001 43.150000000000006 0.18333333333333338 2 7.0490000000000004 6.6750000000000007 3 -28.174999999999997 0.31666666666666671 2.5000000000000004 -0.41499999999999998 4 22.510000000000002 5 6.6450000000000005 15.250000000000002 0.40499999999999986 -14.574999999999999 4.5000000000000009 0.70714285714285718 5.5110000000000019
decision_type=2 2 2 2 2 1 2 1 10 2 2 8 1 2 2 1 2 10 2 2 1 2 1 2 2 2 2 2 8 2
left_child=1 2 3 22 7 -6 -7 8 -5 20 -11 -12 -4 14 -14 16 -2 -18 -10 -20 -3 -15 24 -24 -1 26 -13 -27 29 -28
right_child=15 9 12 4 5 6 -8 -9 18 10 11 25 13 21 -16 -17 17 -19 19 -21 -22 -23 23 -25 -26 27 28 -29 -30 -31
leaf_value=0.020861977978814603 0.027458780159716822 -0.0012639088315982757 -0.00020621694760906568 0.031913882605596737 -0.0052656115026718407 0.001631683369752542 -0.010304915301081231 -0.014372182863665855 -0.014665600282095161 -0.01359147731952254 0.01626894646394221 0.02181272147528714 -0.0030951855636868154 0.019668717912929456 0.0049257327095069458 0.011947090303807625 -0.022667062241434058 0.0096104634844770675 0.014321311500481604 -0.018996578925410575 -0.013708976492064758 -0.015145191366886338 -0.0070152327042127391 0.0016365856248724369 -0.0029324380287849084 -0.016866795303798851 -0.025242726346488206 0.019184124820472499 -0.019722056471910405 0.01203034535823477
leaf_weight=13.078018762171267 7.3499182388186446 90.304944977164268 1075.0518441647291 9.1334835290908796 598.24392579495907 683.9736919850111 96.115334317088127 130.85172391682863 35.30988173186779 41.872140318155289 42.357416808605194 26.476792603731155 155.12639079988003 7.1200959235429755 1253.4655624702573 110.89896658062935 24.623090147972107 17.330945312976837 28.095732241868969 9.5633597895503062 124.153698541224 40.683820486068726 108.73730696737766 2438.2324550747871 654.16356157511473 45.559416308999062 8.799814507365225 10.485049568116663 19.887880906462669 35.493964269757271
leaf_count=63 42 447 4977 42 2753 3126 441 597 161 191 203 126 701 40 5673 515 108 76 124 49 644 181 487 11053 3005 281 45 57 97 175
internal_value=8.82254e-05 -7.11743e-05 0.000200233 -0.000733559 -0.00320949 -0.00223256 0.000158929 -0.00953259 -6.14433e-05 -0.00454208 -0.00024732 0.00270808 0.00197287 0.00355836 0.0040424 0.00783154 -0.0031997 -0.00933342 -0.0040722 0.00586038 -0.00916674 -0.00995988 0.00049222 0.00126226 -0.00242965 -0.00120734 0.00430378 -0.0101222 -0.00291916 0.00462533
internal_weight=7942.54 7782.34 7336.95 4805.5 1591.29 1378.33 780.089 212.954 82.1025 445.391 230.932 189.06 2531.45 1456.4 1408.59 160.203 49.304 41.954 72.969 37.6591 214.459 47.8039 3214.21 2546.97 667.242 146.703 90.6585 56.0445 64.1817 44.2938
internal_count=36480 35739 33473 21901 7293 6320 3567 973 376 2266 1175 984 11572 6595 6374 741 226 184 334 173 1091 221 14608 11540 3068 781 443 338 317 220
cat_boundaries=0 1 2 3 4 5 6
cat_threshold=11453481 293232 9811152 4915213 1192619 8651552
is_linear=0
shrinkage=0.03


Tree=122
num_leaves=31
num_cat=5
split_feature=29 0 0 13 10 6 4 10 21 30 15 7 12 10 7 8 8 16 0 12 28 16 32 24 30 21 19 21 4 28
split_gain=12.8058 15.1869 12.8108 13.1831 12.7256 12.1448 10.7611 9.479 9.89057 8.4546 8.36452 7.99549 15.5578 8.57834 14.1023 7.97636 7.95215 7.82546 7.80976 10.1013 10.4091 9.80787 9.6309 8.94704 8.44158 10.3374 9.46905 8.07009 7.88497 8.54063
threshold=-0.12499999999999999 0 1 61.500000000000007 34.300000000000004 1.5000000000000002 2 39.590000000000011 52.135000000000012 0.68333333333333346 0.86607142857142871 6.4650000000000007 6.8250000000000011 51.905000000000008 6.6850000000000014 37.20000000000001 50.855000000000011 4.9500000000000011 3 6.8650000000000011 6.9490000000000016 3.8166666666666669 -0.16269841269841265 50.120000000000012 0.61250000000000016 39.485000000000007 5.2010000000000014 36.100000000000009 4 6.8750000000000009
decision_type=2 1 1 2 2 2 1 2 2 10 10 2 2 2 2 2 2 10 1 2 2 10 8 2 10 2 2 2 1 2
left_child=1 9 5 4 17 6 11 8 -3 -1 -6 -2 13 14 -13 -10 -14 -4 19 28 24 27 -23 -22 25 -21 -26 -20 -7 -30
right_child=2 7 3 -5 10 18 -8 -9 15 -11 -12 12 16 -15 -16 -17 -18 -19 21 20 23 22 -24 -25 26 -27 -28 -29 29 -31
leaf_value=0.0071607222016787748 0.0011324241422492119 0.00038153290611263628 -0.00013447763638810544 0.020189413358558322 -0.0028702743724098182 -0.0026774026689426211 -0.0026774366797976956 -0.0058924901753247862 0.0059668957580919181 0.020427180171356581 -0.016643469035915143 0.04552993339652657 0.014634157426718225 -0.011395068176378939 0.00037609953814071051 0.02895141978040933 0.049647764356466936 0.011419172338971495 -0.010127588145360843 0.028879187933844953 0.0010076714457505776 0.0080748528986997088 -0.01257805750469455 0.031783768791074092 0.0058365617140984883 0.0055128894810268633 0.038118407338049484 0.00029698852916959978 0.0074931981996792319 -0.0048380489491493409
leaf_weight=172.37593942135572 313.1230533272028 166.53575151413679 1947.4160123169422 25.243203550577164 2175.4656106010079 164.73158241808414 974.72111485898495 138.95766763389111 35.258969530463219 57.707865104079247 40.421250745654106 8.6900807470083254 11.532532349228861 21.924337722361088 21.945279642939568 22.109597057104111 11.82248295098543 54.230385363101959 74.340209394693375 22.317236438393593 105.69057458639145 221.80593014508486 22.370596095919609 9.2451463937759382 12.000066518783568 72.063208892941475 25.673569947481155 662.01335874944925 286.91898849606514 61.360144898295403
leaf_count=770 1423 749 8698 112 10233 745 4537 590 189 270 229 44 57 122 113 91 59 293 400 99 466 1044 98 41 53 316 113 2953 1282 279
internal_value=-1.06068e-05 0.00423035 -0.000352874 -0.00142258 -0.00155531 0.00111015 -0.00100614 0.000255384 0.00408223 0.0100513 -0.00312152 0.00316862 0.0119847 0.00293158 0.0131845 0.014825 0.0323583 0.000178544 0.0027747 0.00503383 0.0100846 0.00096251 0.00618271 0.00348322 0.0158303 0.0110381 0.0278358 -0.000755448 0.00270024 0.00517216
internal_weight=7940.01 592.946 7347.07 4242.78 4217.53 3104.29 1363.76 362.862 223.904 230.084 2215.89 389.038 75.9147 52.5597 30.6354 57.3686 23.355 2001.65 1740.53 760.001 246.99 980.53 244.177 114.936 132.054 94.3804 37.6736 736.354 513.011 348.279
internal_count=36468 2659 33809 19565 19453 14244 6355 1619 1029 1040 10462 1818 395 279 157 280 116 8991 7889 3394 1088 4495 1142 507 581 415 166 3353 2306 1561
cat_boundaries=0 1 2 3 4 5
cat_threshold=5711955 2636171 336 534658 50
is_linear=0
shrinkage=0.03


Tree=123
num_leaves=31
num_cat=5
split_feature=29 7 6 0 20 0 20 28 28 16 19 20 9 25 31 9 12 0 19 4 23 18 21 31 4 23 25 16 20 28
split_gain=11.7713 12.523 11.2846 16.072 15.5286 11.5225 10.0385 9.1683 8.91756 8.88973 11.4107 10.4239 10.1937 12.6114 9.87374 9.20032 10.8277 9.14379 10.8569 9.65092 8.92063 9.3195 8.7802 8.63901 8.59537 8.52378 12.14 11.9674 8.52431 8.88145
threshold=-0.11499999999999976 2.7750000000000004 1.5000000000000002 0 1.5350000000000004 1 0.56500000000000006 6.7670000000000003 6.9880000000000013 2.5277777777777781 4.7670000000000021 0.87500000000000011 7.2350000000000012 32.993000000000009 0.30460317460317471 3.5650000000000004 6.7350000000000012 2 6.2170000000000014 3 -8.4499999999999993 7.1350000000000007 47.635000000000005 0.1491666666666667 4 -22.514999999999997 31.498999999999999 3.5634920634920637 -1.6499999999999999 6.9970000000000008
decision_type=2 2 2 1 2 1 2 2 2 10 2 2 2 2 10 2 2 1 2 1 2 2 2 8 1 2 2 8 2 2
left_child=6 -2 5 -4 9 25 -1 -8 -7 10 -5 17 13 -13 15 16 -11 18 19 -12 -20 -22 -10 -6 -18 26 27 -3 -27 -30
right_child=1 2 3 4 23 8 7 -9 22 14 11 12 -14 -15 -16 -17 24 -19 20 -21 21 -23 -24 -25 -26 28 -28 -29 29 -31
leaf_value=0.0048935238822448764 0.015509203861979228 0.010159914114034248 0.0032059725915254307 -0.016395705232600491 0.0092411154489708772 -0.00066150341583816991 0.007946532351860219 -0.015708408479465728 0.0021166370877868925 -0.0098256132567478005 0.0099625623040759063 -0.0015110260291131047 -0.012638274955682122 0.052321639050456885 0.0020558865023337608 -0.0027176035943474179 -0.0039237442145041599 -0.0076789213539015114 0.00091937423663623191 -0.0073658833571306837 0.0066348626050845147 0.046366717303451981 0.032466811317288437 -0.024516662784306881 0.012852249740674821 -0.017709867567790499 0.0062831634126344202 -0.021361322086750855 -0.0046559227703850854 -0.02795145246319589
leaf_weight=695.45555860549212 46.045751728117466 15.950394183397291 1519.5355220586061 59.888046562671661 8.4115445986390096 1602.2693525627255 22.663045614957809 42.215057134628296 20.949762299656868 35.493335291743279 31.488997921347618 6.6311762630939546 7.1896924227476111 9.5678197890520078 1424.3166382163763 1020.0044745132327 36.723192118108273 198.81227253377438 20.626833885908127 90.108578637242317 9.6363388895988482 11.843271166086195 14.527750745415686 36.121316246688366 94.790257856249809 53.438850358128548 123.60846399515867 33.835441127419472 605.36225861310959 15.096583247184752
leaf_count=3113 277 67 6835 311 56 7497 105 195 98 155 151 42 47 57 6367 4571 166 962 94 431 48 56 66 232 427 226 580 160 2900 75
internal_value=0.000291763 -8.55085e-05 -0.000186556 0.00069011 -0.000550999 -0.00181681 0.00384067 -0.00744533 -0.000330083 -0.000296579 -0.00421195 -0.00232117 0.0170903 0.0302848 0.000371835 -0.00164889 0.00487835 -0.00357355 0.00177303 -0.00266495 0.0150104 0.0285419 0.0145448 -0.0181404 0.00884671 -0.00463197 0.00124535 -0.0112625 -0.00621294 -0.00522273
internal_weight=7912.61 7152.27 7106.23 4621.19 3101.65 2485.04 760.334 64.8781 1637.75 3057.12 445.793 385.905 23.3887 16.199 2611.33 1187.01 167.007 362.516 163.704 121.598 42.1064 21.4796 35.4775 44.5329 131.513 847.292 173.394 49.7858 673.898 620.459
internal_count=36367 32954 32677 21008 14173 11669 3413 300 7661 13885 2199 1888 146 99 11686 5319 748 1742 780 582 198 104 164 288 593 4008 807 227 3201 2975
cat_boundaries=0 1 2 3 4 5
cat_threshold=605410 763296 180492 5 20
is_linear=0
shrinkage=0.03


Tree=124
num_leaves=31
num_cat=4
split_feature=26 5 0 9 0 19 13 0 1 21 22 32 9 8 23 10 10 22 0 32 21 29 23 8 10 14 13 7 31 22
split_gain=10.2486 11.6324 14.1425 13.5 13.029 10.6618 9.88023 9.86204 8.44962 8.33206 8.18276 8.15006 8.11542 10.1498 12.4584 11.1168 8.04026 9.14908 9.32274 8.61898 8.00093 7.97101 7.89196 9.95762 7.83219 7.70613 13.8626 9.58937 7.68517 10.8866
threshold=3.8050000000000002 1.5000000000000002 0 6.5250000000000012 1 4.6990000000000016 55.500000000000007 2 8.5000000000000018 38.57500000000001 27.601000000000003 -0.25634920634920627 6.1650000000000009 33.005000000000003 2.8550000000000009 34.635000000000005 53.885000000000012 21.269000000000009 3 -0.17480158730158726 56.315000000000005 -1.0000000180025095e-35 10.325000000000001 53.355000000000011 24.570000000000004 1.0000000180025095e-35 36.500000000000007 2.7750000000000004 0.47126984126984139 34.993000000000016
decision_type=2 2 1 2 1 2 2 1 2 2 2 10 2 2 2 2 2 2 1 8 2 2 2 2 2 8 2 2 8 2
left_child=1 4 3 25 6 8 28 -2 10 -10 12 -4 13 -6 15 24 19 -18 20 -5 22 -20 23 -19 -15 26 27 -3 29 -1
right_child=7 2 11 16 5 -7 -8 -9 9 -11 -12 -13 -14 14 -16 -17 17 18 21 -21 -22 -23 -24 -25 -26 -27 -28 -29 -30 -31
leaf_value=-0.0017655855145840399 -0.0081257985973511963 0.023620328469906384 0.0014909991085007236 0.0015206801746121444 -0.01562655656053575 -0.0026791417746319874 0.012831902676754707 -0.00071462693524512646 0.030598608451725084 -0.0099832380971464005 -0.034900973910121168 -0.0016177876588151392 -0.022419807484166561 0.020138944846314868 -0.012307924260242529 0.03924317865322359 -0.021011461824494249 0.01434742021113238 0.0028463558388777356 -0.0096351350446097911 -0.0046008035521060316 -0.012251862334922838 -0.0084237871422093036 0.047189644967800572 -0.017967013538318592 0.0028737746219611982 0.011034487098116625 -0.0026878431972932508 -0.0077754492574228862 0.0056671593070004387
leaf_weight=512.35106462985277 246.02862037718296 13.765233181416987 1309.3072778880596 103.0574557185173 61.020263284444809 548.94800969213247 55.439645573496819 460.02444805949926 8.3655033111572283 9.9920101240277273 13.978811681270598 1805.6328388303518 41.4894033446908 9.9411108344793373 28.914018131792545 11.028213962912558 14.530336707830427 61.79123343527317 105.92589394748211 157.71967946738005 23.923663973808289 44.77247392386198 11.103998541831968 9.5994769185781461 9.4872837662696821 1438.2502285465598 303.11506785452366 132.47664181888103 106.67858622223139 271.24305456876755
leaf_count=2368 1131 87 5900 454 261 2582 257 2134 39 45 65 8383 235 45 155 48 79 278 491 770 105 241 60 44 42 6372 1417 617 502 1247
internal_value=2.74193e-05 0.000364593 0.00102958 0.00274385 -0.00181477 -0.00475252 0.000538342 -0.00342231 -0.0108576 0.00850987 -0.0128793 -0.000310071 -0.0109776 -0.00703442 0.00179644 0.0151864 -0.00146377 0.00214833 0.00345715 -0.00522643 0.00975735 -0.00153731 0.015104 0.0187635 0.00153102 0.0039452 0.0073745 -0.000211548 -0.000221164 0.000807278
internal_weight=7929.9 7223.85 5534.97 2420.03 1688.88 743.165 945.712 706.053 194.217 18.3575 175.859 3114.94 161.88 120.391 59.3706 30.4566 532.424 271.647 257.117 260.777 106.418 150.698 82.4947 71.3907 19.4284 1887.61 449.357 146.242 890.273 783.594
internal_count=36454 33189 25298 11015 7891 3517 4374 3265 935 84 851 14283 786 551 290 135 2522 1298 1219 1224 487 732 382 322 87 8493 2121 704 4117 3615
cat_boundaries=0 1 2 3 4
cat_threshold=1649995 4512411 4622361 1057795
is_linear=0
shrinkage=0.03


Tree=125
num_leaves=31
num_cat=1
split_feature=4 13 32 32 11 5 9 29 32 30 19 21 11 5 18 11 6 25 26 27 7 14 11 18 26 5 12 6 9 1
split_gain=13.274 12.5788 10.4088 10.1827 9.41357 8.61705 8.44939 8.27024 7.90493 9.61466 8.7985 13.4088 9.06152 7.88878 8.09309 7.95501 8.05292 8.33078 7.75985 8.59162 7.43447 7.32472 10.502 7.20743 7.18789 7.68685 7.09998 7.1491 9.95491 8.73684
threshold=0 51.500000000000007 0.2817460317460318 -0.20734126984126983 20.700000000000006 9.5000000000000018 7.4150000000000009 -0.010000000000000229 -0.19999999999999998 0.68333333333333346 5.2070000000000016 43.320000000000007 43.285000000000004 1.0000000180025095e-35 6.9650000000000007 12.590000000000002 4.5000000000000009 37.693000000000005 0.34500000000000247 6.7550000000000008 6.495000000000001 0.35416666666666669 17.680000000000003 7.7350000000000012 4.8300000000000027 3.5000000000000004 6.6450000000000005 1.5000000000000002 4.1150000000000011 3.5000000000000004
decision_type=1 2 8 10 2 2 2 2 10 10 2 2 2 2 2 2 2 2 2 2 2 10 2 2 2 2 2 2 2 2
left_child=2 3 7 4 -2 6 18 21 9 13 11 -11 -12 14 -9 -15 17 -17 -5 -20 -10 24 -23 -3 25 -1 27 28 -6 -29
right_child=1 23 -4 5 26 -7 -8 8 20 10 12 -13 -14 15 -16 16 -18 -19 19 -21 -22 22 -24 -25 -26 -27 -28 29 -30 -31
leaf_value=-0.00040935059243142212 0.0080918243767991432 0.0040006074009778141 -0.013187222073849725 0.00016975695263981346 0.012969905498943807 0.027575241495994059 -0.0068932290595145546 -0.0061708653778899504 0.0017162624658248026 -0.021989930102983078 -0.011284735595264833 0.016087564769864143 0.016863614926816605 -0.04036897945333922 0.025832582320542443 -0.017537972392437935 0.0054554151986134928 0.0042586942299121071 -0.017655302011177775 -0.0029232123275020065 -0.0070863100853628177 0.018294486714359886 -0.0085237547900446683 0.027391013057707459 -0.0078836252490915616 0.0047802794298840452 0.0016481122982669593 -0.01841734110732933 -0.024102421657439033 0.0070713591867539588
leaf_weight=868.77025919407606 197.75085110962391 778.39686680585146 70.762641854584217 2151.7317773401737 8.2170029133558256 9.521261051297186 203.74253416061401 37.094343021512032 266.52657336741686 10.360679127275942 69.623872801661491 42.326064139604568 12.078530728816984 9.7259237319231016 8.7982979863882047 129.35430842638016 19.895539686083794 17.974411360919476 39.514161810278893 362.24000380933285 127.73825778067112 14.404173240065573 149.95110602676868 12.03963655233383 85.218139484524727 364.70713223516941 1770.4281464368105 16.79244039952755 31.546598181128502 43.342641815543175
leaf_count=3910 905 3530 372 9912 39 41 1082 167 1239 48 318 186 57 43 40 570 88 81 182 1716 722 66 702 56 380 1620 7975 75 142 196
internal_value=6.12639e-05 0.000846837 -0.00185128 0.000274738 0.00186718 -0.000915573 -0.00101396 -0.00150059 -0.00406448 -0.00729688 -0.000959204 0.00859975 -0.0071234 -0.0111189 -3.53312e-05 -0.0139935 -0.0124595 -0.0148787 -0.00054485 -0.00437217 -0.00113569 -0.0002014 -0.00617339 0.00435688 0.000542917 0.00112509 0.00120904 -0.00657222 -0.0164416 -4.62411e-05
internal_weight=7930.57 5625.26 2305.31 4834.83 2068.08 2766.75 2757.23 2234.55 751.497 357.232 134.389 52.6867 81.7024 222.843 45.8926 176.95 167.224 147.329 2553.49 401.754 394.265 1483.05 164.355 790.437 1318.7 1233.48 1870.33 99.8987 39.7636 60.1351
internal_count=36460 25851 10609 22265 9332 12933 12892 10237 3559 1598 609 234 375 989 207 782 739 651 11810 1898 1961 6678 768 3586 5910 5530 8427 452 181 271
cat_boundaries=0 1
cat_threshold=161
is_linear=0
shrinkage=0.03


Tree=126
num_leaves=31
num_cat=4
split_feature=20 13 0 16 0 9 0 25 27 5 9 28 21 9 27 27 12 1 16 16 7 18 5 13 4 14 7 16 9 25
split_gain=11.2556 9.74224 11.3662 10.4993 9.71761 9.06158 8.54517 11.5303 11.442 8.21356 10.8811 13.3268 10.3958 10.9074 9.73084 9.32339 9.41704 8.11014 8.05009 8.29826 7.89104 7.8118 10.1569 7.72494 7.28522 9.84467 8.0053 7.87181 7.50055 8.11712
threshold=-3.5649999999999991 41.500000000000007 0 2.2678571428571432 1 5.3350000000000009 2 35.25500000000001 6.9650000000000007 3.5000000000000004 3.4350000000000005 6.8990000000000009 36.655000000000008 4.5650000000000004 6.9050000000000011 6.955000000000001 6.8350000000000009 9.5000000000000018 3.8166666666666669 3.4722222222222228 4.285000000000001 5.1550000000000011 1.5000000000000002 49.500000000000007 3 0.2678571428571429 5.995000000000001 2.9500000000000006 6.3550000000000013 32.413000000000011
decision_type=2 2 1 8 1 2 1 2 2 2 2 2 2 2 2 2 2 2 8 10 2 2 2 2 1 8 2 10 2 2
left_child=6 4 3 5 -2 -3 -1 8 -8 10 11 18 15 20 -11 16 21 -7 19 -5 -14 22 -12 -19 27 28 -27 -16 29 -26
right_child=1 2 -4 9 -6 17 7 -9 -10 14 12 -13 13 -15 24 -17 -18 23 -20 -21 -22 -23 -24 -25 25 26 -28 -29 -30 -31
leaf_value=0.017184757253404851 -0.0031910787662837122 -0.037726148720259443 -0.00010858295827609971 -0.020666265505536713 -0.00010528934843252072 0.012936010997666943 0.019933498613463149 -0.025701377404400188 -0.023998208533834987 0.013558928002430701 -0.012606703188467253 0.022531973553192926 0.0025738815369823935 0.0034031141405144244 0.014875782727558811 0.012436578548005452 -0.029976145529229264 -0.019024941734624351 -0.032850936338830475 0.012694285160575495 0.021399549870909054 -0.01571529295440563 0.023103702910939751 0.0075982371845172121 0.02253742410691504 -0.031563405965989201 0.0047630795080575812 -0.012952753668797262 0.030180347088102417 0.0013064065403574387
leaf_weight=49.90023896843195 1274.3219460621476 7.9294737726449958 2195.2555579468608 16.268751442432407 3239.4815810248256 18.630625136196613 21.153519630432132 12.546099364757536 7.1354744955897322 161.61708249151707 13.469591185450554 9.2463081181049329 30.718613259494305 489.94965507090092 11.813687548041342 20.368155471980572 17.145829483866692 30.919617421925068 17.605526551604271 11.422077670693396 57.639713376760483 28.719732493162155 15.322740435600281 14.366398796439169 23.763955004513264 9.1731624305248278 13.487157210707663 40.546073421835899 16.915540859103203 50.965282075107098
leaf_count=320 5986 38 9997 72 14789 93 132 77 42 722 64 44 158 2171 53 95 78 157 86 51 260 133 69 67 107 40 60 178 75 228
internal_value=4.54477e-05 -7.61821e-05 0.00115653 0.00358779 -0.000983762 -0.00747747 0.010551 -0.00141688 0.00885238 0.00437448 0.00259777 -0.0102899 0.00364172 0.00515276 0.00831386 -0.00555416 -0.0104624 -0.00372483 -0.0169898 -0.00690551 0.0148546 -0.00464484 0.00639771 -0.0105791 0.00322765 0.00713873 -0.00994231 -0.0056037 0.0121412 0.00805789
internal_weight=7927.8 7837.06 3323.26 1128 4513.8 71.8461 90.7353 40.8351 28.289 1056.16 727.877 54.5427 673.334 578.308 328.282 95.026 74.6579 63.9166 45.2964 27.6908 88.3583 57.5121 28.7923 45.286 166.665 114.305 22.6603 52.3598 91.6448 74.7292
internal_count=36442 35871 15096 5099 20775 355 571 251 174 4744 3281 253 3028 2589 1463 439 344 317 209 123 418 266 133 224 741 510 100 231 410 335
cat_boundaries=0 1 2 3 4
cat_threshold=1878050 8820768 502183 27
is_linear=0
shrinkage=0.03


Tree=127
num_leaves=31
num_cat=6
split_feature=11 0 23 13 0 4 29 7 13 31 29 9 16 11 0 32 31 30 0 22 5 20 4 10 25 27 12 29 16 20
split_gain=17.9411 13.7204 14.0748 13.1749 13.1597 12.3665 11.4031 10.5245 9.11191 14.5411 13.2289 13.5315 12.3648 11.2719 10.5823 9.97035 11.3723 9.09428 8.96171 9.23334 8.785 8.38124 8.31225 11.1555 8.2103 8.14846 8.14125 8.05814 7.99665 7.93083
threshold=37.755000000000003 0 3.0350000000000024 25.500000000000004 1 2 -0.084999999999999951 7.1950000000000012 41.500000000000007 0.31896825396825407 -0.010000000000000229 7.1350000000000007 1.9500000000000002 15.850000000000001 3 1.0000000180025095e-35 0.42011904761904773 0.47222222222222227 4 39.907000000000004 3.5000000000000004 -1.8299999999999996 5 15.83 33.501000000000012 6.7650000000000006 6.8150000000000004 -0.090000000000000288 1.8944444444444446 -2.9649999999999994
decision_type=2 1 2 2 1 1 2 2 2 10 2 2 8 2 1 10 10 8 1 2 2 2 1 2 2 2 2 2 10 2
left_child=1 2 5 -4 17 -1 -7 8 -3 13 12 18 -11 -10 25 16 -14 21 19 -12 -6 -2 26 -24 28 -15 -16 -22 -8 -19
right_child=4 7 3 -5 20 6 24 -9 9 10 11 -13 15 14 22 -17 -18 29 -20 -21 27 -23 23 -25 -26 -27 -28 -29 -30 -31
leaf_value=0.003673931890088228 0.0029933610271693396 0.0015917430644750894 0.015519226019870588 -0.0068016472391734693 -0.0016556186922955488 0.0049267988948288113 -0.028146420602974922 -0.0052660846440330915 -0.011243018935896333 0.04452920401003975 -0.017702092865359464 0.027547552153227867 0.014514451865838369 -0.0083145064149110735 0.014569236754899594 -0.00824611165723633 0.0039744750501198405 -0.017662982730537385 0.0041356552350951554 0.0094714426636879883 0.014226460914113698 -0.012508349572421694 0.013501277562451033 -0.0084368363374730231 0.00030207019321453962 0.0093541794805432812 -0.0024458931454737058 0.0020011873324738399 -0.0041224368948885566 -0.0023260657320229058
leaf_weight=760.89601279050112 37.748579993844032 1709.7299765273929 25.356172673404217 387.63932782411575 868.25145414471626 242.05035299062729 12.730062097311018 145.36933450400829 55.908986002206802 9.5772180259227735 46.766481086611748 15.836558587849138 290.19821786880493 26.232571639120579 49.333887323737144 25.219268262386322 134.98811368644238 31.718986093997955 97.35650996863842 14.82052445411682 55.877832129597664 186.35220378637314 24.235154435038567 149.8324109390378 600.87463752180338 224.8118586987257 51.967823028564453 368.7318307980895 610.0167271271348 700.4422822445631
leaf_count=3400 174 7721 144 2155 4080 1079 66 737 256 43 208 74 1328 117 222 110 605 173 434 66 245 859 111 666 2698 1018 234 1699 2733 3149
internal_value=0.000352313 0.001246 -0.000343407 -0.00543124 -0.00191725 0.000598768 -0.00101582 0.00260424 0.00300404 0.00498799 0.00812876 0.00110284 0.0107984 0.00156439 0.00292463 0.0100812 0.0111682 -0.00456138 -0.00153201 -0.0096036 7.31866e-05 -0.00989717 -0.00120986 -0.00509001 -0.00219966 0.0072203 0.00531573 0.00361001 -0.00461353 -0.0029905
internal_weight=7960.87 5711.75 2639.56 412.996 2249.12 2226.57 1465.67 3072.18 2926.82 1217.09 634.763 174.78 459.983 582.323 526.414 450.406 425.186 956.262 158.944 61.587 1292.86 224.101 275.369 174.068 1223.62 251.044 101.302 424.61 622.747 732.161
internal_count=36604 26225 12275 2299 10379 9976 6576 13950 13213 5492 2868 782 2086 2624 2368 2043 1933 4355 708 274 6024 1033 1233 777 5497 1135 456 1944 2799 3322
cat_boundaries=0 1 2 3 4 5 6
cat_threshold=11995616 582749 328 37907 4211212 84
is_linear=0
shrinkage=0.03


Tree=128
num_leaves=31
num_cat=7
split_feature=6 9 0 9 0 0 11 4 28 12 19 0 0 21 23 19 32 8 12 32 14 26 29 28 31 18 8 31 28 4
split_gain=13.4153 13.2343 11.115 10.3026 10.4466 9.8977 11.6806 14.6027 16.094 10.4503 9.72306 12.4831 11.8722 12.7718 10.0386 9.52131 8.99065 8.68232 10.3436 9.65867 8.39452 8.1973 8.03856 8.97343 8.74834 11.7222 8.62363 8.30871 16.0834 8.36299
threshold=1.5000000000000002 6.955000000000001 0 7.0750000000000011 1 2 32.095000000000006 3 6.6470000000000011 7.245000000000001 4.8710000000000013 4 5 53.710000000000008 -17.094999999999992 5.5110000000000019 -0.20734126984126983 18.220000000000002 6.9850000000000012 -0.29583333333333323 0.58571428571428574 1.5249999999999988 -0.10499999999999997 7.0130000000000008 0.18673611111111113 5.705000000000001 60.065000000000005 0.47777777777777786 6.7390000000000017 6
decision_type=2 2 1 2 1 1 2 1 2 2 2 1 1 2 2 2 10 2 2 10 8 2 2 2 10 2 2 10 2 1
left_child=1 2 -1 -3 15 16 7 8 -7 -8 12 20 13 14 -10 -5 -2 -9 -19 -20 -12 -17 24 26 -4 -26 27 -24 -29 -30
right_child=5 3 22 4 -6 6 9 17 10 -11 11 -13 -14 -15 -16 21 -18 18 19 -21 -22 -23 23 -25 25 -27 -28 28 29 -31
leaf_value=-0.003951181626852051 0.0073989985836145911 -0.019179021930219191 -0.020170860308718126 -0.009836802728068977 -0.0090377916176231383 0.027704378653685073 -0.0011519762864587481 0.014532197393548735 0.0049307066286073068 -0.033480967488575222 0.0076705963583756712 -0.0024160468516963513 -0.00024147733258268403 -0.044348982842489608 -0.01451607660923938 0.0061651060287438277 0.00098185890979981356 0.0047371664771768129 -0.018284612043757881 0.0016020205850802507 -0.02113173753157821 0.038800422860464 -0.00016569667751279926 0.025147678805911924 0.038222391220520645 0.0061129705256010069 0.024169059052152789 -0.03268351116776419 0.0098552768968511555 -0.0083320594460819641
leaf_weight=823.80965845286846 346.76071546971798 56.843588605523109 10.278153732419012 31.658914491534233 181.14104702323675 17.515265092253685 2442.8652079254389 71.143185213208199 31.327021986246109 9.0321417152881605 223.94557246565819 383.71243017166853 192.3924647346139 10.452905736863611 100.63577557355165 52.547334007918835 453.439019292593 815.9748599678278 34.894145876169205 59.393726661801338 9.4932157546281797 7.9786352217197409 1279.656319051981 12.271158039569853 11.023913629353045 142.55673488229513 12.518812470138071 20.580108314752579 23.891571089625359 64.229966714978218
leaf_count=3859 1572 290 46 172 969 76 11129 388 139 40 1025 1753 877 48 466 258 2038 3680 155 265 47 41 5876 55 48 648 70 95 112 305
internal_value=-0.000224284 -0.001927 -0.00115254 -0.0075585 -0.00514178 0.000669454 0.000107021 0.00183957 -0.000783697 -0.00127107 -0.00131609 0.000917053 -0.00543243 -0.0116126 -0.00989955 0.00315225 0.00371624 0.00439416 0.00365008 -0.00575764 0.00623232 0.0104671 0.000332388 -0.000394852 0.00662452 0.00841776 -0.000618595 -0.000842105 -0.00880491 -0.00322824
internal_weight=7933.96 2730.99 2400.82 330.17 273.326 5202.98 4402.78 1950.88 969.475 2451.9 951.959 617.151 334.808 142.416 131.963 92.1849 800.2 981.406 910.263 94.2879 233.439 60.526 1577.01 1413.15 163.859 153.581 1400.88 1388.36 108.702 88.1215
internal_count=36542 12844 11114 1730 1440 23698 20088 8919 4431 11169 4355 2825 1530 653 605 471 3610 4488 4100 420 1072 299 7255 6513 742 696 6458 6388 512 417
cat_boundaries=0 1 2 3 4 5 6 7
cat_threshold=6170016 942386 530563 293 4588668 10880516 336
is_linear=0
shrinkage=0.03


Tree=129
num_leaves=31
num_cat=6
split_feature=0 23 0 5 32 27 0 30 32 23 14 0 28 21 0 9 0 7 26 11 32 22 27 9 26 27 26 21 24 20
split_gain=10.1066 10.7427 12.5614 9.85663 10.1837 10.1267 10.2282 10.7653 9.89926 9.72079 10.4898 9.44415 10.9102 9.27764 8.72053 8.67221 9.82702 12.4039 10.2483 8.42897 8.42584 9.52725 8.67305 8.28908 8.24371 10.7824 9.91196 8.71187 8.17627 7.99762
threshold=0 16.025000000000006 1 2.5000000000000004 -0.57638888888888873 6.9850000000000012 2 0.5634920634920636 -0.51408730158730143 13.485000000000005 0.31666666666666671 3 6.6710000000000003 59.805000000000007 4 3.6150000000000007 5 6.8950000000000005 -11.599999999999998 19.555000000000003 -0.54583333333333328 28.757000000000001 6.6850000000000014 6.9350000000000014 7.7450000000000019 6.6350000000000007 15.85 53.820000000000007 49.720000000000006 -3.4349999999999992
decision_type=1 2 1 2 8 2 1 10 8 2 8 1 2 2 1 2 1 2 2 2 10 2 2 2 2 2 2 2 2 2
left_child=20 3 -3 4 -2 6 7 23 -6 13 -11 12 -10 24 -15 -7 17 28 -18 -14 21 -1 -22 -5 25 -8 27 -26 -17 -27
right_child=1 2 -4 5 8 15 9 -9 11 10 -12 -13 19 14 -16 16 18 -19 -20 -21 22 -23 -24 -25 26 29 -28 -29 -30 -31
leaf_value=0.029014327131604591 0.0055152002148914549 0.00087666601573938789 -0.016307327592722201 -0.0036911154581916188 -0.023162411334417821 0.0055365181689408845 0.034996617158781967 0.0019438297411826077 0.0098424480203239597 0.033063461376845793 -0.0086422205066741566 -0.0010273987308633942 0.0065182706951689047 -0.0059093656734383023 0.012669595320850375 0.0029334250774449913 -0.00063289359948941106 0.024689561612920758 -0.0095466049322727609 -0.0080108071350661839 -0.020210691562559245 0.0060639268493876625 0.0019694615864532497 -0.019691479173918024 -0.019161041739156979 0.020035467599368972 0.0090292276536363056 0.011965520919164497 -0.011096556317595697 0.0019314037599183027
leaf_weight=20.377004623413086 167.83565760403872 77.88107942789793 72.427318975329399 339.17179906368256 19.941764190793037 112.06906575709581 9.0452267676591855 420.82924961298704 38.062454864382744 18.534563839435581 7.6754440665245047 2104.0840862840414 39.091693058609962 25.344783499836922 117.14252043515444 159.97018527239561 195.4915609061718 19.473590850830078 285.79485602676868 445.3022427931428 16.074489504098892 80.947848595678806 1227.1329320445657 31.878850914537907 48.87060609459877 22.24013976752758 23.578579537570477 9.6987130194902402 48.784350089728832 1749.3613862767816
leaf_count=95 814 466 469 1543 92 519 41 1927 169 99 44 9764 180 116 528 701 871 92 1287 2056 70 399 5557 157 221 146 107 42 216 7830
internal_value=-1.78351e-05 -0.000500917 -0.00843018 -0.000317178 -0.00165086 0.000712578 0.00156558 -0.00132394 -0.00210532 0.00268522 0.0208502 -0.00194545 -0.00551743 0.00246119 0.00983933 -0.00221877 -0.00344373 0.00171565 -0.00580536 -0.00683828 0.00234325 0.0106794 0.00168268 -0.00506579 0.00189683 0.00232548 -0.00739477 -0.0140067 -0.000345275 0.00215868
internal_weight=7954.11 6609.58 150.308 6459.27 2814.32 3644.96 2823.37 791.88 2646.48 2031.49 26.21 2626.54 522.456 2005.28 142.487 821.584 709.515 228.228 481.286 484.394 1344.53 101.325 1243.21 371.051 1862.79 1780.65 82.1479 58.5693 208.755 1771.6
internal_count=36618 30497 935 29562 13075 16487 12801 3627 12261 9174 143 12169 2405 9031 644 3686 3167 1009 2158 2236 6121 494 5627 1700 8387 8017 370 263 917 7976
cat_boundaries=0 1 2 3 4 5 6
cat_threshold=8274 2956833 14684169 328736 83968 3409961
is_linear=0
shrinkage=0.03


Tree=130
num_leaves=31
num_cat=2
split_feature=5 0 0 28 23 30 13 20 15 14 23 16 26 23 11 32 7 9 28 16 28 24 31 32 22 19 15 26 7 11
split_gain=10.2341 14.9598 13.8581 12.4756 10.5713 10.3844 9.5751 9.16394 9.67661 9.62104 8.53358 8.16966 7.68618 7.51995 7.33942 8.76155 7.85425 7.19967 9.85951 11.5508 7.01739 9.85723 8.45877 7.55384 10.0233 7.45384 9.4337 7.04498 6.76832 6.74172
threshold=4.5000000000000009 0 1 7.0520000000000014 16.820000000000007 0.21111111111111114 55.500000000000007 0.68500000000000016 0.38750000000000007 0.38750000000000007 -31.144999999999996 1.6125000000000003 -42.854999999999997 -48.329999999999991 20.700000000000006 0.1896825396825397 6.9050000000000011 3.7250000000000005 6.8890000000000002 4.0500000000000007 6.9920000000000018 43.275000000000013 0.297936507936508 -0.54583333333333328 24.785000000000007 4.9970000000000008 1.0000000180025095e-35 -7.5200000000000005 4.9150000000000009 33.82500000000001
decision_type=2 1 1 2 2 10 2 2 8 10 2 8 2 2 2 10 2 2 2 10 2 2 10 10 2 2 8 2 2 2
left_child=2 7 4 6 13 -3 11 10 -9 -10 -2 -4 -7 -1 15 16 -15 -8 29 28 23 -22 -23 24 27 26 -26 -13 -20 -19
right_child=1 5 3 -5 -6 12 17 8 9 -11 -12 20 -14 14 -16 -17 -18 18 19 -21 21 22 -24 -25 25 -27 -28 -29 -30 -31
leaf_value=0.026577279602929924 0.017808581718612874 -0.029771974342170455 -0.014673184540072437 -0.028929853584233889 -0.01463987621072446 -0.02089305965198561 0.020371118001133406 -0.0061426049588254907 0.035440406610331425 0.0046615305990203764 0.0036204316007220324 0.0032555724181439136 0.00017682700862641082 0.0029943470618141775 -0.0023966956832487713 0.02828124218035331 -0.023162987336675656 0.014449647331032454 0.02105209584206183 -0.037440626690675341 0.021589105299321149 -0.020771830384817475 0.010614273668546408 -4.5870665085071285e-05 -0.00044923921773963967 0.0038738982445386443 0.024520387858118043 -0.033146737949543918 -0.0089732688473843567 0.0018352629495483853
leaf_weight=8.3596537709236127 40.896402142941952 10.949697807431219 32.05613712221384 12.756727635860441 59.244542047381401 15.959173217415808 30.409687213599682 11.851368546485899 26.19492930918932 14.038906201720236 568.62702292203903 9.3122036680579203 659.66313355416059 221.01184108108282 2536.0684510916471 11.791231349110602 10.83806663751602 76.743429407477379 9.7914337962865847 9.4701633900403959 33.685164034366608 12.626090869307516 19.921832099556923 3134.5941661819816 20.518660545349121 167.45087165385485 40.488631531596184 9.8416664004325849 21.80214960873127 75.787526667118073
leaf_count=56 239 50 169 58 401 73 153 57 130 73 2457 45 2991 1003 11753 64 63 354 45 46 152 57 89 14279 106 818 189 45 93 344
internal_value=-3.29759e-05 0.00234776 -0.000521913 0.000684952 -0.00209257 -0.000779221 0.000788782 0.00552105 0.0176826 0.0247006 0.0045724 0.000401849 -0.000320874 -0.00183345 -0.00191889 0.00305455 0.0017716 0.0068008 0.00466919 -0.00837905 0.000541984 0.0102127 -0.00156112 0.000352604 0.00539701 0.00714471 0.0161223 -0.0154487 0.000332145 0.00818198
internal_weight=7912.75 1348.18 6564.57 3717.26 2847.31 686.572 3704.5 661.609 52.0852 40.2338 609.523 3480.5 675.622 2788.07 2779.71 243.641 231.85 224.004 193.595 41.0637 3448.44 66.2331 32.5479 3382.21 247.612 228.458 61.0073 19.1539 31.5936 152.531
internal_count=36452 6070 30382 17042 13340 3114 16984 2956 260 203 2696 15949 3064 12939 12883 1130 1066 1035 882 184 15780 298 146 15482 1203 1113 295 90 138 698
cat_boundaries=0 1 2
cat_threshold=10005670 14582180
is_linear=0
shrinkage=0.03


Tree=131
num_leaves=31
num_cat=5
split_feature=13 26 10 24 0 0 0 26 4 28 31 8 11 11 16 26 0 22 28 18 16 7 16 8 13 7 24 28 22 16
split_gain=11.8655 11.4699 11.0966 9.8593 10.8431 10.8277 9.77293 11.6325 9.85286 9.26122 8.60232 8.30455 9.45691 8.26623 9.95831 8.10274 7.84328 10.0442 8.65524 8.53447 8.38289 12.7442 8.05905 11.9576 7.60234 8.67591 7.45787 7.30889 9.96084 9.47029
threshold=50.500000000000007 7.7450000000000019 27.310000000000006 41.190000000000005 0 1 2 -16.604999999999993 3 7.0430000000000001 0.36011904761904767 20.080000000000002 29.775000000000002 23.105 2.683333333333334 -5.660000000000001 4 36.489000000000004 6.9660000000000011 7.0050000000000008 4.2111111111111121 4.6750000000000007 4.2928571428571436 21.595000000000002 57.500000000000007 4.3450000000000006 36.945000000000007 6.7130000000000001 34.499000000000009 3.183333333333334
decision_type=2 2 2 2 1 1 1 2 1 2 8 2 2 2 10 2 1 2 2 2 10 2 8 2 2 2 2 2 2 10
left_child=6 2 3 4 24 -5 8 9 13 -8 26 12 -7 14 -1 -16 22 19 -19 20 21 -18 23 -4 -2 -26 -3 29 -29 -15
right_child=1 10 16 5 -6 11 7 -9 -10 -11 -12 -13 -14 27 15 -17 17 18 -20 -21 -22 -23 -24 -25 25 -27 -28 28 -30 -31
leaf_value=0.037642685079561582 0.015021786537849227 0.0093759497291033451 0.025574198085023828 -0.0021454231732786233 -0.004426560993193232 0.0060673067620249559 0.0017752279885867315 -0.0027077074483876852 -0.00024716680806035718 -0.015334181784530082 -0.027932539657950537 0.01030616176161636 0.032229575731415737 0.0058313987170536315 0.015179791125173727 -0.013159808307706661 -0.015332752209219792 0.0078525935497640344 0.037546688700412757 -0.011344571384200438 0.01767603638983916 0.0030683864740055789 -0.01842514474652129 -0.0028603493775790079 0.015732764757991805 -0.028210443324489409 -0.016162391540639899 0.00089576457097633887 0.011893033093897413 -0.015574509086814022
leaf_weight=13.383007273077963 65.315027803182602 21.124419927597046 14.004294887185095 52.271211877465248 110.22838800400496 18.223038651049137 861.10154410451651 2917.5495483726263 2318.0477123707533 29.44718436896801 17.987788319587708 135.76084975898266 39.148966938257217 35.302537947893143 38.783890709280968 11.855641469359396 38.643271148204803 139.12652416527271 9.4335162341594678 47.508979424834251 28.929362595081329 274.46702865511179 27.63726107776165 268.66911520808935 7.5192119702696827 8.7482671141624433 20.068040162324905 199.23411333560944 118.0445234850049 39.317894846200943
leaf_count=60 309 92 64 247 512 102 3960 13655 10595 134 80 624 215 162 180 52 172 610 41 208 129 1205 127 1170 43 40 88 905 538 176
internal_value=-0.00027842 0.0022894 0.00288382 0.00676635 0.00167069 0.0107492 -0.000803063 -0.00178695 0.000552072 0.00120948 -0.010624 0.0136437 0.0239197 0.00453374 0.0146274 0.00854497 0.000883045 0.00304456 0.00973816 0.00057002 0.00222495 0.000797365 -0.00287084 -0.00145164 0.00931023 -0.00789886 -0.00306576 0.00300047 0.00498733 -0.00544749
internal_weight=7926.88 1344.81 1285.63 437.215 191.811 245.404 6582.07 3808.1 2773.97 890.549 59.1802 193.133 57.372 455.922 64.0225 50.6395 848.419 538.109 148.56 389.549 342.04 313.11 310.311 282.673 81.5825 16.2675 41.1925 391.899 317.279 74.6204
internal_count=36495 6078 5818 2092 904 1188 30417 17749 12668 4094 260 941 317 2073 292 232 3726 2365 651 1714 1506 1377 1361 1234 392 83 180 1781 1443 338
cat_boundaries=0 1 2 3 4 5
cat_threshold=2164563 2310660 6383655 8 10499300
is_linear=0
shrinkage=0.03


Tree=132
num_leaves=31
num_cat=1
split_feature=9 13 22 27 8 10 12 18 10 14 7 25 16 10 32 4 25 5 32 7 9 31 22 13 21 25 29 32 23 22
split_gain=12.0296 8.32997 8.70928 12.5062 12.9259 10.066 7.63942 7.62923 7.58864 7.93776 8.22838 7.56695 9.49103 11.4039 8.57843 7.50119 8.5859 7.22582 7.21835 10.7743 7.54173 7.20411 7.82944 6.9905 6.98679 6.92313 9.01339 8.68825 8.4773 12.5186
threshold=6.5250000000000012 37.500000000000007 40.20600000000001 6.955000000000001 43.015000000000008 49.870000000000012 7.1150000000000011 7.6750000000000007 41.085000000000008 0.61250000000000016 6.8150000000000004 27.079000000000004 3.2928571428571431 45.480000000000011 -0.57638888888888873 0 29.444000000000006 3.5000000000000004 -0.19999999999999998 5.1950000000000012 5.3750000000000009 0.12011904761904764 38.933000000000014 26.500000000000004 48.775000000000013 33.757000000000012 -0.020000000000000014 0.37638888888888894 2.0999999999999983 35.593000000000011
decision_type=2 2 2 2 2 2 2 2 2 8 2 2 10 2 8 1 2 2 10 2 2 10 2 2 2 2 2 10 2 2
left_child=1 7 15 4 -4 -6 8 11 17 -10 -11 12 13 -1 24 16 21 -2 19 -16 -21 -3 -23 -9 -14 26 28 -27 29 -13
right_child=6 2 3 -5 5 -7 -8 23 9 10 -12 25 14 -15 18 -17 -18 -19 -20 20 -22 22 -24 -25 -26 27 -28 -29 -30 -31
leaf_value=0.013450771393558299 -0.016608136216324208 -0.026951249086963325 0.0092078165915389573 0.016349961966025877 -0.0016022073354945801 -0.03372936663834105 -0.026200583949845303 0.028142949638618849 -0.0012193098043579034 0.001801126395500816 -0.022763640167063646 -0.0049440764448008866 -0.0025606816415545473 -0.013059909584406356 -0.0014085183828458328 -0.00045963061938519454 0.0034117747912639331 0.0020549585662410054 0.0064449927867390681 -0.034642586559569845 -0.0051210162410200589 -0.00023617276685997557 -0.024578024367304885 0.0041753489334851466 0.032833769263398892 -0.00024625422508017922 -0.0063729251254224049 0.027697977124263976 0.0091812462757202597 0.006346675878462874
leaf_weight=107.70028156787157 59.287258669734001 10.085206322371958 140.01914624869823 81.144270896911621 118.59737792611122 9.4786330759525281 11.901319071650503 14.275529265403746 1535.7804514095187 20.118886321783066 31.467611491680145 356.21723186224699 9.0086298733949679 16.894128993153572 69.561070822179317 1568.6255998983979 1423.6683211550117 27.2534289509058 44.495725370943546 18.810514748096466 13.291088119149206 302.511862821877 12.378947317600248 47.045909851789474 11.334891706705092 1197.9302750900388 477.85256238281727 10.098019078373907 68.042757928371429 117.54276141524315
leaf_count=493 289 50 637 365 531 44 52 67 7538 99 183 1578 42 81 318 7051 6433 123 195 81 58 1359 57 213 59 5440 2209 52 333 534
internal_value=-1.18666e-06 0.000605725 0.00152472 0.00603096 0.00290772 -0.00397987 -0.00225004 -0.000700232 -0.00207976 -0.00160812 -0.0131833 -0.000954771 0.00359401 0.00985611 -0.00109196 0.00105031 0.00239374 -0.0107307 -0.00363244 -0.00804314 -0.0224197 -0.00199247 -0.0011931 0.00975497 0.0171602 -0.00154917 -0.00336953 -1.26658e-05 -0.000720635 -0.00214277
internal_weight=7932.42 6246.61 3666.51 349.239 268.095 128.076 1685.81 2580.1 1673.91 1587.37 51.5865 2518.78 291.096 124.594 166.502 3317.27 1748.64 86.5407 146.158 101.663 32.1016 324.976 314.891 61.3214 20.3435 2227.68 1019.66 1208.03 541.803 473.76
internal_count=36564 28280 16527 1577 1212 575 8284 11753 8232 7820 282 11473 1327 574 753 14950 7899 412 652 457 139 1466 1416 280 101 10146 4654 5492 2445 2112
cat_boundaries=0 1
cat_threshold=468
is_linear=0
shrinkage=0.03


Tree=133
num_leaves=31
num_cat=5
split_feature=1 22 0 27 9 0 32 4 23 7 32 29 9 25 11 11 25 27 30 4 18 8 19 19 25 10 11 0 22 22
split_gain=12.5379 14.4464 10.2694 10.9699 10.5614 10.2686 9.59355 9.40802 10.459 9.3512 8.97617 8.94362 13.5632 8.80002 9.08926 8.54024 10.0413 8.70047 8.4131 10.7076 11.8906 8.91975 8.36728 8.28455 7.98411 8.64226 9.12966 7.90021 7.73284 8.06652
threshold=10.500000000000002 34.82500000000001 0 6.8250000000000011 7.3150000000000004 1 0.25634920634920644 2 8.0100000000000051 6.7550000000000008 -0.38492063492063483 0.034999999999999705 4.7550000000000008 38.506000000000007 18.455000000000002 37.525000000000006 30.901 6.8350000000000009 0.73214285714285732 3 7.3650000000000011 54.895000000000003 3.5430000000000006 5.1950000000000012 38.175000000000004 22.265000000000004 35.905000000000008 4 52.777000000000008 29.780000000000001
decision_type=2 2 1 2 2 1 8 1 2 2 8 2 2 2 2 2 2 2 10 1 2 2 2 2 2 2 2 1 2 2
left_child=1 11 6 4 10 24 -3 8 28 -6 13 -1 15 14 -4 16 -13 -18 19 -12 21 -21 -14 -17 25 26 -2 -24 29 -7
right_child=5 2 3 -5 9 7 -8 -9 -10 -11 18 12 22 -15 -16 23 17 -19 -20 20 -22 -23 27 -25 -26 -27 -28 -29 -30 -31
leaf_value=0.00011541530039984148 -0.00010478014854428012 -0.001075941050485715 0.025565486414516895 0.0061142515294424996 0.006607637429087666 0.017565227986233653 0.027337217435383504 -0.0099750657621133689 -0.017449547831897099 -0.023846536521166022 -0.0061561346039981316 -0.005599674313667354 -0.037861161934138562 0.016917315078705229 -0.0097808916544208698 -0.0014794503916186997 -0.0026865910323272879 0.02029012126037278 0.023109449158069662 0.0092785030285625503 -0.0097710179589989132 0.041075532390187887 -0.012422409336154936 -0.031181906636688093 -0.0087608861791886351 0.0025328747487984916 -0.025949149066663374 -0.0021740224049059762 0.027263363681386408 -0.0025753509956294315
leaf_weight=4277.0375831872225 30.906459167599678 582.43854583799839 6.9813345968723288 904.39179089665413 13.370410174131392 18.977437376976013 10.895117461681364 242.01633794605732 37.208388894796371 28.241822279989719 69.428878664970398 35.311551511287689 8.2566770389676076 14.947022736072539 105.38640161603689 48.945174768567085 20.595293425023556 53.006807759404182 21.208362594246864 135.63466040790081 29.482142120599747 8.4337382614612562 129.69045991450548 10.215221568942068 80.924580216407776 500.23560646176338 20.43576543033123 161.71159095317125 8.673745781183241 314.41124630719423
leaf_count=19484 140 2652 37 4097 58 87 52 1201 224 135 305 156 46 73 499 216 91 236 91 596 129 41 663 45 378 2347 95 802 41 1533
internal_value=5.7974e-05 0.000574961 0.00276267 0.00420265 0.000308057 -0.00269464 -0.000545017 -0.00539065 -0.00228419 -0.0140613 0.00183536 -0.000315307 -0.00425392 -0.00470824 -0.00758484 0.00256737 0.0075514 0.0138608 0.00498878 0.00340713 0.00717424 0.0111399 -0.00807987 -0.00660817 3.81851e-05 0.00132983 -0.0103916 -0.00723604 -0.000701336 -0.00142889
internal_weight=7929.4 6675.61 1930.84 1337.51 433.115 1253.79 593.334 621.287 379.271 41.6122 391.503 4744.77 467.733 127.315 112.368 168.074 108.914 73.6021 264.188 242.979 173.551 144.068 299.659 59.1604 632.502 551.578 51.3422 291.402 342.062 333.389
internal_count=36550 30504 8765 6061 1964 6046 2704 3086 1885 193 1771 21739 2255 609 536 744 483 327 1162 1071 766 637 1511 261 2960 2582 235 1465 1661 1620
cat_boundaries=0 1 2 3 4 5
cat_threshold=585936 4748958 124 261 6986856
is_linear=0
shrinkage=0.03


Tree=134
num_leaves=31
num_cat=4
split_feature=1 19 0 19 23 19 13 6 10 0 15 23 22 11 20 9 18 18 7 0 23 10 18 32 19 32 21 0 23 19
split_gain=10.3832 12.2023 12.3596 11.5197 11.4413 12.9666 12.0218 13.9202 10.5752 9.57773 9.31014 10.6891 10.208 8.99199 8.69589 8.55587 8.43263 8.59339 8.42006 8.39016 12.7204 11.1331 11.0465 10.6974 10.8486 10.6971 8.68068 8.80056 12.583 10.0231
threshold=10.500000000000002 5.3690000000000007 0 5.3770000000000016 -34.92499999999999 5.3550000000000013 46.500000000000007 1.0000000180025095e-35 20.995000000000001 1 0.58571428571428574 9.2650000000000023 27.499000000000006 46.170000000000009 1.3550000000000002 6.0550000000000006 6.4650000000000007 6.1850000000000014 6.6350000000000007 2 11.570000000000004 54.585000000000001 5.6050000000000013 1.0000000180025095e-35 6.6909999999999998 -0.043055555555555534 48.115000000000002 3 -6.9799999999999995 5.5110000000000019
decision_type=2 2 1 2 2 2 2 2 2 1 10 2 2 2 2 2 2 2 2 1 2 2 2 10 2 8 2 1 2 2
left_child=1 2 4 -3 -1 6 7 -6 13 -5 -10 12 -12 -8 19 -14 17 -11 -19 20 22 -22 -2 25 -25 26 27 -24 -29 -30
right_child=14 3 -4 9 5 -7 8 -9 10 16 11 -13 15 -15 -16 -17 -18 18 -20 -21 21 -23 23 24 -26 -27 -28 28 29 -31
leaf_value=0.01234575609725241 0.033749370596377726 0.020506441582243413 -0.0018533657812975671 -0.00093132910324440505 -0.01191785530514719 -0.02129686535186134 0.015186654004639573 0.00036547954149557672 0.0013676551701498649 -0.00032429126528329738 0.04936021587399126 -0.010318027982842483 -0.0065339472306679656 -0.014793126011946614 -0.02298548812997496 0.034474196763991376 0.0024822348413172718 0.01498704540132814 -0.0090371059259308963 -0.0045636581911422044 0.03793063706472348 -0.0065888403037133968 0.0049389563170219742 -0.011228686059723979 0.018773591340342052 0.011166951775480445 0.0021482011510568712 -0.043004151906624453 0.0011294508766197372 -0.024059335730033861
leaf_weight=80.508516199886799 8.3532673120498639 30.992227926850319 2511.8051202967763 648.16595933586359 88.422756709158421 23.59024615585804 109.02078253030777 1362.4043533951044 419.65158826112747 64.08182217925787 10.584972918033602 9.828824080526827 9.9210560917854327 9.8147342950105649 18.485920093953609 8.5037928074598295 1132.4099879264832 140.31788472831249 14.485337637364863 649.28309371322393 14.657685905694963 7.7170911878347388 32.216530248522758 119.07938750088215 11.934015035629271 80.345333427190781 237.67740865051746 12.000258967280386 34.382515534758568 24.242296531796455
leaf_count=481 39 140 11542 2971 412 105 517 6173 1843 292 46 56 43 44 122 41 5104 621 76 3174 77 42 149 593 55 380 1077 51 162 114
internal_value=-5.34346e-05 0.000416568 -0.000431596 0.00235649 0.00124611 0.000816638 0.00107385 -0.000383146 0.0047353 0.00207516 0.00266819 0.0167205 0.0258814 0.0127106 -0.00256231 0.0123929 0.00349827 0.00891456 0.012739 -0.00225584 0.000387781 0.0225758 -0.000491453 -0.00100973 -0.00849578 0.00132065 -0.00100258 -0.00828435 -0.0131532 -0.00928651
internal_weight=7924.88 6674.51 4644.06 2030.45 2132.25 2051.74 2028.15 1450.83 577.326 1999.46 458.49 38.8386 29.0098 118.836 1250.37 18.4248 1351.3 218.885 154.803 1231.89 582.606 22.3748 560.231 551.878 131.013 420.864 340.519 102.842 70.6251 58.6248
internal_count=36542 30507 21303 9204 9761 9280 9175 6585 2590 9064 2029 186 130 561 6035 84 6093 989 697 5913 2739 119 2620 2581 648 1933 1553 476 327 276
cat_boundaries=0 1 2 3 4
cat_threshold=1125611 8479952 2647766 541184
is_linear=0
shrinkage=0.03


Tree=135
num_leaves=31
num_cat=7
split_feature=29 0 31 13 0 7 0 20 20 8 26 0 0 26 25 13 31 19 0 25 31 8 25 26 7 25 14 0 28 28
split_gain=9.55656 14.9097 10.4119 9.08216 17.3359 9.60907 12.707 11.2681 9.55313 9.50738 9.37018 11.1241 10.9448 8.062 7.63672 7.52833 7.44506 7.37512 7.34736 7.27077 7.54849 7.00538 9.51143 9.18031 10.9361 10.0278 9.41959 9.2726 12.3548 10.0199
threshold=-0.15499999999999978 0 0.20666666666666669 47.500000000000007 1 6.9750000000000005 2 0.020000000000000021 0.58000000000000063 58.030000000000008 -16.704999999999995 3 4 -66.664999999999978 35.521000000000008 41.500000000000007 0.50472222222222241 5.4950000000000019 5 37.381000000000007 0.43781746031746044 47.895000000000003 38.891000000000012 -8.7300000000000004 5.955000000000001 21.667000000000005 0.5277777777777779 6 6.7549999999999999 6.7990000000000004
decision_type=2 1 8 2 1 2 1 2 2 2 2 1 1 2 2 2 10 2 1 2 10 2 2 2 2 2 8 1 2 2
left_child=1 14 -3 5 -5 10 -7 9 17 19 11 16 -12 -13 -1 -4 -2 -9 -19 -8 -21 22 23 26 25 -25 -14 28 -26 -30
right_child=3 2 15 4 -6 6 7 8 -10 -11 12 13 21 -15 -16 -17 -18 18 -20 20 -22 -23 -24 24 27 -27 -28 -29 29 -31
leaf_value=-0.0045015307781553519 -0.0023333403875798477 -0.015042794737150601 0.027831256612631933 -0.0039142415415387259 0.0030243908067170179 -0.010090985804087824 -0.0019980023408026886 -0.028582162667031761 0.0015501836613431991 0.031754468525574571 0.001157283642819712 -0.018497676084715385 -0.0063176168003278993 0.0039057533343848992 0.0083247646581520712 0.010564478452405015 -0.027571948778420178 0.0027175877769649516 -0.014184752471622725 -0.00091761382023048863 0.031190645200859846 0.0013479849192653138 0.00589242837972263 0.0088016849691399564 0.015002704396416914 -0.0012574031563410066 0.015595168846669151 -0.0083377501286926031 -0.023781201467573239 0.0015424616932471502
leaf_weight=125.61961816251278 289.71578174084425 9.3725719675421697 40.506230928003788 412.07496147602797 1401.7165212780237 222.700488910079 56.595522999763489 17.983267486095428 111.15946621447802 12.914571747183798 1195.0767428055406 14.706446543335913 791.85562051832676 849.79013656824827 62.595692440867424 51.772321626543999 10.915451064705847 40.805342808365822 44.466500476002693 11.815041914582254 14.900245696306227 420.07663775235415 107.7243779078126 97.028764709830284 40.805867955088615 1104.5196883305907 18.058111101388931 330.18848411738873 19.90204755961895 47.922750115394592
leaf_count=562 1309 42 183 1865 6351 1216 263 93 666 61 5387 66 3555 3863 279 241 50 206 233 53 67 2170 485 427 189 4845 83 1653 94 224
internal_value=-0.000210749 0.00513654 0.0137329 -0.00041243 0.0014431 -0.000985617 -0.00482518 -0.00070261 -0.0045529 0.0078038 -0.000602012 0.00177669 -0.00126614 0.00348433 -0.000223929 0.0181438 -0.0031451 -0.0111232 -0.00744121 0.00409105 0.0169905 -0.00223501 -0.00283215 -0.00321572 -0.00192542 -0.000445101 -0.00582904 -0.00597874 0.00179399 -0.00588834
internal_weight=7975.29 289.866 101.651 7685.42 1813.79 5871.63 533.34 310.64 214.415 96.2254 5338.29 1165.13 4173.16 864.497 188.215 92.2786 300.631 103.255 85.2718 83.3108 26.7153 2978.08 2558.01 2450.28 1640.37 1201.55 809.914 438.819 108.631 67.8248
internal_count=36781 1307 466 35474 8216 27258 2858 1642 1198 444 24400 5288 19112 3929 841 424 1359 532 439 383 120 13725 11555 11070 7432 5272 3638 2160 507 318
cat_boundaries=0 1 2 3 4 5 6 7
cat_threshold=960124 6684677 5555410 6359116 6291535 2302220 68128
is_linear=0
shrinkage=0.03


Tree=136
num_leaves=31
num_cat=6
split_feature=5 0 18 0 31 13 4 24 24 4 19 31 19 0 21 16 31 0 26 21 14 21 7 23 12 12 20 1 18 7
split_gain=10.0815 18.1939 14.2006 11.1165 10.4811 11.0304 10.1139 14.0186 9.73418 8.87233 13.2533 8.77545 8.74882 8.60198 8.51488 12.1899 8.48778 8.46006 11.5671 9.59608 11.7593 10.2604 9.70807 8.44711 8.29455 9.83411 8.2424 11.622 8.17813 8.6536
threshold=4.5000000000000009 0 5.6750000000000007 1 0.62011904761904779 38.500000000000007 2 46.135000000000005 36.295000000000009 3 4.5690000000000017 0.48694444444444446 6.5889999999999995 4 50.455000000000005 2.1547619047619051 0.24650793650793654 5 -5.3949999999999987 35.875000000000007 0.10555555555555557 46.180000000000007 5.8450000000000006 -24.384999999999994 6.8750000000000009 6.995000000000001 -0.029999999999999801 5.5000000000000009 5.2350000000000012 6.535000000000001
decision_type=2 1 2 1 8 2 1 2 2 1 2 10 2 1 2 10 10 1 2 2 10 2 2 2 2 2 2 2 2 2
left_child=3 2 -2 6 5 9 7 -1 11 10 -5 -7 14 -3 -4 -16 24 18 -10 -19 21 -21 -23 -8 28 -26 27 -24 -15 -30
right_child=1 13 12 4 -6 8 23 -9 17 -11 -12 -13 -14 16 15 -17 -18 19 -20 20 -22 22 26 -25 25 -27 -28 -29 29 -31
leaf_value=0.0043522359249314971 -0.018626879893439623 0.0089016739201966139 0.0014636212373264873 -0.017502108182996638 -0.014283761525739869 -0.0061999167101047404 0.0037722967552222728 -0.0022855694006178235 0.0056969266205408788 -0.0018771156503766388 -0.0044543364360893206 0.020054161427465009 0.014797942087895118 0.017770901533265625 0.026031177046231323 -0.011305103670818046 0.004436347986508422 -0.010604857759220683 -0.0026562380336180558 0.010885337660282728 -0.0036480835071765498 -0.0039803800140511287 0.039587283553453034 -0.0017187608554910579 -0.021870201039537827 0.0016247734378575067 -0.012980617510334073 0.0054772090394336311 0.0011371107105682735 -0.030872330476535908
leaf_weight=1087.3354967236519 47.306589990854263 280.39144636690617 187.8159142807126 89.205624714493752 58.627960465848446 266.05009268224239 304.603779040277 388.7203538864851 531.72124909609556 1042.1334557235241 326.5152452737093 11.97394637018442 28.596946462988853 23.100172996520996 8.4564444720745069 113.51141127943993 545.19747695326805 86.215759299695492 207.39078821986914 125.88433308899403 368.17045935988426 146.05288515985012 13.956484481692312 1463.8624019771814 36.877665877342224 28.366532362997532 9.9308271855115873 25.262530311942101 61.872081756591797 8.6658526510000211
leaf_count=4988 223 1259 844 430 277 1226 1510 1784 2464 4897 1543 59 125 104 39 519 2457 422 966 560 1678 692 59 6681 160 122 46 107 275 46
internal_value=2.72113e-06 0.00234303 -0.00314954 -0.000486565 -0.001707 -0.0014854 0.00076107 0.00258664 9.06059e-05 -0.0034233 -0.00708374 -0.00506921 -0.00107884 0.00448133 -0.00254447 -0.00871645 0.00262097 0.00103776 0.00330831 -0.0011541 1.13022e-05 0.00420729 -9.93162e-05 -0.000768625 -0.00344344 -0.0116552 0.0114336 0.0176156 0.00227825 -0.00279537
internal_weight=7923.77 1370.16 385.687 6553.61 3309.09 3250.46 3244.52 1476.06 1792.61 1457.85 415.721 278.024 338.381 984.471 309.784 121.968 704.08 1514.59 739.112 775.473 689.258 321.087 195.203 1768.47 158.882 65.2442 49.1498 39.219 93.6381 70.5379
internal_count=36562 6173 1750 30389 15426 15149 14963 6772 8279 6870 1973 1285 1527 4423 1402 558 3164 6994 3430 3564 3142 1464 904 8191 707 282 212 166 425 321
cat_boundaries=0 1 2 3 4 5 6
cat_threshold=2310489 10561883 58 176 1081506 447488
is_linear=0
shrinkage=0.03


Tree=137
num_leaves=31
num_cat=5
split_feature=20 6 0 5 28 18 4 26 0 10 29 29 6 9 10 20 26 12 7 4 16 0 28 22 9 26 7 29 7 9
split_gain=8.68471 10.8023 8.4286 9.40521 13.7837 12.0971 8.45413 7.9575 8.75328 8.01769 8.14187 7.609 10.2985 10.2528 15.0612 9.98649 9.37546 8.41307 7.92351 7.48757 8.10849 7.83095 8.77188 7.53699 10.8693 7.48396 7.40371 9.98005 7.28818 9.73086
threshold=0.99500000000000022 3.5000000000000004 0 5.5000000000000009 6.7750000000000012 6.9250000000000007 1 -24.879999999999992 2 52.865000000000002 -0.064999999999999933 -0.07499999999999972 17.500000000000004 7.4150000000000009 70.985000000000014 -2.4249999999999989 -9.089999999999991 7.1150000000000011 3.9850000000000008 3 3.7321428571428577 4 6.6710000000000003 44.08700000000001 5.8050000000000006 -26.714999999999993 7.1850000000000014 0.11499999999999978 6.8650000000000011 6.495000000000001
decision_type=2 2 1 2 2 2 1 2 1 2 2 2 2 2 2 2 2 2 2 1 8 1 2 2 2 2 2 2 2 2
left_child=2 7 3 26 5 -5 -6 28 9 -9 -11 15 13 19 25 16 -4 18 -17 20 21 22 -13 -23 -25 -15 27 -1 29 -2
right_child=1 -3 11 4 6 -7 -8 8 -10 10 -12 12 -14 14 -16 17 -18 -19 -20 -21 -22 23 -24 24 -26 -27 -28 -29 -30 -31
leaf_value=0.0013096552055531935 0.03965195305930809 0.005809358555399915 0.020612058263098157 0.0085079000316972964 0.006837803082636435 0.032642884664427642 -0.004350939598503128 0.0054317363300644657 -0.013273209007278334 0.015224023785978955 -0.023637502480796192 0.026800455352990939 0.019358863662780789 0.010179832596187937 0.010282885543179474 -0.018830835710399226 0.0014693519134413137 -0.015574874700939823 0.0017942958368897875 -0.0025762357179142858 0.0042681247959726748 0.0025016028785283832 -0.0050333856665537614 0.015408702500178853 -0.018659235115118643 -0.016550603157147108 -0.0056413082958588932 -0.022690592068910193 -0.009596975670571729 -0.0060682506386411936
leaf_weight=3367.2464145720005 9.7598043531179481 71.115240328013897 46.668573051691055 54.275714702904224 146.04205895960331 28.508176013827324 92.277376495301723 58.91486681252718 147.68994460999966 6.3698893189430263 20.362876780331135 7.9602668136358252 21.399587482213974 10.356396988034247 28.267332620918751 17.159169524908066 45.453528977930546 27.511400878429413 727.12056964635849 1462.2223070636392 375.84884239733219 483.60571569949389 364.96205845475197 11.178701072931288 34.259272739291191 105.01579592376947 148.69068425148726 15.666059508919714 13.280425369739531 7.3409238532185546
leaf_count=15174 54 395 278 241 654 124 406 355 949 33 140 34 93 54 150 78 256 117 3129 6687 1706 2197 1684 50 164 559 736 70 81 44
internal_value=0.000161542 -0.00456723 0.000369285 0.00135397 0.00627319 0.0168192 0.00260987 -0.00736541 -0.00924581 -0.0006727 -0.0143776 -0.000639169 -0.00137594 -0.00152981 -0.00934268 0.00183095 0.0111669 0.000716595 0.00131879 -0.00112024 0.00056165 -0.00097661 -0.00424017 0.00137797 -0.0102778 -0.0141511 0.000910535 0.00119851 0.00707665 0.0200254
internal_weight=7956.53 334.834 7621.7 3852.71 321.103 82.7839 238.319 263.719 233.338 85.6476 26.7328 3768.99 2905.08 2883.68 143.64 863.913 92.1221 771.791 744.28 2740.04 1277.81 901.966 372.922 529.044 45.438 115.372 3531.6 3382.91 30.3812 17.1007
internal_count=36692 2051 34641 17405 1425 365 1060 1656 1477 528 173 17236 13378 13285 763 3858 534 3324 3207 12522 5835 4129 1718 2411 214 613 15980 15244 179 98
cat_boundaries=0 1 2 3 4 5
cat_threshold=1616811 260 1002049 458 217092
is_linear=0
shrinkage=0.03


Tree=138
num_leaves=31
num_cat=1
split_feature=7 13 31 29 32 5 16 11 23 31 20 13 21 13 22 1 13 9 6 4 28 32 13 26 13 21 1 9 1 11
split_gain=10.277 8.94686 7.68723 7.63624 8.83697 7.47375 12.2932 10.5878 9.1398 13.7225 9.07041 10.7277 11.3486 9.56052 7.80404 8.02637 8.13501 7.40811 7.27099 7.17039 8.63018 8.74557 8.48372 10.1945 8.47071 6.90551 6.88132 6.80522 14.5994 9.46556
threshold=2.7750000000000004 47.500000000000007 0.12472222222222223 -0.18999999999999992 -0.056349206349206364 2.5000000000000004 4.6125000000000007 27.425000000000004 -28.754999999999992 0.21781746031746038 -0.42500000000000021 23.500000000000004 56.810000000000009 34.500000000000007 52.179000000000009 10.500000000000002 42.500000000000007 7.3150000000000004 17.500000000000004 0 6.7190000000000003 -0.37638888888888883 44.500000000000007 -20.554999999999993 42.500000000000007 65.730000000000004 4.5000000000000009 2.2550000000000003 6.5000000000000009 24.250000000000004
decision_type=2 2 10 2 10 2 8 2 2 10 2 2 2 2 2 2 2 2 2 1 2 8 2 2 2 2 2 2 2 2
left_child=-1 3 -3 4 -2 27 8 -8 9 -7 11 -9 13 -13 15 18 -17 -16 25 -11 21 -21 23 -22 -25 -10 -15 28 29 -5
right_child=1 2 -4 5 -6 6 7 10 14 19 -12 12 -14 26 17 16 -18 -19 -20 20 22 -23 -24 24 -26 -27 -28 -29 -30 -31
leaf_value=0.013325048256974375 0.014767530425947337 -0.0091888059255679118 0.0017841898575597704 0.019264185271920944 -0.0076013873698210022 -0.034949990273286803 0.02496416584853773 -0.021808539649228229 0.00055559645751285973 0.0033728274869857578 -0.01675139267925204 0.030755959020746699 -0.018405821607745194 -0.0051962810998942991 0.02227109216818066 -0.0057764689830825458 0.0031120015105637324 -0.0042356524159950998 0.018254589696357685 -0.039075698181585405 0.017554520859544721 -9.6590062329886215e-05 -0.027186123704731984 -0.0091391497407933737 0.020486042137027906 -0.022210133039171121 0.020539690110720439 -0.0018031667541544942 -0.017828444574240078 -0.0045993475513699455
leaf_weight=49.61283453553915 55.74732106924057 59.337125413119793 1815.8814720883965 17.75571496784687 22.23436513543129 13.88964907824993 29.093278773128986 9.4286189228296262 2241.5957273393869 74.871169447898865 15.439925298094748 25.98422384262085 9.4878077581524831 19.607487387955189 26.934929072856903 378.14647181332111 122.754858084023 14.651017621159552 20.795613378286362 14.583171419799326 18.955243647098541 8.0346117615699786 14.173502087593077 93.436837553977966 9.5767083019018155 12.056030720472334 17.874505892395973 2542.9221114367247 76.381058029830456 94.99465100467205
leaf_count=307 257 272 8237 85 94 64 147 47 10014 373 76 124 47 89 116 1819 569 67 89 75 99 39 69 447 48 52 84 11981 358 439
internal_value=-0.000286078 -0.000371811 0.00143697 -0.00093699 0.00838964 -0.00105978 -7.38133e-05 0.00907542 -0.000452733 -0.00597981 0.00434997 0.00830473 0.0121966 0.0167715 3.2925e-05 -0.000160364 -0.00359819 0.0129326 0.000596748 -0.0042575 -0.0075903 -0.025229 -0.00521746 -0.00266457 -0.00638503 0.00043381 0.00707675 -0.0022115 -0.00770163 -0.000841363
internal_weight=7926.24 7876.63 1875.22 6001.41 77.9817 5923.42 3191.37 126.916 3064.46 247.521 97.8226 82.3826 72.954 63.4662 2816.93 2775.35 500.901 41.5859 2274.45 233.631 158.76 22.6178 136.142 121.969 103.014 2253.65 37.482 2732.05 189.131 112.75
internal_count=36584 36277 8509 27768 351 27417 14554 614 13940 1214 467 391 344 297 12726 12543 2388 183 10155 1150 777 114 663 594 495 10066 173 12863 882 524
cat_boundaries=0 1
cat_threshold=324
is_linear=0
shrinkage=0.03


Tree=139
num_leaves=31
num_cat=0
split_feature=5 23 23 13 28 26 10 32 25 16 19 19 22 21 29 16 29 16 32 8 31 21 32 25 31 21 16 7 31 29
split_gain=10.384 7.12213 7.08205 8.07696 7.70709 7.01132 8.90198 7.64675 7.30253 8.23894 7.2692 7.14931 6.89206 9.91064 8.5387 6.56268 6.54398 7.00513 6.72448 6.71735 6.46666 6.37457 8.07961 6.48805 6.18143 6.21591 7.98923 6.18101 6.09699 5.71783
threshold=2.5000000000000004 16.025000000000006 -32.304999999999993 58.500000000000007 6.7630000000000008 -19.754999999999992 51.530000000000008 0.29583333333333345 38.415000000000013 4.2111111111111121 6.1610000000000014 5.2890000000000024 17.105000000000008 34.185000000000009 -0.034999999999999691 1.4722222222222225 -0.18000000000000013 4.8660714285714297 -0.056349206349206364 20.655000000000005 0.14472222222222228 43.495000000000005 -0.19999999999999998 40.735000000000007 0.45853174603174612 52.855000000000011 3.2928571428571431 6.8550000000000013 0.3978174603174604 0.11499999999999978
decision_type=2 2 2 2 2 2 2 8 2 10 2 2 2 2 2 8 2 10 10 2 8 2 8 2 10 2 10 2 10 2
left_child=2 5 3 4 -1 6 7 8 12 10 11 21 -2 14 -14 -7 18 -18 -4 -19 -3 23 -23 -10 25 26 -13 -15 -22 -17
right_child=1 20 16 -5 -6 15 -8 -9 9 -11 -12 24 13 27 -16 29 17 19 -20 -21 28 22 -24 -25 -26 -27 -28 -29 -30 -31
leaf_value=0.011957482835943504 0.030058289351851539 0.012311806972847906 0.01892631268269522 0.031831462202279184 -0.00097324590021360523 0.024618137769878048 -0.0043024904164329844 0.028882133660700242 -0.02599217909876031 0.016586078758284491 0.015254688650868715 -0.028230818005594051 0.0024473187925074121 0.0081460084792599405 -0.035083571888139986 0.00055150291002513396 -0.0016008539963421611 -9.1744716577764283e-05 -0.010031994042672241 -0.023703022426538323 -0.013946198221792128 -0.0049966284369995645 0.022912283175029101 0.003074134725180071 0.0046237432660706139 -0.038811373895849481 0.0081284190411792436 -0.0092580102253848988 0.009864678000304326 -0.015796113629383973
leaf_weight=58.655626952648163 11.155863419175146 12.93950457125902 26.470638826489449 9.0207111239433271 141.70979038625956 10.150635644793509 102.39077411592007 12.108552254736422 13.565372228622438 20.634828068315983 15.665321707725523 12.43161876499653 13.061966434121134 369.08674304187298 9.3690998107194883 3481.2552712485194 3323.6952324733138 18.942802160978317 9.922141566872595 25.365396752953529 68.063069507479668 20.375316366553307 17.230496942996979 14.090879097580908 10.273760229349135 12.473415881395338 9.6695206314325315 19.327213793992996 11.28289572894573 19.363057799637318
leaf_count=331 48 78 118 55 758 53 471 57 59 107 67 55 56 1671 42 15748 15404 90 43 113 404 90 74 61 47 54 44 93 65 90
internal_value=-0.000108224 0.000890519 -0.00129274 0.00406234 0.00281214 0.00107193 0.0038532 0.00529168 0.00478915 -0.000983793 -0.00386632 -0.00658665 0.00679203 0.00616027 -0.0132287 0.000530924 -0.0016221 -0.00175882 0.0110311 -0.0136086 -0.00735338 -0.000249673 0.00779087 -0.0111829 -0.015808 -0.0218793 -0.0123232 0.00728 -0.0105603 0.000461079
internal_weight=7899.75 4285.97 3613.78 209.386 200.365 4193.68 682.911 580.52 568.411 146.411 125.776 110.11 422.001 410.845 22.4311 3510.77 3404.4 3368 36.3928 44.3082 92.2855 65.2621 37.6058 27.6563 44.8483 34.5746 22.1011 388.414 79.346 3500.62
internal_count=36446 19534 16912 1144 1089 18987 3096 2625 2568 658 551 484 1910 1862 98 15891 15768 15607 161 203 547 284 164 120 200 153 99 1764 469 15838
is_linear=0
shrinkage=0.03


Tree=140
num_leaves=31
num_cat=4
split_feature=29 0 30 32 15 15 5 0 0 7 13 25 1 12 31 32 32 24 7 30 6 7 32 31 24 22 19 19 0 23
split_gain=9.38613 15.6117 10.2931 8.89685 8.24605 8.56295 8.23329 18.0925 11.0534 9.16576 8.31213 7.45859 17.1429 8.77032 8.28603 7.3909 7.1896 9.19025 11.0229 9.04942 8.78651 7.99969 7.88078 10.3315 9.34268 8.08756 7.81374 8.36717 6.9862 7.06978
threshold=-0.12499999999999999 0 0.35416666666666669 -0.68333333333333324 0.43650793650793657 0.5277777777777779 2.5000000000000004 1 2 7.8350000000000009 53.500000000000007 33.573000000000008 7.5000000000000009 6.9750000000000005 0.34658730158730172 0.16666666666666674 0.034523809523809519 41.545000000000009 3.8450000000000002 0.61250000000000016 1.5000000000000002 4.6750000000000007 0.14722222222222225 0.26690476190476203 39.225000000000001 25.840999999999998 4.6790000000000012 5.035000000000001 3 -17.464999999999993
decision_type=2 1 10 8 8 10 2 1 1 2 2 2 2 2 10 10 10 2 2 10 2 2 10 10 2 2 2 2 1 2
left_child=1 2 -1 -3 -4 -6 7 11 16 -10 15 12 13 14 -2 -9 17 19 -19 28 -21 -18 23 26 -24 -26 -23 -28 29 -8
right_child=6 3 4 -5 5 -7 8 10 9 -11 -12 -13 -14 -15 -16 -17 21 18 -20 20 -22 22 24 -25 25 -27 27 -29 -30 -31
leaf_value=-0.012986374284162713 -0.00069589696541858372 0.025696929380151855 0.0091921831744193501 -0.00036773379648321719 0.036836899029866151 0.011857523931365301 -0.0083171651102700774 -0.0033394274156075838 0.0023760065253967343 -0.023698446638024121 0.0031425519332603058 0.0031457936751356171 -0.0068297877242804303 0.024954698032349138 0.0085477882488185341 -0.011450868701059816 0.016710743481609048 0.015974960784185557 0.001059364781840665 -0.014334799163842966 0.0043954115566835154 -0.011092917506742479 0.012686732026334384 -0.019883837221683017 -0.021057218927701883 -0.000442499863721206 0.035973470340511085 -0.0062154166431800635 -0.0088128669365113953 0.0028102731857932392
leaf_weight=14.412045106291769 321.86052174121141 12.146419644355772 120.84987433999777 397.44146873056889 23.533310398459435 25.992920190095901 80.761075019836426 1553.7857956364751 2199.6616114750504 12.200638763606547 167.60079251229763 825.10987458378077 281.39925303310156 15.244691178202627 119.74796294420958 108.13408312946558 13.406899139285086 47.312265604734421 775.61349096149206 25.538409814238548 192.05475111305714 28.470792457461357 30.560355462133884 69.771713867783546 24.772261761128902 55.505075111985207 8.3692196309566516 8.5561364591121656 226.46801687777042 141.28783686459064
leaf_count=62 1501 65 562 1787 102 111 362 7301 9923 67 758 3819 1327 68 544 623 57 256 3480 120 877 144 174 347 139 287 40 40 1025 633
internal_value=0.000184515 0.00381037 0.0107749 0.000395562 0.0134173 0.0237269 -0.000109371 -0.00119265 0.000823412 0.00222213 -0.00320751 0.00117821 -0.0010049 0.00258294 0.00181065 -0.0038672 -0.000973728 -0.000203532 0.0019169 -0.00282316 0.00219709 -0.00580467 -0.0071403 -0.012636 -0.00142988 -0.00680386 -0.00149648 0.0146461 -0.00525868 -0.00118357
internal_weight=7927.57 594.376 184.788 409.588 170.376 49.5262 7333.19 3392.88 3940.31 2211.86 1829.52 1563.36 738.252 456.853 441.608 1661.92 1728.45 1489.04 822.926 666.11 217.593 239.412 226.006 115.168 110.838 80.2773 45.3961 16.9254 448.517 222.049
internal_count=36601 2689 837 1852 775 213 33912 15941 17971 9990 8682 7259 3440 2113 2045 7924 7981 6753 3736 3017 997 1228 1171 571 600 426 224 80 2020 995
cat_boundaries=0 1 2 3 4
cat_threshold=13715730 14692671 14815637 4194692
is_linear=0
shrinkage=0.03


Tree=141
num_leaves=31
num_cat=6
split_feature=1 0 24 29 0 31 28 0 4 18 24 22 4 6 31 31 11 28 13 9 0 28 31 24 26 26 18 11 29 26
split_gain=11.2736 16.0359 15.4249 12.1855 11.9208 11.0477 10.4656 10.1955 9.74991 10.7468 9.63528 11.3044 11.0527 10.4345 8.65341 8.32542 8.09943 13.573 7.78681 8.91234 11.3047 10.0627 7.36087 7.35948 7.93182 7.35415 8.06676 7.52881 7.17509 7.29737
threshold=6.5000000000000009 0 50.120000000000012 0.029999999999999808 1 0.61222222222222233 6.835 2 3 6.2150000000000007 36.715000000000011 23.205000000000002 4 3.5000000000000004 0.45690476190476192 0.21781746031746038 29.175000000000004 6.6570000000000009 23.500000000000004 6.5050000000000008 5 6.7350000000000003 0.23999999999999999 49.220000000000006 -10.109999999999996 4.8300000000000027 7.6550000000000011 40.040000000000006 -0.14999999999999988 -13.989999999999998
decision_type=2 1 2 2 1 10 2 1 1 2 2 2 1 2 10 10 2 2 2 2 1 2 10 2 2 2 2 2 2 2
left_child=3 2 5 7 -5 28 -7 16 9 -9 13 -12 -13 -6 -11 -14 17 -1 23 25 21 -21 -17 24 -3 26 -20 -28 29 -2
right_child=1 18 -4 4 10 6 -8 8 -10 14 11 12 15 -15 -16 22 -18 -19 19 20 -22 -23 -24 -25 -26 -27 27 -29 -30 -31
leaf_value=0.028933107172192895 -0.014516017052103862 -0.030695363868016134 0.0033824033572094963 -0.009663114161978124 0.0045023095524740252 -0.0025855142527676928 0.041657977309636607 0.00090336283336489825 0.0019007100966937115 0.011989454687820445 -0.01664556021426495 -0.012295600735242143 -0.016150461913383176 0.035798690916831181 -0.0062184605043366275 0.029201119574463148 -0.0015149725744044286 0.0021567531078638641 0.0017137547389434724 -0.019192119862964929 0.00052343993819706355 -0.004516883015448123 0.0043946291289458719 0.013853177879403381 -0.0067089742461811175 -0.0053194165066015363 0.0083490600518990547 0.038124952006429194 -0.0064169042715381836 0.017464049901897871
leaf_weight=17.684629485011101 9.0420834869146365 17.590194813907146 210.08969318121672 165.18253936618567 41.945606023073196 10.979295551776888 8.565909266471861 165.2075148448348 1456.8020189255476 274.42937202006578 41.176302298903465 38.115953132510185 16.518878027796745 12.429023593664168 25.690569013357162 11.63541307300329 1111.6679564118385 465.89441339671612 1629.2263077273965 51.103094436228275 494.82720952481031 237.4323944747448 144.02315398305655 10.151983231306074 42.111717134714127 130.29282081127167 40.942986115813255 9.3965571373701078 981.43941117078066 22.159197799861431
leaf_count=85 41 81 988 798 198 55 42 760 6644 1246 215 173 79 56 120 56 5091 2174 7305 245 2348 1178 663 48 193 591 182 40 4688 97
internal_value=-5.12807e-05 -0.00119701 -0.00399513 0.00107059 -0.00346079 -0.00553545 0.0168047 0.0016774 0.00314043 0.00689997 0.00019847 -0.00227109 0.000543495 0.0116561 0.0104308 0.00387484 -0.000104442 0.00313597 0.00012281 0.000389518 -0.00228372 -0.00687768 0.0062489 -0.00976075 -0.0137762 0.00154658 0.00207921 0.0139071 -0.00596665 0.00819628
internal_weight=7893.75 3905.35 1242.28 3988.4 471.027 1032.19 19.5452 3517.38 1922.13 465.327 305.844 251.47 210.293 54.3746 300.12 172.177 1595.25 483.579 2663.08 2593.22 783.363 288.535 155.659 69.8539 59.7019 1809.86 1679.57 50.3395 1012.64 31.2013
internal_count=36480 18122 5911 18358 2238 4923 97 16120 8770 2126 1440 1186 971 254 1366 798 7350 2259 12211 11889 3771 1423 719 322 274 8118 7527 222 4826 138
cat_boundaries=0 1 2 3 4 5 6
cat_threshold=9867536 7211216 2827573 82 33 3780
is_linear=0
shrinkage=0.03


Tree=142
num_leaves=31
num_cat=7
split_feature=13 18 10 0 0 28 13 21 0 15 9 25 0 19 25 12 10 18 0 10 28 21 18 19 10 12 32 0 6 0
split_gain=9.54273 11.2428 12.0351 16.326 10.5037 9.72949 9.69024 7.76934 14.9959 12.7994 12.3696 9.04378 7.8253 7.3431 7.54368 7.34287 8.1452 7.2355 10.4414 13.0193 8.81948 7.54495 14.5938 11.3338 12.6223 9.76441 8.83398 12.7977 11.0668 15.2756
threshold=49.500000000000007 5.9050000000000011 36.855000000000011 0 1 6.9470000000000001 50.500000000000007 44.560000000000009 2 0.47222222222222227 4.9750000000000005 29.269000000000005 3 4.4950000000000019 35.451000000000015 6.9250000000000007 38.730000000000011 7.955000000000001 4 51.290000000000006 6.7570000000000006 61.275000000000006 7.1250000000000009 5.3770000000000016 53.350000000000001 6.7550000000000008 -0.5619047619047618 5 2.5000000000000004 6
decision_type=2 2 2 1 1 2 2 2 1 10 2 2 1 2 2 2 2 2 1 2 2 2 2 2 2 2 10 1 2 1
left_child=17 2 3 13 -4 6 -5 8 10 -10 11 -3 -9 14 -2 16 -6 21 -19 20 -20 26 -23 -24 25 -25 27 -1 -28 -30
right_child=1 7 4 5 15 -7 -8 12 9 -11 -12 -13 -14 -15 -16 -17 -18 18 19 -21 -22 22 23 24 -26 -27 28 -29 29 -31
leaf_value=-0.0038127968163557732 0.011946189412444571 -0.013961397973901477 0.0018509836918452788 -0.029682067916495747 -0.048718181464237009 -0.026718927089448459 0.00040486520653361326 0.0071691142936575808 0.011507961688274455 0.036105504919040916 -0.008507653613934657 0.020250986695659189 0.00080666625802358258 0.0020845166740856517 0.037675709413149482 0.0030184262075539045 -0.018468894116120252 0.0063075548508720785 -0.030820928579418667 -0.035332100798277484 0.0012143751617167365 0.034933050099766827 0.0152520236318611 -0.015548732743837286 0.013358921879720547 0.0010331466404784192 -0.0021049282718692249 0.0072070763953711167 0.003075025187543194 -0.0016361022712971193
leaf_weight=137.00422058999538 32.34886035323143 8.9437965899705869 46.063515014946461 10.629241287708281 9.5912000536918622 17.044455260038376 102.92802107334137 217.83616761118174 93.723489671945572 23.892837777733803 65.396298825740814 31.254156470298767 773.47242403030396 35.694754920899868 15.016278102993963 11.255395695567129 48.642315939068794 27.981895335018635 10.291748300194739 21.931620582938194 31.12653773277998 13.596269853413103 52.407485127449036 50.579810224473476 44.20640204846859 86.825463980436325 3178.6284645274282 274.33520749211311 1154.3892406895757 1314.8380646556616
leaf_count=655 142 40 222 45 43 74 445 1001 415 108 283 149 3529 159 65 49 231 124 47 103 143 62 244 231 206 390 15002 1331 5189 5983
internal_value=-2.61852e-05 0.00209089 -0.0028265 0.00139176 -0.0106263 -0.00518653 -0.00241135 0.00342383 0.00848042 0.0152114 -0.000417923 0.0126389 0.00228525 0.0110316 0.0201033 -0.0167528 -0.023451 -0.00053699 -0.00892043 -0.0143735 -0.00674586 -0.000415586 0.00471732 0.00296182 -0.000584757 -0.00507076 -0.000625347 0.00361922 -0.000934484 0.000572226
internal_weight=7941.88 1543.73 329.214 213.662 115.552 130.602 113.557 1214.52 223.211 117.616 105.594 40.198 991.309 83.0599 47.3651 69.4889 58.2335 6398.14 91.3318 63.3499 41.4183 6306.81 247.615 234.019 181.612 137.405 6059.2 411.339 5647.86 2469.23
internal_count=36710 7000 1475 930 545 564 490 5525 995 523 472 189 4530 366 207 323 274 29710 417 293 190 29293 1133 1071 827 621 28160 1986 26174 11172
cat_boundaries=0 1 2 3 4 5 6 7
cat_threshold=4365699 2065024 3699253 540698 3148067 840204 1405574
is_linear=0
shrinkage=0.03


Tree=143
num_leaves=31
num_cat=4
split_feature=25 7 0 22 9 29 8 15 28 12 21 32 24 21 16 15 0 29 4 22 0 28 15 16 28 9 28 12 16 29
split_gain=7.42461 7.50965 6.76831 9.1404 10.6853 10.8177 10.3395 12.6381 8.00219 13.1627 7.91813 12.0944 10.6485 10.4423 7.86458 8.55758 9.59764 8.43982 11.8931 8.20294 8.14042 7.61551 9.91051 13.4864 8.76825 7.86137 7.34588 7.22053 6.88035 6.67817
threshold=45.880000000000003 7.6750000000000007 0 33.173000000000009 4.7150000000000007 0.029999999999999808 53.160000000000004 0.47222222222222227 6.8410000000000002 6.8950000000000005 54.155000000000008 -0.37321428571428567 44.095000000000006 58.845000000000006 2.183333333333334 0.73214285714285732 1 -0.010000000000000229 2 51.059000000000005 3 6.910000000000001 0.31666666666666671 3.3541666666666674 6.9050000000000002 4.6950000000000012 6.8750000000000009 6.9750000000000005 1.8944444444444446 -0.17000000000000035
decision_type=2 2 1 2 2 2 2 8 2 2 2 10 2 2 8 10 1 2 1 2 1 2 8 10 2 2 2 2 10 2
left_child=1 2 29 4 21 6 10 -8 -9 -10 -6 12 26 -13 15 28 -17 -16 27 20 -20 24 23 -23 25 -4 -12 -19 -5 -1
right_child=-2 -3 3 14 5 -7 7 8 9 -11 11 13 -14 -15 17 16 -18 18 19 -21 -22 22 -24 -25 -26 -27 -28 -29 -30 -31
leaf_value=0.0093431114960324611 0.010957556989228736 -0.009590409164083654 -0.00091422992976876449 0.0098141079388543648 -0.0025544285259019501 -0.010913560956254287 0.024821621414418751 -0.014909791754298747 0.04025376437176708 -0.010878969588630999 0.031312570886511237 -0.027427306777132409 -0.020312891677267013 -0.002160640789843364 0.0031066783298356773 -0.0082682607613077386 0.0099577650348684106 0.0042167515132103522 -0.0014566064815011799 0.020950523233168879 -0.013345987131768594 -0.030474565799866134 0.015667741865636946 0.004129282693724633 -0.025970796327849242 0.025056190756940887 -0.0027948805508820843 -0.0206569482031226 -0.017965938138194661 0.0008064747313567814
leaf_weight=84.257686913013458 56.391676023602486 72.308221712708473 530.92566502839327 9.3964290618896467 1084.9278918579221 161.31542335450649 26.717693768441677 20.421815402805805 8.3236463591456431 9.9437839612364751 11.864955618977548 43.616719990968704 11.62435072660446 22.221142366528511 1014.3814249113202 44.068312451243401 40.165247768163681 225.78268478810787 112.81293743848801 9.2273549735546094 107.19362733513117 11.055999279022215 63.377543576061726 121.88846460729837 12.345024049282072 10.701625034213064 10.907799154520033 11.015881448984144 54.933471731841564 3899.7846138700843
leaf_count=388 262 423 2400 48 4984 853 145 118 52 57 51 190 51 96 4583 227 212 1063 523 44 516 48 285 554 54 46 48 52 282 17878
internal_value=0.000110902 3.29586e-05 0.000122455 -0.000784024 -0.00206468 -0.00360207 -0.00265894 0.00895274 -0.00200586 0.0124199 -0.00329977 -0.0113672 0.00305003 -0.0188995 0.000911003 -0.00566917 0.000623063 0.00157134 -0.00177052 -0.0064775 -0.00792229 0.000828357 0.00590544 0.00125154 -0.000970908 -0.000401099 0.0149756 0.00293565 -0.0139082 0.000984543
internal_weight=7903.9 7847.51 7775.2 3791.16 2162.18 1411.89 1250.57 65.4069 38.6892 18.2674 1185.16 100.235 34.3971 65.8379 1628.98 148.563 84.2336 1480.41 466.032 229.234 220.007 750.294 196.322 132.944 553.972 541.627 22.7728 236.799 64.3299 3984.04
internal_count=36533 36271 35848 17582 10032 6645 5792 372 227 109 5420 436 150 286 7550 769 439 6781 2198 1083 1039 3387 887 602 2500 2446 99 1115 330 18266
cat_boundaries=0 1 2 3 4
cat_threshold=1600747 6586896 218 6324996
is_linear=0
shrinkage=0.03


Tree=144
num_leaves=31
num_cat=6
split_feature=9 7 8 4 0 26 12 0 13 13 18 7 24 16 24 24 21 18 1 5 0 16 15 0 13 31 29 0 21 28
split_gain=7.74244 7.54743 14.0063 11.4514 12.523 11.4001 8.2761 8.24267 7.44763 9.95998 10.279 11.2106 9.10748 10.5802 9.04614 7.62818 6.68909 9.70332 7.15246 6.57643 11.2526 11.8489 12.3743 11.0464 12.7597 10.6878 12.6117 12.2252 10.5001 9.46305
threshold=7.4150000000000009 7.2950000000000008 47.350000000000001 0 1 -1.0000000180025095e-35 6.6850000000000014 2 24.500000000000004 25.500000000000004 6.3350000000000009 4.5750000000000011 52.300000000000004 2.8944444444444448 36.645000000000003 48.95000000000001 38.57500000000001 5.5450000000000008 6.5000000000000009 2.5000000000000004 3 1.8944444444444446 0.76388888888888895 4 43.500000000000007 0.28668650793650802 -0.05000000000000026 5 40.070000000000007 6.8580000000000014
decision_type=2 2 2 1 1 2 2 1 2 2 2 2 2 8 2 2 2 2 2 2 1 8 8 1 2 10 2 1 2 2
left_child=8 2 -2 7 -5 -6 -3 -4 12 10 14 -12 15 -14 -10 -1 17 -16 -18 23 21 -21 -23 -11 -25 29 27 28 -27 -22
right_child=1 6 3 4 5 -7 -8 -9 9 19 11 -13 13 -15 16 -17 18 -19 -20 20 25 22 -24 24 -26 26 -28 -29 -30 -31
leaf_value=-0.0036693050315071665 -0.0080443095052523499 0.0087953965408754942 0.0084237315295648124 0.021782750162488325 -0.0077929714119542564 0.032555862794287592 -0.014559083827475831 -0.010024544691410793 -0.0041367293750813605 -0.0032017509745983683 0.020689977045826743 -0.0039320985342275972 0.036851347588943401 0.0018100157635464558 0.020773690508665996 -0.018568660496066629 0.039332885694315887 -0.017759129893129482 0.013548561278565919 -0.01953157091341895 0.00031858841738857349 0.0044090090875032488 0.030977086091872344 -0.0014149175974358503 0.0034218928771614231 0.021062917063108984 -0.00037242595110214833 0.0076613773622438847 -0.0018451641169706609 -0.0053348067722564204
leaf_weight=389.07085413485765 159.62861496210098 16.152754209935665 25.007252402603626 42.114526152610779 37.810428582131863 7.5626739114522925 88.353479340672493 54.76492765545845 17.512587070465088 1074.2910649254918 20.772259265184402 83.714160315692425 9.7514342814683896 37.876539684832096 18.759242057800297 33.596874013543129 22.061105944216251 8.568068861961363 17.256047032773495 18.17380852997303 625.1254063397646 725.2105687558651 16.128561556339264 1209.1479419246316 826.32882989197969 19.31035153567791 1106.5565482825041 453.99119998514652 266.93617315590382 464.4610408321023
leaf_count=1813 770 89 123 223 196 40 504 288 86 5062 113 370 44 180 92 156 101 41 81 87 2849 3265 72 5622 3780 84 5037 2044 1184 2120
internal_value=-2.36607e-05 -0.00393137 -0.00168772 0.00437884 0.0111476 -0.000874905 -0.0109494 -0.00394718 0.000202174 0.000447894 0.00724764 0.000962855 -0.00345221 0.00898444 0.0150506 -0.00485362 0.0200926 0.0086923 0.0280163 0.000259414 0.00111485 0.00434315 0.00498702 -0.000757248 0.000545968 0.000264134 0.00165524 0.00468634 -0.000289653 -0.0020913
internal_weight=7896 431.395 326.888 167.26 87.4876 45.3731 104.506 79.7722 7464.6 6994.3 188.643 104.486 470.296 47.628 84.1571 422.668 66.6445 27.3273 39.3172 6805.66 3695.89 759.513 741.339 3109.77 2035.48 2936.38 1846.79 740.238 286.247 1089.59
internal_count=36516 2233 1640 870 459 236 593 411 34283 32090 884 483 2193 224 401 1969 315 133 182 31206 16742 3424 3337 14464 9402 13318 8349 3312 1268 4969
cat_boundaries=0 1 2 3 4 5 6
cat_threshold=325 8803531 13115904 76866 2032992 10358920
is_linear=0
shrinkage=0.03


Tree=145
num_leaves=31
num_cat=6
split_feature=19 0 15 4 0 7 31 26 9 14 24 19 0 18 11 19 32 16 0 0 19 9 11 11 7 21 18 16 16 7
split_gain=7.12632 10.8152 6.07097 5.8606 10.0686 11.7384 12.9526 11.6207 11.011 10.2971 8.58346 9.18532 11.6468 14.7809 10.1869 9.5793 8.61092 7.62945 7.43201 7.42665 8.22259 7.18569 7.17305 10.2382 7.75417 7.05123 7.69518 6.90951 7.34678 6.81067
threshold=3.4550000000000005 0 0.21111111111111114 1 2 6.9850000000000012 0.61611111111111116 -6.714999999999999 7.0750000000000011 0.21111111111111114 30.920000000000005 5.3690000000000007 3 6.1850000000000014 19.075000000000006 4.8790000000000022 -0.25634920634920627 4.3166666666666673 4 5 4.5570000000000013 6.7550000000000008 36.850000000000009 35.905000000000008 5.6250000000000009 41.745000000000012 5.7150000000000007 4.7888888888888896 4.3166666666666673 5.8550000000000013
decision_type=2 1 8 1 1 2 8 2 2 8 2 2 1 2 2 2 10 10 1 1 2 2 2 2 2 2 2 10 8 2
left_child=1 2 -1 4 7 6 10 8 9 -2 -6 14 -13 -14 16 19 -12 -15 -17 20 -16 -11 23 -21 -24 26 -22 28 -9 -18
right_child=3 -3 -4 -5 5 -7 -8 27 -10 21 11 12 13 17 15 18 29 -19 -20 22 25 -23 24 -25 -26 -27 -28 -29 -30 -31
leaf_value=0.025773358526628962 0.00075795197457248834 -0.013793770383853736 -0.0031245486614735626 -0.00023674502490796998 0.015135628979979651 -0.006818480950679222 0.035364092383993212 -0.0050640900342657502 -0.012289978606446978 0.0092122923874204659 0.030072067591738569 0.012961560334425457 0.037514284218078488 -0.0019234657332217364 0.0026733393936984738 0.0014195762235353346 -0.0095990677481833583 0.022058955126537431 -0.0079677834027440126 -0.0019329961742654885 0.020681564921046895 0.034694953190927857 -0.0015886130561143734 -0.034898439101846916 0.018023795097590212 0.023413921335394685 -0.014333392711583832 0.021580793474506269 -0.024571529766062122 0.022588727785240605
leaf_weight=12.097899824380876 262.70269606262445 63.065999038517475 14.249195247888563 5891.7457993030548 57.584790542721748 94.523378670215607 11.867235064506529 285.90807123482227 42.356185391545296 88.620071336627007 19.615854941308498 157.23399802297354 9.8784771859645826 164.96063637733459 84.772540591657162 142.48948059976101 14.632197290658953 12.869916871190069 152.85897223651409 138.63532704859972 11.147447898983957 11.220032781362532 38.931569904088974 9.0314437225460988 33.978096470236778 45.840772099792957 11.451746776700018 8.2462911158800107 18.499855510890484 9.9322278797626478
leaf_count=51 1197 320 68 27244 260 498 53 1331 211 400 91 707 45 734 376 641 64 66 697 648 50 54 171 43 175 204 52 44 87 47
internal_value=0.00013886 -0.00828262 0.00735358 0.000235009 0.00166053 0.00330937 0.00418762 -0.00115489 0.00218383 0.00387482 0.00385605 0.00324228 0.00726148 0.00170546 0.00129869 0.000377486 0.0152509 -0.000187815 -0.00366061 0.00356818 0.00837155 0.012076 -0.000141375 -0.00394919 0.00755136 0.0166528 0.00293835 -0.00551559 -0.00624962 0.00341555
internal_weight=7920.95 89.4131 26.3471 7831.54 1939.79 1222.24 1127.71 717.553 404.899 362.543 1115.85 1058.26 344.943 187.709 713.318 669.137 44.1803 177.831 295.348 373.789 153.213 99.8401 220.576 147.667 72.9097 68.44 22.5992 312.654 304.408 24.5644
internal_count=36629 439 119 36190 8946 5622 5124 3324 1862 1651 5071 4811 1552 845 3259 3057 202 800 1338 1719 682 454 1037 691 346 306 102 1462 1418 111
cat_boundaries=0 1 2 3 4 5 6
cat_threshold=8931362 72 9113737 5516034 2132070 273428
is_linear=0
shrinkage=0.03


Tree=146
num_leaves=31
num_cat=1
split_feature=8 26 13 24 10 4 29 20 19 6 15 16 8 8 10 6 13 31 22 32 24 15 29 26 10 9 21 23 10 27
split_gain=8.49775 7.28743 8.54701 11.3574 8.7411 10.257 11.9906 9.68003 7.95439 10.1805 8.98323 7.54172 9.01201 8.5522 7.59923 7.17595 14.6326 7.593 9.70357 7.05905 7.54308 7.46659 7.0494 6.9338 6.91059 9.35508 6.83274 7.85275 6.83808 6.52723
threshold=9.3400000000000016 7.7450000000000019 23.500000000000004 52.060000000000009 24.570000000000004 0 -0.07499999999999972 0.18999999999999997 5.6510000000000016 1.0000000180025095e-35 0.5277777777777779 4.4722222222222232 33.82500000000001 37.545000000000009 7.1950000000000012 1.5000000000000002 36.500000000000007 0.22888888888888892 37.349000000000011 0.11269841269841276 41.190000000000005 0.58571428571428574 -0.10000000000000007 -13.349999999999998 29.830000000000002 5.2950000000000008 57.540000000000006 -30.804999999999996 26.940000000000005 6.8750000000000009
decision_type=2 2 2 2 2 1 2 2 2 2 10 8 2 2 2 2 2 8 2 10 2 8 2 2 2 2 2 2 2 2
left_child=-1 2 3 11 5 6 23 8 10 -10 15 12 22 -14 -13 16 -7 -18 -19 21 -21 -8 -2 -4 -15 -26 27 -3 -28 -25
right_child=1 26 4 -5 -6 7 19 -9 9 -11 -12 14 13 24 -16 -17 17 18 -20 20 -22 -23 -24 29 25 -27 28 -29 -30 -31
leaf_value=0.0093094578054640793 -0.020827174771107189 -0.025627920476650891 0.01475439846858669 0.01341104561630402 -0.00050128899149899111 -0.0077330395109896704 -0.0033323627395743993 -0.0064569409984481154 0.024378470653342501 -0.0041591866770236763 0.017882010353753235 -0.041294722270866543 -0.03218031426409923 -0.016573345278596083 -0.0075730628658038646 0.0067719083268391583 0.01768835521893183 0.0012341874229501275 0.035359770541087618 0.032667734664832082 -0.0062478398493008959 -0.019604209524076675 0.0026937786343374831 0.0098177569900584939 0.03064527868131468 -0.0077511178058934727 0.02943621127652973 -0.0048384378515579276 -4.2388680494172582e-05 -0.0057191891356952454
leaf_weight=83.888557530939579 13.034093573689459 17.325767874717712 54.014937922358513 25.269391812384129 5432.6609267815948 109.53839291632175 424.12240908294916 79.650881998240948 12.215930148959158 142.37806395441294 49.517131447792053 11.500562347471716 17.040552392601967 39.380763351917267 12.608014076948164 554.40488789975643 39.658340647816658 146.92193345725536 7.9025389850139609 9.7764063477516192 8.2787981703877431 26.995420023798943 95.43872058391571 44.756026819348335 7.8709834069013622 20.810349032282829 9.6123530566692335 291.01579432189465 26.904920935630798 53.336575530469418
leaf_count=507 59 80 260 115 25069 484 1902 403 59 681 214 57 72 185 60 2548 175 688 41 48 41 125 414 218 36 101 45 1358 124 253
internal_value=-0.000187712 -0.000290065 -9.2427e-05 -0.00562665 9.44176e-05 0.00192959 -0.0011779 0.00359868 0.00438635 -0.00190416 0.00545743 -0.0078366 -0.00586598 -0.0131739 -0.0236594 0.00474073 0.00103673 0.00597612 0.00297602 -0.00356991 0.0148239 -0.00430609 -0.000132499 0.00612277 -0.00841534 0.00278596 -0.00455338 -0.0060066 0.00771719 0.00136974
internal_weight=7867.83 7783.94 7439.08 242.953 7196.13 1763.47 621.281 1142.19 1062.54 154.594 907.943 217.684 193.575 85.1026 24.1086 858.426 304.021 194.483 154.824 469.173 18.0552 451.118 108.473 152.108 68.0621 28.6813 344.859 308.342 36.5173 98.0926
internal_count=36422 35915 34308 1099 33209 8140 2847 5293 4890 740 4150 984 867 394 117 3936 1388 904 729 2116 89 2027 473 731 322 137 1607 1438 169 471
cat_boundaries=0 1
cat_threshold=49
is_linear=0
shrinkage=0.03


Tree=147
num_leaves=31
num_cat=7
split_feature=29 29 0 4 16 28 13 8 7 0 0 3 0 8 22 24 24 5 26 7 4 9 28 31 12 18 9 31 11 11
split_gain=9.63725 7.4491 10.2587 8.99313 8.91348 7.69052 7.13182 9.35035 11.9537 11.7909 11.126 12.7451 10.9424 9.41211 9.30865 8.72668 11.1006 12.4425 7.90757 7.569 11.2171 12.1199 9.94885 9.74148 8.94568 8.05183 7.79518 7.75896 7.5992 7.50946
threshold=-0.19499999999999981 0.024999999999999915 0 1 4.9500000000000011 6.7190000000000003 41.500000000000007 16.890000000000004 4.2250000000000005 2 3 4 5 20.080000000000002 33.635000000000012 45.955000000000005 31.440000000000001 2.5000000000000004 -7.0000000000000009 6.4250000000000007 6 4.9350000000000014 6.8170000000000011 0.3708333333333334 6.8150000000000004 6.0450000000000008 6.205000000000001 0.34023809523809528 38.605000000000011 42.430000000000007
decision_type=2 2 1 1 8 2 2 2 2 1 1 9 1 2 2 2 2 2 2 2 1 2 2 10 2 2 2 10 2 2
left_child=-1 6 5 -4 -5 -3 -2 9 12 -8 11 19 13 -9 -14 16 -13 -18 -15 20 23 -22 27 25 26 -10 -23 -21 -26 -19
right_child=1 2 3 4 -6 -7 7 8 10 -11 -12 15 14 18 -16 -17 17 29 -20 22 21 24 -24 -25 28 -27 -28 -29 -30 -31
leaf_value=0.0094504405646695881 -0.00048493695578204801 -0.011695135272023243 -0.0095962546515812319 -0.0027050879685869994 0.026510137304532524 0.0034533757268583203 0.015711526747802629 0.011422441487997285 0.0019438486611032411 -0.00037767058737709215 0.0029720206552495297 -0.022509342526298926 -0.018696596814033111 0.0033350772586551399 0.0017623945281913099 -0.010468110358950709 -0.0082433657273332187 0.0057636663453811392 -0.02179332333135758 0.021470158977742571 0.0086390104944927357 -0.0087817838496294601 0.024491831346122202 -0.0057186786173400346 -0.012195853766735792 0.025217124682417078 0.013125660532713549 -0.0070424141847175558 -0.040029222731387752 -0.012336231492843188
leaf_weight=98.372072346508503 3805.7462984696031 33.400118090212345 202.65170197188854 510.14120800048113 9.5751912519335729 311.09706266969442 80.307056464254856 47.12650253623724 20.577458292245865 83.394380457699299 1736.0764614418149 21.791774399578571 76.197158515453339 25.719759345054626 27.145835615694523 145.79782284796238 118.33423812687397 194.4981944411993 20.062575578689575 12.585371114313601 50.045699164271355 47.47097684442997 32.030612833797932 23.661672428250313 36.742588631808758 38.244706779718399 21.122111260890961 27.054472632706165 11.62043748795986 23.077798709273338
leaf_count=452 17563 161 999 2491 49 1510 446 237 91 451 7795 98 347 127 142 650 533 861 96 65 222 203 150 104 158 165 93 129 50 102
internal_value=0.000119225 1.4408e-06 -0.00232746 -0.00432405 -0.00212592 0.00192869 0.000370822 0.0014859 0.00107228 0.00845191 0.00161915 -0.00124982 -0.00606333 0.00181565 -0.0121471 -0.00419842 -0.0017603 -0.000414226 -0.0076766 0.00336011 0.000996251 -0.00350594 0.0120575 0.0093974 -0.00900254 0.0170756 -0.00203575 0.00201013 -0.0188835 0.00384385
internal_weight=7891.67 7793.3 1066.87 722.368 519.716 344.497 6726.43 2920.69 2756.98 163.701 2560.73 824.656 196.252 92.9088 103.343 503.5 357.702 335.91 45.7823 321.156 249.486 167.002 71.6705 82.4838 116.956 58.8222 68.5931 39.6398 48.363 217.576
internal_count=36540 36088 5210 3539 2540 1671 30878 13315 12418 897 11469 3674 949 460 489 2244 1594 1496 223 1430 1086 726 344 360 504 256 296 194 208 963
cat_boundaries=0 1 2 3 4 5 6 7
cat_threshold=2200323 145 4663770 6357197 6 6377193 82
is_linear=0
shrinkage=0.03


Tree=148
num_leaves=31
num_cat=2
split_feature=26 1 21 13 22 12 22 32 9 13 32 6 22 21 26 4 28 18 27 28 26 29 29 31 9 18 31 4 18 32
split_gain=9.10313 10.8653 21.5448 12.9849 11.3927 12.1815 10.8143 10.3625 9.79153 9.61402 9.71509 10.2999 12.8353 8.52895 10.9013 8.51928 9.54485 8.80059 10.2226 9.96039 8.48185 8.30694 9.91145 8.52935 8.05977 8.03122 8.1638 8.02346 10.8157 7.88862
threshold=3.8050000000000002 7.5000000000000009 32.225000000000001 58.500000000000007 34.183000000000007 6.7550000000000008 36.489000000000004 -0.7041666666666665 7.2950000000000008 34.500000000000007 -0.39444444444444432 2.5000000000000004 46.030999999999999 57.025000000000013 -17.194999999999993 0 6.8129999999999997 6.5550000000000006 6.9050000000000011 6.8610000000000015 -15.924999999999999 -0.084999999999999951 -0.069999999999999826 0.23123015873015876 6.5250000000000012 6.5750000000000011 0.37781746031746039 1 6.9150000000000009 -0.37638888888888883
decision_type=2 2 2 2 2 2 2 8 2 2 8 2 2 2 2 1 2 2 2 2 2 2 2 10 2 2 10 1 2 8
left_child=1 4 -3 6 8 13 7 -4 -1 10 -8 -12 25 21 -15 -7 -17 20 -19 -20 -18 -6 -23 -24 27 -13 -27 28 -11 -22
right_child=-2 2 3 -5 5 15 9 -9 -10 24 11 12 -14 14 -16 16 17 18 19 -21 29 22 23 -25 -26 26 -28 -29 -30 -31
leaf_value=0.00075287537185981927 -0.0030879764377639315 0.016584648663997257 0.028760705241791182 0.01554283863745059 0.017682050085706509 0.010864930675878997 0.0083168751941101911 -0.0034016521656113027 -0.0096431511087043155 0.016427989574557711 -0.011512836582081661 0.011349079593497848 0.019817084655356278 -0.028403425182319787 -0.0031893950908293378 0.01066683280118589 0.024560859129989298 -0.010824706885225318 0.019439501044429468 4.1328074776438454e-05 0.018353818373726957 -0.019200465890543812 -0.026776672414900518 0.0036029379725248754 -0.00079696283763078701 -0.028280133083542998 -0.0040087128605632858 0.001369697742017112 0.0020932052880730211 -0.0037598865405356983
leaf_weight=2977.0228338092566 714.12730073183775 61.829029597342014 9.0682061910629255 40.550789937376976 29.025256752967834 233.33490453660488 48.30302095413208 1563.5331512093544 83.833766371011734 102.63995516300201 149.37878212332726 21.361838236451149 24.251472562551498 18.335830800235271 97.463579580187798 139.71538747102022 25.461570203304291 70.473701573908329 26.672272451221943 223.01185573637486 22.470804326236248 20.61249516159296 8.6332920342683774 227.40639831125736 469.88173467665911 16.27260223031044 53.404393076896667 294.35043847560883 87.972926810383797 41.024485230445862
leaf_count=13632 3330 299 44 185 138 1079 222 7218 461 464 738 101 110 88 447 651 118 321 122 1023 108 95 39 1029 2272 75 246 1332 389 186
internal_value=0.000142444 0.000463417 -0.000937436 -0.00131348 0.00143466 0.00393404 -0.00155413 -0.00321619 0.000468139 0.000507499 -0.00405559 -0.00631361 0.000422902 -0.000313924 -0.00718182 0.00611448 0.00382712 0.00158486 -0.000734465 0.00211352 0.00993218 0.00246998 0.000749617 0.00249179 0.00200316 -0.00474344 -0.00967714 0.0047162 0.009323 0.00406609
internal_weight=7901.42 7187.3 2942.8 2880.97 4244.5 1183.64 2840.42 1572.6 3060.86 1267.82 312.972 264.669 115.29 401.477 115.799 782.165 548.83 409.115 320.158 249.684 88.9569 285.677 256.652 236.04 954.845 91.0388 69.677 484.963 190.613 63.4953
internal_count=36562 33232 13695 13396 19537 5444 13211 7262 14093 5949 1492 1270 532 1836 535 3608 2529 1878 1466 1145 412 1301 1163 1068 4457 422 321 2185 853 294
cat_boundaries=0 1 2
cat_threshold=82 170
is_linear=0
shrinkage=0.03


Tree=149
num_leaves=31
num_cat=0
split_feature=29 12 18 8 1 22 24 24 24 13 13 24 19 13 10 32 5 13 20 16 29 28 12 11 25 6 9 31 24 20
split_gain=9.65892 8.81427 7.48907 7.37275 7.04805 11.0317 10.9393 10.2676 11.6146 8.75571 10.5861 9.04114 8.2736 7.82773 9.48781 8.26318 7.74957 8.34654 10.8436 8.98428 12.6374 8.65144 12.3965 7.74415 9.4449 10.4667 10.1567 7.66857 7.56767 8.05276
threshold=-0.090000000000000288 6.6350000000000007 4.995000000000001 15.300000000000002 10.500000000000002 33.173000000000009 70.295000000000016 65.88000000000001 51.370000000000012 51.500000000000007 52.500000000000007 50.120000000000012 4.6790000000000012 43.500000000000007 57.090000000000011 0.066666666666666693 1.0000000180025095e-35 30.500000000000004 -1.425 3.1547619047619051 0.010000000000000233 6.8110000000000008 6.8950000000000005 22.255000000000003 32.373000000000012 8.5000000000000018 5.9050000000000011 0.36011904761904767 39.540000000000006 -3.1549999999999989
decision_type=2 2 2 2 2 2 2 2 2 2 2 2 2 2 2 10 2 2 2 10 2 2 2 2 2 2 2 10 2 2
left_child=1 -1 -3 -4 5 23 12 8 9 11 -11 -7 -6 -14 15 -15 -10 18 -18 20 21 -19 -23 -2 25 28 -26 -16 -25 -30
right_child=4 2 3 -5 6 7 -8 -9 16 10 -12 -13 13 14 27 -17 17 19 -20 -21 -22 22 -24 24 26 -27 -28 -29 29 -31
leaf_value=0.030963620447919456 0.0025277236586205977 -0.012101029452956869 0.01425127452009506 0.0019908673533870123 0.014628255651726745 0.00064347029959606274 0.025005962467977778 -0.012138458181445821 0.031221997119747713 0.018210714248309615 0.0030474922378209003 -0.017069739371192265 -0.0054238856859015029 0.00040456258418402631 0.029208097549483437 -0.012405569831046102 0.00015796243355588967 0.0013805017931211954 0.032429583699079695 0.010296318873306743 0.020081705420725394 -0.037993647290673109 0.0038673705675470057 -0.0023103761921466548 0.00097521743767929353 0.019656986204344525 -0.0038137863323773214 0.0048770449369206761 -0.032500622522381152 -0.0067307327867844567
leaf_weight=9.574887275695799 446.15020896494389 32.690853580832481 45.849455885589123 1186.0860984325409 23.001239873468876 1536.9878090620041 12.558628648519514 47.777322232723236 12.786135509610174 54.136594384908676 176.64905078709126 26.379196435213089 676.10507691651583 205.25673710554838 14.747998833656309 58.160715952515602 15.591926485300062 26.355958387255669 23.485417678952217 90.585272222757339 15.20097368955612 17.409072816371921 10.03787027299404 690.54656737297773 1361.2783562242985 16.743428625166416 563.58270158618689 55.648112818598747 11.213348999619482 408.05769834667444
leaf_count=42 2057 146 294 5278 115 6965 61 216 59 248 816 122 3406 937 75 303 78 116 106 412 72 77 45 3206 6073 76 2822 286 59 1882
internal_value=-0.000102997 0.0022882 0.00207109 0.00244717 -0.000564894 -0.000139321 -0.00282447 0.00160613 0.00193355 0.0011498 0.00660441 0.00034459 -0.00316285 -0.00356804 0.00019077 -0.00242382 0.00858358 0.00712658 0.0195532 0.00408378 -0.00407177 -0.0108959 -0.0226843 -0.00116405 -0.00170383 -0.00388551 -0.000426962 0.00997441 -0.00424069 -0.00741995
internal_weight=7870.63 1274.2 1264.63 1231.94 6596.43 5550.95 1045.48 2053.38 2005.61 1794.15 230.786 1563.37 1032.92 1009.92 333.814 263.417 211.453 198.666 39.0773 159.589 69.0039 53.8029 27.4469 3497.57 3051.42 1126.56 1924.86 70.3961 1109.82 419.271
internal_count=36450 5760 5718 5572 30690 25507 5183 9332 9116 8151 1064 7087 5122 5007 1601 1240 965 906 184 722 310 238 122 16175 14118 5223 8895 361 5147 1941
is_linear=0
shrinkage=0.03


Tree=150
num_leaves=31
num_cat=2
split_feature=29 20 13 24 19 30 25 4 11 14 18 30 22 2 27 24 19 6 29 27 25 7 30 12 4 18 19 18 1 27
split_gain=10.1888 8.30011 12.1205 8.39832 12.4105 7.83425 8.30421 9.39574 14.1295 11.5503 10.26 9.77783 11.1511 9.72729 12.2056 9.61118 9.12994 8.21119 8.62383 8.40321 9.14141 9.48101 7.51825 7.35649 8.99845 7.87914 11.0049 7.86303 9.18538 8.99215
threshold=-0.07499999999999972 -2.4249999999999989 23.500000000000004 46.365000000000002 4.8030000000000017 0.95000000000000007 32.413000000000011 0 26.945000000000004 0.23611111111111113 5.7150000000000007 0.78888888888888908 34.743000000000016 1500.0000000000002 7.0550000000000006 39.715000000000011 7.4070000000000009 4.5000000000000009 0.06000000000000006 7.1450000000000005 21.667000000000005 4.7950000000000008 0.23611111111111113 6.8050000000000006 1 6.9150000000000009 5.7750000000000012 6.9150000000000009 8.5000000000000018 6.8850000000000007
decision_type=2 2 2 2 2 10 2 1 2 8 2 10 2 2 2 2 2 2 2 2 2 2 10 2 1 2 2 2 2 2
left_child=1 -1 -3 22 -5 6 17 9 15 11 -11 13 -13 -8 -15 -9 -10 -2 19 20 21 -19 -4 -6 25 -25 -27 29 -29 -26
right_child=5 2 3 4 23 -7 7 8 16 10 -12 12 -14 14 -16 -17 -18 18 -20 -21 -22 -23 -24 24 27 26 -28 28 -30 -31
leaf_value=0.0077140902073808415 -0.0027567680168083092 -0.014219056311665111 -0.011923576949295297 0.0057239703787474666 -0.01096281323938556 -0.011805967072847331 0.02628091023234155 -0.006467518132986144 0.0003336630174888212 -0.021306852225674345 -0.0046023156104203749 0.023166924324660346 9.4553835181736934e-05 -0.00043314813041096475 -0.016523886124057689 0.0092601575270588217 0.031332774878263331 -0.008344866072504134 -0.017540888415617708 0.022691511580435988 0.00014988864576921044 0.026775423346921932 0.0032477212382947145 0.013075622988424015 0.0031430382404435417 -0.031385640214250589 0.0075852866783881288 0.015412823351259569 -0.0096881668931627814 -0.017612126327304699
leaf_weight=190.65004696696997 1952.2067400217056 45.156669154763222 30.150208026170731 140.32401809096336 117.26295667886734 56.994335353374481 11.660028204321859 40.033543422818184 2053.2529092058539 36.615640245378017 343.85894563794136 33.763611122965813 42.689778439700603 774.71739408373833 44.88603625446558 276.45292951911688 8.5866589248180372 9.6176015436649305 17.549653001129627 20.353885293006897 200.4989275932312 24.646172717213631 1177.9120413511992 55.257265120744705 26.237136974930763 10.161460548639299 18.205599948763847 26.157546699047089 26.325913026928902 66.160035952925682
leaf_count=1131 9190 192 133 613 514 259 52 185 9545 212 1696 152 195 3516 203 1279 38 45 85 93 905 109 5132 247 116 43 77 111 111 293
internal_value=-0.000122315 0.00177173 0.00112037 0.00152924 -0.00180063 -0.000736839 -0.000629755 0.000247624 0.00136297 -0.00180813 -0.00620991 1.69794e-05 0.0102839 -0.000927291 -0.00131437 0.00727071 0.000462761 -0.00207565 0.00280097 0.0042003 0.00259712 0.0169174 0.00286908 -0.00485436 -0.00171965 0.00578582 -0.00637462 -0.0060346 0.00282207 -0.0117185
internal_weight=7878.35 1929.96 1739.31 1694.15 486.092 5948.38 5891.39 3666.52 2378.33 1288.19 380.475 907.717 76.4534 831.263 819.603 316.486 2061.84 2224.87 272.666 255.117 234.763 34.2638 1208.06 345.768 228.505 83.6243 28.3671 144.881 52.4835 92.3972
internal_count=36472 8713 7582 7390 2125 27759 27500 17073 11047 6026 1908 4118 347 3771 3719 1464 9583 10427 1237 1152 1059 154 5265 1512 998 367 120 631 222 409
cat_boundaries=0 1 2
cat_threshold=49 38
is_linear=0
shrinkage=0.03


Tree=151
num_leaves=31
num_cat=1
split_feature=13 32 19 21 1 21 1 18 22 14 24 4 28 8 29 19 8 28 18 24 24 29 25 24 22 19 24 15 6 21
split_gain=7.53442 9.45142 13.124 7.43377 11.6838 13.5407 10.6748 10.1934 7.9671 7.70185 10.227 7.29564 7.88912 10.4635 7.38922 8.70183 8.66658 7.03694 6.93574 18.9549 11.1971 7.01932 11.5104 9.04262 9.19048 8.48696 9.22102 12.9017 8.09079 8.26387
threshold=58.500000000000007 -0.34186507936507932 4.7770000000000019 35.585000000000008 7.5000000000000009 29.645000000000003 7.5000000000000009 4.8650000000000011 16.001000000000005 0.38750000000000007 36.120000000000012 0 6.8970000000000011 16.110000000000003 -1.0000000180025095e-35 4.3610000000000015 18.220000000000002 6.9200000000000017 5.4250000000000007 39.540000000000006 41.615000000000002 -0.07499999999999972 31.443000000000001 35.730000000000011 25.259000000000004 4.8610000000000015 41.615000000000002 0.2678571428571429 7.5000000000000009 48.535000000000004
decision_type=2 8 2 2 2 2 2 2 2 8 2 1 2 2 2 2 2 2 2 2 2 2 2 2 2 2 2 8 2 2
left_child=3 2 -2 4 9 7 8 -6 -5 11 -11 14 -13 -14 15 16 -1 -12 19 -10 -21 22 -20 -24 -25 26 27 -26 29 -23
right_child=1 -3 -4 6 5 -7 -8 -9 18 10 17 12 13 -15 -16 -17 -18 -19 21 20 -22 28 23 24 25 -27 -28 -29 -30 -31
leaf_value=0.02069404284602459 -0.026847288798854878 0.011582709785526215 0.005691989500457793 -0.02601615608047202 0.0058863116657950579 -0.0009409379315125214 -0.0014296395214514518 0.038243180719552981 0.02965520954959797 0.015513394056189952 -0.029362862908847442 -0.0042766567567100724 -0.044045074153853787 -0.011080819367720669 -0.0078029953889232591 0.015430865955832793 -0.0043886188804169637 0.00069019551491822319 -0.0021674106057878412 -0.031990416968657072 0.0059580565569810435 0.0014926878299353474 0.026697564759023847 -0.0049809327597790569 -0.019734094419621987 0.0039601215813526549 0.018529453952273858 0.013640095119545587 0.011035984858011536 -0.0017428273851187472
leaf_weight=14.56237208843231 15.868677593767641 102.79257261753082 37.56049408018589 9.845349967479704 19.30978574603796 103.30393730849028 3034.4108538627625 16.042131632566452 27.583324141800404 7.4951989576220504 31.359890192747116 244.7374577075243 9.8141131252050382 74.096595972776413 66.671062849462032 43.756679892539978 83.405243799090385 9.0315879359841329 272.66137162595987 9.0756669193506223 30.563704587519169 1418.125540882349 17.032340928912163 80.026362955570221 16.187955632805824 466.3662680760026 84.035401418805122 29.281755045056343 59.648010060191154 1423.7223751842976
leaf_count=62 74 465 194 47 95 506 14139 75 131 42 188 1176 42 357 353 200 403 52 1263 44 144 6450 77 356 76 2168 388 128 268 6439
internal_value=-0.000259756 0.00626276 -0.00397231 -0.000392051 -0.00328645 0.00454336 -9.19401e-05 0.0205693 0.00093721 -0.00514248 -0.0166707 -0.00411453 -0.00679163 -0.0149363 0.000413424 0.00430783 -0.000660213 -0.022643 0.00100466 0.0105583 -0.00273047 0.000838586 0.00305419 0.00510883 0.00456481 0.00584681 0.0126411 0.00175834 0.000101255 -0.000128256
internal_weight=7858.37 156.222 53.4292 7702.15 723.586 138.656 6978.57 35.3519 3944.16 584.93 47.8867 537.044 328.648 83.9107 208.395 141.724 97.9676 40.3915 3934.31 67.2227 39.6394 3867.09 965.591 692.93 675.898 595.871 129.505 45.4697 2901.5 2841.85
internal_count=36402 733 268 35669 3551 676 32118 170 17979 2875 282 2593 1575 399 1018 665 465 240 17932 319 188 17613 4456 3193 3116 2760 592 204 13157 12889
cat_boundaries=0 1
cat_threshold=280
is_linear=0
shrinkage=0.03


Tree=152
num_leaves=31
num_cat=2
split_feature=5 0 26 10 21 0 25 23 22 23 13 7 23 14 28 30 24 26 25 19 28 12 8 28 24 8 28 25 25 7
split_gain=8.35344 13.6838 13.6366 16.3614 13.4818 10.5633 9.17805 8.65565 8.47083 7.87225 10.2175 8.5049 7.74504 7.50061 7.30088 10.5454 10.0636 7.08778 7.07813 8.28456 7.62688 7.53138 7.36284 6.91966 8.70895 8.03859 7.55885 9.00547 7.11975 6.8154
threshold=1.5000000000000002 0 -18.234999999999996 21.455000000000002 35.585000000000008 1 31.232000000000006 0.75499999999999912 16.571000000000002 12.495000000000003 47.500000000000007 6.5850000000000009 -24.644999999999992 0.61250000000000016 6.6570000000000009 0.5277777777777779 43.645000000000003 -5.0049999999999981 37.381000000000007 4.3310000000000013 6.6860000000000017 6.8750000000000009 56.905000000000008 6.7440000000000015 40.550000000000004 25.965000000000003 6.7770000000000001 33.757000000000012 33.90100000000001 6.0950000000000006
decision_type=2 1 2 2 2 1 2 2 2 2 2 2 2 10 2 10 2 2 2 2 2 2 2 2 2 2 2 2 2 2
left_child=5 13 3 7 8 -1 -7 -3 -5 18 -11 -12 -8 14 15 -2 -17 -15 -4 21 29 -20 -22 25 26 -14 27 -25 -27 -21
right_child=1 2 9 4 -6 6 12 -9 -10 10 11 -13 23 17 -16 16 -18 -19 19 20 22 -23 -24 24 -26 28 -28 -29 -30 -31
leaf_value=0.0012161338406005142 0.028008594735060496 0.0097365371208459929 -0.0019194585606956216 0.011430144907309441 0.0023204980023837276 -0.0078096663404065214 0.0055210031986499949 0.036647718237153099 -0.018151676401107104 -0.01413093594649655 0.034892066933419889 -0.0072281733976962146 -0.029062645654537329 -0.029091059212306983 0.0020484774114399628 0.015617791784604736 -0.01714707203000973 0.0047749750731141891 0.0077761914098067693 0.033061434293070527 -0.0012339777105631596 0.04049322235820977 0.026859602490587012 0.036419972958189016 -0.0038405655185970544 0.0042297272048786531 0.0013781667609116587 0.0027264106475542982 -0.01075252541270977 7.7434462199588936e-05
leaf_weight=675.89921597391367 24.052800193428993 138.27548580616713 2312.7615851759911 10.605124324560164 457.0575293302536 323.4103326946497 110.95977459102869 11.66400723159313 48.804406642913818 85.129417732357979 7.6037379279732731 9.9738095179200155 15.604873865842817 13.335680551826956 2601.0491679608822 20.584100373089314 14.296535596251486 9.5413046851754171 19.85996383428574 12.322465851902964 231.7043537274003 9.2966921925544721 8.7117000520229322 13.258142136037351 410.60679975897074 40.459736742079258 139.5655914619565 15.469194762408732 96.949645556509495 10.393454596400259
leaf_count=3153 108 662 10577 50 2069 1540 551 55 239 552 43 57 68 70 11861 92 64 51 90 56 1054 42 46 63 1955 189 673 73 445 47
internal_value=-2.49081e-06 0.00053553 -0.000736402 0.00310579 0.000573003 -0.00177148 -0.00348346 0.01183 -0.0128711 -0.00168472 -0.00983128 0.0109923 -0.00186482 0.00213001 0.00228506 0.0127266 0.00218845 -0.0149666 -0.00136354 0.00303524 0.00135399 0.0182081 -0.000215981 -0.00298453 -0.00148485 -0.00865827 0.00426269 0.0182765 -0.00634105 0.0179699
internal_weight=7899.21 6057.02 3374.16 666.407 516.467 1842.18 1166.28 149.939 59.4095 2707.76 102.707 17.5775 842.874 2682.86 2659.98 58.9334 34.8806 22.877 2605.05 292.289 263.132 29.1567 240.416 731.914 578.9 153.014 168.293 28.7273 137.409 22.7159
internal_count=36595 27885 15639 3075 2358 8710 5557 717 289 12564 652 100 4017 12246 12125 264 156 121 11912 1335 1203 132 1100 3466 2764 702 809 136 634 103
cat_boundaries=0 1 2
cat_threshold=6892619 1069726
is_linear=0
shrinkage=0.03


Tree=153
num_leaves=31
num_cat=5
split_feature=23 18 16 16 9 23 0 26 19 0 25 4 5 32 0 29 31 0 12 2 25 26 31 18 5 5 26 19 21 10
split_gain=6.59099 6.5301 8.74835 7.91102 7.77091 7.37074 10.578 10.413 11.4682 8.69622 8.96906 6.91288 6.1838 6.12767 6.0685 9.38616 15.8353 6.84178 6.45915 8.4274 9.97633 8.24489 7.7841 7.27088 7.03561 13.1284 11.0617 10.1669 9.70349 7.23206
threshold=-48.329999999999991 7.955000000000001 2.2111111111111117 2.3166666666666669 7.535000000000001 -11.099999999999998 0 -4.5150000000000015 6.3310000000000013 1 39.245000000000012 2 6.5000000000000009 -0.10000000000000001 3 -0.10499999999999997 0.21126984126984127 4 6.9050000000000011 1500.0000000000002 36.141000000000012 7.7450000000000019 0.28650793650793654 6.455000000000001 3.5000000000000004 2.5000000000000004 -14.729999999999997 4.7770000000000019 50.505000000000003 38.730000000000011
decision_type=2 2 8 8 2 2 1 2 2 1 2 1 2 10 1 2 10 1 2 2 2 2 10 2 2 2 2 2 2 2
left_child=-1 3 -3 5 -4 9 -7 8 11 -2 -11 -8 -9 -13 -5 16 -16 -18 19 20 -17 22 23 -20 25 26 29 -26 -28 -24
right_child=1 2 4 14 -6 6 7 12 -10 10 -12 13 -14 -15 15 18 17 -19 21 -21 -22 -23 24 -25 27 -27 28 -29 -30 -31
leaf_value=0.016863716608043856 0.0056539962997359501 0.016134032254558475 -0.0067137775109644649 -0.00062661672460134418 -0.029843550171184924 -0.0069627202965225768 0.0027068520563229004 0.0065459532193221275 0.011494864911643213 -0.01734344557175271 0.01316191435876731 -0.03028549115605764 0.033484406840410062 -0.0074999142495659945 -0.010279513467002814 0.020682835238588437 0.001978080827074406 0.010415874000724369 0.0041738073742945544 -4.7224641723277606e-05 -0.010791074281269693 -0.019391944131908413 -0.022510322999997629 -0.010201327778092267 0.0283602328258095 0.025531243264521893 0.0015466925633055631 -0.00069404883723412432 0.027186861367183793 0.010840072625243044
leaf_weight=20.787243388593197 26.2359828799963 12.474841743707655 77.457226328551769 3148.6142338141799 15.72727134823799 199.73216763138771 67.983312577009201 125.51701226830482 45.019133001565933 87.792656004428864 9.6253931969404203 11.62861157953739 8.1683381944894773 122.74432720988989 52.3122498691082 35.555020391941071 161.42503296583891 233.9321650788188 100.25476626306772 3013.5965610891581 12.164981499314306 12.846723750233648 16.378394156694416 46.287450216710567 12.277971401810644 48.272408306598663 28.669933930039406 92.520555391907692 24.753190144896507 9.1052694469690305
leaf_count=142 123 58 346 14482 73 1074 357 685 220 391 43 59 39 660 234 158 731 1077 453 13756 53 58 75 202 54 215 131 418 111 42
internal_value=-6.65046e-06 -5.12726e-05 -0.00745905 4.96767e-05 -0.0106175 -0.00298163 -0.00156568 0.00140891 -0.00219978 -0.0096322 -0.0129954 -0.00524649 0.00819193 -0.00881571 0.000352614 0.00114179 0.0052318 0.0072842 0.000614794 0.000150847 0.0126594 0.00424384 0.00504603 -0.000366784 0.00846534 0.013208 0.00566902 0.00270989 0.0134269 -0.0105943
internal_weight=7879.86 7859.07 105.659 7753.41 93.1845 704.447 580.793 381.061 247.375 123.654 97.418 202.356 133.685 134.373 7048.97 3900.35 447.669 395.357 3452.68 3061.32 47.72 391.367 378.52 146.542 231.978 127.179 78.9068 104.799 53.4231 25.4837
internal_count=36520 36378 477 35901 419 3651 3094 2020 1296 557 434 1076 724 719 32250 17768 2042 1808 15726 13967 211 1759 1701 655 1046 574 359 472 242 117
cat_boundaries=0 1 2 3 4 5
cat_threshold=13632113 9453648 328 9344396 2105904
is_linear=0
shrinkage=0.03


Tree=154
num_leaves=31
num_cat=7
split_feature=13 0 31 6 9 8 0 31 27 12 25 4 27 0 12 30 9 26 10 0 8 1 0 10 12 30 9 4 25 23
split_gain=12.0753 7.38016 10.3728 10.8437 8.68924 8.47727 11.0721 10.203 9.26104 9.30885 8.42524 9.02758 8.31161 7.71151 15.682 9.74012 10.4281 7.2289 7.2223 9.82951 8.46177 7.14088 9.44577 8.55312 8.79627 7.33262 9.58703 7.90828 8.48452 10.2884
threshold=64.500000000000014 0 0.21781746031746038 1.5000000000000002 7.495000000000001 40.530000000000008 1 0.20444444444444448 6.7950000000000008 6.8150000000000004 33.039000000000009 2 6.9650000000000007 3 6.8550000000000013 0.78888888888888908 6.1850000000000014 -12.609999999999996 67.905000000000015 4 45.995000000000012 6.5000000000000009 5 54.485000000000007 6.9350000000000014 0.64583333333333337 6.3350000000000009 6 39.129000000000005 8.9900000000000002
decision_type=2 1 10 2 2 2 1 8 2 2 2 1 2 1 2 10 2 2 2 1 2 2 1 2 2 8 2 1 2 2
left_child=1 2 5 10 21 6 8 -8 -1 17 -4 13 -13 14 15 16 -12 -10 20 -20 -6 -3 -23 25 -25 26 27 28 29 -24
right_child=-2 4 3 -5 18 -7 7 -9 9 -11 11 12 -14 -15 -16 -17 -18 -19 19 -21 -22 22 23 24 -26 -27 -28 -29 -30 -31
leaf_value=0.022108256270524089 0.025679940697517379 0.0006588394766657411 -0.0040385962682383753 0.0027811410026348004 -0.023328464626668037 -0.0082422325147781996 -0.0016607786333883295 -0.019214511754098652 -0.022797866788532309 0.012683257515342133 0.01003589419807388 -0.0040956733236629343 0.014783255589084896 0.00094404760609984148 0.037525283771926404 0.026114452198707852 -0.0099665250084423548 0.0016724907762898072 0.013644264878723415 -0.0081550815025874836 -0.006123703282671691 -0.0051399734578503184 0.0020211195041732449 0.004355669297497913 0.029999643331125727 0.002417451160397975 -0.0094146307177907264 -0.0050401729400109015 0.022024155707149919 -0.022293649322508314
leaf_weight=29.192602321505547 16.546019047498703 1932.6791946515441 444.13257217407227 2247.5600798949599 38.087824337184429 176.57721990346909 254.58455002307892 33.75207906961441 15.927355676889418 45.087651289999485 66.155582658946514 282.3143699914217 22.673726968467236 256.23374283313751 16.832505643367767 19.42097195237875 36.344479940831661 34.184869319200516 22.154621712863445 34.527311749756336 79.283250778913498 564.6574806496501 309.82614175230265 87.142748907208443 13.96808100491762 343.14425142854452 159.07647401839495 252.75818850845098 17.866127774119377 16.495955623686314
leaf_count=129 78 8836 2080 10246 195 965 1113 149 72 201 300 1309 107 1212 78 89 175 154 116 176 443 2679 1386 434 65 1589 788 1144 81 91
internal_value=7.83581e-05 2.44139e-05 0.000930218 0.00157087 -0.000907023 -0.0027412 -0.000387708 -0.00359104 0.00678103 0.00279331 -0.000806651 0.00124401 -0.00260669 0.00417754 0.0096839 0.00663438 0.00294343 -0.00610501 -0.00746 0.0013338 -0.0117068 -0.000601017 -0.00198061 -0.000447772 0.00789829 -0.00121959 -0.00287037 -0.00112643 0.00184062 0.00079198
internal_weight=7869.19 7852.64 3980.97 3391.67 3871.67 589.306 412.729 288.337 124.392 95.1999 1144.11 699.975 304.988 394.987 138.754 121.921 102.5 50.1122 174.053 56.6819 117.371 3697.61 1764.94 1200.28 101.111 1099.17 756.023 596.946 344.188 326.322
internal_count=36480 36402 18379 15596 18023 2783 1818 1262 556 427 5350 3270 1416 1854 642 564 475 226 930 292 638 17093 8257 5578 499 5079 3490 2702 1558 1477
cat_boundaries=0 1 2 3 4 5 6 7
cat_threshold=1696167 90240 94 259 398352 8654856 391
is_linear=0
shrinkage=0.03


Tree=155
num_leaves=31
num_cat=3
split_feature=29 0 11 11 0 9 23 11 9 9 30 28 25 1 9 23 8 29 12 30 0 23 29 11 9 21 27 23 28 25
split_gain=8.55035 8.98099 10.1879 9.00873 7.99329 8.10801 10.3437 8.18779 10.3558 8.85988 7.84467 7.74193 7.60954 7.56622 10.5095 9.3251 7.47425 10.7695 7.20472 8.25803 9.90979 6.99644 11.5022 10.7015 7.46082 11.6869 10.1811 8.49231 9.61375 7.83447
threshold=0.034999999999999705 0 18.455000000000002 17.680000000000003 1 4.7150000000000007 -20.094999999999995 43.135000000000012 3.3750000000000004 4.0550000000000006 0.68333333333333346 6.6950000000000012 28.551000000000005 9.5000000000000018 3.1350000000000002 1.0000000180025095e-35 40.530000000000008 -0.05000000000000026 6.8150000000000004 0.47222222222222227 2 -0.18499999999999869 -0.095000000000000182 30.955000000000002 6.5250000000000012 60.065000000000005 6.6950000000000012 -9.8849999999999998 6.7130000000000001 30.963000000000005
decision_type=2 1 2 2 1 2 2 2 2 2 8 2 2 2 2 2 2 2 2 10 1 2 2 2 2 2 2 2 2 2
left_child=1 2 3 -1 10 7 -7 9 -9 -6 -2 12 -3 14 -14 16 -15 -18 21 20 -20 24 23 -23 25 29 -26 28 -28 -4
right_child=4 11 18 -5 5 6 -8 8 -10 -11 -12 -13 13 15 -16 -17 17 -19 19 -21 -22 22 -24 -25 26 -27 27 -29 -30 -31
leaf_value=0.0061808921308217973 -0.001473105786569969 0.022207025591127388 -0.005650150066565887 0.03100517506282998 -0.0031351382819736506 -0.020215749073286455 -0.0054184702998634057 0.011819162234552564 -0.028405090615231849 0.013194199124246856 0.010377293024857511 -0.00072212369584661294 -0.017776482391140495 -0.020720081296548631 0.0095358274095522343 -0.030073349259035244 -0.0089579528901253449 0.036583929794305109 0.00459615705005451 0.0046843142024067209 -0.0065604251742720837 0.040931281521513971 0.0017825610430592784 0.0081837848979857079 0.021064571317281733 0.012676730399263772 -0.033148368413127786 -0.0028282744202713706 -0.0091794021420177514 0.00060894449788195077
leaf_weight=232.56678210943937 202.24615836143494 21.517698653042316 229.79839678108692 13.945817366242407 66.210859328508377 48.897139370441437 325.80097490549088 8.8093955218791979 16.642982378602028 54.535188868641853 66.906773537397385 3881.8577565178275 14.154638707637785 9.2259149998426455 121.68376533687115 12.156179279088972 10.033338800072672 8.7475914359092695 126.07936410605907 794.31775940209627 142.66340938210487 13.250659614801405 290.17773996293545 27.873401373624802 11.693186804652212 61.763394758105278 20.468544825911522 122.8256780654192 57.000075489282608 830.24182204902172
leaf_count=1076 986 97 1013 63 304 207 1698 39 75 240 319 18041 66 40 547 58 44 41 569 3602 631 58 1481 123 50 286 89 572 252 3705
internal_value=0.000157107 0.000488582 0.00173878 0.00758526 -0.0028025 -0.00491714 -0.00734948 0.000980463 -0.014483 0.00424004 0.00141994 -0.000426275 0.00536649 0.00330759 0.00668983 -0.00813175 0.00139185 0.0122541 0.00121687 0.00314633 -0.00139946 -1.49713e-05 0.0038869 0.0187354 -0.000984161 -8.79506e-06 -0.00614564 -0.00773417 -0.0155124 -0.000747919
internal_weight=7844.09 7054.04 2974.67 246.513 790.049 520.897 374.698 146.198 25.4524 120.746 269.153 4079.38 197.519 176.001 135.838 40.163 28.0068 18.7809 2728.15 1063.06 268.743 1665.09 331.302 41.1241 1333.79 1121.8 211.987 200.294 77.4686 1060.04
internal_count=36372 32504 13570 1139 3868 2563 1905 658 114 544 1305 18934 893 796 613 183 125 85 12431 4802 1200 7629 1662 181 5967 5004 963 913 341 4718
cat_boundaries=0 1 2 3
cat_threshold=4721783 3228946 4197442
is_linear=0
shrinkage=0.03


Tree=156
num_leaves=31
num_cat=3
split_feature=32 0 4 10 16 25 22 12 31 22 29 28 13 28 24 23 9 22 18 18 23 10 31 14 18 29 4 19 11 6
split_gain=9.93807 6.52749 8.2708 8.26533 6.92493 8.75787 8.31155 8.134 8.87525 8.70507 7.39733 9.69958 8.72976 6.50186 9.09598 7.17252 11.021 8.47881 7.05578 5.89472 5.86518 6.66682 6.44601 6.03639 6.27404 5.59549 9.163 6.79693 6.54208 5.855
threshold=-0.57638888888888873 0 1 14.375000000000002 3.2361111111111116 33.039000000000009 50.625000000000007 6.8750000000000009 0.21781746031746038 46.030999999999999 -0.079999999999999613 6.8520000000000012 37.500000000000007 6.7910000000000013 49.220000000000006 -20.294999999999991 5.6050000000000013 31.108000000000004 6.3250000000000011 5.5850000000000009 -3.0999999999999974 31.835000000000004 0.28668650793650802 1.0000000180025095e-35 6.6450000000000005 -0.18000000000000013 2 5.535000000000001 26.395000000000003 17.500000000000004
decision_type=8 1 1 2 8 2 2 2 8 2 2 2 2 2 2 2 2 2 2 2 2 2 8 10 2 2 1 2 2 2
left_child=19 2 3 -2 -4 10 7 9 -9 13 11 -6 -12 -7 15 17 -17 -15 -18 -1 21 23 -23 -14 -25 26 28 -28 -3 -27
right_child=1 25 4 -5 5 6 -8 8 -10 -11 12 -13 20 14 -16 16 18 -19 -20 -21 -22 22 -24 24 -26 29 27 -29 -30 -31
leaf_value=-0.022375628329956453 0.010291400336523834 0.01588964017594759 0.00041719486212715516 -0.0042506848350693021 4.4090126224156317e-05 0.01138459590889076 0.036766855008239126 -0.0079565207094179184 0.023158083421645416 -0.020768850815333841 -0.0046556599186171471 -0.028211238160764419 0.018807190153234895 -0.042439821447471972 0.020752570414191342 0.014237911463328121 -0.032370108962677453 -0.0032921658132205977 0.0034629241113114922 0.0045308922693262565 -0.0060565792816484523 0.039854620091365166 0.012394147301854149 -0.016625220547265139 0.015853553581546151 -0.00094474564628706063 0.021119683397631896 -0.00059656154524636857 -0.01425742261225648 0.011722125904794472
leaf_weight=7.4441838562488547 40.011358305811882 8.4898248240351659 449.77224413305521 291.08826654404402 33.24367219209671 114.75753731280565 9.4019787609577161 9.9209416806697828 49.010076932609081 10.922911107540129 60.484258241951466 16.293642900884151 17.995581805706024 8.3577898368239421 16.022814974188805 27.776307016611099 10.233387663960459 12.317756354808806 9.571204409003256 469.90239725261927 16.419483527541161 13.498075395822527 17.889982283115387 14.254348516464235 8.5719247013330442 5993.9491332173347 41.874442368745804 18.792759731411934 27.344222530722618 33.023001112043858
leaf_count=32 187 39 2025 1319 158 528 40 43 234 47 273 77 88 41 77 119 45 62 40 2343 74 57 77 63 40 27803 185 82 120 145
internal_value=-8.38666e-05 -0.000355166 0.00160581 -0.00242027 0.00305473 0.00560606 0.0090407 0.00807123 0.01792 0.00530691 0.000794427 -0.00924956 0.00413116 0.00673791 0.00041083 -0.00436428 0.00204631 -0.019117 -0.0150526 0.00411129 0.0101276 0.0138077 0.0242032 0.00581454 -0.0044285 -0.00075935 0.0064062 0.012356 -0.00556263 -0.000875341
internal_weight=7858.64 7381.29 1257.82 331.1 926.716 476.944 278.293 268.891 58.931 209.96 198.651 49.5373 149.114 199.037 84.2793 68.2564 47.5809 20.6755 19.8046 477.347 88.6294 72.2099 31.3881 40.8219 22.8263 6123.47 96.5012 60.6672 35.834 6026.97
internal_count=36463 34088 5714 1506 4208 2183 1276 1236 277 959 907 235 672 912 384 307 204 103 85 2375 399 325 134 191 103 28374 426 267 159 27948
cat_boundaries=0 1 2 3
cat_threshold=73731 137 40
is_linear=0
shrinkage=0.03


Tree=157
num_leaves=31
num_cat=3
split_feature=29 20 20 0 7 0 21 0 7 15 29 16 13 21 24 27 15 25 30 7 11 16 9 15 7 10 16 15 14 21
split_gain=8.65376 7.93756 8.24068 8.60879 7.87006 9.69197 8.80558 7.96768 10.6115 9.85371 7.92425 7.18844 9.28893 8.36794 7.39769 8.68968 7.67943 7.06941 6.78636 7.73522 6.93039 6.67416 6.65474 9.89529 7.91699 10.483 7.85257 6.62704 8.35149 7.35391
threshold=0.034999999999999705 1.0600000000000003 0.90499999999999992 0 7.535000000000001 1 50.455000000000005 2 6.9450000000000012 0.43650793650793657 -0.18000000000000013 2.8944444444444448 23.500000000000004 58.255000000000003 44.240000000000002 7.035000000000001 0.23611111111111113 29.085000000000004 0.64583333333333337 7.2650000000000006 36.315000000000005 2.2111111111111117 4.7950000000000008 0.58571428571428574 6.4150000000000009 45.340000000000011 2.3875000000000006 0.21111111111111114 0.10555555555555557 45.385000000000012
decision_type=2 2 2 1 2 1 2 1 2 10 2 10 2 2 2 2 10 2 8 2 2 8 2 10 2 2 10 8 10 2
left_child=4 2 3 22 7 6 -6 8 -1 18 17 13 -13 -5 16 -16 -14 -9 19 -10 -20 -8 27 -24 26 -26 -25 -2 29 -29
right_child=1 -3 -4 11 5 -7 21 10 9 -11 -12 12 14 -15 15 -17 -18 -19 20 -21 -22 -23 23 24 25 -27 -28 28 -30 -31
leaf_value=0.0025103818573938385 0.015720524127518055 -0.016684219272029167 0.021391817781509819 -0.015193563160570158 -0.016393876262753078 -0.014393436493738931 0.032895369722074123 -0.015368327129789253 -0.012312487829595599 -0.011313480432496147 -0.00052629762772151041 0.024859662226953353 -0.017430210355746722 0.0094888064508868754 0.0060420534829317141 -0.025542229925488408 -0.0032717752782457769 0.012350553511538303 0.032152194257286118 0.018293559083883328 -0.0018454435432053765 0.003388188520420699 -0.0054094027536125472 -0.022841732933748436 0.040624979617148997 0.0050120015808465378 0.010981607257793949 -0.03407648978765386 0.0077411466416174059 6.2016633904420827e-05
leaf_weight=1846.413939461112 42.571985833346844 37.269413448870182 12.772352792322634 105.94714972376823 13.549341954290865 61.744289800524712 9.9267160594463331 9.3993347585201246 26.432918399572372 99.824320167303085 4903.2000368312001 10.087669119238852 55.158903531730175 13.994898587465284 73.27008692920208 8.779136583209036 91.957178257405758 69.588133133947849 12.411008276045324 10.338783070445059 9.5478448271751386 22.618785381317139 204.03284975886345 10.950080253183843 12.165812760591509 19.145901419222355 14.174142196774481 9.6159776449203509 50.457235425710678 13.870805084705351
leaf_count=8355 196 281 85 561 86 345 59 44 122 491 22618 48 247 68 330 42 434 318 54 47 41 119 941 54 67 107 68 41 224 60
internal_value=-0.000185211 -0.00317149 -0.00249907 -0.00291356 0.000145709 -0.00789689 0.00322763 0.000269838 0.00186154 -0.005577 -0.000373692 -0.00614844 -0.00331471 -0.0123136 -0.00455493 0.00266259 -0.00858026 0.00905207 0.00417328 -0.00370725 0.0173698 0.0123882 0.000323185 -0.00233412 0.00878396 0.018849 -0.00375988 0.00629126 0.000862522 -0.013915
internal_weight=7881.22 786.222 748.952 736.18 7095 107.839 46.0948 6987.16 2004.97 158.555 4982.19 359.195 239.253 119.942 229.165 82.0492 147.116 78.9875 58.7306 36.7717 21.9589 32.5455 376.985 260.469 56.4359 31.3117 25.1242 116.516 73.944 23.4868
internal_count=36553 3854 3573 3488 32699 609 264 32090 9110 755 22980 1730 1101 629 1053 372 681 362 264 169 95 178 1758 1237 296 174 122 521 325 101
cat_boundaries=0 1 2 3
cat_threshold=2440525 3029300 4203051
is_linear=0
shrinkage=0.03


Tree=158
num_leaves=31
num_cat=0
split_feature=23 20 14 7 26 7 15 8 6 20 32 10 22 14 18 24 23 24 23 18 29 28 32 32 20 22 24 8 10 13
split_gain=6.26519 5.63982 6.79669 5.8874 6.20504 6.15603 11.3042 6.06724 7.83189 6.36253 5.44144 9.88268 6.46781 5.26901 6.68009 5.13228 4.98755 7.34374 5.15456 4.79778 4.76306 7.50736 6.48072 10.2842 5.4482 5.41971 4.90864 5.78153 6.14753 5.90224
threshold=-48.329999999999991 1.1700000000000006 0.31666666666666671 6.1150000000000011 -11.809999999999995 6.3750000000000009 0.47222222222222227 48.470000000000006 3.5000000000000004 1.5350000000000004 -0.10000000000000005 57.710000000000001 20.159000000000006 0.15476190476190479 5.4250000000000007 41.870000000000012 12.980000000000002 40.685000000000009 17.785000000000004 7.4350000000000014 -0.18000000000000013 7.0610000000000008 -1.0000000180025095e-35 0.046031746031746014 -2.2199999999999989 34.909000000000013 65.88000000000001 51.50500000000001 26.940000000000005 42.500000000000007
decision_type=2 2 8 2 2 2 10 2 2 2 8 2 2 10 2 2 2 2 2 2 2 2 10 8 2 2 2 2 2 2
left_child=19 20 3 4 -3 6 -5 -7 10 -10 -9 12 -12 -14 -15 -16 17 -4 -18 -1 21 22 24 -24 25 -2 -22 28 29 -28
right_child=1 2 16 5 -6 7 -8 8 9 -11 11 -13 13 14 15 -17 18 -19 -20 -21 26 -23 23 -25 -26 -27 27 -29 -30 -31
leaf_value=0.028979704579785801 0.011405187497345202 0.0022086332608633342 0.022613229660758932 -0.0018646218652026143 -0.035128234833289196 -0.01336899138438717 0.040905618797002552 -0.017175383147220825 0.035838462242710666 0.0017649737030702318 -0.020833791170476665 0.030932318482645414 -0.018557548163155427 0.031007674783298397 0.016679707985191264 -0.020584649559612478 -0.028869707142315102 -0.017292927125060444 -0.0096836127762893326 0.0003555970815091939 -1.5750764164335373e-05 -0.015050603462199857 -0.030306477821207434 0.0095069762724539226 0.014953332249251893 -0.023542437001904802 -0.0059437601648314915 0.013665696500715281 -0.010367107353120616 0.016321579040580021
leaf_weight=11.728979855775835 8.9501650780439395 7.2052164226770428 7.9276750981807735 14.486012205481531 9.0222581252455694 32.249039806425571 9.0274607241153699 17.896168693900108 9.6894897818565386 10.045674368739126 13.819627098739145 8.8249505758285505 7.0586385279893902 9.0801231414079684 6.5084848850965482 6.803362138569355 20.543954640626907 8.7103664427995664 32.60250199586153 9.5702231898903829 7313.4356982409954 14.162335842847822 9.4016581028699875 15.410332411527634 77.769054532051086 7.211888685822486 27.637045547366142 13.608105748891829 115.5557723492384 17.50029082596302
leaf_count=84 57 42 53 87 56 203 55 109 52 57 88 62 42 59 40 44 137 58 226 62 33504 66 40 64 340 43 126 68 518 85
internal_value=-0.000130467 -0.000174542 -0.0047875 -0.00141077 -0.0185502 0.000500912 0.014556 -0.00220852 0.00180272 0.0184942 -0.00290372 0.001999 -0.00390194 0.00404329 0.0111678 -0.0023652 -0.0126126 0.00172151 -0.0171001 0.0161182 -3.44092e-05 0.00559512 0.00805751 -0.00557898 0.0116596 -0.00418926 -0.000134332 -0.00510983 -0.00669982 0.00268878
internal_weight=7873.44 7852.14 231.501 161.717 16.2275 145.489 23.5135 121.976 89.7265 19.7352 69.9914 52.0952 43.2702 29.4506 22.392 13.3118 69.7845 16.638 53.1465 21.2992 7620.64 132.905 118.743 24.812 93.9311 16.1621 7487.74 174.301 160.693 45.1373
internal_count=36527 36381 1470 996 98 898 142 756 553 109 444 335 273 185 143 84 474 111 363 146 34911 610 544 104 440 100 34301 797 729 211
is_linear=0
shrinkage=0.03


Tree=159
num_leaves=31
num_cat=4
split_feature=23 4 0 11 18 18 29 14 18 7 22 28 21 0 15 15 12 24 32 7 25 19 20 11 22 0 23 32 11 13
split_gain=8.65648 7.22971 12.4579 13.6538 9.31718 13.7331 10.7354 14.0595 13.945 11.0337 11.9815 8.99215 8.51395 8.1253 13.7283 10.6601 7.99144 8.71302 7.99067 8.32275 10.9554 8.66708 8.09293 7.84922 7.53658 8.34916 8.00185 7.74059 7.3026 6.97256
threshold=-48.329999999999991 0 1 49.600000000000009 7.3050000000000006 6.7150000000000007 -0.084999999999999951 0.31666666666666671 6.3950000000000005 6.6050000000000013 24.785000000000007 6.6770000000000005 60.350000000000009 2 0.89444444444444449 0.81666666666666676 6.9750000000000005 39.030000000000008 -0.37638888888888883 3.9850000000000008 33.867000000000012 4.9890000000000017 -3.0849999999999986 31.355000000000004 21.051000000000005 3 -29.114999999999995 -0.68333333333333324 45.745000000000012 38.500000000000007
decision_type=2 1 1 2 2 2 2 8 2 2 2 2 2 1 10 10 2 2 10 2 2 2 2 2 2 1 2 8 2 2
left_child=-1 13 3 4 5 6 8 9 -3 11 -11 -8 -6 14 18 -15 17 29 19 20 22 -22 -2 -24 -21 26 -26 -28 -20 -13
right_child=1 2 -4 -5 12 -7 7 -9 -10 10 -12 16 -14 15 -16 -17 -18 -19 28 24 21 -23 23 -25 25 -27 27 -29 -30 -31
leaf_value=0.019170854887768412 0.026249281990620581 -0.001297176613096666 0.00017449101434046922 0.012675327186825795 0.012049402772599291 -0.011449502055233565 0.016655919129787783 -0.018522542231359022 0.025018632875653583 0.048528925006167789 0.0045636775137024681 -0.0041030165695762144 -0.005481634637455904 0.0021751552098600883 0.024558437589712927 -0.016523243162504309 0.020822125845880265 -0.0026311277247461668 -0.0014113551733021504 -0.018669394163416484 -0.0059214944668160522 -0.043329332997741131 0.013815223796781996 -0.024793450918551618 -0.0071317397079396008 0.00070211976649558127 -0.012445869501849685 0.015294474650824565 -0.0092859045155596742 -0.01828949208896247
leaf_weight=21.438063599169254 9.4679247140884417 59.47590085119009 2552.9738180562854 42.995519958436489 54.351824671030045 255.39197272062302 17.471024110913277 59.056045345962048 26.065252237021923 6.8991449773311606 29.148072943091393 53.434633880853653 46.06101655960083 2557.5103501901031 19.187203571200371 27.738239735364914 10.195037111639975 231.00485107302666 1199.371649608016 12.509789675474165 11.231685213744642 11.066722735762594 8.5265780240297335 10.669094175100325 19.850593090057373 202.18503059446812 9.7634865343570691 124.40695779025555 116.26554277539253 74.868802934885025
leaf_count=149 58 266 11796 202 253 1177 78 333 120 43 169 247 211 11835 104 149 44 1041 5553 54 62 63 45 51 103 911 43 536 554 343
internal_value=0.000133454 8.15238e-05 -0.000927538 -0.00381072 -0.0046196 -0.00567218 -0.00307275 -0.00481067 0.00672152 -0.00289642 0.0129783 -0.00437518 0.00400763 0.000899903 -0.000674582 0.00196692 -0.00536958 -0.00611274 -0.000957468 0.00264694 -0.00871675 -0.024487 0.00355151 -0.00764376 0.00421757 0.00502135 0.00999661 0.0132758 -0.00210725 -0.0123812
internal_weight=7880.58 7859.14 3519.39 966.419 923.424 823.011 567.619 482.078 85.5412 423.022 36.0472 386.974 100.413 4339.75 1754.5 2585.25 369.503 359.308 1735.32 419.678 50.962 22.2984 28.6636 19.1957 368.716 356.206 154.021 134.17 1315.64 128.303
internal_count=36593 36444 16323 4527 4325 3861 2684 2298 386 1965 212 1753 464 20121 8137 11984 1675 1631 8033 1926 279 125 154 96 1647 1593 682 579 6107 590
cat_boundaries=0 1 2 3 4
cat_threshold=346 9765280 10147860 559120
is_linear=0
shrinkage=0.03


Tree=160
num_leaves=31
num_cat=1
split_feature=5 20 15 28 31 4 16 21 28 22 22 8 9 11 21 26 16 9 25 18 13 31 21 30 13 19 9 19 28 11
split_gain=7.19162 9.71598 7.81881 6.95322 6.79531 6.47547 7.84525 9.07134 8.3399 7.93143 15.7868 9.39297 7.71253 7.62444 11.0729 8.28987 8.43594 7.57747 7.21873 7.1544 8.07691 7.72039 10.5189 8.38951 11.7681 7.56842 7.87524 7.20554 9.21535 7.08817
threshold=4.5000000000000009 0.99500000000000022 0.89444444444444449 7.1000000000000014 0.44916666666666671 0 3.7071428571428577 60.065000000000005 6.8930000000000016 45.030000000000008 40.061000000000007 48.880000000000003 4.0850000000000009 34.305000000000007 50.415000000000006 -10.579999999999998 4.6125000000000007 2.7550000000000003 34.699000000000005 7.0650000000000004 55.500000000000007 0.30019841269841274 53.820000000000007 0.61250000000000016 44.500000000000007 4.591000000000002 4.5650000000000004 4.6890000000000009 6.8009999999999993 45.430000000000007
decision_type=2 2 10 2 10 1 8 2 2 2 2 2 2 2 2 2 8 2 2 2 2 8 2 8 2 2 2 2 2 2
left_child=1 3 -2 5 -3 6 17 9 -9 10 11 12 13 15 -15 16 -8 -1 -16 20 25 22 -21 -23 -25 26 -14 28 -27 -19
right_child=2 4 -4 -5 -6 -7 7 8 -10 -11 -12 -13 19 14 18 -17 -18 29 -20 21 -22 23 -24 24 -26 27 -28 -29 -30 -31
leaf_value=-0.0066212867872445305 0.0016415246795290865 -0.007242621334693413 0.025156538119033098 -0.023159303422667796 0.013403374091801357 -0.0013164155736530906 -0.0084915036904632205 0.023251884682164797 -0.0099367633628501453 -0.013366438883912545 0.020209847850318981 0.027158635844181499 0.0088178766887838361 -0.014015911697538819 0.021998640265668674 0.0094444647408206198 0.011434766961270913 0.00066529612091569695 -0.008262575391388069 0.0023494062768331134 0.015907075591324038 0.016913379680354289 -0.040573909470329218 -0.030821509952427509 0.01540550158749608 0.0016367476752842018 -0.0065813316720645604 0.0046629030535495766 0.039466369276448206 -0.005259715040394043
leaf_weight=159.17488621920347 1353.6298945173621 256.28983463346958 12.846800349652765 11.942037999629973 15.198468804359434 2794.3320737332106 82.183958254754543 33.482664503157139 8.5555617362260801 28.369723163545132 44.321261085569859 13.020826965570448 41.498068600893021 84.876959674060345 14.922176688909532 69.58277852088213 24.919591419398785 2083.8234459459782 13.525019265711306 9.3691178709268588 51.061753064393997 17.361739188432693 11.379160955548285 11.840109102427961 8.5248134583234769 10.78544256091118 106.84016780555248 306.53797882795334 12.526579961180685 199.07860546559095
leaf_count=708 6115 1637 64 54 101 12850 410 179 42 125 214 60 180 398 77 344 147 9464 72 44 236 81 52 56 43 47 464 1380 54 926
internal_value=-0.000116404 -0.000530829 0.0018626 -0.000289636 -0.00608682 -0.000245881 0.000623822 0.00285592 0.0164974 0.0022607 0.00273481 0.00186531 0.0014901 -0.0025132 -0.00858698 0.00138243 -0.00385529 -0.000292652 0.00761116 0.00346551 0.00456572 -0.00649236 -0.0211914 0.00159157 -0.0114708 0.00335467 -0.00227336 0.00588567 0.0219643 0.00014861
internal_weight=7891.8 6525.32 1366.48 6253.84 271.488 6241.89 3447.56 1005.49 42.0382 963.447 935.078 890.756 877.735 290.01 113.324 176.686 107.104 2442.08 28.4472 587.725 529.25 58.4749 20.7483 37.7267 20.3649 478.188 148.338 329.85 23.312 2282.9
internal_count=36624 30445 6179 28707 1738 28653 15803 4705 221 4484 4359 4145 4085 1448 547 901 557 11098 149 2637 2361 276 96 180 99 2125 644 1481 101 10390
cat_boundaries=0 1
cat_threshold=346
is_linear=0
shrinkage=0.03


Tree=161
num_leaves=31
num_cat=1
split_feature=29 16 19 5 11 5 16 28 21 4 1 10 29 18 21 28 30 20 12 21 13 5 25 15 28 9 30 31 26 19
split_gain=8.7888 11.182 14.2029 11.4699 9.23851 8.39738 15.5412 10.135 9.25524 9.1231 10.2186 15.588 11.0716 9.70204 9.78926 8.83844 8.65534 8.38853 8.24088 8.22519 7.96535 10.035 9.37972 7.3756 8.09667 7.35431 7.32179 9.49794 7.85383 9.35234
threshold=-1.0000000180025095e-35 2.7888888888888892 5.3990000000000018 8.5000000000000018 55.790000000000013 3.5000000000000004 4.6125000000000007 6.9330000000000007 41.970000000000006 0 7.5000000000000009 31.835000000000004 -0.044999999999999922 6.7550000000000008 41.585000000000008 6.9290000000000012 0.35416666666666669 -2.0849999999999991 7.0150000000000006 57.190000000000005 40.500000000000007 5.5000000000000009 38.335000000000008 0.43650793650793657 7.0290000000000008 5.5950000000000006 0.70714285714285718 0.43563492063492065 -5.2000000000000002 5.3550000000000013
decision_type=2 8 2 2 2 2 10 2 2 1 2 2 2 2 2 2 8 2 2 2 2 2 2 10 2 2 10 8 2 2
left_child=5 2 -2 -3 -4 9 7 8 -7 10 12 13 16 14 -12 20 -1 -13 -18 -9 21 22 -10 24 -21 -8 27 28 -14 -30
right_child=1 3 4 -5 -6 6 25 19 15 -11 11 17 26 -15 -16 -17 18 -19 -20 23 -22 -23 -24 -25 -26 -27 -28 -29 29 -31
leaf_value=-0.006084630906445827 -0.010431732234160458 -0.00078399263792655377 -0.0019626723895349164 0.032205654937275556 0.028389837102196679 -0.001814319319943465 0.018304459860481567 -0.0011255363020491595 0.00057312651714613752 -0.0013220819252750266 0.00080427257936287265 -0.026172267584870863 0.004076780203299964 0.00047060982338765399 -0.023831452566889177 0.031096411037417886 0.01036796931485299 0.0031530104389168147 -0.014908763248380384 -0.017650652909711982 0.0066092082587077211 0.0090173942070366202 -0.01434547006204987 -0.030105644725643185 0.013902862181695595 -0.0096716737932158667 0.014848693261482136 -0.026710337247218784 -0.012573914814251854 0.011928446842734379
leaf_weight=36.04765896499157 271.57499960064888 1682.8060539364815 304.91983080655336 9.5389596372842771 9.300451457500456 308.32568101584911 70.742594078183174 353.29926027357578 357.39691013097763 2748.6158190593123 19.667095765471458 9.0814507901668531 132.79126233607531 43.150676146149635 55.429927535355091 10.817885816097258 309.09773703664541 263.58101896196604 12.061428308486937 19.166797354817394 481.14035000652075 115.84395684301853 42.43268409371376 17.180696293711662 11.840408928692339 9.6050927639007551 25.830632723867893 13.191870629787443 68.464466869831085 17.630229726433754
leaf_count=172 1522 7789 1594 42 49 1386 387 1568 1597 12630 86 40 608 201 249 48 1417 1215 57 89 2148 512 190 75 58 43 117 59 319 80
internal_value=-0.000265553 -0.00183462 -0.00540704 -0.000598045 -0.00106428 0.000378227 0.00206426 0.00146095 0.00273389 -0.000429077 0.00200397 -0.00176884 0.0044342 -0.0108658 -0.0173796 0.0041256 0.00785416 0.00217629 0.00941868 -0.00271136 0.0038329 0.00124251 -0.00101014 -0.0143382 -0.00560163 0.0149601 -0.000302481 -0.00198883 -0.00049891 -0.00755639
internal_weight=7830.57 2278.14 585.795 1692.35 314.22 5552.43 1797.79 1717.44 1315.96 3754.64 1006.03 390.91 615.115 118.248 75.097 1007.63 357.207 272.662 321.159 401.487 996.814 515.674 399.83 48.1879 31.0072 80.3477 257.908 232.078 218.886 86.0947
internal_count=36347 10996 3165 7831 1643 25351 8101 7671 5881 17250 4620 1791 2829 536 335 4495 1646 1255 1474 1790 4447 2299 1787 222 147 430 1183 1066 1007 399
cat_boundaries=0 1
cat_threshold=24
is_linear=0
shrinkage=0.03


Tree=162
num_leaves=31
num_cat=6
split_feature=7 13 0 18 18 10 4 6 23 18 23 27 6 5 32 12 28 12 16 8 1 18 1 0 19 0 4 0 6 19
split_gain=6.68853 12.3906 12.3942 10.5397 11.3947 8.37093 7.93517 8.94364 8.72295 7.52327 7.49707 8.56103 7.1453 7.14402 6.95328 7.59849 12.5032 9.99557 6.35886 9.04574 10.2473 6.56095 6.21824 8.56072 7.75673 11.5865 11.5088 8.12024 11.063 10.2765
threshold=6.9750000000000005 50.500000000000007 0 6.9250000000000007 6.9850000000000012 42.685000000000009 1 4.5000000000000009 -11.559999999999999 6.3850000000000007 -5.2250000000000005 6.9150000000000009 3.5000000000000004 2.5000000000000004 -0.10000000000000001 6.8250000000000011 6.819 6.8650000000000011 3.183333333333334 56.595000000000006 7.5000000000000009 7.2650000000000006 11.500000000000002 2 5.3690000000000007 3 4 5 2.5000000000000004 5.3390000000000013
decision_type=2 2 1 2 2 2 1 2 2 2 2 2 2 2 10 2 2 2 10 2 2 2 2 1 2 1 1 1 2 2
left_child=22 2 18 5 -5 -4 -6 8 -8 14 11 -10 13 -3 -7 16 -16 -17 19 -2 -21 -22 24 -24 27 -26 -27 28 -1 -29
right_child=1 12 3 4 6 9 7 -9 10 -11 -12 -13 -14 -15 15 17 -18 -19 -20 20 21 -23 23 -25 25 26 -28 29 -30 -31
leaf_value=0.00030113380501441204 -0.012293178569276029 0.016940837776376876 -0.016225386032682976 0.031663596168330595 0.0080445375152637909 -0.010721736650974702 -0.029435611825427258 0.025193465224992394 -0.0046315812742942688 -0.0084805124206773653 -0.0093360420410980843 0.033669131766564678 0.031785188573034258 -0.011139824325176495 0.016559447004926214 0.058544381602523607 -0.024636754394817793 0.011824482337866489 -0.018490451636895291 0.019968058023427774 -0.013422388910815203 0.011711246313002795 -0.0084522776185773554 0.00036450107840249211 -0.00025169337540440948 0.0082467393659143833 0.0018386193910551523 -0.00070365826803887703 0.0065927195558876913 -0.011469558889956294
leaf_weight=1088.0835453867912 104.90959970653057 19.248036131262779 49.62428692728281 12.76492654532194 93.633065804839134 17.488324165344238 13.305541187524794 8.4727011322975141 12.188785329461099 73.378552824258804 50.05803195387125 9.2295341640710813 12.308487847447394 14.147097341716288 18.078527890145782 5.8516688570380238 10.470896475017069 13.938496246933935 56.335164502263069 19.772022500634193 31.492119513452053 13.293325066566466 158.36329106241465 247.15884804725647 1054.5046587958932 391.36521099507809 732.40517194569111 3160.493900001049 327.16342312097549 81.863708913326263
leaf_count=4999 547 91 284 69 465 103 64 38 60 425 253 42 55 67 117 36 79 83 278 109 182 69 748 1178 4814 1775 3312 14496 1477 367
internal_value=6.78399e-05 -0.00282336 -0.00394457 -0.000550964 0.00424045 -0.00564615 0.00236738 -0.00378915 -0.00713246 -0.00187487 -0.00298066 0.0118729 0.0122465 0.0050451 0.00548846 0.011353 0.00145017 0.0256389 -0.00934488 -0.00685609 0.00197949 -0.00596216 0.000331347 -0.00327804 0.000545465 0.00202317 0.00412337 -0.000145631 0.00174325 -0.000972479
internal_weight=7901.39 659.989 614.286 388.483 199.653 188.831 186.888 93.2546 84.7819 139.206 71.4764 21.4183 45.7036 33.3951 65.8279 48.3396 28.5494 19.7902 225.802 169.467 64.5575 44.7854 7241.4 405.522 6835.88 2178.28 1123.77 4657.6 1415.25 3242.36
internal_count=36682 3516 3303 2118 991 1127 922 457 419 843 355 102 213 158 418 315 196 119 1185 907 360 251 33166 1926 31240 9901 5087 21339 6476 14863
cat_boundaries=0 1 2 3 4 5 6
cat_threshold=4441602 404 9505577 8607978 74 76002
is_linear=0
shrinkage=0.03


Tree=163
num_leaves=31
num_cat=0
split_feature=26 5 24 6 24 29 24 32 22 7 26 6 13 30 18 9 18 18 32 28 8 22 7 7 8 23 24 7 19 29
split_gain=10.3703 7.11488 7.35454 7.486 8.27299 8.00816 7.96451 8.97927 8.42729 6.94556 6.70912 10.6078 10.1104 8.9288 10.8701 7.55391 7.11533 9.50019 6.53701 8.32107 6.40361 8.23101 7.23509 6.79295 7.4859 10.968 7.36316 7.6717 6.49351 6.32324
threshold=7.7450000000000019 1.5000000000000002 44.915000000000006 1.0000000180025095e-35 50.120000000000012 -0.05000000000000026 69.465000000000018 0.38333333333333341 52.179000000000009 5.2950000000000008 11.750000000000002 3.5000000000000004 49.500000000000007 0.47222222222222227 6.4850000000000012 3.3050000000000002 6.9150000000000009 7.3450000000000006 -0.36904761904761896 6.910000000000001 56.595000000000006 43.487000000000009 7.4450000000000012 6.7750000000000012 33.82500000000001 -24.384999999999994 48.655000000000008 4.5550000000000006 4.9390000000000009 -0.010000000000000229
decision_type=2 2 2 2 2 2 2 8 2 2 2 2 2 10 2 2 2 2 10 2 2 2 2 2 2 2 2 2 2 2
left_child=1 2 -1 4 9 -6 7 8 20 -4 12 15 16 -13 -15 -12 -2 -18 -17 -20 21 23 -22 24 25 -5 27 -27 -29 -7
right_child=10 -3 3 6 5 29 -8 -9 -10 -11 11 13 -14 14 -16 18 17 -19 19 -21 22 -23 -24 -25 -26 26 -28 28 -30 -31
leaf_value=7.3965460790517966e-05 -0.009956039717642258 0.00082707228838414511 0.010917339803091949 -0.001083440114460169 -0.002103578875050209 0.039076096158821502 0.013165387750963353 0.022950366465025535 0.018912429937639631 -0.011328631030575803 0.017422376104779085 -0.013910636584042088 -0.024728433790953623 0.041521363336148656 0.0049031652076646885 -0.021178630753918432 0.01577221091213063 -0.014426483553794996 -0.0076765906631374066 0.015778955025417367 0.022895820467048703 -0.020057656929231799 -0.012428355219877467 -0.020931214737570501 -0.0020197362099769701 0.011017937434797898 -0.02436185952712128 -0.001963910948183148 -0.029549514212025285 0.0091858798035392274
leaf_weight=1139.4942892417312 103.89273352921009 5753.12317712605 18.861590906977654 66.122158393263817 17.651753649115562 12.787172272801401 19.89214763045311 9.3356155678629857 11.249402165412901 38.239695750176907 12.46184282004833 8.5076635181903821 30.787832394242287 12.991445995867254 16.642247572541237 23.825104892253876 25.929633066058159 14.685567289590834 78.328274719417095 16.475448235869408 12.877907492220404 46.630204074084759 8.7738504484295827 28.30101303011179 215.52942598611116 13.499613896012304 53.710552871227264 14.973404690623285 15.766765102744101 12.692276231944559
leaf_count=5393 498 26544 88 337 81 60 93 50 51 180 56 39 136 60 74 107 118 67 379 82 70 222 52 164 998 59 228 64 67 62
internal_value=8.33575e-05 0.000316852 -0.0013544 -0.00399279 0.0035103 0.0134272 -0.00544839 -0.00619374 -0.00675192 -0.00398038 -0.00500601 -0.000745259 -0.00911938 0.0131793 0.0209566 -0.00479666 -0.00579382 0.00485302 -0.00713074 -0.00360037 -0.00735822 -0.00811751 0.00858155 -0.00675255 -0.00569547 -0.010524 -0.0168969 -0.00783387 -0.0161127 0.0241866
internal_weight=7854.04 7509.51 1756.39 616.895 100.232 43.1312 516.662 496.77 487.434 57.1013 344.528 169.232 175.296 38.1414 29.6337 131.091 144.508 40.6152 118.629 94.8037 476.185 454.533 21.6518 407.903 379.602 164.072 97.9503 44.2398 30.7402 25.4794
internal_count=36479 34863 8319 2926 471 203 2455 2362 2312 268 1616 797 819 173 134 624 683 185 568 461 2261 2139 122 1917 1753 755 418 190 131 122
is_linear=0
shrinkage=0.03


Tree=164
num_leaves=31
num_cat=7
split_feature=9 9 0 15 4 6 7 17 10 12 24 11 6 20 23 18 0 19 0 18 9 4 0 7 30 10 28 21 15 24
split_gain=7.09338 11.6541 10.8272 6.95556 7.45459 7.21085 6.9005 6.4403 10.8924 8.06873 6.52483 6.42271 5.35824 5.79861 6.66226 6.78937 5.23079 9.68806 9.6651 9.86669 9.79995 9.48494 12.3275 8.54257 8.19142 8.10207 8.22199 8.03435 11.4239 7.71316
threshold=7.4150000000000009 7.6850000000000014 0 0.38750000000000007 1 3.5000000000000004 6.2750000000000012 2 38.485000000000007 6.8350000000000009 40.040000000000006 22.870000000000001 4.5000000000000009 0.36499999999999982 -2.1850000000000018 7.0750000000000011 3 5.6590000000000016 4 7.8150000000000004 6.8850000000000007 5 6 3.0650000000000004 0.76388888888888895 22.650000000000002 6.7220000000000013 26.340000000000003 0.35416666666666669 51.640000000000008
decision_type=2 2 1 10 1 2 2 1 2 2 2 2 2 2 2 2 1 2 1 2 2 1 1 2 8 2 2 2 8 2
left_child=7 -2 6 -4 5 -5 -3 8 9 11 -10 -1 13 14 15 -8 23 21 -19 20 -20 22 24 -9 27 -24 -27 28 -18 -21
right_child=1 2 3 4 -6 -7 12 16 10 -11 -12 -13 -14 -15 -16 -17 17 18 19 29 -22 -23 25 -25 -26 26 -28 -29 -30 -31
leaf_value=0.027074639620370225 -0.0093567327733229799 -0.026890564909059625 0.016685976005078231 0.0066291688510696214 -0.003573073105389154 0.03626510379522891 0.010055994970816813 0.023653019013031323 0.0089645214235862334 0.019518976897014925 -0.021939391181114095 0.00087889260786184261 0.012816077399411119 -0.020310615047417456 0.014790315945675658 -0.021507772878943603 0.0020313123811857106 0.010684660733252214 0.00058744513750519877 -0.01543304006142349 0.0091462149407781131 -0.0026093746787537826 0.0024706076323582704 0.0012129509710061327 0.011791577636511088 -0.018718294830306733 -0.0030370068480968754 0.0014990920796098136 0.047334522716106359 0.013806353778921702
leaf_weight=9.6222988963127118 182.42105036228895 14.569100126624106 38.239013180136681 32.77244271337986 79.146370381116867 9.5400714576244336 9.5107485949993116 15.363686718046663 9.6087970733642596 50.984572030603886 17.075318410992622 67.62018359452486 13.463987722992895 22.399146817624569 14.783684685826303 17.271142303943634 12.381032422184946 99.396958954632282 712.86291568726301 49.458213984966278 144.87460166215897 1811.0915553495288 258.81066235899925 2452.0957955420017 82.588125206530094 31.532064519822598 659.06672845035791 895.76953505724669 8.4139575883746129 9.714523181319235
leaf_count=49 951 67 184 182 419 46 48 96 43 272 76 345 65 149 74 83 58 443 3281 227 692 8357 1188 11236 378 144 3045 4091 47 44
internal_value=0.000144041 -0.00358299 0.000601638 0.00520192 0.00201467 0.0107666 -0.00717 0.000362734 0.00622538 0.0102562 -0.0108111 0.00414217 -0.00438537 -0.00800611 -0.00137538 -0.0102989 0.000228443 -0.000351168 0.00224688 0.00120255 0.00203305 -0.00105441 0.000402187 0.00134721 0.00271525 -0.002035 -0.003753 0.00192705 0.0203617 -0.0106327
internal_weight=7832.45 434.117 251.696 159.698 121.459 42.3125 91.9978 7398.33 154.911 128.227 26.6841 77.2425 77.4287 63.9647 41.5656 26.7819 7243.42 4775.96 1016.31 916.91 857.738 3759.65 1948.56 2467.46 999.153 949.409 690.599 916.565 20.795 59.1727
internal_count=36380 2268 1317 831 647 228 486 34112 785 666 119 394 419 354 205 131 33327 21995 4687 4244 3973 17308 8951 11332 4574 4377 3189 4196 105 271
cat_boundaries=0 1 2 3 4 5 6 7
cat_threshold=15743552 275 8 1060042 2097156 426 15007793
is_linear=0
shrinkage=0.03


Tree=165
num_leaves=31
num_cat=6
split_feature=0 20 11 4 20 23 22 16 22 12 17 0 27 11 4 12 16 15 6 11 31 0 29 11 20 23 11 1 29 1
split_gain=7.01892 9.82413 9.54724 9.04665 11.0373 9.16796 12.541 7.77259 9.31078 7.53184 7.45289 7.46755 8.23066 7.49675 7.36343 8.71523 7.2983 14.0724 7.47672 6.97647 10.2102 20.8818 14.7449 11.4548 9.5934 10.2348 9.22346 8.04382 7.45195 8.04523
threshold=0 1.405 63.735000000000007 1 -1.885 12.015000000000001 29.780000000000001 4.7071428571428582 32.89500000000001 6.7950000000000008 2 3 6.7650000000000006 38.605000000000011 4 6.7350000000000012 1.8819444444444446 0.68333333333333346 1.5000000000000002 30.405000000000005 0.3978174603174604 5 -0.11499999999999976 29.615000000000006 0.24500000000000013 5.785000000000001 29.855000000000004 10.500000000000002 -0.010000000000000229 6.5000000000000009
decision_type=1 2 2 1 2 2 2 10 2 2 1 1 2 2 1 2 8 10 2 2 10 1 2 2 2 2 2 2 2 2
left_child=2 10 3 4 7 -6 9 -1 -9 -7 11 12 -2 -14 -3 -16 -5 -18 -19 20 -12 22 -22 24 28 -26 -25 -28 -23 -30
right_child=1 14 -4 16 5 6 -8 8 -10 -11 19 -13 13 -15 15 -17 17 18 -20 -21 21 23 -24 26 25 -27 27 -29 29 -31
leaf_value=0.0096684017120833663 -0.029630517436727823 0.00056976690411797751 0.030010448660258423 -0.014002999726921558 -0.0035375716667046075 -0.015498207651695104 0.045088072208786849 -0.037546117074205965 0.011764402481757655 0.019981355901588307 -9.621845781811845e-05 0.012252696697243805 0.010583910073260068 -0.021712232680450361 0.0039274563467817779 -0.024405427621576027 0.0030599717633930613 -0.0016108018283143941 0.024247357212290543 -0.0010380525418288728 0.028819339971969036 0.010838828182271693 -0.010989584090758701 0.042384904374643755 -0.019971071297326459 0.0080806129906081502 0.024651909238129491 -0.0048433476077499454 0.013183636490521206 -0.0050728316372129628
leaf_weight=113.85484988242388 8.74284480512142 50.201738454401493 10.806260176002978 20.774000406265259 548.21383987367153 11.215012274682527 8.217876084148882 7.2650931999087316 6.5563333854079247 10.359017744660376 1576.5444413721561 77.436120048165321 27.048147968947887 8.5019226521253568 12.549260303378103 44.135480985045433 909.86177854239941 13.017662122845648 44.349470093846321 3836.7998008951545 9.1688373833894712 226.72879254817963 96.573526851832867 13.665209144353865 24.66895617544651 22.276522293686867 21.708968631923199 13.493999183177946 32.415579080581665 65.867983177304268
leaf_count=565 42 337 50 105 2455 66 42 41 41 56 7216 395 137 40 90 304 4135 65 203 17725 42 1027 459 63 131 123 101 66 146 309
internal_value=0.000192726 -0.00027905 0.00189062 0.00172237 -0.000880968 -0.0026568 0.0135508 0.00708941 -0.0141552 0.00153771 -0.000120521 0.00693813 -0.00289864 0.00286018 -0.00929545 -0.0154137 0.00355474 0.0039686 0.0183797 -0.000276392 0.00111182 0.0047287 -0.00688653 0.00762963 0.0060169 -0.00666001 0.0214661 0.0133458 0.00784799 0.00094846
internal_weight=7873.02 6168.53 1704.49 1693.68 705.682 578.006 29.7919 127.676 13.8214 21.574 6061.64 121.729 44.2929 35.5501 106.886 56.6847 988.003 967.229 57.3671 5939.91 2103.11 526.568 105.742 420.826 371.958 46.9455 48.8682 35.203 325.012 98.2836
internal_count=36577 28753 7824 7774 3266 2619 164 647 82 122 28022 614 219 177 731 394 4508 4403 268 27408 9683 2467 501 1966 1736 254 230 167 1482 455
cat_boundaries=0 1 2 3 4 5 6
cat_threshold=76802 131 8 3281488 326 13631616
is_linear=0
shrinkage=0.03


Tree=166
num_leaves=31
num_cat=2
split_feature=1 7 29 20 8 25 24 20 11 11 4 9 9 9 7 32 28 29 9 4 8 19 8 26 31 32 11 31 7 24
split_gain=9.18086 8.14668 7.99854 7.71624 15.6264 9.0913 7.60418 7.42812 7.21731 6.66859 6.55137 6.31722 6.84639 6.45961 7.62891 7.54408 10.3907 6.82469 6.99221 11.1123 10.9124 7.37369 6.56389 6.27862 9.18781 6.79688 7.13837 5.98308 5.88268 6.34329
threshold=11.500000000000002 3.0650000000000004 0.090000000000000316 -0.34500000000000014 35.980000000000011 28.888999999999999 33.905000000000008 -0.78999999999999948 34.435000000000009 27.065000000000001 0 7.1750000000000007 7.2750000000000012 6.9150000000000009 5.6850000000000014 -0.038690476190476157 6.7160000000000011 0.055000000000000167 5.2250000000000005 1 34.005000000000003 5.3630000000000013 43.725000000000009 -24.449999999999996 0.37119047619047629 0.042261904761904813 25.940000000000001 0.40888888888888897 6.9450000000000012 41.615000000000002
decision_type=2 2 2 2 2 2 2 2 2 2 1 2 2 2 2 10 2 2 2 1 2 2 2 2 10 10 2 10 2 2
left_child=1 -1 9 6 -5 8 7 -2 -6 11 -4 13 -13 15 -15 28 22 18 21 20 -20 -18 -17 24 -14 26 -25 -7 -3 -30
right_child=3 2 10 4 5 27 -8 -9 -10 -11 -12 12 23 14 -16 16 17 -19 19 -21 -22 -23 -24 25 -26 -27 -28 -29 29 -31
leaf_value=0.010207135534521485 -0.008092688212382626 0.0037298776223416248 0.0045769202088114472 0.044344647090948069 -0.022537534172045969 -0.0052330361436840056 -0.0095906060976724307 0.030203677724268581 0.0027434419770586576 -9.5116559410488597e-05 -0.013257042173765254 -0.022059535429498501 0.02772496471224779 -0.016796208425143278 0.017095062359710228 0.024612345644906719 9.2738100175611789e-05 -0.026130066046390298 -0.02328854942246408 -0.011714113407826767 0.0078563528138540905 0.021791100530919521 -0.0050032804921594266 -0.021182662989603793 -0.010843831503946874 0.011933693733244469 0.008640216347912134 0.0031835430322880694 0.0082003322411320512 -0.024682026582075238
leaf_weight=75.251804322004318 9.3240278512239474 1065.9273107871413 24.136174917221069 6.7557083368301383 30.770486362278461 120.71902506798506 203.07148398458958 8.9183304905891401 15.175523623824118 5545.5880282372236 57.541714869439602 18.077513575553894 13.297673761844637 6.8467854857444754 47.089073993265629 20.464750602841381 79.512293644249439 11.552840627729891 11.92153052985668 106.66661616414785 67.179901659488678 17.132356956601143 10.039638765156267 28.482574000954628 9.5517131239175779 12.416796684265135 9.6777828782796842 205.26715728640556 8.6495554968714732 13.553393468260763
leaf_count=466 42 4821 115 30 160 639 918 41 85 25519 277 87 69 29 233 87 355 61 51 523 327 75 50 142 46 75 46 1055 44 66
internal_value=9.287e-05 0.000387602 0.000284762 -0.00347365 -0.000872825 -0.00169415 -0.0079239 0.0106297 -0.0141875 0.000392091 -0.00904975 0.00212623 -0.0055213 0.00260339 0.0127928 0.00221434 -0.0018005 -0.00352988 -0.00260536 -0.00601014 0.00280752 0.00393924 0.0148652 -0.00144961 0.0116021 -0.00734601 -0.0136193 6.672e-05 0.00341152 -0.0118721
internal_weight=7860.56 7260.56 7185.31 600.002 378.688 371.932 221.314 18.2424 45.946 7103.63 81.6779 1558.04 91.5041 1466.54 53.9359 1412.6 324.47 293.966 282.413 185.768 79.1014 96.6447 30.5044 73.4265 22.8494 50.5772 38.1604 325.986 1088.13 22.2029
internal_count=36534 33564 33098 2970 1969 1939 1001 83 245 32706 392 7187 465 6722 262 6460 1529 1392 1331 901 378 430 137 378 115 263 188 1694 4931 110
cat_boundaries=0 1 2
cat_threshold=6 83
is_linear=0
shrinkage=0.03


Tree=167
num_leaves=31
num_cat=3
split_feature=13 32 20 16 14 29 0 13 4 31 21 31 9 10 10 12 20 8 10 23 23 30 24 29 1 25 0 16 21 27
split_gain=5.73338 11.9956 9.18357 7.71797 7.49112 6.38922 17.3424 11.303 7.67886 12.1182 10.6405 9.1192 8.16733 15.2224 10.297 9.00359 11.0332 8.35073 8.2125 7.75547 7.33263 8.26618 8.76346 7.23762 7.22624 8.5006 7.79616 8.03324 9.90567 7.54709
threshold=58.500000000000007 -0.34186507936507932 -2.6249999999999987 4.2928571428571436 1.0000000180025095e-35 -0.090000000000000288 0 37.500000000000007 1 0.12011904761904764 43.865000000000002 0.36638888888888893 4.9750000000000005 40.390000000000008 31.835000000000004 6.8450000000000006 -1.3299999999999994 39.150000000000013 20.075000000000003 -35.484999999999992 -12.959999999999997 0.61250000000000016 45.105000000000011 -0.11499999999999976 7.5000000000000009 36.457000000000015 2 2.5857142857142863 46.555000000000007 6.8450000000000006
decision_type=2 8 2 10 10 2 1 2 1 10 2 10 2 2 2 2 2 2 2 2 2 10 2 2 2 2 1 10 2 2
left_child=5 2 -2 4 -4 6 7 -1 10 -10 11 23 14 17 15 16 18 -14 19 -11 21 22 -15 -8 25 29 -26 -28 -29 -22
right_child=1 -3 3 -5 -6 -7 8 -9 9 12 -12 -13 13 20 -16 -17 -18 -19 -20 -21 24 -23 -24 -25 26 -27 27 28 -30 -31
leaf_value=-1.3015744244995928e-05 0.017652660917230723 0.011694994187090683 0.010868086605447934 -0.033216194705831918 -0.018653557267913869 -0.00054601190383126222 -0.0081733123241727983 0.010295845177129965 -0.027307357397017139 0.020818475376327174 -0.0097807635095658024 0.029260160398047668 0.0061956370477172125 -0.034146015213823593 -0.027801406011018402 0.0047435428135194132 -0.024818162904260522 0.020825032456607884 0.013672287901958315 -0.016950411192065164 0.028678778316894946 0.0020086089703458525 0.0012284032806116349 0.013484433942999923 -0.0088981424819257957 -0.0073043829392864445 -0.011298668923498094 -0.0039868926172216849 0.036746561787633809 0.0050295912001143825
leaf_weight=145.31835313886404 11.804692588746546 102.02710972726345 14.897596850991251 11.525440752506254 16.091841593384743 6495.4862534552813 38.913274057209492 280.47589085996151 13.202493309974669 5.9468614012002936 161.35416019707918 10.991277657449244 91.336950272321701 17.941137537360195 14.159044474363325 100.66334921121597 25.951479971408844 57.051598563790321 20.973488189280033 27.613337606191635 23.719304829835892 25.305197909474373 9.7163257002830488 21.593097791075706 57.480451568961143 18.542896032333374 10.823272407054899 9.0467722564935702 13.231690123677252 24.887905612587929
leaf_count=659 76 465 71 57 73 30326 172 1279 59 45 740 49 399 76 62 497 109 242 106 139 102 108 42 96 249 80 50 40 56 107
internal_value=-5.59045e-05 0.0056317 -0.00575683 -0.0122567 -0.00446158 -0.000171065 0.00181506 0.00662204 -0.000814552 0.00107912 -0.00528487 0.00412219 0.00177459 0.00446002 -0.00316273 -0.00123691 -0.0087167 0.0118203 -0.00105434 -0.0102578 -0.000723657 -0.0103819 -0.0217187 -0.000444245 0.00251935 0.00997723 -0.0030093 0.0076067 0.0202056 0.0165699
internal_weight=7878.07 156.347 54.3196 42.5149 30.9894 7721.73 1226.24 425.794 800.445 567.594 232.852 71.4976 554.391 359.084 195.308 181.149 80.4852 148.389 54.5337 33.5602 210.695 52.9627 27.6575 60.5064 157.732 67.1501 90.5822 33.1017 22.2785 48.6072
internal_count=36631 742 277 201 144 35889 5563 1938 3625 2568 1057 317 2509 1551 958 896 399 641 290 184 910 226 118 268 684 289 395 146 96 209
cat_boundaries=0 1 2 3
cat_threshold=5470242 392 558865
is_linear=0
shrinkage=0.03


Tree=168
num_leaves=31
num_cat=4
split_feature=5 0 31 0 4 6 24 28 0 25 11 31 12 15 15 29 26 15 25 7 8 24 22 31 30 28 9 16 8 26
split_gain=8.30536 9.27252 8.31467 9.19936 10.4352 12.3299 8.25835 10.0369 8.10315 9.75298 8.32789 9.62323 7.86262 7.73058 9.94374 7.59644 7.51591 12.3974 8.83165 13.239 7.54468 7.29217 6.9593 12.5721 8.66235 7.34895 7.8153 7.20462 8.26315 7.07155
threshold=2.5000000000000004 0 0.22011904761904769 1 2 2.5000000000000004 40.550000000000004 6.6410000000000009 3 43.677000000000014 29.705000000000002 0.16035714285714289 6.8050000000000006 0.81666666666666676 0.70714285714285718 -0.05000000000000026 -24.449999999999996 0.58571428571428574 33.609000000000009 4.535000000000001 30.215000000000003 61.180000000000007 37.551000000000009 0.39345238095238105 0.5277777777777779 6.8490000000000011 6.6550000000000011 3.4365079365079372 52.155000000000008 -1.6399999999999968
decision_type=2 1 10 1 1 2 2 2 1 2 2 8 2 10 10 2 2 8 2 2 2 2 2 8 10 2 2 10 2 2
left_child=8 6 3 -3 5 -5 7 -2 10 -10 11 -1 -11 14 -12 -4 17 18 19 -13 -21 22 -8 27 -25 29 -27 28 -24 -26
right_child=1 2 15 4 -6 -7 21 -9 9 12 13 16 -14 -15 -16 -17 -18 -19 -20 20 -22 -23 23 24 25 26 -28 -29 -30 -31
leaf_value=0.02126094433802744 0.033435784379446665 0.0029751077780769395 0.002607247952661772 0.022990572736607102 -0.011550148018056615 -0.0039235194015349974 0.0067748248913789451 -0.00015188046629960693 -0.0021389212799768878 -0.032648552438622816 -0.0012504740817882987 -0.034661569843956373 0.0019337161426732437 -0.027867353350682831 0.016591180216291291 -0.00098532134109508181 0.0049819723077715377 -0.026083285418315033 0.0091219456360560822 0.024832515942067642 -0.0062602919988797292 -0.0054495861986573746 -0.025862248043454161 0.028371363310203623 -0.0052851248273372746 0.0028073271841653571 0.029800580434253071 0.0028293624602667555 0.0040922894615228146 0.018890179701369969
leaf_weight=26.539374299347401 8.0977028310298902 114.23740433901548 880.92738249152899 18.085633262991905 172.19872997701168 100.15927554666996 643.48994165658951 716.70881510525942 2008.229456178844 16.992669731378559 1021.2535463124514 12.857501603662966 9.078099459409712 9.5541415587067586 28.909829549491405 1328.6555014923215 349.94836735725403 18.693916566669941 53.226797118782997 8.7757274061441404 35.180011883378029 61.655222438275814 30.826642423868179 13.485829442739485 74.953050427138805 23.844259150326252 16.22002474963665 23.827263087034225 11.336164966225622 12.740682601928709
leaf_count=129 35 544 3984 89 806 463 2916 3282 9537 81 4782 63 41 54 153 6167 1634 94 247 40 156 280 137 63 346 109 72 112 55 58
internal_value=-6.15961e-05 0.000836212 -0.000276015 -0.00423044 -0.00692842 0.000177958 0.00259804 0.000223369 -0.00112209 -0.00236398 0.000504141 0.00367689 -0.0206067 -0.00100371 -0.000759313 0.000446982 0.00270198 -0.00349591 0.000341303 -0.00788504 -5.26383e-05 0.00451298 0.00523501 0.000453663 0.00550434 0.00309055 0.0137355 -0.0103567 -0.0178085 -0.00177279
internal_weight=7850.69 4251.45 2614.26 404.681 290.444 118.245 1637.19 724.807 3599.24 2034.3 1564.94 505.222 26.0708 1059.72 1050.16 2209.58 478.682 128.734 110.04 56.8132 43.9557 912.379 850.724 207.234 141.244 127.758 40.0643 65.9901 42.1628 87.6937
internal_count=36529 19518 12053 1902 1358 552 7465 3317 17011 9659 7352 2363 122 4989 4935 10151 2234 600 506 259 196 4148 3868 952 648 585 181 304 192 404
cat_boundaries=0 1 2 3 4
cat_threshold=1912002 135208 19 14700827
is_linear=0
shrinkage=0.03


Tree=169
num_leaves=31
num_cat=4
split_feature=0 12 0 4 7 13 14 8 7 25 26 5 32 7 18 7 19 16 16 7 7 7 18 21 4 26 26 20 21 20
split_gain=6.0962 8.04954 8.5252 13.8832 8.54457 8.09429 8.18192 7.96128 7.81781 7.76431 7.70451 9.00347 8.02213 8.49617 7.4054 7.36904 8.41699 7.20855 6.99079 7.70575 6.89179 6.70692 6.34965 9.89639 13.6804 11.2639 8.30426 7.34927 7.08082 9.64759
threshold=0 6.7950000000000008 1 2 7.4450000000000012 55.500000000000007 0.21111111111111114 63.605000000000011 7.1050000000000013 34.269000000000013 -5.4899999999999993 4.5000000000000009 -0.30456349206349204 4.3950000000000005 7.5850000000000009 7.2650000000000006 7.0610000000000008 2.683333333333334 4.5277777777777786 4.4150000000000009 6.8150000000000004 5.9850000000000012 4.995000000000001 28.445000000000004 3 -7.5200000000000005 -16.089999999999996 0.1000000000000001 33.865000000000002 0.505
decision_type=1 2 1 1 2 2 10 2 2 2 2 2 8 2 2 2 2 8 10 2 2 2 2 2 1 2 2 2 2 2
left_child=1 5 14 20 9 7 -7 8 -1 -5 12 17 21 -14 18 16 -10 -12 -3 -20 -4 -11 23 24 27 26 -26 -2 29 -24
right_child=22 2 3 4 -6 6 -8 -9 15 10 11 -13 13 -15 -16 -17 -18 -19 19 -21 -22 -23 28 -25 25 -27 -28 -29 -30 -31
leaf_value=-0.00015120280068660984 -0.026211009488035158 0.0053336159586423364 0.0080083507274043859 0.0020789628856656295 -0.024328909159902108 0.004060602327843478 0.025543710396509479 0.023517868443824582 -0.020203464866231247 0.0015338700313333575 0.0051602477226531697 0.011898165423973451 0.02118409845727609 -0.0072626771581858528 -0.010420923046678845 -0.0018577584488915419 0.013173438089093437 -0.022974519806275594 0.0079542492661250006 0.03665274469279739 0.03143571851913609 0.023461378940801247 0.010685973480416524 -0.015450581986921438 0.01451250344217947 0.030963380170285305 -0.022533450293562008 -0.0029472227770838957 -0.00063784434551007003 -0.0052351435589508746
leaf_weight=1922.022650256753 19.288025811314583 567.53849770873785 114.0152985304594 442.05021741986275 13.685539521276949 91.543652079999447 19.323084980249405 12.332492582499979 50.046717762947083 47.736713655292988 9.9599926024675351 10.813986927270888 10.135539919137953 139.56403234601021 25.316605880856514 87.01032143086195 7.8691784888505927 46.277886211872101 21.766352854669094 13.73342628777027 12.544722050428389 17.0338334441185 111.33775348961353 65.371666856110096 13.558397293090822 18.976143069565296 9.1014541611075384 33.358723908662796 3840.830628849566 49.476094603538513
leaf_count=8885 82 2607 527 2032 73 429 86 72 269 238 49 48 49 631 119 480 35 208 133 65 59 75 482 320 65 94 44 186 17756 293
internal_value=0.000174136 0.00106156 0.00276376 0.000783106 -0.000833896 -9.33146e-05 0.00780492 -0.000514446 -0.000657835 -0.000401039 -0.00429518 -0.0131711 -0.0015202 -0.00533666 0.0053884 -0.00737684 -0.0156685 -0.0179917 0.00614146 0.0190565 0.00957401 0.00730053 -0.000612225 -0.00648062 -0.000261231 0.0112178 -0.000367208 -0.00963935 -0.000379622 0.00578767
internal_weight=7843.62 3682.32 1492.17 863.818 737.258 2190.15 110.867 2079.28 2066.95 723.572 281.522 67.0519 214.47 149.7 628.355 144.926 57.9159 56.2379 603.038 35.4998 126.56 64.7705 4161.3 159.654 94.2827 41.636 22.6599 52.6467 4001.64 160.814
internal_count=36491 17169 6913 3989 3403 10256 515 9741 9669 3330 1298 305 993 680 2924 784 304 257 2805 198 586 313 19322 791 471 203 109 268 18531 775
cat_boundaries=0 1 2 3 4
cat_threshold=5246931 4195666 80 185
is_linear=0
shrinkage=0.03


Tree=170
num_leaves=31
num_cat=4
split_feature=1 0 0 29 18 21 26 11 25 13 21 29 22 16 21 12 1 26 24 4 8 29 2 23 8 22 26 9 27 0
split_gain=7.00408 12.392 9.94705 10.4521 9.22648 9.189 9.69629 8.09177 10.0508 7.67815 7.63439 8.87735 7.44586 10.9454 12.5046 9.20407 8.06635 7.39596 7.20818 8.69588 8.94402 8.58901 7.87337 7.94722 9.17508 15.4539 8.4357 7.74037 11.2039 9.29052
threshold=6.5000000000000009 0 1 0.10999999999999989 4.8250000000000011 29.645000000000003 -1.0000000180025095e-35 33.82500000000001 22.516000000000005 30.500000000000004 25.460000000000004 -0.029999999999999801 42.938000000000009 3.3166666666666669 53.915000000000006 6.995000000000001 10.500000000000002 -33.314999999999991 41.340000000000011 2 60.065000000000005 -0.029999999999999801 1500.0000000000002 -5.7849999999999993 37.545000000000009 30.509000000000004 -30.304999999999996 5.0450000000000008 6.785000000000001 3
decision_type=2 1 1 2 2 2 2 2 2 2 2 2 2 10 2 2 2 2 2 1 2 2 2 2 2 2 2 2 2 1
left_child=2 7 3 4 -1 6 10 9 -9 17 -3 -12 15 14 -14 -11 -15 -2 -7 27 22 -22 -21 24 -24 -26 -25 29 -29 -20
right_child=1 5 -4 -5 -6 18 -8 8 -10 12 11 -13 13 16 -16 -17 -18 -19 19 20 21 -23 23 26 25 -27 -28 28 -30 -31
leaf_value=-0.0085146628712963225 0.017310596532450064 -0.0020116330039707405 -0.0002036496806783982 -0.025326528108223202 0.0035229141013073473 -0.0015601571794903134 -0.015829052350702272 0.021162686197436855 -0.006857686563573431 3.459750623380426e-05 0.011858577107688062 0.046701043987948818 0.038920361782451951 0.0098233316916505435 0.0067532253737634489 -0.019665703332328335 -0.030020422983898537 -0.011022695932886888 -0.0024391538054132247 0.021504123439671129 0.00069430196512437672 0.045766225849595922 -0.0033935974414639703 -0.023589335092067069 0.039248788593754191 0.0034453311292303736 -0.0046499913432479275 -0.0065267117150142849 0.0037506673832941907 0.011789442162097515
leaf_weight=59.510375343263149 9.0937114506959897 9.8379999622702581 2331.2226197049022 11.745298676192759 1547.0948844403028 1245.935109809041 8.0708337128162366 11.793893247842787 498.06561978906393 406.83507333695889 13.407553553581236 12.926217153668405 15.827891483902929 9.0717378556728381 34.767651759088039 22.52582985162735 9.2213949337601644 94.014539964497089 56.795091547071934 12.8372870311141 8.2546548396348935 7.0593015998601905 216.42360968887806 23.536429822444916 11.79736217856407 135.11806672811508 210.13704834133387 116.86843989044428 521.28449410945177 157.6297869309783
leaf_count=316 42 50 10788 54 7139 5765 42 58 2383 1916 60 62 77 40 166 98 44 451 257 57 42 42 965 115 51 611 1053 532 2394 741
internal_value=0.000166345 -0.000739094 0.00105564 0.00285326 0.00307703 0.000339687 0.0139033 -0.00339869 -0.00620953 -0.00107204 0.0205373 0.0289614 0.000470035 0.00962576 0.0168161 -0.000998952 -0.0102615 -0.00852382 0.000120611 0.00153772 -0.00115463 0.0214712 -0.00174172 -0.00224156 0.000534223 0.00632036 -0.00655763 0.0034846 0.00186851 0.00845675
internal_weight=7828.71 3879.14 3949.57 1618.35 1606.61 2767.92 44.2426 1111.22 509.86 601.358 36.1718 26.3338 498.25 68.8887 50.5955 429.361 18.2931 103.108 2723.68 1477.74 625.164 15.314 609.85 597.013 363.339 146.915 233.673 852.578 638.153 214.425
internal_count=36411 18114 18297 7509 7455 12839 214 5275 2441 2834 172 122 2341 327 243 2014 84 493 12625 6860 2936 84 2852 2795 1627 662 1168 3924 2926 998
cat_boundaries=0 1 2 3 4
cat_threshold=9748504 9745034 334 6821952
is_linear=0
shrinkage=0.03


Tree=171
num_leaves=31
num_cat=0
split_feature=29 26 12 7 31 18 13 16 26 11 20 16 10 31 16 31 30 25 25 25 18 26 11 31 18 18 12 20 12 25
split_gain=5.47115 8.06922 7.97986 5.56844 6.98681 8.64701 5.76514 13.7248 6.76199 8.39579 12.2973 8.52319 6.4518 6.23965 8.31227 7.76625 6.05968 6.18966 6.37682 5.67472 5.41904 5.53312 7.29491 7.15564 10.3097 7.17542 8.61972 7.77804 11.7392 8.73699
threshold=-0.18000000000000013 -23.664999999999996 7.1450000000000005 3.0650000000000004 0.297936507936508 6.1950000000000012 23.500000000000004 4.4722222222222232 -29.814999999999994 31.675000000000004 -2.5849999999999986 3.7638888888888893 10.890000000000002 0.28668650793650802 3.1547619047619051 0.2244444444444445 0.38750000000000007 36.275000000000006 34.955000000000005 33.119000000000014 4.2950000000000008 7.7450000000000019 51.770000000000003 0.27730158730158738 6.6850000000000014 6.3650000000000011 6.7750000000000012 -0.88000000000000023 6.9050000000000011 25.881000000000004
decision_type=2 2 2 2 10 2 2 8 2 2 2 10 2 10 10 10 10 2 2 2 2 2 2 8 2 2 2 2 2 2
left_child=1 -1 -3 4 -2 -6 7 8 -5 10 -10 13 -9 15 19 -12 -11 18 -18 -15 -8 -22 23 24 -23 26 -25 28 29 -27
right_child=3 2 -4 6 5 -7 20 12 9 16 11 -13 -14 14 -16 -17 17 -19 -20 -21 21 22 -24 25 -26 27 -28 -29 -30 -31
leaf_value=0.024192717841308053 0.016357329246874407 0.0066073230212777279 -0.015285641539176578 0.019848472777530404 -0.02720151276254211 0.0077863243905442478 -0.01610297661519379 -0.039550345848894622 0.021418675026737739 0.023112853337786936 -0.026465970925025315 0.0032888772242237064 -0.0087601738635815097 0.00084488602660439847 -0.045335110659686637 0.006454149286482469 -0.00051072751362980806 0.012830427322246828 -0.023335384382336205 -0.031764622580272545 0.00046846222858527257 -0.022200384813821833 0.00178694032298593 -0.0087700981583855881 0.010481489515640381 -0.017869072376465355 0.019950758320575402 -0.018018105511676399 -0.02934696082569338 0.01184125499849641
leaf_weight=19.359445236623287 42.175590246915817 98.307986915111542 17.678592897951603 11.989733599126337 8.9878527969121951 21.721349664032459 18.196412101387978 13.560011699795725 9.7996237576007825 11.077582344412802 11.962499648332598 18.994831189513206 11.170488029718397 9.6971454322338122 14.600864559412001 13.994936391711233 65.483855180442333 24.821882903575897 13.244474008679388 9.5159441977739316 7033.1912380456924 46.635245747864246 139.13211812824011 16.566288508474827 10.675801277160643 11.541149377822874 21.754590213298798 39.900883264839649 10.833755493164061 39.047572955489159
leaf_count=93 240 458 80 55 54 157 94 70 51 50 55 82 52 43 62 62 295 110 60 43 32605 227 653 81 48 50 103 202 47 169
internal_value=0.000283714 0.00626307 0.00327041 0.000178616 0.00843147 -0.00245378 9.97549e-05 -0.00447701 -0.00204448 -0.0033363 -0.0102739 -0.0142169 -0.0256428 -0.0197801 -0.0282726 -0.00871711 0.00202395 -0.000232099 -0.00435052 -0.0153061 0.000248389 0.000288764 -0.00347172 -0.00718652 -0.0161125 -0.00352325 0.0075346 -0.00770537 -0.00100607 0.00506324
internal_weight=7835.62 135.346 115.987 7700.27 72.8848 30.7092 7627.39 239.914 215.183 203.194 88.5658 78.7662 24.7305 59.7714 33.814 25.9574 114.628 103.55 78.7283 19.2131 7387.48 7369.28 336.087 196.955 57.311 139.644 38.3209 101.323 61.4225 50.5887
internal_count=36451 631 538 35820 451 211 35369 1090 968 913 398 347 122 265 148 117 515 465 355 86 34279 34185 1580 927 275 652 184 468 266 219
is_linear=0
shrinkage=0.03


Tree=172
num_leaves=31
num_cat=4
split_feature=16 29 0 7 20 24 23 23 24 0 10 24 25 32 9 10 15 19 30 0 29 25 13 0 6 26 6 10 16 14
split_gain=6.39229 7.6794 6.64378 9.78859 17.675 9.38308 8.81347 12.2602 12.2456 9.48941 8.5868 8.32568 8.0016 7.2055 8.17748 7.00749 9.12512 7.97919 9.22786 8.09431 6.99885 6.32994 6.06053 9.46913 10.5865 9.53219 6.8346 5.98756 10.3143 7.08757
threshold=2.4722222222222228 -0.19499999999999981 0 6.7550000000000008 0.30000000000000032 30.030000000000005 -11.099999999999998 -8.7449999999999992 41.545000000000009 1 23.830000000000002 42.655000000000008 32.091000000000015 -0.066666666666666666 7.6350000000000007 37.050000000000004 0.68333333333333346 4.8130000000000015 0.43650793650793657 2 -0.029999999999999801 27.079000000000004 23.500000000000004 3 2.5000000000000004 -16.424999999999994 2.5000000000000004 11.215000000000002 3.2111111111111117 0.15476190476190479
decision_type=8 2 1 2 2 2 2 2 2 1 2 2 2 10 2 2 10 2 10 1 2 2 2 1 2 2 2 2 10 8
left_child=2 21 -1 5 6 -4 11 -8 20 -10 -6 -5 -12 -7 15 17 -17 18 -15 -19 -9 -2 23 26 -25 -26 27 29 -29 -3
right_child=1 22 3 4 10 13 7 8 9 -11 12 -13 -14 14 -16 16 -18 19 -20 -21 -22 -23 -24 24 25 -27 -28 28 -30 -31
leaf_value=-0.0055224720542249982 -0.014624336213393596 -0.036429486012292775 0.017270440163111647 -0.024167529000767889 -0.029506056901199368 -0.012509225047825158 0.050270225154546468 0.044058827410059731 0.015035877368677153 -0.0071246120614849211 -0.013730676347320015 0.015206116431491008 0.0041431839911854375 -0.0055755900174419767 0.026512845480275792 0.002225953355891225 -0.012175339535850281 0.010603150639158026 0.035312462911651486 -0.0089006855326349034 0.015077034594571421 0.012187868776989278 0.00045292260181332056 0.009369639544867199 0.014008437673115036 -0.012574396746604108 -0.0025637247638213472 -0.029787787719869993 0.0052357492640130628 -0.0049175654873631607
leaf_weight=340.41245138645172 8.8521022424101812 22.016536332666877 18.703197225928307 10.042492419481279 10.380525603890417 78.643551677465439 9.0197955071926099 14.125053361058237 24.251535147428513 28.071798264980316 31.566396079957485 9.3181233853101713 78.8431606143713 7.9629422947764423 8.666548900306223 64.302756763994694 103.07052220404148 22.02778397500515 13.206398136913775 38.169891551136971 15.987140253186224 75.631470590829849 6555.7317415997386 70.669377997517586 15.407154306769369 57.258213356137276 45.000205099582672 12.563119612634184 19.032086700201035 9.0701808482408506
leaf_count=1768 42 107 88 49 57 359 42 65 122 136 195 44 475 42 46 317 522 101 64 175 86 357 30031 341 77 271 206 58 85 41
internal_value=7.47428e-05 0.000389329 -0.00226444 -0.000274119 0.00451841 -0.00341072 0.0131709 0.0170636 0.0134302 0.00465863 -0.00341961 -0.00521728 -0.000967002 -0.00456174 -0.00213361 -0.0031317 -0.00664254 0.00409014 0.0199322 -0.00148095 0.0286718 0.00937851 0.000277758 -0.00429698 0.00103036 -0.00693807 -0.010508 -0.0178877 -0.00869057 -0.0272352
internal_weight=7818 6891.23 926.772 586.36 231.606 354.754 110.816 91.4553 82.4355 52.3233 120.79 19.3606 110.41 336.05 257.407 248.74 167.373 81.367 21.1693 60.1977 30.1122 84.4836 6806.75 251.017 143.335 72.6654 107.682 62.6819 31.5952 31.0867
internal_count=36369 31616 4753 2985 1271 1714 544 451 409 258 727 93 670 1626 1267 1221 839 382 106 276 151 399 31217 1186 689 348 497 291 143 148
cat_boundaries=0 1 2 3 4
cat_threshold=16056865 47488 16794 9328002
is_linear=0
shrinkage=0.03


Tree=173
num_leaves=31
num_cat=3
split_feature=29 32 16 32 15 19 0 20 8 16 0 15 31 19 8 23 31 12 19 26 31 16 11 8 27 9 0 27 28 23
split_gain=7.61384 7.48319 6.97918 6.74329 8.07234 10.8749 7.97795 11.2485 8.50484 7.61629 7.42058 6.38734 6.12648 7.23619 15.1484 16.4895 7.68269 6.99327 6.28347 5.87098 6.80752 6.30186 8.39992 8.34611 10.4649 16.7274 8.83154 11.0283 8.9435 8.14961
threshold=1.0000000180025095e-35 0.39444444444444454 1.9500000000000002 0.19543650793650794 0.61250000000000016 6.7549999999999999 0 0.99500000000000022 41.95000000000001 2.4365079365079372 1 0.13392857142857145 0.14083333333333337 4.301000000000001 46.235000000000007 -1.7099999999999989 0.20666666666666669 6.785000000000001 4.4810000000000016 5.7300000000000013 0.19869047619047622 2.683333333333334 44.215000000000011 27.965000000000003 6.8650000000000011 4.7550000000000008 2 6.9850000000000012 6.7390000000000017 11.570000000000004
decision_type=2 10 10 10 10 2 1 2 2 10 1 8 8 2 2 2 10 2 2 2 10 10 2 2 2 2 1 2 2 2
left_child=-1 3 -3 4 10 9 8 -8 -5 -6 11 -2 -13 14 15 16 -14 -18 -15 21 -21 -12 23 24 -23 -26 27 28 -25 -30
right_child=1 2 -4 6 5 -7 7 -9 -10 -11 19 12 13 18 -16 -17 17 -19 -20 20 -22 22 -24 26 25 -27 -28 -29 29 -31
leaf_value=0.00057318446688004907 0.0033273062239846849 -0.0004273483899035852 0.036785233260521966 -0.032773445155697717 0.00010467519319466409 0.034315528724200163 0.006089373947249014 -0.029691543148065644 -0.009363037867307895 0.02352243869098675 -0.0064078709975865294 -0.025617472721526677 0.016216848227166476 -0.019003636302301889 -0.030383155995087379 0.034472228831403537 0.0022830475392116635 -0.031173075765992622 -0.0052609385006249102 0.016924677018822974 -0.012016536834532627 -0.011616272094898857 0.013859543661673759 -0.0018918060678739393 0.011050120651147691 -0.015390307602782266 -0.00047160810513538942 -0.014197475278787572 0.012493225809521558 0.041691935801733637
leaf_weight=6062.3295873776078 86.871835134923458 9.4070966616272944 8.7597378194332105 21.492369949817657 92.459928065538406 11.220842465758322 50.312555007636547 9.3819049522280675 39.886325560510159 14.453541129827498 99.228575758635998 13.162591457366942 14.887565866112707 31.891720540821552 9.5698796212673169 17.623043783009052 13.769945055246355 9.5041104555129987 490.07967864722013 8.3297951072454435 60.02586055546999 94.11246196180582 47.433794930577278 38.385326482355595 65.799452967941761 32.010690614581108 282.2804222330451 17.630371414124966 115.84814530611038 9.293167017400263
leaf_count=27811 397 62 57 111 508 58 270 70 262 73 505 71 65 158 69 101 60 42 2358 40 280 424 218 176 311 138 1289 84 528 55
internal_value=6.2841e-05 -0.00164166 0.0175159 -0.00183535 -0.00134138 0.00621928 -0.00867267 0.000399009 -0.0151003 0.0032705 -0.00191476 -0.00421467 -0.00537594 -0.00492231 0.00448839 0.0104706 -0.000613326 -0.011379 -0.0061006 -4.94725e-05 -0.00848977 0.00066927 0.0016685 0.000786137 -0.00447471 0.00239686 0.0029648 0.00790891 0.0107759 0.0146616
internal_weight=7877.44 1815.11 18.1668 1796.95 1675.87 118.134 121.073 59.6945 61.3787 106.913 1557.74 687.36 600.489 587.326 65.3545 55.7847 38.1616 23.2741 521.971 870.378 68.3557 802.022 702.794 655.36 191.923 97.8101 463.437 181.157 163.527 125.141
internal_count=36651 8840 119 8721 8008 639 713 340 373 581 7369 3321 2924 2853 337 268 167 102 2516 4048 320 3728 3223 3005 873 449 2132 843 759 583
cat_boundaries=0 1 2 3
cat_threshold=16450449 10361256 82449
is_linear=0
shrinkage=0.03


Tree=174
num_leaves=31
num_cat=5
split_feature=4 16 29 0 19 14 0 6 5 23 11 2 19 0 25 15 13 31 19 16 13 26 31 5 12 27 11 0 11 7
split_gain=6.3028 11.1266 10.3027 11.986 8.66947 7.57286 9.67845 8.16252 7.41786 8.31492 7.03277 6.84576 7.93383 7.13111 11.3818 11.246 9.45417 6.70733 15.3629 6.28284 6.52512 6.13645 7.89125 7.32249 6.10677 6.01658 10.2286 6.74616 6.60129 6.18088
threshold=0 4.6458333333333348 0.039999999999999598 1 7.1420000000000003 1.0000000180025095e-35 2 1.5000000000000002 1.5000000000000002 -22.294999999999991 27.175000000000004 1500.0000000000002 5.5110000000000019 3 14.254000000000003 0.10555555555555557 33.500000000000007 0.52682539682539697 6.9450000000000012 5.354166666666667 23.500000000000004 -14.864999999999998 0.46273809523809523 6.5000000000000009 6.7950000000000008 6.9850000000000012 41.190000000000005 4 29.775000000000002 4.5550000000000006
decision_type=1 8 2 1 2 10 1 2 2 2 2 2 2 1 2 10 2 10 2 10 2 2 10 2 2 2 2 1 2 2
left_child=2 4 11 8 -2 6 -3 -7 -4 -10 -11 12 24 15 -15 16 -13 -16 -19 20 -8 22 -17 -23 -1 26 27 -18 -29 -30
right_child=1 5 3 -5 -6 7 19 -9 9 10 -12 13 -14 14 17 21 25 18 -20 -21 -22 23 -24 -25 -26 -27 -28 28 29 -31
leaf_value=0.034042418563317189 0.00047738250608058997 -0.00087180493460283285 -0.01411068754588813 -0.011960077102423541 -0.0098353463099428318 -0.02411610728363079 -0.0053796928017581401 0.0068080692446363337 -0.013073750556521886 0.028351046186054111 0.0047584685370270809 -0.022825971618558902 -0.0035648258001823954 0.014718839686910616 -0.00028785771991111871 -0.0037556025524162532 0.0027324209885504708 0.01864877631314265 -0.020816201377428963 -0.0095559267719881706 0.017504988399572673 -0.00043608085403275412 -0.021652395809107852 0.024675080781403035 0.0039776858404299165 0.012900711178843751 0.01547339707470052 -0.0072812096301409874 -0.046105610455432003 -0.018436312436463941
leaf_weight=15.304723627865316 4771.6200057640672 72.629348538815975 23.733618959784508 149.85581909865141 74.51039519906044 13.897882409393789 12.342642307281492 17.175591453909874 19.045893758535385 13.937570370733736 61.764216743409634 40.093842715024948 18.921171277761459 50.174709737300873 1253.2146851196885 193.94200985878706 23.459523975849152 42.969876788556576 11.189236402511595 9.7247939705848676 122.57506667822599 708.05741114169359 25.036094099283218 10.607817381620405 10.088699139654635 13.680901788175104 13.497654840350149 19.293330378830433 12.305851288139822 17.741586931049824
leaf_count=68 22051 381 124 750 337 68 70 87 82 71 315 204 83 235 5830 875 117 210 53 55 619 3234 116 47 46 63 62 92 60 80
internal_value=1.06395e-05 0.000634959 -0.00114496 -0.00673309 0.000318822 0.00682952 0.00881066 -0.00702304 0.000818398 0.0046444 0.00910213 -0.000544832 0.0111405 -0.000757471 0.000691883 -0.00256577 -0.0105184 0.000158846 0.0104953 0.0128448 0.0154114 -0.0014051 -0.00580177 -6.5429e-05 0.0220978 -0.00558282 -0.00851303 -0.0129603 -0.0174406 -0.0297682
internal_weight=7842.39 5094.48 2747.92 268.337 4846.13 248.345 217.272 31.0735 118.481 94.7477 75.7018 2479.58 44.3146 2435.26 1357.55 1077.72 140.073 1307.37 54.1591 144.643 134.918 937.643 218.978 718.665 25.3934 99.9788 86.2979 72.8003 49.3408 30.0474
internal_count=36485 23668 12817 1342 22388 1280 1125 155 592 468 386 11475 197 11278 6328 4950 678 6093 263 744 689 4272 991 3281 114 474 411 349 232 140
cat_boundaries=0 1 2 3 4 5
cat_threshold=49 11633111 5381704 2461254 67072
is_linear=0
shrinkage=0.03


Tree=175
num_leaves=31
num_cat=4
split_feature=25 16 11 13 0 4 31 25 22 31 31 25 16 25 29 0 29 7 13 21 14 21 1 4 16 22 13 20 25 15
split_gain=6.99349 7.62416 7.56643 9.44644 9.34805 13.5062 8.64024 8.4102 8.16615 8.12688 11.6192 7.75836 9.3513 8.51213 7.83917 7.68669 14.8143 10.645 11.532 9.98988 8.64066 14.0876 8.23423 10.7023 13.9484 12.7066 8.83444 8.03639 11.2379 8.00693
threshold=37.381000000000007 4.6125000000000007 33.535000000000004 61.500000000000007 0 1 0.61222222222222233 36.779000000000011 32.967000000000006 0.39539682539682547 0.38230158730158742 34.845000000000013 2.5277777777777781 34.305000000000014 -0.020000000000000014 2 -0.13000000000000031 2.7750000000000004 23.500000000000004 54.885000000000012 0.2678571428571429 54.360000000000007 7.5000000000000009 3 2.5634920634920637 34.82500000000001 36.500000000000007 -1.1199999999999994 32.043000000000006 0.5277777777777779
decision_type=2 10 2 2 1 1 8 2 2 10 8 2 8 2 2 1 2 2 2 2 10 2 2 1 10 2 2 2 2 10
left_child=2 -2 3 15 5 7 -7 9 11 10 -4 13 -13 -6 -15 22 -17 -18 -19 20 29 27 23 24 -1 26 -26 28 -22 -20
right_child=1 -3 4 -5 8 6 -8 -9 -10 -11 -12 12 -14 14 -16 16 17 18 19 -21 21 -23 -24 -25 25 -27 -28 -29 -30 -31
leaf_value=0.038147859128347603 0.0017239784056850432 0.014109471713209896 -0.0032066343763723099 0.019970685834373971 -0.0050989183706809877 0.0038991420331082305 -0.020272242492249421 -0.016616448518801931 -0.00056825993626239335 0.0043630492255251827 -0.032477326541312947 -0.017737682318591436 0.0015581630012553576 -0.024219922940073517 -0.0033218697673671007 0.011051176802604496 0.029724039172139876 -0.014272472894083996 0.00066775262776998202 -0.0063759852646659869 0.024045171397476781 0.03389347556408874 -0.00054117020538673941 0.0019275186123999205 -0.0049774785773486485 0.02162859091288228 0.0090642938001530542 -0.0071523648750569848 -0.0089110493847867536 0.012510567105827772
leaf_weight=14.435119606554506 1196.3616850152612 46.468354471027851 354.27644950896502 22.740424118936062 661.51881213486195 694.29178366065025 13.56973611563444 37.509834453463554 880.28435544669628 136.3323033452034 12.640923671424387 24.878150053322315 247.28753441572189 42.190143078565598 26.178683623671532 89.492811970412731 9.7802386805415136 62.818676076829433 929.0380877405405 273.70925018936396 18.770686164498329 8.4417826980352384 684.43593923002481 787.47088748961687 63.04915077239275 46.625114932656288 111.88600213825703 275.05184045433998 18.480412408709526 54.38849800080061
leaf_count=68 5521 249 1641 110 3094 3218 64 171 4111 637 60 134 1132 192 129 413 65 286 4217 1271 79 38 3159 3619 284 224 517 1448 78 267
internal_value=0.000122603 0.00218706 -0.000266058 0.000698611 -0.00133538 0.000680919 0.00338791 -0.00285975 -0.00266233 -0.00189122 -0.00421506 -0.0045285 -0.000205634 -0.00614044 -0.016218 0.000571502 -0.000831854 -0.00148122 -0.00166723 -0.00116539 -7.18362e-05 -0.00434765 0.0019944 0.00370954 0.00918491 0.00771247 0.00400344 -0.00538133 0.00769546 0.00132272
internal_weight=7844.4 1242.83 6601.57 3470.61 3130.96 1248.62 707.862 540.76 1882.34 503.25 366.917 1002.05 272.166 729.888 68.3688 3447.87 1739.97 1650.48 1640.7 1577.88 1304.17 320.745 1707.9 1023.47 235.995 221.56 174.935 312.303 37.2511 983.427
internal_count=36496 5770 30726 16143 14583 5791 3282 2509 8792 2338 1701 4681 1266 3415 321 16033 8162 7749 7684 7398 6127 1643 7871 4712 1093 1025 801 1605 157 4484
cat_boundaries=0 1 2 3 4
cat_threshold=5572747 41 2159230 72
is_linear=0
shrinkage=0.03


Tree=176
num_leaves=31
num_cat=5
split_feature=8 13 0 25 0 5 11 32 13 0 10 0 0 8 13 10 22 9 19 9 25 7 8 18 6 6 24 20 5 5
split_gain=5.24778 4.94518 13.6559 10.909 10.8304 12.1273 10.0073 10.8293 14.3561 11.148 9.47113 9.29167 8.59097 9.12089 7.47216 6.75331 9.79706 7.55297 6.7653 7.81329 6.5983 6.55076 7.48802 13.1039 8.05668 7.32312 7.15717 8.89756 8.69783 10.9517
threshold=7.5400000000000009 37.500000000000007 0 39.51100000000001 1 5.5000000000000009 15.850000000000001 -0.29583333333333323 29.500000000000004 2 27.600000000000005 3 4 11.600000000000001 32.500000000000007 4.0400000000000009 36.277000000000008 2.7550000000000003 3.4550000000000005 4.5650000000000004 41.555 6.0950000000000006 19.600000000000005 5.2350000000000012 1.0000000180025095e-35 2.5000000000000004 45.32500000000001 -2.6249999999999987 3.5000000000000004 2.5000000000000004
decision_type=2 2 1 2 1 2 2 8 2 1 2 1 1 2 2 2 2 2 2 2 2 2 2 2 2 2 2 2 2 2
left_child=-1 2 -2 6 14 -6 7 8 -4 -9 -11 -3 13 -8 20 16 17 -14 19 -17 -5 22 23 -20 -24 -23 28 -28 29 -25
right_child=1 11 3 4 5 -7 12 9 -10 10 -12 -13 15 -15 -16 18 -18 -19 21 -21 -22 25 24 26 -26 -27 27 -29 -30 -31
leaf_value=0.009312174624291002 -0.0040342205330009071 0.0022500110408737355 -0.02190705558756216 0.019799061859131634 -0.0061230958172496354 0.029177474531043645 -0.025956008466130307 0.021601418047154194 0.010221708029394363 0.023985174536901067 -0.0096638906904329847 -0.00046079463437472245 -0.0012287720217934181 0.002896296356501799 0.029038959361671383 0.003125415422014412 -0.022735008656074182 -0.027444788404007336 0.029158820298644011 -0.032988019511590048 -0.0029558923550547507 -0.0068710547334029145 -0.01156058460740007 -0.00033021894126804518 0.0025098574413117331 0.001097666564443885 -0.0053559088118591679 -0.041227979299961068 0.011743835474863417 -0.034219323914964954
leaf_weight=55.468511410057545 872.3216397613287 1939.2450969442725 21.649245411157608 25.817226633429527 61.858588084578514 10.203484348952768 10.038370206952093 48.300470665097237 29.67187213152647 10.190170198678969 28.820188425481319 2731.325205527246 96.505695700645447 557.9247864857316 29.290437564253807 9.3211728557944316 32.396737851202488 11.020126551389692 7.9182302355766288 12.79066578298807 20.636288583278656 280.07388333231211 38.83311416208744 21.692841082811356 644.25341978669167 164.90169656276703 11.608823634684088 13.413369476795195 18.153299443423748 14.200436815619467
leaf_count=360 4135 8984 100 118 279 46 53 225 135 44 144 12608 445 2547 138 41 158 48 34 67 95 1502 170 100 2788 791 64 60 95 68
internal_value=0.000117383 5.17804e-05 -0.000876368 0.000374486 0.00825181 -0.000987718 -0.000182496 0.00760501 -0.00333146 0.0140334 -0.000695815 0.000668577 -0.000737545 0.00234506 0.0151698 -0.00201136 -0.00827292 -0.0039156 -0.00131943 -0.0177645 0.00969051 -0.00102016 0.00065429 -0.00763561 0.00170996 -0.00391796 -0.0113203 -0.0245855 -0.00517893 -0.0137377
internal_weight=7829.85 7774.38 3103.81 2231.48 147.806 72.0621 2083.68 138.632 51.3211 87.3108 39.0104 4670.57 1945.05 567.963 75.744 1377.08 139.923 107.526 1237.16 22.1118 46.4535 1215.05 770.074 86.987 683.087 444.976 79.0688 25.0222 54.0466 35.8933
internal_count=36442 36082 14490 10355 676 325 9679 648 235 413 188 21592 9031 2600 351 6431 651 493 5780 108 213 5672 3379 421 2958 2293 387 124 263 168
cat_boundaries=0 1 2 3 4 5
cat_threshold=433184 11559120 4202703 1227826 2621961
is_linear=0
shrinkage=0.03


Tree=177
num_leaves=31
num_cat=5
split_feature=29 0 24 31 0 9 19 16 5 9 10 24 4 27 16 29 9 0 21 20 0 29 12 9 31 12 20 8 18 9
split_gain=7.04825 6.54283 6.30327 10.6072 9.89325 14.073 10.218 8.02007 7.99666 8.30694 8.08813 7.62507 11.5486 11.5008 10.3401 11.3868 9.69677 14.2459 10.6188 9.99847 9.6052 8.83967 8.1137 9.07268 11.7971 9.69179 10.2688 9.57391 9.02132 8.69058
threshold=0.090000000000000316 0 45.840000000000011 0.53138888888888902 1 4.0850000000000009 4.6690000000000014 4.3166666666666673 1.0000000180025095e-35 4.5650000000000004 37.540000000000006 41.165000000000006 2 7.0750000000000011 3.9500000000000006 0.020000000000000021 6.535000000000001 3 43.495000000000005 -0.24500000000000008 4 -0.1400000000000001 6.8950000000000005 5.2250000000000005 0.22000000000000006 6.8650000000000011 -0.57999999999999952 51.340000000000011 6.0750000000000011 4.9350000000000014
decision_type=2 1 2 10 1 2 2 10 2 2 2 2 1 2 8 2 2 1 2 2 1 2 2 2 8 2 2 2 2 2
left_child=1 -1 11 4 5 7 -6 -4 10 -10 -7 21 16 14 -14 -16 20 18 -18 -20 -13 -3 23 24 28 26 29 -25 -22 -26
right_child=-2 2 3 -5 6 8 -8 -9 9 -11 -12 12 13 -15 15 -17 17 -19 19 -21 22 -23 -24 27 25 -27 -28 -29 -30 -31
leaf_value=-0.0009732543226375535 -0.0087042226429027373 0.011413504329421625 -0.01116801934777242 -0.013314590392884318 -0.01222395886477768 0.0021209247551784104 -0.0014810538721333254 0.0074340662044139853 0.014612621846158943 0.0018026608448723927 0.031072905411788889 0.011599330683910933 -0.0025398101060936013 -0.034534495510123352 0.01265197407777093 -0.024111428706137569 -0.01646612859623944 -0.0064488307123334926 0.0070923803755604913 0.038649755512609102 0.041190230846933677 -1.3255815322569801e-05 0.014747258902465754 -0.0070421954037060142 0.0056721912983669267 -0.025990920177668873 -0.01566986285934846 0.019897897038498237 0.002390946569333142 0.031668194665114384
leaf_weight=3459.716012775898 84.702724382281303 62.969922751188278 97.721947945654392 60.295708127319813 100.98438345640898 15.984870076179503 377.75719004124403 26.519992135465145 50.422961823642254 472.45118325203657 19.014536663889885 267.12538351863623 306.80532039701939 8.8440008312463743 79.354713559150696 8.38353583216667 8.0599920973181707 113.07663398236036 19.666428878903389 16.716570287942886 14.270854443311693 1880.9853716045618 49.82599962502718 113.75966915488243 74.192992433905602 9.5415708869695646 17.118155665695667 13.255666613578795 8.670188903808592 13.713048070669172
leaf_count=16143 417 289 453 284 472 74 1765 140 234 2155 87 1207 1422 41 374 38 45 567 86 84 65 8738 225 505 347 45 81 69 40 59
internal_value=-9.71018e-05 -3.23961e-06 0.00077632 -0.00104631 -0.000409091 0.00190577 -0.00367046 -0.00719732 0.00396724 0.00303798 0.01785 0.00149999 0.00344516 -0.000684093 5.73511e-05 0.00913917 0.00563221 -0.000894137 0.0119916 0.0215918 0.00749704 0.000356888 0.00352972 0.0015502 0.00688999 0.00295787 0.0055879 -0.00423065 0.0265267 0.00972748
internal_weight=7851.91 7767.2 4307.49 1221.15 1160.86 682.115 478.742 124.242 557.874 522.874 34.9994 3086.34 1142.38 403.388 394.544 87.7382 738.993 157.52 44.443 36.383 581.474 1943.96 314.348 264.522 137.507 114.566 105.024 127.015 22.941 87.906
internal_count=36551 36134 19991 5664 5380 3143 2237 593 2550 2389 161 14327 5300 1875 1834 412 3425 782 215 170 2643 9027 1436 1211 637 532 487 574 105 406
cat_boundaries=0 1 2 3 4 5
cat_threshold=14067205 544946 285 4258 592200
is_linear=0
shrinkage=0.03


Tree=178
num_leaves=31
num_cat=2
split_feature=13 11 0 11 6 25 7 12 27 31 0 25 18 8 12 22 31 21 24 21 25 22 10 13 16 15 7 10 13 31
split_gain=7.32527 7.85537 6.78233 11.1268 7.62159 8.0908 9.90365 7.24525 8.87936 12.3727 8.32974 11.9487 8.57837 7.29828 7.13269 6.66343 6.63731 10.1767 8.85203 6.60351 6.59926 13.4359 8.05932 8.1187 7.64325 11.6697 9.75233 7.75548 7.47046 9.89094
threshold=58.500000000000007 24.015000000000004 0 15.850000000000001 1.5000000000000002 45.880000000000003 5.6750000000000007 6.7950000000000008 6.9750000000000005 0.14083333333333337 1 33.159000000000013 7.5050000000000008 16.890000000000004 6.705000000000001 51.059000000000005 0.30230158730158735 54.955000000000005 41.765000000000008 47.175000000000004 33.827000000000012 33.097000000000008 16.23 43.500000000000007 2.4722222222222228 0.76388888888888895 7.2950000000000008 67.905000000000015 44.500000000000007 0.4335317460317461
decision_type=2 2 1 2 2 2 2 2 2 8 1 2 2 2 2 2 8 2 2 2 2 2 2 2 8 10 2 2 2 8
left_child=2 -2 3 -1 -4 7 -7 10 -9 -10 16 12 19 -11 -5 -13 17 -6 -19 -12 21 22 23 -16 25 -22 27 -26 -23 -30
right_child=1 -3 4 14 5 6 -8 8 9 13 11 15 -14 -15 20 -17 -18 18 -20 -21 24 28 -24 -25 26 -27 -28 -29 29 -31
leaf_value=-0.0080564722708199189 0.023641608533014443 0.0038461267546229761 -0.00094685907303352094 0.0040798542150382233 -0.0034393509238003915 -0.0013174147613589278 0.036828378072815804 0.0047356298576256596 -0.02222795179512585 0.01451846648146724 0.0013354509456850179 0.0069013234834397258 0.023262921077356252 3.3779235674436654e-05 -0.0035593279139797766 -0.017135788914824167 0.00026834743382619187 -0.0049938318300226407 -0.036810570815593108 -0.0082119909503488471 -0.011614368905546114 -0.0016531767850504566 -0.0071341012651611599 0.013054273272698083 0.0014734886334742876 0.0071678165946218201 -0.016123149184821162 0.0261594825032446 0.010634413558740865 -0.0056734955421835452
leaf_weight=200.87646059691906 20.790059320628643 136.47604145109653 1810.5435843914747 250.88838548958302 356.70193722844124 11.698636874556543 12.858293786644934 902.00690315663815 21.665366262197495 33.206364259123802 135.72807978838682 349.6263358220458 11.464640267193316 547.41402622312307 93.147718399763107 10.69705682992935 536.00249256938696 15.422349303960802 16.070975907146931 125.47204078733921 101.71145082265139 342.78867594897747 554.04697404801846 36.983849942684174 986.50965501368046 42.093470893800259 28.220631442964077 11.588359318673609 120.15868615359068 46.396709054708481
leaf_count=935 103 644 8536 1180 1643 53 57 4101 98 194 624 1594 51 2428 430 45 2492 70 74 563 536 1643 2632 171 4512 233 152 55 550 218
internal_value=5.34107e-05 0.00646302 -7.72968e-05 -0.00124799 0.000597153 0.00150494 0.0186562 0.00136737 0.00285223 3.15797e-05 -6.70574e-05 0.00256174 -0.00213602 0.000862176 -0.000729665 0.00618772 -0.00187496 -0.00488265 -0.0212298 -0.00325083 -0.00124017 -0.00280973 -0.00555611 0.00116232 0.000360778 -0.00611659 0.00126837 0.0017601 0.000879357 0.00609158
internal_weight=7869.26 157.266 7711.99 2815.41 4896.58 3086.04 24.5569 3061.48 1504.29 602.286 1557.19 632.988 272.665 580.62 2614.53 360.323 924.198 388.195 31.4933 261.2 2363.65 1193.52 684.179 130.132 1170.12 143.805 1026.32 998.098 509.344 166.555
internal_count=36617 747 35870 13247 22623 14087 110 13977 6821 2720 7156 2877 1238 2622 12312 1639 4279 1787 144 1187 11132 5644 3233 601 5488 769 4719 4567 2411 768
cat_boundaries=0 1 2
cat_threshold=10998272 5244181
is_linear=0
shrinkage=0.03


Tree=179
num_leaves=31
num_cat=6
split_feature=29 26 16 26 0 5 20 29 15 23 4 27 23 31 9 0 4 20 29 20 24 0 8 0 31 9 24 26 27 29
split_gain=6.55413 6.79102 5.25302 5.14225 9.28933 7.81182 7.58759 7.00625 6.6298 6.60568 5.94194 8.93894 13.5053 5.59291 5.24638 10.4548 7.54748 9.23491 8.41655 8.10687 7.54855 7.33852 10.8198 6.38403 7.65489 12.4814 11.616 7.10326 8.758 16.3611
threshold=0.1000000000000001 -13.349999999999998 3.5277777777777781 8.2550000000000043 0 1.5000000000000002 -0.32999999999999957 -0.090000000000000288 0.5277777777777779 -36.169999999999995 1 7.0250000000000012 -12.349999999999994 0.23666666666666672 7.4150000000000009 2 3 -0.14499999999999999 -0.064999999999999933 -0.80000000000000038 51.870000000000012 4 45.175000000000004 5 0.50472222222222241 7.0550000000000006 43.645000000000003 -4.160000000000001 6.8950000000000005 -0.14999999999999988
decision_type=2 2 10 2 1 2 2 2 10 2 1 2 2 10 2 1 1 2 2 2 2 1 2 1 10 2 2 2 2 2
left_child=3 -2 -3 14 5 6 -5 -7 13 -6 11 -11 -13 -9 23 -16 18 20 -17 -20 21 22 -18 24 27 -26 -27 -1 29 -29
right_child=1 2 -4 4 9 7 -8 8 -10 10 -12 12 -14 -15 15 16 17 -19 19 -21 -22 -23 -24 -25 25 26 -28 28 -30 -31
leaf_value=-0.00015990520154970331 0.0075946433509562613 -0.0089584370059369901 -0.030819699053313096 0.03339481116179626 -0.033452997437589178 0.023607751002316928 -0.0034497648986690351 -0.027790462475690815 0.013437794125891335 -0.016170703538305405 -1.6653620813012039e-05 -0.018857497888356917 0.028024349926728136 -0.0038892712672006341 -0.010589735066784666 0.016792846934704207 -0.0096991738517936948 -0.01096968073830578 -0.022892974618007739 0.0037846720425377765 0.024875016192959676 -0.0082007065931465079 0.030908907576608812 0.0010275027129835609 0.0021527191135573506 0.050495554907265039 0.0072299221564949799 -0.034279799294239244 -0.0071774401696922318 -5.5745723897196637e-05
leaf_weight=1936.7367749661207 15.335071146488188 33.846666142344475 13.977629743516443 13.589256390929224 8.6436779350042325 9.590481370687483 7.9868757724761954 10.868428215384482 15.973253868520258 86.497136242687702 84.727614499628544 10.779481649398805 11.356116712093351 46.553506806492805 111.73063392937183 40.540848582983017 10.109989508986478 90.598244160413742 11.740295141935347 80.860216423869133 12.178483515977858 38.672721579670906 14.198631212115286 4154.1733680292964 128.37744557857513 9.9885495156049746 12.667709976434706 12.90439900010824 340.05916429311037 487.57215408235788
leaf_count=8916 74 173 64 59 41 43 44 49 85 405 400 46 55 211 599 185 44 506 54 458 53 180 62 19184 598 48 61 59 1597 2263
internal_value=-0.000152241 -0.00977741 -0.0153478 -7.42991e-05 -0.00388258 0.00335378 0.019756 -0.000506628 -0.00365763 -0.00742665 -0.0066473 -0.0108212 0.00519406 -0.00841312 8.15091e-05 -0.00321525 -0.00010095 -0.0042629 0.00501641 0.000402364 0.00325433 -0.000926387 0.00993353 0.00027265 -0.000798986 0.00577569 0.0263046 -0.00115941 -0.00346243 -0.000938186
internal_weight=7862.83 63.1594 47.8243 7799.68 306.566 104.562 21.5761 82.9857 73.3952 202.004 193.36 108.633 22.1356 57.4219 7493.11 410.63 298.899 165.758 133.141 92.6005 75.1598 62.9813 24.3086 7082.48 2928.31 151.034 22.6563 2777.27 840.536 500.477
internal_count=36616 311 237 36305 1438 491 103 388 345 947 906 506 101 260 34867 2141 1542 845 697 512 339 286 106 32726 13542 707 109 12835 3919 2322
cat_boundaries=0 1 2 3 4 5 6
cat_threshold=1332770 299 7346752 51 8921129 1037856
is_linear=0
shrinkage=0.03


Tree=180
num_leaves=31
num_cat=3
split_feature=18 10 11 0 0 30 8 28 12 3 19 25 25 32 19 20 20 11 11 19 12 28 24 25 9 9 22 19 24 20
split_gain=5.81586 8.95347 5.70399 13.6092 11.982 11.8537 10.7878 8.43416 7.70499 7.66261 8.65568 9.87307 8.3906 8.19479 7.43764 8.08782 6.91602 6.75448 7.08039 7.048 6.68854 7.42425 12.4521 11.0101 7.23311 12.2647 8.22772 8.08173 12.0217 9.91804
threshold=4.2950000000000008 26.940000000000005 37.755000000000003 0 1 0.70714285714285718 54.185000000000009 7.0810000000000004 6.705000000000001 2 4.9230000000000018 38.699000000000005 20.526000000000007 0.25634920634920644 6.1870000000000012 -0.1350000000000002 -0.93999999999999984 40.685000000000009 38.365000000000002 3.7920000000000003 6.9050000000000011 6.9570000000000016 46.685000000000009 34.411000000000008 3.7250000000000005 4.7950000000000008 23.821000000000005 5.2650000000000015 35.730000000000011 -1.2150000000000001
decision_type=2 2 2 1 1 10 2 2 2 9 2 2 2 10 2 2 2 2 2 2 2 2 2 2 2 2 2 2 2 2
left_child=1 -1 4 5 7 9 8 20 16 -4 17 12 -12 -14 15 -13 -7 18 -11 -19 -2 22 24 -24 -22 -26 -27 29 -29 -28
right_child=2 -3 3 -5 -6 6 -8 -9 -10 10 11 14 13 -15 -16 -17 -18 19 -20 -21 21 -23 23 -25 25 26 27 28 -30 -31
leaf_value=0.0049103829895894308 -0.0017281072017199003 -0.033910512627519249 0.0044537720533762357 -0.0035597183900561067 0.0016926803189033944 0.01352360789719349 -0.016996334211794497 -0.019146516323048673 0.0085268687692051752 -0.0049662970938512217 0.021947181420508388 0.010039904971354666 -0.0075824678890880027 0.022380995611960854 0.025075149482498983 -0.021688121414968117 0.046069601087824222 -0.02163444721223394 0.014133998515420227 0.00090149762837313382 0.02236287753845443 -0.0015852956903123399 -0.025222818044215951 0.0021970972826589933 -0.0087720587856803291 0.02774055494347899 0.016900280592363915 0.044399967644371471 0.0094617349574892314 -0.0078222413261724074
leaf_weight=10.050441890954973 2031.5479261428118 11.425207935273646 234.81475497037172 1191.2542370930314 2992.5071777775884 13.609880328178408 12.433837108314036 23.064708590507507 94.553137294948101 23.569110661745071 9.3333380073308927 23.249379336833954 345.48785240203142 8.4148734956979734 15.870169162750242 10.494844377040861 10.341339938342569 13.774608582258223 67.46623270958662 133.90843161940575 29.267808184027672 273.96108388155699 19.83128733932972 39.293639123439789 38.750442892313004 20.561151936650276 21.272761836647987 10.244504749774931 65.750274308025837 46.58923427760601
leaf_count=46 9589 64 1100 5574 13772 62 64 108 430 113 44 104 1599 45 72 56 48 67 317 629 148 1285 93 178 180 96 93 44 295 210
internal_value=-0.000152139 -0.0157426 -0.00010933 -0.00140085 0.000398883 0.0011508 0.00958764 -0.00108112 0.0123769 -8.25198e-05 -0.00175869 -0.00441497 -0.00612956 -0.00687002 0.00813786 0.000172121 0.0275759 0.00276153 0.00918892 -0.00120046 -0.000924846 0.00196074 0.00529272 -0.00699991 0.0084196 0.00641098 0.00998935 0.00745221 0.0141716 -7.24498e-05
internal_weight=7842.69 21.4756 7821.22 2208.58 5612.64 1017.32 130.938 2620.13 118.504 886.384 651.569 412.85 363.236 353.903 49.6144 33.7442 23.9512 238.718 91.0353 147.683 2597.07 565.522 291.561 59.1249 232.436 203.168 164.418 143.857 75.9948 67.862
internal_count=36525 110 36415 10324 26091 4750 604 12319 540 4146 3046 1920 1688 1644 232 160 110 1126 430 696 12211 2622 1337 271 1066 918 738 642 339 303
cat_boundaries=0 1 2 3
cat_threshold=11865386 11996064 10
is_linear=0
shrinkage=0.03


Tree=181
num_leaves=31
num_cat=1
split_feature=22 12 26 1 4 11 29 9 5 25 24 13 11 28 20 18 26 22 18 11 14 11 23 5 27 26 18 26 22 19
split_gain=5.15162 10.5561 7.62652 7.3518 9.47921 12.7402 12.0045 11.147 10.0537 9.87298 9.24134 7.61071 8.14922 7.60599 7.28211 11.4838 7.6744 7.27106 11.1723 10.8807 8.27309 8.88601 7.95411 7.18177 6.87912 11.9556 10.8341 7.61399 8.03571 7.75105
threshold=34.82500000000001 7.1550000000000011 8.2550000000000043 10.500000000000002 0 30.535000000000004 -0.010000000000000229 6.995000000000001 4.5000000000000009 29.963000000000005 71.825000000000017 43.500000000000007 23.665000000000003 7.0310000000000015 -1.885 7.035000000000001 18.350000000000005 41.915000000000006 6.1850000000000014 33.625000000000007 0.2678571428571429 32.010000000000012 -2.5199999999999974 1.5000000000000002 6.8950000000000005 -22.614999999999995 6.2150000000000007 0.51500000000000068 35.931000000000004 5.9010000000000016
decision_type=2 2 2 2 1 2 2 2 2 2 2 2 2 2 2 2 2 2 2 2 10 2 2 2 2 2 2 2 2 2
left_child=2 3 23 4 5 7 13 -2 -7 -10 11 17 -13 -6 -4 16 -16 18 -5 20 -19 22 -22 -1 25 -14 -27 28 -26 -30
right_child=1 -3 14 10 6 8 -8 -9 9 -11 -12 12 24 -15 15 -17 -18 19 -20 -21 21 -23 -24 -25 27 26 -28 -29 29 -31
leaf_value=-0.0023533982033896901 0.012662415956423999 -0.027637220849912311 -0.017209341746051734 0.011343009443409156 0.0022232634937990182 0.00059016940424812909 -0.0038861868459916455 -0.0066764279712723642 -0.01506643219577309 0.018101058015671211 0.028610272688896817 -0.010999808850472378 0.034100138942800458 0.021948661158789368 -0.0083353664086984764 0.027110237746196177 0.01068106927731597 -0.0034306389421173804 -0.0078432831205950716 -0.0054938782019603874 0.014390296133729677 0.033078630945907878 -0.0075265517866368653 0.00042125980417109403 -0.013435559352092232 0.028853671300482456 -0.0035260798081279097 -0.0080997197103652128 0.027192971724409078 0.009011648833094632
leaf_weight=1086.3973537757993 227.35356296598911 11.421809531748293 42.540318250656128 29.983265407383442 769.78984212130308 444.98744703829288 368.45356637239456 30.41338799893856 9.461452439427374 55.21234842389822 9.4464334249496442 35.870453864336014 8.9334221407771093 18.004773288965225 123.31403283774853 10.488271296024321 22.600294001400471 47.65339432656765 306.95684537291527 135.74084331095219 48.743677072227001 15.069270648062227 21.466382674872875 3695.2448227480054 9.4005517214536649 9.9050820842385274 152.27184028178453 18.254831418395042 33.392304763197899 57.343490839004517
leaf_count=5140 1065 53 184 158 3513 2022 1699 140 44 250 44 165 41 83 593 46 110 227 1514 678 233 75 120 17041 45 51 717 89 156 262
internal_value=0.000135124 0.00114617 -0.0004486 0.00126095 0.00232368 0.00488182 0.000578562 0.0103807 0.0021965 0.0132488 -0.000912875 -0.00121244 0.00248815 0.00267408 -0.00620391 -0.00321051 -0.00538996 -0.00320061 -0.00613595 0.00048056 0.0065812 0.0121757 0.00768933 -0.000209147 0.00415936 0.0003127 -0.00154846 0.00971892 0.0129673 0.0157027
internal_weight=7856.12 2875.53 4980.59 2864.11 1923.68 767.428 1156.25 257.767 509.661 64.6738 940.432 930.986 325.372 787.795 198.943 156.403 145.914 605.614 336.94 268.674 132.933 85.2793 70.2101 4781.64 289.502 171.11 162.177 118.391 100.136 90.7358
internal_count=36558 13444 23114 13391 8816 3521 5295 1205 2316 294 4575 4531 1526 3596 933 749 703 3005 1672 1333 655 428 353 22181 1361 809 768 552 463 418
cat_boundaries=0 1
cat_threshold=202
is_linear=0
shrinkage=0.03


Tree=182
num_leaves=31
num_cat=0
split_feature=10 18 25 19 19 19 5 7 30 7 20 5 28 31 7 7 25 10 19 13 28 20 31 26 9 21 1 27 28 22
split_gain=5.44135 9.95298 6.89685 7.83107 8.23162 7.35522 8.33942 10.9034 11.7024 6.71206 7.33871 6.69098 10.6175 7.32185 6.52327 6.50251 5.9665 10.3183 7.66641 7.03519 8.55456 6.94639 8.31621 6.65203 8.83848 6.86343 7.50176 7.29674 6.74809 9.12831
threshold=21.755000000000003 4.2950000000000008 31.125000000000004 5.6690000000000014 4.0330000000000021 5.6170000000000018 6.5000000000000009 6.5250000000000012 0.61250000000000016 5.8250000000000011 0.62500000000000011 8.5000000000000018 7.0949999999999998 0.25345238095238104 4.455000000000001 6.785000000000001 27.763000000000002 31.835000000000004 5.503000000000001 50.500000000000007 6.8630000000000004 -2.4249999999999989 0.33123015873015882 -7.6099999999999968 4.9150000000000009 51.780000000000008 7.5000000000000009 6.8850000000000007 6.7940000000000014 23.669000000000008
decision_type=2 2 2 2 2 2 2 2 10 2 2 2 2 10 2 2 2 2 2 2 2 2 10 2 2 2 2 2 2 2
left_child=9 -2 3 4 14 6 15 8 -8 10 -1 12 -4 -14 -3 16 23 18 21 -19 -21 22 -18 28 -25 -26 -27 -28 29 -6
right_child=1 2 11 -5 5 -7 7 -9 -10 -11 -12 -13 13 -15 -16 -17 17 19 -20 20 -22 -23 -24 24 25 26 27 -29 -30 -31
leaf_value=0.0019724389012075625 -0.026171571821067611 -0.011696003660906845 0.00015647089593007264 0.00219092524230572 -0.027650865430318129 -0.017627731043962369 0.011622028064622701 0.039988534368563027 -0.023504770191124413 -0.0030391894810621808 0.029632401976053158 0.014249743751315345 0.0085881635188096873 -0.019741287240947116 0.0081746842494306079 -0.012164027172058684 -0.051673990951765128 -0.0047497069521433054 0.013746381162992271 0.013784795856230037 -0.0070566636331784458 -0.010999830752336221 -0.0097316694483787561 0.012033252683597742 -0.0036442993213945431 1.5802376105085415e-05 0.0035752736992174677 0.039990553907713666 -0.010128514042279697 0.0056850888144547914
leaf_weight=1458.6139820069075 13.629439570009707 17.892463907599449 4412.96550642699 297.90033800899982 8.3835939317941648 34.172961220145226 32.135067269206047 8.1994761079549772 11.622989833354948 266.50279305875301 8.6843441128730756 29.860597461462021 10.387396231293677 39.185244776308537 87.992766156792641 82.418754383921623 8.7281500324606913 304.39433636516333 10.176545821130274 44.880701139569283 29.294137969613075 148.53506422042847 8.3011236786842328 60.833261579275131 178.6228342205286 34.12170597910881 9.1976332962512988 10.729157164692877 109.68741215765476 62.55189885944128
leaf_count=6888 76 76 20428 1413 39 159 141 40 52 1262 43 131 47 176 457 483 44 1422 47 196 128 642 41 269 835 147 41 46 492 280
internal_value=-0.00014258 -0.000563687 -0.000506407 -0.00219723 -0.00320058 -0.00390981 -0.00350667 0.00824065 0.00229167 0.00134065 0.00213615 9.60841e-05 1.37638e-06 -0.0138052 0.00481694 -0.00405612 -0.00340635 -0.00551966 -0.011527 -0.00273089 0.0055538 -0.0130805 -0.0312287 -0.000935647 0.00185195 -0.000810013 0.00855691 0.0231823 -0.00546537 0.00174524
internal_weight=7840.6 6106.8 6093.17 1600.77 1302.87 1196.99 1162.81 51.9575 43.7581 1733.8 1467.3 4492.4 4462.54 49.5726 105.885 1110.86 1028.44 554.31 175.741 378.569 74.1748 165.564 17.0293 474.127 293.505 232.671 54.0485 19.9268 180.623 70.9355
internal_count=36541 28348 28272 7490 6077 5544 5385 233 193 8193 6931 20782 20651 223 533 5152 4669 2520 774 1746 324 727 85 2149 1338 1069 234 87 811 319
is_linear=0
shrinkage=0.03


Tree=183
num_leaves=31
num_cat=7
split_feature=1 24 0 24 0 30 26 7 27 4 29 18 26 8 10 0 0 21 20 11 26 19 24 0 4 10 23 18 11 11
split_gain=7.24643 11.8038 6.93536 8.89289 10.4975 9.1156 8.80464 8.15459 8.08889 13.6809 12.6247 10.9558 10.6313 12.2684 10.3701 9.24348 9.08624 7.66767 10.9561 7.53376 7.33178 7.66019 8.10269 7.30685 7.2366 8.55336 6.46374 6.45557 8.44783 8.13107
threshold=10.500000000000002 70.295000000000016 0 45.840000000000011 1 0.68333333333333346 -4.0599999999999961 4.455000000000001 6.9250000000000007 2 -0.05000000000000026 5.995000000000001 -10.489999999999998 43.725000000000009 40.055000000000007 3 4 45.125000000000007 -0.32999999999999957 34.435000000000009 -0.30000000000000066 5.3390000000000013 41.340000000000011 5 6 40.390000000000008 -2.8150000000000008 6.8450000000000006 37.355000000000011 40.040000000000006
decision_type=2 2 1 2 1 10 2 2 2 1 2 2 2 2 2 1 1 2 2 2 2 2 2 1 1 2 2 2 2 2
left_child=-1 2 6 7 -5 -6 17 -4 9 16 12 -12 -10 -14 -15 19 27 18 -2 -13 -8 -22 -23 -7 25 -19 -16 28 -9 -29
right_child=1 -3 3 4 5 23 20 8 10 -11 11 15 13 14 26 -17 -18 24 -20 -21 21 22 -24 -25 -26 -27 -28 29 -30 -31
leaf_value=0.00031144139657207301 -0.010105291649559754 0.023272867262232013 -0.030651076582453172 -6.4755712781998069e-05 -0.01801445665413573 0.0037431084008800299 -0.021099991807281997 0.0084246778946915641 0.028795406398988328 -0.0076976447933676572 -0.036450101625815676 0.0022747795814033228 -0.013146095945348876 0.04104660561721378 0.024365822048576569 -0.0052373208173277412 -0.0035384731618559539 -0.021480837325577293 0.028968764037751057 0.032981826023109923 -0.025757881871195144 0.016302321227826686 -0.015715694817964899 -0.012735040184072422 0.0094878514701977473 0.0029411655763602841 -0.0067481656306794587 0.008094190722321537 0.033599288773982161 -0.02117817918459685
leaf_weight=6597.6314747780561 8.6668375432491285 16.165352895855904 8.6538218930363637 114.11033987253904 111.01511938869953 45.06757190823555 21.483474180102348 40.956895604729652 25.674360312521458 274.78511752933264 7.9838241264224044 15.620522901415827 20.288554608821869 10.54213026165962 9.9592234194278717 82.090566888451576 111.28346080332994 19.669690057635307 25.34488932788372 13.324805989861487 8.1032125949859601 23.743949539959431 10.156215310096739 37.936178594827652 55.858255311846733 37.538557611405849 15.150887593626976 33.621989481151104 16.96631246060133 11.448306694626806
leaf_count=30458 37 77 38 545 553 219 106 198 113 1373 45 77 85 46 43 424 568 91 130 64 43 119 53 179 264 185 71 158 84 54
internal_value=-8.311e-05 -0.00219395 -0.00253221 -0.00354815 -0.00782873 -0.0117843 0.00237941 -0.00171027 -0.00134714 -0.00342807 0.00372528 -0.00250639 0.012813 0.00547771 0.0160759 -6.5728e-05 0.0022991 0.00652284 0.0190119 0.0121968 -0.00684477 0.000446343 0.00670998 -0.00487141 0.00276597 -0.00464399 0.00559233 0.00836148 0.0157986 0.000658716
internal_weight=7830.84 1233.21 1217.05 1006.48 308.129 194.019 210.565 698.351 689.697 489.062 200.635 119.02 81.6152 55.9408 35.6522 111.036 214.277 147.078 34.0117 28.9453 63.4869 42.0034 33.9002 83.0038 113.067 57.2082 25.1101 102.994 57.9232 45.0703
internal_count=36500 6042 5965 4937 1496 951 1028 3441 3403 2435 968 610 358 245 160 565 1062 707 167 141 321 215 172 398 540 276 114 494 282 212
cat_boundaries=0 1 2 3 4 5 6 7
cat_threshold=8937472 33111 106 1116168 4261737 3544096 218
is_linear=0
shrinkage=0.03


Tree=184
num_leaves=31
num_cat=6
split_feature=13 5 0 30 14 0 9 0 5 16 0 20 9 0 28 28 20 13 23 9 8 28 32 19 16 0 28 16 19 27
split_gain=7.60213 5.60414 10.3743 10.6628 11.2802 9.20571 9.58509 9.80309 9.04727 9.9533 9.08324 11.0127 9.13195 8.42834 9.00005 8.32656 8.30354 12.421 8.27187 11.9004 10.336 9.38537 9.30862 8.94334 8.05636 8.01165 11.3143 10.2262 7.99937 7.96203
threshold=64.500000000000014 4.5000000000000009 0 0.31666666666666671 0.58571428571428574 1 7.1750000000000007 2 2.5000000000000004 4.9500000000000011 3 -1.0199999999999998 6.7750000000000012 4 6.9650000000000007 6.9010000000000007 -1.2600000000000002 49.500000000000007 6.3150000000000022 4.7150000000000007 55.135000000000012 7.0150000000000015 -0.03095238095238095 4.8970000000000011 3.5277777777777781 5 6.9590000000000005 3.3166666666666669 6.8790000000000013 7.0750000000000011
decision_type=2 2 1 10 8 1 2 1 2 10 1 2 2 1 2 2 2 2 2 2 2 2 8 2 10 1 2 8 2 2
left_child=1 5 18 -4 -5 -1 8 -8 10 13 -7 15 -13 14 28 16 -12 -18 19 -3 22 23 -20 -21 25 27 -27 -15 -10 -25
right_child=-2 2 3 4 -6 6 7 -9 9 -11 11 12 -14 24 -16 -17 17 -19 20 21 -22 -23 -24 29 -26 26 -28 -29 -30 -31
leaf_value=-0.002483861913542388 0.020341171935321548 0.0088119377890127706 -0.016244213422044348 -0.0011113414753934256 0.025546296133007022 0.00090612594456753045 0.00017062681745725993 -0.0092128372739008202 0.0037583729003765947 0.020627381102214098 -0.0049315499476230585 0.0013582135693622436 -0.0096386074403453335 -0.0041227147338941585 -0.012943735994684286 0.013617813472363077 -0.021080003837257073 0.0080050332577806995 0.0070119007390435596 -0.0046138369717189376 -0.0031091279564752971 -0.0096185126187659283 0.030923906257200973 0.0039375283406572351 0.0031597194744496888 -0.0016127302432060633 0.01908491094843846 -0.020472763101178387 0.021412351096467386 0.030749639799903625
leaf_weight=1629.2237724885345 16.291223034262657 206.73620524257421 41.05117392539978 518.9743357822299 14.690560907125471 1539.8716920241714 217.70751370489597 182.32365634292364 958.21008642762899 25.895032249391079 397.33121772110462 549.45293646305799 77.555936969816685 152.46839291602373 28.410383760929108 18.791870445013046 66.97920298576355 16.462793424725533 27.720532700419426 128.4986252784729 25.853491596877575 73.927283674478531 31.079155124723911 280.01330182701349 313.54985087364912 220.3554330766201 26.64418950676918 44.470128454267979 23.670691043138504 10.335847228765486
leaf_count=7735 78 977 189 2365 70 7115 1110 970 4365 145 1836 2601 413 717 126 84 284 70 130 557 133 325 156 1227 1448 966 116 197 104 45
internal_value=-0.000130893 -0.000173389 0.00157847 -0.00148502 -0.000377518 -0.00054023 0.000116188 -0.00433215 0.000515422 0.00216283 -0.000592763 -0.00262627 -2.00443e-06 0.00189236 0.00366603 -0.00597258 -0.0067383 -0.0153416 0.00379426 0.00277077 0.0126998 0.000236298 0.0196508 0.00197569 -0.000514865 -0.00312179 0.00059583 -0.00743704 0.00418397 0.00489199
internal_weight=7864.55 7848.26 1358.88 574.716 533.665 6489.37 4860.15 400.031 4460.12 1793.67 2666.45 1126.57 627.009 1767.78 1010.29 499.565 480.773 83.442 784.164 699.511 84.6532 492.775 58.7997 418.848 757.488 443.938 247 196.939 981.881 290.349
internal_count=36654 36576 6174 2624 2435 30402 22667 2080 20587 8184 12403 5288 3014 8039 4595 2274 2190 354 3550 3131 419 2154 286 1829 3444 1996 1082 914 4469 1272
cat_boundaries=0 1 2 3 4 5 6
cat_threshold=14582950 4362404 811795 10512921 1904448 10502144
is_linear=0
shrinkage=0.03


Tree=185
num_leaves=31
num_cat=3
split_feature=17 10 0 7 23 12 12 25 18 12 29 20 21 21 6 28 29 28 5 0 5 28 21 7 20 25 26 31 11 31
split_gain=5.90836 9.90297 8.36109 8.595 9.94178 7.01287 10.8258 6.19317 5.00616 4.58679 7.89991 5.9046 5.80991 5.98383 5.65651 5.29574 5.0931 8.97419 5.0198 11.5427 9.55671 11.1124 10.5558 7.23169 7.28709 12.4743 10.1383 8.87355 8.03815 7.5686
threshold=0 38.115000000000009 1 4.2250000000000005 -31.884999999999994 6.8450000000000006 6.7550000000000008 37.263000000000012 5.5250000000000012 7.035000000000001 -0.18000000000000013 -1.4899999999999998 53.140000000000008 51.865000000000009 4.5000000000000009 6.8110000000000008 -0.05000000000000026 7.0330000000000004 3.5000000000000004 2 6.5000000000000009 6.8310000000000004 41.585000000000008 7.5850000000000009 0.13000000000000037 27.609000000000005 -4.160000000000001 0.24650793650793654 45.475000000000009 0.35984126984126991
decision_type=1 2 1 2 2 2 2 2 2 2 2 2 2 2 2 2 2 2 2 1 2 2 2 2 2 2 2 10 2 8
left_child=1 2 3 4 -1 6 -3 8 -4 10 11 15 13 -11 16 -2 17 -14 -12 20 23 22 -22 24 25 27 29 -20 -26 -27
right_child=9 5 7 -5 -6 -7 -8 -9 -10 12 18 -13 14 -15 -16 -17 -18 -19 19 -21 21 -23 -24 -25 28 26 -28 -29 -30 -31
leaf_value=0.0070689596940294525 0.032160934480166901 -0.022634710015390559 -0.0029207862333583724 0.016637503368415719 -0.027154301996024383 -0.027823667158364252 0.023231009027328834 0.036464591013631455 0.016571421806453168 -0.0030208621256348593 -0.00056458391462250307 0.0039307752679551113 -0.016459972977864383 0.019881218185405489 -0.023725399007356242 0.0053831415122803017 -0.02295311769266992 0.022851261488383096 -0.01436057889369083 0.0025806077844219028 -0.010348079714241173 -0.0030770173162995044 0.024753655880540903 -0.029131283486762857 0.0016743848524816377 -0.0075813401878583424 -0.013415523846639339 0.015109398065586751 0.032869895556575088 0.0019427079021447835
leaf_weight=14.17578139156103 15.306342221796514 8.6672407239675575 14.835396483540533 14.511687606573103 16.56833223998547 11.62528622150421 9.9468948543071729 11.345839463174341 59.093836821615696 164.88051638007164 5097.1983979120851 67.098898977041245 10.060731366276746 10.949529133737085 23.939135864377022 11.748999141156672 9.0681639015674573 10.876767493784426 11.67636828124523 1542.0451739877462 9.7812298983335477 50.095865041017532 36.417996056377888 9.7214751392602903 100.60019771009684 168.89505707472563 127.83318804204464 43.281636118888855 8.0270211249589902 135.21707108616829
leaf_count=90 89 40 68 64 74 52 45 63 325 742 23954 285 45 50 112 66 41 49 52 7023 45 228 161 52 516 748 562 193 43 609
internal_value=6.06675e-05 0.00557967 0.00951042 -0.00195916 -0.0113743 -0.00954258 0.0018747 0.0141659 0.0126599 -6.2294e-05 6.66396e-05 0.00870129 -0.00423698 -0.00159467 -0.0128494 0.0205325 -0.00417235 0.00396172 -4.41099e-05 0.00113835 -0.00203954 0.00670975 0.017322 -0.00346524 -0.00304626 -0.00461371 -0.00632652 0.00884821 0.00397958 -0.00334667
internal_weight=7825.49 160.77 130.531 45.2558 30.7441 30.2394 18.6141 85.2751 73.9292 7664.72 7434.94 94.1542 229.775 175.83 53.9448 27.0553 30.0057 20.9375 7340.79 2243.59 701.547 96.2951 46.1992 605.252 595.531 486.903 431.945 54.958 108.627 304.112
internal_count=36486 821 684 228 164 137 85 456 393 35665 34626 440 1039 792 247 155 135 94 34186 10232 3209 434 206 2775 2723 2164 1919 245 559 1357
cat_boundaries=0 1 2 3
cat_threshold=8 9640528 8439577
is_linear=0
shrinkage=0.03


end of trees

feature_importances:
stadium_code=752
gap_exhibition_time=388
gap_win_rate_all=276
b1_player_age=250
gap_recent_top2_10=230
b1_win_rate_all=215
gap_motor_win_rate=201
b1_recent_rank_10=199
b1_win_rate_local=193
rest_mean_motor_win_rate=180
gap_top2_rate_all=179
b1_motor_win_rate=177
b1_top2_rate_local=176
rest_mean_recent_top2_10=167
rest_max_win_rate_all=162
rest_mean_win_rate_all=157
rest_max_top2_rate_all=151
wind_direction=148
rest_mean_top2_rate_all=148
rest_max_motor_win_rate=146
b1_top2_rate_all=140
rest_mean_exhibition_time=138
wind_speed=126
b1_exhibition_time=118
wave_height=107
race_number=88
b1_recent_top2_10=83
b1_recent_win_10=73
rest_max_recent_top2_10=71
b1_class=68
rest_max_exhibition_time=54
distance=12
weather=7

parameters:
[boosting: gbdt]
[objective: binary]
[metric: auc,binary_logloss]
[tree_learner: serial]
[device_type: cpu]
[data_sample_strategy: bagging]
[data: ]
[valid: ]
[num_iterations: 2000]
[learning_rate: 0.03]
[num_leaves: 31]
[num_threads: 10]
[seed: 42]
[deterministic: 0]
[force_col_wise: 0]
[force_row_wise: 0]
[histogram_pool_size: -1]
[max_depth: -1]
[min_data_in_leaf: 40]
[min_sum_hessian_in_leaf: 0.001]
[bagging_fraction: 0.8]
[pos_bagging_fraction: 1]
[neg_bagging_fraction: 1]
[bagging_freq: 1]
[bagging_seed: 400]
[bagging_by_query: 0]
[feature_fraction: 0.8]
[feature_fraction_bynode: 1]
[feature_fraction_seed: 30056]
[extra_trees: 0]
[extra_seed: 12879]
[early_stopping_round: 0]
[early_stopping_min_delta: 0]
[first_metric_only: 0]
[max_delta_step: 0]
[lambda_l1: 0]
[lambda_l2: 0]
[linear_lambda: 0]
[min_gain_to_split: 0]
[drop_rate: 0.1]
[max_drop: 50]
[skip_drop: 0.5]
[xgboost_dart_mode: 0]
[uniform_drop: 0]
[drop_seed: 17869]
[top_rate: 0.2]
[other_rate: 0.1]
[min_data_per_group: 100]
[max_cat_threshold: 32]
[cat_l2: 10]
[cat_smooth: 10]
[max_cat_to_onehot: 4]
[top_k: 20]
[monotone_constraints: ]
[monotone_constraints_method: basic]
[monotone_penalty: 0]
[feature_contri: ]
[forcedsplits_filename: ]
[refit_decay_rate: 0.9]
[cegb_tradeoff: 1]
[cegb_penalty_split: 0]
[cegb_penalty_feature_lazy: ]
[cegb_penalty_feature_coupled: ]
[path_smooth: 0]
[interaction_constraints: ]
[verbosity: -1]
[saved_feature_importance_type: 0]
[use_quantized_grad: 0]
[num_grad_quant_bins: 4]
[quant_train_renew_leaf: 0]
[stochastic_rounding: 1]
[linear_tree: 0]
[max_bin: 255]
[max_bin_by_feature: ]
[min_data_in_bin: 3]
[bin_construct_sample_cnt: 200000]
[data_random_seed: 175]
[is_enable_sparse: 1]
[enable_bundle: 1]
[use_missing: 1]
[zero_as_missing: 0]
[feature_pre_filter: 1]
[pre_partition: 0]
[two_round: 0]
[header: 0]
[label_column: ]
[weight_column: ]
[group_column: ]
[ignore_column: ]
[categorical_feature: 0,3,4,17]
[forcedbins_filename: ]
[precise_float_parser: 0]
[parser_config_file: ]
[objective_seed: 16083]
[num_class: 1]
[is_unbalance: 0]
[scale_pos_weight: 1]
[sigmoid: 1]
[boost_from_average: 1]
[reg_sqrt: 0]
[alpha: 0.9]
[fair_c: 1]
[poisson_max_delta_step: 0.7]
[tweedie_variance_power: 1.5]
[lambdarank_truncation_level: 30]
[lambdarank_norm: 1]
[label_gain: ]
[lambdarank_position_bias_regularization: 0]
[eval_at: ]
[multi_error_top_k: 1]
[auc_mu_weights: ]
[num_machines: 1]
[local_listen_port: 12400]
[time_out: 120]
[machine_list_filename: ]
[machines: ]
[gpu_platform_id: -1]
[gpu_device_id: -1]
[gpu_use_dp: 0]
[num_gpu: 1]

end of parameters

pandas_categorical:[["01", "02", "03", "04", "05", "06", "07", "08", "09", "10", "11", "12", "13", "14", "15", "16", "17", "18", "19", "20", "21", "22", "23", "24"], ["\u6674", "\u66c7\u308a", "\u96e8", "\u96ea", "\u9727"], ["\u5317", "\u5317\u6771", "\u5317\u897f", "\u5357", "\u5357\u6771", "\u5357\u897f", "\u6771", "\u7121\u98a8", "\u897f"], ["A1", "A2", "B1", "B2"]]
